scenario,policy,request_id,router_queue_ms_actual,scheduler_queue_ms_actual,kv_transfer_ms_actual,compute_ms_actual,other_communication_ms,e2e_ttft_ms,compute_ms_predicted,kv_transfer_ms_predicted,router_queue_ms_predicted,scheduler_queue_ms_predicted,actual_component_sum_ms,predicted_component_sum_ms,predicted_e2e_ttft_ms
input4000_rate2p5_reuse00_seed1,NEAREST_KV,13,0.0,0.002391,0.0,439.218678,0.0,439.221069,550.797109257543,2.1168539256599672e-05,0.0,0.0,439.221069,550.7971304260822,550.7971304260822
input4000_rate2p5_reuse00_seed1,NEAREST_KV,32,0.0,5.323026,0.0,446.055391,0.0,451.378417,551.6487226870371,2.1168539256599672e-05,0.0,0.0,451.378417,551.6487438555763,551.6487438555763
input4000_rate2p5_reuse00_seed1,NEAREST_KV,42,0.0,13.474013,0.0,444.847327,0.0,458.32134,550.4726850939262,2.1168539256599672e-05,0.0,0.0,458.32134,550.4727062624654,550.4727062624654
input4000_rate2p5_reuse00_seed1,NEAREST_KV,67,0.0,14.475003,0.0,445.525471,0.0,460.000474,551.0404273802556,2.1168539256599672e-05,0.0,0.0,460.000474,551.0404485487948,551.0404485487948
input4000_rate2p5_reuse00_seed1,NEAREST_KV,68,0.0,10.248011,0.0,448.946328,0.0,459.194339,543.8219897397819,2.1168539256599672e-05,0.0,2.6215738702172473,459.194339,546.4435847785384,546.4435847785384
input4000_rate2p5_reuse00_seed1,NEAREST_KV,81,0.0,1.482449,0.0,449.14572,5.684341886080802e-14,450.628169,551.0404273802556,2.1168539256599672e-05,0.0,0.0,450.62816899999996,551.0404485487948,551.0404485487948
input4000_rate2p5_reuse00_seed1,NEAREST_KV,83,0.0,8.178354,0.0,451.566185,0.0,459.744539,551.0809804007076,2.1168539256599672e-05,0.0,2.9620982496078767,459.74453900000003,554.0430998188548,554.0430998188548
input4000_rate2p5_reuse00_seed1,NEAREST_KV,88,0.0,4.736773,0.0,453.840397,0.0,458.57717,543.8219897397819,2.1168539256599672e-05,0.0,1.0630082953116684,458.57717,544.8850192036329,544.8850192036329
input4000_rate2p5_reuse00_seed1,NEAREST_KV,103,0.0,9.885621,0.0,457.938345,0.0,467.823966,552.1353589324623,2.1168539256599672e-05,0.0,0.0,467.82396600000004,552.1353801010015,552.1353801010015
input4000_rate2p5_reuse00_seed1,NEAREST_KV,96,0.0,14.271654,0.0,457.604105,0.0,471.875759,543.9030957806862,2.1168539256599672e-05,0.0,0.0,471.875759,543.9031169492254,543.9031169492254
input4000_rate2p5_reuse00_seed1,NEAREST_KV,109,0.0,20.647058,0.0,457.547081,0.0,478.194139,551.4459575847766,2.1168539256599672e-05,0.0,0.0,478.194139,551.4459787533158,551.4459787533158
input4000_rate2p5_reuse00_seed1,NEAREST_KV,117,0.0,8.494168,0.0,454.007309,0.0,462.501477,543.9436488011382,2.1168539256599672e-05,0.0,1.0677494430288377,462.501477,545.0114194127063,545.0114194127063
input4000_rate2p5_reuse00_seed1,NEAREST_KV,135,0.0,4.92411,0.0,455.021453,0.0,459.945563,548.4450340713213,2.1168539256599672e-05,0.0,0.0,459.945563,548.4450552398605,548.4450552398605
input4000_rate2p5_reuse00_seed1,NEAREST_KV,150,0.0,7.572189,0.0,449.58236,0.0,457.154549,549.2966475008153,2.1168539256599672e-05,0.0,0.0,457.154549,549.2966686693545,549.2966686693545
input4000_rate2p5_reuse00_seed1,NEAREST_KV,159,0.0,18.067719,0.0,449.554872,0.0,467.622591,543.6597776579736,2.1168539256599672e-05,0.0,0.0,467.622591,543.6597988265128,543.6597988265128
input4000_rate2p5_reuse00_seed1,NEAREST_KV,177,0.0,93.999821,0.0,696.585722,0.0,790.585543,552.7031012187916,2.1168539256599672e-05,0.0,250.44077549773215,790.585543,803.1438978850631,803.1438978850631
input4000_rate2p5_reuse00_seed1,NEAREST_KV,176,0.0,14.958907,0.0,462.857307,0.0,477.816214,551.202639462064,2.1168539256599672e-05,0.0,1.3506379234863388,477.816214,552.5532985540896,552.5532985540896
input4000_rate2p5_reuse00_seed1,NEAREST_KV,167,0.0,6.735752,0.0,452.421577,0.0,459.157329,543.9436488011382,2.1168539256599672e-05,0.0,0.0,459.157329,543.9436699696774,543.9436699696774
input4000_rate2p5_reuse00_seed1,NEAREST_KV,169,0.0,19.333654,0.0,457.240999,0.0,476.574653,543.862542760234,2.1168539256599672e-05,0.0,7.2088215922242185,476.574653,551.0713855209974,551.0713855209974
input4000_rate2p5_reuse00_seed1,NEAREST_KV,192,0.0,15.12868,0.0,461.285391,0.0,476.414071,554.1224569346151,2.1168539256599672e-05,0.0,0.0,476.414071,554.1224781031543,554.1224781031543
input4000_rate2p5_reuse00_seed1,NEAREST_KV,248,0.0,0.01145,0.0,453.994767,0.0,454.006217,553.1086314233127,2.1168539256599672e-05,0.0,0.0,454.00621700000005,553.1086525918519,553.1086525918519
input4000_rate2p5_reuse00_seed1,NEAREST_KV,251,0.0,172.571049,0.0,455.580674,0.0,628.151723,547.3095494986625,2.1168539256599672e-05,0.0,232.1541704347049,628.151723,779.4637411019066,779.4637411019066
input4000_rate2p5_reuse00_seed1,NEAREST_KV,272,0.0,5.144571,0.0,460.397349,0.0,465.54192,548.0395038668003,2.1168539256599672e-05,0.0,0.0,465.54192,548.0395250353395,548.0395250353395
input4000_rate2p5_reuse00_seed1,NEAREST_KV,286,0.0,3.667589,0.0,457.202656,0.0,460.870245,543.8219897397819,2.1168539256599672e-05,0.0,0.0,460.870245,543.8220109083211,543.8220109083211
input4000_rate2p5_reuse00_seed1,NEAREST_KV,2,0.0,0.048801,0.0,439.218678,0.0,439.267479,543.9030957806862,2.1168539256599672e-05,0.0,0.0,439.26747900000004,543.9031169492254,543.9031169492254
input4000_rate2p5_reuse00_seed1,NEAREST_KV,11,0.0,3.733552,0.0,445.152255,0.0,448.885807,553.8385857914504,2.1168539256599672e-05,0.0,0.0,448.885807,553.8386069599896,553.8386069599896
input4000_rate2p5_reuse00_seed1,NEAREST_KV,20,0.0,7.669419,0.0,449.363064,0.0,457.032483,544.3897320261113,2.1168539256599672e-05,0.0,0.0,457.032483,544.3897531946506,544.3897531946506
input4000_rate2p5_reuse00_seed1,NEAREST_KV,37,0.0,166.506775,0.0,448.989112,5.684341886080802e-14,615.495887,553.270843505121,2.1168539256599672e-05,0.0,232.54091691419245,615.495887,785.8117815878527,785.8117815878527
input4000_rate2p5_reuse00_seed1,NEAREST_KV,36,0.0,2.971294,0.0,445.613791,0.0,448.585085,552.2975710142706,2.1168539256599672e-05,0.0,0.0,448.585085,552.2975921828098,552.2975921828098
input4000_rate2p5_reuse00_seed1,NEAREST_KV,61,0.0,12.455401,0.0,457.465865,0.0,469.921266,553.3113965255732,2.1168539256599672e-05,0.0,1.4904537161836373,469.921266,554.801871410296,554.801871410296
input4000_rate2p5_reuse00_seed1,NEAREST_KV,45,0.0,156.514344,0.0,682.066766,0.0,838.58111,543.9030957806862,2.1168539256599672e-05,0.0,250.13699092300413,838.5811100000001,794.0401078722296,794.0401078722296
input4000_rate2p5_reuse00_seed1,NEAREST_KV,44,0.0,9.760104,0.0,456.283935,0.0,466.044039,543.7003306784256,2.1168539256599672e-05,0.0,1.0006312486613922,466.044039,544.7009830956263,544.7009830956263
input4000_rate2p5_reuse00_seed1,NEAREST_KV,66,0.0,2.301348,0.0,457.081641,0.0,459.382989,551.9731468506538,2.1168539256599672e-05,0.0,0.0,459.382989,551.973168019193,551.973168019193
input4000_rate2p5_reuse00_seed1,NEAREST_KV,80,0.0,14.678653,0.0,454.553325,5.684341886080802e-14,469.231978,546.3362770078121,2.1168539256599672e-05,0.0,0.0,469.23197799999997,546.3362981763513,546.3362981763514
input4000_rate2p5_reuse00_seed1,NEAREST_KV,98,0.0,9.176178,0.0,452.271305,0.0,461.447483,552.6219951778875,2.1168539256599672e-05,0.0,0.0,461.447483,552.6220163464267,552.6220163464267
input4000_rate2p5_reuse00_seed1,NEAREST_KV,94,0.0,4.332302,0.0,455.207053,0.0,459.539355,545.9712998237432,2.1168539256599672e-05,0.0,0.0,459.539355,545.9713209922824,545.9713209922824
input4000_rate2p5_reuse00_seed1,NEAREST_KV,115,0.0,18.199938,0.0,457.302153,5.684341886080802e-14,475.502091,551.8920408097497,2.1168539256599672e-05,0.0,7.579373240490213,475.50209099999995,559.4714352187791,559.4714352187791
input4000_rate2p5_reuse00_seed1,NEAREST_KV,110,0.0,2.865712,0.0,454.373517,5.684341886080802e-14,457.239229,550.7565562370909,2.1168539256599672e-05,0.0,0.0,457.23922899999997,550.7565774056301,550.7565774056302
input4000_rate2p5_reuse00_seed1,NEAREST_KV,105,0.0,6.413936,0.0,452.214057,0.0,458.627993,543.862542760234,2.1168539256599672e-05,0.0,0.0,458.627993,543.8625639287732,543.8625639287732
input4000_rate2p5_reuse00_seed1,NEAREST_KV,129,0.0,3.393015,0.0,457.911017,0.0,461.304032,552.0948059120101,2.1168539256599672e-05,0.0,0.0,461.304032,552.0948270805493,552.0948270805493
input4000_rate2p5_reuse00_seed1,NEAREST_KV,143,0.0,6.739668,0.0,463.167756,0.0,469.907424,553.5547146482857,2.1168539256599672e-05,0.0,0.0,469.907424,553.5547358168249,553.5547358168249
input4000_rate2p5_reuse00_seed1,NEAREST_KV,158,0.0,9.199628,0.0,456.508645,0.0,465.708273,549.9454958280489,2.1168539256599672e-05,0.0,0.0,465.708273,549.9455169965881,549.9455169965881
input4000_rate2p5_reuse00_seed1,NEAREST_KV,164,0.0,4.683151,0.0,457.225473,0.0,461.908624,552.7436542392437,2.1168539256599672e-05,0.0,0.0,461.90862400000003,552.7436754077829,552.7436754077829
input4000_rate2p5_reuse00_seed1,NEAREST_KV,174,0.0,17.779428,0.0,453.988502,0.0,471.76793,543.862542760234,2.1168539256599672e-05,0.0,0.0,471.76793,543.8625639287732,543.8625639287732
input4000_rate2p5_reuse00_seed1,NEAREST_KV,186,0.0,17.150777,0.0,460.580721,0.0,477.731498,551.4054045643245,2.1168539256599672e-05,0.0,0.0,477.731498,551.4054257328637,551.4054257328637
input4000_rate2p5_reuse00_seed1,NEAREST_KV,187,0.0,3.931968,0.0,458.284845,0.0,462.216813,544.8358152510843,2.1168539256599672e-05,0.0,2.7763552323931933,462.216813,547.6121916520168,547.6121916520168
input4000_rate2p5_reuse00_seed1,NEAREST_KV,204,0.0,18.166891,0.0,460.249689,0.0,478.41658,553.1897374642168,2.1168539256599672e-05,0.0,0.0,478.41658,553.189758632756,553.189758632756
input4000_rate2p5_reuse00_seed1,NEAREST_KV,215,0.0,5.737259,0.0,459.094206,0.0,464.831465,553.0275253824084,2.1168539256599672e-05,0.0,0.0,464.831465,553.0275465509476,553.0275465509476
input4000_rate2p5_reuse00_seed1,NEAREST_KV,220,0.0,12.625742,0.0,458.434285,0.0,471.060027,551.7703817483933,2.1168539256599672e-05,0.0,0.0,471.060027,551.7704029169325,551.7704029169325
input4000_rate2p5_reuse00_seed1,NEAREST_KV,265,0.0,0.026462,0.0,450.499513,5.684341886080802e-14,450.525975,553.270843505121,2.1168539256599672e-05,0.0,0.0,450.52597499999996,553.2708646736602,553.2708646736603
input4000_rate2p5_reuse00_seed1,NEAREST_KV,266,0.0,3.938343,0.0,450.855603,5.684341886080802e-14,454.793946,553.6358206891899,2.1168539256599672e-05,0.0,0.0,454.79394599999995,553.6358418577291,553.6358418577292
input4000_rate2p5_reuse00_seed1,NEAREST_KV,274,0.0,2.657813,0.0,452.51213,0.0,455.169943,543.8219897397819,2.1168539256599672e-05,0.0,0.9477364974454332,455.169943,544.7697474057666,544.7697474057666
input4000_rate2p5_reuse00_seed1,NEAREST_KV,278,0.0,11.008481,0.0,459.522666,0.0,470.531147,543.7408836988777,2.1168539256599672e-05,0.0,11.616840087142293,470.53114700000003,555.3577449545593,555.3577449545593
input4000_rate2p5_reuse00_seed1,NEAREST_KV,295,0.0,3.880604,0.0,463.821859,0.0,467.702463,552.5003361165311,2.1168539256599672e-05,0.0,0.0,467.702463,552.5003572850703,552.5003572850703
input4000_rate2p5_reuse00_seed1,NEAREST_KV,1,0.0,0.182754,0.0,439.218678,0.0,439.401432,546.9445723145935,2.1168539256599672e-05,0.0,0.0,439.401432,546.9445934831327,546.9445934831327
input4000_rate2p5_reuse00_seed1,NEAREST_KV,10,0.0,15.526475,0.0,448.661656,0.0,464.188131,553.7980327709984,2.1168539256599672e-05,0.0,7.480743524593109,464.188131,561.2787974641308,561.2787974641308
input4000_rate2p5_reuse00_seed1,NEAREST_KV,9,0.0,14.228425,0.0,444.801119,0.0,459.029544,548.363928030417,2.1168539256599672e-05,0.0,0.0,459.02954400000004,548.3639491989562,548.3639491989562
input4000_rate2p5_reuse00_seed1,NEAREST_KV,22,0.0,13.974377,0.0,452.500201,0.0,466.474578,551.1215334211597,2.1168539256599672e-05,0.0,0.0,466.474578,551.1215545896989,551.1215545896989
input4000_rate2p5_reuse00_seed1,NEAREST_KV,29,0.0,16.319023,0.0,454.793485,0.0,471.112508,544.1869669238508,2.1168539256599672e-05,0.0,0.0,471.112508,544.18698809239,544.18698809239
input4000_rate2p5_reuse00_seed1,NEAREST_KV,49,0.0,8.782465,0.0,452.001705,0.0,460.78417,553.3925025664773,2.1168539256599672e-05,0.0,3.0521800562340076,460.78417,556.4447037912506,556.4447037912506
input4000_rate2p5_reuse00_seed1,NEAREST_KV,48,0.0,14.593225,0.0,449.680504,0.0,464.273729,543.862542760234,2.1168539256599672e-05,0.0,0.0,464.273729,543.8625639287732,543.8625639287732
input4000_rate2p5_reuse00_seed1,NEAREST_KV,72,0.0,0.637316,0.0,449.970168,0.0,450.607484,543.9030957806862,2.1168539256599672e-05,0.0,0.0,450.607484,543.9031169492254,543.9031169492254
input4000_rate2p5_reuse00_seed1,NEAREST_KV,93,0.0,17.806968,0.0,452.502953,0.0,470.309921,551.6487226870371,2.1168539256599672e-05,0.0,0.0,470.309921,551.6487438555763,551.6487438555763
input4000_rate2p5_reuse00_seed1,NEAREST_KV,84,0.0,8.018199,0.0,449.514776,5.684341886080802e-14,457.532975,545.4035575374138,2.1168539256599672e-05,0.0,0.0,457.53297499999996,545.403578705953,545.4035787059531
input4000_rate2p5_reuse00_seed1,NEAREST_KV,102,0.0,9.649866,0.0,452.669225,5.684341886080802e-14,462.319091,552.9058663210521,2.1168539256599672e-05,0.0,0.0,462.31909099999996,552.9058874895914,552.9058874895914
input4000_rate2p5_reuse00_seed1,NEAREST_KV,108,0.0,1.378969,0.0,454.782989,5.684341886080802e-14,456.161958,547.3501025191146,2.1168539256599672e-05,0.0,0.0,456.16195799999997,547.3501236876538,547.3501236876539
input4000_rate2p5_reuse00_seed1,NEAREST_KV,111,0.0,10.600266,0.0,457.676329,0.0,468.276595,546.741807212333,2.1168539256599672e-05,0.0,7.378664653796903,468.276595,554.1204930346692,554.1204930346692
input4000_rate2p5_reuse00_seed1,NEAREST_KV,118,0.0,18.737399,0.0,460.396326,5.684341886080802e-14,479.133725,543.9436488011382,2.1168539256599672e-05,0.0,1.1830212408950516,479.13372499999997,545.1266912105725,545.1266912105725
input4000_rate2p5_reuse00_seed1,NEAREST_KV,121,0.0,20.289538,0.0,459.904646,0.0,480.194184,543.9842018215903,2.1168539256599672e-05,0.0,5.654997165035795,480.194184,549.6392201551654,549.6392201551654
input4000_rate2p5_reuse00_seed1,NEAREST_KV,166,0.0,0.042581,0.0,439.218678,0.0,439.261259,553.676373709642,2.1168539256599672e-05,0.0,0.0,439.261259,553.6763948781812,553.6763948781812
input4000_rate2p5_reuse00_seed1,NEAREST_KV,180,0.0,6.094169,0.0,459.267343,0.0,465.361512,553.7169267300941,2.1168539256599672e-05,0.0,0.0,465.361512,553.7169478986333,553.7169478986333
input4000_rate2p5_reuse00_seed1,NEAREST_KV,235,0.0,0.003887,0.0,454.058317,0.0,454.062204,550.5537911348304,2.1168539256599672e-05,0.0,0.0,454.062204,550.5538123033696,550.5538123033696
input4000_rate2p5_reuse00_seed1,NEAREST_KV,245,0.0,1.04412,0.0,457.703316,0.0,458.747436,544.8358152510843,2.1168539256599672e-05,0.0,0.0,458.747436,544.8358364196235,544.8358364196235
input4000_rate2p5_reuse00_seed1,NEAREST_KV,267,0.0,7.142067,0.0,460.485153,0.0,467.62722,545.890193782839,2.1168539256599672e-05,0.0,0.0,467.62722,545.8902149513782,545.8902149513782
input4000_rate2p5_reuse00_seed1,NEAREST_KV,283,0.0,9.091524,0.0,457.863278,0.0,466.954802,554.2441159959714,2.1168539256599672e-05,0.0,0.0,466.954802,554.2441371645106,554.2441371645106
input4000_rate2p5_reuse00_seed1,NEAREST_KV,289,0.0,1.532051,0.0,457.686469,0.0,459.21852,543.9436488011382,2.1168539256599672e-05,0.0,0.0,459.21852,543.9436699696774,543.9436699696774
input4000_rate2p5_reuse00_seed1,NEAREST_KV,5,0.0,0.114898,0.0,439.218678,0.0,439.333576,551.6081696665849,2.1168539256599672e-05,0.0,0.0,439.333576,551.6081908351241,551.6081908351241
input4000_rate2p5_reuse00_seed1,NEAREST_KV,7,0.0,159.01685,0.0,444.299839,0.0,603.316689,551.4865106052287,2.1168539256599672e-05,0.0,232.31694983966088,603.316689,783.8034816134289,783.8034816134289
input4000_rate2p5_reuse00_seed1,NEAREST_KV,28,0.0,18.697668,0.0,454.028813,0.0,472.726481,554.0007978732588,2.1168539256599672e-05,0.0,7.603917235321312,472.72648100000004,561.6047362771193,561.6047362771193
input4000_rate2p5_reuse00_seed1,NEAREST_KV,27,0.0,1.839221,0.0,452.320553,0.0,454.159774,552.824760280148,2.1168539256599672e-05,0.0,3.0300547002205747,454.159774,555.8548361489078,555.8548361489078
input4000_rate2p5_reuse00_seed1,NEAREST_KV,26,0.0,7.180712,0.0,449.944952,0.0,457.125664,543.7003306784256,2.1168539256599672e-05,0.0,0.0,457.12566400000003,543.7003518469648,543.7003518469648
input4000_rate2p5_reuse00_seed1,NEAREST_KV,30,0.0,4.644776,0.0,457.031337,0.0,461.676113,543.862542760234,2.1168539256599672e-05,0.0,5.592620118385518,461.676113,549.4551840471587,549.4551840471587
input4000_rate2p5_reuse00_seed1,NEAREST_KV,55,0.0,17.77336,0.0,454.791661,0.0,472.565021,545.4441105578659,2.1168539256599672e-05,0.0,0.0,472.565021,545.4441317264051,545.4441317264051
input4000_rate2p5_reuse00_seed1,NEAREST_KV,58,0.0,8.375104,0.0,462.172591,0.0,470.547695,546.0524058646474,2.1168539256599672e-05,0.0,0.0,470.54769500000003,546.0524270331866,546.0524270331866
input4000_rate2p5_reuse00_seed1,NEAREST_KV,59,0.0,178.562482,0.0,691.81882,0.0,870.381302,543.862542760234,2.1168539256599672e-05,0.0,245.58669811190288,870.381302,789.4492620406761,789.4492620406761
input4000_rate2p5_reuse00_seed1,NEAREST_KV,79,0.0,3.225437,0.0,452.339913,0.0,455.56535,552.459783096079,2.1168539256599672e-05,0.0,0.0,455.56535,552.4598042646182,552.4598042646182
input4000_rate2p5_reuse00_seed1,NEAREST_KV,90,0.0,9.656487,0.0,454.763725,0.0,464.420212,551.6081696665849,2.1168539256599672e-05,0.0,0.0,464.42021200000005,551.6081908351241,551.6081908351241
input4000_rate2p5_reuse00_seed1,NEAREST_KV,99,0.0,1.347829,0.0,454.884077,0.0,456.231906,543.8219897397819,2.1168539256599672e-05,0.0,0.0,456.231906,543.8220109083211,543.8220109083211
input4000_rate2p5_reuse00_seed1,NEAREST_KV,124,0.0,8.27637,0.0,446.247103,5.684341886080802e-14,454.523473,553.3925025664773,2.1168539256599672e-05,0.0,0.0,454.52347299999997,553.3925237350165,553.3925237350165
input4000_rate2p5_reuse00_seed1,NEAREST_KV,130,0.0,14.168127,0.0,449.610584,0.0,463.778711,553.5141616278336,2.1168539256599672e-05,0.0,0.0,463.77871100000004,553.5141827963728,553.5141827963728
input4000_rate2p5_reuse00_seed1,NEAREST_KV,142,0.0,191.904055,0.0,462.411412,5.684341886080802e-14,654.315467,553.4330555869294,2.1168539256599672e-05,0.0,241.7968900103117,654.315467,795.2299667657803,795.2299667657803
input4000_rate2p5_reuse00_seed1,NEAREST_KV,131,0.0,103.813024,0.0,451.937705,0.0,555.750729,543.9842018215903,2.1168539256599672e-05,0.0,236.8038350880304,555.750729,780.78805807816,780.78805807816
input4000_rate2p5_reuse00_seed1,NEAREST_KV,149,0.0,17.889222,0.0,464.854218,0.0,482.74344,549.2966475008153,2.1168539256599672e-05,0.0,1.3339958415171935,482.74344,550.6306645108717,550.6306645108717
input4000_rate2p5_reuse00_seed1,NEAREST_KV,141,0.0,9.750123,0.0,451.634889,5.684341886080802e-14,461.385012,543.9030957806862,2.1168539256599672e-05,0.0,1.0085331615233315,461.38501199999996,544.9116501107487,544.9116501107487
input4000_rate2p5_reuse00_seed1,NEAREST_KV,163,0.0,0.792286,0.0,462.648787,0.0,463.441073,552.7436542392437,2.1168539256599672e-05,0.0,0.0,463.441073,552.7436754077829,552.7436754077829
input4000_rate2p5_reuse00_seed1,NEAREST_KV,181,0.0,4.794941,0.0,464.92738,0.0,469.722321,551.3242985234202,2.1168539256599672e-05,0.0,0.0,469.722321,551.3243196919594,551.3243196919594
input4000_rate2p5_reuse00_seed1,NEAREST_KV,201,0.0,8.463538,0.0,458.994205,0.0,467.457743,553.1897374642168,2.1168539256599672e-05,0.0,0.0,467.45774300000005,553.189758632756,553.189758632756
input4000_rate2p5_reuse00_seed1,NEAREST_KV,202,0.0,70.991949,0.0,457.118425,0.0,528.110374,552.459783096079,2.1168539256599672e-05,0.0,232.5093092627447,528.110374,784.969113527363,784.969113527363
input4000_rate2p5_reuse00_seed1,NEAREST_KV,213,0.0,8.761474,0.0,456.975592,0.0,465.737066,547.2689964782103,2.1168539256599672e-05,0.0,1.1397049150315581,465.737066,548.4087225617811,548.4087225617811
input4000_rate2p5_reuse00_seed1,NEAREST_KV,233,0.0,208.782796,0.0,710.31306,1.1368683772161603e-13,919.095856,554.0413508937108,2.1168539256599672e-05,0.0,252.16676549539278,919.0958559999999,806.2081375576429,806.208137557643
input4000_rate2p5_reuse00_seed1,NEAREST_KV,232,0.0,145.820744,0.0,462.960353,5.684341886080802e-14,608.781097,553.0275253824084,2.1168539256599672e-05,0.0,232.84029510145115,608.781097,785.8678416523987,785.8678416523987
input4000_rate2p5_reuse00_seed1,NEAREST_KV,231,0.0,14.72916,0.0,462.154408,5.684341886080802e-14,476.883568,549.1344354190069,2.1168539256599672e-05,0.0,0.0,476.88356799999997,549.1344565875461,549.1344565875461
input4000_rate2p5_reuse00_seed1,NEAREST_KV,234,0.0,637.60619,0.0,699.993608,0.0,1337.599798,543.8219897397819,2.1168539256599672e-05,0.0,783.7234503515747,1337.599798,1327.5454612598958,1327.5454612598958
input4000_rate2p5_reuse00_seed1,NEAREST_KV,243,0.0,16.85128,0.0,470.412391,0.0,487.263671,547.6339736622792,2.1168539256599672e-05,0.0,10.209991239185982,487.263671,557.8439860700045,557.8439860700045
input4000_rate2p5_reuse00_seed1,NEAREST_KV,263,0.0,0.810572,0.0,481.795856,0.0,482.606428,554.0007978732588,2.1168539256599672e-05,0.0,1.6325920177804534,482.606428,555.6334110595785,555.6334110595785
input4000_rate2p5_reuse00_seed1,NEAREST_KV,259,0.0,227.55291,0.0,468.586594,0.0,696.139504,544.9574743124407,2.1168539256599672e-05,0.0,232.8346594522388,696.139504,777.7921549332187,777.7921549332187
input4000_rate2p5_reuse00_seed1,NEAREST_KV,258,0.0,2.486612,0.0,461.211331,5.684341886080802e-14,463.697943,543.8219897397819,2.1168539256599672e-05,0.0,0.0,463.69794299999995,543.8220109083211,543.8220109083211
input4000_rate2p5_reuse00_seed1,NEAREST_KV,264,0.0,9.637443,0.0,716.504272,0.0,726.141715,543.862542760234,2.1168539256599672e-05,0.0,249.97877676651072,726.141715,793.841340695284,793.841340695284
input4000_rate2p5_reuse00_seed1,NEAREST_KV,270,0.0,14.833139,0.0,470.224612,0.0,485.057751,543.9436488011382,2.1168539256599672e-05,0.0,10.181448222964846,485.057751,554.1251181926424,554.1251181926424
input4000_rate2p5_reuse00_seed1,NEAREST_KV,294,0.0,18.04229,0.0,467.976302,5.684341886080802e-14,486.018592,549.3777535417195,2.1168539256599672e-05,0.0,0.0,486.01859199999996,549.3777747102587,549.3777747102588
input4000_rate2p5_reuse00_seed1,NEAREST_KV,298,0.0,14.164138,0.0,469.324626,0.0,483.488764,546.2957239873599,2.1168539256599672e-05,0.0,0.0,483.488764,546.2957451558991,546.2957451558991
input4000_rate2p5_reuse00_seed1,NEAREST_KV,3,0.0,0.016017,0.0,443.684226,0.0,443.700243,553.4330555869294,2.1168539256599672e-05,0.0,0.0,443.700243,553.4330767554686,553.4330767554686
input4000_rate2p5_reuse00_seed1,NEAREST_KV,4,0.0,126.843275,0.0,665.177248,0.0,792.020523,547.5934206418272,2.1168539256599672e-05,0.0,241.45748998439558,792.0205229999999,789.0509317947619,789.0509317947619
input4000_rate2p5_reuse00_seed1,NEAREST_KV,19,0.0,16.457894,0.0,449.66348,0.0,466.121374,543.9030957806862,2.1168539256599672e-05,0.0,0.0,466.121374,543.9031169492254,543.9031169492254
input4000_rate2p5_reuse00_seed1,NEAREST_KV,34,0.0,1.02853,0.0,445.499615,0.0,446.528145,552.7436542392437,2.1168539256599672e-05,0.0,0.0,446.528145,552.7436754077829,552.7436754077829
input4000_rate2p5_reuse00_seed1,NEAREST_KV,43,0.0,5.598565,0.0,453.653805,0.0,459.25237,551.6892757074892,2.1168539256599672e-05,0.0,5.839998055923353,459.25237,557.5292949319518,557.5292949319518
input4000_rate2p5_reuse00_seed1,NEAREST_KV,47,0.0,4.472956,0.0,456.629929,0.0,461.102885,549.4588595826237,2.1168539256599672e-05,0.0,16.425341369283615,461.102885,565.8842221204466,565.8842221204466
input4000_rate2p5_reuse00_seed1,NEAREST_KV,56,0.0,183.971884,0.0,461.332714,5.684341886080802e-14,645.304598,552.5003361165311,2.1168539256599672e-05,0.0,246.69422747675458,645.3045979999999,799.1945847618249,799.1945847618249
input4000_rate2p5_reuse00_seed1,NEAREST_KV,35,0.0,9.922675,0.0,449.120248,0.0,459.042923,543.8219897397819,2.1168539256599672e-05,0.0,0.0,459.04292300000003,543.8220109083211,543.8220109083211
input4000_rate2p5_reuse00_seed1,NEAREST_KV,40,0.0,6.896334,0.0,451.719369,0.0,458.615703,543.2542474534525,2.1168539256599672e-05,0.0,0.9832470403651143,458.615703,544.2375156623569,544.2375156623569
input4000_rate2p5_reuse00_seed1,NEAREST_KV,53,0.0,10.086892,0.0,459.401382,0.0,469.488274,543.7003306784256,2.1168539256599672e-05,0.0,5.643934487029078,469.488274,549.344286333994,549.344286333994
input4000_rate2p5_reuse00_seed1,NEAREST_KV,76,0.0,171.705003,0.0,714.894371,0.0,886.599374,551.0809804007076,2.1168539256599672e-05,0.0,256.3651593352557,886.599374,807.4461609045027,807.4461609045027
input4000_rate2p5_reuse00_seed1,NEAREST_KV,69,0.0,10.991107,0.0,462.20593,0.0,473.197037,545.6874286805785,2.1168539256599672e-05,0.0,0.0,473.197037,545.6874498491177,545.6874498491177
input4000_rate2p5_reuse00_seed1,NEAREST_KV,77,0.0,503.629064,0.0,721.500414,1.1368683772161603e-13,1225.129478,547.9989508463482,2.1168539256599672e-05,0.0,788.1999915241779,1225.129478,1336.1989635390653,1336.1989635390655
input4000_rate2p5_reuse00_seed1,NEAREST_KV,75,0.0,34.595067,0.0,468.217906,0.0,502.812973,546.1335119055516,2.1168539256599672e-05,0.0,237.6597465710994,502.81297300000006,783.7932796451903,783.7932796451903
input4000_rate2p5_reuse00_seed1,NEAREST_KV,78,0.0,786.326372,0.0,697.531106,0.0,1483.857478,544.4708380670155,2.1168539256599672e-05,0.00015959389713936603,839.2465257665106,1483.857478,1383.7175445959624,1383.7175445959624
input4000_rate2p5_reuse00_seed1,NEAREST_KV,73,0.0,19.742277,0.0,462.494122,0.0,482.236399,543.6597776579736,2.1168539256599672e-05,0.0,0.0,482.236399,543.6597988265128,543.6597988265128
input4000_rate2p5_reuse00_seed1,NEAREST_KV,104,0.0,10.581344,0.0,469.815742,0.0,480.397086,551.5676166461328,2.1168539256599672e-05,0.0,0.0,480.397086,551.567637814672,551.567637814672
input4000_rate2p5_reuse00_seed1,NEAREST_KV,106,0.0,18.829912,0.0,466.65419,0.0,485.484102,549.7832837462405,2.1168539256599672e-05,0.0,0.0,485.484102,549.7833049147797,549.7833049147797
input4000_rate2p5_reuse00_seed1,NEAREST_KV,119,0.0,19.494627,0.0,478.313837,5.684341886080802e-14,497.808464,553.270843505121,2.1168539256599672e-05,0.0,1.7194169293436943,497.80846399999996,554.990281603004,554.990281603004
input4000_rate2p5_reuse00_seed1,NEAREST_KV,125,0.0,120.773945,0.0,482.189107,0.0,602.963052,552.5408891369832,2.1168539256599672e-05,0.0,242.68870304179805,602.963052,795.2296133473205,795.2296133473205
input4000_rate2p5_reuse00_seed1,NEAREST_KV,107,0.0,13.163275,0.0,473.34972,0.0,486.512995,543.8219897397819,2.1168539256599672e-05,0.0,7.437784805384268,486.512995,551.2597957137054,551.2597957137054
input4000_rate2p5_reuse00_seed1,NEAREST_KV,123,0.0,11.625302,0.0,475.752809,0.0,487.378111,550.1482609303093,2.1168539256599672e-05,0.0,7.741960385609971,487.378111,557.8902424844586,557.8902424844586
input4000_rate2p5_reuse00_seed1,NEAREST_KV,122,0.0,11.129393,0.0,474.258341,5.684341886080802e-14,485.387734,547.3501025191146,2.1168539256599672e-05,0.0,0.0,485.38773399999997,547.3501236876538,547.3501236876539
input4000_rate2p5_reuse00_seed1,NEAREST_KV,137,0.0,195.129615,0.0,478.358687,0.0,673.488302,553.5547146482857,2.1168539256599672e-05,0.0,242.41935212341482,673.488302,795.9740879402398,795.9740879402398
input4000_rate2p5_reuse00_seed1,NEAREST_KV,145,0.0,14.952827,0.0,474.381064,0.0,489.333891,550.3104730121178,2.1168539256599672e-05,0.0,6.132080442060811,489.333891,556.4425746227179,556.4425746227179
input4000_rate2p5_reuse00_seed1,NEAREST_KV,152,0.0,15.762602,0.0,478.343176,0.0,494.105778,553.4736086073815,2.1168539256599672e-05,0.0008904986559340685,1.90022653900499,494.10577800000004,555.3747468135816,555.3747468135816
input4000_rate2p5_reuse00_seed1,NEAREST_KV,138,0.0,426.291084,0.0,711.396624,0.0,1137.687708,544.3086259852071,2.1168539256599672e-05,0.0,774.0139661613341,1137.687708,1318.3226133150804,1318.3226133150804
input4000_rate2p5_reuse00_seed1,NEAREST_KV,136,0.0,14.703409,0.0,469.799021,0.0,484.50243,543.862542760234,2.1168539256599672e-05,0.0,5.707891916251725,484.50243,549.570455845025,549.570455845025
input4000_rate2p5_reuse00_seed1,NEAREST_KV,151,0.0,12.727044,0.0,475.547702,0.0,488.274746,541.7132326762728,2.1168539256599672e-05,8.521196980098795e-05,10.325070777215984,488.274746,552.0384098339979,552.0384098339979
input4000_rate2p5_reuse00_seed1,NEAREST_KV,155,0.0,15.851517,0.0,478.612318,0.0,494.463835,543.7408836988777,2.1168539256599672e-05,0.0010899549208130386,5.991330263200126,494.463835,549.7333250855379,549.7333250855379
input4000_rate2p5_reuse00_seed1,NEAREST_KV,168,0.0,15.095736,0.0,486.118463,0.0,501.214199,545.8496407623869,2.1168539256599672e-05,6.10116029585985e-06,0.0,501.214199,545.8496680320865,545.8496680320865
input4000_rate2p5_reuse00_seed1,NEAREST_KV,170,0.0,18.687717,0.0,484.944245,0.0,503.631962,543.5786716170694,2.1168539256599672e-05,0.0004956709253110549,3.1884505641139924,503.63196200000004,546.767639020648,546.767639020648
input4000_rate2p5_reuse00_seed1,NEAREST_KV,189,0.0,18.31054,0.0,468.398572,0.0,486.709112,553.6358206891899,2.1168539256599672e-05,0.0,0.0,486.709112,553.6358418577291,553.6358418577291
input4000_rate2p5_reuse00_seed1,NEAREST_KV,193,0.0,18.492448,0.0,466.910968,0.0,485.403416,549.3372005212674,2.1168539256599672e-05,0.0,3.1246853947276065,485.40341600000005,552.4619070845342,552.4619070845342
input4000_rate2p5_reuse00_seed1,NEAREST_KV,207,0.0,9.031477,0.0,467.513451,5.684341886080802e-14,476.544928,547.7150797031834,2.1168539256599672e-05,0.0,0.0,476.54492799999997,547.7151008717226,547.7151008717226
input4000_rate2p5_reuse00_seed1,NEAREST_KV,228,0.0,2.824005,0.0,471.621213,0.0,474.445218,553.676373709642,2.1168539256599672e-05,0.0,5.975072700903496,474.445218,559.6514675790847,559.6514675790847
input4000_rate2p5_reuse00_seed1,NEAREST_KV,225,0.0,92.355816,0.0,471.84605,0.0,564.201866,551.8514877892976,2.1168539256599672e-05,0.0,232.6400337655054,564.201866,784.4915427233423,784.4915427233423
input4000_rate2p5_reuse00_seed1,NEAREST_KV,229,0.0,109.593375,0.0,468.6559,5.684341886080802e-14,578.249275,550.5537911348304,2.1168539256599672e-05,0.0,246.46393887193346,578.249275,797.0177511753031,797.0177511753031
input4000_rate2p5_reuse00_seed1,NEAREST_KV,249,0.0,4.369174,0.0,468.823634,0.0,473.192808,553.9602448528067,2.1168539256599672e-05,0.0,6.216678974642676,473.192808,560.1769449959886,560.1769449959886
input4000_rate2p5_reuse00_seed1,NEAREST_KV,224,0.0,6.506551,0.0,464.226492,0.0,470.733043,543.862542760234,2.1168539256599672e-05,0.0,0.0,470.733043,543.8625639287732,543.8625639287732
input4000_rate2p5_reuse00_seed1,NEAREST_KV,226,0.0,34.373646,0.0,645.22903,0.0,679.602676,543.7408836988777,2.1168539256599672e-05,0.0,251.8045067654864,679.602676,795.5454116329033,795.5454116329033
input4000_rate2p5_reuse00_seed1,NEAREST_KV,244,0.0,101.797935,0.0,469.338861,0.0,571.136796,549.3777535417195,2.1168539256599672e-05,0.0,237.78617717689048,571.136796,787.1639518871492,787.1639518871492
input4000_rate2p5_reuse00_seed1,NEAREST_KV,236,0.0,0.177328,0.0,469.835065,0.0,470.012393,544.0247548420424,2.1168539256599672e-05,0.0,14.597368630744889,470.012393,558.6221446413265,558.6221446413265
input4000_rate2p5_reuse00_seed1,NEAREST_KV,255,0.0,18.948455,0.0,475.451839,0.0,494.400294,552.0948059120101,2.1168539256599672e-05,0.0,0.0,494.40029400000003,552.0948270805493,552.0948270805493
input4000_rate2p5_reuse00_seed1,NEAREST_KV,242,0.0,21.251823,0.0,471.683952,0.0,492.935775,543.862542760234,2.1168539256599672e-05,0.0,1.2374963746833743,492.935775,545.1000603034566,545.1000603034566
input4000_rate2p5_reuse00_seed1,NEAREST_KV,256,0.0,214.93521,0.0,471.843451,5.684341886080802e-14,686.778661,550.3510260325698,2.1168539256599672e-05,0.0,238.13296684132075,686.778661,788.4840140424299,788.4840140424299
input4000_rate2p5_reuse00_seed1,NEAREST_KV,277,0.0,13.17332,0.0,473.932415,0.0,487.105735,552.2975710142706,2.1168539256599672e-05,0.0,0.0,487.105735,552.2975921828098,552.2975921828098
input4000_rate2p5_reuse00_seed1,NEAREST_KV,287,0.0,14.22795,0.0,474.784217,0.0,489.012167,551.9325938302018,2.1168539256599672e-05,0.0,0.0,489.01216700000003,551.932614998741,551.932614998741
input4000_rate2p5_reuse00_seed1,NEAREST_KV,288,0.0,222.021306,0.0,715.382853,1.1368683772161603e-13,937.404159,548.6477991735817,2.1168539256599672e-05,0.0,245.73402481196442,937.4041589999999,794.3818451540853,794.3818451540855
input4000_rate2p5_reuse00_seed1,NEAREST_KV,18,0.0,6.480472,0.0,444.314655,0.0,450.795127,551.4054045643245,2.1168539256599672e-05,0.0,2.859469512320743,450.79512700000004,554.2648952451844,554.2648952451844
input4000_rate2p5_reuse00_seed1,NEAREST_KV,17,0.0,0.014448,0.0,439.218678,0.0,439.233126,543.9030957806862,2.1168539256599672e-05,0.0,0.0,439.233126,543.9031169492254,543.9031169492254
input4000_rate2p5_reuse00_seed1,NEAREST_KV,65,0.0,13.296287,0.0,444.634367,0.0,457.930654,554.2846690164235,2.1168539256599672e-05,0.0,0.0,457.930654,554.2846901849628,554.2846901849628
input4000_rate2p5_reuse00_seed1,NEAREST_KV,57,0.0,0.01965,0.0,439.218678,0.0,439.238328,544.8358152510843,2.1168539256599672e-05,0.0,0.0,439.238328,544.8358364196235,544.8358364196235
input4000_rate2p5_reuse00_seed1,NEAREST_KV,74,0.0,9.390058,0.0,449.453752,0.0,458.84381,551.4054045643245,2.1168539256599672e-05,0.0,0.0,458.84381,551.4054257328637,551.4054257328637
input4000_rate2p5_reuse00_seed1,NEAREST_KV,89,0.0,4.047012,0.0,452.679913,0.0,456.726925,543.9030957806862,2.1168539256599672e-05,0.0,0.0,456.726925,543.9031169492254,543.9031169492254
input4000_rate2p5_reuse00_seed1,NEAREST_KV,92,0.0,0.929727,0.0,454.295565,0.0,455.225292,543.862542760234,2.1168539256599672e-05,0.0,7.2088215922242185,455.225292,551.0713855209974,551.0713855209974
input4000_rate2p5_reuse00_seed1,NEAREST_KV,112,0.0,7.44093,0.0,450.06652,0.0,457.50745,543.9436488011382,2.1168539256599672e-05,0.0,0.0,457.50745,543.9436699696774,543.9436699696774
input4000_rate2p5_reuse00_seed1,NEAREST_KV,147,0.0,14.013912,0.0,446.533919,0.0,460.547831,550.8782152984472,2.1168539256599672e-05,0.0,0.0,460.54783100000003,550.8782364669864,550.8782364669864
input4000_rate2p5_reuse00_seed1,NEAREST_KV,156,0.0,13.637368,0.0,444.981439,0.0,458.618807,543.5381185966172,2.1168539256599672e-05,0.0,0.0,458.618807,543.5381397651564,543.5381397651564
input4000_rate2p5_reuse00_seed1,NEAREST_KV,165,0.0,4.853688,0.0,449.271992,0.0,454.12568,546.0524058646474,2.1168539256599672e-05,0.0,0.0,454.12568,546.0524270331866,546.0524270331866
input4000_rate2p5_reuse00_seed1,NEAREST_KV,188,0.0,10.210416,0.0,452.436393,0.0,462.646809,551.7703817483933,2.1168539256599672e-05,0.0,0.0,462.646809,551.7704029169325,551.7704029169325
input4000_rate2p5_reuse00_seed1,NEAREST_KV,184,0.0,16.841751,0.0,449.965784,0.0,466.807535,545.079133373797,2.1168539256599672e-05,0.0,0.0,466.807535,545.0791545423363,545.0791545423363
input4000_rate2p5_reuse00_seed1,NEAREST_KV,205,0.0,15.791338,0.0,454.373613,0.0,470.164951,552.9869723619563,2.1168539256599672e-05,0.0,0.0,470.164951,552.9869935304955,552.9869935304955
input4000_rate2p5_reuse00_seed1,NEAREST_KV,197,0.0,18.521143,0.0,454.675757,5.684341886080802e-14,473.1969,547.512314600923,2.1168539256599672e-05,0.0,1.2068231093990036,473.19689999999997,548.7191588788612,548.7191588788612
input4000_rate2p5_reuse00_seed1,NEAREST_KV,214,0.0,14.24313,0.0,453.860685,0.0,468.103815,548.0395038668003,2.1168539256599672e-05,0.0,1.2273680828400515,468.103815,549.2668931181796,549.2668931181796
input4000_rate2p5_reuse00_seed1,NEAREST_KV,218,0.0,7.450245,0.0,462.867069,0.0,470.317314,551.2837455029681,2.1168539256599672e-05,0.0,1.41143458756423,470.317314,552.6952012590716,552.6952012590716
input4000_rate2p5_reuse00_seed1,NEAREST_KV,241,0.0,10.742887,0.0,462.661031,0.0,473.403918,553.0680784028605,2.1168539256599672e-05,0.0,3.039536995654899,473.403918,556.1076365670547,556.1076365670547
input4000_rate2p5_reuse00_seed1,NEAREST_KV,239,0.0,2.503595,0.0,464.03399,0.0,466.537585,551.9325938302018,2.1168539256599672e-05,0.0,0.0,466.53758500000004,551.932614998741,551.932614998741
input4000_rate2p5_reuse00_seed1,NEAREST_KV,282,0.0,123.750285,0.0,682.311092,0.0,806.061377,551.7298287279413,2.1168539256599672e-05,0.0,252.19415901920743,806.061377,803.924008915688,803.924008915688
input4000_rate2p5_reuse00_seed1,NEAREST_KV,291,0.0,16.232203,0.0,467.965858,0.0,484.198061,551.4865106052287,2.1168539256599672e-05,0.0,16.44672459896993,484.19806100000005,567.9332563727378,567.9332563727378
input4000_rate2p5_reuse00_seed1,NEAREST_KV,275,0.0,0.000899,0.0,453.994767,0.0,453.995666,542.7676112080273,2.1168539256599672e-05,0.0,0.0,453.995666,542.7676323765666,542.7676323765666
input4000_rate2p5_reuse00_seed1,NEAREST_KV,285,0.0,13.699404,0.0,460.965913,0.0,474.665317,543.7408836988777,2.1168539256599672e-05,0.0,5.472607172802128,474.665317,549.2135120402191,549.2135120402191
input4000_rate2p5_reuse00_seed1,NEAREST_KV,296,0.0,0.695137,0.0,470.060393,5.684341886080802e-14,470.75553,543.2948004739046,2.1168539256599672e-05,0.0,1.1000992208037275,470.75552999999996,544.3949208632476,544.3949208632478
input4000_rate2p5_reuse00_seed1,NEAREST_KV,281,0.0,3.406547,0.0,460.260759,0.0,463.667306,533.643181606305,2.1168539256599672e-05,0.0,2.1672619456146833,463.667306,535.810464720459,535.810464720459
input4000_rate2p5_reuse00_seed1,NEAREST_KV,12,0.0,0.020197,0.0,439.218678,0.0,439.238875,544.0247548420424,2.1168539256599672e-05,0.0,0.0,439.238875,544.0247760105816,544.0247760105816
input4000_rate2p5_reuse00_seed1,NEAREST_KV,15,0.0,2.800436,0.0,444.312543,0.0,447.112979,543.9436488011382,2.1168539256599672e-05,0.0,2.5686791190013025,447.112979,546.5123490886788,546.5123490886788
input4000_rate2p5_reuse00_seed1,NEAREST_KV,21,0.0,7.916569,0.0,451.418377,0.0,459.334946,549.58051864398,2.1168539256599672e-05,0.0,5.70018226322604,459.334946,555.2807220757453,555.2807220757453
input4000_rate2p5_reuse00_seed1,NEAREST_KV,16,0.0,10.932476,0.0,448.42508,0.0,459.357556,543.9030957806862,2.1168539256599672e-05,0.0,7.095130176930368,459.357556,550.9982471261558,550.9982471261558
input4000_rate2p5_reuse00_seed1,NEAREST_KV,23,0.0,6.214867,0.0,457.584777,0.0,463.799644,545.484663578318,2.1168539256599672e-05,0.0,11.742432436688112,463.799644,557.2271171835454,557.2271171835454
input4000_rate2p5_reuse00_seed1,NEAREST_KV,25,0.0,98.670313,0.0,685.456897,0.0,784.12721,543.7814367193298,2.1168539256599672e-05,0.0,254.56348687337507,784.12721,798.3449447612442,798.3449447612442
input4000_rate2p5_reuse00_seed1,NEAREST_KV,38,0.0,15.872457,0.0,462.068842,0.0,477.941299,553.6358206891899,2.1168539256599672e-05,0.0,0.0,477.941299,553.6358418577291,553.6358418577291
input4000_rate2p5_reuse00_seed1,NEAREST_KV,33,0.0,4.083634,0.0,459.67351,0.0,463.757144,543.9436488011382,2.1168539256599672e-05,0.0,1.1830212408950516,463.75714400000004,545.1266912105725,545.1266912105725
input4000_rate2p5_reuse00_seed1,NEAREST_KV,51,0.0,20.596189,0.0,440.823127,0.0,461.419316,550.1077079098573,2.1168539256599672e-05,0.0,0.0,461.419316,550.1077290783965,550.1077290783965
input4000_rate2p5_reuse00_seed1,NEAREST_KV,60,0.0,11.743323,0.0,468.880989,0.0,480.624312,552.0136998711059,2.1168539256599672e-05,0.0,0.0,480.624312,552.0137210396451,552.0137210396451
input4000_rate2p5_reuse00_seed1,NEAREST_KV,82,0.0,11.108451,0.0,453.118185,0.0,464.226636,553.3519495460253,2.1168539256599672e-05,0.0,0.0,464.226636,553.3519707145645,553.3519707145645
input4000_rate2p5_reuse00_seed1,NEAREST_KV,91,0.0,19.017246,0.0,454.229581,0.0,473.246827,550.797109257543,2.1168539256599672e-05,0.0,1.3348340977624602,473.246827,552.1319645238447,552.1319645238447
input4000_rate2p5_reuse00_seed1,NEAREST_KV,85,0.0,38.34046,0.0,454.623917,0.0,492.964377,544.3086259852071,2.1168539256599672e-05,0.0,232.50051284838764,492.964377,776.8091600021339,776.8091600021339
input4000_rate2p5_reuse00_seed1,NEAREST_KV,95,0.0,18.104877,0.0,453.894125,5.684341886080802e-14,471.999002,543.9030957806862,2.1168539256599672e-05,0.0,5.536564602024789,471.99900199999996,549.4396815512503,549.4396815512503
input4000_rate2p5_reuse00_seed1,NEAREST_KV,116,0.0,9.110449,0.0,453.187081,0.0,462.29753,546.4173830487163,2.1168539256599672e-05,0.0,0.0,462.29753,546.4174042172555,546.4174042172555
input4000_rate2p5_reuse00_seed1,NEAREST_KV,154,0.0,0.004732,0.0,439.218678,0.0,439.22341,550.4321320734741,2.1168539256599672e-05,0.0,0.0,439.22341,550.4321532420133,550.4321532420133
input4000_rate2p5_reuse00_seed1,NEAREST_KV,161,0.0,8.901171,0.0,457.84206,0.0,466.743231,554.0413508937108,2.1168539256599672e-05,0.0,0.0,466.743231,554.04137206225,554.04137206225
input4000_rate2p5_reuse00_seed1,NEAREST_KV,191,0.0,0.012635,0.0,452.914416,0.0,452.927051,543.862542760234,2.1168539256599672e-05,0.0,0.0,452.927051,543.8625639287732,543.8625639287732
input4000_rate2p5_reuse00_seed1,NEAREST_KV,209,0.0,10.421313,0.0,456.904827,0.0,467.32614,543.862542760234,2.1168539256599672e-05,0.0,0.0,467.32614,543.8625639287732,543.8625639287732
input4000_rate2p5_reuse00_seed1,NEAREST_KV,223,0.0,13.664629,0.0,461.049667,0.0,474.714296,550.1482609303093,2.1168539256599672e-05,0.0,0.0,474.714296,550.1482820988485,550.1482820988485
input4000_rate2p5_reuse00_seed1,NEAREST_KV,230,0.0,2.137533,0.0,456.910888,0.0,459.048421,543.9030957806862,2.1168539256599672e-05,0.0,0.0,459.048421,543.9031169492254,543.9031169492254
input4000_rate2p5_reuse00_seed1,NEAREST_KV,257,0.0,17.571604,0.0,459.588672,5.684341886080802e-14,477.160276,553.8791388119025,2.1168539256599672e-05,0.0,0.0,477.16027599999995,553.8791599804417,553.8791599804417
input4000_rate2p5_reuse00_seed1,NEAREST_KV,246,0.0,14.150292,0.0,461.220642,0.0,475.370934,543.7408836988777,2.1168539256599672e-05,0.0,0.0,475.370934,543.7409048674169,543.7409048674169
input4000_rate2p5_reuse00_seed1,NEAREST_KV,253,0.0,6.643064,0.0,458.66288,5.684341886080802e-14,465.305944,544.1058608829467,2.1168539256599672e-05,0.0,0.0,465.30594399999995,544.1058820514859,544.1058820514859
input4000_rate2p5_reuse00_seed1,NEAREST_KV,260,0.0,1.572984,0.0,458.479936,0.0,460.05292,546.6201481509768,2.1168539256599672e-05,0.0,1.1720546928064621,460.05292000000003,547.7922240123225,547.7922240123225
input4000_rate2p5_reuse00_seed1,NEAREST_KV,269,0.0,15.24052,0.0,462.742086,0.0,477.982606,547.4312085600187,2.1168539256599672e-05,0.0,1.2612982431873405,477.982606,548.6925279717453,548.6925279717453
input4000_rate2p5_reuse00_seed1,NEAREST_KV,280,0.0,16.867492,0.0,463.224247,0.0,480.091739,552.459783096079,2.1168539256599672e-05,0.0,0.0,480.09173899999996,552.4598042646182,552.4598042646182
input4000_rate2p5_reuse00_seed1,NEAREST_KV,297,0.0,10.56346,0.0,470.711684,0.0,481.275144,552.7031012187916,2.1168539256599672e-05,0.0,0.0,481.275144,552.7031223873308,552.7031223873308
input4000_rate2p5_reuse00_seed1,NEAREST_KV,292,0.0,13.823545,0.0,467.496589,0.0,481.320134,543.6192246375215,2.1168539256599672e-05,0.0,0.0,481.320134,543.6192458060607,543.6192458060607
input4000_rate2p5_reuse00_seed1,NEAREST_KV,299,0.0,42.211666,0.0,697.786566,0.0,739.998232,543.9436488011382,2.1168539256599672e-05,0.0,245.58985887704767,739.998232,789.5335288467252,789.5335288467252
input4000_rate2p5_reuse00_seed1,NEAREST_KV,24,0.0,0.000785,0.0,439.218678,0.0,439.219463,543.862542760234,2.1168539256599672e-05,0.0,0.0,439.219463,543.8625639287732,543.8625639287732
input4000_rate2p5_reuse00_seed1,NEAREST_KV,31,0.0,13.241973,0.0,444.835807,5.684341886080802e-14,458.07778,543.9030957806862,2.1168539256599672e-05,0.0,0.0,458.07777999999996,543.9031169492254,543.9031169492255
input4000_rate2p5_reuse00_seed1,NEAREST_KV,52,0.0,6.798918,0.0,449.978296,0.0,456.777214,553.9196918323546,2.1168539256599672e-05,0.0,0.0,456.777214,553.9197130008938,553.9197130008938
input4000_rate2p5_reuse00_seed1,NEAREST_KV,71,0.0,29.712067,0.0,679.581759,0.0,709.293826,553.7574797505462,2.1168539256599672e-05,0.0,241.6193912484381,709.2938260000001,795.3768921675235,795.3768921675235
input4000_rate2p5_reuse00_seed1,NEAREST_KV,70,0.0,16.605019,0.0,454.577947,0.0,471.182966,548.4855870917734,2.1168539256599672e-05,0.0,0.0,471.18296599999996,548.4856082603126,548.4856082603126
input4000_rate2p5_reuse00_seed1,NEAREST_KV,87,0.0,8.544021,0.0,449.254232,0.0,457.798253,551.6487226870371,2.1168539256599672e-05,0.0,0.0,457.798253,551.6487438555763,551.6487438555763
input4000_rate2p5_reuse00_seed1,NEAREST_KV,100,0.0,49.157865,0.0,682.858798,0.0,732.016663,551.7298287279413,2.1168539256599672e-05,0.0,245.97160921790675,732.016663,797.7014591143873,797.7014591143873
input4000_rate2p5_reuse00_seed1,NEAREST_KV,97,0.0,17.563791,0.0,456.863615,5.684341886080802e-14,474.427406,550.837662277995,2.1168539256599672e-05,0.0,0.0,474.42740599999996,550.8376834465342,550.8376834465344
input4000_rate2p5_reuse00_seed1,NEAREST_KV,114,0.0,18.031912,0.0,452.538345,5.684341886080802e-14,470.570257,552.9464193415042,2.1168539256599672e-05,0.0,0.0,470.57025699999997,552.9464405100434,552.9464405100434
input4000_rate2p5_reuse00_seed1,NEAREST_KV,139,0.0,19.164931,0.0,452.013673,0.0,471.178604,553.676373709642,2.1168539256599672e-05,0.0,1.389405361468917,471.178604,555.0658002396502,555.0658002396502
input4000_rate2p5_reuse00_seed1,NEAREST_KV,126,0.0,3.44749,0.0,452.723401,0.0,456.170891,545.2007924351533,2.1168539256599672e-05,0.0,0.0,456.17089100000004,545.2008136036925,545.2008136036925
input4000_rate2p5_reuse00_seed1,NEAREST_KV,127,0.0,193.263292,0.0,454.282861,0.0,647.546153,543.7003306784256,2.1168539256599672e-05,0.0,232.47680710980183,647.546153,776.1771589567668,776.1771589567668
input4000_rate2p5_reuse00_seed1,NEAREST_KV,144,0.0,18.486027,0.0,453.942861,0.0,472.428888,543.862542760234,2.1168539256599672e-05,0.0,0.0,472.428888,543.8625639287732,543.8625639287732
input4000_rate2p5_reuse00_seed1,NEAREST_KV,157,0.0,16.337402,0.0,454.771341,0.0,471.108743,550.3104730121178,2.1168539256599672e-05,0.0,0.0,471.108743,550.310494180657,550.310494180657
input4000_rate2p5_reuse00_seed1,NEAREST_KV,171,0.0,4.292726,0.0,452.906889,0.0,457.199615,553.6358206891899,2.1168539256599672e-05,0.0,0.0,457.199615,553.6358418577291,553.6358418577291
input4000_rate2p5_reuse00_seed1,NEAREST_KV,175,0.0,6.712085,0.0,465.410828,0.0,472.122913,553.270843505121,2.1168539256599672e-05,0.0,243.61883609414045,472.122913,796.8897007678007,796.8897007678007
input4000_rate2p5_reuse00_seed1,NEAREST_KV,173,0.0,106.378728,0.0,454.443757,0.0,560.822485,545.8090877419347,2.1168539256599672e-05,0.0,237.02938254513435,560.822485,782.8384914556084,782.8384914556084
input4000_rate2p5_reuse00_seed1,NEAREST_KV,183,0.0,2.210135,0.0,466.908073,0.0,469.118208,550.837662277995,2.1168539256599672e-05,0.0,0.0,469.118208,550.8376834465342,550.8376834465342
input4000_rate2p5_reuse00_seed1,NEAREST_KV,195,0.0,2.320601,0.0,458.458447,0.0,460.779048,554.0007978732588,2.1168539256599672e-05,0.0,0.0,460.779048,554.000819041798,554.000819041798
input4000_rate2p5_reuse00_seed1,NEAREST_KV,203,0.0,21.105007,0.0,468.125798,0.0,489.230805,552.3786770551749,2.1168539256599672e-05,0.0,1.5117408159518178,489.230805,553.8904390396659,553.8904390396659
input4000_rate2p5_reuse00_seed1,NEAREST_KV,208,0.0,17.77899,0.0,466.098073,0.0,483.877063,552.2570179938185,2.1168539256599672e-05,0.0,16.70729546357775,483.877063,568.9643346259355,568.9643346259355
input4000_rate2p5_reuse00_seed1,NEAREST_KV,200,0.0,16.978353,0.0,466.555855,0.0,483.534208,543.9842018215903,2.1168539256599672e-05,0.0,0.0,483.53420800000004,543.9842229901295,543.9842229901295
input4000_rate2p5_reuse00_seed1,NEAREST_KV,206,0.0,3.510912,0.0,427.094125,0.0,430.605037,544.1869669238508,2.1168539256599672e-05,0.0,11.864767891170999,430.60503700000004,556.0517559835611,556.0517559835611
input4000_rate2p5_reuse00_seed1,NEAREST_KV,222,0.0,6.663459,0.0,474.662052,0.0,481.325511,545.7685347214826,2.1168539256599672e-05,0.0,0.0,481.325511,545.7685558900218,545.7685558900218
input4000_rate2p5_reuse00_seed1,NEAREST_KV,227,0.0,14.428983,0.0,472.213192,0.0,486.642175,543.8219897397819,2.1168539256599672e-05,0.0,0.0,486.642175,543.8220109083211,543.8220109083211
input4000_rate2p5_reuse00_seed1,NEAREST_KV,262,0.0,0.869266,0.0,458.772137,5.684341886080802e-14,459.641403,549.6616246848841,2.1168539256599672e-05,0.0,0.0,459.64140299999997,549.6616458534234,549.6616458534234
input4000_rate2p5_reuse00_seed1,NEAREST_KV,268,0.0,3.770533,0.0,453.07362,0.0,456.844153,552.9464193415042,2.1168539256599672e-05,0.0,0.0,456.844153,552.9464405100434,552.9464405100434
input4000_rate2p5_reuse00_seed1,NEAREST_KV,273,0.0,5.100484,0.0,452.711707,0.0,457.812191,553.7980327709984,2.1168539256599672e-05,0.0,1.3365106102529722,457.812191,555.1345645497906,555.1345645497906
input4000_rate2p5_reuse00_seed1,NEAREST_KV,290,0.0,13.079077,0.0,462.025458,0.0,475.104535,543.7003306784256,2.1168539256599672e-05,0.0,0.0,475.104535,543.7003518469648,543.7003518469648
input4000_rate2p5_reuse00_seed1,NEAREST_KV,8,0.0,0.002239,0.0,439.218678,0.0,439.220917,546.9851253350457,2.1168539256599672e-05,0.0,0.0,439.220917,546.9851465035849,546.9851465035849
input4000_rate2p5_reuse00_seed1,NEAREST_KV,14,0.0,3.904459,0.0,444.704351,5.684341886080802e-14,448.60881,543.7814367193298,2.1168539256599672e-05,0.0,0.0,448.60880999999995,543.781457887869,543.781457887869
input4000_rate2p5_reuse00_seed1,NEAREST_KV,39,0.0,1.544485,0.0,446.380639,0.0,447.925124,550.6754501961867,2.1168539256599672e-05,0.0,0.0,447.925124,550.6754713647259,550.6754713647259
input4000_rate2p5_reuse00_seed1,NEAREST_KV,46,0.0,4.414484,0.0,449.854936,0.0,454.26942,553.270843505121,2.1168539256599672e-05,0.0,0.0,454.26942,553.2708646736602,553.2708646736602
input4000_rate2p5_reuse00_seed1,NEAREST_KV,50,0.0,13.14077,0.0,448.557432,0.0,461.698202,552.6625481983396,2.1168539256599672e-05,0.0,1.2922598982261064,461.698202,553.9548292651049,553.9548292651049
input4000_rate2p5_reuse00_seed1,NEAREST_KV,54,0.0,1.325046,0.0,451.253385,5.684341886080802e-14,452.578431,551.8109347688454,2.1168539256599672e-05,0.0,1.3167077631390498,452.57843099999997,553.1276637005237,553.1276637005237
input4000_rate2p5_reuse00_seed1,NEAREST_KV,64,0.0,2.380381,0.0,453.632269,0.0,456.01265,543.9436488011382,2.1168539256599672e-05,0.0,1.0677494430288377,456.01265,545.0114194127063,545.0114194127063
input4000_rate2p5_reuse00_seed1,NEAREST_KV,101,0.0,0.005622,0.0,439.218678,0.0,439.2243,550.391579053022,2.1168539256599672e-05,0.0,0.0,439.2243,550.3916002215612,550.3916002215612
input4000_rate2p5_reuse00_seed1,NEAREST_KV,113,0.0,9.217491,0.0,444.992895,5.684341886080802e-14,454.210386,543.9436488011382,2.1168539256599672e-05,0.0,0.0,454.21038599999997,543.9436699696774,543.9436699696776
input4000_rate2p5_reuse00_seed1,NEAREST_KV,120,0.0,11.886598,0.0,449.027736,0.0,460.914334,543.862542760234,2.1168539256599672e-05,0.0,0.0,460.914334,543.8625639287732,543.8625639287732
input4000_rate2p5_reuse00_seed1,NEAREST_KV,132,0.0,19.016637,0.0,452.471081,0.0,471.487718,545.4441105578659,2.1168539256599672e-05,0.0,0.0,471.48771800000003,545.4441317264051,545.4441317264051
input4000_rate2p5_reuse00_seed1,NEAREST_KV,133,0.0,8.999377,0.0,451.755689,0.0,460.755066,543.457012555713,2.1168539256599672e-05,0.0,0.0,460.755066,543.4570337242523,543.4570337242523
input4000_rate2p5_reuse00_seed1,NEAREST_KV,146,0.0,4.749136,0.0,454.289837,0.0,459.038973,546.9851253350457,2.1168539256599672e-05,0.0,1.1862781359579557,459.038973,548.1714246395429,548.1714246395429
input4000_rate2p5_reuse00_seed1,NEAREST_KV,148,0.0,2.90548,0.0,457.134985,0.0,460.040465,543.9436488011382,2.1168539256599672e-05,0.0,7.26961825630211,460.040465,551.2132882259796,551.2132882259796
input4000_rate2p5_reuse00_seed1,NEAREST_KV,172,0.0,13.071928,0.0,458.085769,0.0,471.157697,553.1897374642168,2.1168539256599672e-05,0.0,0.0,471.15769700000004,553.189758632756,553.189758632756
input4000_rate2p5_reuse00_seed1,NEAREST_KV,160,0.0,12.914178,0.0,458.036041,0.0,470.950219,543.8219897397819,2.1168539256599672e-05,0.0,0.0,470.950219,543.8220109083211,543.8220109083211
input4000_rate2p5_reuse00_seed1,NEAREST_KV,182,0.0,15.708626,0.0,464.342268,5.684341886080802e-14,480.050894,551.9325938302018,2.1168539256599672e-05,0.0,0.0,480.05089399999997,551.932614998741,551.932614998741
input4000_rate2p5_reuse00_seed1,NEAREST_KV,178,0.0,17.8612,0.0,467.989179,0.0,485.850379,544.1869669238508,2.1168539256599672e-05,0.0,0.0,485.850379,544.18698809239,544.18698809239
input4000_rate2p5_reuse00_seed1,NEAREST_KV,196,0.0,3.868473,0.0,464.109541,0.0,467.978014,551.9325938302018,2.1168539256599672e-05,0.0,0.0,467.978014,551.932614998741,551.932614998741
input4000_rate2p5_reuse00_seed1,NEAREST_KV,199,0.0,14.398416,0.0,462.533063,0.0,476.931479,550.7565562370909,2.1168539256599672e-05,0.0,3.064726986894989,476.931479,553.8213043925251,553.8213043925251
input4000_rate2p5_reuse00_seed1,NEAREST_KV,210,0.0,5.518754,0.0,465.656851,0.0,471.175605,552.9058663210521,2.1168539256599672e-05,0.0,1.4746498904597587,471.175605,554.3805373800511,554.3805373800511
input4000_rate2p5_reuse00_seed1,NEAREST_KV,217,0.0,13.478407,0.0,463.851915,0.0,477.330322,551.1620864416119,2.1168539256599672e-05,0.0,1.4643293387801748,477.330322,552.6264369489313,552.6264369489313
input4000_rate2p5_reuse00_seed1,NEAREST_KV,219,0.0,15.465056,0.0,470.280548,0.0,485.745604,550.9187683188993,2.1168539256599672e-05,0.0,12.127111398187452,485.745604,563.045900885626,563.045900885626
input4000_rate2p5_reuse00_seed1,NEAREST_KV,212,0.0,153.34285,0.0,463.583092,0.0,616.925942,543.9436488011382,2.1168539256599672e-05,0.0,241.73594097106582,616.9259420000001,785.6796109407433,785.6796109407433
input4000_rate2p5_reuse00_seed1,NEAREST_KV,238,0.0,43.9239,0.0,697.988427,0.0,741.912327,549.8643897871447,2.1168539256599672e-05,0.0,241.38935763452827,741.912327,791.2537685902122,791.2537685902122
input4000_rate2p5_reuse00_seed1,NEAREST_KV,237,0.0,6.787768,0.0,470.905049,0.0,477.692817,544.5924971283719,2.1168539256599672e-05,0.0,0.0,477.692817,544.5925182969111,544.5925182969111
input4000_rate2p5_reuse00_seed1,NEAREST_KV,250,0.0,19.128994,0.0,460.833308,5.684341886080802e-14,479.962302,545.2818984760574,2.1168539256599672e-05,0.0,1.1775379668507497,479.96230199999997,546.4594576114474,546.4594576114475
input4000_rate2p5_reuse00_seed1,NEAREST_KV,261,0.0,19.09371,0.0,460.258418,0.0,479.352128,550.5943441552824,2.1168539256599672e-05,0.0,0.0,479.352128,550.5943653238216,550.5943653238216
input4000_rate2p5_reuse00_seed1,NEAREST_KV,271,0.0,7.852694,0.0,462.611097,5.684341886080802e-14,470.463791,551.3648515438724,2.1168539256599672e-05,0.0,0.0,470.46379099999996,551.3648727124116,551.3648727124116
input4000_rate2p5_reuse00_seed1,NEAREST_KV,276,0.0,12.113057,0.0,461.998022,0.0,474.111079,551.1620864416119,2.1168539256599672e-05,0.0,0.0,474.111079,551.1621076101511,551.1621076101511
input4000_rate2p5_reuse00_seed1,NEAREST_KV,0,0.0,0.0,0.0,439.218678,0.0,439.218678,554.2441159959714,2.1168539256599672e-05,0.0,0.0,439.218678,554.2441371645106,554.2441371645106
input4000_rate2p5_reuse00_seed1,NEAREST_KV,6,0.0,4.419682,0.0,444.708255,0.0,449.127937,548.1611629281565,2.1168539256599672e-05,0.0,0.0,449.12793700000003,548.1611840966957,548.1611840966957
input4000_rate2p5_reuse00_seed1,NEAREST_KV,41,0.0,0.001983,0.0,439.218678,0.0,439.220661,552.9464193415042,2.1168539256599672e-05,0.0,0.0,439.220661,552.9464405100434,552.9464405100434
input4000_rate2p5_reuse00_seed1,NEAREST_KV,63,0.0,87.180244,0.0,672.184605,0.0,759.364849,551.8109347688454,2.1168539256599672e-05,0.0,241.58269132844367,759.364849,793.3936472658283,793.3936472658283
input4000_rate2p5_reuse00_seed1,NEAREST_KV,62,0.0,12.466156,0.0,449.663709,0.0,462.129865,545.079133373797,2.1168539256599672e-05,0.0,0.0,462.129865,545.0791545423363,545.0791545423363
input4000_rate2p5_reuse00_seed1,NEAREST_KV,86,0.0,9.191522,0.0,449.89836,0.0,459.089882,543.9436488011382,2.1168539256599672e-05,0.0,0.0,459.08988200000005,543.9436699696774,543.9436699696774
input4000_rate2p5_reuse00_seed1,NEAREST_KV,128,0.0,0.005577,0.0,439.218678,0.0,439.224255,551.3648515438724,2.1168539256599672e-05,0.0,0.0,439.224255,551.3648727124116,551.3648727124116
input4000_rate2p5_reuse00_seed1,NEAREST_KV,140,0.0,11.813603,0.0,448.635352,0.0,460.448955,552.9869723619563,2.1168539256599672e-05,0.0,1.304902958805215,460.448955,554.2918964893008,554.2918964893008
input4000_rate2p5_reuse00_seed1,NEAREST_KV,134,0.0,12.628005,0.0,444.524831,0.0,457.152836,547.3906555395666,2.1168539256599672e-05,0.0,0.0,457.152836,547.3906767081058,547.3906767081058
input4000_rate2p5_reuse00_seed1,NEAREST_KV,153,0.0,5.014338,0.0,452.263273,0.0,457.277611,547.7556327236355,2.1168539256599672e-05,0.0,0.0,457.27761100000004,547.7556538921747,547.7556538921747
input4000_rate2p5_reuse00_seed1,NEAREST_KV,162,0.0,5.417669,0.0,452.472489,0.0,457.890158,549.3777535417195,2.1168539256599672e-05,0.0,0.0,457.890158,549.3777747102587,549.3777747102587
input4000_rate2p5_reuse00_seed1,NEAREST_KV,185,0.0,4.718773,0.0,452.493033,0.0,457.211806,551.5270636256807,2.1168539256599672e-05,0.0,0.0,457.211806,551.52708479422,551.52708479422
input4000_rate2p5_reuse00_seed1,NEAREST_KV,190,0.0,3.643247,0.0,451.892361,5.684341886080802e-14,455.535608,552.9058663210521,2.1168539256599672e-05,0.0,1.3593780925935306,455.53560799999997,554.265265582185,554.2652655821851
input4000_rate2p5_reuse00_seed1,NEAREST_KV,179,0.0,2.236726,0.0,449.898968,0.0,452.135694,544.6330501488239,2.1168539256599672e-05,0.0,0.0,452.135694,544.6330713173631,544.6330713173631
input4000_rate2p5_reuse00_seed1,NEAREST_KV,198,0.0,12.266382,0.0,456.948745,0.0,469.215127,550.9998743598035,2.1168539256599672e-05,0.0,5.8707674511258645,469.215127,556.8706629794686,556.8706629794686
input4000_rate2p5_reuse00_seed1,NEAREST_KV,194,0.0,15.818091,0.0,453.846637,5.684341886080802e-14,469.664728,544.9169212919886,2.1168539256599672e-05,0.0,1.1056786247661492,469.66472799999997,546.0226210852941,546.0226210852941
input4000_rate2p5_reuse00_seed1,NEAREST_KV,216,0.0,9.436873,0.0,474.106086,0.0,483.542959,550.2699199916657,2.1168539256599672e-05,0.0,7.573793836527791,483.542959,557.8437349967328,557.8437349967328
input4000_rate2p5_reuse00_seed1,NEAREST_KV,221,0.0,4.571184,0.0,471.570037,0.0,476.141221,554.0007978732588,2.1168539256599672e-05,0.0,1.6325920177804534,476.14122100000003,555.6334110595785,555.6334110595785
input4000_rate2p5_reuse00_seed1,NEAREST_KV,211,0.0,12.936402,0.0,465.919836,5.684341886080802e-14,478.856238,546.3768300282642,2.1168539256599672e-05,0.0,0.0,478.85623799999996,546.3768511968034,546.3768511968035
input4000_rate2p5_reuse00_seed1,NEAREST_KV,240,0.0,0.443964,0.0,463.694872,5.684341886080802e-14,464.138836,551.2431924825161,2.1168539256599672e-05,0.0,0.0,464.13883599999997,551.2432136510553,551.2432136510554
input4000_rate2p5_reuse00_seed1,NEAREST_KV,252,0.0,18.967478,0.0,468.001382,5.684341886080802e-14,486.96886,553.7169267300941,2.1168539256599672e-05,0.0,7.650490456247695,486.96885999999995,561.3674383548811,561.3674383548812
input4000_rate2p5_reuse00_seed1,NEAREST_KV,254,0.0,18.81685,0.0,453.906896,0.0,472.723746,554.0413508937108,2.1168539256599672e-05,0.0,1.4036288046204106,472.723746,555.4450008668705,555.4450008668705
input4000_rate2p5_reuse00_seed1,NEAREST_KV,247,0.0,8.164844,0.0,462.276031,0.0,470.440875,545.8090877419347,2.1168539256599672e-05,0.0,0.0,470.440875,545.8091089104739,545.8091089104739
input4000_rate2p5_reuse00_seed1,NEAREST_KV,279,0.0,18.487911,0.0,460.036642,5.684341886080802e-14,478.524553,551.1620864416119,2.1168539256599672e-05,0.0,0.0,478.52455299999997,551.1621076101511,551.1621076101512
input4000_rate2p5_reuse00_seed1,NEAREST_KV,284,0.0,11.352643,0.0,459.322006,0.0,470.674649,553.5547146482857,2.1168539256599672e-05,0.0,0.0,470.674649,553.5547358168249,553.5547358168249
input4000_rate2p5_reuse00_seed1,NEAREST_KV,293,0.0,2.068874,0.0,452.998579,0.0,455.067453,544.1869669238508,2.1168539256599672e-05,0.0,0.961959940596941,455.067453,545.148948032987,545.148948032987
input4000_rate2p5_reuse00_seed1,NEAREST_MIGRATE,13,0.0,0.002391,0.0,439.218678,0.0,439.221069,550.797109257543,2.1168539256599672e-05,0.0,0.0,439.221069,550.7971304260822,550.7971304260822
input4000_rate2p5_reuse00_seed1,NEAREST_MIGRATE,32,0.0,5.323026,0.0,446.055391,0.0,451.378417,551.6487226870371,2.1168539256599672e-05,0.0,0.0,451.378417,551.6487438555763,551.6487438555763
input4000_rate2p5_reuse00_seed1,NEAREST_MIGRATE,42,0.0,13.474013,0.0,444.847327,0.0,458.32134,550.4726850939262,2.1168539256599672e-05,0.0,0.0,458.32134,550.4727062624654,550.4727062624654
input4000_rate2p5_reuse00_seed1,NEAREST_MIGRATE,67,0.0,14.475003,0.0,445.525471,0.0,460.000474,551.0404273802556,2.1168539256599672e-05,0.0,0.0,460.000474,551.0404485487948,551.0404485487948
input4000_rate2p5_reuse00_seed1,NEAREST_MIGRATE,68,0.0,10.248011,0.0,448.946328,0.0,459.194339,543.8219897397819,2.1168539256599672e-05,0.0,1.3124494707019423,459.194339,545.134460379023,545.134460379023
input4000_rate2p5_reuse00_seed1,NEAREST_MIGRATE,81,0.0,1.482449,0.0,449.14572,5.684341886080802e-14,450.628169,551.0404273802556,2.1168539256599672e-05,0.0,0.0,450.62816899999996,551.0404485487948,551.0404485487948
input4000_rate2p5_reuse00_seed1,NEAREST_MIGRATE,83,0.0,8.178354,0.0,451.566185,0.0,459.744539,551.0809804007076,2.1168539256599672e-05,0.0,1.6529738500925717,459.74453900000003,552.7339754193395,552.7339754193395
input4000_rate2p5_reuse00_seed1,NEAREST_MIGRATE,88,0.0,4.736773,0.0,453.840397,0.0,458.57717,543.8219897397819,2.1168539256599672e-05,0.0,0.0,458.57717,543.8220109083211,543.8220109083211
input4000_rate2p5_reuse00_seed1,NEAREST_MIGRATE,103,0.0,9.885621,0.0,457.938345,0.0,467.823966,552.1353589324623,2.1168539256599672e-05,0.0,0.0,467.82396600000004,552.1353801010015,552.1353801010015
input4000_rate2p5_reuse00_seed1,NEAREST_MIGRATE,96,0.0,14.271654,0.0,457.604105,0.0,471.875759,543.9030957806862,2.1168539256599672e-05,0.0,0.0,471.875759,543.9031169492254,543.9031169492254
input4000_rate2p5_reuse00_seed1,NEAREST_MIGRATE,109,0.0,20.647058,0.0,457.547081,0.0,478.194139,551.4459575847766,2.1168539256599672e-05,0.0,0.0,478.194139,551.4459787533158,551.4459787533158
input4000_rate2p5_reuse00_seed1,NEAREST_MIGRATE,117,0.0,8.494168,0.0,454.007309,0.0,462.501477,543.9436488011382,2.1168539256599672e-05,0.0,0.0,462.501477,543.9436699696774,543.9436699696774
input4000_rate2p5_reuse00_seed1,NEAREST_MIGRATE,135,0.0,4.92411,0.0,455.021453,0.0,459.945563,548.4450340713213,2.1168539256599672e-05,0.0,0.0,459.945563,548.4450552398605,548.4450552398605
input4000_rate2p5_reuse00_seed1,NEAREST_MIGRATE,150,0.0,7.572189,0.0,449.58236,0.0,457.154549,549.2966475008153,2.1168539256599672e-05,0.0,0.0,457.154549,549.2966686693545,549.2966686693545
input4000_rate2p5_reuse00_seed1,NEAREST_MIGRATE,159,0.0,18.067719,0.0,449.554872,0.0,467.622591,543.6597776579736,2.1168539256599672e-05,0.0,0.0,467.622591,543.6597988265128,543.6597988265128
input4000_rate2p5_reuse00_seed1,NEAREST_MIGRATE,177,0.0,93.999821,0.0,696.585722,0.0,790.585543,552.7031012187916,2.1168539256599672e-05,0.0,249.13165109821685,790.585543,801.8347734855478,801.8347734855478
input4000_rate2p5_reuse00_seed1,NEAREST_MIGRATE,176,0.0,14.958907,0.0,462.857307,0.0,477.816214,551.202639462064,2.1168539256599672e-05,0.0,0.041513523971033806,477.816214,551.2441741545742,551.2441741545742
input4000_rate2p5_reuse00_seed1,NEAREST_MIGRATE,167,0.0,6.735752,0.0,452.421577,0.0,459.157329,543.9436488011382,2.1168539256599672e-05,0.0,0.0,459.157329,543.9436699696774,543.9436699696774
input4000_rate2p5_reuse00_seed1,NEAREST_MIGRATE,169,0.0,19.333654,0.0,457.240999,0.0,476.574653,543.862542760234,2.1168539256599672e-05,0.0,5.8996971927089135,476.574653,549.7622611214821,549.7622611214821
input4000_rate2p5_reuse00_seed1,NEAREST_MIGRATE,192,0.0,15.12868,0.0,461.285391,0.0,476.414071,554.1224569346151,2.1168539256599672e-05,0.0,0.0,476.414071,554.1224781031543,554.1224781031543
input4000_rate2p5_reuse00_seed1,NEAREST_MIGRATE,248,0.0,0.01145,0.0,453.994767,0.0,454.006217,553.1086314233127,2.1168539256599672e-05,0.0,0.0,454.00621700000005,553.1086525918519,553.1086525918519
input4000_rate2p5_reuse00_seed1,NEAREST_MIGRATE,251,0.0,172.571049,0.0,455.580674,0.0,628.151723,547.3095494986625,2.1168539256599672e-05,0.0,230.8450460351896,628.151723,778.1546167023913,778.1546167023913
input4000_rate2p5_reuse00_seed1,NEAREST_MIGRATE,272,0.0,5.144571,0.0,460.397349,0.0,465.54192,548.0395038668003,2.1168539256599672e-05,0.0,0.0,465.54192,548.0395250353395,548.0395250353395
input4000_rate2p5_reuse00_seed1,NEAREST_MIGRATE,286,0.0,3.667589,0.0,457.202656,0.0,460.870245,543.8219897397819,2.1168539256599672e-05,0.0,0.0,460.870245,543.8220109083211,543.8220109083211
input4000_rate2p5_reuse00_seed1,NEAREST_MIGRATE,2,0.0,0.048801,0.0,439.218678,0.0,439.267479,543.9030957806862,2.1168539256599672e-05,0.0,0.0,439.26747900000004,543.9031169492254,543.9031169492254
input4000_rate2p5_reuse00_seed1,NEAREST_MIGRATE,11,0.0,3.733552,0.0,445.152255,0.0,448.885807,553.8385857914504,2.1168539256599672e-05,0.0,0.0,448.885807,553.8386069599896,553.8386069599896
input4000_rate2p5_reuse00_seed1,NEAREST_MIGRATE,20,0.0,7.669419,0.0,449.363064,0.0,457.032483,544.3897320261113,2.1168539256599672e-05,0.0,0.0,457.032483,544.3897531946506,544.3897531946506
input4000_rate2p5_reuse00_seed1,NEAREST_MIGRATE,37,0.0,166.506775,0.0,448.989112,5.684341886080802e-14,615.495887,553.270843505121,2.1168539256599672e-05,0.0,231.23179251467718,615.495887,784.5026571883375,784.5026571883375
input4000_rate2p5_reuse00_seed1,NEAREST_MIGRATE,36,0.0,2.971294,0.0,445.613791,0.0,448.585085,552.2975710142706,2.1168539256599672e-05,0.0,0.0,448.585085,552.2975921828098,552.2975921828098
input4000_rate2p5_reuse00_seed1,NEAREST_MIGRATE,61,0.0,12.455401,0.0,457.465865,0.0,469.921266,553.3113965255732,2.1168539256599672e-05,0.0,0.1813293166683465,469.921266,553.4927470107808,553.4927470107808
input4000_rate2p5_reuse00_seed1,NEAREST_MIGRATE,45,0.0,156.514344,0.0,682.066766,0.0,838.58111,543.9030957806862,2.1168539256599672e-05,0.0,248.82786652348884,838.5811100000001,792.7309834727142,792.7309834727142
input4000_rate2p5_reuse00_seed1,NEAREST_MIGRATE,44,0.0,9.760104,0.0,456.283935,0.0,466.044039,543.7003306784256,2.1168539256599672e-05,0.0,0.0,466.044039,543.7003518469648,543.7003518469648
input4000_rate2p5_reuse00_seed1,NEAREST_MIGRATE,66,0.0,2.301348,0.0,457.081641,0.0,459.382989,551.9731468506538,2.1168539256599672e-05,0.0,0.0,459.382989,551.973168019193,551.973168019193
input4000_rate2p5_reuse00_seed1,NEAREST_MIGRATE,80,0.0,14.678653,0.0,454.553325,5.684341886080802e-14,469.231978,546.3362770078121,2.1168539256599672e-05,0.0,0.0,469.23197799999997,546.3362981763513,546.3362981763514
input4000_rate2p5_reuse00_seed1,NEAREST_MIGRATE,98,0.0,9.176178,0.0,452.271305,0.0,461.447483,552.6219951778875,2.1168539256599672e-05,0.0,0.0,461.447483,552.6220163464267,552.6220163464267
input4000_rate2p5_reuse00_seed1,NEAREST_MIGRATE,94,0.0,4.332302,0.0,455.207053,0.0,459.539355,545.9712998237432,2.1168539256599672e-05,0.0,0.0,459.539355,545.9713209922824,545.9713209922824
input4000_rate2p5_reuse00_seed1,NEAREST_MIGRATE,115,0.0,18.199938,0.0,457.302153,5.684341886080802e-14,475.502091,551.8920408097497,2.1168539256599672e-05,0.0,6.270248840974922,475.50209099999995,558.1623108192639,558.1623108192639
input4000_rate2p5_reuse00_seed1,NEAREST_MIGRATE,110,0.0,2.865712,0.0,454.373517,5.684341886080802e-14,457.239229,550.7565562370909,2.1168539256599672e-05,0.0,0.0,457.23922899999997,550.7565774056301,550.7565774056302
input4000_rate2p5_reuse00_seed1,NEAREST_MIGRATE,105,0.0,6.413936,0.0,452.214057,0.0,458.627993,543.862542760234,2.1168539256599672e-05,0.0,0.0,458.627993,543.8625639287732,543.8625639287732
input4000_rate2p5_reuse00_seed1,NEAREST_MIGRATE,129,0.0,3.393015,0.0,457.911017,0.0,461.304032,552.0948059120101,2.1168539256599672e-05,0.0,0.0,461.304032,552.0948270805493,552.0948270805493
input4000_rate2p5_reuse00_seed1,NEAREST_MIGRATE,143,0.0,6.739668,0.0,463.167756,0.0,469.907424,553.5547146482857,2.1168539256599672e-05,0.0,0.0,469.907424,553.5547358168249,553.5547358168249
input4000_rate2p5_reuse00_seed1,NEAREST_MIGRATE,158,0.0,9.199628,0.0,456.508645,0.0,465.708273,549.9454958280489,2.1168539256599672e-05,0.0,0.0,465.708273,549.9455169965881,549.9455169965881
input4000_rate2p5_reuse00_seed1,NEAREST_MIGRATE,164,0.0,4.683151,0.0,457.225473,0.0,461.908624,552.7436542392437,2.1168539256599672e-05,0.0,0.0,461.90862400000003,552.7436754077829,552.7436754077829
input4000_rate2p5_reuse00_seed1,NEAREST_MIGRATE,174,0.0,17.779428,0.0,453.988502,0.0,471.76793,543.862542760234,2.1168539256599672e-05,0.0,0.0,471.76793,543.8625639287732,543.8625639287732
input4000_rate2p5_reuse00_seed1,NEAREST_MIGRATE,186,0.0,17.150777,0.0,460.580721,0.0,477.731498,551.4054045643245,2.1168539256599672e-05,0.0,0.0,477.731498,551.4054257328637,551.4054257328637
input4000_rate2p5_reuse00_seed1,NEAREST_MIGRATE,187,0.0,3.931968,0.0,458.284845,0.0,462.216813,544.8358152510843,2.1168539256599672e-05,0.0,1.4672308328778882,462.216813,546.3030672525015,546.3030672525015
input4000_rate2p5_reuse00_seed1,NEAREST_MIGRATE,204,0.0,18.166891,0.0,460.249689,0.0,478.41658,553.1897374642168,2.1168539256599672e-05,0.0,0.0,478.41658,553.189758632756,553.189758632756
input4000_rate2p5_reuse00_seed1,NEAREST_MIGRATE,215,0.0,5.737259,0.0,459.094206,0.0,464.831465,553.0275253824084,2.1168539256599672e-05,0.0,0.0,464.831465,553.0275465509476,553.0275465509476
input4000_rate2p5_reuse00_seed1,NEAREST_MIGRATE,220,0.0,12.625742,0.0,458.434285,0.0,471.060027,551.7703817483933,2.1168539256599672e-05,0.0,0.0,471.060027,551.7704029169325,551.7704029169325
input4000_rate2p5_reuse00_seed1,NEAREST_MIGRATE,265,0.0,0.026462,0.0,450.499513,5.684341886080802e-14,450.525975,553.270843505121,2.1168539256599672e-05,0.0,0.0,450.52597499999996,553.2708646736602,553.2708646736603
input4000_rate2p5_reuse00_seed1,NEAREST_MIGRATE,266,0.0,3.938343,0.0,450.855603,5.684341886080802e-14,454.793946,553.6358206891899,2.1168539256599672e-05,0.0,0.0,454.79394599999995,553.6358418577291,553.6358418577292
input4000_rate2p5_reuse00_seed1,NEAREST_MIGRATE,274,0.0,2.657813,0.0,452.51213,0.0,455.169943,543.8219897397819,2.1168539256599672e-05,0.0,0.0,455.169943,543.8220109083211,543.8220109083211
input4000_rate2p5_reuse00_seed1,NEAREST_MIGRATE,278,0.0,11.008481,0.0,459.522666,0.0,470.531147,543.7408836988777,2.1168539256599672e-05,0.0,10.307715687626988,470.53114700000003,554.048620555044,554.048620555044
input4000_rate2p5_reuse00_seed1,NEAREST_MIGRATE,295,0.0,3.880604,0.0,463.821859,0.0,467.702463,552.5003361165311,2.1168539256599672e-05,0.0,0.0,467.702463,552.5003572850703,552.5003572850703
input4000_rate2p5_reuse00_seed1,NEAREST_MIGRATE,1,0.0,0.182754,0.0,439.218678,0.0,439.401432,546.9445723145935,2.1168539256599672e-05,0.0,0.0,439.401432,546.9445934831327,546.9445934831327
input4000_rate2p5_reuse00_seed1,NEAREST_MIGRATE,10,0.0,15.526475,0.0,448.661656,0.0,464.188131,553.7980327709984,2.1168539256599672e-05,0.0,6.171619125077804,464.188131,559.9696730646154,559.9696730646154
input4000_rate2p5_reuse00_seed1,NEAREST_MIGRATE,9,0.0,14.228425,0.0,444.801119,0.0,459.029544,548.363928030417,2.1168539256599672e-05,0.0,0.0,459.02954400000004,548.3639491989562,548.3639491989562
input4000_rate2p5_reuse00_seed1,NEAREST_MIGRATE,22,0.0,13.974377,0.0,452.500201,0.0,466.474578,551.1215334211597,2.1168539256599672e-05,0.0,0.0,466.474578,551.1215545896989,551.1215545896989
input4000_rate2p5_reuse00_seed1,NEAREST_MIGRATE,29,0.0,16.319023,0.0,454.793485,0.0,471.112508,544.1869669238508,2.1168539256599672e-05,0.0,0.0,471.112508,544.18698809239,544.18698809239
input4000_rate2p5_reuse00_seed1,NEAREST_MIGRATE,49,0.0,8.782465,0.0,452.001705,0.0,460.78417,553.3925025664773,2.1168539256599672e-05,0.0,1.7430556567187026,460.78417,555.1355793917353,555.1355793917353
input4000_rate2p5_reuse00_seed1,NEAREST_MIGRATE,48,0.0,14.593225,0.0,449.680504,0.0,464.273729,543.862542760234,2.1168539256599672e-05,0.0,0.0,464.273729,543.8625639287732,543.8625639287732
input4000_rate2p5_reuse00_seed1,NEAREST_MIGRATE,72,0.0,0.637316,0.0,449.970168,0.0,450.607484,543.9030957806862,2.1168539256599672e-05,0.0,0.0,450.607484,543.9031169492254,543.9031169492254
input4000_rate2p5_reuse00_seed1,NEAREST_MIGRATE,93,0.0,17.806968,0.0,452.502953,0.0,470.309921,551.6487226870371,2.1168539256599672e-05,0.0,0.0,470.309921,551.6487438555763,551.6487438555763
input4000_rate2p5_reuse00_seed1,NEAREST_MIGRATE,84,0.0,8.018199,0.0,449.514776,5.684341886080802e-14,457.532975,545.4035575374138,2.1168539256599672e-05,0.0,0.0,457.53297499999996,545.403578705953,545.4035787059531
input4000_rate2p5_reuse00_seed1,NEAREST_MIGRATE,102,0.0,9.649866,0.0,452.669225,5.684341886080802e-14,462.319091,552.9058663210521,2.1168539256599672e-05,0.0,0.0,462.31909099999996,552.9058874895914,552.9058874895914
input4000_rate2p5_reuse00_seed1,NEAREST_MIGRATE,108,0.0,1.378969,0.0,454.782989,5.684341886080802e-14,456.161958,547.3501025191146,2.1168539256599672e-05,0.0,0.0,456.16195799999997,547.3501236876538,547.3501236876539
input4000_rate2p5_reuse00_seed1,NEAREST_MIGRATE,111,0.0,10.600266,0.0,457.676329,0.0,468.276595,546.741807212333,2.1168539256599672e-05,0.0,6.069540254281598,468.276595,552.8113686351538,552.8113686351538
input4000_rate2p5_reuse00_seed1,NEAREST_MIGRATE,118,0.0,18.737399,0.0,460.396326,5.684341886080802e-14,479.133725,543.9436488011382,2.1168539256599672e-05,0.0,0.0,479.13372499999997,543.9436699696774,543.9436699696776
input4000_rate2p5_reuse00_seed1,NEAREST_MIGRATE,121,0.0,20.289538,0.0,459.904646,0.0,480.194184,543.9842018215903,2.1168539256599672e-05,0.0,4.345872765520497,480.194184,548.3300957556501,548.3300957556501
input4000_rate2p5_reuse00_seed1,NEAREST_MIGRATE,166,0.0,0.042581,0.0,439.218678,0.0,439.261259,553.676373709642,2.1168539256599672e-05,0.0,0.0,439.261259,553.6763948781812,553.6763948781812
input4000_rate2p5_reuse00_seed1,NEAREST_MIGRATE,180,0.0,6.094169,0.0,459.267343,0.0,465.361512,553.7169267300941,2.1168539256599672e-05,0.0,0.0,465.361512,553.7169478986333,553.7169478986333
input4000_rate2p5_reuse00_seed1,NEAREST_MIGRATE,235,0.0,0.003887,0.0,454.058317,0.0,454.062204,550.5537911348304,2.1168539256599672e-05,0.0,0.0,454.062204,550.5538123033696,550.5538123033696
input4000_rate2p5_reuse00_seed1,NEAREST_MIGRATE,245,0.0,1.04412,0.0,457.703316,0.0,458.747436,544.8358152510843,2.1168539256599672e-05,0.0,0.0,458.747436,544.8358364196235,544.8358364196235
input4000_rate2p5_reuse00_seed1,NEAREST_MIGRATE,267,0.0,7.142067,0.0,460.485153,0.0,467.62722,545.890193782839,2.1168539256599672e-05,0.0,0.0,467.62722,545.8902149513782,545.8902149513782
input4000_rate2p5_reuse00_seed1,NEAREST_MIGRATE,283,0.0,9.091524,0.0,457.863278,0.0,466.954802,554.2441159959714,2.1168539256599672e-05,0.0,0.0,466.954802,554.2441371645106,554.2441371645106
input4000_rate2p5_reuse00_seed1,NEAREST_MIGRATE,289,0.0,1.532051,0.0,457.686469,0.0,459.21852,543.9436488011382,2.1168539256599672e-05,0.0,0.0,459.21852,543.9436699696774,543.9436699696774
input4000_rate2p5_reuse00_seed1,NEAREST_MIGRATE,5,0.0,0.114898,0.0,439.218678,0.0,439.333576,551.6081696665849,2.1168539256599672e-05,0.0,0.0,439.333576,551.6081908351241,551.6081908351241
input4000_rate2p5_reuse00_seed1,NEAREST_MIGRATE,7,0.0,159.01685,0.0,444.299839,0.0,603.316689,551.4865106052287,2.1168539256599672e-05,0.0,231.0078254401456,603.316689,782.4943572139135,782.4943572139135
input4000_rate2p5_reuse00_seed1,NEAREST_MIGRATE,28,0.0,18.697668,0.0,454.028813,0.0,472.726481,554.0007978732588,2.1168539256599672e-05,0.0,6.294792835806007,472.72648100000004,560.2956118776041,560.2956118776041
input4000_rate2p5_reuse00_seed1,NEAREST_MIGRATE,27,0.0,1.839221,0.0,452.320553,0.0,454.159774,552.824760280148,2.1168539256599672e-05,0.0,1.7209303007052696,454.159774,554.5457117493925,554.5457117493925
input4000_rate2p5_reuse00_seed1,NEAREST_MIGRATE,26,0.0,7.180712,0.0,449.944952,0.0,457.125664,543.7003306784256,2.1168539256599672e-05,0.0,0.0,457.12566400000003,543.7003518469648,543.7003518469648
input4000_rate2p5_reuse00_seed1,NEAREST_MIGRATE,30,0.0,4.644776,0.0,457.031337,0.0,461.676113,543.862542760234,2.1168539256599672e-05,0.0,4.2834957188702205,461.676113,548.1460596476435,548.1460596476435
input4000_rate2p5_reuse00_seed1,NEAREST_MIGRATE,55,0.0,17.77336,0.0,454.791661,0.0,472.565021,545.4441105578659,2.1168539256599672e-05,0.0,0.0,472.565021,545.4441317264051,545.4441317264051
input4000_rate2p5_reuse00_seed1,NEAREST_MIGRATE,58,0.0,8.375104,0.0,462.172591,0.0,470.547695,546.0524058646474,2.1168539256599672e-05,0.0,0.0,470.54769500000003,546.0524270331866,546.0524270331866
input4000_rate2p5_reuse00_seed1,NEAREST_MIGRATE,59,0.0,178.562482,0.0,691.81882,0.0,870.381302,543.862542760234,2.1168539256599672e-05,0.0,244.27757371238758,870.381302,788.1401376411608,788.1401376411608
input4000_rate2p5_reuse00_seed1,NEAREST_MIGRATE,79,0.0,3.225437,0.0,452.339913,0.0,455.56535,552.459783096079,2.1168539256599672e-05,0.0,0.0,455.56535,552.4598042646182,552.4598042646182
input4000_rate2p5_reuse00_seed1,NEAREST_MIGRATE,90,0.0,9.656487,0.0,454.763725,0.0,464.420212,551.6081696665849,2.1168539256599672e-05,0.0,0.0,464.42021200000005,551.6081908351241,551.6081908351241
input4000_rate2p5_reuse00_seed1,NEAREST_MIGRATE,99,0.0,1.347829,0.0,454.884077,0.0,456.231906,543.8219897397819,2.1168539256599672e-05,0.0,0.0,456.231906,543.8220109083211,543.8220109083211
input4000_rate2p5_reuse00_seed1,NEAREST_MIGRATE,124,0.0,8.27637,0.0,446.247103,5.684341886080802e-14,454.523473,553.3925025664773,2.1168539256599672e-05,0.0,0.0,454.52347299999997,553.3925237350165,553.3925237350165
input4000_rate2p5_reuse00_seed1,NEAREST_MIGRATE,130,0.0,14.168127,0.0,449.610584,0.0,463.778711,553.5141616278336,2.1168539256599672e-05,0.0,0.0,463.77871100000004,553.5141827963728,553.5141827963728
input4000_rate2p5_reuse00_seed1,NEAREST_MIGRATE,142,0.0,191.904055,0.0,462.411412,5.684341886080802e-14,654.315467,553.4330555869294,2.1168539256599672e-05,0.0,240.4877656107964,654.315467,793.9208423662651,793.9208423662651
input4000_rate2p5_reuse00_seed1,NEAREST_MIGRATE,131,0.0,103.813024,0.0,451.937705,0.0,555.750729,543.9842018215903,2.1168539256599672e-05,0.0,235.4947106885151,555.750729,779.4789336786447,779.4789336786447
input4000_rate2p5_reuse00_seed1,NEAREST_MIGRATE,149,0.0,17.889222,0.0,464.854218,0.0,482.74344,549.2966475008153,2.1168539256599672e-05,0.0,0.02487144200190272,482.74344,549.3215401113565,549.3215401113565
input4000_rate2p5_reuse00_seed1,NEAREST_MIGRATE,141,0.0,9.750123,0.0,451.634889,5.684341886080802e-14,461.385012,543.9030957806862,2.1168539256599672e-05,0.0,0.0,461.38501199999996,543.9031169492254,543.9031169492255
input4000_rate2p5_reuse00_seed1,NEAREST_MIGRATE,163,0.0,0.792286,0.0,462.648787,0.0,463.441073,552.7436542392437,2.1168539256599672e-05,0.0,0.0,463.441073,552.7436754077829,552.7436754077829
input4000_rate2p5_reuse00_seed1,NEAREST_MIGRATE,181,0.0,4.794941,0.0,464.92738,0.0,469.722321,551.3242985234202,2.1168539256599672e-05,0.0,0.0,469.722321,551.3243196919594,551.3243196919594
input4000_rate2p5_reuse00_seed1,NEAREST_MIGRATE,201,0.0,8.463538,0.0,458.994205,0.0,467.457743,553.1897374642168,2.1168539256599672e-05,0.0,0.0,467.45774300000005,553.189758632756,553.189758632756
input4000_rate2p5_reuse00_seed1,NEAREST_MIGRATE,202,0.0,70.991949,0.0,457.118425,0.0,528.110374,552.459783096079,2.1168539256599672e-05,0.0,231.20018486322942,528.110374,783.6599891278477,783.6599891278477
input4000_rate2p5_reuse00_seed1,NEAREST_MIGRATE,213,0.0,8.761474,0.0,456.975592,0.0,465.737066,547.2689964782103,2.1168539256599672e-05,0.0,0.0,465.737066,547.2690176467495,547.2690176467495
input4000_rate2p5_reuse00_seed1,NEAREST_MIGRATE,233,0.0,208.782796,0.0,710.31306,1.1368683772161603e-13,919.095856,554.0413508937108,2.1168539256599672e-05,0.0,250.85764109587748,919.0958559999999,804.8990131581276,804.8990131581277
input4000_rate2p5_reuse00_seed1,NEAREST_MIGRATE,232,0.0,145.820744,0.0,462.960353,5.684341886080802e-14,608.781097,553.0275253824084,2.1168539256599672e-05,0.0,231.53117070193585,608.781097,784.5587172528835,784.5587172528835
input4000_rate2p5_reuse00_seed1,NEAREST_MIGRATE,231,0.0,14.72916,0.0,462.154408,5.684341886080802e-14,476.883568,549.1344354190069,2.1168539256599672e-05,0.0,0.0,476.88356799999997,549.1344565875461,549.1344565875461
input4000_rate2p5_reuse00_seed1,NEAREST_MIGRATE,234,0.0,637.60619,0.0,699.993608,0.0,1337.599798,543.8219897397819,2.1168539256599672e-05,0.0,782.4143259520592,1337.599798,1326.2363368603803,1326.2363368603803
input4000_rate2p5_reuse00_seed1,NEAREST_MIGRATE,243,0.0,16.85128,0.0,470.412391,0.0,487.263671,547.6339736622792,2.1168539256599672e-05,0.0,8.900866839670677,487.263671,556.5348616704891,556.5348616704891
input4000_rate2p5_reuse00_seed1,NEAREST_MIGRATE,263,0.0,0.810572,0.0,481.795856,0.0,482.606428,554.0007978732588,2.1168539256599672e-05,0.0,0.32346761826515547,482.606428,554.3242866600632,554.3242866600632
input4000_rate2p5_reuse00_seed1,NEAREST_MIGRATE,259,0.0,227.55291,0.0,468.586594,0.0,696.139504,544.9574743124407,2.1168539256599672e-05,0.0,231.5255350527235,696.139504,776.4830305337034,776.4830305337034
input4000_rate2p5_reuse00_seed1,NEAREST_MIGRATE,258,0.0,2.486612,0.0,461.211331,5.684341886080802e-14,463.697943,543.8219897397819,2.1168539256599672e-05,0.0,0.0,463.69794299999995,543.8220109083211,543.8220109083211
input4000_rate2p5_reuse00_seed1,NEAREST_MIGRATE,264,0.0,9.637443,0.0,716.504272,0.0,726.141715,543.862542760234,2.1168539256599672e-05,0.0,248.66965236699542,726.141715,792.5322162957686,792.5322162957686
input4000_rate2p5_reuse00_seed1,NEAREST_MIGRATE,270,0.0,14.833139,0.0,470.224612,0.0,485.057751,543.9436488011382,2.1168539256599672e-05,0.0,8.872323823449548,485.057751,552.8159937931271,552.8159937931271
input4000_rate2p5_reuse00_seed1,NEAREST_MIGRATE,294,0.0,18.04229,0.0,467.976302,5.684341886080802e-14,486.018592,549.3777535417195,2.1168539256599672e-05,0.0,0.0,486.01859199999996,549.3777747102587,549.3777747102588
input4000_rate2p5_reuse00_seed1,NEAREST_MIGRATE,298,0.0,14.164138,0.0,469.324626,0.0,483.488764,546.2957239873599,2.1168539256599672e-05,0.0,0.0,483.488764,546.2957451558991,546.2957451558991
input4000_rate2p5_reuse00_seed1,NEAREST_MIGRATE,3,0.0,0.016017,0.0,443.684226,0.0,443.700243,553.4330555869294,2.1168539256599672e-05,0.0,0.0,443.700243,553.4330767554686,553.4330767554686
input4000_rate2p5_reuse00_seed1,NEAREST_MIGRATE,4,0.0,126.843275,0.0,665.177248,0.0,792.020523,547.5934206418272,2.1168539256599672e-05,0.0,240.14836558488028,792.0205229999999,787.7418073952467,787.7418073952467
input4000_rate2p5_reuse00_seed1,NEAREST_MIGRATE,19,0.0,16.457894,0.0,449.66348,0.0,466.121374,543.9030957806862,2.1168539256599672e-05,0.0,0.0,466.121374,543.9031169492254,543.9031169492254
input4000_rate2p5_reuse00_seed1,NEAREST_MIGRATE,34,0.0,1.02853,0.0,445.499615,0.0,446.528145,552.7436542392437,2.1168539256599672e-05,0.0,0.0,446.528145,552.7436754077829,552.7436754077829
input4000_rate2p5_reuse00_seed1,NEAREST_MIGRATE,43,0.0,5.598565,0.0,453.653805,0.0,459.25237,551.6892757074892,2.1168539256599672e-05,0.0,4.530873656408048,459.25237,556.2201705324364,556.2201705324364
input4000_rate2p5_reuse00_seed1,NEAREST_MIGRATE,47,0.0,4.472956,0.0,456.629929,0.0,461.102885,549.4588595826237,2.1168539256599672e-05,0.0,15.116216969768324,461.102885,564.5750977209314,564.5750977209314
input4000_rate2p5_reuse00_seed1,NEAREST_MIGRATE,56,0.0,183.971884,0.0,461.332714,5.684341886080802e-14,645.304598,552.5003361165311,2.1168539256599672e-05,0.0,245.38510307723928,645.3045979999999,797.8854603623097,797.8854603623097
input4000_rate2p5_reuse00_seed1,NEAREST_MIGRATE,35,0.0,9.922675,0.0,449.120248,0.0,459.042923,543.8219897397819,2.1168539256599672e-05,0.0,0.0,459.04292300000003,543.8220109083211,543.8220109083211
input4000_rate2p5_reuse00_seed1,NEAREST_MIGRATE,40,0.0,6.896334,0.0,451.719369,0.0,458.615703,543.2542474534525,2.1168539256599672e-05,0.0,0.0,458.615703,543.2542686219917,543.2542686219917
input4000_rate2p5_reuse00_seed1,NEAREST_MIGRATE,53,0.0,10.086892,0.0,459.401382,0.0,469.488274,543.7003306784256,2.1168539256599672e-05,0.0,4.33481008751378,469.488274,548.0351619344787,548.0351619344787
input4000_rate2p5_reuse00_seed1,NEAREST_MIGRATE,76,0.0,171.705003,0.0,714.894371,0.0,886.599374,551.0809804007076,2.1168539256599672e-05,0.0,255.05603493574046,886.599374,806.1370365049873,806.1370365049873
input4000_rate2p5_reuse00_seed1,NEAREST_MIGRATE,69,0.0,10.991107,0.0,462.20593,0.0,473.197037,545.6874286805785,2.1168539256599672e-05,0.0,0.0,473.197037,545.6874498491177,545.6874498491177
input4000_rate2p5_reuse00_seed1,NEAREST_MIGRATE,77,0.0,503.629064,0.0,721.500414,1.1368683772161603e-13,1225.129478,547.9989508463482,2.1168539256599672e-05,0.0,786.8908671246627,1225.129478,1334.88983913955,1334.88983913955
input4000_rate2p5_reuse00_seed1,NEAREST_MIGRATE,75,0.0,34.595067,0.0,468.217906,0.0,502.812973,546.1335119055516,2.1168539256599672e-05,0.0,236.3506221715841,502.81297300000006,782.484155245675,782.484155245675
input4000_rate2p5_reuse00_seed1,NEAREST_MIGRATE,78,0.0,786.326372,0.0,697.531106,0.0,1483.857478,544.4708380670155,2.1168539256599672e-05,0.0,837.9374013669953,1483.857478,1382.40826060255,1382.40826060255
input4000_rate2p5_reuse00_seed1,NEAREST_MIGRATE,73,0.0,19.742277,0.0,462.494122,0.0,482.236399,543.6597776579736,2.1168539256599672e-05,0.0,0.0,482.236399,543.6597988265128,543.6597988265128
input4000_rate2p5_reuse00_seed1,NEAREST_MIGRATE,104,0.0,10.581344,0.0,469.815742,0.0,480.397086,551.5676166461328,2.1168539256599672e-05,0.0,0.0,480.397086,551.567637814672,551.567637814672
input4000_rate2p5_reuse00_seed1,NEAREST_MIGRATE,106,0.0,18.829912,0.0,466.65419,0.0,485.484102,549.7832837462405,2.1168539256599672e-05,0.0,0.0,485.484102,549.7833049147797,549.7833049147797
input4000_rate2p5_reuse00_seed1,NEAREST_MIGRATE,119,0.0,19.494627,0.0,478.313837,5.684341886080802e-14,497.808464,553.270843505121,2.1168539256599672e-05,0.0,0.41029252982838926,497.80846399999996,553.6811572034886,553.6811572034887
input4000_rate2p5_reuse00_seed1,NEAREST_MIGRATE,125,0.0,120.773945,0.0,482.189107,0.0,602.963052,552.5408891369832,2.1168539256599672e-05,0.0,241.37957864228275,602.963052,793.9204889478052,793.9204889478052
input4000_rate2p5_reuse00_seed1,NEAREST_MIGRATE,107,0.0,13.163275,0.0,473.34972,0.0,486.512995,543.8219897397819,2.1168539256599672e-05,0.0,6.128660405868963,486.512995,549.9506713141901,549.9506713141901
input4000_rate2p5_reuse00_seed1,NEAREST_MIGRATE,123,0.0,11.625302,0.0,475.752809,0.0,487.378111,550.1482609303093,2.1168539256599672e-05,0.0,6.432835986094666,487.378111,556.5811180849432,556.5811180849432
input4000_rate2p5_reuse00_seed1,NEAREST_MIGRATE,122,0.0,11.129393,0.0,474.258341,5.684341886080802e-14,485.387734,547.3501025191146,2.1168539256599672e-05,0.0,0.0,485.38773399999997,547.3501236876538,547.3501236876539
input4000_rate2p5_reuse00_seed1,NEAREST_MIGRATE,137,0.0,195.129615,0.0,478.358687,0.0,673.488302,553.5547146482857,2.1168539256599672e-05,0.0,241.11022772389953,673.488302,794.6649635407244,794.6649635407244
input4000_rate2p5_reuse00_seed1,NEAREST_MIGRATE,145,0.0,14.952827,0.0,474.381064,0.0,489.333891,550.3104730121178,2.1168539256599672e-05,0.0,4.822956042545506,489.333891,555.1334502232025,555.1334502232025
input4000_rate2p5_reuse00_seed1,NEAREST_MIGRATE,152,0.0,15.762602,0.0,478.343176,0.0,494.105778,553.4736086073815,2.1168539256599672e-05,3.9637929727792414e-05,0.5911021394896849,494.10577800000004,554.0647715533402,554.0647715533402
input4000_rate2p5_reuse00_seed1,NEAREST_MIGRATE,138,0.0,426.291084,0.0,711.396624,0.0,1137.687708,544.3086259852071,2.1168539256599672e-05,0.0,772.7048417618187,1137.687708,1317.013488915565,1317.013488915565
input4000_rate2p5_reuse00_seed1,NEAREST_MIGRATE,136,0.0,14.703409,0.0,469.799021,0.0,484.50243,543.862542760234,2.1168539256599672e-05,0.0,4.398767516736427,484.50243,548.2613314455097,548.2613314455097
input4000_rate2p5_reuse00_seed1,NEAREST_MIGRATE,151,0.0,12.727044,0.0,475.547702,0.0,488.274746,541.7132326762728,2.1168539256599672e-05,0.0,9.01594637770068,488.274746,550.7292002225128,550.7292002225128
input4000_rate2p5_reuse00_seed1,NEAREST_MIGRATE,155,0.0,15.851517,0.0,478.612318,0.0,494.463835,543.7408836988777,2.1168539256599672e-05,4.9552843294757405e-05,4.682205863684821,494.463835,548.4231602839451,548.4231602839451
input4000_rate2p5_reuse00_seed1,NEAREST_MIGRATE,168,0.0,15.095736,0.0,486.118463,0.0,501.214199,545.8496407623869,2.1168539256599672e-05,0.0,0.0,501.214199,545.8496619309261,545.8496619309261
input4000_rate2p5_reuse00_seed1,NEAREST_MIGRATE,170,0.0,18.687717,0.0,484.944245,0.0,503.631962,543.5786716170694,2.1168539256599672e-05,1.735302647872095e-05,1.8793261645986874,503.63196200000004,545.4580363032338,545.4580363032338
input4000_rate2p5_reuse00_seed1,NEAREST_MIGRATE,189,0.0,18.31054,0.0,468.398572,0.0,486.709112,553.6358206891899,2.1168539256599672e-05,0.0,0.0,486.709112,553.6358418577291,553.6358418577291
input4000_rate2p5_reuse00_seed1,NEAREST_MIGRATE,193,0.0,18.492448,0.0,466.910968,0.0,485.403416,549.3372005212674,2.1168539256599672e-05,0.0,1.8155609952123086,485.40341600000005,551.1527826850189,551.1527826850189
input4000_rate2p5_reuse00_seed1,NEAREST_MIGRATE,207,0.0,9.031477,0.0,467.513451,5.684341886080802e-14,476.544928,547.7150797031834,2.1168539256599672e-05,0.0,0.0,476.54492799999997,547.7151008717226,547.7151008717226
input4000_rate2p5_reuse00_seed1,NEAREST_MIGRATE,228,0.0,2.824005,0.0,471.621213,0.0,474.445218,553.676373709642,2.1168539256599672e-05,0.0,4.665948301388198,474.445218,558.3423431795694,558.3423431795694
input4000_rate2p5_reuse00_seed1,NEAREST_MIGRATE,225,0.0,92.355816,0.0,471.84605,0.0,564.201866,551.8514877892976,2.1168539256599672e-05,0.0,231.3309093659901,564.201866,783.1824183238269,783.1824183238269
input4000_rate2p5_reuse00_seed1,NEAREST_MIGRATE,229,0.0,109.593375,0.0,468.6559,5.684341886080802e-14,578.249275,550.5537911348304,2.1168539256599672e-05,0.0,245.15481447241817,578.249275,795.7086267757878,795.7086267757879
input4000_rate2p5_reuse00_seed1,NEAREST_MIGRATE,249,0.0,4.369174,0.0,468.823634,0.0,473.192808,553.9602448528067,2.1168539256599672e-05,0.0,4.907554575127371,473.192808,558.8678205964733,558.8678205964733
input4000_rate2p5_reuse00_seed1,NEAREST_MIGRATE,224,0.0,6.506551,0.0,464.226492,0.0,470.733043,543.862542760234,2.1168539256599672e-05,0.0,0.0,470.733043,543.8625639287732,543.8625639287732
input4000_rate2p5_reuse00_seed1,NEAREST_MIGRATE,226,0.0,34.373646,0.0,645.22903,0.0,679.602676,543.7408836988777,2.1168539256599672e-05,0.0,250.4953823659711,679.602676,794.2362872333881,794.2362872333881
input4000_rate2p5_reuse00_seed1,NEAREST_MIGRATE,244,0.0,101.797935,0.0,469.338861,0.0,571.136796,549.3777535417195,2.1168539256599672e-05,0.0,236.47705277737518,571.136796,785.8548274876339,785.8548274876339
input4000_rate2p5_reuse00_seed1,NEAREST_MIGRATE,236,0.0,0.177328,0.0,469.835065,0.0,470.012393,544.0247548420424,2.1168539256599672e-05,0.0,13.28824423122959,470.012393,557.3130202418113,557.3130202418113
input4000_rate2p5_reuse00_seed1,NEAREST_MIGRATE,255,0.0,18.948455,0.0,475.451839,0.0,494.400294,552.0948059120101,2.1168539256599672e-05,0.0,0.0,494.40029400000003,552.0948270805493,552.0948270805493
input4000_rate2p5_reuse00_seed1,NEAREST_MIGRATE,242,0.0,21.251823,0.0,471.683952,0.0,492.935775,543.862542760234,2.1168539256599672e-05,0.0,0.0,492.935775,543.8625639287732,543.8625639287732
input4000_rate2p5_reuse00_seed1,NEAREST_MIGRATE,256,0.0,214.93521,0.0,471.843451,5.684341886080802e-14,686.778661,550.3510260325698,2.1168539256599672e-05,0.0,236.82384244180545,686.778661,787.1748896429145,787.1748896429146
input4000_rate2p5_reuse00_seed1,NEAREST_MIGRATE,277,0.0,13.17332,0.0,473.932415,0.0,487.105735,552.2975710142706,2.1168539256599672e-05,0.0,0.0,487.105735,552.2975921828098,552.2975921828098
input4000_rate2p5_reuse00_seed1,NEAREST_MIGRATE,287,0.0,14.22795,0.0,474.784217,0.0,489.012167,551.9325938302018,2.1168539256599672e-05,0.0,0.0,489.01216700000003,551.932614998741,551.932614998741
input4000_rate2p5_reuse00_seed1,NEAREST_MIGRATE,288,0.0,222.021306,0.0,715.382853,1.1368683772161603e-13,937.404159,548.6477991735817,2.1168539256599672e-05,0.0,244.42490041244912,937.4041589999999,793.0727207545701,793.0727207545702
input4000_rate2p5_reuse00_seed1,NEAREST_MIGRATE,18,0.0,6.480472,0.0,444.314655,0.0,450.795127,551.4054045643245,2.1168539256599672e-05,0.0,1.550345112805438,450.79512700000004,552.9557708456692,552.9557708456692
input4000_rate2p5_reuse00_seed1,NEAREST_MIGRATE,17,0.0,0.014448,0.0,439.218678,0.0,439.233126,543.9030957806862,2.1168539256599672e-05,0.0,0.0,439.233126,543.9031169492254,543.9031169492254
input4000_rate2p5_reuse00_seed1,NEAREST_MIGRATE,65,0.0,13.296287,0.0,444.634367,0.0,457.930654,554.2846690164235,2.1168539256599672e-05,0.0,0.0,457.930654,554.2846901849628,554.2846901849628
input4000_rate2p5_reuse00_seed1,NEAREST_MIGRATE,57,0.0,0.01965,0.0,439.218678,0.0,439.238328,544.8358152510843,2.1168539256599672e-05,0.0,0.0,439.238328,544.8358364196235,544.8358364196235
input4000_rate2p5_reuse00_seed1,NEAREST_MIGRATE,74,0.0,9.390058,0.0,449.453752,0.0,458.84381,551.4054045643245,2.1168539256599672e-05,0.0,0.0,458.84381,551.4054257328637,551.4054257328637
input4000_rate2p5_reuse00_seed1,NEAREST_MIGRATE,89,0.0,4.047012,0.0,452.679913,0.0,456.726925,543.9030957806862,2.1168539256599672e-05,0.0,0.0,456.726925,543.9031169492254,543.9031169492254
input4000_rate2p5_reuse00_seed1,NEAREST_MIGRATE,92,0.0,0.929727,0.0,454.295565,0.0,455.225292,543.862542760234,2.1168539256599672e-05,0.0,5.8996971927089135,455.225292,549.7622611214821,549.7622611214821
input4000_rate2p5_reuse00_seed1,NEAREST_MIGRATE,112,0.0,7.44093,0.0,450.06652,0.0,457.50745,543.9436488011382,2.1168539256599672e-05,0.0,0.0,457.50745,543.9436699696774,543.9436699696774
input4000_rate2p5_reuse00_seed1,NEAREST_MIGRATE,147,0.0,14.013912,0.0,446.533919,0.0,460.547831,550.8782152984472,2.1168539256599672e-05,0.0,0.0,460.54783100000003,550.8782364669864,550.8782364669864
input4000_rate2p5_reuse00_seed1,NEAREST_MIGRATE,156,0.0,13.637368,0.0,444.981439,0.0,458.618807,543.5381185966172,2.1168539256599672e-05,0.0,0.0,458.618807,543.5381397651564,543.5381397651564
input4000_rate2p5_reuse00_seed1,NEAREST_MIGRATE,165,0.0,4.853688,0.0,449.271992,0.0,454.12568,546.0524058646474,2.1168539256599672e-05,0.0,0.0,454.12568,546.0524270331866,546.0524270331866
input4000_rate2p5_reuse00_seed1,NEAREST_MIGRATE,188,0.0,10.210416,0.0,452.436393,0.0,462.646809,551.7703817483933,2.1168539256599672e-05,0.0,0.0,462.646809,551.7704029169325,551.7704029169325
input4000_rate2p5_reuse00_seed1,NEAREST_MIGRATE,184,0.0,16.841751,0.0,449.965784,0.0,466.807535,545.079133373797,2.1168539256599672e-05,0.0,0.0,466.807535,545.0791545423363,545.0791545423363
input4000_rate2p5_reuse00_seed1,NEAREST_MIGRATE,205,0.0,15.791338,0.0,454.373613,0.0,470.164951,552.9869723619563,2.1168539256599672e-05,0.0,0.0,470.164951,552.9869935304955,552.9869935304955
input4000_rate2p5_reuse00_seed1,NEAREST_MIGRATE,197,0.0,18.521143,0.0,454.675757,5.684341886080802e-14,473.1969,547.512314600923,2.1168539256599672e-05,0.0,0.0,473.19689999999997,547.5123357694622,547.5123357694622
input4000_rate2p5_reuse00_seed1,NEAREST_MIGRATE,214,0.0,14.24313,0.0,453.860685,0.0,468.103815,548.0395038668003,2.1168539256599672e-05,0.0,0.0,468.103815,548.0395250353395,548.0395250353395
input4000_rate2p5_reuse00_seed1,NEAREST_MIGRATE,218,0.0,7.450245,0.0,462.867069,0.0,470.317314,551.2837455029681,2.1168539256599672e-05,0.0,0.102310188048925,470.317314,551.3860768595563,551.3860768595563
input4000_rate2p5_reuse00_seed1,NEAREST_MIGRATE,241,0.0,10.742887,0.0,462.661031,0.0,473.403918,553.0680784028605,2.1168539256599672e-05,0.0,1.730412596139594,473.403918,554.7985121675393,554.7985121675393
input4000_rate2p5_reuse00_seed1,NEAREST_MIGRATE,239,0.0,2.503595,0.0,464.03399,0.0,466.537585,551.9325938302018,2.1168539256599672e-05,0.0,0.0,466.53758500000004,551.932614998741,551.932614998741
input4000_rate2p5_reuse00_seed1,NEAREST_MIGRATE,282,0.0,123.750285,0.0,682.311092,0.0,806.061377,551.7298287279413,2.1168539256599672e-05,0.0,250.88503461969214,806.061377,802.6148845161727,802.6148845161727
input4000_rate2p5_reuse00_seed1,NEAREST_MIGRATE,291,0.0,16.232203,0.0,467.965858,0.0,484.198061,551.4865106052287,2.1168539256599672e-05,0.0,15.137600199454624,484.19806100000005,566.6241319732226,566.6241319732226
input4000_rate2p5_reuse00_seed1,NEAREST_MIGRATE,275,0.0,0.000899,0.0,453.994767,0.0,453.995666,542.7676112080273,2.1168539256599672e-05,0.0,0.0,453.995666,542.7676323765666,542.7676323765666
input4000_rate2p5_reuse00_seed1,NEAREST_MIGRATE,285,0.0,13.699404,0.0,460.965913,0.0,474.665317,543.7408836988777,2.1168539256599672e-05,0.0,4.163482773286823,474.665317,547.9043876407038,547.9043876407038
input4000_rate2p5_reuse00_seed1,NEAREST_MIGRATE,296,0.0,0.695137,0.0,470.060393,5.684341886080802e-14,470.75553,543.2948004739046,2.1168539256599672e-05,0.0,0.0,470.75552999999996,543.2948216424438,543.2948216424438
input4000_rate2p5_reuse00_seed1,NEAREST_MIGRATE,281,0.0,3.406547,0.0,460.260759,0.0,463.667306,533.643181606305,2.1168539256599672e-05,0.0,0.8581375460993783,463.667306,534.5013403209437,534.5013403209437
input4000_rate2p5_reuse00_seed1,NEAREST_MIGRATE,12,0.0,0.020197,0.0,439.218678,0.0,439.238875,544.0247548420424,2.1168539256599672e-05,0.0,0.0,439.238875,544.0247760105816,544.0247760105816
input4000_rate2p5_reuse00_seed1,NEAREST_MIGRATE,15,0.0,2.800436,0.0,444.312543,0.0,447.112979,543.9436488011382,2.1168539256599672e-05,0.0,1.2595547194859975,447.112979,545.2032246891634,545.2032246891634
input4000_rate2p5_reuse00_seed1,NEAREST_MIGRATE,21,0.0,7.916569,0.0,451.418377,0.0,459.334946,549.58051864398,2.1168539256599672e-05,0.0,4.391057863710735,459.334946,553.97159767623,553.97159767623
input4000_rate2p5_reuse00_seed1,NEAREST_MIGRATE,16,0.0,10.932476,0.0,448.42508,0.0,459.357556,543.9030957806862,2.1168539256599672e-05,0.0,5.786005777415063,459.357556,549.6891227266404,549.6891227266404
input4000_rate2p5_reuse00_seed1,NEAREST_MIGRATE,23,0.0,6.214867,0.0,457.584777,0.0,463.799644,545.484663578318,2.1168539256599672e-05,0.0,10.433308037172807,463.799644,555.91799278403,555.91799278403
input4000_rate2p5_reuse00_seed1,NEAREST_MIGRATE,25,0.0,98.670313,0.0,685.456897,0.0,784.12721,543.7814367193298,2.1168539256599672e-05,0.0,253.25436247385977,784.12721,797.0358203617288,797.0358203617288
input4000_rate2p5_reuse00_seed1,NEAREST_MIGRATE,38,0.0,15.872457,0.0,462.068842,0.0,477.941299,553.6358206891899,2.1168539256599672e-05,0.0,0.0,477.941299,553.6358418577291,553.6358418577291
input4000_rate2p5_reuse00_seed1,NEAREST_MIGRATE,33,0.0,4.083634,0.0,459.67351,0.0,463.757144,543.9436488011382,2.1168539256599672e-05,0.0,0.0,463.75714400000004,543.9436699696774,543.9436699696774
input4000_rate2p5_reuse00_seed1,NEAREST_MIGRATE,51,0.0,20.596189,0.0,440.823127,0.0,461.419316,550.1077079098573,2.1168539256599672e-05,0.0,0.0,461.419316,550.1077290783965,550.1077290783965
input4000_rate2p5_reuse00_seed1,NEAREST_MIGRATE,60,0.0,11.743323,0.0,468.880989,0.0,480.624312,552.0136998711059,2.1168539256599672e-05,0.0,0.0,480.624312,552.0137210396451,552.0137210396451
input4000_rate2p5_reuse00_seed1,NEAREST_MIGRATE,82,0.0,11.108451,0.0,453.118185,0.0,464.226636,553.3519495460253,2.1168539256599672e-05,0.0,0.0,464.226636,553.3519707145645,553.3519707145645
input4000_rate2p5_reuse00_seed1,NEAREST_MIGRATE,91,0.0,19.017246,0.0,454.229581,0.0,473.246827,550.797109257543,2.1168539256599672e-05,0.0,0.025709698247155188,473.246827,550.8228401243293,550.8228401243293
input4000_rate2p5_reuse00_seed1,NEAREST_MIGRATE,85,0.0,38.34046,0.0,454.623917,0.0,492.964377,544.3086259852071,2.1168539256599672e-05,0.0,231.19138844887235,492.964377,775.5000356026187,775.5000356026187
input4000_rate2p5_reuse00_seed1,NEAREST_MIGRATE,95,0.0,18.104877,0.0,453.894125,5.684341886080802e-14,471.999002,543.9030957806862,2.1168539256599672e-05,0.0,4.227440202509484,471.99900199999996,548.1305571517349,548.130557151735
input4000_rate2p5_reuse00_seed1,NEAREST_MIGRATE,116,0.0,9.110449,0.0,453.187081,0.0,462.29753,546.4173830487163,2.1168539256599672e-05,0.0,0.0,462.29753,546.4174042172555,546.4174042172555
input4000_rate2p5_reuse00_seed1,NEAREST_MIGRATE,154,0.0,0.004732,0.0,439.218678,0.0,439.22341,550.4321320734741,2.1168539256599672e-05,0.0,0.0,439.22341,550.4321532420133,550.4321532420133
input4000_rate2p5_reuse00_seed1,NEAREST_MIGRATE,161,0.0,8.901171,0.0,457.84206,0.0,466.743231,554.0413508937108,2.1168539256599672e-05,0.0,0.0,466.743231,554.04137206225,554.04137206225
input4000_rate2p5_reuse00_seed1,NEAREST_MIGRATE,191,0.0,0.012635,0.0,452.914416,0.0,452.927051,543.862542760234,2.1168539256599672e-05,0.0,0.0,452.927051,543.8625639287732,543.8625639287732
input4000_rate2p5_reuse00_seed1,NEAREST_MIGRATE,209,0.0,10.421313,0.0,456.904827,0.0,467.32614,543.862542760234,2.1168539256599672e-05,0.0,0.0,467.32614,543.8625639287732,543.8625639287732
input4000_rate2p5_reuse00_seed1,NEAREST_MIGRATE,223,0.0,13.664629,0.0,461.049667,0.0,474.714296,550.1482609303093,2.1168539256599672e-05,0.0,0.0,474.714296,550.1482820988485,550.1482820988485
input4000_rate2p5_reuse00_seed1,NEAREST_MIGRATE,230,0.0,2.137533,0.0,456.910888,0.0,459.048421,543.9030957806862,2.1168539256599672e-05,0.0,0.0,459.048421,543.9031169492254,543.9031169492254
input4000_rate2p5_reuse00_seed1,NEAREST_MIGRATE,257,0.0,17.571604,0.0,459.588672,5.684341886080802e-14,477.160276,553.8791388119025,2.1168539256599672e-05,0.0,0.0,477.16027599999995,553.8791599804417,553.8791599804417
input4000_rate2p5_reuse00_seed1,NEAREST_MIGRATE,246,0.0,14.150292,0.0,461.220642,0.0,475.370934,543.7408836988777,2.1168539256599672e-05,0.0,0.0,475.370934,543.7409048674169,543.7409048674169
input4000_rate2p5_reuse00_seed1,NEAREST_MIGRATE,253,0.0,6.643064,0.0,458.66288,5.684341886080802e-14,465.305944,544.1058608829467,2.1168539256599672e-05,0.0,0.0,465.30594399999995,544.1058820514859,544.1058820514859
input4000_rate2p5_reuse00_seed1,NEAREST_MIGRATE,260,0.0,1.572984,0.0,458.479936,0.0,460.05292,546.6201481509768,2.1168539256599672e-05,0.0,0.0,460.05292000000003,546.620169319516,546.620169319516
input4000_rate2p5_reuse00_seed1,NEAREST_MIGRATE,269,0.0,15.24052,0.0,462.742086,0.0,477.982606,547.4312085600187,2.1168539256599672e-05,0.0,0.0,477.982606,547.4312297285579,547.4312297285579
input4000_rate2p5_reuse00_seed1,NEAREST_MIGRATE,280,0.0,16.867492,0.0,463.224247,0.0,480.091739,552.459783096079,2.1168539256599672e-05,0.0,0.0,480.09173899999996,552.4598042646182,552.4598042646182
input4000_rate2p5_reuse00_seed1,NEAREST_MIGRATE,297,0.0,10.56346,0.0,470.711684,0.0,481.275144,552.7031012187916,2.1168539256599672e-05,0.0,0.0,481.275144,552.7031223873308,552.7031223873308
input4000_rate2p5_reuse00_seed1,NEAREST_MIGRATE,292,0.0,13.823545,0.0,467.496589,0.0,481.320134,543.6192246375215,2.1168539256599672e-05,0.0,0.0,481.320134,543.6192458060607,543.6192458060607
input4000_rate2p5_reuse00_seed1,NEAREST_MIGRATE,299,0.0,42.211666,0.0,697.786566,0.0,739.998232,543.9436488011382,2.1168539256599672e-05,0.0,244.28073447753238,739.998232,788.2244044472098,788.2244044472098
input4000_rate2p5_reuse00_seed1,NEAREST_MIGRATE,24,0.0,0.000785,0.0,439.218678,0.0,439.219463,543.862542760234,2.1168539256599672e-05,0.0,0.0,439.219463,543.8625639287732,543.8625639287732
input4000_rate2p5_reuse00_seed1,NEAREST_MIGRATE,31,0.0,13.241973,0.0,444.835807,5.684341886080802e-14,458.07778,543.9030957806862,2.1168539256599672e-05,0.0,0.0,458.07777999999996,543.9031169492254,543.9031169492255
input4000_rate2p5_reuse00_seed1,NEAREST_MIGRATE,52,0.0,6.798918,0.0,449.978296,0.0,456.777214,553.9196918323546,2.1168539256599672e-05,0.0,0.0,456.777214,553.9197130008938,553.9197130008938
input4000_rate2p5_reuse00_seed1,NEAREST_MIGRATE,71,0.0,29.712067,0.0,679.581759,0.0,709.293826,553.7574797505462,2.1168539256599672e-05,0.0,240.3102668489228,709.2938260000001,794.0677677680083,794.0677677680083
input4000_rate2p5_reuse00_seed1,NEAREST_MIGRATE,70,0.0,16.605019,0.0,454.577947,0.0,471.182966,548.4855870917734,2.1168539256599672e-05,0.0,0.0,471.18296599999996,548.4856082603126,548.4856082603126
input4000_rate2p5_reuse00_seed1,NEAREST_MIGRATE,87,0.0,8.544021,0.0,449.254232,0.0,457.798253,551.6487226870371,2.1168539256599672e-05,0.0,0.0,457.798253,551.6487438555763,551.6487438555763
input4000_rate2p5_reuse00_seed1,NEAREST_MIGRATE,100,0.0,49.157865,0.0,682.858798,0.0,732.016663,551.7298287279413,2.1168539256599672e-05,0.0,244.66248481839145,732.016663,796.3923347148719,796.3923347148719
input4000_rate2p5_reuse00_seed1,NEAREST_MIGRATE,97,0.0,17.563791,0.0,456.863615,5.684341886080802e-14,474.427406,550.837662277995,2.1168539256599672e-05,0.0,0.0,474.42740599999996,550.8376834465342,550.8376834465344
input4000_rate2p5_reuse00_seed1,NEAREST_MIGRATE,114,0.0,18.031912,0.0,452.538345,5.684341886080802e-14,470.570257,552.9464193415042,2.1168539256599672e-05,0.0,0.0,470.57025699999997,552.9464405100434,552.9464405100434
input4000_rate2p5_reuse00_seed1,NEAREST_MIGRATE,139,0.0,19.164931,0.0,452.013673,0.0,471.178604,553.676373709642,2.1168539256599672e-05,0.0,0.080280961953612,471.178604,553.7566758401349,553.7566758401349
input4000_rate2p5_reuse00_seed1,NEAREST_MIGRATE,126,0.0,3.44749,0.0,452.723401,0.0,456.170891,545.2007924351533,2.1168539256599672e-05,0.0,0.0,456.17089100000004,545.2008136036925,545.2008136036925
input4000_rate2p5_reuse00_seed1,NEAREST_MIGRATE,127,0.0,193.263292,0.0,454.282861,0.0,647.546153,543.7003306784256,2.1168539256599672e-05,0.0,231.16768271028653,647.546153,774.8680345572515,774.8680345572515
input4000_rate2p5_reuse00_seed1,NEAREST_MIGRATE,144,0.0,18.486027,0.0,453.942861,0.0,472.428888,543.862542760234,2.1168539256599672e-05,0.0,0.0,472.428888,543.8625639287732,543.8625639287732
input4000_rate2p5_reuse00_seed1,NEAREST_MIGRATE,157,0.0,16.337402,0.0,454.771341,0.0,471.108743,550.3104730121178,2.1168539256599672e-05,0.0,0.0,471.108743,550.310494180657,550.310494180657
input4000_rate2p5_reuse00_seed1,NEAREST_MIGRATE,171,0.0,4.292726,0.0,452.906889,0.0,457.199615,553.6358206891899,2.1168539256599672e-05,0.0,0.0,457.199615,553.6358418577291,553.6358418577291
input4000_rate2p5_reuse00_seed1,NEAREST_MIGRATE,175,0.0,6.712085,0.0,465.410828,0.0,472.122913,553.270843505121,2.1168539256599672e-05,0.0,242.30971169462515,472.122913,795.5805763682854,795.5805763682854
input4000_rate2p5_reuse00_seed1,NEAREST_MIGRATE,173,0.0,106.378728,0.0,454.443757,0.0,560.822485,545.8090877419347,2.1168539256599672e-05,0.0,235.72025814561906,560.822485,781.5293670560931,781.5293670560931
input4000_rate2p5_reuse00_seed1,NEAREST_MIGRATE,183,0.0,2.210135,0.0,466.908073,0.0,469.118208,550.837662277995,2.1168539256599672e-05,0.0,0.0,469.118208,550.8376834465342,550.8376834465342
input4000_rate2p5_reuse00_seed1,NEAREST_MIGRATE,195,0.0,2.320601,0.0,458.458447,0.0,460.779048,554.0007978732588,2.1168539256599672e-05,0.0,0.0,460.779048,554.000819041798,554.000819041798
input4000_rate2p5_reuse00_seed1,NEAREST_MIGRATE,203,0.0,21.105007,0.0,468.125798,0.0,489.230805,552.3786770551749,2.1168539256599672e-05,0.0,0.20261641643651984,489.230805,552.5813146401507,552.5813146401507
input4000_rate2p5_reuse00_seed1,NEAREST_MIGRATE,208,0.0,17.77899,0.0,466.098073,0.0,483.877063,552.2570179938185,2.1168539256599672e-05,0.0,15.398171064062446,483.877063,567.6552102264202,567.6552102264202
input4000_rate2p5_reuse00_seed1,NEAREST_MIGRATE,200,0.0,16.978353,0.0,466.555855,0.0,483.534208,543.9842018215903,2.1168539256599672e-05,0.0,0.0,483.53420800000004,543.9842229901295,543.9842229901295
input4000_rate2p5_reuse00_seed1,NEAREST_MIGRATE,206,0.0,3.510912,0.0,427.094125,0.0,430.605037,544.1869669238508,2.1168539256599672e-05,0.0,10.555643491655701,430.60503700000004,554.7426315840457,554.7426315840457
input4000_rate2p5_reuse00_seed1,NEAREST_MIGRATE,222,0.0,6.663459,0.0,474.662052,0.0,481.325511,545.7685347214826,2.1168539256599672e-05,0.0,0.0,481.325511,545.7685558900218,545.7685558900218
input4000_rate2p5_reuse00_seed1,NEAREST_MIGRATE,227,0.0,14.428983,0.0,472.213192,0.0,486.642175,543.8219897397819,2.1168539256599672e-05,0.0,0.0,486.642175,543.8220109083211,543.8220109083211
input4000_rate2p5_reuse00_seed1,NEAREST_MIGRATE,262,0.0,0.869266,0.0,458.772137,5.684341886080802e-14,459.641403,549.6616246848841,2.1168539256599672e-05,0.0,0.0,459.64140299999997,549.6616458534234,549.6616458534234
input4000_rate2p5_reuse00_seed1,NEAREST_MIGRATE,268,0.0,3.770533,0.0,453.07362,0.0,456.844153,552.9464193415042,2.1168539256599672e-05,0.0,0.0,456.844153,552.9464405100434,552.9464405100434
input4000_rate2p5_reuse00_seed1,NEAREST_MIGRATE,273,0.0,5.100484,0.0,452.711707,0.0,457.812191,553.7980327709984,2.1168539256599672e-05,0.0,0.027386210737667227,457.812191,553.8254401502753,553.8254401502753
input4000_rate2p5_reuse00_seed1,NEAREST_MIGRATE,290,0.0,13.079077,0.0,462.025458,0.0,475.104535,543.7003306784256,2.1168539256599672e-05,0.0,0.0,475.104535,543.7003518469648,543.7003518469648
input4000_rate2p5_reuse00_seed1,NEAREST_MIGRATE,8,0.0,0.002239,0.0,439.218678,0.0,439.220917,546.9851253350457,2.1168539256599672e-05,0.0,0.0,439.220917,546.9851465035849,546.9851465035849
input4000_rate2p5_reuse00_seed1,NEAREST_MIGRATE,14,0.0,3.904459,0.0,444.704351,5.684341886080802e-14,448.60881,543.7814367193298,2.1168539256599672e-05,0.0,0.0,448.60880999999995,543.781457887869,543.781457887869
input4000_rate2p5_reuse00_seed1,NEAREST_MIGRATE,39,0.0,1.544485,0.0,446.380639,0.0,447.925124,550.6754501961867,2.1168539256599672e-05,0.0,0.0,447.925124,550.6754713647259,550.6754713647259
input4000_rate2p5_reuse00_seed1,NEAREST_MIGRATE,46,0.0,4.414484,0.0,449.854936,0.0,454.26942,553.270843505121,2.1168539256599672e-05,0.0,0.0,454.26942,553.2708646736602,553.2708646736602
input4000_rate2p5_reuse00_seed1,NEAREST_MIGRATE,50,0.0,13.14077,0.0,448.557432,0.0,461.698202,552.6625481983396,2.1168539256599672e-05,0.0,0.0,461.698202,552.6625693668788,552.6625693668788
input4000_rate2p5_reuse00_seed1,NEAREST_MIGRATE,54,0.0,1.325046,0.0,451.253385,5.684341886080802e-14,452.578431,551.8109347688454,2.1168539256599672e-05,0.0,0.007583363623744788,452.57843099999997,551.8185393010084,551.8185393010085
input4000_rate2p5_reuse00_seed1,NEAREST_MIGRATE,64,0.0,2.380381,0.0,453.632269,0.0,456.01265,543.9436488011382,2.1168539256599672e-05,0.0,0.0,456.01265,543.9436699696774,543.9436699696774
input4000_rate2p5_reuse00_seed1,NEAREST_MIGRATE,101,0.0,0.005622,0.0,439.218678,0.0,439.2243,550.391579053022,2.1168539256599672e-05,0.0,0.0,439.2243,550.3916002215612,550.3916002215612
input4000_rate2p5_reuse00_seed1,NEAREST_MIGRATE,113,0.0,9.217491,0.0,444.992895,5.684341886080802e-14,454.210386,543.9436488011382,2.1168539256599672e-05,0.0,0.0,454.21038599999997,543.9436699696774,543.9436699696776
input4000_rate2p5_reuse00_seed1,NEAREST_MIGRATE,120,0.0,11.886598,0.0,449.027736,0.0,460.914334,543.862542760234,2.1168539256599672e-05,0.0,0.0,460.914334,543.8625639287732,543.8625639287732
input4000_rate2p5_reuse00_seed1,NEAREST_MIGRATE,132,0.0,19.016637,0.0,452.471081,0.0,471.487718,545.4441105578659,2.1168539256599672e-05,0.0,0.0,471.48771800000003,545.4441317264051,545.4441317264051
input4000_rate2p5_reuse00_seed1,NEAREST_MIGRATE,133,0.0,8.999377,0.0,451.755689,0.0,460.755066,543.457012555713,2.1168539256599672e-05,0.0,0.0,460.755066,543.4570337242523,543.4570337242523
input4000_rate2p5_reuse00_seed1,NEAREST_MIGRATE,146,0.0,4.749136,0.0,454.289837,0.0,459.038973,546.9851253350457,2.1168539256599672e-05,0.0,0.0,459.038973,546.9851465035849,546.9851465035849
input4000_rate2p5_reuse00_seed1,NEAREST_MIGRATE,148,0.0,2.90548,0.0,457.134985,0.0,460.040465,543.9436488011382,2.1168539256599672e-05,0.0,5.960493856786805,460.040465,549.9041638264644,549.9041638264644
input4000_rate2p5_reuse00_seed1,NEAREST_MIGRATE,172,0.0,13.071928,0.0,458.085769,0.0,471.157697,553.1897374642168,2.1168539256599672e-05,0.0,0.0,471.15769700000004,553.189758632756,553.189758632756
input4000_rate2p5_reuse00_seed1,NEAREST_MIGRATE,160,0.0,12.914178,0.0,458.036041,0.0,470.950219,543.8219897397819,2.1168539256599672e-05,0.0,0.0,470.950219,543.8220109083211,543.8220109083211
input4000_rate2p5_reuse00_seed1,NEAREST_MIGRATE,182,0.0,15.708626,0.0,464.342268,5.684341886080802e-14,480.050894,551.9325938302018,2.1168539256599672e-05,0.0,0.0,480.05089399999997,551.932614998741,551.932614998741
input4000_rate2p5_reuse00_seed1,NEAREST_MIGRATE,178,0.0,17.8612,0.0,467.989179,0.0,485.850379,544.1869669238508,2.1168539256599672e-05,0.0,0.0,485.850379,544.18698809239,544.18698809239
input4000_rate2p5_reuse00_seed1,NEAREST_MIGRATE,196,0.0,3.868473,0.0,464.109541,0.0,467.978014,551.9325938302018,2.1168539256599672e-05,0.0,0.0,467.978014,551.932614998741,551.932614998741
input4000_rate2p5_reuse00_seed1,NEAREST_MIGRATE,199,0.0,14.398416,0.0,462.533063,0.0,476.931479,550.7565562370909,2.1168539256599672e-05,0.0,1.7556025873796912,476.931479,552.5121799930098,552.5121799930098
input4000_rate2p5_reuse00_seed1,NEAREST_MIGRATE,210,0.0,5.518754,0.0,465.656851,0.0,471.175605,552.9058663210521,2.1168539256599672e-05,0.0,0.1655254909444679,471.175605,553.0714129805359,553.0714129805359
input4000_rate2p5_reuse00_seed1,NEAREST_MIGRATE,217,0.0,13.478407,0.0,463.851915,0.0,477.330322,551.1620864416119,2.1168539256599672e-05,0.0,0.15520493926487688,477.330322,551.317312549416,551.317312549416
input4000_rate2p5_reuse00_seed1,NEAREST_MIGRATE,219,0.0,15.465056,0.0,470.280548,0.0,485.745604,550.9187683188993,2.1168539256599672e-05,0.0,10.817986998672154,485.745604,561.7367764861107,561.7367764861107
input4000_rate2p5_reuse00_seed1,NEAREST_MIGRATE,212,0.0,153.34285,0.0,463.583092,0.0,616.925942,543.9436488011382,2.1168539256599672e-05,0.0,240.42681657155052,616.9259420000001,784.370486541228,784.370486541228
input4000_rate2p5_reuse00_seed1,NEAREST_MIGRATE,238,0.0,43.9239,0.0,697.988427,0.0,741.912327,549.8643897871447,2.1168539256599672e-05,0.0,240.08023323501297,741.912327,789.9446441906969,789.9446441906969
input4000_rate2p5_reuse00_seed1,NEAREST_MIGRATE,237,0.0,6.787768,0.0,470.905049,0.0,477.692817,544.5924971283719,2.1168539256599672e-05,0.0,0.0,477.692817,544.5925182969111,544.5925182969111
input4000_rate2p5_reuse00_seed1,NEAREST_MIGRATE,250,0.0,19.128994,0.0,460.833308,5.684341886080802e-14,479.962302,545.2818984760574,2.1168539256599672e-05,0.0,0.0,479.96230199999997,545.2819196445967,545.2819196445967
input4000_rate2p5_reuse00_seed1,NEAREST_MIGRATE,261,0.0,19.09371,0.0,460.258418,0.0,479.352128,550.5943441552824,2.1168539256599672e-05,0.0,0.0,479.352128,550.5943653238216,550.5943653238216
input4000_rate2p5_reuse00_seed1,NEAREST_MIGRATE,271,0.0,7.852694,0.0,462.611097,5.684341886080802e-14,470.463791,551.3648515438724,2.1168539256599672e-05,0.0,0.0,470.46379099999996,551.3648727124116,551.3648727124116
input4000_rate2p5_reuse00_seed1,NEAREST_MIGRATE,276,0.0,12.113057,0.0,461.998022,0.0,474.111079,551.1620864416119,2.1168539256599672e-05,0.0,0.0,474.111079,551.1621076101511,551.1621076101511
input4000_rate2p5_reuse00_seed1,NEAREST_MIGRATE,0,0.0,0.0,0.0,439.218678,0.0,439.218678,554.2441159959714,2.1168539256599672e-05,0.0,0.0,439.218678,554.2441371645106,554.2441371645106
input4000_rate2p5_reuse00_seed1,NEAREST_MIGRATE,6,0.0,4.419682,0.0,444.708255,0.0,449.127937,548.1611629281565,2.1168539256599672e-05,0.0,0.0,449.12793700000003,548.1611840966957,548.1611840966957
input4000_rate2p5_reuse00_seed1,NEAREST_MIGRATE,41,0.0,0.001983,0.0,439.218678,0.0,439.220661,552.9464193415042,2.1168539256599672e-05,0.0,0.0,439.220661,552.9464405100434,552.9464405100434
input4000_rate2p5_reuse00_seed1,NEAREST_MIGRATE,63,0.0,87.180244,0.0,672.184605,0.0,759.364849,551.8109347688454,2.1168539256599672e-05,0.0,240.27356692892837,759.364849,792.084522866313,792.084522866313
input4000_rate2p5_reuse00_seed1,NEAREST_MIGRATE,62,0.0,12.466156,0.0,449.663709,0.0,462.129865,545.079133373797,2.1168539256599672e-05,0.0,0.0,462.129865,545.0791545423363,545.0791545423363
input4000_rate2p5_reuse00_seed1,NEAREST_MIGRATE,86,0.0,9.191522,0.0,449.89836,0.0,459.089882,543.9436488011382,2.1168539256599672e-05,0.0,0.0,459.08988200000005,543.9436699696774,543.9436699696774
input4000_rate2p5_reuse00_seed1,NEAREST_MIGRATE,128,0.0,0.005577,0.0,439.218678,0.0,439.224255,551.3648515438724,2.1168539256599672e-05,0.0,0.0,439.224255,551.3648727124116,551.3648727124116
input4000_rate2p5_reuse00_seed1,NEAREST_MIGRATE,140,0.0,11.813603,0.0,448.635352,0.0,460.448955,552.9869723619563,2.1168539256599672e-05,0.0,0.0,460.448955,552.9869935304955,552.9869935304955
input4000_rate2p5_reuse00_seed1,NEAREST_MIGRATE,134,0.0,12.628005,0.0,444.524831,0.0,457.152836,547.3906555395666,2.1168539256599672e-05,0.0,0.0,457.152836,547.3906767081058,547.3906767081058
input4000_rate2p5_reuse00_seed1,NEAREST_MIGRATE,153,0.0,5.014338,0.0,452.263273,0.0,457.277611,547.7556327236355,2.1168539256599672e-05,0.0,0.0,457.27761100000004,547.7556538921747,547.7556538921747
input4000_rate2p5_reuse00_seed1,NEAREST_MIGRATE,162,0.0,5.417669,0.0,452.472489,0.0,457.890158,549.3777535417195,2.1168539256599672e-05,0.0,0.0,457.890158,549.3777747102587,549.3777747102587
input4000_rate2p5_reuse00_seed1,NEAREST_MIGRATE,185,0.0,4.718773,0.0,452.493033,0.0,457.211806,551.5270636256807,2.1168539256599672e-05,0.0,0.0,457.211806,551.52708479422,551.52708479422
input4000_rate2p5_reuse00_seed1,NEAREST_MIGRATE,190,0.0,3.643247,0.0,451.892361,5.684341886080802e-14,455.535608,552.9058663210521,2.1168539256599672e-05,0.0,0.05025369307822558,455.53560799999997,552.9561411826696,552.9561411826696
input4000_rate2p5_reuse00_seed1,NEAREST_MIGRATE,179,0.0,2.236726,0.0,449.898968,0.0,452.135694,544.6330501488239,2.1168539256599672e-05,0.0,0.0,452.135694,544.6330713173631,544.6330713173631
input4000_rate2p5_reuse00_seed1,NEAREST_MIGRATE,198,0.0,12.266382,0.0,456.948745,0.0,469.215127,550.9998743598035,2.1168539256599672e-05,0.0,4.561643051610567,469.215127,555.5615385799533,555.5615385799533
input4000_rate2p5_reuse00_seed1,NEAREST_MIGRATE,194,0.0,15.818091,0.0,453.846637,5.684341886080802e-14,469.664728,544.9169212919886,2.1168539256599672e-05,0.0,0.0,469.66472799999997,544.9169424605278,544.9169424605279
input4000_rate2p5_reuse00_seed1,NEAREST_MIGRATE,216,0.0,9.436873,0.0,474.106086,0.0,483.542959,550.2699199916657,2.1168539256599672e-05,0.0,6.264669437012493,483.542959,556.5346105972175,556.5346105972175
input4000_rate2p5_reuse00_seed1,NEAREST_MIGRATE,221,0.0,4.571184,0.0,471.570037,0.0,476.141221,554.0007978732588,2.1168539256599672e-05,0.0,0.32346761826515547,476.14122100000003,554.3242866600632,554.3242866600632
input4000_rate2p5_reuse00_seed1,NEAREST_MIGRATE,211,0.0,12.936402,0.0,465.919836,5.684341886080802e-14,478.856238,546.3768300282642,2.1168539256599672e-05,0.0,0.0,478.85623799999996,546.3768511968034,546.3768511968035
input4000_rate2p5_reuse00_seed1,NEAREST_MIGRATE,240,0.0,0.443964,0.0,463.694872,5.684341886080802e-14,464.138836,551.2431924825161,2.1168539256599672e-05,0.0,0.0,464.13883599999997,551.2432136510553,551.2432136510554
input4000_rate2p5_reuse00_seed1,NEAREST_MIGRATE,252,0.0,18.967478,0.0,468.001382,5.684341886080802e-14,486.96886,553.7169267300941,2.1168539256599672e-05,0.0,6.34136605673239,486.96885999999995,560.0583139553657,560.0583139553657
input4000_rate2p5_reuse00_seed1,NEAREST_MIGRATE,254,0.0,18.81685,0.0,453.906896,0.0,472.723746,554.0413508937108,2.1168539256599672e-05,0.0,0.0945044051051056,472.723746,554.1358764673552,554.1358764673552
input4000_rate2p5_reuse00_seed1,NEAREST_MIGRATE,247,0.0,8.164844,0.0,462.276031,0.0,470.440875,545.8090877419347,2.1168539256599672e-05,0.0,0.0,470.440875,545.8091089104739,545.8091089104739
input4000_rate2p5_reuse00_seed1,NEAREST_MIGRATE,279,0.0,18.487911,0.0,460.036642,5.684341886080802e-14,478.524553,551.1620864416119,2.1168539256599672e-05,0.0,0.0,478.52455299999997,551.1621076101511,551.1621076101512
input4000_rate2p5_reuse00_seed1,NEAREST_MIGRATE,284,0.0,11.352643,0.0,459.322006,0.0,470.674649,553.5547146482857,2.1168539256599672e-05,0.0,0.0,470.674649,553.5547358168249,553.5547358168249
input4000_rate2p5_reuse00_seed1,NEAREST_MIGRATE,293,0.0,2.068874,0.0,452.998579,0.0,455.067453,544.1869669238508,2.1168539256599672e-05,0.0,0.0,455.067453,544.18698809239,544.18698809239
input4000_rate2p5_reuse00_seed1,NEAREST_MIGRATE_KV,13,0.0,0.002391,0.0,439.218678,0.0,439.221069,550.797109257543,2.1168539256599672e-05,0.0,0.0,439.221069,550.7971304260822,550.7971304260822
input4000_rate2p5_reuse00_seed1,NEAREST_MIGRATE_KV,32,0.0,5.323026,0.0,446.055391,0.0,451.378417,551.6487226870371,2.1168539256599672e-05,0.0,0.0,451.378417,551.6487438555763,551.6487438555763
input4000_rate2p5_reuse00_seed1,NEAREST_MIGRATE_KV,42,0.0,13.474013,0.0,444.847327,0.0,458.32134,550.4726850939262,2.1168539256599672e-05,0.0,0.0,458.32134,550.4727062624654,550.4727062624654
input4000_rate2p5_reuse00_seed1,NEAREST_MIGRATE_KV,67,0.0,14.475003,0.0,445.525471,0.0,460.000474,551.0404273802556,2.1168539256599672e-05,0.0,0.0,460.000474,551.0404485487948,551.0404485487948
input4000_rate2p5_reuse00_seed1,NEAREST_MIGRATE_KV,68,0.0,10.248011,0.0,448.946328,0.0,459.194339,543.8219897397819,2.1168539256599672e-05,0.0,0.9021893966933021,459.194339,544.7242003050144,544.7242003050144
input4000_rate2p5_reuse00_seed1,NEAREST_MIGRATE_KV,81,0.0,1.482449,0.0,449.14572,5.684341886080802e-14,450.628169,551.0404273802556,2.1168539256599672e-05,0.0,0.0,450.62816899999996,551.0404485487948,551.0404485487948
input4000_rate2p5_reuse00_seed1,NEAREST_MIGRATE_KV,83,0.0,8.178354,0.0,451.566185,0.0,459.744539,551.0809804007076,2.1168539256599672e-05,0.0,1.2427137760839315,459.74453900000003,552.3237153453308,552.3237153453308
input4000_rate2p5_reuse00_seed1,NEAREST_MIGRATE_KV,88,0.0,4.736773,0.0,453.840397,0.0,458.57717,543.8219897397819,2.1168539256599672e-05,0.0,0.0,458.57717,543.8220109083211,543.8220109083211
input4000_rate2p5_reuse00_seed1,NEAREST_MIGRATE_KV,103,0.0,9.885621,0.0,457.938345,0.0,467.823966,552.1353589324623,2.1168539256599672e-05,0.0,0.0,467.82396600000004,552.1353801010015,552.1353801010015
input4000_rate2p5_reuse00_seed1,NEAREST_MIGRATE_KV,96,0.0,14.271654,0.0,457.604105,0.0,471.875759,543.9030957806862,2.1168539256599672e-05,0.0,0.0,471.875759,543.9031169492254,543.9031169492254
input4000_rate2p5_reuse00_seed1,NEAREST_MIGRATE_KV,109,0.0,20.647058,0.0,457.547081,0.0,478.194139,551.4459575847766,2.1168539256599672e-05,0.0,0.0,478.194139,551.4459787533158,551.4459787533158
input4000_rate2p5_reuse00_seed1,NEAREST_MIGRATE_KV,117,0.0,8.494168,0.0,454.007309,0.0,462.501477,543.9436488011382,2.1168539256599672e-05,0.0,0.0,462.501477,543.9436699696774,543.9436699696774
input4000_rate2p5_reuse00_seed1,NEAREST_MIGRATE_KV,135,0.0,4.92411,0.0,455.021453,0.0,459.945563,548.4450340713213,2.1168539256599672e-05,0.0,0.0,459.945563,548.4450552398605,548.4450552398605
input4000_rate2p5_reuse00_seed1,NEAREST_MIGRATE_KV,150,0.0,7.572189,0.0,449.58236,0.0,457.154549,549.2966475008153,2.1168539256599672e-05,0.0,0.0,457.154549,549.2966686693545,549.2966686693545
input4000_rate2p5_reuse00_seed1,NEAREST_MIGRATE_KV,159,0.0,18.067719,0.0,449.554872,0.0,467.622591,543.6597776579736,2.1168539256599672e-05,0.0,0.0,467.622591,543.6597988265128,543.6597988265128
input4000_rate2p5_reuse00_seed1,NEAREST_MIGRATE_KV,177,0.0,93.999821,0.0,696.585722,0.0,790.585543,552.7031012187916,2.1168539256599672e-05,0.0,248.7213910242082,790.585543,801.4245134115391,801.4245134115391
input4000_rate2p5_reuse00_seed1,NEAREST_MIGRATE_KV,176,0.0,14.958907,0.0,462.857307,0.0,477.816214,551.202639462064,2.1168539256599672e-05,0.0,0.0,477.816214,551.2026606306032,551.2026606306032
input4000_rate2p5_reuse00_seed1,NEAREST_MIGRATE_KV,167,0.0,6.735752,0.0,452.421577,0.0,459.157329,543.9436488011382,2.1168539256599672e-05,0.0,0.0,459.157329,543.9436699696774,543.9436699696774
input4000_rate2p5_reuse00_seed1,NEAREST_MIGRATE_KV,169,0.0,19.333654,0.0,457.240999,0.0,476.574653,543.862542760234,2.1168539256599672e-05,0.0,5.489437118700273,476.574653,549.3520010474735,549.3520010474735
input4000_rate2p5_reuse00_seed1,NEAREST_MIGRATE_KV,192,0.0,15.12868,0.0,461.285391,0.0,476.414071,554.1224569346151,2.1168539256599672e-05,0.0,0.0,476.414071,554.1224781031543,554.1224781031543
input4000_rate2p5_reuse00_seed1,NEAREST_MIGRATE_KV,248,0.0,0.01145,0.0,453.994767,0.0,454.006217,553.1086314233127,2.1168539256599672e-05,0.0,0.0,454.00621700000005,553.1086525918519,553.1086525918519
input4000_rate2p5_reuse00_seed1,NEAREST_MIGRATE_KV,251,0.0,172.571049,0.0,455.580674,0.0,628.151723,547.3095494986625,2.1168539256599672e-05,0.0,230.43478596118095,628.151723,777.7443566283827,777.7443566283827
input4000_rate2p5_reuse00_seed1,NEAREST_MIGRATE_KV,272,0.0,5.144571,0.0,460.397349,0.0,465.54192,548.0395038668003,2.1168539256599672e-05,0.0,0.0,465.54192,548.0395250353395,548.0395250353395
input4000_rate2p5_reuse00_seed1,NEAREST_MIGRATE_KV,286,0.0,3.667589,0.0,457.202656,0.0,460.870245,543.8219897397819,2.1168539256599672e-05,0.0,0.0,460.870245,543.8220109083211,543.8220109083211
input4000_rate2p5_reuse00_seed1,NEAREST_MIGRATE_KV,2,0.0,0.048801,0.0,439.218678,0.0,439.267479,543.9030957806862,2.1168539256599672e-05,0.0,0.0,439.26747900000004,543.9031169492254,543.9031169492254
input4000_rate2p5_reuse00_seed1,NEAREST_MIGRATE_KV,11,0.0,3.733552,0.0,445.152255,0.0,448.885807,553.8385857914504,2.1168539256599672e-05,0.0,0.0,448.885807,553.8386069599896,553.8386069599896
input4000_rate2p5_reuse00_seed1,NEAREST_MIGRATE_KV,20,0.0,7.669419,0.0,449.363064,0.0,457.032483,544.3897320261113,2.1168539256599672e-05,0.0,0.0,457.032483,544.3897531946506,544.3897531946506
input4000_rate2p5_reuse00_seed1,NEAREST_MIGRATE_KV,37,0.0,166.506775,0.0,448.989112,5.684341886080802e-14,615.495887,553.270843505121,2.1168539256599672e-05,0.0,230.82153244066853,615.495887,784.0923971143288,784.0923971143288
input4000_rate2p5_reuse00_seed1,NEAREST_MIGRATE_KV,36,0.0,2.971294,0.0,445.613791,0.0,448.585085,552.2975710142706,2.1168539256599672e-05,0.0,0.0,448.585085,552.2975921828098,552.2975921828098
input4000_rate2p5_reuse00_seed1,NEAREST_MIGRATE_KV,61,0.0,12.455401,0.0,457.465865,0.0,469.921266,553.3113965255732,2.1168539256599672e-05,0.0,0.0,469.921266,553.3114176941124,553.3114176941124
input4000_rate2p5_reuse00_seed1,NEAREST_MIGRATE_KV,45,0.0,156.514344,0.0,682.066766,0.0,838.58111,543.9030957806862,2.1168539256599672e-05,0.0,248.4176064494802,838.5811100000001,792.3207233987056,792.3207233987056
input4000_rate2p5_reuse00_seed1,NEAREST_MIGRATE_KV,44,0.0,9.760104,0.0,456.283935,0.0,466.044039,543.7003306784256,2.1168539256599672e-05,0.0,0.0,466.044039,543.7003518469648,543.7003518469648
input4000_rate2p5_reuse00_seed1,NEAREST_MIGRATE_KV,66,0.0,2.301348,0.0,457.081641,0.0,459.382989,551.9731468506538,2.1168539256599672e-05,0.0,0.0,459.382989,551.973168019193,551.973168019193
input4000_rate2p5_reuse00_seed1,NEAREST_MIGRATE_KV,80,0.0,14.678653,0.0,454.553325,5.684341886080802e-14,469.231978,546.3362770078121,2.1168539256599672e-05,0.0,0.0,469.23197799999997,546.3362981763513,546.3362981763514
input4000_rate2p5_reuse00_seed1,NEAREST_MIGRATE_KV,98,0.0,9.176178,0.0,452.271305,0.0,461.447483,552.6219951778875,2.1168539256599672e-05,0.0,0.0,461.447483,552.6220163464267,552.6220163464267
input4000_rate2p5_reuse00_seed1,NEAREST_MIGRATE_KV,94,0.0,4.332302,0.0,455.207053,0.0,459.539355,545.9712998237432,2.1168539256599672e-05,0.0,0.0,459.539355,545.9713209922824,545.9713209922824
input4000_rate2p5_reuse00_seed1,NEAREST_MIGRATE_KV,115,0.0,18.199938,0.0,457.302153,5.684341886080802e-14,475.502091,551.8920408097497,2.1168539256599672e-05,0.0,5.859988766966282,475.50209099999995,557.7520507452552,557.7520507452552
input4000_rate2p5_reuse00_seed1,NEAREST_MIGRATE_KV,110,0.0,2.865712,0.0,454.373517,5.684341886080802e-14,457.239229,550.7565562370909,2.1168539256599672e-05,0.0,0.0,457.23922899999997,550.7565774056301,550.7565774056302
input4000_rate2p5_reuse00_seed1,NEAREST_MIGRATE_KV,105,0.0,6.413936,0.0,452.214057,0.0,458.627993,543.862542760234,2.1168539256599672e-05,0.0,0.0,458.627993,543.8625639287732,543.8625639287732
input4000_rate2p5_reuse00_seed1,NEAREST_MIGRATE_KV,129,0.0,3.393015,0.0,457.911017,0.0,461.304032,552.0948059120101,2.1168539256599672e-05,0.0,0.0,461.304032,552.0948270805493,552.0948270805493
input4000_rate2p5_reuse00_seed1,NEAREST_MIGRATE_KV,143,0.0,6.739668,0.0,463.167756,0.0,469.907424,553.5547146482857,2.1168539256599672e-05,0.0,0.0,469.907424,553.5547358168249,553.5547358168249
input4000_rate2p5_reuse00_seed1,NEAREST_MIGRATE_KV,158,0.0,9.199628,0.0,456.508645,0.0,465.708273,549.9454958280489,2.1168539256599672e-05,0.0,0.0,465.708273,549.9455169965881,549.9455169965881
input4000_rate2p5_reuse00_seed1,NEAREST_MIGRATE_KV,164,0.0,4.683151,0.0,457.225473,0.0,461.908624,552.7436542392437,2.1168539256599672e-05,0.0,0.0,461.90862400000003,552.7436754077829,552.7436754077829
input4000_rate2p5_reuse00_seed1,NEAREST_MIGRATE_KV,174,0.0,17.779428,0.0,453.988502,0.0,471.76793,543.862542760234,2.1168539256599672e-05,0.0,0.0,471.76793,543.8625639287732,543.8625639287732
input4000_rate2p5_reuse00_seed1,NEAREST_MIGRATE_KV,186,0.0,17.150777,0.0,460.580721,0.0,477.731498,551.4054045643245,2.1168539256599672e-05,0.0,0.0,477.731498,551.4054257328637,551.4054257328637
input4000_rate2p5_reuse00_seed1,NEAREST_MIGRATE_KV,187,0.0,3.931968,0.0,458.284845,0.0,462.216813,544.8358152510843,2.1168539256599672e-05,0.0,1.056970758869248,462.216813,545.8928071784928,545.8928071784928
input4000_rate2p5_reuse00_seed1,NEAREST_MIGRATE_KV,204,0.0,18.166891,0.0,460.249689,0.0,478.41658,553.1897374642168,2.1168539256599672e-05,0.0,0.0,478.41658,553.189758632756,553.189758632756
input4000_rate2p5_reuse00_seed1,NEAREST_MIGRATE_KV,215,0.0,5.737259,0.0,459.094206,0.0,464.831465,553.0275253824084,2.1168539256599672e-05,0.0,0.0,464.831465,553.0275465509476,553.0275465509476
input4000_rate2p5_reuse00_seed1,NEAREST_MIGRATE_KV,220,0.0,12.625742,0.0,458.434285,0.0,471.060027,551.7703817483933,2.1168539256599672e-05,0.0,0.0,471.060027,551.7704029169325,551.7704029169325
input4000_rate2p5_reuse00_seed1,NEAREST_MIGRATE_KV,265,0.0,0.026462,0.0,450.499513,5.684341886080802e-14,450.525975,553.270843505121,2.1168539256599672e-05,0.0,0.0,450.52597499999996,553.2708646736602,553.2708646736603
input4000_rate2p5_reuse00_seed1,NEAREST_MIGRATE_KV,266,0.0,3.938343,0.0,450.855603,5.684341886080802e-14,454.793946,553.6358206891899,2.1168539256599672e-05,0.0,0.0,454.79394599999995,553.6358418577291,553.6358418577292
input4000_rate2p5_reuse00_seed1,NEAREST_MIGRATE_KV,274,0.0,2.657813,0.0,452.51213,0.0,455.169943,543.8219897397819,2.1168539256599672e-05,0.0,0.0,455.169943,543.8220109083211,543.8220109083211
input4000_rate2p5_reuse00_seed1,NEAREST_MIGRATE_KV,278,0.0,11.008481,0.0,459.522666,0.0,470.531147,543.7408836988777,2.1168539256599672e-05,0.0,9.897455613618348,470.53114700000003,553.6383604810353,553.6383604810353
input4000_rate2p5_reuse00_seed1,NEAREST_MIGRATE_KV,295,0.0,3.880604,0.0,463.821859,0.0,467.702463,552.5003361165311,2.1168539256599672e-05,0.0,0.0,467.702463,552.5003572850703,552.5003572850703
input4000_rate2p5_reuse00_seed1,NEAREST_MIGRATE_KV,1,0.0,0.182754,0.0,439.218678,0.0,439.401432,546.9445723145935,2.1168539256599672e-05,0.0,0.0,439.401432,546.9445934831327,546.9445934831327
input4000_rate2p5_reuse00_seed1,NEAREST_MIGRATE_KV,10,0.0,15.526475,0.0,448.661656,0.0,464.188131,553.7980327709984,2.1168539256599672e-05,0.0,5.761359051069164,464.188131,559.5594129906068,559.5594129906068
input4000_rate2p5_reuse00_seed1,NEAREST_MIGRATE_KV,9,0.0,14.228425,0.0,444.801119,0.0,459.029544,548.363928030417,2.1168539256599672e-05,0.0,0.0,459.02954400000004,548.3639491989562,548.3639491989562
input4000_rate2p5_reuse00_seed1,NEAREST_MIGRATE_KV,22,0.0,13.974377,0.0,452.500201,0.0,466.474578,551.1215334211597,2.1168539256599672e-05,0.0,0.0,466.474578,551.1215545896989,551.1215545896989
input4000_rate2p5_reuse00_seed1,NEAREST_MIGRATE_KV,29,0.0,16.319023,0.0,454.793485,0.0,471.112508,544.1869669238508,2.1168539256599672e-05,0.0,0.0,471.112508,544.18698809239,544.18698809239
input4000_rate2p5_reuse00_seed1,NEAREST_MIGRATE_KV,49,0.0,8.782465,0.0,452.001705,0.0,460.78417,553.3925025664773,2.1168539256599672e-05,0.0,1.3327955827100624,460.78417,554.7253193177266,554.7253193177266
input4000_rate2p5_reuse00_seed1,NEAREST_MIGRATE_KV,48,0.0,14.593225,0.0,449.680504,0.0,464.273729,543.862542760234,2.1168539256599672e-05,0.0,0.0,464.273729,543.8625639287732,543.8625639287732
input4000_rate2p5_reuse00_seed1,NEAREST_MIGRATE_KV,72,0.0,0.637316,0.0,449.970168,0.0,450.607484,543.9030957806862,2.1168539256599672e-05,0.0,0.0,450.607484,543.9031169492254,543.9031169492254
input4000_rate2p5_reuse00_seed1,NEAREST_MIGRATE_KV,93,0.0,17.806968,0.0,452.502953,0.0,470.309921,551.6487226870371,2.1168539256599672e-05,0.0,0.0,470.309921,551.6487438555763,551.6487438555763
input4000_rate2p5_reuse00_seed1,NEAREST_MIGRATE_KV,84,0.0,8.018199,0.0,449.514776,5.684341886080802e-14,457.532975,545.4035575374138,2.1168539256599672e-05,0.0,0.0,457.53297499999996,545.403578705953,545.4035787059531
input4000_rate2p5_reuse00_seed1,NEAREST_MIGRATE_KV,102,0.0,9.649866,0.0,452.669225,5.684341886080802e-14,462.319091,552.9058663210521,2.1168539256599672e-05,0.0,0.0,462.31909099999996,552.9058874895914,552.9058874895914
input4000_rate2p5_reuse00_seed1,NEAREST_MIGRATE_KV,108,0.0,1.378969,0.0,454.782989,5.684341886080802e-14,456.161958,547.3501025191146,2.1168539256599672e-05,0.0,0.0,456.16195799999997,547.3501236876538,547.3501236876539
input4000_rate2p5_reuse00_seed1,NEAREST_MIGRATE_KV,111,0.0,10.600266,0.0,457.676329,0.0,468.276595,546.741807212333,2.1168539256599672e-05,0.0,5.659280180272958,468.276595,552.4011085611452,552.4011085611452
input4000_rate2p5_reuse00_seed1,NEAREST_MIGRATE_KV,118,0.0,18.737399,0.0,460.396326,5.684341886080802e-14,479.133725,543.9436488011382,2.1168539256599672e-05,0.0,0.0,479.13372499999997,543.9436699696774,543.9436699696776
input4000_rate2p5_reuse00_seed1,NEAREST_MIGRATE_KV,121,0.0,20.289538,0.0,459.904646,0.0,480.194184,543.9842018215903,2.1168539256599672e-05,0.0,3.9356126915118566,480.194184,547.9198356816414,547.9198356816414
input4000_rate2p5_reuse00_seed1,NEAREST_MIGRATE_KV,166,0.0,0.042581,0.0,439.218678,0.0,439.261259,553.676373709642,2.1168539256599672e-05,0.0,0.0,439.261259,553.6763948781812,553.6763948781812
input4000_rate2p5_reuse00_seed1,NEAREST_MIGRATE_KV,180,0.0,6.094169,0.0,459.267343,0.0,465.361512,553.7169267300941,2.1168539256599672e-05,0.0,0.0,465.361512,553.7169478986333,553.7169478986333
input4000_rate2p5_reuse00_seed1,NEAREST_MIGRATE_KV,235,0.0,0.003887,0.0,454.058317,0.0,454.062204,550.5537911348304,2.1168539256599672e-05,0.0,0.0,454.062204,550.5538123033696,550.5538123033696
input4000_rate2p5_reuse00_seed1,NEAREST_MIGRATE_KV,245,0.0,1.04412,0.0,457.703316,0.0,458.747436,544.8358152510843,2.1168539256599672e-05,0.0,0.0,458.747436,544.8358364196235,544.8358364196235
input4000_rate2p5_reuse00_seed1,NEAREST_MIGRATE_KV,267,0.0,7.142067,0.0,460.485153,0.0,467.62722,545.890193782839,2.1168539256599672e-05,0.0,0.0,467.62722,545.8902149513782,545.8902149513782
input4000_rate2p5_reuse00_seed1,NEAREST_MIGRATE_KV,283,0.0,9.091524,0.0,457.863278,0.0,466.954802,554.2441159959714,2.1168539256599672e-05,0.0,0.0,466.954802,554.2441371645106,554.2441371645106
input4000_rate2p5_reuse00_seed1,NEAREST_MIGRATE_KV,289,0.0,1.532051,0.0,457.686469,0.0,459.21852,543.9436488011382,2.1168539256599672e-05,0.0,0.0,459.21852,543.9436699696774,543.9436699696774
input4000_rate2p5_reuse00_seed1,NEAREST_MIGRATE_KV,5,0.0,0.114898,0.0,439.218678,0.0,439.333576,551.6081696665849,2.1168539256599672e-05,0.0,0.0,439.333576,551.6081908351241,551.6081908351241
input4000_rate2p5_reuse00_seed1,NEAREST_MIGRATE_KV,7,0.0,159.01685,0.0,444.299839,0.0,603.316689,551.4865106052287,2.1168539256599672e-05,0.0,230.59756536613696,603.316689,782.0840971399049,782.0840971399049
input4000_rate2p5_reuse00_seed1,NEAREST_MIGRATE_KV,28,0.0,18.697668,0.0,454.028813,0.0,472.726481,554.0007978732588,2.1168539256599672e-05,0.0,5.884532761797367,472.72648100000004,559.8853518035954,559.8853518035954
input4000_rate2p5_reuse00_seed1,NEAREST_MIGRATE_KV,27,0.0,1.839221,0.0,452.320553,0.0,454.159774,552.824760280148,2.1168539256599672e-05,0.0,1.3106702266966295,454.159774,554.1354516753838,554.1354516753838
input4000_rate2p5_reuse00_seed1,NEAREST_MIGRATE_KV,26,0.0,7.180712,0.0,449.944952,0.0,457.125664,543.7003306784256,2.1168539256599672e-05,0.0,0.0,457.12566400000003,543.7003518469648,543.7003518469648
input4000_rate2p5_reuse00_seed1,NEAREST_MIGRATE_KV,30,0.0,4.644776,0.0,457.031337,0.0,461.676113,543.862542760234,2.1168539256599672e-05,0.0,3.8732356448615803,461.676113,547.7357995736348,547.7357995736348
input4000_rate2p5_reuse00_seed1,NEAREST_MIGRATE_KV,55,0.0,17.77336,0.0,454.791661,0.0,472.565021,545.4441105578659,2.1168539256599672e-05,0.0,0.0,472.565021,545.4441317264051,545.4441317264051
input4000_rate2p5_reuse00_seed1,NEAREST_MIGRATE_KV,58,0.0,8.375104,0.0,462.172591,0.0,470.547695,546.0524058646474,2.1168539256599672e-05,0.0,0.0,470.54769500000003,546.0524270331866,546.0524270331866
input4000_rate2p5_reuse00_seed1,NEAREST_MIGRATE_KV,59,0.0,178.562482,0.0,691.81882,0.0,870.381302,543.862542760234,2.1168539256599672e-05,0.0,243.86731363837893,870.381302,787.7298775671521,787.7298775671521
input4000_rate2p5_reuse00_seed1,NEAREST_MIGRATE_KV,79,0.0,3.225437,0.0,452.339913,0.0,455.56535,552.459783096079,2.1168539256599672e-05,0.0,0.0,455.56535,552.4598042646182,552.4598042646182
input4000_rate2p5_reuse00_seed1,NEAREST_MIGRATE_KV,90,0.0,9.656487,0.0,454.763725,0.0,464.420212,551.6081696665849,2.1168539256599672e-05,0.0,0.0,464.42021200000005,551.6081908351241,551.6081908351241
input4000_rate2p5_reuse00_seed1,NEAREST_MIGRATE_KV,99,0.0,1.347829,0.0,454.884077,0.0,456.231906,543.8219897397819,2.1168539256599672e-05,0.0,0.0,456.231906,543.8220109083211,543.8220109083211
input4000_rate2p5_reuse00_seed1,NEAREST_MIGRATE_KV,124,0.0,8.27637,0.0,446.247103,5.684341886080802e-14,454.523473,553.3925025664773,2.1168539256599672e-05,0.0,0.0,454.52347299999997,553.3925237350165,553.3925237350165
input4000_rate2p5_reuse00_seed1,NEAREST_MIGRATE_KV,130,0.0,14.168127,0.0,449.610584,0.0,463.778711,553.5141616278336,2.1168539256599672e-05,0.0,0.0,463.77871100000004,553.5141827963728,553.5141827963728
input4000_rate2p5_reuse00_seed1,NEAREST_MIGRATE_KV,142,0.0,191.904055,0.0,462.411412,5.684341886080802e-14,654.315467,553.4330555869294,2.1168539256599672e-05,0.0,240.07750553678775,654.315467,793.5105822922565,793.5105822922565
input4000_rate2p5_reuse00_seed1,NEAREST_MIGRATE_KV,131,0.0,103.813024,0.0,451.937705,0.0,555.750729,543.9842018215903,2.1168539256599672e-05,0.0,235.08445061450647,555.750729,779.068673604636,779.068673604636
input4000_rate2p5_reuse00_seed1,NEAREST_MIGRATE_KV,149,0.0,17.889222,0.0,464.854218,0.0,482.74344,549.2966475008153,2.1168539256599672e-05,0.0,0.0,482.74344,549.2966686693545,549.2966686693545
input4000_rate2p5_reuse00_seed1,NEAREST_MIGRATE_KV,141,0.0,9.750123,0.0,451.634889,5.684341886080802e-14,461.385012,543.9030957806862,2.1168539256599672e-05,0.0,0.0,461.38501199999996,543.9031169492254,543.9031169492255
input4000_rate2p5_reuse00_seed1,NEAREST_MIGRATE_KV,163,0.0,0.792286,0.0,462.648787,0.0,463.441073,552.7436542392437,2.1168539256599672e-05,0.0,0.0,463.441073,552.7436754077829,552.7436754077829
input4000_rate2p5_reuse00_seed1,NEAREST_MIGRATE_KV,181,0.0,4.794941,0.0,464.92738,0.0,469.722321,551.3242985234202,2.1168539256599672e-05,0.0,0.0,469.722321,551.3243196919594,551.3243196919594
input4000_rate2p5_reuse00_seed1,NEAREST_MIGRATE_KV,201,0.0,8.463538,0.0,458.994205,0.0,467.457743,553.1897374642168,2.1168539256599672e-05,0.0,0.0,467.45774300000005,553.189758632756,553.189758632756
input4000_rate2p5_reuse00_seed1,NEAREST_MIGRATE_KV,202,0.0,70.991949,0.0,457.118425,0.0,528.110374,552.459783096079,2.1168539256599672e-05,0.0,230.78992478922078,528.110374,783.249729053839,783.249729053839
input4000_rate2p5_reuse00_seed1,NEAREST_MIGRATE_KV,213,0.0,8.761474,0.0,456.975592,0.0,465.737066,547.2689964782103,2.1168539256599672e-05,0.0,0.0,465.737066,547.2690176467495,547.2690176467495
input4000_rate2p5_reuse00_seed1,NEAREST_MIGRATE_KV,233,0.0,208.782796,0.0,710.31306,1.1368683772161603e-13,919.095856,554.0413508937108,2.1168539256599672e-05,0.0,250.44738102186884,919.0958559999999,804.4887530841189,804.488753084119
input4000_rate2p5_reuse00_seed1,NEAREST_MIGRATE_KV,232,0.0,145.820744,0.0,462.960353,5.684341886080802e-14,608.781097,553.0275253824084,2.1168539256599672e-05,0.0,231.1209106279272,608.781097,784.1484571788749,784.1484571788749
input4000_rate2p5_reuse00_seed1,NEAREST_MIGRATE_KV,231,0.0,14.72916,0.0,462.154408,5.684341886080802e-14,476.883568,549.1344354190069,2.1168539256599672e-05,0.0,0.0,476.88356799999997,549.1344565875461,549.1344565875461
input4000_rate2p5_reuse00_seed1,NEAREST_MIGRATE_KV,234,0.0,637.60619,0.0,699.993608,0.0,1337.599798,543.8219897397819,2.1168539256599672e-05,0.0,782.0040658780506,1337.599798,1325.8260767863717,1325.8260767863717
input4000_rate2p5_reuse00_seed1,NEAREST_MIGRATE_KV,243,0.0,16.85128,0.0,470.412391,0.0,487.263671,547.6339736622792,2.1168539256599672e-05,0.0,8.490606765662037,487.263671,556.1246015964805,556.1246015964805
input4000_rate2p5_reuse00_seed1,NEAREST_MIGRATE_KV,263,0.0,0.810572,0.0,481.795856,0.0,482.606428,554.0007978732588,2.1168539256599672e-05,0.0,0.0,482.606428,554.000819041798,554.000819041798
input4000_rate2p5_reuse00_seed1,NEAREST_MIGRATE_KV,259,0.0,227.55291,0.0,468.586594,0.0,696.139504,544.9574743124407,2.1168539256599672e-05,0.0,231.11527497871487,696.139504,776.0727704596948,776.0727704596948
input4000_rate2p5_reuse00_seed1,NEAREST_MIGRATE_KV,258,0.0,2.486612,0.0,461.211331,5.684341886080802e-14,463.697943,543.8219897397819,2.1168539256599672e-05,0.0,0.0,463.69794299999995,543.8220109083211,543.8220109083211
input4000_rate2p5_reuse00_seed1,NEAREST_MIGRATE_KV,264,0.0,9.637443,0.0,716.504272,0.0,726.141715,543.862542760234,2.1168539256599672e-05,0.0,248.25939229298677,726.141715,792.12195622176,792.12195622176
input4000_rate2p5_reuse00_seed1,NEAREST_MIGRATE_KV,270,0.0,14.833139,0.0,470.224612,0.0,485.057751,543.9436488011382,2.1168539256599672e-05,0.0,8.462063749440908,485.057751,552.4057337191184,552.4057337191184
input4000_rate2p5_reuse00_seed1,NEAREST_MIGRATE_KV,294,0.0,18.04229,0.0,467.976302,5.684341886080802e-14,486.018592,549.3777535417195,2.1168539256599672e-05,0.0,0.0,486.01859199999996,549.3777747102587,549.3777747102588
input4000_rate2p5_reuse00_seed1,NEAREST_MIGRATE_KV,298,0.0,14.164138,0.0,469.324626,0.0,483.488764,546.2957239873599,2.1168539256599672e-05,0.0,0.0,483.488764,546.2957451558991,546.2957451558991
input4000_rate2p5_reuse00_seed1,NEAREST_MIGRATE_KV,3,0.0,0.016017,0.0,443.684226,0.0,443.700243,553.4330555869294,2.1168539256599672e-05,0.0,0.0,443.700243,553.4330767554686,553.4330767554686
input4000_rate2p5_reuse00_seed1,NEAREST_MIGRATE_KV,4,0.0,126.843275,0.0,665.177248,0.0,792.020523,547.5934206418272,2.1168539256599672e-05,0.0,239.73810551087163,792.0205229999999,787.3315473212381,787.3315473212381
input4000_rate2p5_reuse00_seed1,NEAREST_MIGRATE_KV,19,0.0,16.457894,0.0,449.66348,0.0,466.121374,543.9030957806862,2.1168539256599672e-05,0.0,0.0,466.121374,543.9031169492254,543.9031169492254
input4000_rate2p5_reuse00_seed1,NEAREST_MIGRATE_KV,34,0.0,1.02853,0.0,445.499615,0.0,446.528145,552.7436542392437,2.1168539256599672e-05,0.0,0.0,446.528145,552.7436754077829,552.7436754077829
input4000_rate2p5_reuse00_seed1,NEAREST_MIGRATE_KV,43,0.0,5.598565,0.0,453.653805,0.0,459.25237,551.6892757074892,2.1168539256599672e-05,0.0,4.1206135823994074,459.25237,555.8099104584278,555.8099104584278
input4000_rate2p5_reuse00_seed1,NEAREST_MIGRATE_KV,47,0.0,4.472956,0.0,456.629929,0.0,461.102885,549.4588595826237,2.1168539256599672e-05,0.0,14.705956895759684,461.102885,564.1648376469227,564.1648376469227
input4000_rate2p5_reuse00_seed1,NEAREST_MIGRATE_KV,56,0.0,183.971884,0.0,461.332714,5.684341886080802e-14,645.304598,552.5003361165311,2.1168539256599672e-05,0.0,244.97484300323063,645.3045979999999,797.475200288301,797.475200288301
input4000_rate2p5_reuse00_seed1,NEAREST_MIGRATE_KV,35,0.0,9.922675,0.0,449.120248,0.0,459.042923,543.8219897397819,2.1168539256599672e-05,0.0,0.0,459.04292300000003,543.8220109083211,543.8220109083211
input4000_rate2p5_reuse00_seed1,NEAREST_MIGRATE_KV,40,0.0,6.896334,0.0,451.719369,0.0,458.615703,543.2542474534525,2.1168539256599672e-05,0.0,0.0,458.615703,543.2542686219917,543.2542686219917
input4000_rate2p5_reuse00_seed1,NEAREST_MIGRATE_KV,53,0.0,10.086892,0.0,459.401382,0.0,469.488274,543.7003306784256,2.1168539256599672e-05,0.0,3.92455001350514,469.488274,547.62490186047,547.62490186047
input4000_rate2p5_reuse00_seed1,NEAREST_MIGRATE_KV,76,0.0,171.705003,0.0,714.894371,0.0,886.599374,551.0809804007076,2.1168539256599672e-05,0.0,254.6457748617318,886.599374,805.7267764309787,805.7267764309787
input4000_rate2p5_reuse00_seed1,NEAREST_MIGRATE_KV,69,0.0,10.991107,0.0,462.20593,0.0,473.197037,545.6874286805785,2.1168539256599672e-05,0.0,0.0,473.197037,545.6874498491177,545.6874498491177
input4000_rate2p5_reuse00_seed1,NEAREST_MIGRATE_KV,77,0.0,503.629064,0.0,721.500414,1.1368683772161603e-13,1225.129478,547.9989508463482,2.1168539256599672e-05,0.0,786.480607050654,1225.129478,1334.4795790655414,1334.4795790655417
input4000_rate2p5_reuse00_seed1,NEAREST_MIGRATE_KV,75,0.0,34.595067,0.0,468.217906,0.0,502.812973,546.1335119055516,2.1168539256599672e-05,0.0,235.94036209757544,502.81297300000006,782.0738951716663,782.0738951716663
input4000_rate2p5_reuse00_seed1,NEAREST_MIGRATE_KV,78,0.0,786.326372,0.0,697.531106,0.0,1483.857478,544.4708380670155,2.1168539256599672e-05,0.0,837.5271412929867,1483.857478,1381.9980005285415,1381.9980005285415
input4000_rate2p5_reuse00_seed1,NEAREST_MIGRATE_KV,73,0.0,19.742277,0.0,462.494122,0.0,482.236399,543.6597776579736,2.1168539256599672e-05,0.0,0.0,482.236399,543.6597988265128,543.6597988265128
input4000_rate2p5_reuse00_seed1,NEAREST_MIGRATE_KV,104,0.0,10.581344,0.0,469.815742,0.0,480.397086,551.5676166461328,2.1168539256599672e-05,0.0,0.0,480.397086,551.567637814672,551.567637814672
input4000_rate2p5_reuse00_seed1,NEAREST_MIGRATE_KV,106,0.0,18.829912,0.0,466.65419,0.0,485.484102,549.7832837462405,2.1168539256599672e-05,0.0,0.0,485.484102,549.7833049147797,549.7833049147797
input4000_rate2p5_reuse00_seed1,NEAREST_MIGRATE_KV,119,0.0,19.494627,0.0,478.313837,5.684341886080802e-14,497.808464,553.270843505121,2.1168539256599672e-05,0.0,3.245581974908873e-05,497.80846399999996,553.27089712948,553.2708971294801
input4000_rate2p5_reuse00_seed1,NEAREST_MIGRATE_KV,125,0.0,120.773945,0.0,482.189107,0.0,602.963052,552.5408891369832,2.1168539256599672e-05,0.0,240.9693185682741,602.963052,793.5102288737966,793.5102288737966
input4000_rate2p5_reuse00_seed1,NEAREST_MIGRATE_KV,107,0.0,13.163275,0.0,473.34972,0.0,486.512995,543.8219897397819,2.1168539256599672e-05,0.0,5.718400331860323,486.512995,549.5404112401815,549.5404112401815
input4000_rate2p5_reuse00_seed1,NEAREST_MIGRATE_KV,123,0.0,11.625302,0.0,475.752809,0.0,487.378111,550.1482609303093,2.1168539256599672e-05,0.0,6.022575912086026,487.378111,556.1708580109346,556.1708580109346
input4000_rate2p5_reuse00_seed1,NEAREST_MIGRATE_KV,122,0.0,11.129393,0.0,474.258341,5.684341886080802e-14,485.387734,547.3501025191146,2.1168539256599672e-05,0.0,0.0,485.38773399999997,547.3501236876538,547.3501236876539
input4000_rate2p5_reuse00_seed1,NEAREST_MIGRATE_KV,137,0.0,195.129615,0.0,478.358687,0.0,673.488302,553.5547146482857,2.1168539256599672e-05,0.0,240.69996764989088,673.488302,794.2547034667158,794.2547034667158
input4000_rate2p5_reuse00_seed1,NEAREST_MIGRATE_KV,145,0.0,14.952827,0.0,474.381064,0.0,489.333891,550.3104730121178,2.1168539256599672e-05,0.0,4.412695968536866,489.333891,554.7231901491939,554.7231901491939
input4000_rate2p5_reuse00_seed1,NEAREST_MIGRATE_KV,152,0.0,15.762602,0.0,478.343176,0.0,494.105778,553.4736086073815,2.1168539256599672e-05,3.826642795727678e-05,0.18084206548104476,494.10577800000004,553.6545101078298,553.6545101078298
input4000_rate2p5_reuse00_seed1,NEAREST_MIGRATE_KV,138,0.0,426.291084,0.0,711.396624,0.0,1137.687708,544.3086259852071,2.1168539256599672e-05,0.0,772.29458168781,1137.687708,1316.6032288415563,1316.6032288415563
input4000_rate2p5_reuse00_seed1,NEAREST_MIGRATE_KV,136,0.0,14.703409,0.0,469.799021,0.0,484.50243,543.862542760234,2.1168539256599672e-05,0.0,3.988507442727787,484.50243,547.851071371501,547.851071371501
input4000_rate2p5_reuse00_seed1,NEAREST_MIGRATE_KV,151,0.0,12.727044,0.0,475.547702,0.0,488.274746,541.7132326762728,2.1168539256599672e-05,0.0,8.605686303692039,488.274746,550.3189401485041,550.3189401485041
input4000_rate2p5_reuse00_seed1,NEAREST_MIGRATE_KV,155,0.0,15.851517,0.0,478.612318,0.0,494.463835,543.7408836988777,2.1168539256599672e-05,4.799190274593085e-05,4.271945789676181,494.463835,548.0128986489959,548.0128986489959
input4000_rate2p5_reuse00_seed1,NEAREST_MIGRATE_KV,168,0.0,15.095736,0.0,486.118463,0.0,501.214199,545.8496407623869,2.1168539256599672e-05,0.0,0.0,501.214199,545.8496619309261,545.8496619309261
input4000_rate2p5_reuse00_seed1,NEAREST_MIGRATE_KV,170,0.0,18.687717,0.0,484.944245,0.0,503.631962,543.5786716170694,2.1168539256599672e-05,1.605405999194739e-05,1.4690660905900472,503.63196200000004,545.0477749302587,545.0477749302587
input4000_rate2p5_reuse00_seed1,NEAREST_MIGRATE_KV,189,0.0,18.31054,0.0,468.398572,0.0,486.709112,553.6358206891899,2.1168539256599672e-05,0.0,0.0,486.709112,553.6358418577291,553.6358418577291
input4000_rate2p5_reuse00_seed1,NEAREST_MIGRATE_KV,193,0.0,18.492448,0.0,466.910968,0.0,485.403416,549.3372005212674,2.1168539256599672e-05,0.0,1.4053009212036685,485.40341600000005,550.7425226110104,550.7425226110104
input4000_rate2p5_reuse00_seed1,NEAREST_MIGRATE_KV,207,0.0,9.031477,0.0,467.513451,5.684341886080802e-14,476.544928,547.7150797031834,2.1168539256599672e-05,0.0,0.0,476.54492799999997,547.7151008717226,547.7151008717226
input4000_rate2p5_reuse00_seed1,NEAREST_MIGRATE_KV,228,0.0,2.824005,0.0,471.621213,0.0,474.445218,553.676373709642,2.1168539256599672e-05,0.0,4.255688227379558,474.445218,557.9320831055609,557.9320831055609
input4000_rate2p5_reuse00_seed1,NEAREST_MIGRATE_KV,225,0.0,92.355816,0.0,471.84605,0.0,564.201866,551.8514877892976,2.1168539256599672e-05,0.0,230.92064929198145,564.201866,782.7721582498183,782.7721582498183
input4000_rate2p5_reuse00_seed1,NEAREST_MIGRATE_KV,229,0.0,109.593375,0.0,468.6559,5.684341886080802e-14,578.249275,550.5537911348304,2.1168539256599672e-05,0.0,244.74455439840952,578.249275,795.2983667017792,795.2983667017793
input4000_rate2p5_reuse00_seed1,NEAREST_MIGRATE_KV,249,0.0,4.369174,0.0,468.823634,0.0,473.192808,553.9602448528067,2.1168539256599672e-05,0.0,4.497294501118731,473.192808,558.4575605224646,558.4575605224646
input4000_rate2p5_reuse00_seed1,NEAREST_MIGRATE_KV,224,0.0,6.506551,0.0,464.226492,0.0,470.733043,543.862542760234,2.1168539256599672e-05,0.0,0.0,470.733043,543.8625639287732,543.8625639287732
input4000_rate2p5_reuse00_seed1,NEAREST_MIGRATE_KV,226,0.0,34.373646,0.0,645.22903,0.0,679.602676,543.7408836988777,2.1168539256599672e-05,0.0,250.08512229196245,679.602676,793.8260271593795,793.8260271593795
input4000_rate2p5_reuse00_seed1,NEAREST_MIGRATE_KV,244,0.0,101.797935,0.0,469.338861,0.0,571.136796,549.3777535417195,2.1168539256599672e-05,0.0,236.06679270336653,571.136796,785.4445674136252,785.4445674136252
input4000_rate2p5_reuse00_seed1,NEAREST_MIGRATE_KV,236,0.0,0.177328,0.0,469.835065,0.0,470.012393,544.0247548420424,2.1168539256599672e-05,0.0,12.87798415722095,470.012393,556.9027601678026,556.9027601678026
input4000_rate2p5_reuse00_seed1,NEAREST_MIGRATE_KV,255,0.0,18.948455,0.0,475.451839,0.0,494.400294,552.0948059120101,2.1168539256599672e-05,0.0,0.0,494.40029400000003,552.0948270805493,552.0948270805493
input4000_rate2p5_reuse00_seed1,NEAREST_MIGRATE_KV,242,0.0,21.251823,0.0,471.683952,0.0,492.935775,543.862542760234,2.1168539256599672e-05,0.0,0.0,492.935775,543.8625639287732,543.8625639287732
input4000_rate2p5_reuse00_seed1,NEAREST_MIGRATE_KV,256,0.0,214.93521,0.0,471.843451,5.684341886080802e-14,686.778661,550.3510260325698,2.1168539256599672e-05,0.0,236.4135823677968,686.778661,786.7646295689059,786.764629568906
input4000_rate2p5_reuse00_seed1,NEAREST_MIGRATE_KV,277,0.0,13.17332,0.0,473.932415,0.0,487.105735,552.2975710142706,2.1168539256599672e-05,0.0,0.0,487.105735,552.2975921828098,552.2975921828098
input4000_rate2p5_reuse00_seed1,NEAREST_MIGRATE_KV,287,0.0,14.22795,0.0,474.784217,0.0,489.012167,551.9325938302018,2.1168539256599672e-05,0.0,0.0,489.01216700000003,551.932614998741,551.932614998741
input4000_rate2p5_reuse00_seed1,NEAREST_MIGRATE_KV,288,0.0,222.021306,0.0,715.382853,1.1368683772161603e-13,937.404159,548.6477991735817,2.1168539256599672e-05,0.0,244.01464033844047,937.4041589999999,792.6624606805615,792.6624606805616
input4000_rate2p5_reuse00_seed1,NEAREST_MIGRATE_KV,18,0.0,6.480472,0.0,444.314655,0.0,450.795127,551.4054045643245,2.1168539256599672e-05,0.0,1.1400850387967978,450.79512700000004,552.5455107716606,552.5455107716606
input4000_rate2p5_reuse00_seed1,NEAREST_MIGRATE_KV,17,0.0,0.014448,0.0,439.218678,0.0,439.233126,543.9030957806862,2.1168539256599672e-05,0.0,0.0,439.233126,543.9031169492254,543.9031169492254
input4000_rate2p5_reuse00_seed1,NEAREST_MIGRATE_KV,65,0.0,13.296287,0.0,444.634367,0.0,457.930654,554.2846690164235,2.1168539256599672e-05,0.0,0.0,457.930654,554.2846901849628,554.2846901849628
input4000_rate2p5_reuse00_seed1,NEAREST_MIGRATE_KV,57,0.0,0.01965,0.0,439.218678,0.0,439.238328,544.8358152510843,2.1168539256599672e-05,0.0,0.0,439.238328,544.8358364196235,544.8358364196235
input4000_rate2p5_reuse00_seed1,NEAREST_MIGRATE_KV,74,0.0,9.390058,0.0,449.453752,0.0,458.84381,551.4054045643245,2.1168539256599672e-05,0.0,0.0,458.84381,551.4054257328637,551.4054257328637
input4000_rate2p5_reuse00_seed1,NEAREST_MIGRATE_KV,89,0.0,4.047012,0.0,452.679913,0.0,456.726925,543.9030957806862,2.1168539256599672e-05,0.0,0.0,456.726925,543.9031169492254,543.9031169492254
input4000_rate2p5_reuse00_seed1,NEAREST_MIGRATE_KV,92,0.0,0.929727,0.0,454.295565,0.0,455.225292,543.862542760234,2.1168539256599672e-05,0.0,5.489437118700273,455.225292,549.3520010474735,549.3520010474735
input4000_rate2p5_reuse00_seed1,NEAREST_MIGRATE_KV,112,0.0,7.44093,0.0,450.06652,0.0,457.50745,543.9436488011382,2.1168539256599672e-05,0.0,0.0,457.50745,543.9436699696774,543.9436699696774
input4000_rate2p5_reuse00_seed1,NEAREST_MIGRATE_KV,147,0.0,14.013912,0.0,446.533919,0.0,460.547831,550.8782152984472,2.1168539256599672e-05,0.0,0.0,460.54783100000003,550.8782364669864,550.8782364669864
input4000_rate2p5_reuse00_seed1,NEAREST_MIGRATE_KV,156,0.0,13.637368,0.0,444.981439,0.0,458.618807,543.5381185966172,2.1168539256599672e-05,0.0,0.0,458.618807,543.5381397651564,543.5381397651564
input4000_rate2p5_reuse00_seed1,NEAREST_MIGRATE_KV,165,0.0,4.853688,0.0,449.271992,0.0,454.12568,546.0524058646474,2.1168539256599672e-05,0.0,0.0,454.12568,546.0524270331866,546.0524270331866
input4000_rate2p5_reuse00_seed1,NEAREST_MIGRATE_KV,188,0.0,10.210416,0.0,452.436393,0.0,462.646809,551.7703817483933,2.1168539256599672e-05,0.0,0.0,462.646809,551.7704029169325,551.7704029169325
input4000_rate2p5_reuse00_seed1,NEAREST_MIGRATE_KV,184,0.0,16.841751,0.0,449.965784,0.0,466.807535,545.079133373797,2.1168539256599672e-05,0.0,0.0,466.807535,545.0791545423363,545.0791545423363
input4000_rate2p5_reuse00_seed1,NEAREST_MIGRATE_KV,205,0.0,15.791338,0.0,454.373613,0.0,470.164951,552.9869723619563,2.1168539256599672e-05,0.0,0.0,470.164951,552.9869935304955,552.9869935304955
input4000_rate2p5_reuse00_seed1,NEAREST_MIGRATE_KV,197,0.0,18.521143,0.0,454.675757,5.684341886080802e-14,473.1969,547.512314600923,2.1168539256599672e-05,0.0,0.0,473.19689999999997,547.5123357694622,547.5123357694622
input4000_rate2p5_reuse00_seed1,NEAREST_MIGRATE_KV,214,0.0,14.24313,0.0,453.860685,0.0,468.103815,548.0395038668003,2.1168539256599672e-05,0.0,0.0,468.103815,548.0395250353395,548.0395250353395
input4000_rate2p5_reuse00_seed1,NEAREST_MIGRATE_KV,218,0.0,7.450245,0.0,462.867069,0.0,470.317314,551.2837455029681,2.1168539256599672e-05,0.0,0.0,470.317314,551.2837666715074,551.2837666715074
input4000_rate2p5_reuse00_seed1,NEAREST_MIGRATE_KV,241,0.0,10.742887,0.0,462.661031,0.0,473.403918,553.0680784028605,2.1168539256599672e-05,0.0,1.3201525221309538,473.403918,554.3882520935307,554.3882520935307
input4000_rate2p5_reuse00_seed1,NEAREST_MIGRATE_KV,239,0.0,2.503595,0.0,464.03399,0.0,466.537585,551.9325938302018,2.1168539256599672e-05,0.0,0.0,466.53758500000004,551.932614998741,551.932614998741
input4000_rate2p5_reuse00_seed1,NEAREST_MIGRATE_KV,282,0.0,123.750285,0.0,682.311092,0.0,806.061377,551.7298287279413,2.1168539256599672e-05,0.0,250.4747745456835,806.061377,802.204624442164,802.204624442164
input4000_rate2p5_reuse00_seed1,NEAREST_MIGRATE_KV,291,0.0,16.232203,0.0,467.965858,0.0,484.198061,551.4865106052287,2.1168539256599672e-05,0.0,14.727340125445984,484.19806100000005,566.2138718992139,566.2138718992139
input4000_rate2p5_reuse00_seed1,NEAREST_MIGRATE_KV,275,0.0,0.000899,0.0,453.994767,0.0,453.995666,542.7676112080273,2.1168539256599672e-05,0.0,0.0,453.995666,542.7676323765666,542.7676323765666
input4000_rate2p5_reuse00_seed1,NEAREST_MIGRATE_KV,285,0.0,13.699404,0.0,460.965913,0.0,474.665317,543.7408836988777,2.1168539256599672e-05,0.0,3.753222699278183,474.665317,547.4941275666952,547.4941275666952
input4000_rate2p5_reuse00_seed1,NEAREST_MIGRATE_KV,296,0.0,0.695137,0.0,470.060393,5.684341886080802e-14,470.75553,543.2948004739046,2.1168539256599672e-05,0.0,0.0,470.75552999999996,543.2948216424438,543.2948216424438
input4000_rate2p5_reuse00_seed1,NEAREST_MIGRATE_KV,281,0.0,3.406547,0.0,460.260759,0.0,463.667306,533.643181606305,2.1168539256599672e-05,0.0,0.44787747209073814,463.667306,534.091080246935,534.091080246935
input4000_rate2p5_reuse00_seed1,NEAREST_MIGRATE_KV,12,0.0,0.020197,0.0,439.218678,0.0,439.238875,544.0247548420424,2.1168539256599672e-05,0.0,0.0,439.238875,544.0247760105816,544.0247760105816
input4000_rate2p5_reuse00_seed1,NEAREST_MIGRATE_KV,15,0.0,2.800436,0.0,444.312543,0.0,447.112979,543.9436488011382,2.1168539256599672e-05,0.0,0.8492946454773573,447.112979,544.7929646151548,544.7929646151548
input4000_rate2p5_reuse00_seed1,NEAREST_MIGRATE_KV,21,0.0,7.916569,0.0,451.418377,0.0,459.334946,549.58051864398,2.1168539256599672e-05,0.0,3.9807977897020947,459.334946,553.5613376022213,553.5613376022213
input4000_rate2p5_reuse00_seed1,NEAREST_MIGRATE_KV,16,0.0,10.932476,0.0,448.42508,0.0,459.357556,543.9030957806862,2.1168539256599672e-05,0.0,5.375745703406423,459.357556,549.2788626526318,549.2788626526318
input4000_rate2p5_reuse00_seed1,NEAREST_MIGRATE_KV,23,0.0,6.214867,0.0,457.584777,0.0,463.799644,545.484663578318,2.1168539256599672e-05,0.0,10.023047963164167,463.799644,555.5077327100214,555.5077327100214
input4000_rate2p5_reuse00_seed1,NEAREST_MIGRATE_KV,25,0.0,98.670313,0.0,685.456897,0.0,784.12721,543.7814367193298,2.1168539256599672e-05,0.0,252.84410239985112,784.12721,796.6255602877202,796.6255602877202
input4000_rate2p5_reuse00_seed1,NEAREST_MIGRATE_KV,38,0.0,15.872457,0.0,462.068842,0.0,477.941299,553.6358206891899,2.1168539256599672e-05,0.0,0.0,477.941299,553.6358418577291,553.6358418577291
input4000_rate2p5_reuse00_seed1,NEAREST_MIGRATE_KV,33,0.0,4.083634,0.0,459.67351,0.0,463.757144,543.9436488011382,2.1168539256599672e-05,0.0,0.0,463.75714400000004,543.9436699696774,543.9436699696774
input4000_rate2p5_reuse00_seed1,NEAREST_MIGRATE_KV,51,0.0,20.596189,0.0,440.823127,0.0,461.419316,550.1077079098573,2.1168539256599672e-05,0.0,0.0,461.419316,550.1077290783965,550.1077290783965
input4000_rate2p5_reuse00_seed1,NEAREST_MIGRATE_KV,60,0.0,11.743323,0.0,468.880989,0.0,480.624312,552.0136998711059,2.1168539256599672e-05,0.0,0.0,480.624312,552.0137210396451,552.0137210396451
input4000_rate2p5_reuse00_seed1,NEAREST_MIGRATE_KV,82,0.0,11.108451,0.0,453.118185,0.0,464.226636,553.3519495460253,2.1168539256599672e-05,0.0,0.0,464.226636,553.3519707145645,553.3519707145645
input4000_rate2p5_reuse00_seed1,NEAREST_MIGRATE_KV,91,0.0,19.017246,0.0,454.229581,0.0,473.246827,550.797109257543,2.1168539256599672e-05,0.0,0.0,473.246827,550.7971304260822,550.7971304260822
input4000_rate2p5_reuse00_seed1,NEAREST_MIGRATE_KV,85,0.0,38.34046,0.0,454.623917,0.0,492.964377,544.3086259852071,2.1168539256599672e-05,0.0,230.7811283748637,492.964377,775.0897755286101,775.0897755286101
input4000_rate2p5_reuse00_seed1,NEAREST_MIGRATE_KV,95,0.0,18.104877,0.0,453.894125,5.684341886080802e-14,471.999002,543.9030957806862,2.1168539256599672e-05,0.0,3.817180128500844,471.99900199999996,547.7202970777263,547.7202970777264
input4000_rate2p5_reuse00_seed1,NEAREST_MIGRATE_KV,116,0.0,9.110449,0.0,453.187081,0.0,462.29753,546.4173830487163,2.1168539256599672e-05,0.0,0.0,462.29753,546.4174042172555,546.4174042172555
input4000_rate2p5_reuse00_seed1,NEAREST_MIGRATE_KV,154,0.0,0.004732,0.0,439.218678,0.0,439.22341,550.4321320734741,2.1168539256599672e-05,0.0,0.0,439.22341,550.4321532420133,550.4321532420133
input4000_rate2p5_reuse00_seed1,NEAREST_MIGRATE_KV,161,0.0,8.901171,0.0,457.84206,0.0,466.743231,554.0413508937108,2.1168539256599672e-05,0.0,0.0,466.743231,554.04137206225,554.04137206225
input4000_rate2p5_reuse00_seed1,NEAREST_MIGRATE_KV,191,0.0,0.012635,0.0,452.914416,0.0,452.927051,543.862542760234,2.1168539256599672e-05,0.0,0.0,452.927051,543.8625639287732,543.8625639287732
input4000_rate2p5_reuse00_seed1,NEAREST_MIGRATE_KV,209,0.0,10.421313,0.0,456.904827,0.0,467.32614,543.862542760234,2.1168539256599672e-05,0.0,0.0,467.32614,543.8625639287732,543.8625639287732
input4000_rate2p5_reuse00_seed1,NEAREST_MIGRATE_KV,223,0.0,13.664629,0.0,461.049667,0.0,474.714296,550.1482609303093,2.1168539256599672e-05,0.0,0.0,474.714296,550.1482820988485,550.1482820988485
input4000_rate2p5_reuse00_seed1,NEAREST_MIGRATE_KV,230,0.0,2.137533,0.0,456.910888,0.0,459.048421,543.9030957806862,2.1168539256599672e-05,0.0,0.0,459.048421,543.9031169492254,543.9031169492254
input4000_rate2p5_reuse00_seed1,NEAREST_MIGRATE_KV,257,0.0,17.571604,0.0,459.588672,5.684341886080802e-14,477.160276,553.8791388119025,2.1168539256599672e-05,0.0,0.0,477.16027599999995,553.8791599804417,553.8791599804417
input4000_rate2p5_reuse00_seed1,NEAREST_MIGRATE_KV,246,0.0,14.150292,0.0,461.220642,0.0,475.370934,543.7408836988777,2.1168539256599672e-05,0.0,0.0,475.370934,543.7409048674169,543.7409048674169
input4000_rate2p5_reuse00_seed1,NEAREST_MIGRATE_KV,253,0.0,6.643064,0.0,458.66288,5.684341886080802e-14,465.305944,544.1058608829467,2.1168539256599672e-05,0.0,0.0,465.30594399999995,544.1058820514859,544.1058820514859
input4000_rate2p5_reuse00_seed1,NEAREST_MIGRATE_KV,260,0.0,1.572984,0.0,458.479936,0.0,460.05292,546.6201481509768,2.1168539256599672e-05,0.0,0.0,460.05292000000003,546.620169319516,546.620169319516
input4000_rate2p5_reuse00_seed1,NEAREST_MIGRATE_KV,269,0.0,15.24052,0.0,462.742086,0.0,477.982606,547.4312085600187,2.1168539256599672e-05,0.0,0.0,477.982606,547.4312297285579,547.4312297285579
input4000_rate2p5_reuse00_seed1,NEAREST_MIGRATE_KV,280,0.0,16.867492,0.0,463.224247,0.0,480.091739,552.459783096079,2.1168539256599672e-05,0.0,0.0,480.09173899999996,552.4598042646182,552.4598042646182
input4000_rate2p5_reuse00_seed1,NEAREST_MIGRATE_KV,297,0.0,10.56346,0.0,470.711684,0.0,481.275144,552.7031012187916,2.1168539256599672e-05,0.0,0.0,481.275144,552.7031223873308,552.7031223873308
input4000_rate2p5_reuse00_seed1,NEAREST_MIGRATE_KV,292,0.0,13.823545,0.0,467.496589,0.0,481.320134,543.6192246375215,2.1168539256599672e-05,0.0,0.0,481.320134,543.6192458060607,543.6192458060607
input4000_rate2p5_reuse00_seed1,NEAREST_MIGRATE_KV,299,0.0,42.211666,0.0,697.786566,0.0,739.998232,543.9436488011382,2.1168539256599672e-05,0.0,243.87047440352373,739.998232,787.8141443732012,787.8141443732012
input4000_rate2p5_reuse00_seed1,NEAREST_MIGRATE_KV,24,0.0,0.000785,0.0,439.218678,0.0,439.219463,543.862542760234,2.1168539256599672e-05,0.0,0.0,439.219463,543.8625639287732,543.8625639287732
input4000_rate2p5_reuse00_seed1,NEAREST_MIGRATE_KV,31,0.0,13.241973,0.0,444.835807,5.684341886080802e-14,458.07778,543.9030957806862,2.1168539256599672e-05,0.0,0.0,458.07777999999996,543.9031169492254,543.9031169492255
input4000_rate2p5_reuse00_seed1,NEAREST_MIGRATE_KV,52,0.0,6.798918,0.0,449.978296,0.0,456.777214,553.9196918323546,2.1168539256599672e-05,0.0,0.0,456.777214,553.9197130008938,553.9197130008938
input4000_rate2p5_reuse00_seed1,NEAREST_MIGRATE_KV,71,0.0,29.712067,0.0,679.581759,0.0,709.293826,553.7574797505462,2.1168539256599672e-05,0.0,239.90000677491415,709.2938260000001,793.6575076939996,793.6575076939996
input4000_rate2p5_reuse00_seed1,NEAREST_MIGRATE_KV,70,0.0,16.605019,0.0,454.577947,0.0,471.182966,548.4855870917734,2.1168539256599672e-05,0.0,0.0,471.18296599999996,548.4856082603126,548.4856082603126
input4000_rate2p5_reuse00_seed1,NEAREST_MIGRATE_KV,87,0.0,8.544021,0.0,449.254232,0.0,457.798253,551.6487226870371,2.1168539256599672e-05,0.0,0.0,457.798253,551.6487438555763,551.6487438555763
input4000_rate2p5_reuse00_seed1,NEAREST_MIGRATE_KV,100,0.0,49.157865,0.0,682.858798,0.0,732.016663,551.7298287279413,2.1168539256599672e-05,0.0,244.2522247443828,732.016663,795.9820746408633,795.9820746408633
input4000_rate2p5_reuse00_seed1,NEAREST_MIGRATE_KV,97,0.0,17.563791,0.0,456.863615,5.684341886080802e-14,474.427406,550.837662277995,2.1168539256599672e-05,0.0,0.0,474.42740599999996,550.8376834465342,550.8376834465344
input4000_rate2p5_reuse00_seed1,NEAREST_MIGRATE_KV,114,0.0,18.031912,0.0,452.538345,5.684341886080802e-14,470.570257,552.9464193415042,2.1168539256599672e-05,0.0,0.0,470.57025699999997,552.9464405100434,552.9464405100434
input4000_rate2p5_reuse00_seed1,NEAREST_MIGRATE_KV,139,0.0,19.164931,0.0,452.013673,0.0,471.178604,553.676373709642,2.1168539256599672e-05,0.0,0.0,471.178604,553.6763948781812,553.6763948781812
input4000_rate2p5_reuse00_seed1,NEAREST_MIGRATE_KV,126,0.0,3.44749,0.0,452.723401,0.0,456.170891,545.2007924351533,2.1168539256599672e-05,0.0,0.0,456.17089100000004,545.2008136036925,545.2008136036925
input4000_rate2p5_reuse00_seed1,NEAREST_MIGRATE_KV,127,0.0,193.263292,0.0,454.282861,0.0,647.546153,543.7003306784256,2.1168539256599672e-05,0.0,230.75742263627788,647.546153,774.4577744832428,774.4577744832428
input4000_rate2p5_reuse00_seed1,NEAREST_MIGRATE_KV,144,0.0,18.486027,0.0,453.942861,0.0,472.428888,543.862542760234,2.1168539256599672e-05,0.0,0.0,472.428888,543.8625639287732,543.8625639287732
input4000_rate2p5_reuse00_seed1,NEAREST_MIGRATE_KV,157,0.0,16.337402,0.0,454.771341,0.0,471.108743,550.3104730121178,2.1168539256599672e-05,0.0,0.0,471.108743,550.310494180657,550.310494180657
input4000_rate2p5_reuse00_seed1,NEAREST_MIGRATE_KV,171,0.0,4.292726,0.0,452.906889,0.0,457.199615,553.6358206891899,2.1168539256599672e-05,0.0,0.0,457.199615,553.6358418577291,553.6358418577291
input4000_rate2p5_reuse00_seed1,NEAREST_MIGRATE_KV,175,0.0,6.712085,0.0,465.410828,0.0,472.122913,553.270843505121,2.1168539256599672e-05,0.0,241.8994516206165,472.122913,795.1703162942767,795.1703162942767
input4000_rate2p5_reuse00_seed1,NEAREST_MIGRATE_KV,173,0.0,106.378728,0.0,454.443757,0.0,560.822485,545.8090877419347,2.1168539256599672e-05,0.0,235.3099980716104,560.822485,781.1191069820844,781.1191069820844
input4000_rate2p5_reuse00_seed1,NEAREST_MIGRATE_KV,183,0.0,2.210135,0.0,466.908073,0.0,469.118208,550.837662277995,2.1168539256599672e-05,0.0,0.0,469.118208,550.8376834465342,550.8376834465342
input4000_rate2p5_reuse00_seed1,NEAREST_MIGRATE_KV,195,0.0,2.320601,0.0,458.458447,0.0,460.779048,554.0007978732588,2.1168539256599672e-05,0.0,0.0,460.779048,554.000819041798,554.000819041798
input4000_rate2p5_reuse00_seed1,NEAREST_MIGRATE_KV,203,0.0,21.105007,0.0,468.125798,0.0,489.230805,552.3786770551749,2.1168539256599672e-05,0.0,0.0,489.230805,552.3786982237141,552.3786982237141
input4000_rate2p5_reuse00_seed1,NEAREST_MIGRATE_KV,208,0.0,17.77899,0.0,466.098073,0.0,483.877063,552.2570179938185,2.1168539256599672e-05,0.0,14.987910990053805,483.877063,567.2449501524115,567.2449501524115
input4000_rate2p5_reuse00_seed1,NEAREST_MIGRATE_KV,200,0.0,16.978353,0.0,466.555855,0.0,483.534208,543.9842018215903,2.1168539256599672e-05,0.0,0.0,483.53420800000004,543.9842229901295,543.9842229901295
input4000_rate2p5_reuse00_seed1,NEAREST_MIGRATE_KV,206,0.0,3.510912,0.0,427.094125,0.0,430.605037,544.1869669238508,2.1168539256599672e-05,0.0,10.14538341764706,430.60503700000004,554.3323715100371,554.3323715100371
input4000_rate2p5_reuse00_seed1,NEAREST_MIGRATE_KV,222,0.0,6.663459,0.0,474.662052,0.0,481.325511,545.7685347214826,2.1168539256599672e-05,0.0,0.0,481.325511,545.7685558900218,545.7685558900218
input4000_rate2p5_reuse00_seed1,NEAREST_MIGRATE_KV,227,0.0,14.428983,0.0,472.213192,0.0,486.642175,543.8219897397819,2.1168539256599672e-05,0.0,0.0,486.642175,543.8220109083211,543.8220109083211
input4000_rate2p5_reuse00_seed1,NEAREST_MIGRATE_KV,262,0.0,0.869266,0.0,458.772137,5.684341886080802e-14,459.641403,549.6616246848841,2.1168539256599672e-05,0.0,0.0,459.64140299999997,549.6616458534234,549.6616458534234
input4000_rate2p5_reuse00_seed1,NEAREST_MIGRATE_KV,268,0.0,3.770533,0.0,453.07362,0.0,456.844153,552.9464193415042,2.1168539256599672e-05,0.0,0.0,456.844153,552.9464405100434,552.9464405100434
input4000_rate2p5_reuse00_seed1,NEAREST_MIGRATE_KV,273,0.0,5.100484,0.0,452.711707,0.0,457.812191,553.7980327709984,2.1168539256599672e-05,0.0,0.0,457.812191,553.7980539395376,553.7980539395376
input4000_rate2p5_reuse00_seed1,NEAREST_MIGRATE_KV,290,0.0,13.079077,0.0,462.025458,0.0,475.104535,543.7003306784256,2.1168539256599672e-05,0.0,0.0,475.104535,543.7003518469648,543.7003518469648
input4000_rate2p5_reuse00_seed1,NEAREST_MIGRATE_KV,8,0.0,0.002239,0.0,439.218678,0.0,439.220917,546.9851253350457,2.1168539256599672e-05,0.0,0.0,439.220917,546.9851465035849,546.9851465035849
input4000_rate2p5_reuse00_seed1,NEAREST_MIGRATE_KV,14,0.0,3.904459,0.0,444.704351,5.684341886080802e-14,448.60881,543.7814367193298,2.1168539256599672e-05,0.0,0.0,448.60880999999995,543.781457887869,543.781457887869
input4000_rate2p5_reuse00_seed1,NEAREST_MIGRATE_KV,39,0.0,1.544485,0.0,446.380639,0.0,447.925124,550.6754501961867,2.1168539256599672e-05,0.0,0.0,447.925124,550.6754713647259,550.6754713647259
input4000_rate2p5_reuse00_seed1,NEAREST_MIGRATE_KV,46,0.0,4.414484,0.0,449.854936,0.0,454.26942,553.270843505121,2.1168539256599672e-05,0.0,0.0,454.26942,553.2708646736602,553.2708646736602
input4000_rate2p5_reuse00_seed1,NEAREST_MIGRATE_KV,50,0.0,13.14077,0.0,448.557432,0.0,461.698202,552.6625481983396,2.1168539256599672e-05,0.0,0.0,461.698202,552.6625693668788,552.6625693668788
input4000_rate2p5_reuse00_seed1,NEAREST_MIGRATE_KV,54,0.0,1.325046,0.0,451.253385,5.684341886080802e-14,452.578431,551.8109347688454,2.1168539256599672e-05,0.0,0.0,452.57843099999997,551.8109559373846,551.8109559373847
input4000_rate2p5_reuse00_seed1,NEAREST_MIGRATE_KV,64,0.0,2.380381,0.0,453.632269,0.0,456.01265,543.9436488011382,2.1168539256599672e-05,0.0,0.0,456.01265,543.9436699696774,543.9436699696774
input4000_rate2p5_reuse00_seed1,NEAREST_MIGRATE_KV,101,0.0,0.005622,0.0,439.218678,0.0,439.2243,550.391579053022,2.1168539256599672e-05,0.0,0.0,439.2243,550.3916002215612,550.3916002215612
input4000_rate2p5_reuse00_seed1,NEAREST_MIGRATE_KV,113,0.0,9.217491,0.0,444.992895,5.684341886080802e-14,454.210386,543.9436488011382,2.1168539256599672e-05,0.0,0.0,454.21038599999997,543.9436699696774,543.9436699696776
input4000_rate2p5_reuse00_seed1,NEAREST_MIGRATE_KV,120,0.0,11.886598,0.0,449.027736,0.0,460.914334,543.862542760234,2.1168539256599672e-05,0.0,0.0,460.914334,543.8625639287732,543.8625639287732
input4000_rate2p5_reuse00_seed1,NEAREST_MIGRATE_KV,132,0.0,19.016637,0.0,452.471081,0.0,471.487718,545.4441105578659,2.1168539256599672e-05,0.0,0.0,471.48771800000003,545.4441317264051,545.4441317264051
input4000_rate2p5_reuse00_seed1,NEAREST_MIGRATE_KV,133,0.0,8.999377,0.0,451.755689,0.0,460.755066,543.457012555713,2.1168539256599672e-05,0.0,0.0,460.755066,543.4570337242523,543.4570337242523
input4000_rate2p5_reuse00_seed1,NEAREST_MIGRATE_KV,146,0.0,4.749136,0.0,454.289837,0.0,459.038973,546.9851253350457,2.1168539256599672e-05,0.0,0.0,459.038973,546.9851465035849,546.9851465035849
input4000_rate2p5_reuse00_seed1,NEAREST_MIGRATE_KV,148,0.0,2.90548,0.0,457.134985,0.0,460.040465,543.9436488011382,2.1168539256599672e-05,0.0,5.5502337827781645,460.040465,549.4939037524557,549.4939037524557
input4000_rate2p5_reuse00_seed1,NEAREST_MIGRATE_KV,172,0.0,13.071928,0.0,458.085769,0.0,471.157697,553.1897374642168,2.1168539256599672e-05,0.0,0.0,471.15769700000004,553.189758632756,553.189758632756
input4000_rate2p5_reuse00_seed1,NEAREST_MIGRATE_KV,160,0.0,12.914178,0.0,458.036041,0.0,470.950219,543.8219897397819,2.1168539256599672e-05,0.0,0.0,470.950219,543.8220109083211,543.8220109083211
input4000_rate2p5_reuse00_seed1,NEAREST_MIGRATE_KV,182,0.0,15.708626,0.0,464.342268,5.684341886080802e-14,480.050894,551.9325938302018,2.1168539256599672e-05,0.0,0.0,480.05089399999997,551.932614998741,551.932614998741
input4000_rate2p5_reuse00_seed1,NEAREST_MIGRATE_KV,178,0.0,17.8612,0.0,467.989179,0.0,485.850379,544.1869669238508,2.1168539256599672e-05,0.0,0.0,485.850379,544.18698809239,544.18698809239
input4000_rate2p5_reuse00_seed1,NEAREST_MIGRATE_KV,196,0.0,3.868473,0.0,464.109541,0.0,467.978014,551.9325938302018,2.1168539256599672e-05,0.0,0.0,467.978014,551.932614998741,551.932614998741
input4000_rate2p5_reuse00_seed1,NEAREST_MIGRATE_KV,199,0.0,14.398416,0.0,462.533063,0.0,476.931479,550.7565562370909,2.1168539256599672e-05,0.0,1.345342513371051,476.931479,552.1019199190011,552.1019199190011
input4000_rate2p5_reuse00_seed1,NEAREST_MIGRATE_KV,210,0.0,5.518754,0.0,465.656851,0.0,471.175605,552.9058663210521,2.1168539256599672e-05,0.0,0.0,471.175605,552.9058874895914,552.9058874895914
input4000_rate2p5_reuse00_seed1,NEAREST_MIGRATE_KV,217,0.0,13.478407,0.0,463.851915,0.0,477.330322,551.1620864416119,2.1168539256599672e-05,0.0,0.0,477.330322,551.1621076101511,551.1621076101511
input4000_rate2p5_reuse00_seed1,NEAREST_MIGRATE_KV,219,0.0,15.465056,0.0,470.280548,0.0,485.745604,550.9187683188993,2.1168539256599672e-05,0.0,10.407726924663514,485.745604,561.3265164121021,561.3265164121021
input4000_rate2p5_reuse00_seed1,NEAREST_MIGRATE_KV,212,0.0,153.34285,0.0,463.583092,0.0,616.925942,543.9436488011382,2.1168539256599672e-05,0.0,240.01655649754187,616.9259420000001,783.9602264672194,783.9602264672194
input4000_rate2p5_reuse00_seed1,NEAREST_MIGRATE_KV,238,0.0,43.9239,0.0,697.988427,0.0,741.912327,549.8643897871447,2.1168539256599672e-05,0.0,239.66997316100432,741.912327,789.5343841166882,789.5343841166882
input4000_rate2p5_reuse00_seed1,NEAREST_MIGRATE_KV,237,0.0,6.787768,0.0,470.905049,0.0,477.692817,544.5924971283719,2.1168539256599672e-05,0.0,0.0,477.692817,544.5925182969111,544.5925182969111
input4000_rate2p5_reuse00_seed1,NEAREST_MIGRATE_KV,250,0.0,19.128994,0.0,460.833308,5.684341886080802e-14,479.962302,545.2818984760574,2.1168539256599672e-05,0.0,0.0,479.96230199999997,545.2819196445967,545.2819196445967
input4000_rate2p5_reuse00_seed1,NEAREST_MIGRATE_KV,261,0.0,19.09371,0.0,460.258418,0.0,479.352128,550.5943441552824,2.1168539256599672e-05,0.0,0.0,479.352128,550.5943653238216,550.5943653238216
input4000_rate2p5_reuse00_seed1,NEAREST_MIGRATE_KV,271,0.0,7.852694,0.0,462.611097,5.684341886080802e-14,470.463791,551.3648515438724,2.1168539256599672e-05,0.0,0.0,470.46379099999996,551.3648727124116,551.3648727124116
input4000_rate2p5_reuse00_seed1,NEAREST_MIGRATE_KV,276,0.0,12.113057,0.0,461.998022,0.0,474.111079,551.1620864416119,2.1168539256599672e-05,0.0,0.0,474.111079,551.1621076101511,551.1621076101511
input4000_rate2p5_reuse00_seed1,NEAREST_MIGRATE_KV,0,0.0,0.0,0.0,439.218678,0.0,439.218678,554.2441159959714,2.1168539256599672e-05,0.0,0.0,439.218678,554.2441371645106,554.2441371645106
input4000_rate2p5_reuse00_seed1,NEAREST_MIGRATE_KV,6,0.0,4.419682,0.0,444.708255,0.0,449.127937,548.1611629281565,2.1168539256599672e-05,0.0,0.0,449.12793700000003,548.1611840966957,548.1611840966957
input4000_rate2p5_reuse00_seed1,NEAREST_MIGRATE_KV,41,0.0,0.001983,0.0,439.218678,0.0,439.220661,552.9464193415042,2.1168539256599672e-05,0.0,0.0,439.220661,552.9464405100434,552.9464405100434
input4000_rate2p5_reuse00_seed1,NEAREST_MIGRATE_KV,63,0.0,87.180244,0.0,672.184605,0.0,759.364849,551.8109347688454,2.1168539256599672e-05,0.0,239.86330685491973,759.364849,791.6742627923044,791.6742627923044
input4000_rate2p5_reuse00_seed1,NEAREST_MIGRATE_KV,62,0.0,12.466156,0.0,449.663709,0.0,462.129865,545.079133373797,2.1168539256599672e-05,0.0,0.0,462.129865,545.0791545423363,545.0791545423363
input4000_rate2p5_reuse00_seed1,NEAREST_MIGRATE_KV,86,0.0,9.191522,0.0,449.89836,0.0,459.089882,543.9436488011382,2.1168539256599672e-05,0.0,0.0,459.08988200000005,543.9436699696774,543.9436699696774
input4000_rate2p5_reuse00_seed1,NEAREST_MIGRATE_KV,128,0.0,0.005577,0.0,439.218678,0.0,439.224255,551.3648515438724,2.1168539256599672e-05,0.0,0.0,439.224255,551.3648727124116,551.3648727124116
input4000_rate2p5_reuse00_seed1,NEAREST_MIGRATE_KV,140,0.0,11.813603,0.0,448.635352,0.0,460.448955,552.9869723619563,2.1168539256599672e-05,0.0,0.0,460.448955,552.9869935304955,552.9869935304955
input4000_rate2p5_reuse00_seed1,NEAREST_MIGRATE_KV,134,0.0,12.628005,0.0,444.524831,0.0,457.152836,547.3906555395666,2.1168539256599672e-05,0.0,0.0,457.152836,547.3906767081058,547.3906767081058
input4000_rate2p5_reuse00_seed1,NEAREST_MIGRATE_KV,153,0.0,5.014338,0.0,452.263273,0.0,457.277611,547.7556327236355,2.1168539256599672e-05,0.0,0.0,457.27761100000004,547.7556538921747,547.7556538921747
input4000_rate2p5_reuse00_seed1,NEAREST_MIGRATE_KV,162,0.0,5.417669,0.0,452.472489,0.0,457.890158,549.3777535417195,2.1168539256599672e-05,0.0,0.0,457.890158,549.3777747102587,549.3777747102587
input4000_rate2p5_reuse00_seed1,NEAREST_MIGRATE_KV,185,0.0,4.718773,0.0,452.493033,0.0,457.211806,551.5270636256807,2.1168539256599672e-05,0.0,0.0,457.211806,551.52708479422,551.52708479422
input4000_rate2p5_reuse00_seed1,NEAREST_MIGRATE_KV,190,0.0,3.643247,0.0,451.892361,5.684341886080802e-14,455.535608,552.9058663210521,2.1168539256599672e-05,0.0,0.0,455.53560799999997,552.9058874895914,552.9058874895914
input4000_rate2p5_reuse00_seed1,NEAREST_MIGRATE_KV,179,0.0,2.236726,0.0,449.898968,0.0,452.135694,544.6330501488239,2.1168539256599672e-05,0.0,0.0,452.135694,544.6330713173631,544.6330713173631
input4000_rate2p5_reuse00_seed1,NEAREST_MIGRATE_KV,198,0.0,12.266382,0.0,456.948745,0.0,469.215127,550.9998743598035,2.1168539256599672e-05,0.0,4.151382977601926,469.215127,555.1512785059447,555.1512785059447
input4000_rate2p5_reuse00_seed1,NEAREST_MIGRATE_KV,194,0.0,15.818091,0.0,453.846637,5.684341886080802e-14,469.664728,544.9169212919886,2.1168539256599672e-05,0.0,0.0,469.66472799999997,544.9169424605278,544.9169424605279
input4000_rate2p5_reuse00_seed1,NEAREST_MIGRATE_KV,216,0.0,9.436873,0.0,474.106086,0.0,483.542959,550.2699199916657,2.1168539256599672e-05,0.0,5.854409363003853,483.542959,556.1243505232088,556.1243505232088
input4000_rate2p5_reuse00_seed1,NEAREST_MIGRATE_KV,221,0.0,4.571184,0.0,471.570037,0.0,476.141221,554.0007978732588,2.1168539256599672e-05,0.0,0.0,476.14122100000003,554.000819041798,554.000819041798
input4000_rate2p5_reuse00_seed1,NEAREST_MIGRATE_KV,211,0.0,12.936402,0.0,465.919836,5.684341886080802e-14,478.856238,546.3768300282642,2.1168539256599672e-05,0.0,0.0,478.85623799999996,546.3768511968034,546.3768511968035
input4000_rate2p5_reuse00_seed1,NEAREST_MIGRATE_KV,240,0.0,0.443964,0.0,463.694872,5.684341886080802e-14,464.138836,551.2431924825161,2.1168539256599672e-05,0.0,0.0,464.13883599999997,551.2432136510553,551.2432136510554
input4000_rate2p5_reuse00_seed1,NEAREST_MIGRATE_KV,252,0.0,18.967478,0.0,468.001382,5.684341886080802e-14,486.96886,553.7169267300941,2.1168539256599672e-05,0.0,5.93110598272375,486.96885999999995,559.6480538813571,559.6480538813571
input4000_rate2p5_reuse00_seed1,NEAREST_MIGRATE_KV,254,0.0,18.81685,0.0,453.906896,0.0,472.723746,554.0413508937108,2.1168539256599672e-05,0.0,0.0,472.723746,554.04137206225,554.04137206225
input4000_rate2p5_reuse00_seed1,NEAREST_MIGRATE_KV,247,0.0,8.164844,0.0,462.276031,0.0,470.440875,545.8090877419347,2.1168539256599672e-05,0.0,0.0,470.440875,545.8091089104739,545.8091089104739
input4000_rate2p5_reuse00_seed1,NEAREST_MIGRATE_KV,279,0.0,18.487911,0.0,460.036642,5.684341886080802e-14,478.524553,551.1620864416119,2.1168539256599672e-05,0.0,0.0,478.52455299999997,551.1621076101511,551.1621076101512
input4000_rate2p5_reuse00_seed1,NEAREST_MIGRATE_KV,284,0.0,11.352643,0.0,459.322006,0.0,470.674649,553.5547146482857,2.1168539256599672e-05,0.0,0.0,470.674649,553.5547358168249,553.5547358168249
input4000_rate2p5_reuse00_seed1,NEAREST_MIGRATE_KV,293,0.0,2.068874,0.0,452.998579,0.0,455.067453,544.1869669238508,2.1168539256599672e-05,0.0,0.0,455.067453,544.18698809239,544.18698809239
input6000_rate3p33_reuse00_seed1,NEAREST_KV,24,0.0,0.013245,0.0,676.342498,0.0,676.355743,783.1150060509935,2.1168539256599672e-05,0.0,64.81099062917035,676.355743,847.9260178487032,847.9260178487032
input6000_rate3p33_reuse00_seed1,NEAREST_KV,54,0.0,0.009401,0.0,676.342498,0.0,676.351899,783.9005707160338,2.1168539256599672e-05,0.0,61.87040390191352,676.351899,845.7709957864867,845.7709957864867
input6000_rate3p33_reuse00_seed1,NEAREST_KV,72,0.0,7.675104,0.0,694.664524,0.0,702.339628,783.1980613459757,2.1168539256599672e-05,0.0,66.72329819491269,702.3396280000001,849.9213807094277,849.9213807094277
input6000_rate3p33_reuse00_seed1,NEAREST_KV,96,0.0,15.168251,0.0,701.053626,0.0,716.221877,783.9074919906157,2.1168539256599672e-05,0.0,59.524090801032955,716.2218770000001,843.4316039601879,843.4316039601879
input6000_rate3p33_reuse00_seed1,NEAREST_KV,102,0.0,2.286077,0.0,706.671148,0.0,708.957225,783.8971100787428,2.1168539256599672e-05,0.0,61.78615978367367,708.957225,845.6832910309557,845.6832910309557
input6000_rate3p33_reuse00_seed1,NEAREST_KV,116,0.0,13.72958,0.0,700.200122,0.0,713.929702,783.2776560036671,2.1168539256599672e-05,0.0,65.26515086033297,713.929702,848.5428280325393,848.5428280325393
input6000_rate3p33_reuse00_seed1,NEAREST_KV,128,0.0,10.746681,0.0,719.864655,1.1368683772161603e-13,730.611336,783.2914985528307,2.1168539256599672e-05,0.0,64.05313193023731,730.6113359999999,847.3446516516073,847.3446516516074
input6000_rate3p33_reuse00_seed1,NEAREST_KV,153,0.0,821.612051,0.0,983.872905,1.1368683772161603e-13,1805.484956,783.0284901187204,2.1168539256599672e-05,0.0,844.4647157279277,1805.4849559999998,1627.4932270151871,1627.4932270151871
input6000_rate3p33_reuse00_seed1,NEAREST_KV,138,0.0,3.962464,0.0,717.296498,0.0,721.258962,783.2914985528307,2.1168539256599672e-05,0.0,65.11613610933418,721.258962,848.4076558307041,848.4076558307041
input6000_rate3p33_reuse00_seed1,NEAREST_KV,150,0.0,1.633644,0.0,735.784158,0.0,737.417802,783.2880379155398,2.1168539256599672e-05,0.0,67.3522968388713,737.417802,850.6403559229503,850.6403559229503
input6000_rate3p33_reuse00_seed1,NEAREST_KV,151,0.0,206.843315,0.0,1005.311502,1.1368683772161603e-13,1212.154817,783.5475857123593,2.1168539256599672e-05,0.0,278.9115950688826,1212.154817,1062.4592019497811,1062.4592019497813
input6000_rate3p33_reuse00_seed1,NEAREST_KV,130,0.0,277.340986,0.0,954.12786,0.0,1231.468846,783.9213345397793,2.1168539256599672e-05,0.0,271.0964123337027,1231.468846,1055.0177680420213,1055.0177680420213
input6000_rate3p33_reuse00_seed1,NEAREST_KV,184,0.0,7.314134,0.0,750.623593,0.0,757.937727,783.2395889934669,2.1168539256599672e-05,0.0,53.90282025830943,757.937727,837.1424304203156,837.1424304203156
input6000_rate3p33_reuse00_seed1,NEAREST_KV,200,0.0,6.495362,0.0,748.388723,0.0,754.884085,783.3399474749037,2.1168539256599672e-05,0.0,58.07076203906979,754.884085,841.4107306825127,841.4107306825127
input6000_rate3p33_reuse00_seed1,NEAREST_KV,213,0.0,4.773952,0.0,761.771522,0.0,766.545474,783.1496124239028,2.1168539256599672e-05,0.018947480234413647,59.84624317851522,766.545474,843.0148242511917,843.0148242511917
input6000_rate3p33_reuse00_seed1,NEAREST_KV,190,0.0,12.786671,0.0,735.460032,1.1368683772161603e-13,748.246703,783.9040313533247,2.1168539256599672e-05,0.0,57.11944183501615,748.2467029999999,841.0234943568802,841.0234943568803
input6000_rate3p33_reuse00_seed1,NEAREST_KV,207,0.0,25.547516,0.0,754.742433,0.0,780.289949,783.9074919906157,2.1168539256599672e-05,0.0,58.16949188756118,780.289949,842.0770050467161,842.0770050467161
input6000_rate3p33_reuse00_seed1,NEAREST_KV,228,0.0,11.113825,0.0,738.868556,0.0,749.982381,783.9074919906157,2.1168539256599672e-05,0.0,57.10648770846436,749.982381,841.0140008676193,841.0140008676193
input6000_rate3p33_reuse00_seed1,NEAREST_KV,259,0.0,9.818742,0.0,706.821307,0.0,716.640049,783.6098771835959,2.1168539256599672e-05,0.0,60.638145684487085,716.6400490000001,844.2480440366222,844.2480440366222
input6000_rate3p33_reuse00_seed1,NEAREST_KV,269,0.0,82.51515,0.0,729.166376,0.0,811.681526,783.4403059563406,2.1168539256599672e-05,0.0,264.87372158964047,811.6815260000001,1048.3140487145204,1048.3140487145204
input6000_rate3p33_reuse00_seed1,NEAREST_KV,281,0.0,122.253999,0.0,725.14806,0.0,847.402059,783.2568921799215,2.1168539256599672e-05,0.0,267.9524853941173,847.402059,1051.209398742578,1051.209398742578
input6000_rate3p33_reuse00_seed1,NEAREST_KV,278,0.0,11.127178,0.0,725.724449,0.0,736.851627,783.3122623765763,2.1168539256599672e-05,0.0,69.58202280078572,736.851627,852.8943063459013,852.8943063459013
input6000_rate3p33_reuse00_seed1,NEAREST_KV,267,0.0,0.422923,0.0,723.914448,0.0,724.337371,783.8971100787428,2.1168539256599672e-05,0.0,61.78615978367367,724.337371,845.6832910309557,845.6832910309557
input6000_rate3p33_reuse00_seed1,NEAREST_KV,297,0.0,14.093605,0.0,735.060833,0.0,749.154438,783.51297933945,2.1168539256599672e-05,0.0,59.74346055925716,749.154438,843.2564610672464,843.2564610672464
input6000_rate3p33_reuse00_seed1,NEAREST_KV,3,0.0,0.327114,0.0,689.692786,0.0,690.0199,783.2119038951395,2.1168539256599672e-05,0.0,64.44827508572017,690.0199,847.6602001493989,847.6602001493989
input6000_rate3p33_reuse00_seed1,NEAREST_KV,6,0.0,32.862248,0.0,927.033461,0.0,959.895709,783.2015219832667,2.1168539256599672e-05,0.0,277.5249606695106,959.895709,1060.7265038213166,1060.7265038213166
input6000_rate3p33_reuse00_seed1,NEAREST_KV,12,0.0,9.168882,0.0,699.77529,0.0,708.944172,783.3157230138672,2.1168539256599672e-05,0.0,68.50606449513707,708.9441720000001,851.8218086775436,851.8218086775436
input6000_rate3p33_reuse00_seed1,NEAREST_KV,17,0.0,0.958041,0.0,705.955564,0.0,706.913605,783.229207081594,2.1168539256599672e-05,0.0,64.28630620816958,706.913605,847.5155344583029,847.5155344583029
input6000_rate3p33_reuse00_seed1,NEAREST_KV,22,0.0,16.643434,0.0,710.228142,0.0,726.871576,783.9005707160338,2.1168539256599672e-05,0.0,63.99641226010722,726.871576,847.8970041446803,847.8970041446803
input6000_rate3p33_reuse00_seed1,NEAREST_KV,41,0.0,6.048069,0.0,706.835724,0.0,712.883793,783.8209760583425,2.1168539256599672e-05,0.0,58.68774154093928,712.8837930000001,842.508738767821,842.508738767821
input6000_rate3p33_reuse00_seed1,NEAREST_KV,60,0.0,9.351936,0.0,700.779962,0.0,710.131898,783.2603528172124,2.1168539256599672e-05,0.0,61.94651246621811,710.131898,845.2068864519697,845.2068864519697
input6000_rate3p33_reuse00_seed1,NEAREST_KV,76,0.0,17.66706,0.0,706.932204,0.0,724.599264,783.1080847764117,2.1168539256599672e-05,0.0,64.7397006374823,724.599264,847.8478065824332,847.8478065824332
input6000_rate3p33_reuse00_seed1,NEAREST_KV,87,0.0,220.357404,0.0,970.578556,0.0,1190.93596,783.1011635018298,2.1168539256599672e-05,0.0,285.8748875477227,1190.93596,1068.9760722180918,1068.9760722180918
input6000_rate3p33_reuse00_seed1,NEAREST_KV,93,0.0,17.186317,0.0,731.341006,0.0,748.527323,783.1219273255754,2.1168539256599672e-05,0.0,67.97409491335732,748.527323,851.0960434074719,851.0960434074719
input6000_rate3p33_reuse00_seed1,NEAREST_KV,97,0.0,10.678376,0.0,749.000651,1.1368683772161603e-13,759.679027,783.1565336984846,2.1168539256599672e-05,0.0,70.06776025082473,759.6790269999999,853.2243151178486,853.2243151178487
input6000_rate3p33_reuse00_seed1,NEAREST_KV,84,0.0,156.241286,0.0,730.477193,0.0,886.718479,783.9005707160338,2.1168539256599672e-05,0.0,262.15960882861003,886.7184790000001,1046.0602007131831,1046.0602007131831
input6000_rate3p33_reuse00_seed1,NEAREST_KV,83,0.0,6.830604,0.0,711.033742,0.0,717.864346,783.9178739024884,2.1168539256599672e-05,0.0,60.548232600474435,717.864346,844.4661276715021,844.4661276715021
input6000_rate3p33_reuse00_seed1,NEAREST_KV,125,0.0,204.547174,0.0,741.040897,0.0,945.588071,783.0700177662115,2.1168539256599672e-05,0.0,259.9027623148823,945.588071,1042.972801249633,1042.972801249633
input6000_rate3p33_reuse00_seed1,NEAREST_KV,123,0.0,16.115245,0.0,743.194939,1.1368683772161603e-13,759.310184,783.0977028645389,2.1168539256599672e-05,0.0,57.9145467185984,759.3101839999999,841.0122707516765,841.0122707516766
input6000_rate3p33_reuse00_seed1,NEAREST_KV,142,0.0,2.151394,0.0,741.186268,0.0,743.337662,783.0769390407934,2.1168539256599672e-05,0.0,61.37568050478297,743.337662,844.4526407141157,844.4526407141157
input6000_rate3p33_reuse00_seed1,NEAREST_KV,152,0.0,8.25569,0.0,733.960396,1.1368683772161603e-13,742.216086,783.184218796812,2.1168539256599672e-05,0.0,60.974102581677414,742.2160859999999,844.1583425470287,844.1583425470288
input6000_rate3p33_reuse00_seed1,NEAREST_KV,162,0.0,20.439333,0.0,733.285125,0.0,753.724458,783.1011635018298,2.1168539256599672e-05,0.0,64.66841064579424,753.724458,847.7695953161633,847.7695953161633
input6000_rate3p33_reuse00_seed1,NEAREST_KV,167,0.0,6.81491,0.0,740.77559,0.0,747.5905,783.1669156103574,2.1168539256599672e-05,0.0,70.69300232694269,747.5905,853.8599391058393,853.8599391058393
input6000_rate3p33_reuse00_seed1,NEAREST_KV,209,0.0,12.946556,0.0,717.273239,0.0,730.219795,783.9040313533247,2.1168539256599672e-05,0.0,59.537044927584745,730.219795,843.4410974494488,843.4410974494488
input6000_rate3p33_reuse00_seed1,NEAREST_KV,220,0.0,8.11846,0.0,707.886299,0.0,716.004759,783.6929324785782,2.1168539256599672e-05,0.0,64.8708580980064,716.004759,848.5638117451239,848.5638117451239
input6000_rate3p33_reuse00_seed1,NEAREST_KV,225,0.0,18.230008,0.0,715.590723,0.0,733.820731,783.8590430685426,2.1168539256599672e-05,0.0,66.47226662650569,733.820731,850.3313308635876,850.3313308635876
input6000_rate3p33_reuse00_seed1,NEAREST_KV,239,0.0,260.951904,0.0,965.023284,0.0,1225.975188,783.1461517866119,2.1168539256599672e-05,0.0,277.381545708178,1225.975188,1060.527718663329,1060.527718663329
input6000_rate3p33_reuse00_seed1,NEAREST_KV,237,0.0,10.504363,0.0,735.428084,0.0,745.932447,783.9040313533247,2.1168539256599672e-05,0.0,61.76025153057008,745.932447,845.6643040524341,845.6643040524341
input6000_rate3p33_reuse00_seed1,NEAREST_KV,249,0.0,18.316325,0.0,728.92748,0.0,747.243805,783.9144132651975,2.1168539256599672e-05,0.0,62.78439333001157,747.243805,846.6988277637483,846.6988277637483
input6000_rate3p33_reuse00_seed1,NEAREST_KV,273,0.0,7.413942,0.0,753.373461,0.0,760.787403,783.0527145797569,2.1168539256599672e-05,0.0,58.0829503637717,760.787403,841.1356861120678,841.1356861120678
input6000_rate3p33_reuse00_seed1,NEAREST_KV,279,0.0,166.286992,0.0,747.473687,0.0,913.760679,783.2188251697213,2.1168539256599672e-05,0.0,243.66073232333986,913.760679,1026.8795786616004,1026.8795786616004
input6000_rate3p33_reuse00_seed1,NEAREST_KV,285,0.0,14.386254,0.0,762.095369,0.0,776.481623,783.3849357596857,2.1168539256599672e-05,0.0,66.89238305062946,776.481623,850.2773399788545,850.2773399788545
input6000_rate3p33_reuse00_seed1,NEAREST_KV,282,0.0,24.769978,0.0,767.286334,0.0,792.056312,783.7240782141965,2.1168539256599672e-05,0.0,69.67039213120098,792.056312,853.3944915139368,853.3944915139368
input6000_rate3p33_reuse00_seed1,NEAREST_KV,274,0.0,453.773141,0.0,997.821454,0.0,1451.594595,783.9074919906157,2.1168539256599672e-05,0.0,267.4141388268747,1451.594595,1051.3216519860296,1051.3216519860296
input6000_rate3p33_reuse00_seed1,NEAREST_KV,0,0.0,0.0,0.0,676.342498,0.0,676.342498,783.5199006140319,2.1168539256599672e-05,0.0,63.295357822610654,676.342498,846.8152796051819,846.8152796051819
input6000_rate3p33_reuse00_seed1,NEAREST_KV,8,0.0,5.068858,0.0,693.993324,0.0,699.062182,783.8936494414519,2.1168539256599672e-05,0.0,71.55044126752342,699.062182,855.4441118775146,855.4441118775146
input6000_rate3p33_reuse00_seed1,NEAREST_KV,32,0.0,19.070525,0.0,701.455802,1.1368683772161603e-13,720.526327,783.2845772782489,2.1168539256599672e-05,0.0,61.855833580355565,720.5263269999999,845.1404320271437,845.1404320271438
input6000_rate3p33_reuse00_seed1,NEAREST_KV,57,0.0,3.307164,0.0,716.41285,0.0,719.720014,783.0630964916296,2.1168539256599672e-05,0.0,69.3545174886263,719.720014,852.4176351487952,852.4176351487952
input6000_rate3p33_reuse00_seed1,NEAREST_KV,39,0.0,11.020187,0.0,700.742394,0.0,711.762581,783.658326105669,2.1168539256599672e-05,0.0,63.84019693963582,711.762581,847.4985442138441,847.4985442138441
input6000_rate3p33_reuse00_seed1,NEAREST_KV,43,0.0,19.468382,0.0,719.646671,0.0,739.115053,783.8209760583425,2.1168539256599672e-05,0.0,65.45455959468694,739.115053,849.2755568215687,849.2755568215687
input6000_rate3p33_reuse00_seed1,NEAREST_KV,44,0.0,388.560098,0.0,953.885108,2.2737367544323206e-13,1342.445206,783.9005707160338,2.1168539256599672e-05,0.0,277.9409551467611,1342.4452059999999,1061.8415470313341,1061.8415470313344
input6000_rate3p33_reuse00_seed1,NEAREST_KV,50,0.0,10.513498,0.0,717.071602,0.0,727.5851,783.8971100787428,2.1168539256599672e-05,0.0,66.23257298964435,727.5851,850.1297042369264,850.1297042369264
input6000_rate3p33_reuse00_seed1,NEAREST_KV,78,0.0,14.852187,0.0,723.70897,0.0,738.561157,783.1323092374481,2.1168539256599672e-05,0.0,61.16841447995429,738.561157,844.3007448859416,844.3007448859416
input6000_rate3p33_reuse00_seed1,NEAREST_KV,137,0.0,0.006359,0.0,676.342498,0.0,676.348857,783.0561752170478,2.1168539256599672e-05,0.0,65.03121078055084,676.348857,848.0874071661378,848.0874071661378
input6000_rate3p33_reuse00_seed1,NEAREST_KV,140,0.0,7.161939,0.0,694.00718,1.1368683772161603e-13,701.169119,783.0181082068476,2.1168539256599672e-05,0.0,67.39691277560588,701.1691189999999,850.4150421509928,850.4150421509929
input6000_rate3p33_reuse00_seed1,NEAREST_KV,171,0.0,17.408096,0.0,710.807004,0.0,728.2151,783.9040313533247,2.1168539256599672e-05,0.0,59.537044927584745,728.2151,843.4410974494488,843.4410974494488
input6000_rate3p33_reuse00_seed1,NEAREST_KV,202,0.0,9.538254,0.0,722.343809,0.0,731.882063,783.2395889934669,2.1168539256599672e-05,0.0,64.24744382851419,731.882063,847.4870539905204,847.4870539905204
input6000_rate3p33_reuse00_seed1,NEAREST_KV,186,0.0,16.751172,0.0,721.747014,0.0,738.498186,783.8971100787428,2.1168539256599672e-05,0.0,61.78615978367367,738.498186,845.6832910309557,845.6832910309557
input6000_rate3p33_reuse00_seed1,NEAREST_KV,194,0.0,4.731152,0.0,720.168954,1.1368683772161603e-13,724.900106,783.6410229192143,2.1168539256599672e-05,0.0,63.90496757239478,724.9001059999999,847.5460116601483,847.5460116601485
input6000_rate3p33_reuse00_seed1,NEAREST_KV,234,0.0,19.312661,0.0,713.813976,0.0,733.126637,783.7309994887784,2.1168539256599672e-05,0.0,59.02454883128587,733.1266370000001,842.7555694886034,842.7555694886034
input6000_rate3p33_reuse00_seed1,NEAREST_KV,240,0.0,20.629118,0.0,728.626736,0.0,749.255854,783.7725271362694,2.1168539256599672e-05,0.0,61.09230591564971,749.255854,844.8648542204584,844.8648542204584
input6000_rate3p33_reuse00_seed1,NEAREST_KV,296,0.0,73.262602,0.0,976.004424,0.0,1049.267026,783.0665571289205,2.1168539256599672e-05,0.0,278.5735063037196,1049.267026,1061.6400846011793,1061.6400846011793
input6000_rate3p33_reuse00_seed1,NEAREST_KV,294,0.0,2.738889,0.0,1013.938016,1.1368683772161603e-13,1016.676905,783.090781589957,2.1168539256599672e-05,0.0,276.34411506199496,1016.6769049999999,1059.4349178204911,1059.4349178204911
input6000_rate3p33_reuse00_seed1,NEAREST_KV,272,0.0,2.371623,0.0,712.069777,0.0,714.4414,783.8763462549973,2.1168539256599672e-05,0.0,59.64067793999908,714.4414,843.5170453635357,843.5170453635357
input6000_rate3p33_reuse00_seed1,NEAREST_KV,288,0.0,9.957142,0.0,725.690341,0.0,735.647483,783.3330262003219,2.1168539256599672e-05,0.0,60.51427338474198,735.647483,843.8473207536032,843.8473207536032
input6000_rate3p33_reuse00_seed1,NEAREST_KV,291,0.0,243.514887,0.0,745.002375,0.0,988.517262,783.606416546305,2.1168539256599672e-05,0.0,260.8685144882806,988.5172620000001,1044.4749522031248,1044.4749522031248
input6000_rate3p33_reuse00_seed1,NEAREST_KV,9,0.0,0.023654,0.0,676.342498,1.1368683772161603e-13,676.366152,783.1703762476484,2.1168539256599672e-05,0.0,64.60372460434168,676.3661519999999,847.7741220205294,847.7741220205295
input6000_rate3p33_reuse00_seed1,NEAREST_KV,15,0.0,13.457007,0.0,694.523244,0.0,707.980251,783.2430496307578,2.1168539256599672e-05,0.0,66.55489454973939,707.980251,849.7979653490364,849.7979653490364
input6000_rate3p33_reuse00_seed1,NEAREST_KV,36,0.0,266.825877,0.0,977.907775,0.0,1244.733652,783.0354113933022,2.1168539256599672e-05,0.0,275.6573654019732,1244.733652,1058.6927979638147,1058.6927979638147
input6000_rate3p33_reuse00_seed1,NEAREST_KV,37,0.0,339.602328,0.0,945.375169,1.1368683772161603e-13,1284.977497,783.0388720305932,2.1168539256599672e-05,0.0,285.21404614080456,1284.977497,1068.252939339937,1068.2529393399373
input6000_rate3p33_reuse00_seed1,NEAREST_KV,51,0.0,21.711471,0.0,716.96469,0.0,738.676161,783.0873209526661,2.1168539256599672e-05,0.0,62.4970205490161,738.676161,845.5843626702215,845.5843626702215
input6000_rate3p33_reuse00_seed1,NEAREST_KV,34,0.0,6.994626,0.0,714.242406,0.0,721.237032,783.6963931158691,2.1168539256599672e-05,0.0,60.31429252069228,721.237032,844.0107068051007,844.0107068051007
input6000_rate3p33_reuse00_seed1,NEAREST_KV,45,0.0,13.82837,0.0,710.181038,1.1368683772161603e-13,724.009408,783.9178739024884,2.1168539256599672e-05,0.0,67.31505065422209,724.0094079999999,851.2329457252497,851.2329457252498
input6000_rate3p33_reuse00_seed1,NEAREST_KV,75,0.0,4.924085,0.0,729.269698,1.1368683772161603e-13,734.193783,783.1703762476484,2.1168539256599672e-05,0.0,70.6800482003909,734.1937829999999,853.8504456165786,853.8504456165787
input6000_rate3p33_reuse00_seed1,NEAREST_KV,56,0.0,10.350455,0.0,723.31217,0.0,733.662625,783.9074919906157,2.1168539256599672e-05,0.0,61.650099159226656,733.662625,845.5576123183815,845.5576123183815
input6000_rate3p33_reuse00_seed1,NEAREST_KV,73,0.0,12.588865,0.0,723.542378,0.0,736.131243,783.4541485055042,2.1168539256599672e-05,0.0,59.96368071063762,736.131243,843.4178503846811,843.4178503846811
input6000_rate3p33_reuse00_seed1,NEAREST_KV,92,0.0,1.629143,0.0,751.147306,0.0,752.776449,783.090781589957,2.1168539256599672e-05,0.0,65.27417923643132,752.776449,848.3649819949276,848.3649819949276
input6000_rate3p33_reuse00_seed1,NEAREST_KV,91,0.0,16.938114,0.0,735.565301,0.0,752.503415,783.4403059563406,2.1168539256599672e-05,0.0,57.69509236906782,752.503415,841.1354194939477,841.1354194939477
input6000_rate3p33_reuse00_seed1,NEAREST_KV,112,0.0,336.62289,0.0,993.990934,0.0,1330.613824,783.0803996780843,2.1168539256599672e-05,0.0,270.5101750727531,1330.613824,1053.5905959193767,1053.5905959193767
input6000_rate3p33_reuse00_seed1,NEAREST_KV,121,0.0,20.484783,0.0,751.61826,0.0,772.103043,783.2430496307578,2.1168539256599672e-05,0.0,71.47101572190012,772.103043,854.7140865211971,854.7140865211971
input6000_rate3p33_reuse00_seed1,NEAREST_KV,145,0.0,23.370905,0.0,752.907189,0.0,776.278094,783.0388720305932,2.1168539256599672e-05,0.0,58.037568625187205,776.278094,841.0764618243197,841.0764618243197
input6000_rate3p33_reuse00_seed1,NEAREST_KV,111,0.0,15.366271,0.0,750.59987,0.0,765.966141,783.9074919906157,2.1168539256599672e-05,0.0,54.88328110547902,765.966141,838.790794264634,838.790794264634
input6000_rate3p33_reuse00_seed1,NEAREST_KV,119,0.0,14.510975,0.0,746.143768,0.0,760.654743,783.9005707160338,2.1168539256599672e-05,0.0,59.355602564553266,760.654743,843.2561944491264,843.2561944491264
input6000_rate3p33_reuse00_seed1,NEAREST_KV,156,0.0,2.665819,0.0,752.513941,0.0,755.17976,783.13923051203,2.1168539256599672e-05,0.0,59.982303802962235,755.1797600000001,843.1215554835316,843.1215554835316
input6000_rate3p33_reuse00_seed1,NEAREST_KV,133,0.0,0.52241,0.0,757.592251,0.0,758.114661,783.8936494414519,2.1168539256599672e-05,0.02179573553233656,57.061105969879904,758.1146610000001,840.9765723154034,840.9765723154034
input6000_rate3p33_reuse00_seed1,NEAREST_KV,183,0.0,218.573055,0.0,760.586653,1.1368683772161603e-13,979.159708,783.1219273255754,2.1168539256599672e-05,14.776260659934929,266.88503570830073,979.1597079999999,1064.7832448623503,1064.7832448623503
input6000_rate3p33_reuse00_seed1,NEAREST_KV,165,0.0,133.997953,0.0,757.645292,0.0,891.643245,783.7690664989785,2.1168539256599672e-05,0.0,244.24670404020634,891.643245,1028.015791707724,1028.015791707724
input6000_rate3p33_reuse00_seed1,NEAREST_KV,158,0.0,203.571931,0.0,1006.040601,1.1368683772161603e-13,1209.612532,783.8971100787428,2.1168539256599672e-05,0.0,269.5917135623922,1209.612532,1053.4888448096742,1053.4888448096744
input6000_rate3p33_reuse00_seed1,NEAREST_KV,178,0.0,2.412678,0.0,758.990788,0.0,761.403466,783.9040313533247,2.1168539256599672e-05,0.0,61.56585504098679,761.403466,845.4699075628508,845.4699075628508
input6000_rate3p33_reuse00_seed1,NEAREST_KV,192,3789.568886,27.382575,0.0,775.061218,0.0,4590.461984,783.4333846817588,2.1168539256599672e-05,38511.62859067077,62.1674138281421,4592.012679,39357.22941034922,39357.22941034922
input6000_rate3p33_reuse00_seed1,NEAREST_KV,188,3043.956753,27.368943,0.0,771.717669,1.0816550000000689,3844.12502,783.9074919906157,2.1168539256599672e-05,38487.003980105685,57.009289463672715,3843.043365,39327.920782728506,39329.00243772851
input6000_rate3p33_reuse00_seed1,NEAREST_KV,201,7827.974491,27.466639,0.0,765.290462,0.0,8616.365591,783.2672740917943,2.1168539256599672e-05,38489.780173781066,62.78921190262811,8620.731592,39335.83668094403,39335.83668094403
input6000_rate3p33_reuse00_seed1,NEAREST_KV,235,422.007414,27.426095,0.0,760.695459,0.0,1199.684366,783.1461517866119,2.1168539256599672e-05,38466.176487634446,53.09237925131937,1210.128968,39302.41503984092,39302.41503984092
input6000_rate3p33_reuse00_seed1,NEAREST_KV,193,8409.473011,27.520399,0.0,760.429468,0.0,9196.35661,783.8105941464697,2.1168539256599672e-05,38511.63361233404,71.56974557039153,9197.422878000001,39367.01397321944,39367.01397321944
input6000_rate3p33_reuse00_seed1,NEAREST_KV,204,7461.046849,27.370287,0.0,774.672428,0.0,8257.934314,783.9040313533247,2.1168539256599672e-05,38489.971024921986,60.40565261709834,8263.089564,39334.28073006095,39334.28073006095
input6000_rate3p33_reuse00_seed1,NEAREST_KV,265,0.0,3.033424,0.0,757.611119,0.0,760.644543,783.1080847764117,2.1168539256599672e-05,0.0,61.161895121025196,760.644543,844.2700010659762,844.2700010659762
input6000_rate3p33_reuse00_seed1,NEAREST_KV,248,0.0,0.713237,0.0,751.649868,0.0,752.363105,783.613337820887,2.1168539256599672e-05,0.0,55.88718361758971,752.363105,839.500542607016,839.500542607016
input6000_rate3p33_reuse00_seed1,NEAREST_KV,260,0.0,17.106403,0.0,746.3024,0.0,763.408803,783.5821920852686,2.1168539256599672e-05,0.0,57.163973180444344,763.408803,840.7461864342522,840.7461864342522
input6000_rate3p33_reuse00_seed1,NEAREST_KV,290,0.0,5.053282,0.0,761.108437,0.0,766.161719,783.2534315426306,2.1168539256599672e-05,0.011991652650464734,56.07421035508763,766.161719,839.3396547189079,839.3396547189079
input6000_rate3p33_reuse00_seed1,NEAREST_KV,271,0.0,6.24046,0.0,760.725949,0.0,766.966409,783.9040313533247,2.1168539256599672e-05,5.208960617372968,57.022243590224505,766.966409,846.1352567294615,846.1352567294615
input6000_rate3p33_reuse00_seed1,NEAREST_KV,284,0.0,19.260887,0.0,756.596969,0.0,775.857856,783.7171569396147,2.1168539256599672e-05,0.0,58.88196884790975,775.857856,842.5991469560637,842.5991469560637
input6000_rate3p33_reuse00_seed1,NEAREST_KV,5,0.0,0.554672,0.0,676.342498,0.0,676.89717,783.9040313533247,2.1168539256599672e-05,0.0,61.85744977536173,676.89717,845.7615022972258,845.7615022972258
input6000_rate3p33_reuse00_seed1,NEAREST_KV,14,0.0,11.013597,0.0,694.681324,0.0,705.694921,783.4264634071769,2.1168539256599672e-05,0.0,65.86832584249439,705.694921,849.2948104182105,849.2948104182105
input6000_rate3p33_reuse00_seed1,NEAREST_KV,25,0.0,18.496072,0.0,706.127852,0.0,724.623924,783.0873209526661,2.1168539256599672e-05,0.0,68.20083442366689,724.623924,851.2881765448723,851.2881765448723
input6000_rate3p33_reuse00_seed1,NEAREST_KV,20,0.0,16.672456,0.0,700.081274,0.0,716.75373,784.0874451297437,2.1168539256599672e-05,0.0,62.23388524721358,716.75373,846.3213515454966,846.3213515454966
input6000_rate3p33_reuse00_seed1,NEAREST_KV,28,0.0,18.217087,0.0,710.219534,0.0,728.436621,783.9178739024884,2.1168539256599672e-05,0.0,63.931641627348256,728.436621,847.8495366983759,847.8495366983759
input6000_rate3p33_reuse00_seed1,NEAREST_KV,52,0.0,7.259283,0.0,736.60867,1.1368683772161603e-13,743.867953,783.0423326678841,2.1168539256599672e-05,0.0,61.50522177030089,743.8679529999999,844.5475756067243,844.5475756067244
input6000_rate3p33_reuse00_seed1,NEAREST_KV,53,0.0,337.532106,0.0,1006.346862,0.0,1343.878968,783.0769390407934,2.1168539256599672e-05,0.0,273.9065382261787,1343.878968,1056.9834984355114,1056.9834984355114
input6000_rate3p33_reuse00_seed1,NEAREST_KV,55,0.0,907.177378,0.0,1016.518646,1.1368683772161603e-13,1923.696024,783.184218796812,2.1168539256599672e-05,0.0,837.1149619793492,1923.6960239999999,1620.2992019447006,1620.2992019447006
input6000_rate3p33_reuse00_seed1,NEAREST_KV,59,0.0,456.230145,0.0,1029.671939,0.0,1485.902084,783.5752708106867,2.1168539256599672e-05,0.0,268.88764620492384,1485.902084,1052.4629381841498,1052.4629381841498
input6000_rate3p33_reuse00_seed1,NEAREST_KV,49,0.0,9.16488,0.0,718.389554,0.0,727.554434,783.9040313533247,2.1168539256599672e-05,0.0,56.05643765591931,727.554434,839.9604901777833,839.9604901777833
input6000_rate3p33_reuse00_seed1,NEAREST_KV,65,0.0,314.080691,0.0,975.752159,0.0,1289.83285,783.9144132651975,2.1168539256599672e-05,0.0039370039624311085,277.1877766682313,1289.83285,1061.1061481059305,1061.1061481059305
input6000_rate3p33_reuse00_seed1,NEAREST_KV,68,1046.987097,27.185039,0.0,752.436719,0.0,1826.277726,783.9213345397793,2.1168539256599672e-05,38497.585310351475,77.92203157448184,1826.608855,39359.42869763428,39359.42869763428
input6000_rate3p33_reuse00_seed1,NEAREST_KV,70,2597.680587,27.224879,0.0,758.901357,0.0,3379.483409,783.9040313533247,2.1168539256599672e-05,38503.362805727025,70.55587969771979,3383.806823,39357.82273794661,39357.82273794661
input6000_rate3p33_reuse00_seed1,NEAREST_KV,88,1196.902709,27.270127,0.0,761.815166,2.522788999999989,1988.510791,783.7102356650328,2.1168539256599672e-05,38445.45240326322,54.364265650251056,1985.988002,39283.52692574704,39286.049714747045
input6000_rate3p33_reuse00_seed1,NEAREST_KV,106,0.0,9.919616,0.0,764.545872,0.0,774.465488,783.9005707160338,2.1168539256599672e-05,2.651121376359088,50.268379663028654,774.465488,836.8200929239608,836.8200929239608
input6000_rate3p33_reuse00_seed1,NEAREST_KV,136,2392.644731,26.358405,0.0,766.38488,0.0,3185.249311,783.0665571289205,2.1168539256599672e-05,55.31265553398961,57.933935612772885,3185.388016,896.3131694442222,896.3131694442222
input6000_rate3p33_reuse00_seed1,NEAREST_KV,107,1523.289276,27.453551,0.0,763.827012,0.0,2312.096462,783.890188804161,2.1168539256599672e-05,38464.51751114264,53.69065106955786,2314.569839,39302.0983721849,39302.0983721849
input6000_rate3p33_reuse00_seed1,NEAREST_KV,114,3225.019078,27.493487,0.0,756.6942,1.0316070000000082,4010.238372,783.9144132651975,2.1168539256599672e-05,38511.62072004835,56.983381210569135,4009.206765,39352.51853569266,39353.55014269266
input6000_rate3p33_reuse00_seed1,NEAREST_KV,131,0.0,12.707345,0.0,749.098454,0.0,761.805799,783.748302675233,2.1168539256599672e-05,0.0,51.99856365519598,761.805799,835.7468874989682,835.7468874989682
input6000_rate3p33_reuse00_seed1,NEAREST_KV,141,890.285951,521.902197,0.0,1023.495912,5.353034000000093,2441.037094,783.3537900240674,2.1168539256599672e-05,65.25173901132622,613.0378222757294,2435.68406,1461.643372479662,1466.9964064796623
input6000_rate3p33_reuse00_seed1,NEAREST_KV,146,5001.511599,27.404367,0.0,761.193646,0.712577999999553,5790.82219,783.4333846817588,2.1168539256599672e-05,82.16340753896357,80.41266787405787,5790.109612,946.0094812633195,946.722059263319
input6000_rate3p33_reuse00_seed1,NEAREST_KV,159,2773.688269,27.314223,0.0,775.073172,0.8737599999997201,3576.949424,783.3987783088495,2.1168539256599672e-05,38485.94343694156,62.29695509366,3576.075664,39331.639191512615,39332.51295151262
input6000_rate3p33_reuse00_seed1,NEAREST_KV,163,6249.228297,27.261839,0.0,764.142391,0.0,7040.410326,783.0838603153752,2.1168539256599672e-05,38503.20029085982,85.10444368266272,7040.632527,39371.3886160264,39371.3886160264
input6000_rate3p33_reuse00_seed1,NEAREST_KV,160,5565.572144,27.335023,0.0,770.452227,1.329566000000682,6364.68896,783.2880379155398,2.1168539256599672e-05,38499.55047250682,73.52581867971217,6363.359393999999,39356.36435027061,39357.69391627061
input6000_rate3p33_reuse00_seed1,NEAREST_KV,144,3754.541892,27.455823,0.0,767.501849,0.0,4548.619335,783.9074919906157,2.1168539256599672e-05,68.13473088076238,67.82362100006755,4549.499564,919.8658650399848,919.8658650399848
input6000_rate3p33_reuse00_seed1,NEAREST_KV,164,14135.758638,27.540495,0.0,764.114033,5.637660000001347,14933.050826,783.3503293867765,2.1168539256599672e-05,38506.11371677888,94.92130747456953,14927.413165999998,39384.385374808764,39390.023034808764
input6000_rate3p33_reuse00_seed1,NEAREST_KV,168,15622.669747,27.560527,0.0,761.256279,0.0,16409.963432,783.1634549730665,2.1168539256599672e-05,38498.330088153496,73.99216723557667,16411.486553,39355.48573153068,39355.48573153068
input6000_rate3p33_reuse00_seed1,NEAREST_KV,180,16994.288872,27.473359,0.0,768.171375,4.406241999998656,17794.339848,783.1011635018298,2.1168539256599672e-05,38501.49341271238,73.5612370577356,17789.933606000002,39358.155834440484,39362.56207644048
input6000_rate3p33_reuse00_seed1,NEAREST_KV,185,16917.189888,488.162909,0.0,1021.712211,0.0,18426.587265,783.4956761529954,2.1168539256599672e-05,38507.09942573672,292.9529665442668,18427.065007999998,39583.548089602526,39583.548089602526
input6000_rate3p33_reuse00_seed1,NEAREST_KV,170,15656.993804,262.371612,0.0,764.859915,0.0,16683.320798,783.9559409126886,2.1168539256599672e-05,38500.77358256529,267.3154887304391,16684.225331,39552.04503337696,39552.04503337696
input6000_rate3p33_reuse00_seed1,NEAREST_KV,205,18648.084957,27.232367,0.0,758.389375,0.0,19424.212583,783.1461517866119,2.1168539256599672e-05,38491.99531099952,63.24260633194085,19433.706699,39338.384090286614,39338.384090286614
input6000_rate3p33_reuse00_seed1,NEAREST_KV,217,16501.65816,27.196655,0.0,758.788876,0.0,17287.624382,783.0700177662115,2.1168539256599672e-05,38465.177757319645,56.76077906233262,17287.643690999997,39305.00857531673,39305.00857531673
input6000_rate3p33_reuse00_seed1,NEAREST_KV,182,17152.582201,253.590649,0.0,1039.066968,4.456408999999212,18449.696227,783.8521217939608,2.1168539256599672e-05,38504.56884309687,284.1877689999112,18445.239818000002,39572.608755059286,39577.065164059284
input6000_rate3p33_reuse00_seed1,NEAREST_KV,196,17745.366707,511.510039,0.0,1034.500334,0.0,19284.844864,783.4368453190497,2.1168539256599672e-05,38498.72947261589,626.924663801755,19291.377080000002,39909.09100290523,39909.09100290523
input6000_rate3p33_reuse00_seed1,NEAREST_KV,195,18422.447117,26.210085,0.0,759.869014,0.0,19205.630562,783.5510463496503,2.1168539256599672e-05,38491.55678428118,62.887175949269604,19208.526216,39337.995027748635,39337.995027748635
input6000_rate3p33_reuse00_seed1,NEAREST_KV,197,19356.492724,27.257519,0.0,760.589536,0.19946900000127243,20144.539248,783.8659643431245,2.1168539256599672e-05,38503.168035206974,82.17681108195768,20144.339778999998,39369.2108318006,39369.4103008006
input6000_rate3p33_reuse00_seed1,NEAREST_KV,233,20014.301437,27.413839,0.0,759.816184,2.2020250000023225,20803.733485,783.2015219832667,2.1168539256599672e-05,38492.37540042637,59.651931280238344,20801.53146,39335.22887485842,39337.43089985842
input6000_rate3p33_reuse00_seed1,NEAREST_KV,238,20274.62898,27.435535,0.0,761.11615,1.1463399999979629,21064.327005,783.2153645324304,2.1168539256599672e-05,38477.469580182245,56.21670574715735,21063.180665000004,39316.901671630374,39318.04801163037
input6000_rate3p33_reuse00_seed1,NEAREST_KV,219,23857.762641,27.478735,0.0,764.819598,2.0172579999986056,24652.078232,783.606416546305,2.1168539256599672e-05,38489.28860321578,65.56722098319965,24650.060974,39338.46226191382,39340.47951991382
input6000_rate3p33_reuse00_seed1,NEAREST_KV,245,25155.769235,27.442287,0.0,761.880353,7.262529000001791,25952.354404,783.236128356176,2.1168539256599672e-05,38494.878075631306,66.28920806846806,25945.091875000002,39344.40343322449,39351.66596222449
input6000_rate3p33_reuse00_seed1,NEAREST_KV,264,23628.78936,27.247119,0.0,762.233037,2.9557560000008607,24421.225272,783.1669156103574,2.1168539256599672e-05,38497.22662959608,63.16488157263011,24418.269516,39343.55844794761,39346.51420394761
input6000_rate3p33_reuse00_seed1,NEAREST_KV,246,26243.046383,27.417935,0.0,773.275597,0.5281249999983402,27044.26804,783.2222858070122,2.1168539256599672e-05,38498.052467780784,73.77194708419621,27043.739915000002,39355.04672184053,39355.57484684053
input6000_rate3p33_reuse00_seed1,NEAREST_KV,258,24078.199312,267.52815,0.0,770.195497,2.3840870000010455,25118.307046,783.2465102680487,2.1168539256599672e-05,38488.09842406731,259.1567531371617,25115.922959,39530.501708641066,39532.885795641065
input6000_rate3p33_reuse00_seed1,NEAREST_KV,270,23287.721419,27.201039,0.0,758.302779,0.7336109999970404,24073.958848,783.3676325732312,2.1168539256599672e-05,38467.095774611545,59.03013320575231,24073.225237000002,39309.493561559066,39310.22717255906
input6000_rate3p33_reuse00_seed1,NEAREST_KV,244,25068.729109,27.490863,0.0,761.117345,2.7543710000005603,25860.091688,783.7344601260693,2.1168539256599672e-05,38489.56625397563,68.47132732765716,25857.337316999998,39341.7720625979,39344.5264335979
input6000_rate3p33_reuse00_seed1,NEAREST_KV,241,23750.777658,27.525775,0.0,762.816213,1.5183070000023235,24542.637953,783.9074919906157,2.1168539256599672e-05,38492.18437344504,64.44021197319371,24541.119645999996,39340.53209857739,39342.05040557739
input6000_rate3p33_reuse00_seed1,NEAREST_KV,275,25324.695142,27.243983,0.0,762.516803,2.3078840000006267,26116.763812,783.5856527225595,2.1168539256599672e-05,38495.22320561481,61.597432259863226,26114.455928,39340.40631176578,39342.71419576578
input6000_rate3p33_reuse00_seed1,NEAREST_KV,287,27072.871077,27.386639,0.0,773.621902,3.9912529999994604,27877.870871,783.3330262003219,2.1168539256599672e-05,38480.84179915161,59.159674471270236,27873.879618,39323.334520991746,39327.325773991746
input6000_rate3p33_reuse00_seed1,NEAREST_KV,295,27595.25421,27.411119,0.0,760.006803,5.58436100000165,28388.256493,783.9282558143611,2.1168539256599672e-05,38482.38422321962,53.54815567748814,28382.672132,39319.86065588001,39325.44501688001
input6000_rate3p33_reuse00_seed1,NEAREST_KV,7,0.0,0.13911,0.0,676.342498,1.1368683772161603e-13,676.481608,783.5925739971414,2.1168539256599672e-05,0.0,63.023321165023034,676.4816079999999,846.6159163307036,846.6159163307037
input6000_rate3p33_reuse00_seed1,NEAREST_KV,31,0.0,11.8747,0.0,706.07198,0.0,717.94668,783.1184666882845,2.1168539256599672e-05,0.0,68.08424728470075,717.94668,851.2027351415245,851.2027351415245
input6000_rate3p33_reuse00_seed1,NEAREST_KV,26,0.0,9.832922,0.0,695.666028,0.0,705.49895,783.9005707160338,2.1168539256599672e-05,0.0,60.71020147802504,705.49895,844.6107933625981,844.6107933625981
input6000_rate3p33_reuse00_seed1,NEAREST_KV,29,0.0,4.008867,0.0,700.41721,0.0,704.426077,783.9524802753976,2.1168539256599672e-05,0.0,62.739096182733476,704.426077,846.6915976266704,846.6915976266704
input6000_rate3p33_reuse00_seed1,NEAREST_KV,47,0.0,14.038515,0.0,710.150702,0.0,724.189217,783.2534315426306,2.1168539256599672e-05,0.0,63.03542489841855,724.189217,846.2888776095883,846.2888776095883
input6000_rate3p33_reuse00_seed1,NEAREST_KV,38,0.0,12.982509,0.0,710.393646,0.0,723.376155,783.9974685601798,2.1168539256599672e-05,0.0,67.01710574353086,723.376155,851.0145954722499,851.0145954722499
input6000_rate3p33_reuse00_seed1,NEAREST_KV,62,0.0,433.627317,0.0,970.50966,0.0,1404.136977,783.3053411019945,2.1168539256599672e-05,0.0,274.2962625447721,1404.1369770000001,1057.601624815306,1057.601624815306
input6000_rate3p33_reuse00_seed1,NEAREST_KV,79,0.0,1.191885,0.0,730.084866,0.0,731.276751,783.2707347290852,2.1168539256599672e-05,0.0,62.87345602086795,731.276751,846.1442119184925,846.1442119184925
input6000_rate3p33_reuse00_seed1,NEAREST_KV,61,0.0,11.624593,0.0,730.424873,0.0,742.049466,783.9144132651975,2.1168539256599672e-05,0.0,59.40098430313775,742.049466,843.3154187368744,843.3154187368744
input6000_rate3p33_reuse00_seed1,NEAREST_KV,101,0.0,94.156278,0.0,754.23873,0.0,848.395008,783.0146475695567,2.1168539256599672e-05,0.0,258.12760048042685,848.3950080000001,1041.1422692185229,1041.1422692185229
input6000_rate3p33_reuse00_seed1,NEAREST_KV,86,0.0,0.558865,0.0,735.428725,0.0,735.98759,783.9040313533247,2.1168539256599672e-05,0.0,55.959239411127655,735.98759,839.8632919329916,839.8632919329916
input6000_rate3p33_reuse00_seed1,NEAREST_KV,108,0.0,26.339913,0.0,761.50983,0.0,787.849743,783.229207081594,2.1168539256599672e-05,0.04004821343176809,62.93170729469783,787.849743,846.2009837582629,846.2009837582629
input6000_rate3p33_reuse00_seed1,NEAREST_KV,104,0.0,14.521771,0.0,761.991165,0.0,776.512936,783.5475857123593,2.1168539256599672e-05,0.022977191538990544,58.35651862505911,776.512936,841.9271026974966,841.9271026974966
input6000_rate3p33_reuse00_seed1,NEAREST_KV,99,0.0,10.439211,0.0,736.136501,0.0,746.575712,784.7761119506381,2.1168539256599672e-05,0.0,52.69479952007602,746.575712,837.4709326392534,837.4709326392534
input6000_rate3p33_reuse00_seed1,NEAREST_KV,149,0.0,3.478653,0.0,734.675694,0.0,738.154347,783.2603528172124,2.1168539256599672e-05,0.0,58.46590519455266,738.154347,841.7262791803043,841.7262791803043
input6000_rate3p33_reuse00_seed1,NEAREST_KV,181,0.0,21.153919,0.0,743.233123,0.0,764.387042,783.2153645324304,2.1168539256599672e-05,0.0,68.6873376755558,764.387042,851.9027233765255,851.9027233765255
input6000_rate3p33_reuse00_seed1,NEAREST_KV,161,0.0,78.315764,0.0,994.79055,1.1368683772161603e-13,1073.106314,783.8002122345969,2.1168539256599672e-05,0.0,272.44382244786584,1073.106314,1056.244055851002,1056.244055851002
input6000_rate3p33_reuse00_seed1,NEAREST_KV,157,0.0,10.975691,0.0,746.421322,0.0,757.397013,783.9317164516522,2.1168539256599672e-05,0.0,59.33621367037878,757.397013,843.2679512905702,843.2679512905702
input6000_rate3p33_reuse00_seed1,NEAREST_KV,169,0.0,13.101341,0.0,740.558645,0.0,753.659986,783.8209760583425,2.1168539256599672e-05,0.0,64.19715892600681,753.659986,848.0181561528885,848.0181561528885
input6000_rate3p33_reuse00_seed1,NEAREST_KV,175,0.0,4.322325,0.0,742.452744,0.0,746.775069,783.8971100787428,2.1168539256599672e-05,0.0,63.912168141867376,746.775069,847.8092993891494,847.8092993891494
input6000_rate3p33_reuse00_seed1,NEAREST_KV,208,0.0,17.441811,0.0,748.861996,0.0,766.303807,783.7171569396147,2.1168539256599672e-05,0.0,54.435555641939104,766.303807,838.152733750093,838.152733750093
input6000_rate3p33_reuse00_seed1,NEAREST_KV,224,0.0,17.828562,0.0,741.228422,0.0,759.056984,783.1253879628663,2.1168539256599672e-05,0.0,57.81091370618407,759.056984,840.9363228375896,840.9363228375896
input6000_rate3p33_reuse00_seed1,NEAREST_KV,243,0.0,0.796619,0.0,714.474295,0.0,715.270914,783.2603528172124,2.1168539256599672e-05,0.0,60.786310042329625,715.270914,844.0466840280812,844.0466840280812
input6000_rate3p33_reuse00_seed1,NEAREST_KV,250,0.0,15.951953,0.0,717.184513,0.0,733.136466,783.2326677188851,2.1168539256599672e-05,0.0,64.27335208161779,733.136466,847.5060409690421,847.5060409690421
input6000_rate3p33_reuse00_seed1,NEAREST_KV,262,0.0,11.018303,0.0,726.847571,0.0,737.865874,783.9005707160338,2.1168539256599672e-05,0.0,60.6130032332334,737.865874,844.5135951178065,844.5135951178065
input6000_rate3p33_reuse00_seed1,NEAREST_KV,1,0.0,0.184905,0.0,676.342498,1.1368683772161603e-13,676.527403,783.6687080175417,2.1168539256599672e-05,0.0,62.738330380883596,676.5274029999999,846.4070595669646,846.4070595669647
input6000_rate3p33_reuse00_seed1,NEAREST_KV,19,0.0,456.288155,0.0,970.085905,1.1368683772161603e-13,1426.37406,783.7656058616876,2.1168539256599672e-05,0.0,624.825414089821,1426.37406,1408.591041120048,1408.591041120048
input6000_rate3p33_reuse00_seed1,NEAREST_KV,18,0.0,10.557183,0.0,708.393135,0.0,718.950318,783.8659643431245,2.1168539256599672e-05,0.0,60.83974274354297,718.950318,844.7057282552067,844.7057282552067
input6000_rate3p33_reuse00_seed1,NEAREST_KV,21,0.0,185.320024,0.0,938.730666,0.0,1124.05069,783.9040313533247,2.1168539256599672e-05,0.0,283.2202111738682,1124.05069,1067.1242636957322,1067.1242636957322
input6000_rate3p33_reuse00_seed1,NEAREST_KV,48,0.0,15.890562,0.0,717.194674,0.0,733.085236,783.2084432578486,2.1168539256599672e-05,0.0,65.42703514657718,733.085236,848.635499572965,848.635499572965
input6000_rate3p33_reuse00_seed1,NEAREST_KV,42,0.0,8.659554,0.0,717.76997,1.1368683772161603e-13,726.429524,783.3710932105221,2.1168539256599672e-05,0.0,61.43478217176913,726.4295239999999,844.8058965508304,844.8058965508305
input6000_rate3p33_reuse00_seed1,NEAREST_KV,33,0.0,1.482419,0.0,710.625774,0.0,712.108193,783.8971100787428,2.1168539256599672e-05,0.0,60.62595735978519,712.108193,844.5230886070673,844.5230886070673
input6000_rate3p33_reuse00_seed1,NEAREST_KV,58,0.0,3.739867,0.0,723.97201,0.0,727.711877,783.8971100787428,2.1168539256599672e-05,0.0,61.68896153888204,727.711877,845.586092786164,845.586092786164
input6000_rate3p33_reuse00_seed1,NEAREST_KV,66,0.0,13.484297,0.0,729.742914,0.0,743.227211,783.8971100787428,2.1168539256599672e-05,0.0,67.95968162451453,743.227211,851.8568128717966,851.8568128717966
input6000_rate3p33_reuse00_seed1,NEAREST_KV,81,0.0,23.022,0.0,736.020149,0.0,759.042149,783.9005707160338,2.1168539256599672e-05,0.0,55.972193537679445,759.042149,839.8727854222525,839.8727854222525
input6000_rate3p33_reuse00_seed1,NEAREST_KV,85,0.0,15.857904,0.0,744.400536,0.0,760.25844,783.9005707160338,2.1168539256599672e-05,0.0,62.242913623311935,760.25844,846.143505507885,846.143505507885
input6000_rate3p33_reuse00_seed1,NEAREST_KV,109,0.0,2.006743,0.0,729.076922,0.0,731.083665,783.049253942466,2.1168539256599672e-05,0.0,60.41630933810047,731.083665,843.4655844491057,843.4655844491057
input6000_rate3p33_reuse00_seed1,NEAREST_KV,120,0.0,6.615262,0.0,738.141797,0.0,744.757059,783.094242227248,2.1168539256599672e-05,0.0,64.69431889889783,744.757059,847.788582294685,847.788582294685
input6000_rate3p33_reuse00_seed1,NEAREST_KV,117,0.0,13.521394,0.0,739.281615,0.0,752.803009,783.4160814953041,2.1168539256599672e-05,0.0,61.26637852659583,752.803009,844.6824811904391,844.6824811904391
input6000_rate3p33_reuse00_seed1,NEAREST_KV,177,0.0,61.159832,0.0,994.103322,0.0,1055.263154,783.0354113933022,2.1168539256599672e-05,0.0,282.96751815440996,1055.263154,1066.0029507162515,1066.0029507162515
input6000_rate3p33_reuse00_seed1,NEAREST_KV,155,0.0,11.995948,0.0,726.435257,0.0,738.431205,783.3434081121947,2.1168539256599672e-05,0.0,70.12954011759294,738.431205,853.4729693983269,853.4729693983269
input6000_rate3p33_reuse00_seed1,NEAREST_KV,174,0.0,151.145668,0.0,1022.042117,1.1368683772161603e-13,1173.187785,783.3122623765763,2.1168539256599672e-05,0.0,279.7924756744045,1173.187785,1063.10475921952,1063.10475921952
input6000_rate3p33_reuse00_seed1,NEAREST_KV,154,0.0,2.018067,0.0,713.849793,0.0,715.86786,783.6860112039964,2.1168539256599672e-05,0.0,59.19295247645917,715.86786,842.8789848489948,842.8789848489948
input6000_rate3p33_reuse00_seed1,NEAREST_KV,166,0.0,13.570686,0.0,735.742732,0.0,749.313418,783.9040313533247,2.1168539256599672e-05,0.0,62.823255709666945,749.3134180000001,846.727308231531,846.727308231531
input6000_rate3p33_reuse00_seed1,NEAREST_KV,172,0.0,5.584325,0.0,749.07592,0.0,754.660245,783.9144132651975,2.1168539256599672e-05,0.0,65.0075999329969,754.660245,848.9220343667337,848.9220343667337
input6000_rate3p33_reuse00_seed1,NEAREST_KV,191,0.0,19.028883,0.0,737.155933,0.0,756.184816,783.890188804161,2.1168539256599672e-05,0.0,60.55466736809714,756.184816,844.4448773407973,844.4448773407973
input6000_rate3p33_reuse00_seed1,NEAREST_KV,211,0.0,22.616964,0.0,743.38559,0.0,766.002554,783.3676325732312,2.1168539256599672e-05,0.0,55.74392242367013,766.002554,839.1115761654405,839.1115761654405
input6000_rate3p33_reuse00_seed1,NEAREST_KV,223,0.0,16.809261,0.0,747.185614,0.0,763.994875,783.1496124239028,2.1168539256599672e-05,0.0,58.78323899941837,763.994875,841.9328725918605,841.9328725918605
input6000_rate3p33_reuse00_seed1,NEAREST_KV,232,0.0,24.170537,0.0,744.89747,0.0,769.068007,783.9247951770702,2.1168539256599672e-05,0.0,57.04171707570539,769.068007,840.9665334213149,840.9665334213149
input6000_rate3p33_reuse00_seed1,NEAREST_KV,236,0.0,20.774037,0.0,742.78342,0.0,763.557457,783.9109526279066,2.1168539256599672e-05,0.0,57.09353358191257,763.557457,841.0045073783584,841.0045073783584
input6000_rate3p33_reuse00_seed1,NEAREST_KV,263,0.0,7.065096,0.0,744.950916,0.0,752.016012,783.0700177662115,2.1168539256599672e-05,0.0,61.40158875788656,752.016012,844.4716276926374,844.4716276926374
input6000_rate3p33_reuse00_seed1,NEAREST_KV,268,0.0,13.791106,0.0,738.699315,0.0,752.490421,783.1703762476484,2.1168539256599672e-05,0.0,61.02591908788459,752.490421,844.1963165040722,844.1963165040722
input6000_rate3p33_reuse00_seed1,NEAREST_KV,251,0.0,2.423438,0.0,741.893634,0.0,744.317072,783.8832675295791,2.1168539256599672e-05,0.0,58.35736901821538,744.317072,842.2406577163338,842.2406577163338
input6000_rate3p33_reuse00_seed1,NEAREST_KV,283,0.0,1.772227,0.0,735.007109,0.0,736.779336,783.5994952717232,2.1168539256599672e-05,0.0,60.57980981935084,736.7793360000001,844.1793262596133,844.1793262596133
input6000_rate3p33_reuse00_seed1,NEAREST_KV,289,0.0,9.734324,0.0,736.094721,0.0,745.829045,783.9005707160338,2.1168539256599672e-05,0.0,58.292598385456415,745.8290450000001,842.1931902700295,842.1931902700295
input6000_rate3p33_reuse00_seed1,NEAREST_KV,4,0.0,0.158929,0.0,676.342498,1.1368683772161603e-13,676.501427,783.7413814006511,2.1168539256599672e-05,0.0,62.46629372329595,676.5014269999999,846.2076962924863,846.2076962924864
input6000_rate3p33_reuse00_seed1,NEAREST_KV,11,0.0,0.47118,0.0,694.323116,0.0,694.794296,783.9178739024884,2.1168539256599672e-05,0.0,64.0288398721399,694.794296,847.9467349431676,847.9467349431676
input6000_rate3p33_reuse00_seed1,NEAREST_KV,23,0.0,7.743663,0.0,706.083532,0.0,713.827195,783.3088017392854,2.1168539256599672e-05,0.0,63.98836129747835,713.827195,847.297184205303,847.297184205303
input6000_rate3p33_reuse00_seed1,NEAREST_KV,16,0.0,11.071715,0.0,700.00313,0.0,711.074845,783.7379207633602,2.1168539256599672e-05,0.0,63.5422520289446,711.0748450000001,847.280193960844,847.280193960844
input6000_rate3p33_reuse00_seed1,NEAREST_KV,27,0.0,14.131229,0.0,710.441006,0.0,724.572235,783.187679434103,2.1168539256599672e-05,0.0,63.2815533029026,724.572235,846.4692539055449,846.4692539055449
input6000_rate3p33_reuse00_seed1,NEAREST_KV,80,0.0,0.311492,0.0,699.473818,0.0,699.78531,783.0665571289205,2.1168539256599672e-05,0.0,69.43876160686611,699.7853100000001,852.5053399043259,852.5053399043259
input6000_rate3p33_reuse00_seed1,NEAREST_KV,90,0.0,210.354804,0.0,952.769172,0.0,1163.123976,783.3088017392854,2.1168539256599672e-05,0.0,283.5395198139914,1163.123976,1066.8483427218162,1066.8483427218162
input6000_rate3p33_reuse00_seed1,NEAREST_KV,100,0.0,2.465646,0.0,730.795314,0.0,733.26096,783.045793305175,2.1168539256599672e-05,0.0,68.25908569749674,733.26096,851.3049001712111,851.3049001712111
input6000_rate3p33_reuse00_seed1,NEAREST_KV,74,0.0,0.000354,0.0,676.342498,0.0,676.342852,783.8936494414519,2.1168539256599672e-05,0.0,61.8963121550171,676.342852,845.7899827650083,845.7899827650083
input6000_rate3p33_reuse00_seed1,NEAREST_KV,77,0.0,5.561507,0.0,693.93438,0.0,699.495887,783.9178739024884,2.1168539256599672e-05,0.0,262.6762848875454,699.495887,1046.594179958573,1046.594179958573
input6000_rate3p33_reuse00_seed1,NEAREST_KV,105,0.0,13.359231,0.0,745.824568,0.0,759.183799,783.1772975222302,2.1168539256599672e-05,0.0,65.4464240407517,759.183799,848.6237427315211,848.6237427315211
input6000_rate3p33_reuse00_seed1,NEAREST_KV,95,0.0,13.191575,0.0,716.584562,0.0,729.776137,783.5095187021591,2.1168539256599672e-05,0.0,64.30002613657126,729.7761370000001,847.8095660072696,847.8095660072696
input6000_rate3p33_reuse00_seed1,NEAREST_KV,89,0.0,10.750698,0.0,718.684879,0.0,729.435577,783.9005707160338,2.1168539256599672e-05,0.0,68.54002371086953,729.435577,852.4406155954426,852.4406155954426
input6000_rate3p33_reuse00_seed1,NEAREST_KV,122,0.0,7.169865,0.0,760.835895,0.0,768.00576,783.1288486001572,2.1168539256599672e-05,0.00944339443565034,59.923967937825964,768.00576,843.0622811009581,843.0622811009581
input6000_rate3p33_reuse00_seed1,NEAREST_KV,103,0.0,221.485179,0.0,745.723488,0.0,967.208667,783.9040313533247,2.1168539256599672e-05,0.0,266.9310448965219,967.208667,1050.8350974183859,1050.8350974183859
input6000_rate3p33_reuse00_seed1,NEAREST_KV,126,4075.990896,27.442287,0.0,761.465324,0.0,4854.281567,783.0561752170478,2.1168539256599672e-05,38481.22228904034,60.19600459541361,4864.898507,39324.47449002134,39324.47449002134
input6000_rate3p33_reuse00_seed1,NEAREST_KV,113,0.0,20.616539,0.0,755.59952,0.0,776.216059,783.9040313533247,2.1168539256599672e-05,0.0,61.56585504098679,776.216059,845.4699075628508,845.4699075628508
input6000_rate3p33_reuse00_seed1,NEAREST_KV,148,4876.274954,27.551183,0.0,764.062453,0.0,5666.134194,783.1011635018298,2.1168539256599672e-05,38460.39879397636,56.64419192336648,5667.8885900000005,39300.1441705701,39300.1441705701
input6000_rate3p33_reuse00_seed1,NEAREST_KV,173,1026.150841,27.506991,0.0,761.172324,0.0,1813.628922,783.2395889934669,2.1168539256599672e-05,38460.322607467206,52.74261783442098,1814.830156,39296.30483546363,39296.30483546363
input6000_rate3p33_reuse00_seed1,NEAREST_KV,139,4578.196746,27.573871,0.0,766.366642,1.4247220000002017,5373.561981,783.9074919906157,2.1168539256599672e-05,38476.89584462028,53.62588043679888,5372.137258999999,39314.42923821623,39315.853960216235
input6000_rate3p33_reuse00_seed1,NEAREST_KV,176,1289.944968,27.416559,0.0,761.89369,3.155903000000194,2082.41112,783.8763462549973,2.1168539256599672e-05,38478.76562857021,61.173390085286016,2079.255217,39323.81538607903,39326.97128907903
input6000_rate3p33_reuse00_seed1,NEAREST_KV,210,0.0,13.401461,0.0,738.149978,0.0,751.551439,783.0596358543387,2.1168539256599672e-05,0.0,59.21724453455661,751.5514390000001,842.2769015574346,842.2769015574346
input6000_rate3p33_reuse00_seed1,NEAREST_KV,214,0.0,21.974952,0.0,730.855191,0.0,752.830143,783.0388720305932,2.1168539256599672e-05,0.0,64.90158492372652,752.830143,847.940478122859,847.940478122859
input6000_rate3p33_reuse00_seed1,NEAREST_KV,212,0.0,8.848182,0.0,731.579788,0.0,740.42797,783.2326677188851,2.1168539256599672e-05,0.0,61.95294723384082,740.42797,845.1856361212651,845.1856361212651
input6000_rate3p33_reuse00_seed1,NEAREST_KV,218,0.0,130.956278,0.0,738.03837,0.0,868.994648,783.4091602207222,2.1168539256599672e-05,0.0,265.4000759665543,868.994648,1048.8092573558158,1048.8092573558158
input6000_rate3p33_reuse00_seed1,NEAREST_KV,231,0.0,474.049118,0.0,985.635255,0.0,1459.684373,783.0700177662115,2.1168539256599672e-05,0.027292410104043253,276.9651745199948,1459.684373,1060.0625058648498,1060.0625058648498
input6000_rate3p33_reuse00_seed1,NEAREST_KV,230,0.0,12.025016,0.0,775.354658,0.0,787.379674,783.3537900240674,2.1168539256599672e-05,0.0,63.62556116272175,787.379674,846.9793723553285,846.9793723553285
input6000_rate3p33_reuse00_seed1,NEAREST_KV,227,0.0,23.06641,0.0,744.246053,0.0,767.312463,783.7898303227241,2.1168539256599672e-05,0.0,63.153543641084454,767.312463,846.9433951323479,846.9433951323479
input6000_rate3p33_reuse00_seed1,NEAREST_KV,247,0.0,4.872338,0.0,763.599313,0.0,768.471651,783.1288486001572,2.1168539256599672e-05,0.0,54.31735230796677,768.4716510000001,837.4462220766633,837.4462220766633
input6000_rate3p33_reuse00_seed1,NEAREST_KV,35,0.0,13.648895,0.0,693.948268,0.0,707.597163,783.329565563031,2.1168539256599672e-05,0.0,73.66196389546556,707.597163,856.9915506270358,856.9915506270358
input6000_rate3p33_reuse00_seed1,NEAREST_KV,40,0.0,7.29089,0.0,699.696954,0.0,706.987844,783.1080847764117,2.1168539256599672e-05,0.0,69.28331208824461,706.987844,852.3914180331956,852.3914180331956
input6000_rate3p33_reuse00_seed1,NEAREST_KV,46,0.0,7.954116,0.0,705.677452,0.0,713.631568,783.3018804647036,2.1168539256599672e-05,0.0,70.7810876043296,713.631568,854.0829892375724,854.0829892375724
input6000_rate3p33_reuse00_seed1,NEAREST_KV,30,0.0,0.021093,0.0,676.342498,1.1368683772161603e-13,676.363591,783.938637726234,2.1168539256599672e-05,0.0,61.7279085098438,676.3635909999999,845.666567404617,845.6665674046171
input6000_rate3p33_reuse00_seed1,NEAREST_KV,64,0.0,410.91791,0.0,991.367235,0.0,1402.285145,783.1530730611937,2.1168539256599672e-05,0.0,276.1109407840627,1402.285145,1059.2640350137956,1059.2640350137956
input6000_rate3p33_reuse00_seed1,NEAREST_KV,63,0.0,11.684401,0.0,723.674968,0.0,735.359369,783.7829090481423,2.1168539256599672e-05,0.0,61.05344353599433,735.359369,844.8363737526759,844.8363737526759
input6000_rate3p33_reuse00_seed1,NEAREST_KV,82,0.0,17.553934,0.0,729.678946,0.0,747.23288,783.3918570342676,2.1168539256599672e-05,0.0,65.80347061842906,747.23288,849.1953488212359,849.1953488212359
input6000_rate3p33_reuse00_seed1,NEAREST_KV,67,0.0,961.527046,0.0,960.89569,0.0,1922.422736,783.8971100787428,2.1168539256599672e-05,0.0,836.9358052517035,1922.422736,1620.8329364989854,1620.8329364989854
input6000_rate3p33_reuse00_seed1,NEAREST_KV,94,0.0,9.400152,0.0,730.33741,0.0,739.737562,783.9074919906157,2.1168539256599672e-05,0.0,57.10648770846436,739.737562,841.0140008676193,841.0140008676193
input6000_rate3p33_reuse00_seed1,NEAREST_KV,110,0.0,0.801893,0.0,718.101394,0.0,718.903287,783.2153645324304,2.1168539256599672e-05,0.0,58.63430883972596,718.903287,841.8496945406956,841.8496945406956
input6000_rate3p33_reuse00_seed1,NEAREST_KV,115,0.0,15.852517,0.0,724.186954,0.0,740.039471,783.322644288449,2.1168539256599672e-05,0.0,67.88686002912671,740.039471,851.209525486115,851.209525486115
input6000_rate3p33_reuse00_seed1,NEAREST_KV,129,0.0,69.966,0.0,750.646269,0.0,820.612269,783.2153645324304,2.1168539256599672e-05,0.0,259.35868899970706,820.612269,1042.5740747006766,1042.5740747006766
input6000_rate3p33_reuse00_seed1,NEAREST_KV,132,0.0,165.026476,0.0,1004.872333,0.0,1169.898809,783.7690664989785,2.1168539256599672e-05,0.0,270.07101624480856,1169.898809,1053.8401039123264,1053.8401039123264
input6000_rate3p33_reuse00_seed1,NEAREST_KV,127,0.0,8.154463,0.0,734.359358,0.0,742.513821,783.8971100787428,2.1168539256599672e-05,0.0,58.30555251200822,742.513821,842.2026837592903,842.2026837592903
input6000_rate3p33_reuse00_seed1,NEAREST_KV,143,0.0,24.105584,0.0,749.497141,0.0,773.602725,783.9040313533247,2.1168539256599672e-05,0.0,61.56585504098679,773.6027250000001,845.4699075628508,845.4699075628508
input6000_rate3p33_reuse00_seed1,NEAREST_KV,179,0.0,22.494753,0.0,750.311036,1.1368683772161603e-13,772.805789,783.8417398820881,2.1168539256599672e-05,0.0,53.96920708607459,772.8057889999999,837.810968136702,837.8109681367021
input6000_rate3p33_reuse00_seed1,NEAREST_KV,187,0.0,8.480426,0.0,740.676576,1.1368683772161603e-13,749.157002,783.8971100787428,2.1168539256599672e-05,0.0,58.30555251200822,749.1570019999999,842.2026837592903,842.2026837592904
input6000_rate3p33_reuse00_seed1,NEAREST_KV,203,0.0,6.463969,0.0,739.870953,0.0,746.334922,783.3468687494856,2.1168539256599672e-05,0.0,58.14205203075785,746.334922,841.4889419487827,841.4889419487827
input6000_rate3p33_reuse00_seed1,NEAREST_KV,216,0.0,444.335778,0.0,996.934034,0.0,1441.269812,783.1323092374481,2.1168539256599672e-05,0.0,274.9439688723617,1441.269812,1058.076299278349,1058.076299278349
input6000_rate3p33_reuse00_seed1,NEAREST_KV,215,0.0,20.732134,0.0,747.803454,0.0,768.535588,783.6375622819234,2.1168539256599672e-05,0.0,60.43731442728112,768.535588,844.0748978777438,844.0748978777438
input6000_rate3p33_reuse00_seed1,NEAREST_KV,226,0.0,4.808201,0.0,735.782674,0.0,740.590875,783.9109526279066,2.1168539256599672e-05,0.0,61.637145032674866,740.5908750000001,845.5481188291207,845.5481188291207
input6000_rate3p33_reuse00_seed1,NEAREST_KV,252,0.0,7.07634,0.0,728.472606,0.0,735.548946,783.281116640958,2.1168539256599672e-05,0.0,58.38818043524191,735.548946,841.6693182447391,841.6693182447391
input6000_rate3p33_reuse00_seed1,NEAREST_KV,254,0.0,88.410501,0.0,745.730478,1.1368683772161603e-13,834.140979,783.281116640958,2.1168539256599672e-05,0.0,260.103774524865,834.1409789999999,1043.3849123343623,1043.3849123343625
input6000_rate3p33_reuse00_seed1,NEAREST_KV,261,0.0,9.579442,0.0,736.058756,0.0,745.638198,783.2638134545034,2.1168539256599672e-05,0.0,65.21976912174851,745.638198,848.4836037447911,848.4836037447911
input6000_rate3p33_reuse00_seed1,NEAREST_KV,277,0.0,4.431528,0.0,733.691302,1.1368683772161603e-13,738.12283,783.1011635018298,2.1168539256599672e-05,0.0,64.66841064579424,738.1228299999999,847.7695953161633,847.7695953161634
input6000_rate3p33_reuse00_seed1,NEAREST_KV,286,0.0,6.804461,0.0,757.759111,1.1368683772161603e-13,764.563572,783.3157230138672,2.1168539256599672e-05,0.0,61.54484995180616,764.5635719999999,844.8605941342126,844.8605941342128
input6000_rate3p33_reuse00_seed1,NEAREST_KV,292,0.0,13.566937,0.0,760.412414,0.0,773.979351,783.2257464443031,2.1168539256599672e-05,0.0,64.10486384513807,773.9793510000001,847.3306314579804,847.3306314579804
input6000_rate3p33_reuse00_seed1,NEAREST_KV,266,0.0,12.132244,0.0,736.405937,0.0,748.538181,783.8763462549973,2.1168539256599672e-05,0.0,65.15009532506662,748.538181,849.0264627486032,849.0264627486032
input6000_rate3p33_reuse00_seed1,NEAREST_KV,280,0.0,215.932895,0.0,740.100426,0.0,956.033321,783.6375622819234,2.1168539256599672e-05,0.0,264.54510361413605,956.033321,1048.1826870645987,1048.1826870645987
input6000_rate3p33_reuse00_seed1,NEAREST_KV,298,0.0,11.04537,0.0,757.310867,0.0,768.356237,783.8971100787428,2.1168539256599672e-05,0.0,58.20835426721655,768.3562370000001,842.1054855144986,842.1054855144986
input6000_rate3p33_reuse00_seed1,NEAREST_KV,2,0.0,0.201515,0.0,676.342498,0.0,676.544013,783.0769390407934,2.1168539256599672e-05,0.0,64.95348602124007,676.544013,848.0304462305727,848.0304462305727
input6000_rate3p33_reuse00_seed1,NEAREST_KV,10,0.0,8.146827,0.0,694.182924,0.0,702.329751,783.2949591901217,2.1168539256599672e-05,0.0,66.3605826514625,702.329751,849.6555630101235,849.6555630101235
input6000_rate3p33_reuse00_seed1,NEAREST_KV,13,0.0,14.647212,0.0,699.909658,0.0,714.55687,783.1323092374481,2.1168539256599672e-05,0.0,69.19263320238205,714.55687,852.3249636083694,852.3249636083694
input6000_rate3p33_reuse00_seed1,NEAREST_KV,71,0.0,12.822495,0.0,694.076268,0.0,706.898763,783.2257464443031,2.1168539256599672e-05,0.0,66.61966518249834,706.898763,849.8454327953407,849.8454327953407
input6000_rate3p33_reuse00_seed1,NEAREST_KV,69,0.0,0.02689,0.0,676.342498,0.0,676.369388,783.6029559090141,2.1168539256599672e-05,0.0,62.984458785367664,676.369388,846.587435862921,846.587435862921
input6000_rate3p33_reuse00_seed1,NEAREST_KV,98,0.0,0.975081,0.0,700.817274,0.0,701.792355,783.8382792447971,2.1168539256599672e-05,0.0,59.7831733320688,701.792355,843.6214737454052,843.6214737454052
input6000_rate3p33_reuse00_seed1,NEAREST_KV,118,0.0,11.024509,0.0,694.884652,1.1368683772161603e-13,705.909161,783.1288486001572,2.1168539256599672e-05,0.0,63.598971699074724,705.9091609999999,846.7278414677712,846.7278414677713
input6000_rate3p33_reuse00_seed1,NEAREST_KV,124,0.0,18.82378,0.0,700.369978,0.0,719.193758,783.2499709053396,2.1168539256599672e-05,0.0,65.3687838727473,719.1937579999999,848.6187759466262,848.6187759466262
input6000_rate3p33_reuse00_seed1,NEAREST_KV,135,0.0,361.666546,0.0,953.86098,1.1368683772161603e-13,1315.527526,783.2741953663761,2.1168539256599672e-05,0.0,276.90224302576166,1315.527526,1060.1764595606771,1060.1764595606774
input6000_rate3p33_reuse00_seed1,NEAREST_KV,134,0.0,11.357638,0.0,719.629679,0.0,730.987317,783.8763462549973,2.1168539256599672e-05,0.0,61.86388454298442,730.987317,845.740251966521,845.740251966521
input6000_rate3p33_reuse00_seed1,NEAREST_KV,147,0.0,17.091402,0.0,717.134642,0.0,734.226044,783.6894718412873,2.1168539256599672e-05,0.0,63.626411555878065,734.226044,847.3159045657046,847.3159045657046
input6000_rate3p33_reuse00_seed1,NEAREST_KV,199,0.0,173.194381,0.0,731.237886,0.0,904.432267,783.0181082068476,2.1168539256599672e-05,0.0,265.46291109931707,904.432267,1048.481040474704,1048.481040474704
input6000_rate3p33_reuse00_seed1,NEAREST_KV,198,0.0,4.370259,0.0,731.288852,0.0,735.659111,783.0354113933022,2.1168539256599672e-05,0.0,63.85153487118146,735.659111,846.8869674330228,846.8869674330228
input6000_rate3p33_reuse00_seed1,NEAREST_KV,206,0.0,12.856052,0.0,727.551141,0.0,740.407193,783.0630964916296,2.1168539256599672e-05,0.0,65.97110846175246,740.407193,849.0342261219214,849.0342261219214
input6000_rate3p33_reuse00_seed1,NEAREST_KV,189,0.0,11.407008,0.0,725.789206,0.0,737.196214,783.8140547837606,2.1168539256599672e-05,0.0,57.55344737015439,737.196214,841.3675233224543,841.3675233224543
input6000_rate3p33_reuse00_seed1,NEAREST_KV,221,0.0,19.37545,0.0,725.742468,0.0,745.117918,783.281116640958,2.1168539256599672e-05,0.0,62.931791886004206,745.117918,846.2129296955014,846.2129296955014
input6000_rate3p33_reuse00_seed1,NEAREST_KV,229,0.0,10.032694,0.0,733.420381,0.0,743.453075,783.3572506613584,2.1168539256599672e-05,0.0,63.70980528096162,743.453075,847.0670771108593,847.0670771108593
input6000_rate3p33_reuse00_seed1,NEAREST_KV,222,0.0,18.792498,0.0,724.60501,0.0,743.397508,783.8971100787428,2.1168539256599672e-05,0.0,66.8966774454177,743.397508,850.7938086926997,850.7938086926997
input6000_rate3p33_reuse00_seed1,NEAREST_KV,256,0.0,605.198672,0.0,1026.618993,0.0,1631.817665,783.0388720305932,2.1168539256599672e-05,0.0,314.04263871402173,1631.817665,1097.0815319131543,1097.0815319131543
input6000_rate3p33_reuse00_seed1,NEAREST_KV,257,0.0,689.867768,0.0,1005.503708,1.1368683772161603e-13,1695.371476,783.2638134545034,2.1168539256599672e-05,0.0,307.90841033449635,1695.3714759999998,1091.172244957539,1091.172244957539
input6000_rate3p33_reuse00_seed1,NEAREST_KV,242,0.0,20.568876,0.0,739.647083,0.0,760.215959,783.7379207633602,2.1168539256599672e-05,0.0,57.74123990950217,760.215959,841.4791818414017,841.4791818414017
input6000_rate3p33_reuse00_seed1,NEAREST_KV,255,0.0,207.871484,0.0,1018.082935,0.0,1225.954419,783.4333846817588,2.1168539256599672e-05,0.0,272.5722631913441,1225.9544190000001,1056.0056690416422,1056.0056690416422
input6000_rate3p33_reuse00_seed1,NEAREST_KV,253,0.0,12.821794,0.0,749.846989,0.0,762.668783,783.5372038004865,2.1168539256599672e-05,0.0,59.652781673394614,762.668783,843.1900066424204,843.1900066424204
input6000_rate3p33_reuse00_seed1,NEAREST_KV,276,0.0,23.614985,0.0,757.840999,0.0,781.455984,783.5718101733958,2.1168539256599672e-05,0.0,53.819426533225894,781.4559840000001,837.3912578751609,837.3912578751609
input6000_rate3p33_reuse00_seed1,NEAREST_KV,293,0.0,0.287535,0.0,741.936801,0.0,742.224336,783.1253879628663,2.1168539256599672e-05,0.0,58.87391788528092,742.224336,841.9993270166865,841.9993270166865
input6000_rate3p33_reuse00_seed1,NEAREST_KV,299,0.0,11.655148,0.0,747.645132,0.0,759.30028,783.8002122345969,2.1168539256599672e-05,0.0,56.34786320768143,759.30028,840.1480966108176,840.1480966108176
input6000_rate3p33_reuse00_seed1,NEAREST_MIGRATE,24,0.0,0.013245,0.0,676.342498,0.0,676.355743,783.1150060509935,2.1168539256599672e-05,0.0,65.49259069628148,676.355743,848.6076179158143,848.6076179158143
input6000_rate3p33_reuse00_seed1,NEAREST_MIGRATE,54,0.0,0.009401,0.0,676.342498,0.0,676.351899,783.9005707160338,2.1168539256599672e-05,0.0,62.55200396902465,676.351899,846.4525958535977,846.4525958535977
input6000_rate3p33_reuse00_seed1,NEAREST_MIGRATE,72,0.0,7.675104,0.0,694.664524,0.0,702.339628,783.1980613459757,2.1168539256599672e-05,0.0,67.40489826202383,702.3396280000001,850.6029807765387,850.6029807765387
input6000_rate3p33_reuse00_seed1,NEAREST_MIGRATE,96,0.0,15.168251,0.0,701.053626,0.0,716.221877,783.9074919906157,2.1168539256599672e-05,0.0,60.2056908681441,716.2218770000001,844.113204027299,844.113204027299
input6000_rate3p33_reuse00_seed1,NEAREST_MIGRATE,102,0.0,2.286077,0.0,706.671148,0.0,708.957225,783.8971100787428,2.1168539256599672e-05,0.0,62.467759850784816,708.957225,846.3648910980669,846.3648910980669
input6000_rate3p33_reuse00_seed1,NEAREST_MIGRATE,116,0.0,13.72958,0.0,700.200122,0.0,713.929702,783.2776560036671,2.1168539256599672e-05,0.0,65.94675092744411,713.929702,849.2244280996505,849.2244280996505
input6000_rate3p33_reuse00_seed1,NEAREST_MIGRATE,128,0.0,10.746681,0.0,719.864655,1.1368683772161603e-13,730.611336,783.2914985528307,2.1168539256599672e-05,0.0,64.73473199734846,730.6113359999999,848.0262517187184,848.0262517187185
input6000_rate3p33_reuse00_seed1,NEAREST_MIGRATE,153,0.0,821.612051,0.0,983.872905,1.1368683772161603e-13,1805.484956,783.0284901187204,2.1168539256599672e-05,0.0,845.1463157950388,1805.4849559999998,1628.1748270822984,1628.1748270822986
input6000_rate3p33_reuse00_seed1,NEAREST_MIGRATE,138,0.0,3.962464,0.0,717.296498,0.0,721.258962,783.2914985528307,2.1168539256599672e-05,0.0,65.79773617644533,721.258962,849.0892558978153,849.0892558978153
input6000_rate3p33_reuse00_seed1,NEAREST_MIGRATE,150,0.0,1.633644,0.0,735.784158,0.0,737.417802,783.2880379155398,2.1168539256599672e-05,0.0,68.03389690598246,737.417802,851.3219559900615,851.3219559900615
input6000_rate3p33_reuse00_seed1,NEAREST_MIGRATE,151,0.0,206.843315,0.0,1005.311502,1.1368683772161603e-13,1212.154817,783.5475857123593,2.1168539256599672e-05,0.0,279.5931951359937,1212.154817,1063.1408020168922,1063.1408020168924
input6000_rate3p33_reuse00_seed1,NEAREST_MIGRATE,130,0.0,277.340986,0.0,954.12786,0.0,1231.468846,783.9213345397793,2.1168539256599672e-05,0.0,271.77801240081385,1231.468846,1055.6993681091324,1055.6993681091324
input6000_rate3p33_reuse00_seed1,NEAREST_MIGRATE,184,0.0,7.314134,0.0,750.623593,0.0,757.937727,783.2395889934669,2.1168539256599672e-05,0.0,54.58442032542058,757.937727,837.8240304874267,837.8240304874267
input6000_rate3p33_reuse00_seed1,NEAREST_MIGRATE,201,0.0,269.416022,0.0,1030.034698,1.528299000000061,1300.979019,783.2672740917943,2.1168539256599672e-05,14765.437555688897,257.03362729911674,1299.4507199999998,15805.73847824835,15807.26677724835
input6000_rate3p33_reuse00_seed1,NEAREST_MIGRATE,200,0.0,15.554652,0.0,773.043963,0.0,788.598615,783.3399474749037,2.1168539256599672e-05,0.0,57.59215968229245,788.598615,840.9321283257354,840.9321283257354
input6000_rate3p33_reuse00_seed1,NEAREST_MIGRATE,188,0.0,25.91722,0.0,753.917046,6.671448999999939,786.505715,783.9074919906157,2.1168539256599672e-05,14000.583540131309,49.79066141653013,779.8342660000001,14834.281714706995,14840.953163706994
input6000_rate3p33_reuse00_seed1,NEAREST_MIGRATE,190,0.0,24.998751,0.0,766.284206,0.0,791.282957,783.9040313533247,2.1168539256599672e-05,0.0,55.4806370543503,791.282957,839.3846895762143,839.3846895762143
input6000_rate3p33_reuse00_seed1,NEAREST_MIGRATE,204,4461.674972,25.035368,0.0,760.993529,0.14235500000017964,5247.846224,783.9040313533247,2.1168539256599672e-05,38482.164962374205,52.02682214606726,5247.703869,39318.095837042136,39318.23819204214
input6000_rate3p33_reuse00_seed1,NEAREST_MIGRATE,228,0.0,7.859116,0.0,755.395636,1.1368683772161603e-13,763.254752,783.9074919906157,2.1168539256599672e-05,0.0,55.467682927798506,763.2547519999999,839.3751960869535,839.3751960869536
input6000_rate3p33_reuse00_seed1,NEAREST_MIGRATE,259,0.0,10.475413,0.0,716.478642,0.0,726.954055,783.6098771835959,2.1168539256599672e-05,0.0,58.99934090382128,726.954055,842.6092392559565,842.6092392559565
input6000_rate3p33_reuse00_seed1,NEAREST_MIGRATE,269,0.0,86.114101,0.0,729.501814,0.0,815.615915,783.4403059563406,2.1168539256599672e-05,0.0,265.55532165675163,815.615915,1048.9956487816314,1048.9956487816314
input6000_rate3p33_reuse00_seed1,NEAREST_MIGRATE,281,0.0,119.594854,0.0,730.377122,1.1368683772161603e-13,849.971976,783.2568921799215,2.1168539256599672e-05,0.0,267.64287153158637,849.971976,1050.899784880047,1050.8997848800473
input6000_rate3p33_reuse00_seed1,NEAREST_MIGRATE,278,0.0,1.411612,0.0,732.78087,0.0,734.192482,783.3122623765763,2.1168539256599672e-05,0.0,69.10342044400839,734.192482,852.4157039891239,852.4157039891239
input6000_rate3p33_reuse00_seed1,NEAREST_MIGRATE,285,0.0,23.785143,0.0,739.15149,4.229716000000053,767.166349,783.3849357596857,2.1168539256599672e-05,18139.03494671923,60.83395742737538,762.9366329999999,18983.25386107483,18987.483577074832
input6000_rate3p33_reuse00_seed1,NEAREST_MIGRATE,267,0.0,5.055994,0.0,722.880328,0.0,727.936322,783.8971100787428,2.1168539256599672e-05,0.0,62.467759850784816,727.936322,846.3648910980669,846.3648910980669
input6000_rate3p33_reuse00_seed1,NEAREST_MIGRATE,297,0.0,6.283235,0.0,747.540136,0.0,753.823371,783.51297933945,2.1168539256599672e-05,0.0,58.10465577859134,753.823371,841.6176562865805,841.6176562865805
input6000_rate3p33_reuse00_seed1,NEAREST_MIGRATE,3,0.0,0.327114,0.0,689.692786,0.0,690.0199,783.2119038951395,2.1168539256599672e-05,0.0,65.1298751528313,690.0199,848.34180021651,848.34180021651
input6000_rate3p33_reuse00_seed1,NEAREST_MIGRATE,6,0.0,32.862248,0.0,927.033461,0.0,959.895709,783.2015219832667,2.1168539256599672e-05,0.0,278.2065607366218,959.895709,1061.4081038884278,1061.4081038884278
input6000_rate3p33_reuse00_seed1,NEAREST_MIGRATE,12,0.0,9.168882,0.0,699.77529,0.0,708.944172,783.3157230138672,2.1168539256599672e-05,0.0,69.18766456224822,708.9441720000001,852.5034087446547,852.5034087446547
input6000_rate3p33_reuse00_seed1,NEAREST_MIGRATE,17,0.0,0.958041,0.0,705.955564,0.0,706.913605,783.229207081594,2.1168539256599672e-05,0.0,64.96790627528073,706.913605,848.1971345254141,848.1971345254141
input6000_rate3p33_reuse00_seed1,NEAREST_MIGRATE,22,0.0,16.643434,0.0,710.228142,0.0,726.871576,783.9005707160338,2.1168539256599672e-05,0.0,64.67801232721837,726.871576,848.5786042117915,848.5786042117915
input6000_rate3p33_reuse00_seed1,NEAREST_MIGRATE,41,0.0,6.048069,0.0,706.835724,0.0,712.883793,783.8209760583425,2.1168539256599672e-05,0.0,59.369341608050426,712.8837930000001,843.1903388349322,843.1903388349322
input6000_rate3p33_reuse00_seed1,NEAREST_MIGRATE,60,0.0,9.351936,0.0,700.779962,0.0,710.131898,783.2603528172124,2.1168539256599672e-05,0.0,62.62811253332926,710.131898,845.8884865190809,845.8884865190809
input6000_rate3p33_reuse00_seed1,NEAREST_MIGRATE,76,0.0,17.66706,0.0,706.932204,0.0,724.599264,783.1080847764117,2.1168539256599672e-05,0.0,65.42130070459345,724.599264,848.5294066495444,848.5294066495444
input6000_rate3p33_reuse00_seed1,NEAREST_MIGRATE,87,0.0,220.357404,0.0,970.578556,0.0,1190.93596,783.1011635018298,2.1168539256599672e-05,0.0,286.5564876148338,1190.93596,1069.6576722852028,1069.6576722852028
input6000_rate3p33_reuse00_seed1,NEAREST_MIGRATE,93,0.0,17.186317,0.0,731.341006,0.0,748.527323,783.1219273255754,2.1168539256599672e-05,0.0,68.65569498046847,748.527323,851.7776434745831,851.7776434745831
input6000_rate3p33_reuse00_seed1,NEAREST_MIGRATE,97,0.0,10.678376,0.0,749.000651,1.1368683772161603e-13,759.679027,783.1565336984846,2.1168539256599672e-05,0.0,70.7493603179359,759.6790269999999,853.9059151849598,853.9059151849599
input6000_rate3p33_reuse00_seed1,NEAREST_MIGRATE,84,0.0,156.241286,0.0,730.477193,0.0,886.718479,783.9005707160338,2.1168539256599672e-05,0.0,262.8412088957212,886.7184790000001,1046.7418007802944,1046.7418007802944
input6000_rate3p33_reuse00_seed1,NEAREST_MIGRATE,83,0.0,6.830604,0.0,711.033742,0.0,717.864346,783.9178739024884,2.1168539256599672e-05,0.0,61.22983266758558,717.864346,845.1477277386132,845.1477277386132
input6000_rate3p33_reuse00_seed1,NEAREST_MIGRATE,125,0.0,204.547174,0.0,741.040897,0.0,945.588071,783.0700177662115,2.1168539256599672e-05,0.0,260.58436238199346,945.588071,1043.6544013167443,1043.6544013167443
input6000_rate3p33_reuse00_seed1,NEAREST_MIGRATE,123,0.0,16.115245,0.0,743.194939,1.1368683772161603e-13,759.310184,783.0977028645389,2.1168539256599672e-05,0.0,58.59614678570956,759.3101839999999,841.6938708187877,841.6938708187878
input6000_rate3p33_reuse00_seed1,NEAREST_MIGRATE,142,0.0,2.151394,0.0,741.186268,0.0,743.337662,783.0769390407934,2.1168539256599672e-05,0.0,62.05728057189412,743.337662,845.1342407812267,845.1342407812267
input6000_rate3p33_reuse00_seed1,NEAREST_MIGRATE,152,0.0,8.25569,0.0,733.960396,1.1368683772161603e-13,742.216086,783.184218796812,2.1168539256599672e-05,0.0,61.65570264878857,742.2160859999999,844.8399426141399,844.83994261414
input6000_rate3p33_reuse00_seed1,NEAREST_MIGRATE,162,0.0,20.439333,0.0,733.285125,0.0,753.724458,783.1011635018298,2.1168539256599672e-05,0.0,65.3500107129054,753.724458,848.4511953832745,848.4511953832745
input6000_rate3p33_reuse00_seed1,NEAREST_MIGRATE,167,0.0,6.81491,0.0,740.77559,0.0,747.5905,783.1669156103574,2.1168539256599672e-05,0.0,71.37460239405385,747.5905,854.5415391729505,854.5415391729505
input6000_rate3p33_reuse00_seed1,NEAREST_MIGRATE,213,0.0,9.340262,0.0,723.14124,7.494118999999955,739.975621,783.1496124239028,2.1168539256599672e-05,16575.707717898764,58.42862725081506,732.4815020000001,17417.28597874202,17424.78009774202
input6000_rate3p33_reuse00_seed1,NEAREST_MIGRATE,207,0.0,19.980324,0.0,722.312265,1.9636409999999387,744.25623,783.9074919906157,2.1168539256599672e-05,17608.285052002982,56.75187595986105,742.292589,18448.944441122,18450.908082121998
input6000_rate3p33_reuse00_seed1,NEAREST_MIGRATE,209,0.0,2.815553,0.0,725.126973,0.0,727.942526,783.9040313533247,2.1168539256599672e-05,0.0,59.05844257080741,727.942526,842.9624950926714,842.9624950926714
input6000_rate3p33_reuse00_seed1,NEAREST_MIGRATE,220,0.0,6.834307,0.0,713.969748,0.0,720.804055,783.6929324785782,2.1168539256599672e-05,0.0,62.07185089345208,720.804055,845.7648045405696,845.7648045405696
input6000_rate3p33_reuse00_seed1,NEAREST_MIGRATE,239,0.0,262.618227,0.0,979.343426,1.1368683772161603e-13,1241.961653,783.1461517866119,2.1168539256599672e-05,0.0,275.5737524332657,1241.961653,1058.7199253884169,1058.7199253884169
input6000_rate3p33_reuse00_seed1,NEAREST_MIGRATE,225,0.0,9.958357,0.0,720.258456,0.0,730.216813,783.8590430685426,2.1168539256599672e-05,0.0,64.83346184583988,730.216813,848.6925260829217,848.6925260829217
input6000_rate3p33_reuse00_seed1,NEAREST_MIGRATE,237,0.0,12.947386,0.0,735.332985,0.0,748.280371,783.9040313533247,2.1168539256599672e-05,0.0,60.12144674990427,748.2803710000001,844.0254992717682,844.0254992717682
input6000_rate3p33_reuse00_seed1,NEAREST_MIGRATE,273,0.0,2.427943,0.0,756.936755,0.0,759.364698,783.0527145797569,2.1168539256599672e-05,0.0,57.60434800699437,759.364698,840.6570837552905,840.6570837552905
input6000_rate3p33_reuse00_seed1,NEAREST_MIGRATE,249,0.0,15.033481,0.0,738.201354,0.0,753.234835,783.9144132651975,2.1168539256599672e-05,0.0,61.145588549345746,753.2348350000001,845.0600229830825,845.0600229830825
input6000_rate3p33_reuse00_seed1,NEAREST_MIGRATE,279,0.0,171.366013,0.0,755.029983,0.0,926.395996,783.2188251697213,2.1168539256599672e-05,0.0,243.60460120217863,926.395996,1026.8234475404392,1026.8234475404392
input6000_rate3p33_reuse00_seed1,NEAREST_MIGRATE,282,0.0,14.664839,0.0,774.061282,0.0,788.726121,783.7240782141965,2.1168539256599672e-05,0.0035557830628263017,69.19178977442367,788.726121,852.9194449402223,852.9194449402223
input6000_rate3p33_reuse00_seed1,NEAREST_MIGRATE,274,0.0,451.171002,0.0,1005.502614,0.0,1456.673616,783.9074919906157,2.1168539256599672e-05,0.0,266.8510422229742,1456.673616,1050.758555382129,1050.758555382129
input6000_rate3p33_reuse00_seed1,NEAREST_MIGRATE,0,0.0,0.0,0.0,676.342498,0.0,676.342498,783.5199006140319,2.1168539256599672e-05,0.0,63.97695788972179,676.342498,847.496879672293,847.496879672293
input6000_rate3p33_reuse00_seed1,NEAREST_MIGRATE,8,0.0,5.068858,0.0,693.993324,0.0,699.062182,783.8936494414519,2.1168539256599672e-05,0.0,72.23204133463457,699.062182,856.1257119446257,856.1257119446257
input6000_rate3p33_reuse00_seed1,NEAREST_MIGRATE,32,0.0,19.070525,0.0,701.455802,1.1368683772161603e-13,720.526327,783.2845772782489,2.1168539256599672e-05,0.0,62.53743364746671,720.5263269999999,845.8220320942548,845.822032094255
input6000_rate3p33_reuse00_seed1,NEAREST_MIGRATE,57,0.0,3.307164,0.0,716.41285,0.0,719.720014,783.0630964916296,2.1168539256599672e-05,0.0,70.03611755573743,719.720014,853.0992352159063,853.0992352159063
input6000_rate3p33_reuse00_seed1,NEAREST_MIGRATE,39,0.0,11.020187,0.0,700.742394,0.0,711.762581,783.658326105669,2.1168539256599672e-05,0.0,64.52179700674697,711.762581,848.1801442809551,848.1801442809551
input6000_rate3p33_reuse00_seed1,NEAREST_MIGRATE,43,0.0,19.468382,0.0,719.646671,0.0,739.115053,783.8209760583425,2.1168539256599672e-05,0.0,66.13615966179809,739.115053,849.9571568886798,849.9571568886798
input6000_rate3p33_reuse00_seed1,NEAREST_MIGRATE,44,0.0,388.560098,0.0,953.885108,2.2737367544323206e-13,1342.445206,783.9005707160338,2.1168539256599672e-05,0.0,278.62255521387226,1342.4452059999999,1062.5231470984454,1062.5231470984456
input6000_rate3p33_reuse00_seed1,NEAREST_MIGRATE,50,0.0,10.513498,0.0,717.071602,0.0,727.5851,783.8971100787428,2.1168539256599672e-05,0.0,66.91417305675552,727.5851,850.8113043040375,850.8113043040375
input6000_rate3p33_reuse00_seed1,NEAREST_MIGRATE,78,0.0,14.852187,0.0,723.70897,0.0,738.561157,783.1323092374481,2.1168539256599672e-05,0.0,61.85001454706544,738.561157,844.9823449530528,844.9823449530528
input6000_rate3p33_reuse00_seed1,NEAREST_MIGRATE,137,0.0,0.012868,0.0,676.342498,0.0,676.355366,783.0561752170478,2.1168539256599672e-05,0.0,65.71281084766197,676.355366,848.769007233249,848.769007233249
input6000_rate3p33_reuse00_seed1,NEAREST_MIGRATE,140,0.0,7.168448,0.0,694.00718,0.0,701.175628,783.0181082068476,2.1168539256599672e-05,0.0,68.07851284271703,701.175628,851.0966422181039,851.0966422181039
input6000_rate3p33_reuse00_seed1,NEAREST_MIGRATE,171,0.0,17.414605,0.0,710.807004,0.0,728.221609,783.9040313533247,2.1168539256599672e-05,0.0,60.21864499469589,728.2216090000001,844.1226975165599,844.1226975165599
input6000_rate3p33_reuse00_seed1,NEAREST_MIGRATE,202,0.0,9.544763,0.0,722.343809,0.0,731.888572,783.2395889934669,2.1168539256599672e-05,0.0,64.92904389562534,731.888572,848.1686540576316,848.1686540576316
input6000_rate3p33_reuse00_seed1,NEAREST_MIGRATE,186,0.0,16.757681,0.0,721.747014,0.0,738.504695,783.8971100787428,2.1168539256599672e-05,0.0,62.467759850784816,738.5046950000001,846.3648910980669,846.3648910980669
input6000_rate3p33_reuse00_seed1,NEAREST_MIGRATE,194,0.0,4.737661,0.0,720.168954,0.0,724.906615,783.6410229192143,2.1168539256599672e-05,0.0,64.58656763950593,724.906615,848.2276117272595,848.2276117272595
input6000_rate3p33_reuse00_seed1,NEAREST_MIGRATE,234,0.0,19.31917,0.0,713.813976,0.0,733.133146,783.7309994887784,2.1168539256599672e-05,0.0,59.70614889839702,733.133146,843.4371695557146,843.4371695557146
input6000_rate3p33_reuse00_seed1,NEAREST_MIGRATE,240,0.0,20.635627,0.0,728.626736,0.0,749.262363,783.7725271362694,2.1168539256599672e-05,0.0,61.77390598276086,749.262363,845.5464542875695,845.5464542875695
input6000_rate3p33_reuse00_seed1,NEAREST_MIGRATE,296,0.0,73.269111,0.0,976.004424,1.1368683772161603e-13,1049.273535,783.0665571289205,2.1168539256599672e-05,0.0,279.2551063708308,1049.273535,1062.3216846682906,1062.3216846682908
input6000_rate3p33_reuse00_seed1,NEAREST_MIGRATE,294,0.0,2.745398,0.0,1013.938016,0.0,1016.683414,783.090781589957,2.1168539256599672e-05,0.0,277.0257151291061,1016.683414,1060.1165178876024,1060.1165178876024
input6000_rate3p33_reuse00_seed1,NEAREST_MIGRATE,272,0.0,2.378132,0.0,712.069777,0.0,714.447909,783.8763462549973,2.1168539256599672e-05,0.0,60.32227800711023,714.4479090000001,844.1986454306468,844.1986454306468
input6000_rate3p33_reuse00_seed1,NEAREST_MIGRATE,288,0.0,9.963651,0.0,725.690341,0.0,735.653992,783.3330262003219,2.1168539256599672e-05,0.0,61.19587345185313,735.653992,844.5289208207143,844.5289208207143
input6000_rate3p33_reuse00_seed1,NEAREST_MIGRATE,291,0.0,243.521396,0.0,745.002375,0.0,988.523771,783.606416546305,2.1168539256599672e-05,0.0,261.55011455539176,988.523771,1045.156552270236,1045.156552270236
input6000_rate3p33_reuse00_seed1,NEAREST_MIGRATE,9,0.0,0.023654,0.0,676.342498,1.1368683772161603e-13,676.366152,783.1703762476484,2.1168539256599672e-05,0.0,65.28532467145281,676.3661519999999,848.4557220876404,848.4557220876405
input6000_rate3p33_reuse00_seed1,NEAREST_MIGRATE,15,0.0,13.457007,0.0,694.523244,0.0,707.980251,783.2430496307578,2.1168539256599672e-05,0.0,67.23649461685054,707.980251,850.4795654161476,850.4795654161476
input6000_rate3p33_reuse00_seed1,NEAREST_MIGRATE,36,0.0,266.825877,0.0,977.907775,0.0,1244.733652,783.0354113933022,2.1168539256599672e-05,0.0,276.33896546908437,1244.733652,1059.374398030926,1059.374398030926
input6000_rate3p33_reuse00_seed1,NEAREST_MIGRATE,37,0.0,339.602328,0.0,945.375169,1.1368683772161603e-13,1284.977497,783.0388720305932,2.1168539256599672e-05,0.0,285.89564620791566,1284.977497,1068.934539407048,1068.9345394070483
input6000_rate3p33_reuse00_seed1,NEAREST_MIGRATE,51,0.0,21.711471,0.0,716.96469,0.0,738.676161,783.0873209526661,2.1168539256599672e-05,0.0,63.17862061612725,738.676161,846.2659627373326,846.2659627373326
input6000_rate3p33_reuse00_seed1,NEAREST_MIGRATE,34,0.0,6.994626,0.0,714.242406,0.0,721.237032,783.6963931158691,2.1168539256599672e-05,0.0,60.995892587803425,721.237032,844.6923068722118,844.6923068722118
input6000_rate3p33_reuse00_seed1,NEAREST_MIGRATE,45,0.0,13.82837,0.0,710.181038,1.1368683772161603e-13,724.009408,783.9178739024884,2.1168539256599672e-05,0.0,67.99665072133324,724.0094079999999,851.9145457923609,851.914545792361
input6000_rate3p33_reuse00_seed1,NEAREST_MIGRATE,75,0.0,4.924085,0.0,729.269698,1.1368683772161603e-13,734.193783,783.1703762476484,2.1168539256599672e-05,0.0,71.36164826750206,734.1937829999999,854.5320456836897,854.5320456836898
input6000_rate3p33_reuse00_seed1,NEAREST_MIGRATE,56,0.0,10.350455,0.0,723.31217,0.0,733.662625,783.9074919906157,2.1168539256599672e-05,0.0,62.33169922633781,733.662625,846.2392123854927,846.2392123854927
input6000_rate3p33_reuse00_seed1,NEAREST_MIGRATE,73,0.0,12.588865,0.0,723.542378,0.0,736.131243,783.4541485055042,2.1168539256599672e-05,0.0,60.64528077774877,736.131243,844.0994504517922,844.0994504517922
input6000_rate3p33_reuse00_seed1,NEAREST_MIGRATE,92,0.0,1.629143,0.0,751.147306,0.0,752.776449,783.090781589957,2.1168539256599672e-05,0.0,65.95577930354247,752.776449,849.0465820620387,849.0465820620387
input6000_rate3p33_reuse00_seed1,NEAREST_MIGRATE,91,0.0,16.938114,0.0,735.565301,0.0,752.503415,783.4403059563406,2.1168539256599672e-05,0.0,58.37669243617897,752.503415,841.8170195610588,841.8170195610588
input6000_rate3p33_reuse00_seed1,NEAREST_MIGRATE,112,0.0,336.62289,0.0,993.990934,0.0,1330.613824,783.0803996780843,2.1168539256599672e-05,0.0,271.1917751398642,1330.613824,1054.2721959864878,1054.2721959864878
input6000_rate3p33_reuse00_seed1,NEAREST_MIGRATE,121,0.0,20.484783,0.0,751.61826,0.0,772.103043,783.2430496307578,2.1168539256599672e-05,0.0,72.15261578901126,772.103043,855.3956865883083,855.3956865883083
input6000_rate3p33_reuse00_seed1,NEAREST_MIGRATE,145,0.0,23.370905,0.0,752.907189,0.0,776.278094,783.0388720305932,2.1168539256599672e-05,0.0,58.719168692298354,776.278094,841.7580618914308,841.7580618914308
input6000_rate3p33_reuse00_seed1,NEAREST_MIGRATE,111,0.0,15.366271,0.0,750.59987,0.0,765.966141,783.9074919906157,2.1168539256599672e-05,0.0,55.56488117259017,765.966141,839.4723943317451,839.4723943317451
input6000_rate3p33_reuse00_seed1,NEAREST_MIGRATE,119,0.0,14.510975,0.0,746.143768,0.0,760.654743,783.9005707160338,2.1168539256599672e-05,0.0,60.037202631664414,760.654743,843.9377945162375,843.9377945162375
input6000_rate3p33_reuse00_seed1,NEAREST_MIGRATE,156,0.0,2.665819,0.0,752.513941,0.0,755.17976,783.13923051203,2.1168539256599672e-05,0.0,60.66390387007338,755.1797600000001,843.8031555506427,843.8031555506427
input6000_rate3p33_reuse00_seed1,NEAREST_MIGRATE,133,0.0,0.52241,0.0,757.592251,0.0,758.114661,783.8936494414519,2.1168539256599672e-05,0.0016933377870892389,57.74270603699104,758.1146610000001,841.6380699847692,841.6380699847692
input6000_rate3p33_reuse00_seed1,NEAREST_MIGRATE,183,0.0,218.573055,0.0,760.586653,1.1368683772161603e-13,979.159708,783.1219273255754,2.1168539256599672e-05,3.501506757458199,267.5666357754119,979.1597079999999,1054.1900910269846,1054.1900910269846
input6000_rate3p33_reuse00_seed1,NEAREST_MIGRATE,165,0.0,133.997953,0.0,757.645292,0.0,891.643245,783.7690664989785,2.1168539256599672e-05,0.0,244.9283041073175,891.643245,1028.6973917748353,1028.6973917748353
input6000_rate3p33_reuse00_seed1,NEAREST_MIGRATE,158,0.0,203.571931,0.0,1006.040601,1.1368683772161603e-13,1209.612532,783.8971100787428,2.1168539256599672e-05,0.0,270.2733136295034,1209.612532,1054.1704448767855,1054.1704448767855
input6000_rate3p33_reuse00_seed1,NEAREST_MIGRATE,178,0.0,2.412678,0.0,758.990788,0.0,761.403466,783.9040313533247,2.1168539256599672e-05,0.0,62.24745510809794,761.403466,846.1515076299619,846.1515076299619
input6000_rate3p33_reuse00_seed1,NEAREST_MIGRATE,192,1338.785947,27.368943,0.0,771.717669,0.6736129999998184,2138.546172,783.4333846817588,2.1168539256599672e-05,38511.59432300205,62.849013895253236,2137.872559,39357.876742747605,39358.550355747604
input6000_rate3p33_reuse00_seed1,NEAREST_MIGRATE,193,3728.343941,27.382575,0.0,775.061218,0.0,4530.650051,783.8105941464697,2.1168539256599672e-05,38511.6111394714,72.25134563750267,4530.7877340000005,39367.67310042391,39367.67310042391
input6000_rate3p33_reuse00_seed1,NEAREST_MIGRATE,235,0.0,0.832647,0.0,735.418364,0.0,736.251011,783.1461517866119,2.1168539256599672e-05,0.0,59.57499143787295,736.251011,842.7211643930241,842.7211643930241
input6000_rate3p33_reuse00_seed1,NEAREST_MIGRATE,248,0.0,16.460704,0.0,722.699993,1.1368683772161603e-13,739.160697,783.613337820887,2.1168539256599672e-05,0.0,62.3697958041433,739.1606969999999,845.9831547935695,845.9831547935696
input6000_rate3p33_reuse00_seed1,NEAREST_MIGRATE,265,0.0,5.979768,0.0,731.014476,0.0,736.994244,783.1080847764117,2.1168539256599672e-05,0.0,67.64450730757879,736.994244,850.7526132525297,850.7526132525297
input6000_rate3p33_reuse00_seed1,NEAREST_MIGRATE,260,0.0,4.637959,0.0,723.753038,0.0,728.390997,783.5821920852686,2.1168539256599672e-05,0.0,63.64658536699791,728.390997,847.2287986208058,847.2287986208058
input6000_rate3p33_reuse00_seed1,NEAREST_MIGRATE,290,0.0,20.023874,0.0,734.468395,0.0,754.492269,783.2534315426306,2.1168539256599672e-05,0.0,61.396620117752725,754.492269,844.6500728289225,844.6500728289225
input6000_rate3p33_reuse00_seed1,NEAREST_MIGRATE,271,0.0,5.0253,0.0,731.467308,0.0,736.492608,783.9040313533247,2.1168539256599672e-05,0.0,63.50485577677809,736.492608,847.4089082986421,847.4089082986421
input6000_rate3p33_reuse00_seed1,NEAREST_MIGRATE,284,0.0,21.000471,0.0,731.269486,0.0,752.269957,783.7171569396147,2.1168539256599672e-05,0.0,64.20437861057488,752.269957,847.9215567187289,847.9215567187289
input6000_rate3p33_reuse00_seed1,NEAREST_MIGRATE,5,0.0,0.554672,0.0,676.342498,0.0,676.89717,783.9040313533247,2.1168539256599672e-05,0.0,62.53904984247286,676.89717,846.4431023643368,846.4431023643368
input6000_rate3p33_reuse00_seed1,NEAREST_MIGRATE,14,0.0,11.013597,0.0,694.681324,0.0,705.694921,783.4264634071769,2.1168539256599672e-05,0.0,66.54992590960553,705.694921,849.9764104853217,849.9764104853217
input6000_rate3p33_reuse00_seed1,NEAREST_MIGRATE,25,0.0,18.496072,0.0,706.127852,0.0,724.623924,783.0873209526661,2.1168539256599672e-05,0.0,68.88243449077804,724.623924,851.9697766119834,851.9697766119834
input6000_rate3p33_reuse00_seed1,NEAREST_MIGRATE,20,0.0,16.672456,0.0,700.081274,0.0,716.75373,784.0874451297437,2.1168539256599672e-05,0.0,62.91548531432473,716.75373,847.0029516126077,847.0029516126077
input6000_rate3p33_reuse00_seed1,NEAREST_MIGRATE,28,0.0,18.217087,0.0,710.219534,0.0,728.436621,783.9178739024884,2.1168539256599672e-05,0.0,64.6132416944594,728.436621,848.5311367654871,848.5311367654871
input6000_rate3p33_reuse00_seed1,NEAREST_MIGRATE,52,0.0,7.259283,0.0,736.60867,1.1368683772161603e-13,743.867953,783.0423326678841,2.1168539256599672e-05,0.0,62.18682183741204,743.8679529999999,845.2291756738355,845.2291756738356
input6000_rate3p33_reuse00_seed1,NEAREST_MIGRATE,53,0.0,337.532106,0.0,1006.346862,0.0,1343.878968,783.0769390407934,2.1168539256599672e-05,0.0,274.58813829328983,1343.878968,1057.6650985026224,1057.6650985026224
input6000_rate3p33_reuse00_seed1,NEAREST_MIGRATE,55,0.0,907.177378,0.0,1016.518646,1.1368683772161603e-13,1923.696024,783.184218796812,2.1168539256599672e-05,0.0,837.7965620464605,1923.6960239999999,1620.9808020118116,1620.9808020118116
input6000_rate3p33_reuse00_seed1,NEAREST_MIGRATE,59,0.0,456.230145,0.0,1029.671939,0.0,1485.902084,783.5752708106867,2.1168539256599672e-05,0.0,269.569246272035,1485.902084,1053.1445382512609,1053.1445382512609
input6000_rate3p33_reuse00_seed1,NEAREST_MIGRATE,49,0.0,9.16488,0.0,718.389554,0.0,727.554434,783.9040313533247,2.1168539256599672e-05,0.0,56.73803772303046,727.554434,840.6420902448945,840.6420902448945
input6000_rate3p33_reuse00_seed1,NEAREST_MIGRATE,65,0.0,314.080691,0.0,975.752159,0.0,1289.83285,783.9144132651975,2.1168539256599672e-05,0.0003068758162835069,277.8693767353425,1289.83285,1061.7841180448954,1061.7841180448954
input6000_rate3p33_reuse00_seed1,NEAREST_MIGRATE,70,0.0,13.647139,0.0,753.222684,0.0,766.869823,783.9040313533247,2.1168539256599672e-05,0.004120242146366263,71.23747976483092,766.869823,855.1456525288413,855.1456525288413
input6000_rate3p33_reuse00_seed1,NEAREST_MIGRATE,88,0.0,20.054051,0.0,766.769582,0.0,786.823633,783.7102356650328,2.1168539256599672e-05,0.0002416729154661644,55.04586571736219,786.823633,838.7563642238497,838.7563642238497
input6000_rate3p33_reuse00_seed1,NEAREST_MIGRATE,106,0.0,22.046029,0.0,756.606398,0.0,778.652427,783.9005707160338,2.1168539256599672e-05,0.0,52.11018215402825,778.652427,836.0107740386013,836.0107740386013
input6000_rate3p33_reuse00_seed1,NEAREST_MIGRATE,107,0.0,2.507429,0.0,766.0506,0.0,768.558029,783.890188804161,2.1168539256599672e-05,0.4204066387825895,54.37225113666899,768.558029,838.6828677481518,838.6828677481518
input6000_rate3p33_reuse00_seed1,NEAREST_MIGRATE,136,0.0,19.817834,0.0,749.520015,1.1368683772161603e-13,769.337849,783.0665571289205,2.1168539256599672e-05,0.0,59.775738103772525,769.3378489999999,842.8423164012323,842.8423164012324
input6000_rate3p33_reuse00_seed1,NEAREST_MIGRATE,163,0.0,19.289279,0.0,765.860486,0.0,785.149765,783.0838603153752,2.1168539256599672e-05,0.001443038312694136,278.6924511981229,785.149765,1061.77777572035,1061.77777572035
input6000_rate3p33_reuse00_seed1,NEAREST_MIGRATE,141,0.0,0.736978,0.0,756.33923,0.0,757.076208,783.3537900240674,2.1168539256599672e-05,0.0,62.0839546268476,757.0762080000001,845.4377658194543,845.4377658194543
input6000_rate3p33_reuse00_seed1,NEAREST_MIGRATE,146,0.0,449.286106,0.0,1009.591551,0.0,1458.877657,783.4333846817588,2.1168539256599672e-05,0.010073337713604117,283.71751380868875,1458.877657,1067.1609929967003,1067.1609929967003
input6000_rate3p33_reuse00_seed1,NEAREST_MIGRATE,131,0.0,7.773997,0.0,749.896977,0.0,757.670974,783.748302675233,2.1168539256599672e-05,0.0,55.00056857008413,757.670974,838.7488924138564,838.7488924138564
input6000_rate3p33_reuse00_seed1,NEAREST_MIGRATE,159,0.0,26.955474,0.0,759.46513,0.0,786.420604,783.3987783088495,2.1168539256599672e-05,0.002977373520413211,62.97855516077114,786.420604,846.3803320116804,846.3803320116804
input6000_rate3p33_reuse00_seed1,NEAREST_MIGRATE,180,660.294015,27.217423,0.0,759.163076,6.773056999999881,1453.447571,783.1011635018298,2.1168539256599672e-05,38511.612968807945,74.24283712484673,1446.674514,39368.95699060316,39375.73004760316
input6000_rate3p33_reuse00_seed1,NEAREST_MIGRATE,144,0.0,146.837314,0.0,1030.941084,0.0,1177.778398,783.9074919906157,2.1168539256599672e-05,0.0,272.3731636057101,1177.778398,1056.280676764865,1056.280676764865
input6000_rate3p33_reuse00_seed1,NEAREST_MIGRATE,170,0.0,0.594409,0.0,765.81065,0.0,766.405059,783.9559409126886,2.1168539256599672e-05,0.00011299525139228928,75.09068134920122,766.405059,859.0467564256804,859.0467564256804
input6000_rate3p33_reuse00_seed1,NEAREST_MIGRATE,196,7205.986712,27.421967,0.0,760.124721,0.0,7992.701064,783.4368453190497,2.1168539256599672e-05,38511.61250215698,73.65039130509622,7993.5334,39368.69975994967,39368.69975994967
input6000_rate3p33_reuse00_seed1,NEAREST_MIGRATE,217,4285.229904,27.516399,0.0,757.058736,0.0,5067.657865,783.0700177662115,2.1168539256599672e-05,35734.615953648885,57.44237912944375,5069.805039,36575.12837171309,36575.12837171309
input6000_rate3p33_reuse00_seed1,NEAREST_MIGRATE,195,6972.590549,27.493935,0.0,766.053545,5.677330000000666,7771.815359,783.5510463496503,2.1168539256599672e-05,38511.59478871427,62.40857359249229,7766.138029,39357.554429824944,39363.23175982494
input6000_rate3p33_reuse00_seed1,NEAREST_MIGRATE,233,0.0,129.695223,0.0,762.225173,0.0,891.920396,783.2015219832667,2.1168539256599672e-05,0.7982643835630645,253.2399387956985,891.920396,1037.2397463310676,1037.2397463310676
input6000_rate3p33_reuse00_seed1,NEAREST_MIGRATE,182,10057.94754,27.575791,0.0,766.669993,0.0,10850.477206,783.8521217939608,2.1168539256599672e-05,38511.62327546142,82.24612319950262,10852.193323999998,39377.721541623425,39377.721541623425
input6000_rate3p33_reuse00_seed1,NEAREST_MIGRATE,238,0.0,24.789386,0.0,755.907276,0.0,780.696662,783.2153645324304,2.1168539256599672e-05,0.3242609936466673,56.89830581426848,780.6966620000001,840.4379525088848,840.4379525088848
input6000_rate3p33_reuse00_seed1,NEAREST_MIGRATE,258,0.0,12.42397,0.0,761.906735,0.0,774.330705,783.2465102680487,2.1168539256599672e-05,0.0,68.0921481798123,774.3307050000001,851.3386796164003,851.3386796164003
input6000_rate3p33_reuse00_seed1,NEAREST_MIGRATE,264,0.0,23.161737,0.0,766.690062,0.0,789.851799,783.1669156103574,2.1168539256599672e-05,1.3755986505785236,63.84648163974124,789.851799,848.3890170692164,848.3890170692164
input6000_rate3p33_reuse00_seed1,NEAREST_MIGRATE,244,941.553149,27.299887,0.0,765.450262,0.0,1732.39936,783.7344601260693,2.1168539256599672e-05,38511.55826663383,69.1529273947683,1734.3032979999998,39364.44567532321,39364.44567532321
input6000_rate3p33_reuse00_seed1,NEAREST_MIGRATE,241,0.0,156.916401,0.0,773.850845,0.0,930.767246,783.9074919906157,2.1168539256599672e-05,0.2660584123405631,257.9437252415307,930.7672460000001,1042.117296813026,1042.117296813026
input6000_rate3p33_reuse00_seed1,NEAREST_MIGRATE,275,0.0,6.622403,0.0,770.846261,0.0,777.468664,783.5856527225595,2.1168539256599672e-05,0.6825142528955924,62.27903232697436,777.468664,846.5472204709688,846.5472204709688
input6000_rate3p33_reuse00_seed1,NEAREST_MIGRATE,295,1501.734365,27.549839,0.0,764.038997,8.090859999999907,2301.414061,783.9282558143611,2.1168539256599672e-05,33908.04668658436,54.229755744599274,2293.323201,34746.20471931186,34754.29557931186
input6000_rate3p33_reuse00_seed1,NEAREST_MIGRATE,7,0.0,0.13911,0.0,676.342498,1.1368683772161603e-13,676.481608,783.5925739971414,2.1168539256599672e-05,0.0,63.70492123213417,676.4816079999999,847.2975163978148,847.2975163978149
input6000_rate3p33_reuse00_seed1,NEAREST_MIGRATE,31,0.0,11.8747,0.0,706.07198,0.0,717.94668,783.1184666882845,2.1168539256599672e-05,0.0,68.76584735181191,717.94668,851.8843352086357,851.8843352086357
input6000_rate3p33_reuse00_seed1,NEAREST_MIGRATE,26,0.0,9.832922,0.0,695.666028,0.0,705.49895,783.9005707160338,2.1168539256599672e-05,0.0,61.39180154513619,705.49895,845.2923934297093,845.2923934297093
input6000_rate3p33_reuse00_seed1,NEAREST_MIGRATE,29,0.0,4.008867,0.0,700.41721,0.0,704.426077,783.9524802753976,2.1168539256599672e-05,0.0,63.420696249844625,704.426077,847.3731976937815,847.3731976937815
input6000_rate3p33_reuse00_seed1,NEAREST_MIGRATE,47,0.0,14.038515,0.0,710.150702,0.0,724.189217,783.2534315426306,2.1168539256599672e-05,0.0,63.717024965529696,724.189217,846.9704776766995,846.9704776766995
input6000_rate3p33_reuse00_seed1,NEAREST_MIGRATE,38,0.0,12.982509,0.0,710.393646,0.0,723.376155,783.9974685601798,2.1168539256599672e-05,0.0,67.69870581064201,723.376155,851.696195539361,851.696195539361
input6000_rate3p33_reuse00_seed1,NEAREST_MIGRATE,62,0.0,433.627317,0.0,999.072563,0.0,1432.69988,783.3053411019945,2.1168539256599672e-05,0.0,274.97786261188327,1432.69988,1058.283224882417,1058.283224882417
input6000_rate3p33_reuse00_seed1,NEAREST_MIGRATE,79,0.0,1.761487,0.0,735.040053,1.1368683772161603e-13,736.80154,783.2707347290852,2.1168539256599672e-05,0.0,62.394853664090604,736.8015399999999,845.6656095617151,845.6656095617152
input6000_rate3p33_reuse00_seed1,NEAREST_MIGRATE,61,0.0,11.624593,0.0,730.424873,0.0,742.049466,783.9144132651975,2.1168539256599672e-05,0.0,60.082584370248895,742.049466,843.9970188039856,843.9970188039856
input6000_rate3p33_reuse00_seed1,NEAREST_MIGRATE,68,0.0,633.862632,0.0,969.695778,0.6250320000000329,1604.183442,783.9213345397793,2.1168539256599672e-05,16780.402063171776,306.32450721439585,1603.55841,17870.64792609449,17871.27295809449
input6000_rate3p33_reuse00_seed1,NEAREST_MIGRATE,101,0.0,124.282776,0.0,774.508821,0.0,898.791597,783.0146475695567,2.1168539256599672e-05,0.002928731451324442,257.817986617896,898.791597,1040.8355840874433,1040.8355840874433
input6000_rate3p33_reuse00_seed1,NEAREST_MIGRATE,86,0.0,20.200764,0.0,743.647864,0.0,763.848628,783.9040313533247,2.1168539256599672e-05,0.0,55.4806370543503,763.8486280000001,839.3846895762143,839.3846895762143
input6000_rate3p33_reuse00_seed1,NEAREST_MIGRATE,114,0.0,15.667976,0.0,760.313214,1.6511020000000372,777.632292,783.9144132651975,2.1168539256599672e-05,7014.250849691337,48.604550739538055,775.98119,7846.769834864612,7848.420936864612
input6000_rate3p33_reuse00_seed1,NEAREST_MIGRATE,99,0.0,22.614549,0.0,754.087661,0.0,776.70221,784.7761119506381,2.1168539256599672e-05,0.0,52.21619716329867,776.70221,836.992330282476,836.992330282476
input6000_rate3p33_reuse00_seed1,NEAREST_MIGRATE,149,0.0,12.376447,0.0,734.18131,0.0,746.557757,783.2603528172124,2.1168539256599672e-05,0.0,57.98730283777532,746.557757,841.247676823527,841.247676823527
input6000_rate3p33_reuse00_seed1,NEAREST_MIGRATE,168,0.0,690.511394,0.0,1038.75812,1.9654709999999795,1731.234985,783.1634549730665,2.1168539256599672e-05,16286.718910864683,301.149946204479,1729.269514,17371.03233321077,17372.99780421077
input6000_rate3p33_reuse00_seed1,NEAREST_MIGRATE,160,0.0,92.370094,0.0,1020.452454,2.8014429999999493,1115.623991,783.2880379155398,2.1168539256599672e-05,21130.317613939278,273.99371743125937,1112.822548,22187.599390454616,22190.400833454616
input6000_rate3p33_reuse00_seed1,NEAREST_MIGRATE,181,1378.939954,27.131503,0.0,751.669527,0.0,2157.455675,783.2153645324304,2.1168539256599672e-05,38511.59178908859,67.04853289488996,2157.740984,39361.85570768445,39361.85570768445
input6000_rate3p33_reuse00_seed1,NEAREST_MIGRATE,164,0.0,868.75824,0.0,1029.122714,5.9014320000001135,1903.782386,783.3503293867765,2.1168539256599672e-05,7592.398225812729,846.9401796949865,1897.8809540000002,9222.688756063031,9228.590188063032
input6000_rate3p33_reuse00_seed1,NEAREST_MIGRATE,161,0.0,835.506477,0.0,1023.873,0.0,1859.379477,783.8002122345969,2.1168539256599672e-05,0.0,827.16578932587,1859.379477,1610.966022729006,1610.966022729006
input6000_rate3p33_reuse00_seed1,NEAREST_MIGRATE,169,0.0,1253.815834,0.0,1068.571252,2.2737367544323206e-13,2322.387086,783.8209760583425,2.1168539256599672e-05,0.0,849.7304313012673,2322.3870859999997,1633.551428528149,1633.5514285281492
input6000_rate3p33_reuse00_seed1,NEAREST_MIGRATE,157,0.0,17.400862,0.0,741.581499,0.0,758.982361,783.9317164516522,2.1168539256599672e-05,0.0,61.178016161378416,758.982361,845.1097537815698,845.1097537815698
input6000_rate3p33_reuse00_seed1,NEAREST_MIGRATE,175,0.0,969.939066,0.0,970.505428,0.0,1940.444494,783.8971100787428,2.1168539256599672e-05,3.0901099751764196,817.7767736157259,1940.444494,1604.7640148381843,1604.7640148381843
input6000_rate3p33_reuse00_seed1,NEAREST_MIGRATE,179,10662.20624,27.477519,0.0,765.257473,0.0,11446.160441,783.8417398820881,2.1168539256599672e-05,38407.38779604358,42.109769343378034,11454.941232,39233.339326437585,39233.339326437585
input6000_rate3p33_reuse00_seed1,NEAREST_MIGRATE,185,13274.481739,27.488559,0.0,767.865744,0.0,14068.007141,783.4956761529954,2.1168539256599672e-05,38503.423780694895,81.95089020571601,14069.836042,39368.870368222146,39368.870368222146
input6000_rate3p33_reuse00_seed1,NEAREST_MIGRATE,205,11900.916062,27.527119,0.0,762.085128,6.342566000000261,12696.870875,783.1461517866119,2.1168539256599672e-05,38482.67022303361,54.86377586090977,12690.528309000001,39320.68017184967,39327.02273784967
input6000_rate3p33_reuse00_seed1,NEAREST_MIGRATE,245,586.514034,27.093896,0.0,761.733729,0.7011029999999892,1376.042762,783.236128356176,2.1168539256599672e-05,38470.24367824883,57.91037759743698,1375.3416590000002,39311.39020537098,39312.09130837098
input6000_rate3p33_reuse00_seed1,NEAREST_MIGRATE,246,956.572482,27.351183,0.0,771.108853,0.0,1753.358945,783.2222858070122,2.1168539256599672e-05,38478.12767363409,65.39311661316513,1755.032518,39326.7430972228,39326.7430972228
input6000_rate3p33_reuse00_seed1,NEAREST_MIGRATE,197,11581.513033,27.489807,0.0,764.644659,2.2491800000001376,12375.896679,783.8659643431245,2.1168539256599672e-05,38498.61572584366,73.79798061092657,12373.647498999999,39356.27969196625,39358.52887196625
input6000_rate3p33_reuse00_seed1,NEAREST_MIGRATE,219,8800.828364,27.476047,0.0,768.306339,0.0,9595.192658,783.606416546305,2.1168539256599672e-05,38473.35205689067,57.18839051216854,9596.610750000002,39314.146885117676,39314.146885117676
input6000_rate3p33_reuse00_seed1,NEAREST_MIGRATE,270,1441.90819,27.290415,0.0,773.906386,0.0,2239.920114,783.3676325732312,2.1168539256599672e-05,38438.79237803496,50.65130273472123,2243.104991,39272.811334511454,39272.811334511454
input6000_rate3p33_reuse00_seed1,NEAREST_MIGRATE,287,0.0,20.710263,0.0,768.150372,0.9431059999999434,789.803741,783.3330262003219,2.1168539256599672e-05,11644.354590927454,50.780844000239156,788.860635,12478.468482296556,12479.411588296556
input6000_rate3p33_reuse00_seed1,NEAREST_MIGRATE,262,1408.60441,27.439631,0.0,766.252602,0.006069000000252345,2202.302712,783.9005707160338,2.1168539256599672e-05,38511.49796729539,54.333388757013594,2202.2966429999997,39349.731947936976,39349.73801693698
input6000_rate3p33_reuse00_seed1,NEAREST_MIGRATE,266,1058.053536,26.6586,0.0,759.443324,4.95422700000006,1849.109687,783.8763462549973,2.1168539256599672e-05,38472.52924618034,52.13045515848161,1844.15546,39308.53606876236,39313.49029576236
input6000_rate3p33_reuse00_seed1,NEAREST_MIGRATE,1,0.0,0.184905,0.0,676.342498,1.1368683772161603e-13,676.527403,783.6687080175417,2.1168539256599672e-05,0.0,63.41993044799473,676.5274029999999,847.0886596340757,847.0886596340758
input6000_rate3p33_reuse00_seed1,NEAREST_MIGRATE,19,0.0,456.288155,0.0,970.085905,1.1368683772161603e-13,1426.37406,783.7656058616876,2.1168539256599672e-05,0.0,625.5070141569323,1426.37406,1409.272641187159,1409.272641187159
input6000_rate3p33_reuse00_seed1,NEAREST_MIGRATE,18,0.0,10.557183,0.0,708.393135,0.0,718.950318,783.8659643431245,2.1168539256599672e-05,0.0,61.52134281065412,718.950318,845.3873283223178,845.3873283223178
input6000_rate3p33_reuse00_seed1,NEAREST_MIGRATE,21,0.0,185.320024,0.0,938.730666,0.0,1124.05069,783.9040313533247,2.1168539256599672e-05,0.0,283.9018112409793,1124.05069,1067.8058637628433,1067.8058637628433
input6000_rate3p33_reuse00_seed1,NEAREST_MIGRATE,48,0.0,15.890562,0.0,717.194674,0.0,733.085236,783.2084432578486,2.1168539256599672e-05,0.0,66.10863521368833,733.085236,849.3170996400761,849.3170996400761
input6000_rate3p33_reuse00_seed1,NEAREST_MIGRATE,42,0.0,8.659554,0.0,717.76997,1.1368683772161603e-13,726.429524,783.3710932105221,2.1168539256599672e-05,0.0,62.11638223888028,726.4295239999999,845.4874966179416,845.4874966179417
input6000_rate3p33_reuse00_seed1,NEAREST_MIGRATE,33,0.0,1.482419,0.0,710.625774,0.0,712.108193,783.8971100787428,2.1168539256599672e-05,0.0,61.30755742689634,712.108193,845.2046886741784,845.2046886741784
input6000_rate3p33_reuse00_seed1,NEAREST_MIGRATE,58,0.0,3.739867,0.0,723.97201,0.0,727.711877,783.8971100787428,2.1168539256599672e-05,0.0,62.37056160599319,727.711877,846.2676928532752,846.2676928532752
input6000_rate3p33_reuse00_seed1,NEAREST_MIGRATE,66,0.0,13.484297,0.0,729.742914,0.0,743.227211,783.8971100787428,2.1168539256599672e-05,0.0,68.6412816916257,743.227211,852.5384129389078,852.5384129389078
input6000_rate3p33_reuse00_seed1,NEAREST_MIGRATE,81,0.0,23.022,0.0,736.020149,0.0,759.042149,783.9005707160338,2.1168539256599672e-05,0.0,56.65379360479059,759.042149,840.5543854893637,840.5543854893637
input6000_rate3p33_reuse00_seed1,NEAREST_MIGRATE,85,0.0,15.857904,0.0,744.400536,0.0,760.25844,783.9005707160338,2.1168539256599672e-05,0.0,62.92451369042308,760.25844,846.8251055749962,846.8251055749962
input6000_rate3p33_reuse00_seed1,NEAREST_MIGRATE,109,0.0,2.006743,0.0,729.076922,0.0,731.083665,783.049253942466,2.1168539256599672e-05,0.0,61.09790940521162,731.083665,844.1471845162168,844.1471845162168
input6000_rate3p33_reuse00_seed1,NEAREST_MIGRATE,120,0.0,6.615262,0.0,738.141797,0.0,744.757059,783.094242227248,2.1168539256599672e-05,0.0,65.37591896600898,744.757059,848.4701823617962,848.4701823617962
input6000_rate3p33_reuse00_seed1,NEAREST_MIGRATE,117,0.0,13.521394,0.0,739.281615,0.0,752.803009,783.4160814953041,2.1168539256599672e-05,0.0,61.94797859370698,752.803009,845.3640812575503,845.3640812575503
input6000_rate3p33_reuse00_seed1,NEAREST_MIGRATE,177,0.0,61.159832,0.0,994.103322,0.0,1055.263154,783.0354113933022,2.1168539256599672e-05,0.0,283.6491182215211,1055.263154,1066.6845507833625,1066.6845507833625
input6000_rate3p33_reuse00_seed1,NEAREST_MIGRATE,155,0.0,11.995948,0.0,726.435257,0.0,738.431205,783.3434081121947,2.1168539256599672e-05,0.0,70.81114018470409,738.431205,854.154569465438,854.154569465438
input6000_rate3p33_reuse00_seed1,NEAREST_MIGRATE,174,0.0,151.145668,0.0,1022.042117,1.1368683772161603e-13,1173.187785,783.3122623765763,2.1168539256599672e-05,0.0,280.4740757415156,1173.187785,1063.786359286631,1063.786359286631
input6000_rate3p33_reuse00_seed1,NEAREST_MIGRATE,154,0.0,2.018067,0.0,713.849793,0.0,715.86786,783.6860112039964,2.1168539256599672e-05,0.0,59.87455254357032,715.86786,843.560584916106,843.560584916106
input6000_rate3p33_reuse00_seed1,NEAREST_MIGRATE,166,0.0,13.570686,0.0,735.742732,0.0,749.313418,783.9040313533247,2.1168539256599672e-05,0.0,63.50485577677809,749.3134180000001,847.4089082986421,847.4089082986421
input6000_rate3p33_reuse00_seed1,NEAREST_MIGRATE,172,0.0,5.584325,0.0,749.07592,0.0,754.660245,783.9144132651975,2.1168539256599672e-05,0.0,65.68920000010806,754.660245,849.6036344338448,849.6036344338448
input6000_rate3p33_reuse00_seed1,NEAREST_MIGRATE,191,0.0,19.028883,0.0,737.155933,0.0,756.184816,783.890188804161,2.1168539256599672e-05,0.0,61.23626743520829,756.184816,845.1264774079085,845.1264774079085
input6000_rate3p33_reuse00_seed1,NEAREST_MIGRATE,211,0.0,22.616964,0.0,743.38559,0.0,766.002554,783.3676325732312,2.1168539256599672e-05,0.0,56.425522490781276,766.002554,839.7931762325517,839.7931762325517
input6000_rate3p33_reuse00_seed1,NEAREST_MIGRATE,223,0.0,16.809261,0.0,747.185614,0.0,763.994875,783.1496124239028,2.1168539256599672e-05,0.0,59.46483906652952,763.994875,842.6144726589715,842.6144726589715
input6000_rate3p33_reuse00_seed1,NEAREST_MIGRATE,232,0.0,24.170537,0.0,744.89747,0.0,769.068007,783.9247951770702,2.1168539256599672e-05,0.0,57.72331714281654,769.068007,841.648133488426,841.648133488426
input6000_rate3p33_reuse00_seed1,NEAREST_MIGRATE,236,0.0,20.774037,0.0,742.78342,0.0,763.557457,783.9109526279066,2.1168539256599672e-05,0.0,57.775133649023715,763.557457,841.6861074454696,841.6861074454696
input6000_rate3p33_reuse00_seed1,NEAREST_MIGRATE,263,0.0,7.065096,0.0,744.950916,0.0,752.016012,783.0700177662115,2.1168539256599672e-05,0.0,62.083188824997706,752.016012,845.1532277597485,845.1532277597485
input6000_rate3p33_reuse00_seed1,NEAREST_MIGRATE,268,0.0,13.791106,0.0,738.699315,0.0,752.490421,783.1703762476484,2.1168539256599672e-05,0.0,61.70751915499574,752.490421,844.8779165711834,844.8779165711834
input6000_rate3p33_reuse00_seed1,NEAREST_MIGRATE,251,0.0,2.423438,0.0,741.893634,0.0,744.317072,783.8832675295791,2.1168539256599672e-05,0.0,59.038969085326535,744.317072,842.9222577834449,842.9222577834449
input6000_rate3p33_reuse00_seed1,NEAREST_MIGRATE,283,0.0,1.772227,0.0,735.007109,0.0,736.779336,783.5994952717232,2.1168539256599672e-05,0.0,61.26140988646199,736.7793360000001,844.8609263267244,844.8609263267244
input6000_rate3p33_reuse00_seed1,NEAREST_MIGRATE,289,0.0,9.734324,0.0,736.094721,0.0,745.829045,783.9005707160338,2.1168539256599672e-05,0.0,58.97419845256757,745.8290450000001,842.8747903371407,842.8747903371407
input6000_rate3p33_reuse00_seed1,NEAREST_MIGRATE,4,0.0,0.158929,0.0,676.342498,1.1368683772161603e-13,676.501427,783.7413814006511,2.1168539256599672e-05,0.0,63.14789379040708,676.5014269999999,846.8892963595974,846.8892963595976
input6000_rate3p33_reuse00_seed1,NEAREST_MIGRATE,11,0.0,0.47118,0.0,694.323116,0.0,694.794296,783.9178739024884,2.1168539256599672e-05,0.0,64.71043993925105,694.794296,848.6283350102788,848.6283350102788
input6000_rate3p33_reuse00_seed1,NEAREST_MIGRATE,23,0.0,7.743663,0.0,706.083532,0.0,713.827195,783.3088017392854,2.1168539256599672e-05,0.0,64.6699613645895,713.827195,847.9787842724141,847.9787842724141
input6000_rate3p33_reuse00_seed1,NEAREST_MIGRATE,16,0.0,11.071715,0.0,700.00313,0.0,711.074845,783.7379207633602,2.1168539256599672e-05,0.0,64.22385209605575,711.0748450000001,847.9617940279552,847.9617940279552
input6000_rate3p33_reuse00_seed1,NEAREST_MIGRATE,27,0.0,14.131229,0.0,710.441006,0.0,724.572235,783.187679434103,2.1168539256599672e-05,0.0,63.96315337001376,724.572235,847.150853972656,847.150853972656
input6000_rate3p33_reuse00_seed1,NEAREST_MIGRATE,80,0.0,0.311492,0.0,699.473818,0.0,699.78531,783.0665571289205,2.1168539256599672e-05,0.0,70.12036167397726,699.7853100000001,853.186939971437,853.186939971437
input6000_rate3p33_reuse00_seed1,NEAREST_MIGRATE,90,0.0,210.354804,0.0,952.769172,0.0,1163.123976,783.3088017392854,2.1168539256599672e-05,0.0,284.22111988110254,1163.123976,1067.5299427889272,1067.5299427889272
input6000_rate3p33_reuse00_seed1,NEAREST_MIGRATE,100,0.0,2.465646,0.0,730.795314,0.0,733.26096,783.045793305175,2.1168539256599672e-05,0.0,68.9406857646079,733.26096,851.9865002383222,851.9865002383222
input6000_rate3p33_reuse00_seed1,NEAREST_MIGRATE,74,0.0,0.000354,0.0,676.342498,0.0,676.342852,783.8936494414519,2.1168539256599672e-05,0.0,62.577912222128234,676.342852,846.4715828321193,846.4715828321193
input6000_rate3p33_reuse00_seed1,NEAREST_MIGRATE,77,0.0,5.561507,0.0,693.93438,0.0,699.495887,783.9178739024884,2.1168539256599672e-05,0.0,263.3578849546566,699.495887,1047.2757800256843,1047.2757800256843
input6000_rate3p33_reuse00_seed1,NEAREST_MIGRATE,105,0.0,13.359231,0.0,745.824568,0.0,759.183799,783.1772975222302,2.1168539256599672e-05,0.0,66.12802410786284,759.183799,849.3053427986323,849.3053427986323
input6000_rate3p33_reuse00_seed1,NEAREST_MIGRATE,95,0.0,13.191575,0.0,716.584562,0.0,729.776137,783.5095187021591,2.1168539256599672e-05,0.0,64.98162620368241,729.7761370000001,848.4911660743808,848.4911660743808
input6000_rate3p33_reuse00_seed1,NEAREST_MIGRATE,89,0.0,10.750698,0.0,718.684879,0.0,729.435577,783.9005707160338,2.1168539256599672e-05,0.0,69.22162377798068,729.435577,853.1222156625538,853.1222156625538
input6000_rate3p33_reuse00_seed1,NEAREST_MIGRATE,122,0.0,7.169865,0.0,760.835895,0.0,768.00576,783.1288486001572,2.1168539256599672e-05,0.0006048373528096988,60.6055680049371,768.00576,843.7350426109864,843.7350426109864
input6000_rate3p33_reuse00_seed1,NEAREST_MIGRATE,103,0.0,221.485179,0.0,745.723488,0.0,967.208667,783.9040313533247,2.1168539256599672e-05,0.0,267.612644963633,967.208667,1051.516697485497,1051.516697485497
input6000_rate3p33_reuse00_seed1,NEAREST_MIGRATE,113,0.0,20.616539,0.0,755.59952,0.0,776.216059,783.9040313533247,2.1168539256599672e-05,0.0,62.24745510809794,776.216059,846.1515076299619,846.1515076299619
input6000_rate3p33_reuse00_seed1,NEAREST_MIGRATE,132,2186.451312,25.615053,0.0,761.465324,0.0,2965.086541,783.7690664989785,2.1168539256599672e-05,38437.290515318804,56.57954656423432,2973.5316890000004,39277.63914955056,39277.63914955056
input6000_rate3p33_reuse00_seed1,NEAREST_MIGRATE,173,0.0,20.146676,0.0,745.832718,0.0,765.979394,783.2395889934669,2.1168539256599672e-05,0.0,56.904825173197594,765.979394,840.1444353352038,840.1444353352038
input6000_rate3p33_reuse00_seed1,NEAREST_MIGRATE,176,0.0,74.215392,0.0,753.352565,0.0,827.567957,783.8763462549973,2.1168539256599672e-05,0.0,256.5748369657838,827.567957,1040.4512043893203,1040.4512043893203
input6000_rate3p33_reuse00_seed1,NEAREST_MIGRATE,187,0.0,0.623773,0.0,746.004374,3.759006999999997,750.387154,783.8971100787428,2.1168539256599672e-05,12396.673032450815,48.766519617088655,746.628147,13229.336683315187,13233.095690315187
input6000_rate3p33_reuse00_seed1,NEAREST_MIGRATE,210,0.0,18.758557,0.0,726.738748,0.0,745.497305,783.0596358543387,2.1168539256599672e-05,0.0,61.05904702555624,745.497305,844.1187040484342,844.1187040484342
input6000_rate3p33_reuse00_seed1,NEAREST_MIGRATE,214,0.0,15.563379,0.0,735.879653,0.0,751.443032,783.0388720305932,2.1168539256599672e-05,0.0,65.58318499083767,751.443032,848.6220781899701,848.6220781899701
input6000_rate3p33_reuse00_seed1,NEAREST_MIGRATE,212,0.0,21.255935,0.0,735.607738,0.0,756.863673,783.2326677188851,2.1168539256599672e-05,0.0,62.634547300951965,756.8636730000001,845.8672361883763,845.8672361883763
input6000_rate3p33_reuse00_seed1,NEAREST_MIGRATE,218,0.0,129.569167,0.0,741.967026,0.0,871.536193,783.4091602207222,2.1168539256599672e-05,0.0,266.0816760336655,871.536193,1049.490857422927,1049.490857422927
input6000_rate3p33_reuse00_seed1,NEAREST_MIGRATE,231,0.0,471.089093,0.0,990.33989,0.0,1461.428983,783.0700177662115,2.1168539256599672e-05,0.0018778713202122685,277.64677458710594,1461.428983,1060.7186913931769,1060.7186913931769
input6000_rate3p33_reuse00_seed1,NEAREST_MIGRATE,230,0.0,21.362338,0.0,764.845835,0.0,786.208173,783.3537900240674,2.1168539256599672e-05,0.0,64.3071612298329,786.208173,847.6609724224395,847.6609724224395
input6000_rate3p33_reuse00_seed1,NEAREST_MIGRATE,227,0.0,3.484523,0.0,746.508744,0.0,749.993267,783.7898303227241,2.1168539256599672e-05,0.0,63.8351437081956,749.993267,847.624995199459,847.624995199459
input6000_rate3p33_reuse00_seed1,NEAREST_MIGRATE,247,0.0,16.451867,0.0,765.420568,0.0,781.872435,783.1288486001572,2.1168539256599672e-05,0.0,54.99895237507792,781.872435,838.1278221437743,838.1278221437743
input6000_rate3p33_reuse00_seed1,NEAREST_MIGRATE,280,0.0,3.130255,0.0,735.455093,1.144384999999943,739.729733,783.6375622819234,2.1168539256599672e-05,14658.092652733001,66.2562245195187,738.5853480000001,15507.986460702983,15509.130845702983
input6000_rate3p33_reuse00_seed1,NEAREST_MIGRATE,292,0.0,5.071321,0.0,722.365308,1.7267899999999372,729.163419,783.2257464443031,2.1168539256599672e-05,19278.378171217984,62.687247917437944,727.436629,20124.291186748265,20126.017976748266
input6000_rate3p33_reuse00_seed1,NEAREST_MIGRATE,35,0.0,13.648895,0.0,693.948268,0.0,707.597163,783.329565563031,2.1168539256599672e-05,0.0,74.34356396257671,707.597163,857.673150694147,857.673150694147
input6000_rate3p33_reuse00_seed1,NEAREST_MIGRATE,40,0.0,7.29089,0.0,699.696954,0.0,706.987844,783.1080847764117,2.1168539256599672e-05,0.0,69.96491215535576,706.987844,853.0730181003067,853.0730181003067
input6000_rate3p33_reuse00_seed1,NEAREST_MIGRATE,46,0.0,7.954116,0.0,705.677452,0.0,713.631568,783.3018804647036,2.1168539256599672e-05,0.0,71.46268767144075,713.631568,854.7645893046836,854.7645893046836
input6000_rate3p33_reuse00_seed1,NEAREST_MIGRATE,30,0.0,0.021093,0.0,676.342498,1.1368683772161603e-13,676.363591,783.938637726234,2.1168539256599672e-05,0.0,62.409508576954934,676.3635909999999,846.3481674717282,846.3481674717283
input6000_rate3p33_reuse00_seed1,NEAREST_MIGRATE,64,0.0,410.91791,0.0,991.367235,0.0,1402.285145,783.1530730611937,2.1168539256599672e-05,0.0,276.79254085117384,1402.285145,1059.9456350809069,1059.9456350809069
input6000_rate3p33_reuse00_seed1,NEAREST_MIGRATE,63,0.0,11.684401,0.0,723.674968,0.0,735.359369,783.7829090481423,2.1168539256599672e-05,0.0,61.73504360310548,735.359369,845.517973819787,845.517973819787
input6000_rate3p33_reuse00_seed1,NEAREST_MIGRATE,82,0.0,17.553934,0.0,729.678946,0.0,747.23288,783.3918570342676,2.1168539256599672e-05,0.0,66.48507068554021,747.23288,849.876948888347,849.876948888347
input6000_rate3p33_reuse00_seed1,NEAREST_MIGRATE,67,0.0,961.527046,0.0,960.89569,0.0,1922.422736,783.8971100787428,2.1168539256599672e-05,0.0,837.6174053188148,1922.422736,1621.514536566097,1621.514536566097
input6000_rate3p33_reuse00_seed1,NEAREST_MIGRATE,110,0.0,197.781586,0.0,1015.754964,0.0,1213.53655,783.2153645324304,2.1168539256599672e-05,0.0,259.8722326679495,1213.53655,1043.0876183689193,1043.0876183689193
input6000_rate3p33_reuse00_seed1,NEAREST_MIGRATE,108,0.0,11.285263,0.0,736.03507,5.048226,752.368559,783.229207081594,2.1168539256599672e-05,15088.982888058352,59.1936865192207,747.320333,15931.405802827707,15936.454028827708
input6000_rate3p33_reuse00_seed1,NEAREST_MIGRATE,94,0.0,9.400152,0.0,730.33741,0.0,739.737562,783.9074919906157,2.1168539256599672e-05,0.0,57.788087775575505,739.737562,841.6956009347305,841.6956009347305
input6000_rate3p33_reuse00_seed1,NEAREST_MIGRATE,104,0.0,6.557145,0.0,730.587714,2.296954000000028,739.441813,783.5475857123593,2.1168539256599672e-05,9066.695962440164,53.4582954256935,737.144859,9903.701864746756,9905.998818746755
input6000_rate3p33_reuse00_seed1,NEAREST_MIGRATE,115,0.0,191.383029,0.0,993.806444,0.0,1185.189473,783.322644288449,2.1168539256599672e-05,0.0,269.0402896102271,1185.1894730000001,1052.3629550672154,1052.3629550672154
input6000_rate3p33_reuse00_seed1,NEAREST_MIGRATE,126,0.0,21.256644,0.0,752.411903,0.6212639999998828,774.289811,783.0561752170478,2.1168539256599672e-05,7178.417355952303,52.977376548271025,773.6685470000001,8014.450928886162,8015.072192886162
input6000_rate3p33_reuse00_seed1,NEAREST_MIGRATE,129,0.0,93.879031,0.0,760.473987,1.1368683772161603e-13,854.353018,783.2153645324304,2.1168539256599672e-05,0.4681193852326271,257.15114152501525,854.353018,1040.8346466112175,1040.8346466112175
input6000_rate3p33_reuse00_seed1,NEAREST_MIGRATE,148,4186.749619,27.279791,0.0,766.41874,2.021537999999964,4982.469688,783.1011635018298,2.1168539256599672e-05,38420.16427361569,48.2653614523354,4980.44815,39251.53081973839,39253.552357738394
input6000_rate3p33_reuse00_seed1,NEAREST_MIGRATE,127,0.0,1.893876,0.0,764.532976,1.1368683772161603e-13,766.426852,783.8971100787428,2.1168539256599672e-05,0.24785896893913376,54.346342883565384,766.4268519999999,838.4913330997865,838.4913330997866
input6000_rate3p33_reuse00_seed1,NEAREST_MIGRATE,143,2449.448991,27.419023,0.0,762.057588,2.942758999999569,3241.868361,783.9040313533247,2.1168539256599672e-05,38511.563865460324,61.087252684209474,3238.9256020000003,39356.5551706664,39359.497929666395
input6000_rate3p33_reuse00_seed1,NEAREST_MIGRATE,139,3839.944357,27.333423,0.0,769.679613,0.48802500000033433,4637.445418,783.9074919906157,2.1168539256599672e-05,38430.11229918012,45.2470499657678,4636.957393,39259.266862305034,39259.75488730503
input6000_rate3p33_reuse00_seed1,NEAREST_MIGRATE,203,0.0,8.049903,0.0,731.226831,1.1368683772161603e-13,739.276734,783.3468687494856,2.1168539256599672e-05,0.0,58.823652097869,739.2767339999999,842.1705420158938,842.170542015894
input6000_rate3p33_reuse00_seed1,NEAREST_MIGRATE,216,0.0,444.493245,0.0,990.360591,0.0,1434.853836,783.1323092374481,2.1168539256599672e-05,0.0,274.3808722684612,1434.853836,1057.5132026744486,1057.5132026744486
input6000_rate3p33_reuse00_seed1,NEAREST_MIGRATE,224,0.0,24.644264,0.0,746.047136,1.5437469999999394,772.235147,783.1253879628663,2.1168539256599672e-05,6439.717909553062,47.11167838737602,770.6914,7269.9549970718435,7271.498744071843
input6000_rate3p33_reuse00_seed1,NEAREST_MIGRATE,208,0.0,13.963962,0.0,734.007535,3.683975000000032,751.655472,783.7171569396147,2.1168539256599672e-05,11967.656055476658,48.377130018685016,747.971497,12799.750363603498,12803.434338603498
input6000_rate3p33_reuse00_seed1,NEAREST_MIGRATE,215,0.0,15.56148,0.0,750.207524,0.0,765.769004,783.6375622819234,2.1168539256599672e-05,0.0,59.958712070503786,765.769004,843.5962955209664,843.5962955209664
input6000_rate3p33_reuse00_seed1,NEAREST_MIGRATE,226,0.0,216.271032,0.0,750.823886,0.0,967.094918,783.9109526279066,2.1168539256599672e-05,0.0,251.40656828797665,967.094918,1035.3175420844225,1035.3175420844225
input6000_rate3p33_reuse00_seed1,NEAREST_MIGRATE,256,0.0,880.630347,0.0,1018.450564,1.693271999999979,1900.774183,783.0388720305932,2.1168539256599672e-05,2911.7720447412335,828.035508152482,1899.080911,4522.846446092848,4524.5397180928485
input6000_rate3p33_reuse00_seed1,NEAREST_MIGRATE,252,0.0,2.686219,0.0,739.905783,0.0,742.592002,783.281116640958,2.1168539256599672e-05,0.0,57.90957807846456,742.5920020000001,841.1907158879618,841.1907158879618
input6000_rate3p33_reuse00_seed1,NEAREST_MIGRATE,254,0.0,95.453557,0.0,750.791085,0.0,846.244642,783.281116640958,2.1168539256599672e-05,0.0,259.7941606623341,846.244642,1043.0752984718313,1043.0752984718313
input6000_rate3p33_reuse00_seed1,NEAREST_MIGRATE,261,0.0,36.297247,0.0,762.718717,1.1368683772161603e-13,799.015964,783.2638134545034,2.1168539256599672e-05,0.3291147875287334,232.30567397257647,799.0159639999999,1015.8986233831479,1015.898623383148
input6000_rate3p33_reuse00_seed1,NEAREST_MIGRATE,255,0.0,483.24753,0.0,1026.132641,2.2727760000000217,1511.652947,783.4333846817588,2.1168539256599672e-05,11305.004764310583,262.9487360493013,1509.3801709999998,12351.386906210184,12353.659682210184
input6000_rate3p33_reuse00_seed1,NEAREST_MIGRATE,277,0.0,12.64344,0.0,770.863708,0.0,783.507148,783.1011635018298,2.1168539256599672e-05,0.3389740360253798,60.70920101735145,783.507148,844.1493597237459,844.1493597237459
input6000_rate3p33_reuse00_seed1,NEAREST_MIGRATE,286,0.0,4.270845,0.0,772.046043,0.0,776.316888,783.3157230138672,2.1168539256599672e-05,0.0004260842153263358,59.90604517114032,776.3168880000001,843.2222154377621,843.2222154377621
input6000_rate3p33_reuse00_seed1,NEAREST_MIGRATE,298,0.0,17.806585,0.0,752.963888,0.0,770.770473,783.8971100787428,2.1168539256599672e-05,0.0,58.8899543343277,770.770473,842.7870855816097,842.7870855816097
input6000_rate3p33_reuse00_seed1,NEAREST_MIGRATE,2,0.0,0.201515,0.0,676.342498,0.0,676.544013,783.0769390407934,2.1168539256599672e-05,0.0,65.6350860883512,676.544013,848.7120462976839,848.7120462976839
input6000_rate3p33_reuse00_seed1,NEAREST_MIGRATE,10,0.0,8.146827,0.0,694.182924,0.0,702.329751,783.2949591901217,2.1168539256599672e-05,0.0,67.04218271857364,702.329751,850.3371630772347,850.3371630772347
input6000_rate3p33_reuse00_seed1,NEAREST_MIGRATE,13,0.0,14.647212,0.0,699.909658,0.0,714.55687,783.1323092374481,2.1168539256599672e-05,0.0,69.8742332694932,714.55687,853.0065636754806,853.0065636754806
input6000_rate3p33_reuse00_seed1,NEAREST_MIGRATE,71,0.0,12.822495,0.0,694.076268,0.0,706.898763,783.2257464443031,2.1168539256599672e-05,0.0,67.30126524960949,706.898763,850.5270328624518,850.5270328624518
input6000_rate3p33_reuse00_seed1,NEAREST_MIGRATE,69,0.0,0.02689,0.0,676.342498,0.0,676.369388,783.6029559090141,2.1168539256599672e-05,0.0,63.6660588524788,676.369388,847.2690359300321,847.2690359300321
input6000_rate3p33_reuse00_seed1,NEAREST_MIGRATE,98,0.0,0.975081,0.0,700.817274,0.0,701.792355,783.8382792447971,2.1168539256599672e-05,0.0,60.46477339917995,701.792355,844.3030738125163,844.3030738125163
input6000_rate3p33_reuse00_seed1,NEAREST_MIGRATE,118,0.0,11.024509,0.0,694.884652,1.1368683772161603e-13,705.909161,783.1288486001572,2.1168539256599672e-05,0.0,64.28057176618587,705.9091609999999,847.4094415348824,847.4094415348825
input6000_rate3p33_reuse00_seed1,NEAREST_MIGRATE,124,0.0,18.82378,0.0,700.369978,0.0,719.193758,783.2499709053396,2.1168539256599672e-05,0.0,66.05038393985845,719.1937579999999,849.3003760137374,849.3003760137374
input6000_rate3p33_reuse00_seed1,NEAREST_MIGRATE,135,0.0,361.666546,0.0,953.86098,1.1368683772161603e-13,1315.527526,783.2741953663761,2.1168539256599672e-05,0.0,277.5838430928728,1315.527526,1060.8580596277882,1060.8580596277884
input6000_rate3p33_reuse00_seed1,NEAREST_MIGRATE,134,0.0,11.357638,0.0,719.629679,0.0,730.987317,783.8763462549973,2.1168539256599672e-05,0.0,62.54548461009557,730.987317,846.4218520336321,846.4218520336321
input6000_rate3p33_reuse00_seed1,NEAREST_MIGRATE,147,0.0,17.091402,0.0,717.134642,0.0,734.226044,783.6894718412873,2.1168539256599672e-05,0.0,64.30801162298921,734.226044,847.9975046328158,847.9975046328158
input6000_rate3p33_reuse00_seed1,NEAREST_MIGRATE,199,0.0,173.194381,0.0,731.237886,0.0,904.432267,783.0181082068476,2.1168539256599672e-05,0.0,266.14451116642823,904.432267,1049.162640541815,1049.162640541815
input6000_rate3p33_reuse00_seed1,NEAREST_MIGRATE,198,0.0,4.370259,0.0,731.288852,0.0,735.659111,783.0354113933022,2.1168539256599672e-05,0.0,64.53313493829262,735.659111,847.5685675001341,847.5685675001341
input6000_rate3p33_reuse00_seed1,NEAREST_MIGRATE,206,0.0,12.856052,0.0,727.551141,0.0,740.407193,783.0630964916296,2.1168539256599672e-05,0.0,66.65270852886361,740.407193,849.7158261890324,849.7158261890324
input6000_rate3p33_reuse00_seed1,NEAREST_MIGRATE,189,0.0,11.407008,0.0,725.789206,0.0,737.196214,783.8140547837606,2.1168539256599672e-05,0.0,58.235047437265536,737.196214,842.0491233895655,842.0491233895655
input6000_rate3p33_reuse00_seed1,NEAREST_MIGRATE,221,0.0,19.37545,0.0,725.742468,0.0,745.117918,783.281116640958,2.1168539256599672e-05,0.0,63.61339195311536,745.117918,846.8945297626126,846.8945297626126
input6000_rate3p33_reuse00_seed1,NEAREST_MIGRATE,229,0.0,10.032694,0.0,733.420381,0.0,743.453075,783.3572506613584,2.1168539256599672e-05,0.0,64.39140534807277,743.453075,847.7486771779704,847.7486771779704
input6000_rate3p33_reuse00_seed1,NEAREST_MIGRATE,222,0.0,18.792498,0.0,724.60501,0.0,743.397508,783.8971100787428,2.1168539256599672e-05,0.0,67.57827751252884,743.397508,851.4754087598109,851.4754087598109
input6000_rate3p33_reuse00_seed1,NEAREST_MIGRATE,243,0.0,149.696282,0.0,1004.430933,6.264662000000044,1160.391877,783.2603528172124,2.1168539256599672e-05,6149.830486129687,249.39870181362227,1154.127215,7182.489561929061,7188.7542239290615
input6000_rate3p33_reuse00_seed1,NEAREST_MIGRATE,250,0.0,10.482526,0.0,755.378822,6.03124200000002,771.89259,783.2326677188851,2.1168539256599672e-05,6696.080987682196,48.9333070672558,765.861348,7528.2469836368755,7534.2782256368755
input6000_rate3p33_reuse00_seed1,NEAREST_MIGRATE,257,0.0,3.028276,0.0,755.802627,0.0,758.830903,783.2638134545034,2.1168539256599672e-05,0.0,75.45830005657432,758.830903,858.7221346796169,858.7221346796169
input6000_rate3p33_reuse00_seed1,NEAREST_MIGRATE,253,0.0,58.885196,0.0,770.261545,1.1368683772161603e-13,829.146741,783.5372038004865,2.1168539256599672e-05,0.0002888925245671429,248.43099099905436,829.1467409999999,1031.9685048606048,1031.9685048606048
input6000_rate3p33_reuse00_seed1,NEAREST_MIGRATE,242,0.0,20.568876,0.0,750.819795,0.0,771.388671,783.7379207633602,2.1168539256599672e-05,0.0,58.42283997661332,771.388671,842.1607819085127,842.1607819085127
input6000_rate3p33_reuse00_seed1,NEAREST_MIGRATE,276,0.0,22.281013,0.0,743.453443,0.0,765.734456,783.5718101733958,2.1168539256599672e-05,0.0,54.50102660033704,765.734456,838.0728579422721,838.0728579422721
input6000_rate3p33_reuse00_seed1,NEAREST_MIGRATE,293,0.0,5.329445,0.0,744.267775,0.0,749.59722,783.1253879628663,2.1168539256599672e-05,0.0,59.555517952392066,749.59722,842.6809270837977,842.6809270837977
input6000_rate3p33_reuse00_seed1,NEAREST_MIGRATE,299,0.0,12.269634,0.0,741.91296,0.0,754.182594,783.8002122345969,2.1168539256599672e-05,0.0,57.029463274792576,754.182594,840.8296966779287,840.8296966779287
input6000_rate3p33_reuse00_seed1,NEAREST_MIGRATE_KV,24,0.0,0.013245,0.0,676.342498,0.0,676.355743,783.1150060509935,2.1168539256599672e-05,0.0,65.04261358134688,676.355743,848.1576408008797,848.1576408008797
input6000_rate3p33_reuse00_seed1,NEAREST_MIGRATE_KV,54,0.0,0.009401,0.0,676.342498,0.0,676.351899,783.9005707160338,2.1168539256599672e-05,0.0,62.102026854090056,676.351899,846.0026187386632,846.0026187386632
input6000_rate3p33_reuse00_seed1,NEAREST_MIGRATE_KV,72,0.0,7.675104,0.0,694.664524,0.0,702.339628,783.1980613459757,2.1168539256599672e-05,0.0,66.95492114708924,702.3396280000001,850.1530036616042,850.1530036616042
input6000_rate3p33_reuse00_seed1,NEAREST_MIGRATE_KV,96,0.0,15.168251,0.0,701.053626,0.0,716.221877,783.9074919906157,2.1168539256599672e-05,0.0,59.755713753209506,716.2218770000001,843.6632269123644,843.6632269123644
input6000_rate3p33_reuse00_seed1,NEAREST_MIGRATE_KV,102,0.0,2.286077,0.0,706.671148,0.0,708.957225,783.8971100787428,2.1168539256599672e-05,0.0,62.01778273585022,708.957225,845.9149139831322,845.9149139831322
input6000_rate3p33_reuse00_seed1,NEAREST_MIGRATE_KV,116,0.0,13.72958,0.0,700.200122,0.0,713.929702,783.2776560036671,2.1168539256599672e-05,0.0,65.49677381250952,713.929702,848.7744509847158,848.7744509847158
input6000_rate3p33_reuse00_seed1,NEAREST_MIGRATE_KV,128,0.0,10.746681,0.0,719.864655,1.1368683772161603e-13,730.611336,783.2914985528307,2.1168539256599672e-05,0.0,64.28475488241386,730.6113359999999,847.5762746037839,847.576274603784
input6000_rate3p33_reuse00_seed1,NEAREST_MIGRATE_KV,153,0.0,821.612051,0.0,983.872905,1.1368683772161603e-13,1805.484956,783.0284901187204,2.1168539256599672e-05,0.0,844.6963386801042,1805.4849559999998,1627.7248499673638,1627.7248499673638
input6000_rate3p33_reuse00_seed1,NEAREST_MIGRATE_KV,138,0.0,3.962464,0.0,717.296498,0.0,721.258962,783.2914985528307,2.1168539256599672e-05,0.0,65.34775906151073,721.258962,848.6392787828808,848.6392787828808
input6000_rate3p33_reuse00_seed1,NEAREST_MIGRATE_KV,150,0.0,1.633644,0.0,735.784158,0.0,737.417802,783.2880379155398,2.1168539256599672e-05,0.0,67.58391979104786,737.417802,850.871978875127,850.871978875127
input6000_rate3p33_reuse00_seed1,NEAREST_MIGRATE_KV,151,0.0,206.843315,0.0,1005.311502,1.1368683772161603e-13,1212.154817,783.5475857123593,2.1168539256599672e-05,0.0,279.1432180210591,1212.154817,1062.6908249019575,1062.6908249019575
input6000_rate3p33_reuse00_seed1,NEAREST_MIGRATE_KV,130,0.0,277.340986,0.0,954.12786,0.0,1231.468846,783.9213345397793,2.1168539256599672e-05,0.0,271.32803528587925,1231.468846,1055.2493909941977,1055.2493909941977
input6000_rate3p33_reuse00_seed1,NEAREST_MIGRATE_KV,184,0.0,7.314134,0.0,750.623593,0.0,757.937727,783.2395889934669,2.1168539256599672e-05,0.0,54.13444321048599,757.937727,837.3740533724922,837.3740533724922
input6000_rate3p33_reuse00_seed1,NEAREST_MIGRATE_KV,201,0.0,269.416022,0.0,1030.034698,1.528299000000061,1300.979019,783.2672740917943,2.1168539256599672e-05,15288.299197910917,256.58365018418215,1299.4507199999998,16328.150143355435,16329.678442355435
input6000_rate3p33_reuse00_seed1,NEAREST_MIGRATE_KV,200,0.0,15.554652,0.0,773.043963,0.0,788.598615,783.3399474749037,2.1168539256599672e-05,0.0,57.14218256735785,788.598615,840.4821512108008,840.4821512108008
input6000_rate3p33_reuse00_seed1,NEAREST_MIGRATE_KV,188,0.0,25.91722,0.0,753.917046,6.671448999999939,786.505715,783.9074919906157,2.1168539256599672e-05,14512.913897844284,49.34068430159554,779.8342660000001,15346.162095305037,15352.833544305036
input6000_rate3p33_reuse00_seed1,NEAREST_MIGRATE_KV,190,0.0,24.998751,0.0,766.284206,0.0,791.282957,783.9040313533247,2.1168539256599672e-05,0.0,55.030659939415706,791.282957,838.9347124612797,838.9347124612797
input6000_rate3p33_reuse00_seed1,NEAREST_MIGRATE_KV,204,4461.674972,25.035368,0.0,760.993529,0.14235500000017964,5247.846224,783.9040313533247,2.1168539256599672e-05,38483.79881373493,51.57684503113267,5247.703869,39319.27971128793,39319.42206628793
input6000_rate3p33_reuse00_seed1,NEAREST_MIGRATE_KV,228,0.0,7.859116,0.0,755.395636,1.1368683772161603e-13,763.254752,783.9074919906157,2.1168539256599672e-05,0.0,55.017705812863916,763.2547519999999,838.9252189720188,838.9252189720189
input6000_rate3p33_reuse00_seed1,NEAREST_MIGRATE_KV,259,0.0,10.475413,0.0,716.478642,0.0,726.954055,783.6098771835959,2.1168539256599672e-05,0.0,58.54936378888668,726.954055,842.1592621410218,842.1592621410218
input6000_rate3p33_reuse00_seed1,NEAREST_MIGRATE_KV,269,0.0,86.114101,0.0,729.501814,0.0,815.615915,783.4403059563406,2.1168539256599672e-05,0.0,265.10534454181703,815.615915,1048.5456716666968,1048.5456716666968
input6000_rate3p33_reuse00_seed1,NEAREST_MIGRATE_KV,281,0.0,119.594854,0.0,730.377122,1.1368683772161603e-13,849.971976,783.2568921799215,2.1168539256599672e-05,0.0,267.19289441665177,849.971976,1050.4498077651124,1050.4498077651124
input6000_rate3p33_reuse00_seed1,NEAREST_MIGRATE_KV,278,0.0,1.411612,0.0,732.78087,0.0,734.192482,783.3122623765763,2.1168539256599672e-05,0.0,68.6534433290738,734.192482,851.9657268741894,851.9657268741894
input6000_rate3p33_reuse00_seed1,NEAREST_MIGRATE_KV,285,0.0,23.785143,0.0,739.15149,4.229716000000053,767.166349,783.3849357596857,2.1168539256599672e-05,18687.346838538022,60.383980312440784,762.9366329999999,19531.115775778686,19535.345491778688
input6000_rate3p33_reuse00_seed1,NEAREST_MIGRATE_KV,267,0.0,5.055994,0.0,722.880328,0.0,727.936322,783.8971100787428,2.1168539256599672e-05,0.0,62.01778273585022,727.936322,845.9149139831322,845.9149139831322
input6000_rate3p33_reuse00_seed1,NEAREST_MIGRATE_KV,297,0.0,6.283235,0.0,747.540136,0.0,753.823371,783.51297933945,2.1168539256599672e-05,0.0,57.65467866365674,753.823371,841.167679171646,841.167679171646
input6000_rate3p33_reuse00_seed1,NEAREST_MIGRATE_KV,3,0.0,0.327114,0.0,689.692786,0.0,690.0199,783.2119038951395,2.1168539256599672e-05,0.0,64.6798980378967,690.0199,847.8918231015755,847.8918231015755
input6000_rate3p33_reuse00_seed1,NEAREST_MIGRATE_KV,6,0.0,32.862248,0.0,927.033461,0.0,959.895709,783.2015219832667,2.1168539256599672e-05,0.0,277.7565836216872,959.895709,1060.9581267734932,1060.9581267734932
input6000_rate3p33_reuse00_seed1,NEAREST_MIGRATE_KV,12,0.0,9.168882,0.0,699.77529,0.0,708.944172,783.3157230138672,2.1168539256599672e-05,0.0,68.73768744731362,708.9441720000001,852.0534316297201,852.0534316297201
input6000_rate3p33_reuse00_seed1,NEAREST_MIGRATE_KV,17,0.0,0.958041,0.0,705.955564,0.0,706.913605,783.229207081594,2.1168539256599672e-05,0.0,64.51792916034613,706.913605,847.7471574104794,847.7471574104794
input6000_rate3p33_reuse00_seed1,NEAREST_MIGRATE_KV,22,0.0,16.643434,0.0,710.228142,0.0,726.871576,783.9005707160338,2.1168539256599672e-05,0.0,64.22803521228377,726.871576,848.1286270968569,848.1286270968569
input6000_rate3p33_reuse00_seed1,NEAREST_MIGRATE_KV,41,0.0,6.048069,0.0,706.835724,0.0,712.883793,783.8209760583425,2.1168539256599672e-05,0.0,58.919364493115836,712.8837930000001,842.7403617199975,842.7403617199975
input6000_rate3p33_reuse00_seed1,NEAREST_MIGRATE_KV,60,0.0,9.351936,0.0,700.779962,0.0,710.131898,783.2603528172124,2.1168539256599672e-05,0.0,62.17813541839466,710.131898,845.4385094041463,845.4385094041463
input6000_rate3p33_reuse00_seed1,NEAREST_MIGRATE_KV,76,0.0,17.66706,0.0,706.932204,0.0,724.599264,783.1080847764117,2.1168539256599672e-05,0.0,64.97132358965885,724.599264,848.0794295346099,848.0794295346099
input6000_rate3p33_reuse00_seed1,NEAREST_MIGRATE_KV,87,0.0,220.357404,0.0,970.578556,0.0,1190.93596,783.1011635018298,2.1168539256599672e-05,0.0,286.10651049989923,1190.93596,1069.2076951702684,1069.2076951702684
input6000_rate3p33_reuse00_seed1,NEAREST_MIGRATE_KV,93,0.0,17.186317,0.0,731.341006,0.0,748.527323,783.1219273255754,2.1168539256599672e-05,0.0,68.20571786553387,748.527323,851.3276663596484,851.3276663596484
input6000_rate3p33_reuse00_seed1,NEAREST_MIGRATE_KV,97,0.0,10.678376,0.0,749.000651,1.1368683772161603e-13,759.679027,783.1565336984846,2.1168539256599672e-05,0.0,70.2993832030013,759.6790269999999,853.4559380700252,853.4559380700254
input6000_rate3p33_reuse00_seed1,NEAREST_MIGRATE_KV,84,0.0,156.241286,0.0,730.477193,0.0,886.718479,783.9005707160338,2.1168539256599672e-05,0.0,262.3912317807866,886.7184790000001,1046.2918236653597,1046.2918236653597
input6000_rate3p33_reuse00_seed1,NEAREST_MIGRATE_KV,83,0.0,6.830604,0.0,711.033742,0.0,717.864346,783.9178739024884,2.1168539256599672e-05,0.0,60.779855552650986,717.864346,844.6977506236786,844.6977506236786
input6000_rate3p33_reuse00_seed1,NEAREST_MIGRATE_KV,125,0.0,204.547174,0.0,741.040897,0.0,945.588071,783.0700177662115,2.1168539256599672e-05,0.0,260.13438526705886,945.588071,1043.2044242018096,1043.2044242018096
input6000_rate3p33_reuse00_seed1,NEAREST_MIGRATE_KV,123,0.0,16.115245,0.0,743.194939,1.1368683772161603e-13,759.310184,783.0977028645389,2.1168539256599672e-05,0.0,58.14616967077496,759.3101839999999,841.243893703853,841.2438937038531
input6000_rate3p33_reuse00_seed1,NEAREST_MIGRATE_KV,142,0.0,2.151394,0.0,741.186268,0.0,743.337662,783.0769390407934,2.1168539256599672e-05,0.0,61.60730345695953,743.337662,844.6842636662922,844.6842636662922
input6000_rate3p33_reuse00_seed1,NEAREST_MIGRATE_KV,152,0.0,8.25569,0.0,733.960396,1.1368683772161603e-13,742.216086,783.184218796812,2.1168539256599672e-05,0.0,61.20572553385397,742.2160859999999,844.3899654992052,844.3899654992053
input6000_rate3p33_reuse00_seed1,NEAREST_MIGRATE_KV,162,0.0,20.439333,0.0,733.285125,0.0,753.724458,783.1011635018298,2.1168539256599672e-05,0.0,64.9000335979708,753.724458,848.0012182683398,848.0012182683398
input6000_rate3p33_reuse00_seed1,NEAREST_MIGRATE_KV,167,0.0,6.81491,0.0,740.77559,0.0,747.5905,783.1669156103574,2.1168539256599672e-05,0.0,70.92462527911925,747.5905,854.0915620580158,854.0915620580158
input6000_rate3p33_reuse00_seed1,NEAREST_MIGRATE_KV,213,0.0,9.340262,0.0,723.14124,7.494118999999955,739.975621,783.1496124239028,2.1168539256599672e-05,17116.46660017958,57.97865013588047,732.4815020000001,17957.594883907903,17965.089002907902
input6000_rate3p33_reuse00_seed1,NEAREST_MIGRATE_KV,207,0.0,19.980324,0.0,722.312265,1.9636409999999387,744.25623,783.9074919906157,2.1168539256599672e-05,18154.850434590186,56.301898844926455,742.292589,18995.059846594268,18997.023487594266
input6000_rate3p33_reuse00_seed1,NEAREST_MIGRATE_KV,209,0.0,2.815553,0.0,725.126973,0.0,727.942526,783.9040313533247,2.1168539256599672e-05,0.0,58.60846545587282,727.942526,842.5125179777368,842.5125179777368
input6000_rate3p33_reuse00_seed1,NEAREST_MIGRATE_KV,220,0.0,6.834307,0.0,713.969748,0.0,720.804055,783.6929324785782,2.1168539256599672e-05,0.0,61.62187377851748,720.804055,845.3148274256349,845.3148274256349
input6000_rate3p33_reuse00_seed1,NEAREST_MIGRATE_KV,239,0.0,262.618227,0.0,979.343426,1.1368683772161603e-13,1241.961653,783.1461517866119,2.1168539256599672e-05,0.0,275.1237753183311,1241.961653,1058.2699482734822,1058.2699482734824
input6000_rate3p33_reuse00_seed1,NEAREST_MIGRATE_KV,225,0.0,9.958357,0.0,720.258456,0.0,730.216813,783.8590430685426,2.1168539256599672e-05,0.0,64.38348473090528,730.216813,848.2425489679872,848.2425489679872
input6000_rate3p33_reuse00_seed1,NEAREST_MIGRATE_KV,237,0.0,12.947386,0.0,735.332985,0.0,748.280371,783.9040313533247,2.1168539256599672e-05,0.0,59.671469634969675,748.2803710000001,843.5755221568337,843.5755221568337
input6000_rate3p33_reuse00_seed1,NEAREST_MIGRATE_KV,273,0.0,2.427943,0.0,756.936755,0.0,759.364698,783.0527145797569,2.1168539256599672e-05,0.0,57.154370892059774,759.364698,840.2071066403558,840.2071066403558
input6000_rate3p33_reuse00_seed1,NEAREST_MIGRATE_KV,249,0.0,15.033481,0.0,738.201354,0.0,753.234835,783.9144132651975,2.1168539256599672e-05,0.0,60.69561143441115,753.2348350000001,844.6100458681478,844.6100458681478
input6000_rate3p33_reuse00_seed1,NEAREST_MIGRATE_KV,279,0.0,171.366013,0.0,755.029983,0.0,926.395996,783.2188251697213,2.1168539256599672e-05,0.0,243.15462408724403,926.395996,1026.3734704255046,1026.3734704255046
input6000_rate3p33_reuse00_seed1,NEAREST_MIGRATE_KV,282,0.0,14.664839,0.0,774.061282,0.0,788.726121,783.7240782141965,2.1168539256599672e-05,0.0034774723629289322,68.74181265948907,788.726121,852.4693895145878,852.4693895145878
input6000_rate3p33_reuse00_seed1,NEAREST_MIGRATE_KV,274,0.0,451.171002,0.0,1005.502614,0.0,1456.673616,783.9074919906157,2.1168539256599672e-05,0.0,266.4010651080396,1456.673616,1050.3085782671944,1050.3085782671944
input6000_rate3p33_reuse00_seed1,NEAREST_MIGRATE_KV,0,0.0,0.0,0.0,676.342498,0.0,676.342498,783.5199006140319,2.1168539256599672e-05,0.0,63.52698077478719,676.342498,847.0469025573584,847.0469025573584
input6000_rate3p33_reuse00_seed1,NEAREST_MIGRATE_KV,8,0.0,5.068858,0.0,693.993324,0.0,699.062182,783.8936494414519,2.1168539256599672e-05,0.0,71.78206421969998,699.062182,855.6757348296911,855.6757348296911
input6000_rate3p33_reuse00_seed1,NEAREST_MIGRATE_KV,32,0.0,19.070525,0.0,701.455802,1.1368683772161603e-13,720.526327,783.2845772782489,2.1168539256599672e-05,0.0,62.087456532532116,720.5263269999999,845.3720549793203,845.3720549793204
input6000_rate3p33_reuse00_seed1,NEAREST_MIGRATE_KV,57,0.0,3.307164,0.0,716.41285,0.0,719.720014,783.0630964916296,2.1168539256599672e-05,0.0,69.58614044080284,719.720014,852.6492581009717,852.6492581009717
input6000_rate3p33_reuse00_seed1,NEAREST_MIGRATE_KV,39,0.0,11.020187,0.0,700.742394,0.0,711.762581,783.658326105669,2.1168539256599672e-05,0.0,64.07181989181237,711.762581,847.7301671660206,847.7301671660206
input6000_rate3p33_reuse00_seed1,NEAREST_MIGRATE_KV,43,0.0,19.468382,0.0,719.646671,0.0,739.115053,783.8209760583425,2.1168539256599672e-05,0.0,65.68618254686349,739.115053,849.5071797737452,849.5071797737452
input6000_rate3p33_reuse00_seed1,NEAREST_MIGRATE_KV,44,0.0,388.560098,0.0,953.885108,2.2737367544323206e-13,1342.445206,783.9005707160338,2.1168539256599672e-05,0.0,278.17257809893766,1342.4452059999999,1062.0731699835108,1062.073169983511
input6000_rate3p33_reuse00_seed1,NEAREST_MIGRATE_KV,50,0.0,10.513498,0.0,717.071602,0.0,727.5851,783.8971100787428,2.1168539256599672e-05,0.0,66.46419594182092,727.5851,850.361327189103,850.361327189103
input6000_rate3p33_reuse00_seed1,NEAREST_MIGRATE_KV,78,0.0,14.852187,0.0,723.70897,0.0,738.561157,783.1323092374481,2.1168539256599672e-05,0.0,61.400037432130844,738.561157,844.5323678381183,844.5323678381183
input6000_rate3p33_reuse00_seed1,NEAREST_MIGRATE_KV,137,0.0,0.012868,0.0,676.342498,0.0,676.355366,783.0561752170478,2.1168539256599672e-05,0.0,65.26283373272737,676.355366,848.3190301183145,848.3190301183145
input6000_rate3p33_reuse00_seed1,NEAREST_MIGRATE_KV,140,0.0,7.168448,0.0,694.00718,0.0,701.175628,783.0181082068476,2.1168539256599672e-05,0.0,67.62853572778243,701.175628,850.6466651031693,850.6466651031693
input6000_rate3p33_reuse00_seed1,NEAREST_MIGRATE_KV,171,0.0,17.414605,0.0,710.807004,0.0,728.221609,783.9040313533247,2.1168539256599672e-05,0.0,59.768667879761296,728.2216090000001,843.6727204016253,843.6727204016253
input6000_rate3p33_reuse00_seed1,NEAREST_MIGRATE_KV,202,0.0,9.544763,0.0,722.343809,0.0,731.888572,783.2395889934669,2.1168539256599672e-05,0.0,64.47906678069074,731.888572,847.7186769426969,847.7186769426969
input6000_rate3p33_reuse00_seed1,NEAREST_MIGRATE_KV,186,0.0,16.757681,0.0,721.747014,0.0,738.504695,783.8971100787428,2.1168539256599672e-05,0.0,62.01778273585022,738.5046950000001,845.9149139831322,845.9149139831322
input6000_rate3p33_reuse00_seed1,NEAREST_MIGRATE_KV,194,0.0,4.737661,0.0,720.168954,0.0,724.906615,783.6410229192143,2.1168539256599672e-05,0.0,64.13659052457133,724.906615,847.7776346123248,847.7776346123248
input6000_rate3p33_reuse00_seed1,NEAREST_MIGRATE_KV,234,0.0,19.31917,0.0,713.813976,0.0,733.133146,783.7309994887784,2.1168539256599672e-05,0.0,59.25617178346242,733.133146,842.9871924407801,842.9871924407801
input6000_rate3p33_reuse00_seed1,NEAREST_MIGRATE_KV,240,0.0,20.635627,0.0,728.626736,0.0,749.262363,783.7725271362694,2.1168539256599672e-05,0.0,61.32392886782627,749.262363,845.096477172635,845.096477172635
input6000_rate3p33_reuse00_seed1,NEAREST_MIGRATE_KV,296,0.0,73.269111,0.0,976.004424,1.1368683772161603e-13,1049.273535,783.0665571289205,2.1168539256599672e-05,0.0,278.8051292558962,1049.273535,1061.871707553356,1061.871707553356
input6000_rate3p33_reuse00_seed1,NEAREST_MIGRATE_KV,294,0.0,2.745398,0.0,1013.938016,0.0,1016.683414,783.090781589957,2.1168539256599672e-05,0.0,276.5757380141715,1016.683414,1059.6665407726678,1059.6665407726678
input6000_rate3p33_reuse00_seed1,NEAREST_MIGRATE_KV,272,0.0,2.378132,0.0,712.069777,0.0,714.447909,783.8763462549973,2.1168539256599672e-05,0.0,59.87230089217563,714.4479090000001,843.7486683157122,843.7486683157122
input6000_rate3p33_reuse00_seed1,NEAREST_MIGRATE_KV,288,0.0,9.963651,0.0,725.690341,0.0,735.653992,783.3330262003219,2.1168539256599672e-05,0.0,60.745896336918534,735.653992,844.0789437057797,844.0789437057797
input6000_rate3p33_reuse00_seed1,NEAREST_MIGRATE_KV,291,0.0,243.521396,0.0,745.002375,0.0,988.523771,783.606416546305,2.1168539256599672e-05,0.0,261.10013744045716,988.523771,1044.7065751553014,1044.7065751553014
input6000_rate3p33_reuse00_seed1,NEAREST_MIGRATE_KV,9,0.0,0.023654,0.0,676.342498,1.1368683772161603e-13,676.366152,783.1703762476484,2.1168539256599672e-05,0.0,64.83534755651822,676.3661519999999,848.0057449727059,848.005744972706
input6000_rate3p33_reuse00_seed1,NEAREST_MIGRATE_KV,15,0.0,13.457007,0.0,694.523244,0.0,707.980251,783.2430496307578,2.1168539256599672e-05,0.0,66.78651750191594,707.980251,850.029588301213,850.029588301213
input6000_rate3p33_reuse00_seed1,NEAREST_MIGRATE_KV,36,0.0,266.825877,0.0,977.907775,0.0,1244.733652,783.0354113933022,2.1168539256599672e-05,0.0,275.8889883541498,1244.733652,1058.9244209159913,1058.9244209159913
input6000_rate3p33_reuse00_seed1,NEAREST_MIGRATE_KV,37,0.0,339.602328,0.0,945.375169,1.1368683772161603e-13,1284.977497,783.0388720305932,2.1168539256599672e-05,0.0,285.44566909298106,1284.977497,1068.4845622921134,1068.4845622921134
input6000_rate3p33_reuse00_seed1,NEAREST_MIGRATE_KV,51,0.0,21.711471,0.0,716.96469,0.0,738.676161,783.0873209526661,2.1168539256599672e-05,0.0,62.72864350119265,738.676161,845.815985622398,845.815985622398
input6000_rate3p33_reuse00_seed1,NEAREST_MIGRATE_KV,34,0.0,6.994626,0.0,714.242406,0.0,721.237032,783.6963931158691,2.1168539256599672e-05,0.0,60.54591547286883,721.237032,844.2423297572772,844.2423297572772
input6000_rate3p33_reuse00_seed1,NEAREST_MIGRATE_KV,45,0.0,13.82837,0.0,710.181038,1.1368683772161603e-13,724.009408,783.9178739024884,2.1168539256599672e-05,0.0,67.54667360639864,724.0094079999999,851.4645686774263,851.4645686774264
input6000_rate3p33_reuse00_seed1,NEAREST_MIGRATE_KV,75,0.0,4.924085,0.0,729.269698,1.1368683772161603e-13,734.193783,783.1703762476484,2.1168539256599672e-05,0.0,70.91167115256746,734.1937829999999,854.0820685687552,854.0820685687553
input6000_rate3p33_reuse00_seed1,NEAREST_MIGRATE_KV,56,0.0,10.350455,0.0,723.31217,0.0,733.662625,783.9074919906157,2.1168539256599672e-05,0.0,61.881722111403214,733.662625,845.7892352705582,845.7892352705582
input6000_rate3p33_reuse00_seed1,NEAREST_MIGRATE_KV,73,0.0,12.588865,0.0,723.542378,0.0,736.131243,783.4541485055042,2.1168539256599672e-05,0.0,60.195303662814176,736.131243,843.6494733368577,843.6494733368577
input6000_rate3p33_reuse00_seed1,NEAREST_MIGRATE_KV,92,0.0,1.629143,0.0,751.147306,0.0,752.776449,783.090781589957,2.1168539256599672e-05,0.0,65.50580218860787,752.776449,848.5966049471042,848.5966049471042
input6000_rate3p33_reuse00_seed1,NEAREST_MIGRATE_KV,91,0.0,16.938114,0.0,735.565301,0.0,752.503415,783.4403059563406,2.1168539256599672e-05,0.0,57.92671532124437,752.503415,841.3670424461242,841.3670424461242
input6000_rate3p33_reuse00_seed1,NEAREST_MIGRATE_KV,112,0.0,336.62289,0.0,993.990934,0.0,1330.613824,783.0803996780843,2.1168539256599672e-05,0.0,270.7417980249296,1330.613824,1053.822218871553,1053.822218871553
input6000_rate3p33_reuse00_seed1,NEAREST_MIGRATE_KV,121,0.0,20.484783,0.0,751.61826,0.0,772.103043,783.2430496307578,2.1168539256599672e-05,0.0,71.70263867407667,772.103043,854.9457094733738,854.9457094733738
input6000_rate3p33_reuse00_seed1,NEAREST_MIGRATE_KV,145,0.0,23.370905,0.0,752.907189,0.0,776.278094,783.0388720305932,2.1168539256599672e-05,0.0,58.269191577363756,776.278094,841.3080847764962,841.3080847764962
input6000_rate3p33_reuse00_seed1,NEAREST_MIGRATE_KV,111,0.0,15.366271,0.0,750.59987,0.0,765.966141,783.9074919906157,2.1168539256599672e-05,0.0,55.11490405765558,765.966141,839.0224172168105,839.0224172168105
input6000_rate3p33_reuse00_seed1,NEAREST_MIGRATE_KV,119,0.0,14.510975,0.0,746.143768,0.0,760.654743,783.9005707160338,2.1168539256599672e-05,0.0,59.587225516729816,760.654743,843.4878174013029,843.4878174013029
input6000_rate3p33_reuse00_seed1,NEAREST_MIGRATE_KV,156,0.0,2.665819,0.0,752.513941,0.0,755.17976,783.13923051203,2.1168539256599672e-05,0.0,60.213926755138786,755.1797600000001,843.3531784357081,843.3531784357081
input6000_rate3p33_reuse00_seed1,NEAREST_MIGRATE_KV,133,0.0,0.52241,0.0,757.592251,0.0,758.114661,783.8936494414519,2.1168539256599672e-05,0.0016492079256212498,57.29272892205644,758.1146610000001,841.1880487399732,841.1880487399732
input6000_rate3p33_reuse00_seed1,NEAREST_MIGRATE_KV,183,0.0,218.573055,0.0,760.586653,1.1368683772161603e-13,979.159708,783.1219273255754,2.1168539256599672e-05,3.346574290442036,267.1166586604773,979.1597079999999,1053.5851814450339,1053.5851814450339
input6000_rate3p33_reuse00_seed1,NEAREST_MIGRATE_KV,165,0.0,133.997953,0.0,757.645292,0.0,891.643245,783.7690664989785,2.1168539256599672e-05,0.0,244.4783269923829,891.643245,1028.2474146599006,1028.2474146599006
input6000_rate3p33_reuse00_seed1,NEAREST_MIGRATE_KV,158,0.0,203.571931,0.0,1006.040601,1.1368683772161603e-13,1209.612532,783.8971100787428,2.1168539256599672e-05,0.0,269.8233365145688,1209.612532,1053.7204677618508,1053.720467761851
input6000_rate3p33_reuse00_seed1,NEAREST_MIGRATE_KV,178,0.0,2.412678,0.0,758.990788,0.0,761.403466,783.9040313533247,2.1168539256599672e-05,0.0,61.79747799316334,761.403466,845.7015305150273,845.7015305150273
input6000_rate3p33_reuse00_seed1,NEAREST_MIGRATE_KV,192,1338.785947,27.368943,0.0,771.717669,0.6736129999998184,2138.546172,783.4333846817588,2.1168539256599672e-05,38511.59703290277,62.39903678031864,2137.872559,39357.42947553339,39358.10308853339
input6000_rate3p33_reuse00_seed1,NEAREST_MIGRATE_KV,193,3728.343941,27.382575,0.0,775.061218,0.0,4530.650051,783.8105941464697,2.1168539256599672e-05,38511.61291663472,71.80136852256807,4530.7877340000005,39367.22490047229,39367.22490047229
input6000_rate3p33_reuse00_seed1,NEAREST_MIGRATE_KV,235,0.0,0.832647,0.0,735.418364,0.0,736.251011,783.1461517866119,2.1168539256599672e-05,0.0,59.12501432293836,736.251011,842.2711872780895,842.2711872780895
input6000_rate3p33_reuse00_seed1,NEAREST_MIGRATE_KV,248,0.0,16.460704,0.0,722.699993,1.1368683772161603e-13,739.160697,783.613337820887,2.1168539256599672e-05,0.0,61.91981868920871,739.1606969999999,845.533177678635,845.5331776786351
input6000_rate3p33_reuse00_seed1,NEAREST_MIGRATE_KV,265,0.0,5.979768,0.0,731.014476,0.0,736.994244,783.1080847764117,2.1168539256599672e-05,0.0,67.1945301926442,736.994244,850.3026361375952,850.3026361375952
input6000_rate3p33_reuse00_seed1,NEAREST_MIGRATE_KV,260,0.0,4.637959,0.0,723.753038,0.0,728.390997,783.5821920852686,2.1168539256599672e-05,0.0,63.196608252063314,728.390997,846.7788215058712,846.7788215058712
input6000_rate3p33_reuse00_seed1,NEAREST_MIGRATE_KV,290,0.0,20.023874,0.0,734.468395,0.0,754.492269,783.2534315426306,2.1168539256599672e-05,0.0,60.94664300281813,754.492269,844.2000957139879,844.2000957139879
input6000_rate3p33_reuse00_seed1,NEAREST_MIGRATE_KV,271,0.0,5.0253,0.0,731.467308,0.0,736.492608,783.9040313533247,2.1168539256599672e-05,0.0,63.054878661843496,736.492608,846.9589311837075,846.9589311837075
input6000_rate3p33_reuse00_seed1,NEAREST_MIGRATE_KV,284,0.0,21.000471,0.0,731.269486,0.0,752.269957,783.7171569396147,2.1168539256599672e-05,0.0,63.75440149564028,752.269957,847.4715796037942,847.4715796037942
input6000_rate3p33_reuse00_seed1,NEAREST_MIGRATE_KV,5,0.0,0.554672,0.0,676.342498,0.0,676.89717,783.9040313533247,2.1168539256599672e-05,0.0,62.089072727538266,676.89717,845.9931252494023,845.9931252494023
input6000_rate3p33_reuse00_seed1,NEAREST_MIGRATE_KV,14,0.0,11.013597,0.0,694.681324,0.0,705.694921,783.4264634071769,2.1168539256599672e-05,0.0,66.09994879467094,705.694921,849.5264333703872,849.5264333703872
input6000_rate3p33_reuse00_seed1,NEAREST_MIGRATE_KV,25,0.0,18.496072,0.0,706.127852,0.0,724.623924,783.0873209526661,2.1168539256599672e-05,0.0,68.43245737584344,724.623924,851.5197994970488,851.5197994970488
input6000_rate3p33_reuse00_seed1,NEAREST_MIGRATE_KV,20,0.0,16.672456,0.0,700.081274,0.0,716.75373,784.0874451297437,2.1168539256599672e-05,0.0,62.46550819939013,716.75373,846.5529744976732,846.5529744976732
input6000_rate3p33_reuse00_seed1,NEAREST_MIGRATE_KV,28,0.0,18.217087,0.0,710.219534,0.0,728.436621,783.9178739024884,2.1168539256599672e-05,0.0,64.1632645795248,728.436621,848.0811596505524,848.0811596505524
input6000_rate3p33_reuse00_seed1,NEAREST_MIGRATE_KV,52,0.0,7.259283,0.0,736.60867,1.1368683772161603e-13,743.867953,783.0423326678841,2.1168539256599672e-05,0.0,61.73684472247744,743.8679529999999,844.7791985589008,844.7791985589009
input6000_rate3p33_reuse00_seed1,NEAREST_MIGRATE_KV,53,0.0,337.532106,0.0,1006.346862,0.0,1343.878968,783.0769390407934,2.1168539256599672e-05,0.0,274.13816117835523,1343.878968,1057.2151213876878,1057.2151213876878
input6000_rate3p33_reuse00_seed1,NEAREST_MIGRATE_KV,55,0.0,907.177378,0.0,1016.518646,1.1368683772161603e-13,1923.696024,783.184218796812,2.1168539256599672e-05,0.0,837.3465849315259,1923.6960239999999,1620.5308248968772,1620.5308248968772
input6000_rate3p33_reuse00_seed1,NEAREST_MIGRATE_KV,59,0.0,456.230145,0.0,1029.671939,0.0,1485.902084,783.5752708106867,2.1168539256599672e-05,0.0,269.1192691571004,1485.902084,1052.6945611363262,1052.6945611363262
input6000_rate3p33_reuse00_seed1,NEAREST_MIGRATE_KV,49,0.0,9.16488,0.0,718.389554,0.0,727.554434,783.9040313533247,2.1168539256599672e-05,0.0,56.28806060809586,727.554434,840.1921131299598,840.1921131299598
input6000_rate3p33_reuse00_seed1,NEAREST_MIGRATE_KV,65,0.0,314.080691,0.0,975.752159,0.0,1289.83285,783.9144132651975,2.1168539256599672e-05,0.00029906361297728494,277.4193996204079,1289.83285,1061.3341331177576,1061.3341331177576
input6000_rate3p33_reuse00_seed1,NEAREST_MIGRATE_KV,70,0.0,13.647139,0.0,753.222684,0.0,766.869823,783.9040313533247,2.1168539256599672e-05,0.004020867333817387,70.78750264989633,766.869823,854.6955760390941,854.6955760390941
input6000_rate3p33_reuse00_seed1,NEAREST_MIGRATE_KV,88,0.0,20.054051,0.0,766.769582,0.0,786.823633,783.7102356650328,2.1168539256599672e-05,0.0002339019465566768,54.5958886024276,786.823633,838.3063793379462,838.3063793379462
input6000_rate3p33_reuse00_seed1,NEAREST_MIGRATE_KV,106,0.0,22.046029,0.0,756.606398,0.0,778.652427,783.9005707160338,2.1168539256599672e-05,0.0,51.66020503909366,778.652427,835.5607969236668,835.5607969236668
input6000_rate3p33_reuse00_seed1,NEAREST_MIGRATE_KV,107,0.0,2.507429,0.0,766.0506,0.0,768.558029,783.890188804161,2.1168539256599672e-05,0.400744547602493,53.9222740217344,768.558029,838.2132285420371,838.2132285420371
input6000_rate3p33_reuse00_seed1,NEAREST_MIGRATE_KV,136,0.0,19.817834,0.0,749.520015,1.1368683772161603e-13,769.337849,783.0665571289205,2.1168539256599672e-05,0.0,59.32576098883793,769.3378489999999,842.3923392862977,842.3923392862978
input6000_rate3p33_reuse00_seed1,NEAREST_MIGRATE_KV,163,0.0,19.289279,0.0,765.860486,0.0,785.149765,783.0838603153752,2.1168539256599672e-05,0.0014148334670061337,278.2424740831883,785.149765,1061.3277704005698,1061.3277704005698
input6000_rate3p33_reuse00_seed1,NEAREST_MIGRATE_KV,141,0.0,0.736978,0.0,756.33923,0.0,757.076208,783.3537900240674,2.1168539256599672e-05,0.0,61.633977511913,757.0762080000001,844.9877887045196,844.9877887045196
input6000_rate3p33_reuse00_seed1,NEAREST_MIGRATE_KV,146,0.0,449.286106,0.0,1009.591551,0.0,1458.877657,783.4333846817588,2.1168539256599672e-05,0.009870419352789808,283.26753669375415,1458.877657,1066.710812963405,1066.710812963405
input6000_rate3p33_reuse00_seed1,NEAREST_MIGRATE_KV,131,0.0,7.773997,0.0,749.896977,0.0,757.670974,783.748302675233,2.1168539256599672e-05,0.0,54.55059145514954,757.670974,838.2989152989219,838.2989152989219
input6000_rate3p33_reuse00_seed1,NEAREST_MIGRATE_KV,159,0.0,26.955474,0.0,759.46513,0.0,786.420604,783.3987783088495,2.1168539256599672e-05,0.002913668101080356,62.52857804583654,786.420604,845.9302911913264,845.9302911913264
input6000_rate3p33_reuse00_seed1,NEAREST_MIGRATE_KV,180,660.294015,27.217423,0.0,759.163076,6.773056999999881,1453.447571,783.1011635018298,2.1168539256599672e-05,38511.61464450577,73.79286000991213,1446.674514,39368.50868918605,39375.28174618605
input6000_rate3p33_reuse00_seed1,NEAREST_MIGRATE_KV,144,0.0,146.837314,0.0,1030.941084,0.0,1177.778398,783.9074919906157,2.1168539256599672e-05,0.0,271.9231864907755,1177.778398,1055.8306996499305,1055.8306996499305
input6000_rate3p33_reuse00_seed1,NEAREST_MIGRATE_KV,170,0.0,0.594409,0.0,765.81065,0.0,766.405059,783.9559409126886,2.1168539256599672e-05,0.00011072584903530993,74.64070423426662,766.405059,858.5967770413434,858.5967770413434
input6000_rate3p33_reuse00_seed1,NEAREST_MIGRATE_KV,196,7205.986712,27.421967,0.0,760.124721,0.0,7992.701064,783.4368453190497,2.1168539256599672e-05,38511.61420373794,73.20041419016162,7993.5334,39368.25148441569,39368.25148441569
input6000_rate3p33_reuse00_seed1,NEAREST_MIGRATE_KV,217,4285.229904,27.516399,0.0,757.058736,0.0,5067.657865,783.0700177662115,2.1168539256599672e-05,33179.632511394346,56.99240201450915,5069.805039,34019.69495234361,34019.69495234361
input6000_rate3p33_reuse00_seed1,NEAREST_MIGRATE_KV,195,6972.590549,27.493935,0.0,766.053545,5.677330000000666,7771.815359,783.5510463496503,2.1168539256599672e-05,38511.59747278394,61.95859647755769,7766.138029,39357.10713677968,39362.78446677968
input6000_rate3p33_reuse00_seed1,NEAREST_MIGRATE_KV,233,0.0,129.695223,0.0,762.225173,0.0,891.920396,783.2015219832667,2.1168539256599672e-05,0.7647391034696333,252.7899616807639,891.920396,1036.7562439360395,1036.7562439360395
input6000_rate3p33_reuse00_seed1,NEAREST_MIGRATE_KV,182,10057.94754,27.575791,0.0,766.669993,0.0,10850.477206,783.8521217939608,2.1168539256599672e-05,38511.62437949297,81.79614608456802,10852.193323999998,39377.27266854004,39377.27266854004
input6000_rate3p33_reuse00_seed1,NEAREST_MIGRATE_KV,238,0.0,24.789386,0.0,755.907276,0.0,780.696662,783.2153645324304,2.1168539256599672e-05,0.30924731484890455,56.448328699333885,780.6966620000001,839.9729617151525,839.9729617151525
input6000_rate3p33_reuse00_seed1,NEAREST_MIGRATE_KV,258,0.0,12.42397,0.0,761.906735,0.0,774.330705,783.2465102680487,2.1168539256599672e-05,0.0,67.6421710648777,774.3307050000001,850.8887025014657,850.8887025014657
input6000_rate3p33_reuse00_seed1,NEAREST_MIGRATE_KV,264,0.0,23.161737,0.0,766.690062,0.0,789.851799,783.1669156103574,2.1168539256599672e-05,1.3182066753485375,63.396504524806645,789.851799,847.8816479790518,847.8816479790518
input6000_rate3p33_reuse00_seed1,NEAREST_MIGRATE_KV,244,941.553149,27.299887,0.0,765.450262,0.0,1732.39936,783.7344601260693,2.1168539256599672e-05,38511.56297642399,68.7029502798337,1734.3032979999998,39364.000407998436,39364.000407998436
input6000_rate3p33_reuse00_seed1,NEAREST_MIGRATE_KV,241,0.0,156.916401,0.0,773.850845,0.0,930.767246,783.9074919906157,2.1168539256599672e-05,0.24877343427902787,257.4937481265961,930.7672460000001,1041.65003472003,1041.65003472003
input6000_rate3p33_reuse00_seed1,NEAREST_MIGRATE_KV,275,0.0,6.622403,0.0,770.846261,0.0,777.468664,783.5856527225595,2.1168539256599672e-05,0.6460401503706772,61.82905521203976,777.468664,846.0607692535092,846.0607692535092
input6000_rate3p33_reuse00_seed1,NEAREST_MIGRATE_KV,295,1501.734365,27.549839,0.0,764.038997,8.090859999999907,2301.414061,783.9282558143611,2.1168539256599672e-05,31483.659296694135,53.77977862966468,2293.323201,32321.3673523067,32329.4582123067
input6000_rate3p33_reuse00_seed1,NEAREST_MIGRATE_KV,7,0.0,0.13911,0.0,676.342498,1.1368683772161603e-13,676.481608,783.5925739971414,2.1168539256599672e-05,0.0,63.25494411719957,676.4816079999999,846.8475392828802,846.8475392828803
input6000_rate3p33_reuse00_seed1,NEAREST_MIGRATE_KV,31,0.0,11.8747,0.0,706.07198,0.0,717.94668,783.1184666882845,2.1168539256599672e-05,0.0,68.31587023687732,717.94668,851.434358093701,851.434358093701
input6000_rate3p33_reuse00_seed1,NEAREST_MIGRATE_KV,26,0.0,9.832922,0.0,695.666028,0.0,705.49895,783.9005707160338,2.1168539256599672e-05,0.0,60.94182443020159,705.49895,844.8424163147747,844.8424163147747
input6000_rate3p33_reuse00_seed1,NEAREST_MIGRATE_KV,29,0.0,4.008867,0.0,700.41721,0.0,704.426077,783.9524802753976,2.1168539256599672e-05,0.0,62.97071913491003,704.426077,846.9232205788469,846.9232205788469
input6000_rate3p33_reuse00_seed1,NEAREST_MIGRATE_KV,47,0.0,14.038515,0.0,710.150702,0.0,724.189217,783.2534315426306,2.1168539256599672e-05,0.0,63.267047850595105,724.189217,846.520500561765,846.520500561765
input6000_rate3p33_reuse00_seed1,NEAREST_MIGRATE_KV,38,0.0,12.982509,0.0,710.393646,0.0,723.376155,783.9974685601798,2.1168539256599672e-05,0.0,67.24872869570741,723.376155,851.2462184244264,851.2462184244264
input6000_rate3p33_reuse00_seed1,NEAREST_MIGRATE_KV,62,0.0,433.627317,0.0,999.072563,0.0,1432.69988,783.3053411019945,2.1168539256599672e-05,0.0,274.52788549694867,1432.69988,1057.8332477674824,1057.8332477674824
input6000_rate3p33_reuse00_seed1,NEAREST_MIGRATE_KV,79,0.0,1.761487,0.0,735.040053,1.1368683772161603e-13,736.80154,783.2707347290852,2.1168539256599672e-05,0.0,61.94487654915601,736.8015399999999,845.2156324467805,845.2156324467807
input6000_rate3p33_reuse00_seed1,NEAREST_MIGRATE_KV,61,0.0,11.624593,0.0,730.424873,0.0,742.049466,783.9144132651975,2.1168539256599672e-05,0.0,59.6326072553143,742.049466,843.5470416890511,843.5470416890511
input6000_rate3p33_reuse00_seed1,NEAREST_MIGRATE_KV,68,0.0,633.862632,0.0,969.695778,0.6250320000000329,1604.183442,783.9213345397793,2.1168539256599672e-05,17322.565373721976,305.87453009946125,1603.55841,18412.361259529756,18412.986291529756
input6000_rate3p33_reuse00_seed1,NEAREST_MIGRATE_KV,101,0.0,124.282776,0.0,774.508821,0.0,898.791597,783.0146475695567,2.1168539256599672e-05,0.0028712320640807,257.3680095029614,898.791597,1040.3855494731215,1040.3855494731215
input6000_rate3p33_reuse00_seed1,NEAREST_MIGRATE_KV,86,0.0,20.200764,0.0,743.647864,0.0,763.848628,783.9040313533247,2.1168539256599672e-05,0.0,55.030659939415706,763.8486280000001,838.9347124612797,838.9347124612797
input6000_rate3p33_reuse00_seed1,NEAREST_MIGRATE_KV,114,0.0,15.667976,0.0,760.313214,1.6511020000000372,777.632292,783.9144132651975,2.1168539256599672e-05,7347.563127173694,48.154573624603465,775.98119,8179.632135232034,8181.283237232034
input6000_rate3p33_reuse00_seed1,NEAREST_MIGRATE_KV,99,0.0,22.614549,0.0,754.087661,0.0,776.70221,784.7761119506381,2.1168539256599672e-05,0.0,51.76622004836408,776.70221,836.5423531675415,836.5423531675415
input6000_rate3p33_reuse00_seed1,NEAREST_MIGRATE_KV,149,0.0,12.376447,0.0,734.18131,0.0,746.557757,783.2603528172124,2.1168539256599672e-05,0.0,57.53732572284072,746.557757,840.7976997085924,840.7976997085924
input6000_rate3p33_reuse00_seed1,NEAREST_MIGRATE_KV,168,0.0,690.511394,0.0,1038.75812,1.9654709999999795,1731.234985,783.1634549730665,2.1168539256599672e-05,16825.28128439046,300.6999690895444,1729.269514,17909.14472962161,17911.11020062161
input6000_rate3p33_reuse00_seed1,NEAREST_MIGRATE_KV,160,0.0,92.370094,0.0,1020.452454,2.8014429999999493,1115.623991,783.2880379155398,2.1168539256599672e-05,21672.858503280277,273.5437403163248,1112.822548,22729.69030268068,22732.49174568068
input6000_rate3p33_reuse00_seed1,NEAREST_MIGRATE_KV,181,1378.939954,27.131503,0.0,751.669527,0.0,2157.455675,783.2153645324304,2.1168539256599672e-05,38511.59463953455,66.59855577995536,2157.740984,39361.40858101548,39361.40858101548
input6000_rate3p33_reuse00_seed1,NEAREST_MIGRATE_KV,164,0.0,868.75824,0.0,1029.122714,5.9014320000001135,1903.782386,783.3503293867765,2.1168539256599672e-05,7946.252653703018,846.4902025800518,1897.8809540000002,9576.093206838386,9581.994638838387
input6000_rate3p33_reuse00_seed1,NEAREST_MIGRATE_KV,161,0.0,835.506477,0.0,1023.873,0.0,1859.379477,783.8002122345969,2.1168539256599672e-05,0.0,826.7158122109354,1859.379477,1610.5160456140716,1610.5160456140716
input6000_rate3p33_reuse00_seed1,NEAREST_MIGRATE_KV,169,0.0,1253.815834,0.0,1068.571252,2.2737367544323206e-13,2322.387086,783.8209760583425,2.1168539256599672e-05,0.0,849.2804541863327,2322.3870859999997,1633.1014514132144,1633.1014514132146
input6000_rate3p33_reuse00_seed1,NEAREST_MIGRATE_KV,157,0.0,17.400862,0.0,741.581499,0.0,758.982361,783.9317164516522,2.1168539256599672e-05,0.0,60.728039046443826,758.982361,844.6597766666353,844.6597766666353
input6000_rate3p33_reuse00_seed1,NEAREST_MIGRATE_KV,175,0.0,969.939066,0.0,970.505428,0.0,1940.444494,783.8971100787428,2.1168539256599672e-05,2.9636752003682734,817.3267965007913,1940.444494,1604.1876029484415,1604.1876029484415
input6000_rate3p33_reuse00_seed1,NEAREST_MIGRATE_KV,179,10662.20624,27.477519,0.0,765.257473,0.0,11446.160441,783.8417398820881,2.1168539256599672e-05,38413.155618233926,41.65979222844344,11454.941232,39238.657171513,39238.657171513
input6000_rate3p33_reuse00_seed1,NEAREST_MIGRATE_KV,185,13274.481739,27.488559,0.0,767.865744,0.0,14068.007141,783.4956761529954,2.1168539256599672e-05,38503.879584519396,81.50091309078141,14069.836042,39368.87619493171,39368.87619493171
input6000_rate3p33_reuse00_seed1,NEAREST_MIGRATE_KV,205,11900.916062,27.527119,0.0,762.085128,6.342566000000261,12696.870875,783.1461517866119,2.1168539256599672e-05,38484.2760898757,54.41379874597518,12690.528309000001,39321.836061576825,39328.178627576825
input6000_rate3p33_reuse00_seed1,NEAREST_MIGRATE_KV,245,586.514034,27.093896,0.0,761.733729,0.7011029999999892,1376.042762,783.236128356176,2.1168539256599672e-05,38472.53760388092,57.46040048250238,1375.3416590000002,39313.23415388814,39313.93525688814
input6000_rate3p33_reuse00_seed1,NEAREST_MIGRATE_KV,246,956.572482,27.351183,0.0,771.108853,0.0,1753.358945,783.2222858070122,2.1168539256599672e-05,38479.98511053005,64.94313949823054,1755.032518,39328.15055700383,39328.15055700383
input6000_rate3p33_reuse00_seed1,NEAREST_MIGRATE_KV,197,11581.513033,27.489807,0.0,764.644659,2.2491800000001376,12375.896679,783.8659643431245,2.1168539256599672e-05,38499.33807339941,73.34800349599197,12373.647498999999,39356.55206240707,39358.80124240707
input6000_rate3p33_reuse00_seed1,NEAREST_MIGRATE_KV,219,8800.828364,27.476047,0.0,768.306339,0.0,9595.192658,783.606416546305,2.1168539256599672e-05,38475.47391075381,56.73841339723394,9596.610750000002,39315.81876186589,39315.81876186589
input6000_rate3p33_reuse00_seed1,NEAREST_MIGRATE_KV,270,1441.90819,27.290415,0.0,773.906386,0.0,2239.920114,783.3676325732312,2.1168539256599672e-05,38442.82588701144,50.20132561978664,2243.104991,39276.394866373,39276.394866373
input6000_rate3p33_reuse00_seed1,NEAREST_MIGRATE_KV,287,0.0,20.710263,0.0,768.150372,0.9431059999999434,789.803741,783.3330262003219,2.1168539256599672e-05,12113.072493504678,50.330866885304566,788.860635,12946.736407758845,12947.679513758845
input6000_rate3p33_reuse00_seed1,NEAREST_MIGRATE_KV,262,1408.60441,27.439631,0.0,766.252602,0.006069000000252345,2202.302712,783.9005707160338,2.1168539256599672e-05,38511.506021618916,53.883411642079004,2202.2966429999997,39349.290025145565,39349.29609414557
input6000_rate3p33_reuse00_seed1,NEAREST_MIGRATE_KV,266,1058.053536,26.6586,0.0,759.443324,4.95422700000006,1849.109687,783.8763462549973,2.1168539256599672e-05,38474.69665126622,51.68047804354702,1844.15546,39310.253496733305,39315.20772373331
input6000_rate3p33_reuse00_seed1,NEAREST_MIGRATE_KV,1,0.0,0.184905,0.0,676.342498,1.1368683772161603e-13,676.527403,783.6687080175417,2.1168539256599672e-05,0.0,62.96995333306013,676.5274029999999,846.6386825191411,846.6386825191412
input6000_rate3p33_reuse00_seed1,NEAREST_MIGRATE_KV,19,0.0,456.288155,0.0,970.085905,1.1368683772161603e-13,1426.37406,783.7656058616876,2.1168539256599672e-05,0.0,625.0570370419977,1426.37406,1408.8226640722246,1408.8226640722246
input6000_rate3p33_reuse00_seed1,NEAREST_MIGRATE_KV,18,0.0,10.557183,0.0,708.393135,0.0,718.950318,783.8659643431245,2.1168539256599672e-05,0.0,61.07136569571952,718.950318,844.9373512073832,844.9373512073832
input6000_rate3p33_reuse00_seed1,NEAREST_MIGRATE_KV,21,0.0,185.320024,0.0,938.730666,0.0,1124.05069,783.9040313533247,2.1168539256599672e-05,0.0,283.45183412604473,1124.05069,1067.3558866479088,1067.3558866479088
input6000_rate3p33_reuse00_seed1,NEAREST_MIGRATE_KV,48,0.0,15.890562,0.0,717.194674,0.0,733.085236,783.2084432578486,2.1168539256599672e-05,0.0,65.65865809875373,733.085236,848.8671225251416,848.8671225251416
input6000_rate3p33_reuse00_seed1,NEAREST_MIGRATE_KV,42,0.0,8.659554,0.0,717.76997,1.1368683772161603e-13,726.429524,783.3710932105221,2.1168539256599672e-05,0.0,61.66640512394568,726.4295239999999,845.037519503007,845.0375195030072
input6000_rate3p33_reuse00_seed1,NEAREST_MIGRATE_KV,33,0.0,1.482419,0.0,710.625774,0.0,712.108193,783.8971100787428,2.1168539256599672e-05,0.0,60.85758031196174,712.108193,844.7547115592438,844.7547115592438
input6000_rate3p33_reuse00_seed1,NEAREST_MIGRATE_KV,58,0.0,3.739867,0.0,723.97201,0.0,727.711877,783.8971100787428,2.1168539256599672e-05,0.0,61.92058449105859,727.711877,845.8177157383407,845.8177157383407
input6000_rate3p33_reuse00_seed1,NEAREST_MIGRATE_KV,66,0.0,13.484297,0.0,729.742914,0.0,743.227211,783.8971100787428,2.1168539256599672e-05,0.0,68.1913045766911,743.227211,852.0884358239732,852.0884358239732
input6000_rate3p33_reuse00_seed1,NEAREST_MIGRATE_KV,81,0.0,23.022,0.0,736.020149,0.0,759.042149,783.9005707160338,2.1168539256599672e-05,0.0,56.203816489855996,759.042149,840.1044083744291,840.1044083744291
input6000_rate3p33_reuse00_seed1,NEAREST_MIGRATE_KV,85,0.0,15.857904,0.0,744.400536,0.0,760.25844,783.9005707160338,2.1168539256599672e-05,0.0,62.474536575488486,760.25844,846.3751284600615,846.3751284600615
input6000_rate3p33_reuse00_seed1,NEAREST_MIGRATE_KV,109,0.0,2.006743,0.0,729.076922,0.0,731.083665,783.049253942466,2.1168539256599672e-05,0.0,60.647932290277026,731.083665,843.6972074012822,843.6972074012822
input6000_rate3p33_reuse00_seed1,NEAREST_MIGRATE_KV,120,0.0,6.615262,0.0,738.141797,0.0,744.757059,783.094242227248,2.1168539256599672e-05,0.0,64.92594185107438,744.757059,848.0202052468616,848.0202052468616
input6000_rate3p33_reuse00_seed1,NEAREST_MIGRATE_KV,117,0.0,13.521394,0.0,739.281615,0.0,752.803009,783.4160814953041,2.1168539256599672e-05,0.0,61.49800147877238,752.803009,844.9141041426157,844.9141041426157
input6000_rate3p33_reuse00_seed1,NEAREST_MIGRATE_KV,177,0.0,61.159832,0.0,994.103322,0.0,1055.263154,783.0354113933022,2.1168539256599672e-05,0.0,283.1991411065865,1055.263154,1066.2345736684279,1066.2345736684279
input6000_rate3p33_reuse00_seed1,NEAREST_MIGRATE_KV,155,0.0,11.995948,0.0,726.435257,0.0,738.431205,783.3434081121947,2.1168539256599672e-05,0.0,70.36116306976949,738.431205,853.7045923505034,853.7045923505034
input6000_rate3p33_reuse00_seed1,NEAREST_MIGRATE_KV,174,0.0,151.145668,0.0,1022.042117,1.1368683772161603e-13,1173.187785,783.3122623765763,2.1168539256599672e-05,0.0,280.024098626581,1173.187785,1063.3363821716966,1063.3363821716966
input6000_rate3p33_reuse00_seed1,NEAREST_MIGRATE_KV,154,0.0,2.018067,0.0,713.849793,0.0,715.86786,783.6860112039964,2.1168539256599672e-05,0.0,59.42457542863572,715.86786,843.1106078011713,843.1106078011713
input6000_rate3p33_reuse00_seed1,NEAREST_MIGRATE_KV,166,0.0,13.570686,0.0,735.742732,0.0,749.313418,783.9040313533247,2.1168539256599672e-05,0.0,63.054878661843496,749.3134180000001,846.9589311837075,846.9589311837075
input6000_rate3p33_reuse00_seed1,NEAREST_MIGRATE_KV,172,0.0,5.584325,0.0,749.07592,0.0,754.660245,783.9144132651975,2.1168539256599672e-05,0.0,65.23922288517346,754.660245,849.1536573189102,849.1536573189102
input6000_rate3p33_reuse00_seed1,NEAREST_MIGRATE_KV,191,0.0,19.028883,0.0,737.155933,0.0,756.184816,783.890188804161,2.1168539256599672e-05,0.0,60.78629032027369,756.184816,844.676500292974,844.676500292974
input6000_rate3p33_reuse00_seed1,NEAREST_MIGRATE_KV,211,0.0,22.616964,0.0,743.38559,0.0,766.002554,783.3676325732312,2.1168539256599672e-05,0.0,55.97554537584668,766.002554,839.3431991176171,839.3431991176171
input6000_rate3p33_reuse00_seed1,NEAREST_MIGRATE_KV,223,0.0,16.809261,0.0,747.185614,0.0,763.994875,783.1496124239028,2.1168539256599672e-05,0.0,59.01486195159492,763.994875,842.164495544037,842.164495544037
input6000_rate3p33_reuse00_seed1,NEAREST_MIGRATE_KV,232,0.0,24.170537,0.0,744.89747,0.0,769.068007,783.9247951770702,2.1168539256599672e-05,0.0,57.27334002788194,769.068007,841.1981563734914,841.1981563734914
input6000_rate3p33_reuse00_seed1,NEAREST_MIGRATE_KV,236,0.0,20.774037,0.0,742.78342,0.0,763.557457,783.9109526279066,2.1168539256599672e-05,0.0,57.32515653408912,763.557457,841.2361303305349,841.2361303305349
input6000_rate3p33_reuse00_seed1,NEAREST_MIGRATE_KV,263,0.0,7.065096,0.0,744.950916,0.0,752.016012,783.0700177662115,2.1168539256599672e-05,0.0,61.63321171006311,752.016012,844.7032506448139,844.7032506448139
input6000_rate3p33_reuse00_seed1,NEAREST_MIGRATE_KV,268,0.0,13.791106,0.0,738.699315,0.0,752.490421,783.1703762476484,2.1168539256599672e-05,0.0,61.25754204006114,752.490421,844.4279394562487,844.4279394562487
input6000_rate3p33_reuse00_seed1,NEAREST_MIGRATE_KV,251,0.0,2.423438,0.0,741.893634,0.0,744.317072,783.8832675295791,2.1168539256599672e-05,0.0,58.58899197039194,744.317072,842.4722806685104,842.4722806685104
input6000_rate3p33_reuse00_seed1,NEAREST_MIGRATE_KV,283,0.0,1.772227,0.0,735.007109,0.0,736.779336,783.5994952717232,2.1168539256599672e-05,0.0,60.81143277152739,736.7793360000001,844.4109492117898,844.4109492117898
input6000_rate3p33_reuse00_seed1,NEAREST_MIGRATE_KV,289,0.0,9.734324,0.0,736.094721,0.0,745.829045,783.9005707160338,2.1168539256599672e-05,0.0,58.52422133763297,745.8290450000001,842.424813222206,842.424813222206
input6000_rate3p33_reuse00_seed1,NEAREST_MIGRATE_KV,4,0.0,0.158929,0.0,676.342498,1.1368683772161603e-13,676.501427,783.7413814006511,2.1168539256599672e-05,0.0,62.697916675472484,676.5014269999999,846.4393192446629,846.439319244663
input6000_rate3p33_reuse00_seed1,NEAREST_MIGRATE_KV,11,0.0,0.47118,0.0,694.323116,0.0,694.794296,783.9178739024884,2.1168539256599672e-05,0.0,64.26046282431645,694.794296,848.1783578953441,848.1783578953441
input6000_rate3p33_reuse00_seed1,NEAREST_MIGRATE_KV,23,0.0,7.743663,0.0,706.083532,0.0,713.827195,783.3088017392854,2.1168539256599672e-05,0.0,64.2199842496549,713.827195,847.5288071574796,847.5288071574796
input6000_rate3p33_reuse00_seed1,NEAREST_MIGRATE_KV,16,0.0,11.071715,0.0,700.00313,0.0,711.074845,783.7379207633602,2.1168539256599672e-05,0.0,63.77387498112115,711.0748450000001,847.5118169130207,847.5118169130207
input6000_rate3p33_reuse00_seed1,NEAREST_MIGRATE_KV,27,0.0,14.131229,0.0,710.441006,0.0,724.572235,783.187679434103,2.1168539256599672e-05,0.0,63.51317625507916,724.572235,846.7008768577214,846.7008768577214
input6000_rate3p33_reuse00_seed1,NEAREST_MIGRATE_KV,80,0.0,0.311492,0.0,699.473818,0.0,699.78531,783.0665571289205,2.1168539256599672e-05,0.0,69.67038455904266,699.7853100000001,852.7369628565025,852.7369628565025
input6000_rate3p33_reuse00_seed1,NEAREST_MIGRATE_KV,90,0.0,210.354804,0.0,952.769172,0.0,1163.123976,783.3088017392854,2.1168539256599672e-05,0.0,283.77114276616794,1163.123976,1067.0799656739925,1067.0799656739925
input6000_rate3p33_reuse00_seed1,NEAREST_MIGRATE_KV,100,0.0,2.465646,0.0,730.795314,0.0,733.26096,783.045793305175,2.1168539256599672e-05,0.0,68.49070864967331,733.26096,851.5365231233876,851.5365231233876
input6000_rate3p33_reuse00_seed1,NEAREST_MIGRATE_KV,74,0.0,0.000354,0.0,676.342498,0.0,676.342852,783.8936494414519,2.1168539256599672e-05,0.0,62.127935107193636,676.342852,846.0216057171848,846.0216057171848
input6000_rate3p33_reuse00_seed1,NEAREST_MIGRATE_KV,77,0.0,5.561507,0.0,693.93438,0.0,699.495887,783.9178739024884,2.1168539256599672e-05,0.0,262.907907839722,699.495887,1046.8258029107496,1046.8258029107496
input6000_rate3p33_reuse00_seed1,NEAREST_MIGRATE_KV,105,0.0,13.359231,0.0,745.824568,0.0,759.183799,783.1772975222302,2.1168539256599672e-05,0.0,65.67804699292824,759.183799,848.8553656836978,848.8553656836978
input6000_rate3p33_reuse00_seed1,NEAREST_MIGRATE_KV,95,0.0,13.191575,0.0,716.584562,0.0,729.776137,783.5095187021591,2.1168539256599672e-05,0.0,64.53164908874781,729.7761370000001,848.0411889594461,848.0411889594461
input6000_rate3p33_reuse00_seed1,NEAREST_MIGRATE_KV,89,0.0,10.750698,0.0,718.684879,0.0,729.435577,783.9005707160338,2.1168539256599672e-05,0.0,68.77164666304608,729.435577,852.6722385476191,852.6722385476191
input6000_rate3p33_reuse00_seed1,NEAREST_MIGRATE_KV,122,0.0,7.169865,0.0,760.835895,0.0,768.00576,783.1288486001572,2.1168539256599672e-05,0.0005890924609098742,60.1555908900025,768.00576,843.2850497511598,843.2850497511598
input6000_rate3p33_reuse00_seed1,NEAREST_MIGRATE_KV,103,0.0,221.485179,0.0,745.723488,0.0,967.208667,783.9040313533247,2.1168539256599672e-05,0.0,267.1626678486984,967.208667,1051.0667203705625,1051.0667203705625
input6000_rate3p33_reuse00_seed1,NEAREST_MIGRATE_KV,113,0.0,20.616539,0.0,755.59952,0.0,776.216059,783.9040313533247,2.1168539256599672e-05,0.0,61.79747799316334,776.216059,845.7015305150273,845.7015305150273
input6000_rate3p33_reuse00_seed1,NEAREST_MIGRATE_KV,132,2186.451312,25.615053,0.0,761.465324,0.0,2965.086541,783.7690664989785,2.1168539256599672e-05,38441.40702554816,56.12956944929972,2973.5316890000004,39281.30568266498,39281.30568266498
input6000_rate3p33_reuse00_seed1,NEAREST_MIGRATE_KV,173,0.0,20.146676,0.0,745.832718,0.0,765.979394,783.2395889934669,2.1168539256599672e-05,0.0,56.454848058262996,765.979394,839.6944582202691,839.6944582202691
input6000_rate3p33_reuse00_seed1,NEAREST_MIGRATE_KV,176,0.0,74.215392,0.0,753.352565,0.0,827.567957,783.8763462549973,2.1168539256599672e-05,0.0,256.1248598508492,827.567957,1040.0012272743857,1040.0012272743857
input6000_rate3p33_reuse00_seed1,NEAREST_MIGRATE_KV,187,0.0,0.623773,0.0,746.004374,3.759006999999997,750.387154,783.8971100787428,2.1168539256599672e-05,12881.155124838946,48.316542502154064,746.628147,13713.368798588383,13717.127805588383
input6000_rate3p33_reuse00_seed1,NEAREST_MIGRATE_KV,210,0.0,18.758557,0.0,726.738748,0.0,745.497305,783.0596358543387,2.1168539256599672e-05,0.0,60.60906991062164,745.497305,843.6687269334996,843.6687269334996
input6000_rate3p33_reuse00_seed1,NEAREST_MIGRATE_KV,214,0.0,15.563379,0.0,735.879653,0.0,751.443032,783.0388720305932,2.1168539256599672e-05,0.0,65.13320787590307,751.443032,848.1721010750356,848.1721010750356
input6000_rate3p33_reuse00_seed1,NEAREST_MIGRATE_KV,212,0.0,21.255935,0.0,735.607738,0.0,756.863673,783.2326677188851,2.1168539256599672e-05,0.0,62.184570186017375,756.8636730000001,845.4172590734418,845.4172590734418
input6000_rate3p33_reuse00_seed1,NEAREST_MIGRATE_KV,218,0.0,129.569167,0.0,741.967026,0.0,871.536193,783.4091602207222,2.1168539256599672e-05,0.0,265.6316989187309,871.536193,1049.0408803079924,1049.0408803079924
input6000_rate3p33_reuse00_seed1,NEAREST_MIGRATE_KV,231,0.0,471.089093,0.0,990.33989,0.0,1461.428983,783.0700177662115,2.1168539256599672e-05,0.0018277398541630403,277.19679747217134,1461.428983,1060.2686641467762,1060.2686641467762
input6000_rate3p33_reuse00_seed1,NEAREST_MIGRATE_KV,230,0.0,21.362338,0.0,764.845835,0.0,786.208173,783.3537900240674,2.1168539256599672e-05,0.0,63.8571841148983,786.208173,847.210995307505,847.210995307505
input6000_rate3p33_reuse00_seed1,NEAREST_MIGRATE_KV,227,0.0,3.484523,0.0,746.508744,0.0,749.993267,783.7898303227241,2.1168539256599672e-05,0.0,63.385166593261005,749.993267,847.1750180845244,847.1750180845244
input6000_rate3p33_reuse00_seed1,NEAREST_MIGRATE_KV,247,0.0,16.451867,0.0,765.420568,0.0,781.872435,783.1288486001572,2.1168539256599672e-05,0.0,54.54897526014333,781.872435,837.6778450288398,837.6778450288398
input6000_rate3p33_reuse00_seed1,NEAREST_MIGRATE_KV,280,0.0,3.130255,0.0,735.455093,1.144384999999943,739.729733,783.6375622819234,2.1168539256599672e-05,15179.582979717388,65.8062474045841,738.5853480000001,16029.026810572435,16030.171195572435
input6000_rate3p33_reuse00_seed1,NEAREST_MIGRATE_KV,292,0.0,5.071321,0.0,722.365308,1.7267899999999372,729.163419,783.2257464443031,2.1168539256599672e-05,19827.611393459258,62.237270802503346,727.436629,20673.074431874604,20674.801221874604
input6000_rate3p33_reuse00_seed1,NEAREST_MIGRATE_KV,35,0.0,13.648895,0.0,693.948268,0.0,707.597163,783.329565563031,2.1168539256599672e-05,0.0,73.89358684764211,707.597163,857.2231735792124,857.2231735792124
input6000_rate3p33_reuse00_seed1,NEAREST_MIGRATE_KV,40,0.0,7.29089,0.0,699.696954,0.0,706.987844,783.1080847764117,2.1168539256599672e-05,0.0,69.51493504042116,706.987844,852.6230409853722,852.6230409853722
input6000_rate3p33_reuse00_seed1,NEAREST_MIGRATE_KV,46,0.0,7.954116,0.0,705.677452,0.0,713.631568,783.3018804647036,2.1168539256599672e-05,0.0,71.01271055650615,713.631568,854.314612189749,854.314612189749
input6000_rate3p33_reuse00_seed1,NEAREST_MIGRATE_KV,30,0.0,0.021093,0.0,676.342498,1.1368683772161603e-13,676.363591,783.938637726234,2.1168539256599672e-05,0.0,61.95953146202034,676.3635909999999,845.8981903567936,845.8981903567937
input6000_rate3p33_reuse00_seed1,NEAREST_MIGRATE_KV,64,0.0,410.91791,0.0,991.367235,0.0,1402.285145,783.1530730611937,2.1168539256599672e-05,0.0,276.34256373623924,1402.285145,1059.4956579659722,1059.4956579659722
input6000_rate3p33_reuse00_seed1,NEAREST_MIGRATE_KV,63,0.0,11.684401,0.0,723.674968,0.0,735.359369,783.7829090481423,2.1168539256599672e-05,0.0,61.285066488170884,735.359369,845.0679967048525,845.0679967048525
input6000_rate3p33_reuse00_seed1,NEAREST_MIGRATE_KV,82,0.0,17.553934,0.0,729.678946,0.0,747.23288,783.3918570342676,2.1168539256599672e-05,0.0,66.03509357060561,747.23288,849.4269717734124,849.4269717734124
input6000_rate3p33_reuse00_seed1,NEAREST_MIGRATE_KV,67,0.0,961.527046,0.0,960.89569,0.0,1922.422736,783.8971100787428,2.1168539256599672e-05,0.0,837.1674282038801,1922.422736,1621.064559451162,1621.064559451162
input6000_rate3p33_reuse00_seed1,NEAREST_MIGRATE_KV,110,0.0,197.781586,0.0,1015.754964,0.0,1213.53655,783.2153645324304,2.1168539256599672e-05,0.0,259.4222555530149,1213.53655,1042.6376412539846,1042.6376412539846
input6000_rate3p33_reuse00_seed1,NEAREST_MIGRATE_KV,108,0.0,11.285263,0.0,736.03507,5.048226,752.368559,783.229207081594,2.1168539256599672e-05,15615.767322764415,58.7437094042861,747.320333,16457.740260418836,16462.788486418835
input6000_rate3p33_reuse00_seed1,NEAREST_MIGRATE_KV,94,0.0,9.400152,0.0,730.33741,0.0,739.737562,783.9074919906157,2.1168539256599672e-05,0.0,57.33811066064091,739.737562,841.2456238197958,841.2456238197958
input6000_rate3p33_reuse00_seed1,NEAREST_MIGRATE_KV,104,0.0,6.557145,0.0,730.587714,2.296954000000028,739.441813,783.5475857123593,2.1168539256599672e-05,9468.22092288388,53.00831831075891,737.144859,10304.776848075537,10307.073802075536
input6000_rate3p33_reuse00_seed1,NEAREST_MIGRATE_KV,115,0.0,191.383029,0.0,993.806444,0.0,1185.189473,783.322644288449,2.1168539256599672e-05,0.0,268.5903124952925,1185.1894730000001,1051.912977952281,1051.912977952281
input6000_rate3p33_reuse00_seed1,NEAREST_MIGRATE_KV,126,0.0,21.256644,0.0,752.411903,0.6212639999998828,774.289811,783.0561752170478,2.1168539256599672e-05,7517.668781402381,52.527399433336434,773.6685470000001,8353.252377221304,8353.873641221304
input6000_rate3p33_reuse00_seed1,NEAREST_MIGRATE_KV,129,0.0,93.879031,0.0,760.473987,1.1368683772161603e-13,854.353018,783.2153645324304,2.1168539256599672e-05,0.4454505710514646,256.70116441008065,854.353018,1040.3620006821018,1040.362000682102
input6000_rate3p33_reuse00_seed1,NEAREST_MIGRATE_KV,148,4186.749619,27.279791,0.0,766.41874,2.021537999999964,4982.469688,783.1011635018298,2.1168539256599672e-05,38425.22684068673,47.81538433740081,4980.44815,39256.1434096945,39258.1649476945
input6000_rate3p33_reuse00_seed1,NEAREST_MIGRATE_KV,127,0.0,1.893876,0.0,764.532976,1.1368683772161603e-13,766.426852,783.8971100787428,2.1168539256599672e-05,0.23235425913124258,53.896365768630794,766.4268519999999,838.025851275044,838.0258512750441
input6000_rate3p33_reuse00_seed1,NEAREST_MIGRATE_KV,143,2449.448991,27.419023,0.0,762.057588,2.942758999999569,3241.868361,783.9040313533247,2.1168539256599672e-05,38511.56826470825,60.63727556927488,3238.9256020000003,39356.10959279939,39359.052351799386
input6000_rate3p33_reuse00_seed1,NEAREST_MIGRATE_KV,139,3839.944357,27.333423,0.0,769.679613,0.48802500000033433,4637.445418,783.9074919906157,2.1168539256599672e-05,38434.62543260721,44.79707285083321,4636.957393,39263.33001861719,39263.81804361719
input6000_rate3p33_reuse00_seed1,NEAREST_MIGRATE_KV,203,0.0,8.049903,0.0,731.226831,1.1368683772161603e-13,739.276734,783.3468687494856,2.1168539256599672e-05,0.0,58.37367498293441,739.2767339999999,841.7205649009593,841.7205649009594
input6000_rate3p33_reuse00_seed1,NEAREST_MIGRATE_KV,216,0.0,444.493245,0.0,990.360591,0.0,1434.853836,783.1323092374481,2.1168539256599672e-05,0.0,273.9308951535266,1434.853836,1057.063225559514,1057.063225559514
input6000_rate3p33_reuse00_seed1,NEAREST_MIGRATE_KV,224,0.0,24.644264,0.0,746.047136,1.5437469999999394,772.235147,783.1253879628663,2.1168539256599672e-05,6751.580940076236,46.66170127244143,770.6914,7581.368050480084,7582.911797480084
input6000_rate3p33_reuse00_seed1,NEAREST_MIGRATE_KV,208,0.0,13.963962,0.0,734.007535,3.683975000000032,751.655472,783.7171569396147,2.1168539256599672e-05,12443.360519762504,47.92715290375042,747.971497,13275.004850774409,13278.688825774409
input6000_rate3p33_reuse00_seed1,NEAREST_MIGRATE_KV,215,0.0,15.56148,0.0,750.207524,0.0,765.769004,783.6375622819234,2.1168539256599672e-05,0.0,59.50873495556919,765.769004,843.1463184060318,843.1463184060318
input6000_rate3p33_reuse00_seed1,NEAREST_MIGRATE_KV,226,0.0,216.271032,0.0,750.823886,0.0,967.094918,783.9109526279066,2.1168539256599672e-05,0.0,250.95659117304206,967.094918,1034.8675649694878,1034.8675649694878
input6000_rate3p33_reuse00_seed1,NEAREST_MIGRATE_KV,256,0.0,880.630347,0.0,1018.450564,1.693271999999979,1900.774183,783.0388720305932,2.1168539256599672e-05,3069.133204901723,827.5855310375473,1899.080911,4679.757629138403,4681.450901138403
input6000_rate3p33_reuse00_seed1,NEAREST_MIGRATE_KV,252,0.0,2.686219,0.0,739.905783,0.0,742.592002,783.281116640958,2.1168539256599672e-05,0.0,57.459600963529965,742.5920020000001,840.7407387730271,840.7407387730271
input6000_rate3p33_reuse00_seed1,NEAREST_MIGRATE_KV,254,0.0,95.453557,0.0,750.791085,0.0,846.244642,783.281116640958,2.1168539256599672e-05,0.0,259.3441835473995,846.244642,1042.6253213568966,1042.6253213568966
input6000_rate3p33_reuse00_seed1,NEAREST_MIGRATE_KV,261,0.0,36.297247,0.0,762.718717,1.1368683772161603e-13,799.015964,783.2638134545034,2.1168539256599672e-05,0.3105582584559241,231.85569685764187,799.0159639999999,1015.4300897391405,1015.4300897391406
input6000_rate3p33_reuse00_seed1,NEAREST_MIGRATE_KV,255,0.0,483.24753,0.0,1026.132641,2.2727760000000217,1511.652947,783.4333846817588,2.1168539256599672e-05,11766.044940594296,262.4987589343667,1509.3801709999998,12811.977105378963,12814.249881378963
input6000_rate3p33_reuse00_seed1,NEAREST_MIGRATE_KV,277,0.0,12.64344,0.0,770.863708,0.0,783.507148,783.1011635018298,2.1168539256599672e-05,0.31648825227345956,60.25922390241685,783.507148,843.6768968250593,843.6768968250593
input6000_rate3p33_reuse00_seed1,NEAREST_MIGRATE_KV,286,0.0,4.270845,0.0,772.046043,0.0,776.316888,783.3157230138672,2.1168539256599672e-05,0.00040898132786509493,59.45606805620572,776.3168880000001,842.7722212199401,842.7722212199401
input6000_rate3p33_reuse00_seed1,NEAREST_MIGRATE_KV,298,0.0,17.806585,0.0,752.963888,0.0,770.770473,783.8971100787428,2.1168539256599672e-05,0.0,58.4399772193931,770.770473,842.3371084666752,842.3371084666752
input6000_rate3p33_reuse00_seed1,NEAREST_MIGRATE_KV,2,0.0,0.201515,0.0,676.342498,0.0,676.544013,783.0769390407934,2.1168539256599672e-05,0.0,65.1851089734166,676.544013,848.2620691827492,848.2620691827492
input6000_rate3p33_reuse00_seed1,NEAREST_MIGRATE_KV,10,0.0,8.146827,0.0,694.182924,0.0,702.329751,783.2949591901217,2.1168539256599672e-05,0.0,66.59220560363904,702.329751,849.8871859623,849.8871859623
input6000_rate3p33_reuse00_seed1,NEAREST_MIGRATE_KV,13,0.0,14.647212,0.0,699.909658,0.0,714.55687,783.1323092374481,2.1168539256599672e-05,0.0,69.4242561545586,714.55687,852.556586560546,852.556586560546
input6000_rate3p33_reuse00_seed1,NEAREST_MIGRATE_KV,71,0.0,12.822495,0.0,694.076268,0.0,706.898763,783.2257464443031,2.1168539256599672e-05,0.0,66.85128813467489,706.898763,850.0770557475173,850.0770557475173
input6000_rate3p33_reuse00_seed1,NEAREST_MIGRATE_KV,69,0.0,0.02689,0.0,676.342498,0.0,676.369388,783.6029559090141,2.1168539256599672e-05,0.0,63.2160817375442,676.369388,846.8190588150976,846.8190588150976
input6000_rate3p33_reuse00_seed1,NEAREST_MIGRATE_KV,98,0.0,0.975081,0.0,700.817274,0.0,701.792355,783.8382792447971,2.1168539256599672e-05,0.0,60.01479628424535,701.792355,843.8530966975818,843.8530966975818
input6000_rate3p33_reuse00_seed1,NEAREST_MIGRATE_KV,118,0.0,11.024509,0.0,694.884652,1.1368683772161603e-13,705.909161,783.1288486001572,2.1168539256599672e-05,0.0,63.830594651251275,705.9091609999999,846.9594644199477,846.9594644199478
input6000_rate3p33_reuse00_seed1,NEAREST_MIGRATE_KV,124,0.0,18.82378,0.0,700.369978,0.0,719.193758,783.2499709053396,2.1168539256599672e-05,0.0,65.60040682492385,719.1937579999999,848.8503988988027,848.8503988988027
input6000_rate3p33_reuse00_seed1,NEAREST_MIGRATE_KV,135,0.0,361.666546,0.0,953.86098,1.1368683772161603e-13,1315.527526,783.2741953663761,2.1168539256599672e-05,0.0,277.1338659779382,1315.527526,1060.4080825128535,1060.4080825128535
input6000_rate3p33_reuse00_seed1,NEAREST_MIGRATE_KV,134,0.0,11.357638,0.0,719.629679,0.0,730.987317,783.8763462549973,2.1168539256599672e-05,0.0,62.09550749516097,730.987317,845.9718749186975,845.9718749186975
input6000_rate3p33_reuse00_seed1,NEAREST_MIGRATE_KV,147,0.0,17.091402,0.0,717.134642,0.0,734.226044,783.6894718412873,2.1168539256599672e-05,0.0,63.858034508054615,734.226044,847.5475275178811,847.5475275178811
input6000_rate3p33_reuse00_seed1,NEAREST_MIGRATE_KV,199,0.0,173.194381,0.0,731.237886,0.0,904.432267,783.0181082068476,2.1168539256599672e-05,0.0,265.69453405149363,904.432267,1048.7126634268805,1048.7126634268805
input6000_rate3p33_reuse00_seed1,NEAREST_MIGRATE_KV,198,0.0,4.370259,0.0,731.288852,0.0,735.659111,783.0354113933022,2.1168539256599672e-05,0.0,64.08315782335802,735.659111,847.1185903851995,847.1185903851995
input6000_rate3p33_reuse00_seed1,NEAREST_MIGRATE_KV,206,0.0,12.856052,0.0,727.551141,0.0,740.407193,783.0630964916296,2.1168539256599672e-05,0.0,66.20273141392902,740.407193,849.2658490740979,849.2658490740979
input6000_rate3p33_reuse00_seed1,NEAREST_MIGRATE_KV,189,0.0,11.407008,0.0,725.789206,0.0,737.196214,783.8140547837606,2.1168539256599672e-05,0.0,57.78507032233094,737.196214,841.5991462746308,841.5991462746308
input6000_rate3p33_reuse00_seed1,NEAREST_MIGRATE_KV,221,0.0,19.37545,0.0,725.742468,0.0,745.117918,783.281116640958,2.1168539256599672e-05,0.0,63.16341483818076,745.117918,846.4445526476779,846.4445526476779
input6000_rate3p33_reuse00_seed1,NEAREST_MIGRATE_KV,229,0.0,10.032694,0.0,733.420381,0.0,743.453075,783.3572506613584,2.1168539256599672e-05,0.0,63.941428233138176,743.453075,847.2987000630359,847.2987000630359
input6000_rate3p33_reuse00_seed1,NEAREST_MIGRATE_KV,222,0.0,18.792498,0.0,724.60501,0.0,743.397508,783.8971100787428,2.1168539256599672e-05,0.0,67.12830039759424,743.397508,851.0254316448763,851.0254316448763
input6000_rate3p33_reuse00_seed1,NEAREST_MIGRATE_KV,243,0.0,149.696282,0.0,1004.430933,6.264662000000044,1160.391877,783.2603528172124,2.1168539256599672e-05,6450.478367704665,248.94872469868767,1154.127215,7482.687466389104,7488.9521283891045
input6000_rate3p33_reuse00_seed1,NEAREST_MIGRATE_KV,250,0.0,10.482526,0.0,755.378822,6.03124200000002,771.89259,783.2326677188851,2.1168539256599672e-05,7017.642627625232,48.483329952321206,765.861348,7849.358646464978,7855.389888464978
input6000_rate3p33_reuse00_seed1,NEAREST_MIGRATE_KV,257,0.0,3.028276,0.0,755.802627,0.0,758.830903,783.2638134545034,2.1168539256599672e-05,0.0,75.00832294163972,758.830903,858.2721575646824,858.2721575646824
input6000_rate3p33_reuse00_seed1,NEAREST_MIGRATE_KV,253,0.0,58.885196,0.0,770.261545,1.1368683772161603e-13,829.146741,783.5372038004865,2.1168539256599672e-05,0.0002774140464551212,247.98101388411976,829.1467409999999,1031.518516267192,1031.518516267192
input6000_rate3p33_reuse00_seed1,NEAREST_MIGRATE_KV,242,0.0,20.568876,0.0,750.819795,0.0,771.388671,783.7379207633602,2.1168539256599672e-05,0.0,57.97286286167872,771.388671,841.7108047935782,841.7108047935782
input6000_rate3p33_reuse00_seed1,NEAREST_MIGRATE_KV,276,0.0,22.281013,0.0,743.453443,0.0,765.734456,783.5718101733958,2.1168539256599672e-05,0.0,54.05104948540245,765.734456,837.6228808273374,837.6228808273374
input6000_rate3p33_reuse00_seed1,NEAREST_MIGRATE_KV,293,0.0,5.329445,0.0,744.267775,0.0,749.59722,783.1253879628663,2.1168539256599672e-05,0.0,59.10554083745747,749.59722,842.230949968863,842.230949968863
input6000_rate3p33_reuse00_seed1,NEAREST_MIGRATE_KV,299,0.0,12.269634,0.0,741.91296,0.0,754.182594,783.8002122345969,2.1168539256599672e-05,0.0,56.57948615985798,754.182594,840.3797195629941,840.3797195629941
input8000_rate2p5_reuse00_seed1,NEAREST_KV,5,0.0,0.009088,0.0,954.519522,0.0,954.52861,1021.890514932466,2.1168539256599672e-05,0.0,0.12781086106188155,954.5286100000001,1022.0183469620671,1022.0183469620671
input8000_rate2p5_reuse00_seed1,NEAREST_KV,7,0.0,345.084383,0.0,1211.748136,2.2737367544323206e-13,1556.832519,1022.0206497354309,2.1168539256599672e-05,0.0,166.66012784361456,1556.832519,1188.6807987475847,1188.680798747585
input8000_rate2p5_reuse00_seed1,NEAREST_KV,39,0.0,20.155717,0.0,988.424215,0.0,1008.579932,1029.470867205171,2.1168539256599672e-05,0.0,7.883744533681998,1008.579932,1037.3546329073924,1037.3546329073924
input8000_rate2p5_reuse00_seed1,NEAREST_KV,35,0.0,19.081449,0.0,979.895793,0.0,998.977242,1024.8185479991762,2.1168539256599672e-05,0.0,2.213101028864493,998.977242,1027.0316701965799,1027.0316701965799
input8000_rate2p5_reuse00_seed1,NEAREST_KV,71,0.0,4.600418,0.0,969.803708,0.0,974.404126,1029.145530197759,2.1168539256599672e-05,0.0,2.551292253257394,974.404126,1031.6968436195557,1031.6968436195557
input8000_rate2p5_reuse00_seed1,NEAREST_KV,74,0.0,0.792577,0.0,978.181169,0.0,978.973746,1028.6900583873817,2.1168539256599672e-05,0.0,7.00400710412999,978.973746,1035.694086660051,1035.694086660051
input8000_rate2p5_reuse00_seed1,NEAREST_KV,105,0.0,517.116427,0.0,1246.904513,0.0,1764.02094,1028.2996539784872,2.1168539256599672e-05,0.0,169.41991103122325,1764.0209399999999,1197.7195861782498,1197.7195861782498
input8000_rate2p5_reuse00_seed1,NEAREST_KV,109,0.0,3.094159,0.0,993.289679,0.0,996.383838,1027.9417832703336,2.1168539256599672e-05,0.0,11.386904388852884,996.383838,1039.3287088277257,1039.3287088277257
input8000_rate2p5_reuse00_seed1,NEAREST_KV,114,0.0,165.591995,0.0,1010.847029,0.0,1176.439024,1026.4126993354962,2.1168539256599672e-05,0.0,166.12907178904223,1176.439024,1192.5417922930776,1192.5417922930776
input8000_rate2p5_reuse00_seed1,NEAREST_KV,104,0.0,18.416879,0.0,996.295505,0.0,1014.712384,1025.4041546125181,2.1168539256599672e-05,0.0,2.352736161163911,1014.712384,1027.7569119422212,1027.7569119422212
input8000_rate2p5_reuse00_seed1,NEAREST_KV,144,0.0,14.094394,0.0,1027.364904,0.0,1041.459298,1028.1369854747809,2.1168539256599672e-05,0.0030899610516624855,4.3914812848667495,1041.459298,1032.5315778892386,1032.5315778892386
input8000_rate2p5_reuse00_seed1,NEAREST_KV,155,0.0,14.219852,0.0,1019.317664,1.1368683772161603e-13,1033.537516,1025.7294916199303,2.1168539256599672e-05,0.1470601075368747,12.24650839536065,1033.537516,1038.123081291367,1038.1230812913673
input8000_rate2p5_reuse00_seed1,NEAREST_KV,171,0.0,197.424686,0.0,1027.225891,0.0,1224.650577,1030.2842097237017,2.1168539256599672e-05,2.048323796718996e-06,159.31668976244964,1224.650577,1189.6009227030145,1189.6009227030145
input8000_rate2p5_reuse00_seed1,NEAREST_KV,146,0.0,554.429991,0.0,1284.272066,0.0,1838.702057,1022.0206497354309,2.1168539256599672e-05,0.268744910274352,169.18529638174445,1838.702057,1191.474712195989,1191.474712195989
input8000_rate2p5_reuse00_seed1,NEAREST_KV,169,0.0,13.474268,0.0,1013.211422,0.0,1026.68569,1022.1182508376546,2.1168539256599672e-05,0.0,6.130547872589325,1026.68569,1028.2488198787833,1028.2488198787833
input8000_rate2p5_reuse00_seed1,NEAREST_KV,173,0.0,780.296529,0.0,1283.07627,2.2737367544323206e-13,2063.372799,1022.0857171369134,2.1168539256599672e-05,0.41818878928154163,859.4013261468403,2063.3727989999998,1881.9052532415744,1881.9052532415747
input8000_rate2p5_reuse00_seed1,NEAREST_KV,215,0.0,4.862103,0.0,992.41143,0.0,997.273533,1022.0206497354309,2.1168539256599672e-05,0.0,1.5459553967672903,997.273533,1023.5666263007374,1023.5666263007374
input8000_rate2p5_reuse00_seed1,NEAREST_KV,238,0.0,1.50969,0.0,997.483457,0.0,998.993147,1027.8116484673687,2.1168539256599672e-05,0.0,2.2332344519087073,998.993147,1030.0449040878168,1030.0449040878168
input8000_rate2p5_reuse00_seed1,NEAREST_KV,239,0.0,706.215827,0.0,1244.958207,0.0,1951.174034,1022.0531834361722,2.1168539256599672e-05,0.0,167.29917748549698,1951.174034,1189.3523820902085,1189.3523820902085
input8000_rate2p5_reuse00_seed1,NEAREST_KV,253,0.0,13.862652,0.0,995.122631,0.0,1008.985283,1022.1182508376546,2.1168539256599672e-05,0.0,9.998310573208684,1008.985283,1032.1165825794026,1032.1165825794026
input8000_rate2p5_reuse00_seed1,NEAREST_KV,270,0.0,10.978722,0.0,1003.527114,1.1368683772161603e-13,1014.505836,1027.3561766569915,2.1168539256599672e-05,0.004847311345517264,4.2053011084675305,1014.5058359999999,1031.5663462453438,1031.566346245344
input8000_rate2p5_reuse00_seed1,NEAREST_KV,272,0.0,10.074845,0.0,1032.125958,0.0,1042.200803,1027.84418216811,2.1168539256599672e-05,5.098910085550859e-05,8.882983672489182,1042.2008030000002,1036.7272379982392,1036.7272379982392
input8000_rate2p5_reuse00_seed1,NEAREST_KV,275,0.0,415.64346,0.0,1315.286178,0.0,1730.929638,1027.8116484673687,2.1168539256599672e-05,0.00325868310505376,175.0651875251905,1730.929638,1202.8801158442036,1202.8801158442036
input8000_rate2p5_reuse00_seed1,NEAREST_KV,296,0.0,15.064289,0.0,1015.550798,0.0,1030.615087,1027.6164462629213,2.1168539256599672e-05,6.336446359798692e-05,4.960918420420043,1030.615087,1032.5774492163441,1032.5774492163441
input8000_rate2p5_reuse00_seed1,NEAREST_KV,14,0.0,0.016915,0.0,954.519522,0.0,954.536437,1029.8287379133246,2.1168539256599672e-05,0.0,2.020642654453958,954.5364370000001,1031.8494017363178,1031.8494017363178
input8000_rate2p5_reuse00_seed1,NEAREST_KV,18,0.0,332.846174,0.0,1211.748136,0.0,1544.59431,1028.1044517740397,2.1168539256599672e-05,0.0,168.1107817180585,1544.59431,1196.2152546606376,1196.2152546606376
input8000_rate2p5_reuse00_seed1,NEAREST_KV,33,0.0,0.985332,0.0,978.535377,0.0,979.520709,1030.056473818513,2.1168539256599672e-05,0.0,3.4620597122092747,979.520709,1033.5185546992616,1033.5185546992616
input8000_rate2p5_reuse00_seed1,NEAREST_KV,50,0.0,397.058645,0.0,1244.370689,0.0,1641.429334,1029.6335357088772,2.1168539256599672e-05,0.0,173.60573153319126,1641.4293340000002,1203.2392884106077,1203.2392884106077
input8000_rate2p5_reuse00_seed1,NEAREST_KV,41,0.0,5.859425,0.0,978.145009,0.0,984.004434,1026.9332385473558,2.1168539256599672e-05,0.0,6.585101707231736,984.004434,1033.5183614231269,1033.5183614231269
input8000_rate2p5_reuse00_seed1,NEAREST_KV,49,0.0,7.978225,0.0,993.627025,0.0,1001.60525,1022.476121545808,2.1168539256599672e-05,0.0,5.522323200286188,1001.60525,1027.9984659146335,1027.9984659146335
input8000_rate2p5_reuse00_seed1,NEAREST_KV,73,0.0,16.841727,0.0,988.514551,0.0,1005.356278,1024.0377391813868,2.1168539256599672e-05,0.0,2.7204781056180494,1005.356278,1026.7582384555442,1026.7582384555442
input8000_rate2p5_reuse00_seed1,NEAREST_KV,88,0.0,215.95868,0.0,1324.320164,0.0,1540.278844,1028.559923584417,2.1168539256599672e-05,1.629586724277928e-05,170.11326322455545,1540.278844,1198.673224273379,1198.673224273379
input8000_rate2p5_reuse00_seed1,NEAREST_KV,76,0.0,14.043528,0.0,994.499174,0.0,1008.542702,1022.0531834361722,2.1168539256599672e-05,0.0,6.808590111042186,1008.5427020000001,1028.8617947157536,1028.8617947157536
input8000_rate2p5_reuse00_seed1,NEAREST_KV,87,0.0,7.084377,0.0,1011.478341,0.0,1018.562718,1022.0857171369134,2.1168539256599672e-05,0.0,2.2550276646199947,1018.562718,1024.3407659700727,1024.3407659700727
input8000_rate2p5_reuse00_seed1,NEAREST_KV,89,0.0,1196.586408,0.0,1270.699692,0.0,2467.2861,1021.9555823339485,2.1168539256599672e-05,0.0008963610586335188,870.5780174690946,2467.2861,1892.534517332641,1892.534517332641
input8000_rate2p5_reuse00_seed1,NEAREST_KV,126,0.0,4.590611,0.0,1023.589179,0.0,1028.17979,1028.8201931903466,2.1168539256599672e-05,0.002667749378757395,5.941503445521626,1028.17979,1034.7643855537863,1034.7643855537863
input8000_rate2p5_reuse00_seed1,NEAREST_KV,113,0.0,9.128304,0.0,1026.883435,0.0,1036.011739,1022.0531834361722,2.1168539256599672e-05,7.57838588260012e-05,3.634384663575595,1036.011739,1025.6876650521458,1025.6876650521458
input8000_rate2p5_reuse00_seed1,NEAREST_KV,132,0.0,5.78684,0.0,1053.662071,0.0,1059.448911,1029.4057998036888,2.1168539256599672e-05,0.04312266187231316,10.642458531593185,1059.448911,1040.0914021656936,1040.0914021656936
input8000_rate2p5_reuse00_seed1,NEAREST_KV,141,0.0,18.732079,0.0,1051.468822,0.0,1070.200901,1028.6575246866405,2.1168539256599672e-05,0.05486346012388145,10.46403586254393,1070.2009010000002,1039.1764451778477,1039.1764451778477
input8000_rate2p5_reuse00_seed1,NEAREST_KV,156,0.0,3.323317,0.0,1045.769508,0.0,1049.092825,1029.5359346066534,2.1168539256599672e-05,0.040746117240365615,14.541251261612409,1049.0928250000002,1044.1179531540454,1044.1179531540454
input8000_rate2p5_reuse00_seed1,NEAREST_KV,150,0.0,21.896272,0.0,1036.23932,2.2737367544323206e-13,1058.135592,1022.8339922539615,2.1168539256599672e-05,0.0011919610906652462,8.38188479374697,1058.1355919999999,1031.2170901773384,1031.2170901773386
input8000_rate2p5_reuse00_seed1,NEAREST_KV,174,0.0,21.348348,0.0,1036.28059,0.0,1057.628938,1028.9828616940526,2.1168539256599672e-05,0.004743527036850011,10.541610936043604,1057.628938,1039.5292373256723,1039.5292373256723
input8000_rate2p5_reuse00_seed1,NEAREST_KV,166,467.434783,25.951992,0.0,1043.04396,8.295221000000083,1544.725956,1023.7449358747158,2.1168539256599672e-05,16722.930866705923,9.292652252698822,1536.430735,17755.968476001875,17764.263697001876
input8000_rate2p5_reuse00_seed1,NEAREST_KV,181,4278.108183,25.853944,0.0,1035.750043,4.583658000000014,5344.295828,1029.601002008136,2.1168539256599672e-05,7051.784014166821,15.29205231075084,5339.712170000001,8096.677089654247,8101.260747654247
input8000_rate2p5_reuse00_seed1,NEAREST_KV,190,3958.025709,25.789592,0.0,1026.068877,0.0,5008.011602,1029.893805314807,2.1168539256599672e-05,6953.39853706731,18.494346543081413,5009.884178,8001.786710093737,8001.786710093737
input8000_rate2p5_reuse00_seed1,NEAREST_KV,180,2536.673845,25.960984,0.0,1046.374678,0.0,3607.749764,1022.0206497354309,2.1168539256599672e-05,7398.8289135969935,12.7492670637699,3609.0095069999998,8433.598851564733,8433.598851564733
input8000_rate2p5_reuse00_seed1,NEAREST_KV,223,0.0,10.432739,0.0,1047.152886,0.0,1057.585625,1029.1780638985,2.1168539256599672e-05,0.040867116443617464,6.720393279524039,1057.5856250000002,1035.939345463007,1035.939345463007
input8000_rate2p5_reuse00_seed1,NEAREST_KV,231,0.0,17.030621,0.0,1043.017016,0.0,1060.047637,1029.601002008136,2.1168539256599672e-05,0.06785125183946483,10.689003575692986,1060.0476370000001,1040.3578780042078,1040.3578780042078
input8000_rate2p5_reuse00_seed1,NEAREST_KV,210,0.0,11.431199,0.0,1034.833951,0.0,1046.26515,1022.0857171369134,2.1168539256599672e-05,0.03303709190679887,5.029256677231125,1046.2651500000002,1027.1480320745907,1027.1480320745907
input8000_rate2p5_reuse00_seed1,NEAREST_KV,233,932.940127,25.866616,0.0,1033.047666,0.0,1991.284938,1028.4948561829344,2.1168539256599672e-05,26274.8697432291,11.160534360232582,1991.854409,27314.525154940806,27314.525154940806
input8000_rate2p5_reuse00_seed1,NEAREST_KV,246,1121.165367,25.898136,0.0,1038.293306,1.8832749999999123,2187.240084,1028.3972550807107,2.1168539256599672e-05,17847.07101049147,14.269738504363538,2185.356809,18889.738025245086,18891.621300245086
input8000_rate2p5_reuse00_seed1,NEAREST_KV,261,0.0,11.803683,0.0,1025.974801,0.0,1037.778484,1029.0804627962764,2.1168539256599672e-05,0.11335236774682415,14.432646158712863,1037.7784840000002,1043.6264824912753,1043.6264824912753
input8000_rate2p5_reuse00_seed1,NEAREST_KV,251,2123.593174,25.84524,0.0,1031.108549,3.1505319999996573,3183.697495,1027.58391256218,2.1168539256599672e-05,16137.858291239105,10.94332415443349,3180.5469630000002,17176.385549124258,17179.536081124257
input8000_rate2p5_reuse00_seed1,NEAREST_KV,299,0.0,0.036397,0.0,947.953218,0.0,947.989615,1021.9230486332073,2.1168539256599672e-05,0.0,0.13556836841184605,947.989615,1022.0586381701584,1022.0586381701584
input8000_rate2p5_reuse00_seed1,NEAREST_KV,69,0.0,10.848723,0.0,966.255388,0.0,977.104111,1030.0239401177719,2.1168539256599672e-05,0.0,6.628507652325887,977.104111,1036.652468938637,1036.652468938637
input8000_rate2p5_reuse00_seed1,NEAREST_KV,64,0.0,0.026205,0.0,936.703457,0.0,936.729662,1024.8510816999174,2.1168539256599672e-05,0.0,0.8337440299089067,936.729662,1025.6848468983655,1025.6848468983655
input8000_rate2p5_reuse00_seed1,NEAREST_KV,91,0.0,7.396894,0.0,979.402577,1.1368683772161603e-13,986.799471,1029.6986031103597,2.1168539256599672e-05,0.0,3.3767271313596225,986.7994709999999,1033.0753514102587,1033.075351410259
input8000_rate2p5_reuse00_seed1,NEAREST_KV,103,0.0,6.867609,0.0,978.400305,0.0,985.267914,1029.9588727162895,2.1168539256599672e-05,0.0,7.306549890778719,985.267914,1037.2654437756075,1037.2654437756075
input8000_rate2p5_reuse00_seed1,NEAREST_KV,106,0.0,0.793476,0.0,987.055415,0.0,987.848891,1029.9263390155484,2.1168539256599672e-05,0.0,11.860112337200903,987.8488910000001,1041.7864725212885,1041.7864725212885
input8000_rate2p5_reuse00_seed1,NEAREST_KV,116,0.0,1.409754,0.0,985.962679,0.0,987.372433,1023.2894640643386,2.1168539256599672e-05,0.0,10.27758083780752,987.372433,1033.5670660706853,1033.5670660706853
input8000_rate2p5_reuse00_seed1,NEAREST_KV,131,0.0,20.073578,0.0,1005.524644,1.1368683772161603e-13,1025.598222,1027.876715868851,2.1168539256599672e-05,0.12133219441555772,8.890741179839154,1025.598222,1036.888810411645,1036.888810411645
input8000_rate2p5_reuse00_seed1,NEAREST_KV,125,0.0,10.143405,0.0,993.688614,0.0,1003.832019,1022.8339922539615,2.1168539256599672e-05,0.001847782802883774,6.994770287441405,1003.8320190000001,1029.830631492745,1029.830631492745
input8000_rate2p5_reuse00_seed1,NEAREST_KV,143,0.0,16.164959,0.0,1011.778055,0.0,1027.943014,1030.3818108259254,2.1168539256599672e-05,0.00012290530731017105,9.488069245786654,1027.943014,1039.8700241455585,1039.8700241455585
input8000_rate2p5_reuse00_seed1,NEAREST_KV,151,0.0,9.425975,0.0,1022.161331,0.0,1031.587306,1023.6798684732333,2.1168539256599672e-05,0.00010981634013870619,7.890022731693335,1031.5873060000001,1031.570022189806,1031.570022189806
input8000_rate2p5_reuse00_seed1,NEAREST_KV,157,0.0,16.2858,0.0,1018.860533,0.0,1035.146333,1022.0531834361722,2.1168539256599672e-05,0.0002586970106454972,11.36991006481432,1035.1463330000001,1033.4233733665365,1033.4233733665365
input8000_rate2p5_reuse00_seed1,NEAREST_KV,192,0.0,7.679614,0.0,985.310887,0.0,992.990501,1024.5257446925052,2.1168539256599672e-05,0.0,2.143283462714784,992.990501,1026.6690493237593,1026.6690493237593
input8000_rate2p5_reuse00_seed1,NEAREST_KV,212,0.0,5.081381,0.0,1000.183192,1.1368683772161603e-13,1005.264573,1029.308198701465,2.1168539256599672e-05,0.0,7.8449569969321615,1005.2645729999999,1037.1531768669365,1037.1531768669365
input8000_rate2p5_reuse00_seed1,NEAREST_KV,205,0.0,20.9261,0.0,1001.769374,0.0,1022.695474,1022.1182508376546,2.1168539256599672e-05,0.0,6.130547872589325,1022.695474,1028.2488198787833,1028.2488198787833
input8000_rate2p5_reuse00_seed1,NEAREST_KV,219,0.0,13.741061,0.0,1017.359422,0.0,1031.100483,1028.2996539784872,2.1168539256599672e-05,0.0,7.604474269083163,1031.100483,1035.9041494161097,1035.9041494161097
input8000_rate2p5_reuse00_seed1,NEAREST_KV,244,0.0,20.389632,0.0,1009.062621,0.0,1029.452253,1027.421244058474,2.1168539256599672e-05,4.0588761460312595e-05,4.220816123167467,1029.452253,1031.6421219389422,1031.6421219389422
input8000_rate2p5_reuse00_seed1,NEAREST_KV,259,0.0,6.940436,0.0,1002.411724,0.0,1009.35216,1022.1182508376546,2.1168539256599672e-05,3.805955114740874e-05,6.824105125742122,1009.35216,1028.942415191487,1028.942415191487
input8000_rate2p5_reuse00_seed1,NEAREST_KV,267,0.0,4.53244,0.0,1022.266928,0.0,1026.799368,1024.363076188799,2.1168539256599672e-05,4.025039228196064e-05,7.359373132889878,1026.799368,1031.7225107406202,1031.7225107406202
input8000_rate2p5_reuse00_seed1,NEAREST_KV,268,0.0,256.991431,0.0,1290.427566,0.0,1547.418997,1022.1507845383958,2.1168539256599672e-05,0.0011939146006751304,173.0840891117637,1547.418997,1195.2360887332993,1195.2360887332993
input8000_rate2p5_reuse00_seed1,NEAREST_KV,287,0.0,52.760682,0.0,1026.121534,0.0,1078.882216,1025.664424218448,2.1168539256599672e-05,0.0001229508382716735,159.09547632776793,1078.8822160000002,1184.7600446655933,1184.7600446655933
input8000_rate2p5_reuse00_seed1,NEAREST_KV,285,0.0,13.685306,0.0,1025.861087,0.0,1039.546393,1022.3134530421019,2.1168539256599672e-05,3.365152231322984e-06,3.002887469222557,1039.546393,1025.3163650450158,1025.3163650450158
input8000_rate2p5_reuse00_seed1,NEAREST_KV,293,0.0,7.171551,0.0,1030.895528,0.0,1038.067079,1022.0857171369134,2.1168539256599672e-05,0.00217089661639825,12.071224825317067,1038.067079,1034.1591340273862,1034.1591340273862
input8000_rate2p5_reuse00_seed1,NEAREST_KV,10,0.0,7.450915,0.0,966.514748,0.0,973.965663,1029.2431312999825,2.1168539256599672e-05,0.0,6.442327475926653,973.9656630000001,1035.6854799444484,1035.6854799444484
input8000_rate2p5_reuse00_seed1,NEAREST_KV,13,0.0,5.14864,0.0,993.494641,0.0,998.643281,1028.169519175522,2.1168539256599672e-05,0.0,10.747649687149867,998.643281,1038.9171900312112,1038.9171900312112
input8000_rate2p5_reuse00_seed1,NEAREST_KV,0,0.0,0.0,0.0,936.703457,0.0,936.703457,1022.0206497354309,2.1168539256599672e-05,0.0,0.15884089046173955,936.703457,1022.1795117944318,1022.1795117944318
input8000_rate2p5_reuse00_seed1,NEAREST_KV,16,0.0,417.59275,0.0,1244.242113,0.0,1661.834863,1022.0206497354309,2.1168539256599672e-05,0.0,175.65823751391824,1661.834863,1197.6789084178884,1197.6789084178884
input8000_rate2p5_reuse00_seed1,NEAREST_KV,43,0.0,16.749221,0.0,997.204945,0.0,1013.954166,1029.5359346066534,2.1168539256599672e-05,0.0,3.337939594609786,1013.954166,1032.8738953698025,1032.8738953698025
input8000_rate2p5_reuse00_seed1,NEAREST_KV,53,0.0,615.390469,0.0,1232.498482,0.0,1847.888951,1029.6986031103597,2.1168539256599672e-05,0.17644405619947037,181.8840701837564,1847.888951,1211.7591385188548,1211.7591385188548
input8000_rate2p5_reuse00_seed1,NEAREST_KV,44,0.0,579.515317,0.0,1286.786639,0.0,1866.301956,1028.9503279933115,2.1168539256599672e-05,0.0,169.5750611782226,1866.3019559999998,1198.5254103400734,1198.5254103400734
input8000_rate2p5_reuse00_seed1,NEAREST_KV,47,0.0,1457.087854,0.0,1300.829718,0.0,2757.917572,1028.0393843725574,2.1168539256599672e-05,2.6193607670155512e-05,871.397379209006,2757.9175720000003,1899.4368109437103,1899.4368109437103
input8000_rate2p5_reuse00_seed1,NEAREST_KV,61,0.0,5.572575,0.0,1008.839545,0.0,1014.41212,1029.7962042125832,2.1168539256599672e-05,1.4383478130656842e-05,9.348434113487237,1014.4121200000001,1039.1446738780878,1039.1446738780878
input8000_rate2p5_reuse00_seed1,NEAREST_KV,77,0.0,23.865061,0.0,1026.330295,0.0,1050.195356,1030.1866086214782,2.1168539256599672e-05,0.0029270717430883103,10.828638707992404,1050.195356,1041.0181955697528,1041.0181955697528
input8000_rate2p5_reuse00_seed1,NEAREST_KV,65,0.0,228.519831,0.0,1023.248503,0.0,1251.768334,1023.3219977650799,2.1168539256599672e-05,0.00012671682476157327,159.41728840758392,1251.768334,1182.7394340580279,1182.7394340580279
input8000_rate2p5_reuse00_seed1,NEAREST_KV,67,0.0,14.696023,0.0,1030.13243,0.0,1044.828453,1021.9230486332073,2.1168539256599672e-05,0.005919603719690533,12.725994541719992,1044.828453,1034.654983947186,1034.654983947186
input8000_rate2p5_reuse00_seed1,NEAREST_KV,92,1518.193076,26.057944,0.0,1053.03172,0.0,2595.588906,1028.2671202777458,2.1168539256599672e-05,8814.152810692285,6.503183073724948,2597.2827399999996,9848.923135212295,9848.923135212295
input8000_rate2p5_reuse00_seed1,NEAREST_KV,118,723.408685,25.809528,0.0,1033.916005,0.0,1779.994174,1028.2671202777458,2.1168539256599672e-05,8574.590292832709,10.370945774344314,1783.1342180000001,9613.228380053339,9613.228380053339
input8000_rate2p5_reuse00_seed1,NEAREST_KV,100,1063.712159,25.9606,0.0,1041.138424,0.5688429999997879,2131.380026,1022.1507845383958,2.1168539256599672e-05,19006.23887444029,8.91253439255042,2130.811183,20037.302214539777,20037.871057539778
input8000_rate2p5_reuse00_seed1,NEAREST_KV,127,810.199103,25.935608,0.0,1037.979822,5.792157999999745,1879.906691,1030.1866086214782,2.1168539256599672e-05,12252.004733369957,10.828638707992404,1874.114533,13293.020001867966,13298.812159867966
input8000_rate2p5_reuse00_seed1,NEAREST_KV,101,1734.248415,25.871032,0.0,1041.906148,1.741305999999895,2803.766901,1022.0206497354309,2.1168539256599672e-05,4753.423373363996,9.616790397589035,2802.025595,5785.060834665555,5786.802140665555
input8000_rate2p5_reuse00_seed1,NEAREST_KV,110,0.0,23.621544,0.0,1031.813158,0.0,1055.434702,1022.0531834361722,2.1168539256599672e-05,0.003308417804782447,12.757024571119864,1055.434702,1034.813537593636,1034.813537593636
input8000_rate2p5_reuse00_seed1,NEAREST_KV,135,2872.241195,25.811288,0.0,1031.911714,1.8810029999999642,3931.8452,1024.786014298435,2.1168539256599672e-05,5744.384364483996,10.276178522336274,3929.9641970000002,6779.446578473307,6781.327581473308
input8000_rate2p5_reuse00_seed1,NEAREST_KV,134,776.599585,25.896664,0.0,1037.779208,0.0,1838.473628,1022.0531834361722,2.1168539256599672e-05,13882.611806501789,8.889261870500512,1840.275457,14913.554272977002,14913.554272977002
input8000_rate2p5_reuse00_seed1,NEAREST_KV,148,8984.370105,26.105272,0.0,1054.572457,3.8343740000009348,10068.882208,1030.2191423222193,2.1168539256599672e-05,3524.2626247554917,18.571921616581086,10065.047834,4573.053709862832,4576.888083862833
input8000_rate2p5_reuse00_seed1,NEAREST_KV,142,5869.621049,26.019864,0.0,1046.819996,0.0,6940.841573,1022.0857171369134,2.1168539256599672e-05,16459.77464118813,12.764782078469842,6942.460909,17494.625161572054,17494.625161572054
input8000_rate2p5_reuse00_seed1,NEAREST_KV,161,9115.647106,25.84236,0.0,1033.544344,0.0,10172.648841,1026.4777667369785,2.1168539256599672e-05,5394.029384874598,10.679568904534598,10175.03381,6431.186741684651,6431.186741684651
input8000_rate2p5_reuse00_seed1,NEAREST_KV,162,11026.023085,25.740504,0.0,1024.938879,0.0,12075.372464,1026.282564532531,2.1168539256599672e-05,5738.243196376901,11.368309894873285,12076.702468,6775.894091972845,6775.894091972845
input8000_rate2p5_reuse00_seed1,NEAREST_KV,153,9807.794364,26.06172,0.0,1053.840755,0.0,10873.55879,1022.9315933561852,2.1168539256599672e-05,6000.109760752796,12.96647726956899,10887.696838999998,7036.007852547089,7036.007852547089
input8000_rate2p5_reuse00_seed1,NEAREST_KV,159,8788.229515,25.970072,0.0,1041.8138,3.0292259999987436,9859.042613,1022.1182508376546,2.1168539256599672e-05,5857.898813271789,12.772539585819807,9856.013387,6892.789624863803,6895.818850863801
input8000_rate2p5_reuse00_seed1,NEAREST_KV,176,15743.865865,25.872504,0.0,1037.142198,0.0,16800.127004,1029.731136811101,2.1168539256599672e-05,3395.430229379651,15.323082340150712,16806.880567,4440.484469699442,4440.484469699442
input8000_rate2p5_reuse00_seed1,NEAREST_KV,172,14832.15106,25.98748,0.0,1045.117795,0.0,15902.735243,1026.4126993354962,2.1168539256599672e-05,3538.987363410271,17.664293256634885,15903.256335,4583.064377170941,4583.064377170941
input8000_rate2p5_reuse00_seed1,NEAREST_KV,194,19201.359278,26.019864,0.0,1049.743937,6.211372999999185,20283.334452,1029.4057998036888,2.1168539256599672e-05,5403.085917931501,10.642458531593185,20277.123079,6443.134197435323,6449.345570435322
input8000_rate2p5_reuse00_seed1,NEAREST_KV,182,18340.264502,25.974552,0.0,1042.010146,0.3694609999986369,19408.618661,1023.8100032761982,2.1168539256599672e-05,8294.773218017512,13.175929968018117,19408.249200000002,9331.759172430267,9332.128633430266
input8000_rate2p5_reuse00_seed1,NEAREST_KV,222,12777.031311,25.957432,0.0,1042.620394,0.0,13842.580976,1028.9503279933115,2.1168539256599672e-05,14764.281309733018,7.4013767625127755,13845.609137,15800.633035657382,15800.633035657382
input8000_rate2p5_reuse00_seed1,NEAREST_KV,273,0.0,17.815203,0.0,1032.421334,0.0,1050.236537,1029.1780638985,2.1168539256599672e-05,0.02137997835371788,6.720393279524039,1050.236537,1035.9198583249172,1035.9198583249172
input8000_rate2p5_reuse00_seed1,NEAREST_KV,260,3293.211256,25.8942,0.0,1037.754728,2.1513790000001336,4359.011563,1025.078817605106,2.1168539256599672e-05,5876.04357174051,5.742947353428129,4356.860184,6906.865357867584,6909.016736867584
input8000_rate2p5_reuse00_seed1,NEAREST_KV,220,11182.809129,26.018296,0.0,1047.594308,3.968114000001151,12260.389847,1022.0531834361722,2.1168539256599672e-05,4801.051651048622,5.021499169881146,12256.421733,5828.126354823215,5832.094468823216
input8000_rate2p5_reuse00_seed1,NEAREST_KV,282,0.0,6.853126,0.0,1029.18233,0.0,1036.035456,1024.0052054806456,2.1168539256599672e-05,14.635856522658482,9.354712311498567,1036.035456,1047.995795483342,1047.995795483342
input8000_rate2p5_reuse00_seed1,NEAREST_KV,9,0.0,13.893999,0.0,1210.954922,2.2737367544323206e-13,1224.848921,1029.1780638985,2.1168539256599672e-05,0.0,175.9983109619401,1224.8489209999998,1205.1763960289795,1205.1763960289798
input8000_rate2p5_reuse00_seed1,NEAREST_KV,6,0.0,94.735209,0.0,1254.627475,0.0,1349.362684,1025.371620911777,2.1168539256599672e-05,0.0,167.45915110066122,1349.362684,1192.8307931809775,1192.8307931809775
input8000_rate2p5_reuse00_seed1,NEAREST_KV,3,0.0,0.001202,0.0,954.519522,0.0,954.520724,1022.0206497354309,2.1168539256599672e-05,0.0,0.15884089046173955,954.5207240000001,1022.1795117944318,1022.1795117944318
input8000_rate2p5_reuse00_seed1,NEAREST_KV,25,0.0,15.595009,0.0,986.281143,0.0,1001.876152,1027.84418216811,2.1168539256599672e-05,0.0,3.628106465564251,1001.876152,1031.4723098022134,1031.4723098022134
input8000_rate2p5_reuse00_seed1,NEAREST_KV,26,0.0,9.237065,0.0,992.804326,0.0,1002.041391,1026.8031037443907,2.1168539256599672e-05,0.0,7.941186184137443,1002.041391,1034.7443110970673,1034.7443110970673
input8000_rate2p5_reuse00_seed1,NEAREST_KV,27,0.0,149.950431,0.0,1003.912804,0.0,1153.863235,1022.1833182391371,2.1168539256599672e-05,0.0,162.13318574194076,1153.863235,1184.316525149617,1184.316525149617
input8000_rate2p5_reuse00_seed1,NEAREST_KV,38,0.0,17.54656,0.0,1015.193922,0.0,1032.740482,1026.4452330362374,2.1168539256599672e-05,7.836305568732344e-06,5.375205408973997,1032.7404820000002,1031.8204674500562,1031.8204674500562
input8000_rate2p5_reuse00_seed1,NEAREST_KV,40,0.0,3.369186,0.0,1022.571057,0.0,1025.940243,1021.8254475309836,2.1168539256599672e-05,0.0035003871886753173,163.07327234467996,1025.940243,1184.9022414313915,1184.9022414313915
input8000_rate2p5_reuse00_seed1,NEAREST_KV,66,0.0,10.599256,0.0,1021.193719,1.1368683772161603e-13,1031.792975,1023.6473347724921,2.1168539256599672e-05,0.0,3.3209452705712295,1031.792975,1026.9683012116025,1026.9683012116025
input8000_rate2p5_reuse00_seed1,NEAREST_KV,68,0.0,605.668266,0.0,1288.310065,2.2737367544323206e-13,1893.978331,1022.0531834361722,2.1168539256599672e-05,9.154151011786515e-05,169.19305388909441,1893.9783309999998,1191.246350035316,1191.2463500353163
input8000_rate2p5_reuse00_seed1,NEAREST_KV,75,0.0,8.0175,0.0,1033.374063,0.0,1041.391563,1022.0531834361722,2.1168539256599672e-05,8.087312812117757e-06,11.36991006481432,1041.391563,1033.4231227568384,1033.4231227568384
input8000_rate2p5_reuse00_seed1,NEAREST_KV,98,0.0,106.125278,0.0,1303.684751,0.0,1409.810029,1028.9828616940526,2.1168539256599672e-05,0.005087331822188996,175.34445778978935,1409.810029,1204.3324279842034,1204.3324279842034
input8000_rate2p5_reuse00_seed1,NEAREST_KV,85,0.0,14.026039,0.0,1034.482907,0.0,1048.508946,1024.8510816999174,2.1168539256599672e-05,8.997008509054188e-05,4.301530295672805,1048.5089460000002,1029.1527231342145,1029.1527231342145
input8000_rate2p5_reuse00_seed1,NEAREST_KV,93,0.0,15.363307,0.0,1047.970865,0.0,1063.334172,1026.5428341384609,2.1168539256599672e-05,0.00016124605093943234,8.572683378490481,1063.334172,1035.1156999315415,1035.1156999315415
input8000_rate2p5_reuse00_seed1,NEAREST_KV,120,0.0,18.303526,0.0,1047.876413,2.2737367544323206e-13,1066.179939,1029.8287379133246,2.1168539256599672e-05,0.0013840390495754894,6.181986173370625,1066.1799389999999,1036.012129294284,1036.0121292942843
input8000_rate2p5_reuse00_seed1,NEAREST_KV,123,0.0,17.421715,0.0,1048.698813,0.0,1066.120528,1028.3321876792284,2.1168539256599672e-05,0.04272711444664057,10.386460789044257,1066.120528,1038.7613967512584,1038.7613967512584
input8000_rate2p5_reuse00_seed1,NEAREST_KV,124,3615.550605,26.030872,0.0,1050.027871,6.168235000000095,4697.777583,1028.8201931903466,2.1168539256599672e-05,16137.72453556406,11.238109433732255,4691.609348,17177.78285935668,17183.951094356682
input8000_rate2p5_reuse00_seed1,NEAREST_KV,129,6498.806816,25.8966,0.0,1042.11191,0.4483789999999317,7567.263705,1029.9263390155484,2.1168539256599672e-05,17801.32298639627,19.23739008486988,7566.815326,18850.486736665225,18850.935115665226
input8000_rate2p5_reuse00_seed1,NEAREST_KV,133,6591.562064,25.852248,0.0,1032.408738,0.0,7647.520565,1029.893805314807,2.1168539256599672e-05,22716.851552026423,22.36210924370078,7649.82305,23769.107487753474,23769.107487753474
input8000_rate2p5_reuse00_seed1,NEAREST_KV,128,4127.708593,25.96028,0.0,1044.941603,2.696957999999995,5201.307434,1023.5171999695272,2.1168539256599672e-05,18401.551071760157,16.973875102487774,5198.610476000001,19442.042168000713,19444.739126000713
input8000_rate2p5_reuse00_seed1,NEAREST_KV,163,15.622848,25.705432,0.0,1052.068058,0.4566500000000815,1093.852988,1028.5273898836756,2.1168539256599672e-05,9959.60625150216,6.565243132524692,1093.396338,10994.6989056869,10995.1555556869
input8000_rate2p5_reuse00_seed1,NEAREST_KV,147,4202.119548,25.786904,0.0,1029.989331,0.05401600000027429,5257.949799,1022.5411889472905,2.1168539256599672e-05,8295.574499698168,9.005624480750036,5257.895782999999,9327.121334294749,9327.175350294749
input8000_rate2p5_reuse00_seed1,NEAREST_KV,164,5443.272144,25.869688,0.0,1033.168654,0.0,6501.58343,1028.2345865770046,2.1168539256599672e-05,10525.263092167519,7.2307116008134855,6502.310485999999,11560.728411513877,11560.728411513877
input8000_rate2p5_reuse00_seed1,NEAREST_KV,165,8302.028854,25.875448,0.0,1034.16824,0.0,9357.215272,1029.731136811101,2.1168539256599672e-05,10965.612962837311,8.322842973350483,9362.072542000002,12003.666963790301,12003.666963790301
input8000_rate2p5_reuse00_seed1,NEAREST_KV,187,5715.981113,25.912408,0.0,1037.408026,0.0,6776.473891,1027.2260418540268,2.1168539256599672e-05,5664.496699356794,6.254942838525984,6779.301547,6697.977705217887,6697.977705217887
input8000_rate2p5_reuse00_seed1,NEAREST_KV,202,4925.214697,25.89084,0.0,1034.756069,2.302958999999646,5988.164565,1029.601002008136,2.1168539256599672e-05,4876.1882860513,10.689003575692986,5985.861606,5916.478312803668,5918.781271803668
input8000_rate2p5_reuse00_seed1,NEAREST_KV,209,5252.962675,25.899448,0.0,1038.639825,6.029571000000487,6323.531519,1028.6575246866405,2.1168539256599672e-05,4563.3766338892,10.46403586254393,6317.501948,5602.498215606924,5608.527786606925
input8000_rate2p5_reuse00_seed1,NEAREST_KV,197,4658.971861,25.927896,0.0,1037.905008,0.0,5720.201507,1023.8750706776807,2.1168539256599672e-05,2790.703243260247,9.323682282098694,5722.804765,3823.9020173885656,3823.9020173885656
input8000_rate2p5_reuse00_seed1,NEAREST_KV,226,8410.765723,25.770904,0.0,1024.606324,5.187068000000409,9466.330019,1029.763670511842,2.1168539256599672e-05,10176.87955176391,18.46331651368154,9461.142951000002,11225.106559957974,11230.293627957975
input8000_rate2p5_reuse00_seed1,NEAREST_KV,217,3173.507261,25.8094,0.0,1028.410734,0.0,4226.306748,1021.5651779250538,2.1168539256599672e-05,3979.8652027854014,8.772899260251002,4227.727395,5010.203301139245,5010.203301139245
input8000_rate2p5_reuse00_seed1,NEAREST_KV,218,7947.631992,25.905208,0.0,1039.766159,3.5949560000008205,9016.898315,1021.9555823339485,2.1168539256599672e-05,7613.64144664234,9.601275382889106,9013.303359,8645.198325527717,8648.793281527718
input8000_rate2p5_reuse00_seed1,NEAREST_KV,221,8281.745004,25.832504,0.0,1030.640367,0.0,9335.889428,1022.0857171369134,2.1168539256599672e-05,9175.326534210311,12.764782078469842,9338.217875,10210.177054594235,10210.177054594235
input8000_rate2p5_reuse00_seed1,NEAREST_KV,229,12689.383699,25.923736,0.0,1039.054218,0.0,13742.436363,1028.4623224821933,2.1168539256599672e-05,7083.351663557539,22.020778920302213,13754.361653,8133.834786128574,8133.834786128574
input8000_rate2p5_reuse00_seed1,NEAREST_KV,230,14812.457334,25.889496,0.0,1034.854145,1.389231000000109,15874.590206,1029.015395394794,2.1168539256599672e-05,7485.816422496917,22.88794257969014,15873.200975,8537.71978163994,8539.10901263994
input8000_rate2p5_reuse00_seed1,NEAREST_KV,236,19155.157296,25.842424,0.0,1033.67999,3.184260999997605,20217.863971,1025.1438850065883,2.1168539256599672e-05,10049.916344102861,21.96479920504401,20214.67971,11097.025049483032,11100.209310483031
input8000_rate2p5_reuse00_seed1,NEAREST_KV,235,18186.229583,25.977272,0.0,1043.201598,2.539310999999998,19257.947764,1021.890514932466,2.1168539256599672e-05,10167.872069970661,14.188809103247031,19255.408453,11203.951415174914,11206.490726174914
input8000_rate2p5_reuse00_seed1,NEAREST_KV,241,23994.55363,26.03644,0.0,1047.931424,0.0,25064.143656,1022.0206497354309,2.1168539256599672e-05,9190.294073978082,24.352555165627983,25068.521493999997,10236.66730004768,10236.66730004768
input8000_rate2p5_reuse00_seed1,NEAREST_KV,248,23435.607308,25.944824,0.0,1043.617639,0.0,24503.046225,1022.4110541443256,2.1168539256599672e-05,20818.354314954,24.4456452538276,24505.169770999997,21865.211035520693,21865.211035520693
input8000_rate2p5_reuse00_seed1,NEAREST_KV,249,28137.828677,26.015288,0.0,1050.073625,0.022413999998661893,29213.940004,1026.4777667369785,2.1168539256599672e-05,20885.280679070012,26.150619707012048,29213.91759,21937.909086682543,21937.93150068254
input8000_rate2p5_reuse00_seed1,NEAREST_KV,256,28634.605354,270.878646,0.0,1026.633532,1.4738970000005338,29933.591429,1025.8921601236366,2.1168539256599672e-05,14956.833663047855,172.70056755496407,29932.117532,16155.426411894996,16156.900308894996
input8000_rate2p5_reuse00_seed1,NEAREST_KV,254,28240.553736,25.898072,0.0,1036.673634,1.2462799999982508,29304.371722,1022.0531834361722,2.1168539256599672e-05,14907.008876147733,16.62478727173923,29303.125442,15945.686868024184,15946.933148024182
input8000_rate2p5_reuse00_seed1,NEAREST_KV,258,29199.088832,25.721912,0.0,1045.453532,1.5658239999979742,30271.8301,1020.3288972968874,2.1168539256599672e-05,19123.266969409422,20.08140208281032,30270.264276,20163.67728995766,20165.24311395766
input8000_rate2p5_reuse00_seed1,NEAREST_KV,269,36153.872632,25.985976,0.0,1047.186086,12.860202000001436,37239.904896,1027.0959070510617,2.1168539256599672e-05,10316.364379858951,13.959438210364844,37227.044694000004,11357.419746288917,11370.279948288919
input8000_rate2p5_reuse00_seed1,NEAREST_KV,262,34799.391923,26.00124,0.0,1046.271238,4.673513000000412,35876.337914,1021.9230486332073,2.1168539256599672e-05,16560.67655914975,16.593757242339358,35871.664401,17599.193386193838,17603.86689919384
input8000_rate2p5_reuse00_seed1,NEAREST_KV,278,38464.162389,26.134584,0.0,1035.427131,4.010559000005742,39529.734663,1030.1540749207368,2.1168539256599672e-05,5748.642103718499,10.82088120064244,39525.72410399999,6789.617081008418,6793.627640008423
input8000_rate2p5_reuse00_seed1,NEAREST_KV,291,38714.06129,25.86796,0.0,1034.792541,2.0694610000048215,39776.791252,1027.258575554768,2.1168539256599672e-05,18038.748971686175,10.865749080933817,39774.721791,19076.87331749042,19078.942778490426
input8000_rate2p5_reuse00_seed1,NEAREST_KV,290,36640.889967,25.926456,0.0,1039.678297,3.5824449999997796,37710.077165,1025.0462839043648,2.1168539256599672e-05,18292.40273666874,13.470715247316882,37706.49472,19330.919756988962,19334.502201988962
input8000_rate2p5_reuse00_seed1,NEAREST_KV,280,38992.183607,26.029656,0.0,1050.87242,3.1642909999995936,40072.249974,1021.9555823339485,2.1168539256599672e-05,12194.793445453968,12.73375204906997,40069.085683,13229.482801005526,13232.647092005525
input8000_rate2p5_reuse00_seed1,NEAREST_KV,298,40042.650781,25.908216,0.0,1039.231135,0.7715720000030615,41108.561704,1027.421244058474,2.1168539256599672e-05,18506.12003028637,14.037013283864518,41107.790132,19547.57830879725,19548.34988079725
input8000_rate2p5_reuse00_seed1,NEAREST_KV,4,0.0,0.017498,0.0,936.703457,0.0,936.720955,1021.597711625795,2.1168539256599672e-05,0.0,0.057993294912172644,936.720955,1021.6557260892464,1021.6557260892464
input8000_rate2p5_reuse00_seed1,NEAREST_KV,22,0.0,12.707641,0.0,967.212636,1.1368683772161603e-13,979.920277,1023.8100032761982,2.1168539256599672e-05,0.0,1.2790610478627045,979.9202769999999,1025.0890854926001,1025.0890854926001
input8000_rate2p5_reuse00_seed1,NEAREST_KV,28,0.0,5.204962,0.0,977.739025,0.0,982.943987,1028.3972550807107,2.1168539256599672e-05,0.0,6.934189537980281,982.943987,1035.3314657872302,1035.3314657872302
input8000_rate2p5_reuse00_seed1,NEAREST_KV,36,0.0,12.686107,0.0,993.460294,0.0,1006.146401,1027.6815136644038,2.1168539256599672e-05,0.0,12.018401583205929,1006.146401,1039.699936416149,1039.699936416149
input8000_rate2p5_reuse00_seed1,NEAREST_KV,46,0.0,0.282649,0.0,1005.797732,0.0,1006.080381,1030.4143445266666,2.1168539256599672e-05,0.0001436709745685045,9.495826753136619,1006.080381,1039.910336119317,1039.910336119317
input8000_rate2p5_reuse00_seed1,NEAREST_KV,32,0.0,14.1191,0.0,987.120727,0.0,1001.239827,1024.9812165028823,2.1168539256599672e-05,0.0,6.813208519386471,1001.239827,1031.794446190808,1031.794446190808
input8000_rate2p5_reuse00_seed1,NEAREST_KV,51,0.0,7.945721,0.0,1014.869378,0.0,1022.815099,1028.1044517740397,2.1168539256599672e-05,0.001960263469483094,9.638600984441709,1022.815099,1037.74503419049,1037.74503419049
input8000_rate2p5_reuse00_seed1,NEAREST_KV,54,0.0,13.500923,0.0,1022.387409,0.0,1035.888332,1028.1044517740397,2.1168539256599672e-05,0.006139221070801715,14.199920938213829,1035.888332,1042.3105331018637,1042.3105331018637
input8000_rate2p5_reuse00_seed1,NEAREST_KV,80,0.0,4.027607,0.0,1022.246816,1.1368683772161603e-13,1026.274423,1029.3732661029476,2.1168539256599672e-05,2.100738892882883e-06,4.686266564165514,1026.274423,1034.0595559363912,1034.0595559363915
input8000_rate2p5_reuse00_seed1,NEAREST_KV,94,0.0,5.250984,0.0,1005.581405,0.0,1010.832389,1028.006850671816,2.1168539256599672e-05,0.0,6.841099449780664,1010.832389,1034.847971290136,1034.847971290136
input8000_rate2p5_reuse00_seed1,NEAREST_KV,81,0.0,356.183244,0.0,1283.77924,0.0,1639.962484,1013.8546908493838,2.1168539256599672e-05,0.0001455426041304101,167.2381620369026,1639.9624840000001,1181.0930195974297,1181.0930195974297
input8000_rate2p5_reuse00_seed1,NEAREST_KV,115,0.0,20.473623,0.0,995.267526,0.0,1015.741149,1021.7929138302424,2.1168539256599672e-05,0.0,2.185210098470286,1015.741149,1023.9781450972519,1023.9781450972519
input8000_rate2p5_reuse00_seed1,NEAREST_KV,136,0.0,3.883716,0.0,1004.700624,0.0,1008.58434,1022.8339922539615,2.1168539256599672e-05,0.0,1.7398930805164738,1008.58434,1024.5739065030173,1024.5739065030173
input8000_rate2p5_reuse00_seed1,NEAREST_KV,137,0.0,561.694152,0.0,1258.467693,0.0,1820.161845,1022.0857171369134,2.1168539256599672e-05,0.0,167.93822712737943,1820.161845,1190.023965432832,1190.023965432832
input8000_rate2p5_reuse00_seed1,NEAREST_KV,152,0.0,2.872466,0.0,1003.659429,0.0,1006.531895,1022.1182508376546,2.1168539256599672e-05,4.474872995920764e-06,2.956342425122756,1006.5318950000001,1025.0746189061897,1025.0746189061897
input8000_rate2p5_reuse00_seed1,NEAREST_KV,185,0.0,14.167764,0.0,1035.155153,0.0,1049.322917,1028.3647213799695,2.1168539256599672e-05,0.00020546550731185173,12.874866490708023,1049.322917,1041.239814504724,1041.239814504724
input8000_rate2p5_reuse00_seed1,NEAREST_KV,191,0.0,12.819917,0.0,1036.889839,0.0,1049.709756,1028.5273898836756,2.1168539256599672e-05,0.004348079075546831,13.607211280610642,1049.709756,1042.138970411901,1042.138970411901
input8000_rate2p5_reuse00_seed1,NEAREST_KV,168,0.0,4.132571,0.0,1007.859423,0.0,1011.991994,1022.0857171369134,2.1168539256599672e-05,1.1533087440621156e-05,2.9485849177727843,1011.991994,1025.034334756313,1025.034334756313
input8000_rate2p5_reuse00_seed1,NEAREST_KV,178,0.0,8.180722,0.0,1003.543774,1.1368683772161603e-13,1011.724496,1023.0291944584088,2.1168539256599672e-05,1.0766094076163016e-05,7.041315331541213,1011.7244959999999,1030.0705417245833,1030.0705417245836
input8000_rate2p5_reuse00_seed1,NEAREST_KV,207,0.0,21.511099,0.0,1032.47536,0.0,1053.986459,1022.0531834361722,2.1168539256599672e-05,0.05291981813468381,5.021499169881146,1053.986459,1027.1276235927273,1027.1276235927273
input8000_rate2p5_reuse00_seed1,NEAREST_KV,225,0.0,18.883844,0.0,1023.403162,1.1368683772161603e-13,1042.287006,1021.9555823339485,2.1168539256599672e-05,0.00017863211289594424,3.6111121415256946,1042.287006,1025.5668942761263,1025.5668942761263
input8000_rate2p5_reuse00_seed1,NEAREST_KV,243,0.0,1.556651,0.0,1003.967027,0.0,1005.523678,1025.4041546125181,2.1168539256599672e-05,0.0,6.914056114936052,1005.523678,1032.3182318959934,1032.3182318959934
input8000_rate2p5_reuse00_seed1,NEAREST_KV,266,0.0,5.331346,0.0,1005.74332,0.0,1011.074666,1029.43833350443,2.1168539256599672e-05,1.1307449077941387e-05,4.70178157886545,1011.0746660000001,1034.1401475592836,1034.1401475592836
input8000_rate2p5_reuse00_seed1,NEAREST_KV,252,0.0,3.047078,0.0,999.47954,0.0,1002.526618,1021.1747735161591,2.1168539256599672e-05,0.0,5.9055801594402695,1002.5266180000001,1027.0803748441388,1027.0803748441388
input8000_rate2p5_reuse00_seed1,NEAREST_KV,289,0.0,14.508197,0.0,996.984523,0.0,1011.49272,1028.169519175522,2.1168539256599672e-05,0.0,3.012124285911149,1011.49272,1031.1816646299724,1031.1816646299724
input8000_rate2p5_reuse00_seed1,NEAREST_KV,19,0.0,0.01336,0.0,936.703457,0.0,936.716817,1029.893805314807,2.1168539256599672e-05,0.0,2.036157669153887,936.716817,1031.9299841525,1031.9299841525
input8000_rate2p5_reuse00_seed1,NEAREST_KV,23,0.0,16.317363,0.0,993.255761,0.0,1009.573124,1029.6660694096186,2.1168539256599672e-05,0.0,11.104495025248376,1009.573124,1040.7705856034063,1040.7705856034063
input8000_rate2p5_reuse00_seed1,NEAREST_KV,24,0.0,678.517908,0.0,1244.007361,0.0,1922.525269,1027.3236429562503,2.1168539256599672e-05,0.0,176.92271121196293,1922.525269,1204.2463753367524,1204.2463753367524
input8000_rate2p5_reuse00_seed1,NEAREST_KV,21,0.0,7.964258,0.0,966.118684,0.0,974.082942,1022.0531834361722,2.1168539256599672e-05,0.0,154.71298257586682,974.082942,1176.7661871805783,1176.7661871805783
input8000_rate2p5_reuse00_seed1,NEAREST_KV,57,0.0,3.37234,0.0,994.667046,0.0,998.039386,1030.2191423222193,2.1168539256599672e-05,0.0009251900669177086,4.887961755264669,998.039386,1035.1080504360903,1035.1080504360903
input8000_rate2p5_reuse00_seed1,NEAREST_KV,37,0.0,18.78914,0.0,994.48679,0.0,1013.27593,1022.0857171369134,2.1168539256599672e-05,0.0,2.9485849177727843,1013.27593,1025.0343232232256,1025.0343232232256
input8000_rate2p5_reuse00_seed1,NEAREST_KV,42,0.0,0.832976,0.0,1005.58474,0.0,1006.417716,1022.1182508376546,2.1168539256599672e-05,0.00014593706368838333,7.517662378894897,1006.417716,1029.6360803221526,1029.6360803221526
input8000_rate2p5_reuse00_seed1,NEAREST_KV,60,0.0,6.715632,0.0,1005.704196,0.0,1012.419828,1027.6164462629213,2.1168539256599672e-05,0.0,8.82868112103941,1012.419828,1036.4451485524999,1036.4451485524999
input8000_rate2p5_reuse00_seed1,NEAREST_KV,79,0.0,10.367615,0.0,1027.927607,0.0,1038.295222,1029.145530197759,2.1168539256599672e-05,0.0015239416193909973,13.754603920260024,1038.2952220000002,1042.9016792281777,1042.9016792281777
input8000_rate2p5_reuse00_seed1,NEAREST_KV,70,0.0,3.698409,0.0,1011.466034,0.0,1015.164443,1024.9161491013997,2.1168539256599672e-05,6.804863903682291e-05,8.184808010992107,1015.164443,1033.1010463295702,1033.1010463295702
input8000_rate2p5_reuse00_seed1,NEAREST_KV,72,0.0,23.421892,0.0,1027.018862,0.0,1050.440754,1022.1833182391371,2.1168539256599672e-05,0.00012930287710246648,8.226734646747616,1050.440754,1030.410203357301,1030.410203357301
input8000_rate2p5_reuse00_seed1,NEAREST_KV,84,0.0,19.569741,0.0,1038.850941,0.0,1058.420682,1022.2483856406195,2.1168539256599672e-05,0.018104747619791636,8.935806914600327,1058.420682,1031.202318471379,1031.202318471379
input8000_rate2p5_reuse00_seed1,NEAREST_KV,95,2549.432604,26.043512,0.0,1048.883365,5.153838000000178,3629.513319,1021.8579812317248,2.1168539256599672e-05,15476.649777395114,8.84271682640071,3624.3594810000004,16507.35049662178,16512.50433462178
input8000_rate2p5_reuse00_seed1,NEAREST_KV,112,0.0,439.958823,0.0,1311.324938,0.0,1751.283761,1024.2654750865754,2.1168539256599672e-05,0.0408115794746061,170.98314865795717,1751.283761,1195.2894564925464,1195.2894564925464
input8000_rate2p5_reuse00_seed1,NEAREST_KV,111,0.0,4.71115,0.0,1055.987755,0.0,1060.698905,1022.0857171369134,2.1168539256599672e-05,0.028645226421208432,5.029256677231125,1060.6989050000002,1027.1436402091051,1027.1436402091051
input8000_rate2p5_reuse00_seed1,NEAREST_KV,117,1506.293263,25.772344,0.0,1025.573879,8.224845000000187,2565.864331,1021.9555823339485,2.1168539256599672e-05,13685.592873950962,9.601275382889106,2557.639486,14717.14975283634,14725.37459783634
input8000_rate2p5_reuse00_seed1,NEAREST_KV,139,0.0,16.844891,0.0,1045.217872,0.0,1062.062763,1022.1182508376546,2.1168539256599672e-05,0.0036477205839551955,4.343456931428314,1062.062763,1026.4653766582062,1026.4653766582062
input8000_rate2p5_reuse00_seed1,NEAREST_KV,167,0.0,21.456436,0.0,1028.52371,2.2737367544323206e-13,1049.980146,1028.5924572851582,2.1168539256599672e-05,0.004198445851664627,9.754963594691219,1049.9801459999999,1038.3516404942402,1038.3516404942404
input8000_rate2p5_reuse00_seed1,NEAREST_KV,158,0.0,16.245919,0.0,1021.321779,1.1368683772161603e-13,1037.567698,1022.4110541443256,2.1168539256599672e-05,0.00018483962381195588,3.71971724442524,1037.567698,1026.130977396914,1026.1309773969142
input8000_rate2p5_reuse00_seed1,NEAREST_KV,193,0.0,13.661834,0.0,1001.78741,0.0,1015.449244,1028.9503279933115,2.1168539256599672e-05,0.0,3.8918617154631434,1015.449244,1032.8422108773138,1032.8422108773138
input8000_rate2p5_reuse00_seed1,NEAREST_KV,201,0.0,5.255195,0.0,1026.348166,0.0,1031.603361,1024.102806582869,2.1168539256599672e-05,4.958642071307778e-06,7.297313074090141,1031.603361,1031.4001457841405,1031.4001457841405
input8000_rate2p5_reuse00_seed1,NEAREST_KV,203,0.0,244.271944,0.0,1282.78244,0.0,1527.054384,1023.3545314658211,2.1168539256599672e-05,0.00031186399308126626,173.3711168837125,1527.054384,1196.725981382066,1196.725981382066
input8000_rate2p5_reuse00_seed1,NEAREST_KV,247,0.0,2.220431,0.0,1001.655256,0.0,1003.875687,1022.0857171369134,2.1168539256599672e-05,0.0,1.5614704114672193,1003.875687,1023.64720871692,1023.64720871692
input8000_rate2p5_reuse00_seed1,NEAREST_KV,277,0.0,626.99149,0.0,1323.512535,0.0,1950.504025,1030.0890075192544,2.1168539256599672e-05,1.8566233777168883e-05,178.21339147124266,1950.5040250000002,1208.3024387252701,1208.3024387252701
input8000_rate2p5_reuse00_seed1,NEAREST_KV,271,0.0,19.102389,0.0,992.024208,0.0,1011.126597,1026.6404352406846,2.1168539256599672e-05,0.0,6.515284141082027,1011.1265970000001,1033.1557405503058,1033.1557405503058
input8000_rate2p5_reuse00_seed1,NEAREST_KV,281,0.0,115.709579,0.0,1264.800934,0.0,1380.510513,1027.0959070510617,2.1168539256599672e-05,0.00024059991370143207,181.26346959575898,1380.5105130000002,1208.3596384152736,1208.3596384152736
input8000_rate2p5_reuse00_seed1,NEAREST_KV,265,0.0,9.407784,0.0,982.487753,0.0,991.895537,1022.0531834361722,2.1168539256599672e-05,0.0,0.860155650964451,991.895537,1022.9133602556759,1022.9133602556759
input8000_rate2p5_reuse00_seed1,NEAREST_KV,276,0.0,19.684532,0.0,1033.453097,0.0,1053.137629,1021.9881160346897,2.1168539256599672e-05,0.0,9.967280543808826,1053.137629,1031.9554177470377,1031.9554177470377
input8000_rate2p5_reuse00_seed1,NEAREST_KV,297,0.0,2.927327,0.0,1027.956018,0.0,1030.883345,1027.0633733503205,2.1168539256599672e-05,0.05630345902486082,10.083918002395514,1030.8833450000002,1037.2036159802801,1037.2036159802801
input8000_rate2p5_reuse00_seed1,NEAREST_KV,286,0.0,1.817991,0.0,1017.065792,0.0,1018.883783,1022.1182508376546,2.1168539256599672e-05,0.005721934506668722,15.946745033286398,1018.883783,1038.0707389739869,1038.0707389739869
input8000_rate2p5_reuse00_seed1,NEAREST_KV,12,0.0,0.055062,0.0,936.703457,0.0,936.758519,1022.0206497354309,2.1168539256599672e-05,0.0,0.15884089046173955,936.758519,1022.1795117944318,1022.1795117944318
input8000_rate2p5_reuse00_seed1,NEAREST_KV,29,0.0,8.810902,0.0,967.834204,0.0,976.645106,1023.1267955606324,2.1168539256599672e-05,0.0,1.1161533935133932,976.645106,1024.2429701226852,1024.2429701226852
input8000_rate2p5_reuse00_seed1,NEAREST_KV,34,0.0,5.220954,0.0,978.027665,0.0,983.248619,1027.6489799636627,2.1168539256599672e-05,0.0,6.755766868931026,983.248619,1034.4047680011329,1034.4047680011329
input8000_rate2p5_reuse00_seed1,NEAREST_KV,55,0.0,14.189567,0.0,978.539345,0.0,992.728912,1026.7055026421672,2.1168539256599672e-05,0.0,2.6630364551626187,992.728912,1029.368560265869,1029.368560265869
input8000_rate2p5_reuse00_seed1,NEAREST_KV,62,0.0,15.950344,0.0,988.206807,0.0,1004.157151,1027.6489799636627,2.1168539256599672e-05,0.0,7.449324122083816,1004.157151,1035.0983252542858,1035.0983252542858
input8000_rate2p5_reuse00_seed1,NEAREST_KV,82,0.0,10.504468,0.0,978.881201,0.0,989.385669,1028.3647213799695,2.1168539256599672e-05,0.0,3.0586693300109644,989.385669,1031.4234118785198,1031.4234118785198
input8000_rate2p5_reuse00_seed1,NEAREST_KV,96,0.0,9.463472,0.0,978.429393,0.0,987.892865,1022.0531834361722,2.1168539256599672e-05,0.0,5.421475604736607,987.892865,1027.474680209448,1027.474680209448
input8000_rate2p5_reuse00_seed1,NEAREST_KV,119,0.0,19.741196,0.0,995.514581,0.0,1015.255777,1029.893805314807,2.1168539256599672e-05,0.0,7.984592129231579,1015.255777,1037.878418612578,1037.878418612578
input8000_rate2p5_reuse00_seed1,NEAREST_KV,108,0.0,11.842077,0.0,977.869841,0.0,989.711918,1021.9230486332073,2.1168539256599672e-05,0.0,5.390445575336734,989.711918,1027.3135153770831,1027.3135153770831
input8000_rate2p5_reuse00_seed1,NEAREST_KV,138,0.0,12.065428,0.0,1001.79529,0.0,1013.860718,1021.9230486332073,2.1168539256599672e-05,0.0,2.216240127870158,1013.860718,1024.1393099296167,1024.1393099296167
input8000_rate2p5_reuse00_seed1,NEAREST_KV,179,0.0,14.476199,0.0,986.140864,1.1368683772161603e-13,1000.617063,1030.1215412199956,2.1168539256599672e-05,0.0,3.4775747269092037,1000.6170629999999,1033.5991371154441,1033.5991371154441
input8000_rate2p5_reuse00_seed1,NEAREST_KV,160,0.0,15.707268,0.0,980.423473,0.0,996.130741,1022.0857171369134,2.1168539256599672e-05,0.0,1.5614704114672193,996.130741,1023.64720871692,1023.64720871692
input8000_rate2p5_reuse00_seed1,NEAREST_KV,189,0.0,8.396578,0.0,1018.539966,0.0,1026.936544,1028.7876594896054,2.1168539256599672e-05,1.090379591057179e-05,12.282156833104821,1026.9365440000001,1041.0698483950455,1041.0698483950455
input8000_rate2p5_reuse00_seed1,NEAREST_KV,196,0.0,583.555269,0.0,1293.691005,2.2737367544323206e-13,1877.246274,1030.1866086214782,2.1168539256599672e-05,0.0032432590455916347,179.4992482623575,1877.2462739999999,1209.6891213114204,1209.6891213114206
input8000_rate2p5_reuse00_seed1,NEAREST_KV,195,0.0,18.045278,0.0,1041.834861,0.0,1059.880139,1029.3407324022062,2.1168539256599672e-05,0.00023304740297201034,13.10759171120705,1059.880139,1042.4485783293555,1042.4485783293555
input8000_rate2p5_reuse00_seed1,NEAREST_KV,184,0.0,13.710895,0.0,995.625931,0.0,1009.336826,1023.5822673710097,2.1168539256599672e-05,0.0,6.47963570333787,1009.3368260000001,1030.0619242428868,1030.0619242428868
input8000_rate2p5_reuse00_seed1,NEAREST_KV,206,1359.017068,25.707192,0.0,1046.323207,2.9495429999999487,2433.99701,1025.7620253206717,2.1168539256599672e-05,13235.309014772834,17.509143109635538,2431.0474670000003,14278.580204371681,14281.529747371682
input8000_rate2p5_reuse00_seed1,NEAREST_KV,200,0.0,5.497917,0.0,995.08871,0.0,1000.586627,1022.3134530421019,2.1168539256599672e-05,0.11530728667882165,16.686847330538974,1000.586627,1039.115628827859,1039.115628827859
input8000_rate2p5_reuse00_seed1,NEAREST_KV,213,7341.64021,26.104632,0.0,1053.294542,2.299286999999822,8423.338671,1028.2996539784872,2.1168539256599672e-05,8129.566806736848,10.378703281694278,8421.039384,9168.245185165568,9170.544472165568
input8000_rate2p5_reuse00_seed1,NEAREST_KV,232,5029.488582,25.98172,0.0,1043.461303,0.0,6098.484641,1029.9914064170307,2.1168539256599672e-05,5289.36297008167,10.782093663892603,6098.931605,6330.136491331133,6330.136491331133
input8000_rate2p5_reuse00_seed1,NEAREST_KV,234,6121.11257,25.8966,0.0,1034.995295,2.3770560000000387,7184.381521,1029.3407324022062,2.1168539256599672e-05,5926.288925671539,11.36222955133173,7182.004465,6966.991908793616,6969.368964793616
input8000_rate2p5_reuse00_seed1,NEAREST_KV,224,4641.961311,26.004824,0.0,1047.337602,0.0,5712.477802,1023.6148010717509,2.1168539256599672e-05,4658.616063777464,9.261622223298964,5715.303737,5691.492508241053,5691.492508241053
input8000_rate2p5_reuse00_seed1,NEAREST_KV,257,4973.28228,25.841208,0.0,1033.146084,5.971546999999873,6038.241119,1028.8852605918291,2.1168539256599672e-05,5171.559110028739,10.518338413993696,6032.269572,6210.962730203101,6216.934277203101
input8000_rate2p5_reuse00_seed1,NEAREST_KV,279,0.0,20.087773,0.0,1032.767759,0.0,1052.855532,1030.0239401177719,2.1168539256599672e-05,18.602883415982934,6.922088470623201,1052.855532,1055.5489331729173,1055.5489331729173
input8000_rate2p5_reuse00_seed1,NEAREST_KV,245,4746.124306,25.820824,0.0,1032.090882,0.0,5799.312117,1022.0531834361722,2.1168539256599672e-05,3423.927055267247,12.757024571119864,5804.0360120000005,4458.737284443078,4458.737284443078
input8000_rate2p5_reuse00_seed1,NEAREST_KV,288,3719.712921,25.990328,0.0,1051.920247,1.069765000000416,4798.693261,1029.9263390155484,2.1168539256599672e-05,6361.202545389416,14.634341349812011,4797.623496,7405.763246923315,7406.833011923315
input8000_rate2p5_reuse00_seed1,NEAREST_KV,283,0.0,19.291854,0.0,1030.472263,0.0,1049.764117,1022.1507845383958,2.1168539256599672e-05,0.01773835011789421,8.91253439255042,1049.7641170000002,1031.0810784496034,1031.0810784496034
input8000_rate2p5_reuse00_seed1,NEAREST_KV,294,5671.864179,25.893688,0.0,1035.418289,0.0,6732.400164,1029.601002008136,2.1168539256599672e-05,6865.94064723367,18.424528976931704,6733.176156,7913.966199387276,7913.966199387276
input8000_rate2p5_reuse00_seed1,NEAREST_KV,292,4851.35634,25.951992,0.0,1040.052597,2.140204999999696,5919.501134,1027.2260418540268,2.1168539256599672e-05,6755.500968260757,10.857991573583838,5917.360929,7793.585022856907,7795.725227856907
input8000_rate2p5_reuse00_seed1,NEAREST_KV,15,0.0,13.519233,0.0,993.504945,0.0,1007.024178,1027.9092495695922,2.1168539256599672e-05,0.0,10.685589628350137,1007.024178,1038.5948603664817,1038.5948603664817
input8000_rate2p5_reuse00_seed1,NEAREST_KV,20,0.0,833.91747,0.0,1232.032949,0.0,2065.950419,1027.714047365145,2.1168539256599672e-05,0.0,215.9981253189398,2065.950419,1243.712193852624,1243.712193852624
input8000_rate2p5_reuse00_seed1,NEAREST_KV,17,0.0,518.077493,0.0,1283.148079,0.0,1801.225572,1027.4537777592152,2.1168539256599672e-05,0.0,176.95374124136282,1801.225572,1204.4075401691173,1204.4075401691173
input8000_rate2p5_reuse00_seed1,NEAREST_KV,2,0.0,0.227588,0.0,936.703457,1.1368683772161603e-13,936.931045,1021.7278464287599,2.1168539256599672e-05,0.0,0.08902332431203064,936.9310449999999,1021.8168909216112,1021.8168909216113
input8000_rate2p5_reuse00_seed1,NEAREST_KV,8,0.0,17.301112,0.0,966.317532,0.0,983.618644,1023.3219977650799,2.1168539256599672e-05,0.0,5.030461138232575,983.618644,1028.3524800718517,1028.3524800718517
input8000_rate2p5_reuse00_seed1,NEAREST_KV,52,0.0,1.555912,0.0,1017.281474,0.0,1018.837386,1023.191862962115,2.1168539256599672e-05,0.0016729997055358451,8.467217374596608,1018.837386,1031.6607745049564,1031.6607745049564
input8000_rate2p5_reuse00_seed1,NEAREST_KV,45,0.0,19.451487,0.0,1008.307972,1.1368683772161603e-13,1027.759459,1022.1182508376546,2.1168539256599672e-05,6.894916881242295e-05,3.6498996782755313,1027.7594589999999,1025.7682406336382,1025.7682406336385
input8000_rate2p5_reuse00_seed1,NEAREST_KV,63,0.0,12.438053,0.0,977.276753,0.0,989.714806,1029.5359346066534,2.1168539256599672e-05,0.0,3.337939594609786,989.714806,1032.8738953698025,1032.8738953698025
input8000_rate2p5_reuse00_seed1,NEAREST_KV,78,0.0,2.772777,0.0,997.836942,0.0,1000.609719,1027.58391256218,2.1168539256599672e-05,0.0,3.5660464067645066,1000.609719,1031.149980137484,1031.149980137484
input8000_rate2p5_reuse00_seed1,NEAREST_KV,102,0.0,13.464953,0.0,1047.044997,0.0,1060.50995,1028.0719180732985,2.1168539256599672e-05,0.003932121534510737,13.498606177711096,1060.50995,1041.5744775410835,1041.5744775410835
input8000_rate2p5_reuse00_seed1,NEAREST_KV,99,0.0,23.342066,0.0,1022.468232,1.1368683772161603e-13,1045.810298,1027.2911092555091,2.1168539256599672e-05,0.00011787198953395901,8.751106047539736,1045.8102979999999,1036.0423543435777,1036.0423543435777
input8000_rate2p5_reuse00_seed1,NEAREST_KV,90,0.0,18.72629,0.0,1008.310795,0.0,1027.037085,1022.1182508376546,2.1168539256599672e-05,5.545263373343064e-06,2.956342425122756,1027.037085,1025.07461997658,1025.07461997658
input8000_rate2p5_reuse00_seed1,NEAREST_KV,122,0.0,401.425629,0.0,1300.925901,0.0,1702.35153,1027.5188451606978,2.1168539256599672e-05,0.00012587831883538765,170.49631512388896,1702.3515300000001,1198.0153073314448,1198.0153073314448
input8000_rate2p5_reuse00_seed1,NEAREST_KV,121,0.0,7.166881,0.0,1021.07996,0.0,1028.246841,1026.8681711458732,2.1168539256599672e-05,3.504247765588666e-06,4.088938498218013,1028.2468410000001,1030.9571343168782,1030.9571343168782
input8000_rate2p5_reuse00_seed1,NEAREST_KV,130,0.0,10.732142,0.0,1025.287892,0.0,1036.020034,1027.9092495695922,2.1168539256599672e-05,0.0002847424098147283,12.766261387808477,1036.0200340000001,1040.6758168683498,1040.6758168683498
input8000_rate2p5_reuse00_seed1,NEAREST_KV,140,0.0,8.204239,0.0,1032.272751,0.0,1040.47699,1022.6387900495142,2.1168539256599672e-05,0.0021869406628116424,8.335339749647162,1040.47699,1030.9763379083633,1030.9763379083633
input8000_rate2p5_reuse00_seed1,NEAREST_KV,183,0.0,0.6749,0.0,988.475423,0.0,989.150323,1028.5273898836756,2.1168539256599672e-05,0.0,6.965219567380153,989.150323,1035.492630619595,1035.492630619595
input8000_rate2p5_reuse00_seed1,NEAREST_KV,177,0.0,4.417143,0.0,989.751885,0.0,994.169028,1021.9881160346897,2.1168539256599672e-05,0.0,1.5381978894173258,994.169028,1023.5263350926463,1023.5263350926463
input8000_rate2p5_reuse00_seed1,NEAREST_KV,188,0.0,229.842999,0.0,1013.410194,0.0,1243.253193,1022.1182508376546,2.1168539256599672e-05,0.0,160.35696550921347,1243.253193,1182.4752375154073,1182.4752375154073
input8000_rate2p5_reuse00_seed1,NEAREST_KV,211,0.0,4.699582,0.0,1022.240673,0.0,1026.940255,1029.308198701465,2.1168539256599672e-05,5.382210786976954e-06,8.538514250084944,1026.940255,1037.8467395023,1037.8467395023
input8000_rate2p5_reuse00_seed1,NEAREST_KV,204,0.0,14.657043,0.0,994.514817,0.0,1009.17186,1024.5582783932464,2.1168539256599672e-05,0.0,2.844598223217538,1009.17186,1027.4028977850032,1027.4028977850032
input8000_rate2p5_reuse00_seed1,NEAREST_KV,216,0.0,199.486903,0.0,1025.230559,0.0,1224.717462,1028.5273898836756,2.1168539256599672e-05,3.3226872679582646,164.52625228419808,1224.717462,1196.3763506043713,1196.3763506043713
input8000_rate2p5_reuse00_seed1,NEAREST_KV,227,0.0,14.613313,0.0,1033.581142,0.0,1048.194455,1028.4297887814519,2.1168539256599672e-05,52.46685379946754,14.277496011713502,1048.194455,1095.1741597611722,1095.1741597611722
input8000_rate2p5_reuse00_seed1,NEAREST_KV,214,0.0,14.495366,0.0,1028.305975,0.0,1042.801341,1022.0206497354309,2.1168539256599672e-05,0.00024118034560422676,7.494389856844997,1042.801341,1029.5153019411607,1029.5153019411607
input8000_rate2p5_reuse00_seed1,NEAREST_KV,255,3086.501061,25.89244,0.0,1038.805896,2.4883489999995163,4153.687746,1029.601002008136,2.1168539256599672e-05,12721.79515015734,10.689003575692986,4151.199397,13762.08517690971,13764.57352590971
input8000_rate2p5_reuse00_seed1,NEAREST_KV,237,1008.760924,25.879448,0.0,1034.574759,0.0,2063.208771,1022.0531834361722,2.1168539256599672e-05,6253.247774710034,8.889261870500512,2069.215131,7284.190241185245,7284.190241185245
input8000_rate2p5_reuse00_seed1,NEAREST_KV,274,776.762513,25.90524,0.0,1038.875146,4.8864469999996345,1846.429346,1029.1129964970178,2.1168539256599672e-05,4965.611357720448,10.572640965443476,1841.542899,6005.297016351448,6010.183463351448
input8000_rate2p5_reuse00_seed1,NEAREST_KV,250,2727.888142,25.988504,0.0,1046.7165,0.0,3799.644283,1022.1182508376546,2.1168539256599672e-05,5758.569802666149,8.904776885200455,3800.5931459999997,6789.592851557543,6789.592851557543
input8000_rate2p5_reuse00_seed1,NEAREST_KV,264,3343.564581,26.009816,0.0,1045.863735,0.0,4413.734785,1022.3134530421019,2.1168539256599672e-05,14646.711606859315,8.951321929300256,4415.438132,15677.976402999257,15677.976402999257
input8000_rate2p5_reuse00_seed1,NEAREST_KV,295,0.0,14.819261,0.0,1034.77932,0.0,1049.598581,1024.5582783932464,2.1168539256599672e-05,0.00018098459284720606,4.231712729523096,1049.5985810000002,1028.7901932759016,1028.7901932759016
input8000_rate2p5_reuse00_seed1,NEAREST_KV,1,0.0,1.748542,0.0,936.703457,0.0,938.451999,1030.2191423222193,2.1168539256599672e-05,0.0,2.1137327426535606,938.451999,1032.3328962334122,1032.3328962334122
input8000_rate2p5_reuse00_seed1,NEAREST_KV,11,0.0,13.004385,0.0,966.570396,1.1368683772161603e-13,979.574781,1028.4297887814519,2.1168539256599672e-05,0.0,6.248389792177456,979.5747809999999,1034.6781997421685,1034.6781997421685
input8000_rate2p5_reuse00_seed1,NEAREST_KV,30,0.0,13.310896,0.0,985.480609,1.1368683772161603e-13,998.791505,1028.0719180732985,2.1168539256599672e-05,0.0,2.2952945107084517,998.7915049999999,1030.3672337525463,1030.3672337525463
input8000_rate2p5_reuse00_seed1,NEAREST_KV,31,0.0,496.065768,0.0,1231.242425,2.2737367544323206e-13,1727.308193,1022.899059655444,2.1168539256599672e-05,0.0,167.50087267659615,1727.3081929999998,1190.3999535005794,1190.3999535005796
input8000_rate2p5_reuse00_seed1,NEAREST_KV,48,0.0,11.493985,0.0,977.281809,1.1368683772161603e-13,988.775794,1027.9092495695922,2.1168539256599672e-05,0.0,2.950064227111419,988.7757939999999,1030.8593349652429,1030.8593349652429
input8000_rate2p5_reuse00_seed1,NEAREST_KV,59,0.0,553.169687,0.0,1264.785055,0.0,1817.954742,1029.8287379133246,2.1168539256599672e-05,0.20022664673384782,178.7826235469754,1817.954742,1208.8116092755731,1208.8116092755731
input8000_rate2p5_reuse00_seed1,NEAREST_KV,56,0.0,20.100485,0.0,986.707607,0.0,1006.808092,1023.6148010717509,2.1168539256599672e-05,0.0,6.487393210687834,1006.8080920000001,1030.102215450978,1030.102215450978
input8000_rate2p5_reuse00_seed1,NEAREST_KV,58,0.0,6.503803,0.0,1008.801191,0.0,1015.304994,1022.3134530421019,2.1168539256599672e-05,0.0025868346160381533,10.738412870461282,1015.304994,1033.0544739157185,1033.0544739157185
input8000_rate2p5_reuse00_seed1,NEAREST_KV,83,0.0,22.330817,0.0,1014.58418,1.1368683772161603e-13,1036.914997,1027.9743169710748,2.1168539256599672e-05,7.461304075227216e-05,5.046251001269688,1036.9149969999999,1033.0206637539245,1033.0206637539245
input8000_rate2p5_reuse00_seed1,NEAREST_KV,97,0.0,14.140503,0.0,1031.627373,0.0,1045.767876,1030.3818108259254,2.1168539256599672e-05,0.00017970647457004314,9.488069245786654,1045.7678760000001,1039.870080946726,1039.870080946726
input8000_rate2p5_reuse00_seed1,NEAREST_KV,86,0.0,9.78541,0.0,1033.749171,0.0,1043.534581,1024.070272882128,2.1168539256599672e-05,0.00012722368409130534,7.983112819892952,1043.534581,1032.0535340942442,1032.0535340942442
input8000_rate2p5_reuse00_seed1,NEAREST_KV,107,0.0,1.563043,0.0,1032.424187,0.0,1033.98723,1026.4777667369785,2.1168539256599672e-05,0.0001704230705178608,8.557168363790545,1033.9872300000002,1035.0351266923788,1035.0351266923788
input8000_rate2p5_reuse00_seed1,NEAREST_KV,149,0.0,197.882965,0.0,979.020745,0.0,1176.90371,1029.9588727162895,2.1168539256599672e-05,0.0,156.59805686190893,1176.90371,1186.5569507467378,1186.5569507467378
input8000_rate2p5_reuse00_seed1,NEAREST_KV,145,0.0,0.015715,0.0,953.291422,0.0,953.307137,1029.3407324022062,2.1168539256599672e-05,0.0,1.9042800442044339,953.307137,1031.24503361495,1031.24503361495
input8000_rate2p5_reuse00_seed1,NEAREST_KV,154,0.0,16.020241,0.0,986.397309,0.0,1002.41755,1023.0291944584088,2.1168539256599672e-05,0.0,9.521963525855007,1002.4175499999999,1032.5511791528031,1032.5511791528031
input8000_rate2p5_reuse00_seed1,NEAREST_KV,170,0.0,6.050489,0.0,1017.636096,1.1368683772161603e-13,1023.686585,1029.3732661029476,2.1168539256599672e-05,0.0,3.9927093110127245,1023.6865849999999,1033.3659965824995,1033.3659965824995
input8000_rate2p5_reuse00_seed1,NEAREST_KV,175,0.0,18.898749,0.0,1013.866404,1.1368683772161603e-13,1032.765153,1025.5017557147419,2.1168539256599672e-05,1.9125234190396368e-05,7.630885890138742,1032.765153,1033.132681898654,1033.132681898654
input8000_rate2p5_reuse00_seed1,NEAREST_KV,198,0.0,5.284933,0.0,1035.379664,0.0,1040.664597,1027.1935081532854,2.1168539256599672e-05,0.0017979611484619338,9.421390778642618,1040.664597,1036.6167180616158,1036.6167180616158
input8000_rate2p5_reuse00_seed1,NEAREST_KV,186,0.0,3.651848,0.0,1020.844684,0.0,1024.496532,1022.1182508376546,2.1168539256599672e-05,0.00015584597964697408,11.385425079514256,1024.4965320000001,1033.5038529316878,1033.5038529316878
input8000_rate2p5_reuse00_seed1,NEAREST_KV,208,0.0,13.989309,0.0,1023.565759,0.0,1037.555068,1027.7791147666276,2.1168539256599672e-05,4.447600740743689,13.428788611561387,1037.555068,1045.6555252874718,1045.6555252874718
input8000_rate2p5_reuse00_seed1,NEAREST_KV,199,0.0,177.327077,0.0,1031.760112,2.2737367544323206e-13,1209.087189,1022.6713237502554,2.1168539256599672e-05,0.032002094812578465,160.14249086959825,1209.0871889999999,1182.8458378832056,1182.8458378832058
input8000_rate2p5_reuse00_seed1,NEAREST_KV,242,0.0,618.794666,0.0,1316.768937,0.0,1935.563603,1029.308198701465,2.1168539256599672e-05,61.11670427637327,176.05332499782148,1935.563603,1266.478249144199,1266.478249144199
input8000_rate2p5_reuse00_seed1,NEAREST_KV,240,0.0,21.413249,0.0,1060.538047,0.0,1081.951296,1028.2020528762635,2.1168539256599672e-05,2.931927669419451,9.66187350649161,1081.951296,1040.7958752207137,1040.7958752207137
input8000_rate2p5_reuse00_seed1,NEAREST_KV,228,0.0,11.758145,0.0,1037.296603,0.0,1049.054748,1024.8836154006585,2.1168539256599672e-05,0.19985367914622168,4.3092878030227695,1049.054748,1029.3927780513668,1029.3927780513668
input8000_rate2p5_reuse00_seed1,NEAREST_KV,263,0.0,14.804761,0.0,1005.034538,0.0,1019.839299,1025.1764187073295,2.1168539256599672e-05,0.006510382442313709,3.685548116019703,1019.839299,1028.8684983743308,1028.8684983743308
input8000_rate2p5_reuse00_seed1,NEAREST_KV,284,0.0,14.249638,0.0,989.765221,0.0,1004.014859,1030.1866086214782,2.1168539256599672e-05,0.0,3.493089741609147,1004.014859,1033.6797195316267,1033.6797195316267
input8000_rate2p5_reuse00_seed1,NEAREST_MIGRATE,5,0.0,0.009088,0.0,954.519522,0.0,954.52861,1021.890514932466,2.1168539256599672e-05,0.0,0.0,954.5286100000001,1021.8905361010052,1021.8905361010052
input8000_rate2p5_reuse00_seed1,NEAREST_MIGRATE,7,0.0,345.084383,0.0,1211.748136,2.2737367544323206e-13,1556.832519,1022.0206497354309,2.1168539256599672e-05,0.0,166.4107777191138,1556.832519,1188.431448623084,1188.4314486230842
input8000_rate2p5_reuse00_seed1,NEAREST_MIGRATE,39,0.0,20.155717,0.0,988.424215,0.0,1008.579932,1029.470867205171,2.1168539256599672e-05,0.0,7.634394409181276,1008.579932,1037.1052827828917,1037.1052827828917
input8000_rate2p5_reuse00_seed1,NEAREST_MIGRATE,35,0.0,19.081449,0.0,979.895793,0.0,998.977242,1024.8185479991762,2.1168539256599672e-05,0.0,1.9637509043637706,998.977242,1026.7823200720793,1026.7823200720793
input8000_rate2p5_reuse00_seed1,NEAREST_MIGRATE,71,0.0,4.600418,0.0,969.803708,0.0,974.404126,1029.145530197759,2.1168539256599672e-05,0.0,2.3019421287566715,974.404126,1031.447493495055,1031.447493495055
input8000_rate2p5_reuse00_seed1,NEAREST_MIGRATE,74,0.0,0.792577,0.0,978.181169,0.0,978.973746,1028.6900583873817,2.1168539256599672e-05,0.0,6.754656979629267,978.973746,1035.4447365355502,1035.4447365355502
input8000_rate2p5_reuse00_seed1,NEAREST_MIGRATE,92,0.0,18.228773,0.0,978.163825,1.060184999999933,997.452783,1028.2671202777458,2.1168539256599672e-05,181.28273794848786,14.867217433646704,996.392598,1224.4170968284197,1225.4772818284196
input8000_rate2p5_reuse00_seed1,NEAREST_MIGRATE,105,0.0,506.624597,0.0,1260.522768,0.0,1767.147365,1028.2996539784872,2.1168539256599672e-05,0.0,169.801853041255,1767.147365,1198.1015281882815,1198.1015281882815
input8000_rate2p5_reuse00_seed1,NEAREST_MIGRATE,109,0.0,1.528758,0.0,1022.863313,0.0,1024.392071,1027.9417832703336,2.1168539256599672e-05,7.927204715514582e-06,12.524668770657719,1024.392071,1040.4664811367354,1040.4664811367354
input8000_rate2p5_reuse00_seed1,NEAREST_MIGRATE,114,0.0,193.600228,0.0,1022.926203,0.0,1216.526431,1026.4126993354962,2.1168539256599672e-05,6.7770067576879554e-06,167.64042688256885,1216.526431,1194.053154163611,1194.053154163611
input8000_rate2p5_reuse00_seed1,NEAREST_MIGRATE,104,0.0,1.465738,0.0,1004.014623,0.0,1005.480361,1025.4041546125181,2.1168539256599672e-05,0.0,2.796943289815964,1005.480361,1028.2011190708733,1028.2011190708733
input8000_rate2p5_reuse00_seed1,NEAREST_MIGRATE,144,0.0,0.626553,0.0,1023.752426,1.1368683772161603e-13,1024.378979,1028.1369854747809,2.1168539256599672e-05,0.0,4.14213116036602,1024.378979,1032.2791378036861,1032.2791378036864
input8000_rate2p5_reuse00_seed1,NEAREST_MIGRATE,171,0.0,196.703484,0.0,1029.263563,0.0,1225.967047,1030.2842097237017,2.1168539256599672e-05,1.2038396378988447e-05,159.9476922469626,1225.967047,1190.2319351776,1190.2319351776
input8000_rate2p5_reuse00_seed1,NEAREST_MIGRATE,155,0.0,22.584407,0.0,1039.822691,0.0,1062.407098,1025.7294916199303,2.1168539256599672e-05,0.27741955917893624,12.690715524012703,1062.4070980000001,1038.6976478716613,1038.6976478716613
input8000_rate2p5_reuse00_seed1,NEAREST_MIGRATE,181,0.0,6.857982,0.0,1044.206295,1.396840000000111,1052.461117,1029.601002008136,2.1168539256599672e-05,278.2718375763921,27.123872936436488,1051.064277,1334.9967336895038,1336.393573689504
input8000_rate2p5_reuse00_seed1,NEAREST_MIGRATE,146,0.0,537.444264,0.0,1304.78608,0.0,1842.230344,1022.0206497354309,2.1168539256599672e-05,1.1289422171506597e-05,168.93594625724373,1842.230344,1190.9566284506361,1190.9566284506361
input8000_rate2p5_reuse00_seed1,NEAREST_MIGRATE,166,0.0,14.971626,0.0,1009.362278,5.34513800000002,1029.679042,1023.7449358747158,2.1168539256599672e-05,831.0460867233397,18.350243865773354,1024.3339039999998,1873.141287632368,1878.486425632368
input8000_rate2p5_reuse00_seed1,NEAREST_MIGRATE,169,0.0,18.272953,0.0,1007.691535,0.0,1025.964488,1022.1182508376546,2.1168539256599672e-05,0.0,6.5747550012413924,1025.964488,1028.6930270074354,1028.6930270074354
input8000_rate2p5_reuse00_seed1,NEAREST_MIGRATE,173,0.0,780.693004,0.0,1287.628484,0.0,2068.321488,1022.0857171369134,2.1168539256599672e-05,9.644434717578992e-05,860.0323286313533,2068.321488,1882.118163381153,1882.118163381153
input8000_rate2p5_reuse00_seed1,NEAREST_MIGRATE,215,0.0,3.501238,0.0,1035.948535,0.0,1039.449773,1022.0206497354309,2.1168539256599672e-05,0.007919203084792215,4.764391538030459,1039.449773,1026.7929816450853,1026.7929816450853
input8000_rate2p5_reuse00_seed1,NEAREST_MIGRATE,238,0.0,1.928684,0.0,1017.371022,0.0,1019.299706,1027.8116484673687,2.1168539256599672e-05,0.0,3.370998833713564,1019.299706,1031.1826684696216,1031.1826684696216
input8000_rate2p5_reuse00_seed1,NEAREST_MIGRATE,239,0.0,719.876274,0.0,1270.114827,0.0,1989.991101,1022.0531834361722,2.1168539256599672e-05,7.318714264818838e-07,168.31241163006123,1989.991101,1190.3656169666442,1190.3656169666442
input8000_rate2p5_reuse00_seed1,NEAREST_MIGRATE,253,0.0,6.902995,0.0,994.910983,0.0,1001.813978,1022.1182508376546,2.1168539256599672e-05,0.0,9.748960448707962,1001.813978,1031.8672324549018,1031.8672324549018
input8000_rate2p5_reuse00_seed1,NEAREST_MIGRATE,272,0.0,5.368962,0.0,1032.27062,0.0,1037.639582,1027.84418216811,2.1168539256599672e-05,1.7112998137662103e-05,8.63363354798846,1037.639582,1036.4778539976357,1036.4778539976357
input8000_rate2p5_reuse00_seed1,NEAREST_MIGRATE,270,0.0,21.778668,0.0,1011.750664,0.0,1033.529332,1027.3561766569915,2.1168539256599672e-05,0.0,3.955950983966801,1033.529332,1031.3121488094976,1031.3121488094976
input8000_rate2p5_reuse00_seed1,NEAREST_MIGRATE,275,0.0,411.316921,0.0,1310.763974,0.0,1722.080895,1027.8116484673687,2.1168539256599672e-05,0.0003681186268838117,174.8158374006898,1722.080895,1202.6278751552247,1202.6278751552247
input8000_rate2p5_reuse00_seed1,NEAREST_MIGRATE,296,0.0,6.840793,0.0,1015.109434,1.1368683772161603e-13,1021.950227,1027.6164462629213,2.1168539256599672e-05,4.387267881575827e-05,4.711568295919321,1021.9502269999999,1032.3280796000586,1032.3280796000586
input8000_rate2p5_reuse00_seed1,NEAREST_MIGRATE,14,0.0,0.016915,0.0,954.519522,0.0,954.536437,1029.8287379133246,2.1168539256599672e-05,0.0,1.7712925299532358,954.5364370000001,1031.6000516118172,1031.6000516118172
input8000_rate2p5_reuse00_seed1,NEAREST_MIGRATE,18,0.0,332.846174,0.0,1211.748136,0.0,1544.59431,1028.1044517740397,2.1168539256599672e-05,0.0,167.86143159355774,1544.59431,1195.9659045361368,1195.9659045361368
input8000_rate2p5_reuse00_seed1,NEAREST_MIGRATE,33,0.0,0.985332,0.0,978.535377,0.0,979.520709,1030.056473818513,2.1168539256599672e-05,0.0,3.2127095877085523,979.520709,1033.2692045747608,1033.2692045747608
input8000_rate2p5_reuse00_seed1,NEAREST_MIGRATE,50,0.0,397.058645,0.0,1244.370689,0.0,1641.429334,1029.6335357088772,2.1168539256599672e-05,0.0,173.35638140869054,1641.4293340000002,1202.989938286107,1202.989938286107
input8000_rate2p5_reuse00_seed1,NEAREST_MIGRATE,41,0.0,5.859425,0.0,978.145009,0.0,984.004434,1026.9332385473558,2.1168539256599672e-05,0.0,6.335751582731014,984.004434,1033.269011298626,1033.269011298626
input8000_rate2p5_reuse00_seed1,NEAREST_MIGRATE,49,0.0,7.978225,0.0,993.627025,0.0,1001.60525,1022.476121545808,2.1168539256599672e-05,0.0,5.272973075785465,1001.60525,1027.7491157901327,1027.7491157901327
input8000_rate2p5_reuse00_seed1,NEAREST_MIGRATE,73,0.0,16.841727,0.0,988.514551,0.0,1005.356278,1024.0377391813868,2.1168539256599672e-05,0.0,2.471127981117327,1005.356278,1026.5088883310434,1026.5088883310434
input8000_rate2p5_reuse00_seed1,NEAREST_MIGRATE,88,0.0,215.95868,0.0,1324.320164,0.0,1540.278844,1028.559923584417,2.1168539256599672e-05,1.290029061134907e-06,169.86391310005473,1540.278844,1198.42385914304,1198.42385914304
input8000_rate2p5_reuse00_seed1,NEAREST_MIGRATE,76,0.0,14.043528,0.0,994.499174,0.0,1008.542702,1022.0531834361722,2.1168539256599672e-05,0.0,6.559239986541456,1008.5427020000001,1028.6124445912528,1028.6124445912528
input8000_rate2p5_reuse00_seed1,NEAREST_MIGRATE,87,0.0,7.084377,0.0,1011.478341,0.0,1018.562718,1022.0857171369134,2.1168539256599672e-05,0.0,2.0056775401192724,1018.562718,1024.0914158455719,1024.0914158455719
input8000_rate2p5_reuse00_seed1,NEAREST_MIGRATE,89,0.0,1196.586408,0.0,1270.699692,0.0,2467.2861,1021.9555823339485,2.1168539256599672e-05,9.147554965890195e-05,870.3286673445938,2467.2861,1892.2843623226313,1892.2843623226313
input8000_rate2p5_reuse00_seed1,NEAREST_MIGRATE,126,0.0,4.590611,0.0,1023.589179,0.0,1028.17979,1028.8201931903466,2.1168539256599672e-05,0.00010915534254227077,5.692153321020896,1028.17979,1034.5124768352493,1034.5124768352493
input8000_rate2p5_reuse00_seed1,NEAREST_MIGRATE,113,0.0,9.128304,0.0,1026.883435,0.0,1036.011739,1022.0531834361722,2.1168539256599672e-05,0.0,3.385034539074873,1036.011739,1025.4382391437864,1025.4382391437864
input8000_rate2p5_reuse00_seed1,NEAREST_MIGRATE,132,0.0,5.78684,0.0,1053.662071,0.0,1059.448911,1029.4057998036888,2.1168539256599672e-05,0.003661200730576661,10.393108407092463,1059.448911,1039.802590580051,1039.802590580051
input8000_rate2p5_reuse00_seed1,NEAREST_MIGRATE,141,0.0,18.732079,0.0,1051.468822,0.0,1070.200901,1028.6575246866405,2.1168539256599672e-05,0.0044844547314177195,10.214685738043208,1070.2009010000002,1038.8767160479545,1038.8767160479545
input8000_rate2p5_reuse00_seed1,NEAREST_MIGRATE,156,0.0,3.323317,0.0,1045.769508,0.0,1049.092825,1029.5359346066534,2.1168539256599672e-05,0.003003591824987834,14.291901137111683,1049.0928250000002,1043.8308605041293,1043.8308605041293
input8000_rate2p5_reuse00_seed1,NEAREST_MIGRATE,150,0.0,21.896272,0.0,1036.23932,2.2737367544323206e-13,1058.135592,1022.8339922539615,2.1168539256599672e-05,0.00010943768911317225,8.13253466924624,1058.1355919999999,1030.9666575294361,1030.9666575294364
input8000_rate2p5_reuse00_seed1,NEAREST_MIGRATE,174,0.0,1.965232,0.0,1044.241976,0.0,1046.207208,1028.9828616940526,2.1168539256599672e-05,2.4941184266006652e-05,9.598703558390106,1046.207208,1038.5816113621663,1038.5816113621663
input8000_rate2p5_reuse00_seed1,NEAREST_MIGRATE,190,170.286156,25.917624,0.0,1043.508995,0.08706299999994371,1239.799838,1029.893805314807,2.1168539256599672e-05,1533.846474130392,18.244996418580687,1239.712775,2581.985297032319,2582.072360032319
input8000_rate2p5_reuse00_seed1,NEAREST_MIGRATE,180,0.0,25.453027,0.0,1043.568905,0.0,1069.021932,1022.0206497354309,2.1168539256599672e-05,0.002518621239402874,12.499916939269177,1069.021932,1034.5231064644788,1034.5231064644788
input8000_rate2p5_reuse00_seed1,NEAREST_MIGRATE,223,0.0,1.830265,0.0,997.409589,0.0,999.239854,1029.1780638985,2.1168539256599672e-05,0.0,3.696814142412201,999.239854,1032.8748992094515,1032.8748992094515
input8000_rate2p5_reuse00_seed1,NEAREST_MIGRATE,210,0.0,22.029127,0.0,1003.349859,0.0,1025.378986,1022.0857171369134,2.1168539256599672e-05,0.0,2.699234793272055,1025.378986,1024.7849730987248,1024.7849730987248
input8000_rate2p5_reuse00_seed1,NEAREST_MIGRATE,231,0.0,8.399116,0.0,1032.902067,0.0,1041.301183,1029.601002008136,2.1168539256599672e-05,0.0,7.665424438581148,1041.301183,1037.2664476152563,1037.2664476152563
input8000_rate2p5_reuse00_seed1,NEAREST_MIGRATE,233,0.0,146.730778,0.0,1282.360717,0.0,1429.091495,1028.4948561829344,2.1168539256599672e-05,9.805858387714493e-07,173.71616078597415,1429.0914950000001,1202.2110391180336,1202.2110391180336
input8000_rate2p5_reuse00_seed1,NEAREST_MIGRATE,246,0.0,20.121774,0.0,1024.755497,0.0,1044.877271,1028.3972550807107,2.1168539256599672e-05,2.873353647213738e-05,12.633273873557265,1044.877271,1041.0305788563437,1041.0305788563437
input8000_rate2p5_reuse00_seed1,NEAREST_MIGRATE,251,0.0,152.934118,0.0,1021.869772,0.0,1174.80389,1027.58391256218,2.1168539256599672e-05,0.0009588060024903808,164.0519344465483,1174.8038900000001,1191.63682698327,1191.63682698327
input8000_rate2p5_reuse00_seed1,NEAREST_MIGRATE,261,0.0,19.760054,0.0,1024.862637,0.0,1044.622691,1029.0804627962764,2.1168539256599672e-05,0.0007484733120442168,13.489738781059355,1044.622691,1042.570971219187,1042.570971219187
input8000_rate2p5_reuse00_seed1,NEAREST_MIGRATE,299,0.0,0.00203,0.0,947.953218,0.0,947.955248,1021.9230486332073,2.1168539256599672e-05,0.0,0.0,947.955248,1021.9230698017465,1021.9230698017465
input8000_rate2p5_reuse00_seed1,NEAREST_MIGRATE,69,0.0,10.848723,0.0,966.255388,0.0,977.104111,1030.0239401177719,2.1168539256599672e-05,0.0,6.379157527825164,977.104111,1036.4031188141364,1036.4031188141364
input8000_rate2p5_reuse00_seed1,NEAREST_MIGRATE,64,0.0,0.026205,0.0,936.703457,0.0,936.729662,1024.8510816999174,2.1168539256599672e-05,0.0,0.5843939054081844,936.729662,1025.4354967738648,1025.4354967738648
input8000_rate2p5_reuse00_seed1,NEAREST_MIGRATE,91,0.0,7.396894,0.0,979.402577,1.1368683772161603e-13,986.799471,1029.6986031103597,2.1168539256599672e-05,0.0,3.1273770068589,986.7994709999999,1032.826001285758,1032.8260012857581
input8000_rate2p5_reuse00_seed1,NEAREST_MIGRATE,103,0.0,6.867609,0.0,978.400305,0.0,985.267914,1029.9588727162895,2.1168539256599672e-05,0.0,7.057199766277996,985.267914,1037.0160936511068,1037.0160936511068
input8000_rate2p5_reuse00_seed1,NEAREST_MIGRATE,106,0.0,0.793476,0.0,987.055415,0.0,987.848891,1029.9263390155484,2.1168539256599672e-05,0.0,11.61076221270018,987.8488910000001,1041.5371223967877,1041.5371223967877
input8000_rate2p5_reuse00_seed1,NEAREST_MIGRATE,116,0.0,1.409754,0.0,985.962679,0.0,987.372433,1023.2894640643386,2.1168539256599672e-05,0.0,10.028230713306797,987.372433,1033.3177159461848,1033.3177159461848
input8000_rate2p5_reuse00_seed1,NEAREST_MIGRATE,131,0.0,20.073578,0.0,1005.524644,1.1368683772161603e-13,1025.598222,1027.876715868851,2.1168539256599672e-05,7.093541879306505e-06,8.641391055338424,1025.598222,1036.5181351862707,1036.5181351862707
input8000_rate2p5_reuse00_seed1,NEAREST_MIGRATE,125,0.0,10.143405,0.0,993.688614,0.0,1003.832019,1022.8339922539615,2.1168539256599672e-05,0.0,6.745420162940675,1003.8320190000001,1029.5794335854414,1029.5794335854414
input8000_rate2p5_reuse00_seed1,NEAREST_MIGRATE,143,0.0,16.164959,0.0,1011.778055,0.0,1027.943014,1030.3818108259254,2.1168539256599672e-05,1.5608146891809833e-05,9.238719121285925,1027.943014,1039.6205667238976,1039.6205667238976
input8000_rate2p5_reuse00_seed1,NEAREST_MIGRATE,151,0.0,9.425975,0.0,1022.161331,0.0,1031.587306,1023.6798684732333,2.1168539256599672e-05,6.5669499391755905e-06,7.640672607192613,1031.5873060000001,1031.320568815915,1031.320568815915
input8000_rate2p5_reuse00_seed1,NEAREST_MIGRATE,157,0.0,16.2858,0.0,1018.860533,0.0,1035.146333,1022.0531834361722,2.1168539256599672e-05,3.608494412926914e-05,11.120559940313598,1035.1463330000001,1033.173800629969,1033.173800629969
input8000_rate2p5_reuse00_seed1,NEAREST_MIGRATE,192,0.0,7.679614,0.0,985.310887,0.0,992.990501,1024.5257446925052,2.1168539256599672e-05,0.0,1.8939333382140617,992.990501,1026.4196991992585,1026.4196991992585
input8000_rate2p5_reuse00_seed1,NEAREST_MIGRATE,212,0.0,5.081381,0.0,1000.183192,1.1368683772161603e-13,1005.264573,1029.308198701465,2.1168539256599672e-05,0.0,7.595606872431439,1005.2645729999999,1036.9038267424357,1036.9038267424357
input8000_rate2p5_reuse00_seed1,NEAREST_MIGRATE,205,0.0,20.9261,0.0,1001.769374,0.0,1022.695474,1022.1182508376546,2.1168539256599672e-05,0.0,5.881197748088603,1022.695474,1027.9994697542825,1027.9994697542825
input8000_rate2p5_reuse00_seed1,NEAREST_MIGRATE,219,0.0,13.741061,0.0,1017.359422,0.0,1031.100483,1028.2996539784872,2.1168539256599672e-05,0.0,7.35512414458244,1031.100483,1035.654799291609,1035.654799291609
input8000_rate2p5_reuse00_seed1,NEAREST_MIGRATE,244,0.0,20.389632,0.0,1009.062621,0.0,1029.452253,1027.421244058474,2.1168539256599672e-05,1.6501349951125926e-06,3.971465998666737,1029.452253,1031.392732875815,1031.392732875815
input8000_rate2p5_reuse00_seed1,NEAREST_MIGRATE,259,0.0,6.940436,0.0,1002.411724,0.0,1009.35216,1022.1182508376546,2.1168539256599672e-05,4.712229366724705e-06,6.5747550012413924,1009.35216,1028.6930317196645,1028.6930317196645
input8000_rate2p5_reuse00_seed1,NEAREST_MIGRATE,267,0.0,4.53244,0.0,1022.266928,0.0,1026.799368,1024.363076188799,2.1168539256599672e-05,1.6434047955586224e-06,7.110023008389149,1026.799368,1031.473122009132,1031.473122009132
input8000_rate2p5_reuse00_seed1,NEAREST_MIGRATE,268,0.0,256.991431,0.0,1290.427566,0.0,1547.418997,1022.1507845383958,2.1168539256599672e-05,0.00013561675494329223,172.83473898726297,1547.418997,1194.9856803109528,1194.9856803109528
input8000_rate2p5_reuse00_seed1,NEAREST_MIGRATE,287,0.0,52.760682,0.0,1026.121534,0.0,1078.882216,1025.664424218448,2.1168539256599672e-05,2.5271262977869074e-05,158.8461262032672,1078.8822160000002,1184.5105968615173,1184.5105968615173
input8000_rate2p5_reuse00_seed1,NEAREST_MIGRATE,285,0.0,13.685306,0.0,1025.861087,0.0,1039.546393,1022.3134530421019,2.1168539256599672e-05,1.9375776732203945e-07,2.7535373447218277,1039.546393,1025.0670117491206,1025.0670117491206
input8000_rate2p5_reuse00_seed1,NEAREST_MIGRATE,293,0.0,7.171551,0.0,1030.895528,0.0,1038.067079,1022.0857171369134,2.1168539256599672e-05,0.0005948454664282045,11.821874700816338,1038.067079,1033.9082078517354,1033.9082078517354
input8000_rate2p5_reuse00_seed1,NEAREST_MIGRATE,10,0.0,7.450915,0.0,966.514748,0.0,973.965663,1029.2431312999825,2.1168539256599672e-05,0.0,6.192977351425931,973.9656630000001,1035.4361298199476,1035.4361298199476
input8000_rate2p5_reuse00_seed1,NEAREST_MIGRATE,13,0.0,5.14864,0.0,993.494641,0.0,998.643281,1028.169519175522,2.1168539256599672e-05,0.0,10.498299562649144,998.643281,1038.6678399067105,1038.6678399067105
input8000_rate2p5_reuse00_seed1,NEAREST_MIGRATE,0,0.0,0.0,0.0,936.703457,0.0,936.703457,1022.0206497354309,2.1168539256599672e-05,0.0,0.0,936.703457,1022.0206709039701,1022.0206709039701
input8000_rate2p5_reuse00_seed1,NEAREST_MIGRATE,16,0.0,417.59275,0.0,1244.242113,0.0,1661.834863,1022.0206497354309,2.1168539256599672e-05,0.0,175.4088873894175,1661.834863,1197.4295582933876,1197.4295582933876
input8000_rate2p5_reuse00_seed1,NEAREST_MIGRATE,43,0.0,16.749221,0.0,997.204945,0.0,1013.954166,1029.5359346066534,2.1168539256599672e-05,0.0,3.0885894701090635,1013.954166,1032.6245452453018,1032.6245452453018
input8000_rate2p5_reuse00_seed1,NEAREST_MIGRATE,53,0.0,615.390469,0.0,1232.498482,0.0,1847.888951,1029.6986031103597,2.1168539256599672e-05,0.016569725330303906,181.63472005925567,1847.888951,1211.349914063485,1211.349914063485
input8000_rate2p5_reuse00_seed1,NEAREST_MIGRATE,44,0.0,579.515317,0.0,1286.786639,0.0,1866.301956,1028.9503279933115,2.1168539256599672e-05,0.0,169.32571105372185,1866.3019559999998,1198.2760602155727,1198.2760602155727
input8000_rate2p5_reuse00_seed1,NEAREST_MIGRATE,47,0.0,1457.087854,0.0,1300.829718,0.0,2757.917572,1028.0393843725574,2.1168539256599672e-05,2.0591541727110523e-06,871.1480290845053,2757.9175720000003,1899.187436684756,1899.187436684756
input8000_rate2p5_reuse00_seed1,NEAREST_MIGRATE,61,0.0,5.572575,0.0,1008.839545,0.0,1014.41212,1029.7962042125832,2.1168539256599672e-05,9.724896628206832e-07,9.099083988986507,1014.4121200000001,1038.8953103425986,1038.8953103425986
input8000_rate2p5_reuse00_seed1,NEAREST_MIGRATE,77,0.0,23.865061,0.0,1026.330295,0.0,1050.195356,1030.1866086214782,2.1168539256599672e-05,0.00030120525411759933,10.579288583491682,1050.195356,1040.7662195787632,1040.7662195787632
input8000_rate2p5_reuse00_seed1,NEAREST_MIGRATE,65,0.0,228.519831,0.0,1023.248503,0.0,1251.768334,1023.3219977650799,2.1168539256599672e-05,1.1590897839002844e-05,159.1679382830832,1251.768334,1182.4899688076002,1182.4899688076002
input8000_rate2p5_reuse00_seed1,NEAREST_MIGRATE,67,0.0,14.696023,0.0,1030.13243,0.0,1044.828453,1021.9230486332073,2.1168539256599672e-05,0.0006099608888108228,12.47664441721927,1044.828453,1034.4003241798546,1034.4003241798546
input8000_rate2p5_reuse00_seed1,NEAREST_MIGRATE,118,0.0,15.910094,0.0,1012.064201,0.0,1027.974295,1028.2671202777458,2.1168539256599672e-05,0.0,8.734481143538034,1027.974295,1037.001622589823,1037.001622589823
input8000_rate2p5_reuse00_seed1,NEAREST_MIGRATE,100,0.0,9.426591,0.0,1052.996714,0.0,1062.423305,1022.1507845383958,2.1168539256599672e-05,0.003939239146584348,8.663184268049697,1062.423305,1030.8179292141313,1030.8179292141313
input8000_rate2p5_reuse00_seed1,NEAREST_MIGRATE,127,0.0,17.499137,0.0,1025.215573,0.0,1042.71471,1030.1866086214782,2.1168539256599672e-05,7.058236600130368e-08,8.498616824033341,1042.71471,1038.685246684633,1038.685246684633
input8000_rate2p5_reuse00_seed1,NEAREST_MIGRATE,110,0.0,17.262065,0.0,1024.003432,2.2737367544323206e-13,1041.265497,1022.0531834361722,2.1168539256599672e-05,0.0,10.427002687160815,1041.2654969999999,1032.4802072918721,1032.4802072918724
input8000_rate2p5_reuse00_seed1,NEAREST_MIGRATE,148,0.0,10.676442,0.0,1024.900993,0.0,1035.577435,1030.2191423222193,2.1168539256599672e-05,0.0017877537541490835,18.32257149208036,1035.577435,1048.543522736593,1048.543522736593
input8000_rate2p5_reuse00_seed1,NEAREST_MIGRATE,135,0.0,533.815048,0.0,1291.278308,0.0,1825.093356,1024.786014298435,2.1168539256599672e-05,0.026241185062973762,173.46309708261035,1825.0933559999999,1198.2753737346477,1198.2753737346477
input8000_rate2p5_reuse00_seed1,NEAREST_MIGRATE,134,0.0,4.228589,0.0,1039.782936,0.0,1044.011525,1022.0531834361722,2.1168539256599672e-05,0.0,6.559239986541456,1044.0115250000001,1028.6124445912528,1028.6124445912528
input8000_rate2p5_reuse00_seed1,NEAREST_MIGRATE,142,0.0,22.947751,0.0,1028.271397,0.0,1051.219148,1022.0857171369134,2.1168539256599672e-05,0.0005918894817872274,11.821874700816338,1051.219148,1033.9082048957507,1033.9082048957507
input8000_rate2p5_reuse00_seed1,NEAREST_MIGRATE,176,0.0,161.330747,0.0,1041.834072,0.0,1203.164819,1029.731136811101,2.1168539256599672e-05,3.6993458367620056,169.31204524127924,1203.164819,1202.7425490576813,1202.7425490576813
input8000_rate2p5_reuse00_seed1,NEAREST_MIGRATE,172,0.0,10.206334,0.0,1042.894025,0.0,1053.100359,1026.4126993354962,2.1168539256599672e-05,0.20771335410975783,16.721385878981383,1053.100359,1043.3418197371266,1043.3418197371266
input8000_rate2p5_reuse00_seed1,NEAREST_MIGRATE,182,1294.086332,25.939,0.0,1038.947668,0.0,2358.138226,1023.8100032761982,2.1168539256599672e-05,2681.877759646248,12.926579843517391,2358.973,3718.6143639345023,3718.6143639345023
input8000_rate2p5_reuse00_seed1,NEAREST_MIGRATE,222,0.0,238.089015,0.0,1256.065635,0.0,1494.15465,1028.9503279933115,2.1168539256599672e-05,0.0,169.32571105372185,1494.15465,1198.2760602155727,1198.2760602155727
input8000_rate2p5_reuse00_seed1,NEAREST_MIGRATE,220,0.0,13.166708,0.0,1012.379554,1.1368683772161603e-13,1025.546262,1022.0531834361722,2.1168539256599672e-05,0.0,1.3043627796165325,1025.546262,1023.3575673843279,1023.357567384328
input8000_rate2p5_reuse00_seed1,NEAREST_MIGRATE,260,0.0,12.414241,0.0,994.772689,0.0,1007.18693,1025.078817605106,2.1168539256599672e-05,0.0,2.025810963163515,1007.18693,1027.1046497368088,1027.1046497368088
input8000_rate2p5_reuse00_seed1,NEAREST_MIGRATE,273,0.0,5.73657,0.0,993.556055,0.0,999.292625,1029.1780638985,2.1168539256599672e-05,0.0,3.0032568892594256,999.292625,1032.1813419562989,1032.1813419562989
input8000_rate2p5_reuse00_seed1,NEAREST_MIGRATE,282,0.0,12.182962,0.0,989.355896,0.0,1001.538858,1024.0052054806456,2.1168539256599672e-05,0.0,5.637575921233939,1001.538858,1029.6428025704188,1029.6428025704188
input8000_rate2p5_reuse00_seed1,NEAREST_MIGRATE,9,0.0,13.893999,0.0,1210.954922,2.2737367544323206e-13,1224.848921,1029.1780638985,2.1168539256599672e-05,0.0,175.74896083743937,1224.8489209999998,1204.9270459044787,1204.927045904479
input8000_rate2p5_reuse00_seed1,NEAREST_MIGRATE,6,0.0,94.735209,0.0,1254.627475,0.0,1349.362684,1025.371620911777,2.1168539256599672e-05,0.0,167.20980097616047,1349.362684,1192.5814430564767,1192.5814430564767
input8000_rate2p5_reuse00_seed1,NEAREST_MIGRATE,3,0.0,0.001202,0.0,954.519522,0.0,954.520724,1022.0206497354309,2.1168539256599672e-05,0.0,0.0,954.5207240000001,1022.0206709039701,1022.0206709039701
input8000_rate2p5_reuse00_seed1,NEAREST_MIGRATE,25,0.0,15.595009,0.0,986.281143,0.0,1001.876152,1027.84418216811,2.1168539256599672e-05,0.0,3.3787563410635286,1001.876152,1031.2229596777127,1031.2229596777127
input8000_rate2p5_reuse00_seed1,NEAREST_MIGRATE,26,0.0,9.237065,0.0,992.804326,0.0,1002.041391,1026.8031037443907,2.1168539256599672e-05,0.0,7.691836059636714,1002.041391,1034.4949609725666,1034.4949609725666
input8000_rate2p5_reuse00_seed1,NEAREST_MIGRATE,27,0.0,149.950431,0.0,1003.912804,0.0,1153.863235,1022.1833182391371,2.1168539256599672e-05,0.0,161.88383561744004,1153.863235,1184.0671750251163,1184.0671750251163
input8000_rate2p5_reuse00_seed1,NEAREST_MIGRATE,38,0.0,17.54656,0.0,1015.193922,0.0,1032.740482,1026.4452330362374,2.1168539256599672e-05,0.0,5.125855284473268,1032.7404820000002,1031.57110948925,1031.57110948925
input8000_rate2p5_reuse00_seed1,NEAREST_MIGRATE,40,0.0,3.369186,0.0,1022.571057,0.0,1025.940243,1021.8254475309836,2.1168539256599672e-05,0.00035900454272694835,162.82392222017924,1025.940243,1184.6497499242448,1184.6497499242448
input8000_rate2p5_reuse00_seed1,NEAREST_MIGRATE,66,0.0,10.599256,0.0,1021.193719,1.1368683772161603e-13,1031.792975,1023.6473347724921,2.1168539256599672e-05,0.0,3.0715951460705,1031.792975,1026.718951087102,1026.7189510871021
input8000_rate2p5_reuse00_seed1,NEAREST_MIGRATE,68,0.0,605.668266,0.0,1288.310065,2.2737367544323206e-13,1893.978331,1022.0531834361722,2.1168539256599672e-05,8.429547462585204e-06,168.9437037645937,1893.9783309999998,1190.9969167988525,1190.9969167988527
input8000_rate2p5_reuse00_seed1,NEAREST_MIGRATE,75,0.0,8.0175,0.0,1033.374063,0.0,1041.391563,1022.0531834361722,2.1168539256599672e-05,1.7666651958218272e-07,11.120559940313598,1041.391563,1033.1737647216914,1033.1737647216914
input8000_rate2p5_reuse00_seed1,NEAREST_MIGRATE,98,0.0,106.125278,0.0,1343.065804,0.0,1449.191082,1028.9828616940526,2.1168539256599672e-05,6.379699669217233e-05,175.09510766528862,1449.191082,1204.0780543248773,1204.0780543248773
input8000_rate2p5_reuse00_seed1,NEAREST_MIGRATE,85,0.0,14.026039,0.0,1034.482907,0.0,1048.508946,1024.8510816999174,2.1168539256599672e-05,8.526940693190264e-06,4.0521801711720755,1048.5089460000002,1028.9032915665694,1028.9032915665694
input8000_rate2p5_reuse00_seed1,NEAREST_MIGRATE,93,0.0,15.363307,0.0,1047.970865,0.0,1063.334172,1026.5428341384609,2.1168539256599672e-05,1.6062549720631015e-05,8.323333253989759,1063.334172,1034.8662046235397,1034.8662046235397
input8000_rate2p5_reuse00_seed1,NEAREST_MIGRATE,120,0.0,24.28891,0.0,1043.820257,0.0,1068.109167,1029.8287379133246,2.1168539256599672e-05,0.0001228586138865817,6.626193302022678,1068.109167,1036.4550752425005,1036.4550752425005
input8000_rate2p5_reuse00_seed1,NEAREST_MIGRATE,101,0.0,68.443326,0.0,1287.936052,4.382970999999998,1360.762349,1022.0206497354309,2.1168539256599672e-05,246.41304884540145,186.1474639771144,1356.379378,1454.581183726486,1458.964154726486
input8000_rate2p5_reuse00_seed1,NEAREST_MIGRATE,129,1989.276537,26.098264,0.0,1056.288436,0.0,3070.884456,1029.9263390155484,2.1168539256599672e-05,2803.850346905717,18.988039960369154,3071.6632369999998,3852.7647470501734,3852.7647470501734
input8000_rate2p5_reuse00_seed1,NEAREST_MIGRATE,161,0.0,158.703727,0.0,1045.653123,0.8557699999998931,1205.21262,1026.4777667369785,2.1168539256599672e-05,364.959541580085,175.8693499468358,1204.3568500000001,1567.3066794324386,1568.1624494324385
input8000_rate2p5_reuse00_seed1,NEAREST_MIGRATE,147,0.0,22.292999,0.0,1026.61182,0.0,1048.904819,1022.5411889472905,2.1168539256599672e-05,0.146764854989699,8.062717103096531,1048.904819,1030.750692073916,1030.750692073916
input8000_rate2p5_reuse00_seed1,NEAREST_MIGRATE,162,0.0,909.793539,0.0,1296.310825,3.839290000000119,2209.943654,1026.282564532531,2.1168539256599672e-05,87.80508846881139,877.8623331393186,2206.104364,1991.9500073092004,1995.7892973092005
input8000_rate2p5_reuse00_seed1,NEAREST_MIGRATE,153,0.0,17.010293,0.0,1042.349888,2.2514730000000327,1061.611654,1022.9315933561852,2.1168539256599672e-05,344.43879608614054,24.104740642101863,1059.360181,1391.475151252967,1393.726624252967
input8000_rate2p5_reuse00_seed1,NEAREST_MIGRATE,159,0.0,9.853985,0.0,1026.380442,3.459357000000182,1039.693784,1022.1182508376546,2.1168539256599672e-05,538.9934394211726,23.2172457051999,1036.2344269999999,1584.3289571325663,1587.7883141325665
input8000_rate2p5_reuse00_seed1,NEAREST_MIGRATE,187,0.0,24.292826,0.0,1026.620124,0.0,1050.91295,1027.2260418540268,2.1168539256599672e-05,0.4924398072083102,5.312035460872487,1050.9129500000001,1033.0305382906467,1033.0305382906467
input8000_rate2p5_reuse00_seed1,NEAREST_MIGRATE,194,0.0,23.407193,0.0,1034.896913,0.6878549999998995,1058.991961,1029.4057998036888,2.1168539256599672e-05,326.9749674249254,22.474279157278833,1058.304106,1378.8550675544323,1379.5429225544322
input8000_rate2p5_reuse00_seed1,NEAREST_MIGRATE,202,0.0,9.916784,0.0,1036.885912,0.0,1046.802696,1029.601002008136,2.1168539256599672e-05,6.921909372263046,10.439653451192264,1046.802696,1046.9625860001306,1046.9625860001306
input8000_rate2p5_reuse00_seed1,NEAREST_MIGRATE,209,5888.760969,26.21244,0.0,1039.128418,0.0,6954.021831,1028.6575246866405,2.1168539256599672e-05,2385.7144157715998,10.214685738043208,6954.101827,3424.5866473648225,3424.5866473648225
input8000_rate2p5_reuse00_seed1,NEAREST_MIGRATE,218,3810.517077,273.131546,0.0,1318.670032,5.416653000000224,5407.735308,1021.9555823339485,2.1168539256599672e-05,2887.088843653208,174.0507782122281,5402.318655,4083.0952253679243,4088.5118783679245
input8000_rate2p5_reuse00_seed1,NEAREST_MIGRATE,217,3533.191198,26.07308,0.0,1066.490116,1.907163999999966,4627.661558,1021.5651779250538,2.1168539256599672e-05,2713.0122804513426,8.52354913575028,4625.754394,3743.101028680686,3745.008192680686
input8000_rate2p5_reuse00_seed1,NEAREST_MIGRATE,236,4122.442202,25.835224,0.0,1033.490202,0.050275000000056025,5181.817903,1025.1438850065883,2.1168539256599672e-05,3329.952493746428,21.715449080543284,5181.7676280000005,4376.811849002099,4376.862124002098
input8000_rate2p5_reuse00_seed1,NEAREST_MIGRATE,235,1302.074312,25.867896,0.0,1039.188823,3.2761470000000372,2370.407178,1021.890514932466,2.1168539256599672e-05,3080.8727801363543,13.939458978746305,2367.131031,4116.702775216106,4119.978922216105
input8000_rate2p5_reuse00_seed1,NEAREST_MIGRATE,249,6067.182131,25.689016,0.0,1049.017969,0.0,7136.209445,1026.4777667369785,2.1168539256599672e-05,3548.4854291629495,25.901269582511322,7141.889116,4600.8644866509785,4600.8644866509785
input8000_rate2p5_reuse00_seed1,NEAREST_MIGRATE,248,3202.010012,25.692728,0.0,1048.608735,3.3638009999997394,4279.675276,1022.4110541443256,2.1168539256599672e-05,3538.153678729017,24.196295129326874,4276.311475,4584.7610491712085,4588.124850171208
input8000_rate2p5_reuse00_seed1,NEAREST_MIGRATE,241,4675.788308,25.764024,0.0,1024.41631,0.5477689999993345,5726.516411,1022.0206497354309,2.1168539256599672e-05,1847.2121964344942,24.103205041127257,5725.968642,2893.3360723795913,2893.8838413795906
input8000_rate2p5_reuse00_seed1,NEAREST_MIGRATE,278,4680.670665,26.087352,0.0,1053.20446,1.8319550000001072,5761.794432,1030.1540749207368,2.1168539256599672e-05,1745.4380115011702,10.571531076141717,5759.962476999999,2786.1636386665878,2787.995593666588
input8000_rate2p5_reuse00_seed1,NEAREST_MIGRATE,280,10334.551164,26.277368,0.0,1039.400495,2.3498520000000553,11402.578879,1021.9555823339485,2.1168539256599672e-05,4051.3379135798864,12.484401924569248,11400.229027,5085.777919006943,5088.1277710069435
input8000_rate2p5_reuse00_seed1,NEAREST_MIGRATE,4,0.0,0.017498,0.0,936.703457,0.0,936.720955,1021.597711625795,2.1168539256599672e-05,0.0,0.0,936.720955,1021.5977327943342,1021.5977327943342
input8000_rate2p5_reuse00_seed1,NEAREST_MIGRATE,22,0.0,12.707641,0.0,967.212636,1.1368683772161603e-13,979.920277,1023.8100032761982,2.1168539256599672e-05,0.0,1.0297109233619821,979.9202769999999,1024.8397353680996,1024.8397353680998
input8000_rate2p5_reuse00_seed1,NEAREST_MIGRATE,28,0.0,5.204962,0.0,977.739025,0.0,982.943987,1028.3972550807107,2.1168539256599672e-05,0.0,6.684839413479558,982.943987,1035.0821156627296,1035.0821156627296
input8000_rate2p5_reuse00_seed1,NEAREST_MIGRATE,36,0.0,12.686107,0.0,993.460294,0.0,1006.146401,1027.6815136644038,2.1168539256599672e-05,0.0,11.7690514587052,1006.146401,1039.4505862916483,1039.4505862916483
input8000_rate2p5_reuse00_seed1,NEAREST_MIGRATE,46,0.0,0.282649,0.0,1005.797732,0.0,1006.080381,1030.4143445266666,2.1168539256599672e-05,1.4166003018851245e-05,9.24647662863589,1006.080381,1039.6608564898447,1039.6608564898447
input8000_rate2p5_reuse00_seed1,NEAREST_MIGRATE,32,0.0,14.1191,0.0,987.120727,0.0,1001.239827,1024.9812165028823,2.1168539256599672e-05,0.0,6.563858394885749,1001.239827,1031.5450960663072,1031.5450960663072
input8000_rate2p5_reuse00_seed1,NEAREST_MIGRATE,51,0.0,7.945721,0.0,1014.869378,0.0,1022.815099,1028.1044517740397,2.1168539256599672e-05,0.00020126580927045868,9.38925085994098,1022.815099,1037.4939250683292,1037.4939250683292
input8000_rate2p5_reuse00_seed1,NEAREST_MIGRATE,54,0.0,13.500923,0.0,1022.387409,0.0,1035.888332,1028.1044517740397,2.1168539256599672e-05,0.0006323849062077726,13.950570813713103,1035.888332,1042.0556761411983,1042.0556761411983
input8000_rate2p5_reuse00_seed1,NEAREST_MIGRATE,80,0.0,4.027607,0.0,1022.246816,1.1368683772161603e-13,1026.274423,1029.3732661029476,2.1168539256599672e-05,0.0,4.436916439664785,1026.274423,1033.8102037111516,1033.8102037111516
input8000_rate2p5_reuse00_seed1,NEAREST_MIGRATE,94,0.0,5.250984,0.0,1023.128261,1.1368683772161603e-13,1028.379245,1028.006850671816,2.1168539256599672e-05,0.0,6.591749325279942,1028.3792449999999,1034.5986211656352,1034.5986211656354
input8000_rate2p5_reuse00_seed1,NEAREST_MIGRATE,95,0.0,662.305208,0.0,1273.818341,8.408143999999993,1944.531693,1021.8579812317248,2.1168539256599672e-05,432.74256678481777,182.84822186779618,1936.123549,1637.4487910528778,1645.8569350528778
input8000_rate2p5_reuse00_seed1,NEAREST_MIGRATE,81,0.0,356.183244,0.0,1283.77924,0.0,1639.962484,1013.8546908493838,2.1168539256599672e-05,1.4252540865041871e-05,166.98881191240187,1639.9624840000001,1180.8435381828658,1180.8435381828658
input8000_rate2p5_reuse00_seed1,NEAREST_MIGRATE,124,0.0,549.708294,0.0,1303.36314,7.587453000000096,1860.658887,1028.8201931903466,2.1168539256599672e-05,138.82182646697004,187.13749087872515,1853.071434,1354.7795317045811,1362.3669847045812
input8000_rate2p5_reuse00_seed1,NEAREST_MIGRATE,123,0.0,17.684625,0.0,1048.162901,1.8392509999998765,1067.686777,1028.3321876792284,2.1168539256599672e-05,114.67209938776249,20.83116690842434,1065.847526,1163.8354751439545,1165.6747261439543
input8000_rate2p5_reuse00_seed1,NEAREST_MIGRATE,133,0.0,23.80752,0.0,1024.384284,0.9456800000000385,1049.137484,1029.893805314807,2.1168539256599672e-05,460.85415543262155,34.19392986938642,1048.191804,1524.9419117853543,1525.8875917853543
input8000_rate2p5_reuse00_seed1,NEAREST_MIGRATE,115,0.0,6.066349,0.0,1016.875611,0.0,1022.94196,1021.7929138302424,2.1168539256599672e-05,0.0,2.629417227122346,1022.94196,1024.422352225904,1024.422352225904
input8000_rate2p5_reuse00_seed1,NEAREST_MIGRATE,128,0.0,21.311115,0.0,1028.773986,3.5941640000000916,1053.679265,1023.5171999695272,2.1168539256599672e-05,172.3947110985043,28.805695728173422,1050.085101,1224.7176279647442,1228.3117919647443
input8000_rate2p5_reuse00_seed1,NEAREST_MIGRATE,163,2004.414469,22.714365,0.0,1034.742703,1.991175000000112,3063.862712,1028.5273898836756,2.1168539256599672e-05,8617.625962060463,18.39706375821034,3061.871537,9664.550436870888,9666.541611870889
input8000_rate2p5_reuse00_seed1,NEAREST_MIGRATE,152,252.954738,25.980504,0.0,1043.013762,1.792645999999877,1323.74165,1022.1182508376546,2.1168539256599672e-05,2776.9262052611466,4.787664060080367,1321.949004,3803.8321413274207,3805.6247873274206
input8000_rate2p5_reuse00_seed1,NEAREST_MIGRATE,165,7064.995948,26.008344,0.0,1048.655393,0.0,8139.530685,1029.731136811101,2.1168539256599672e-05,9679.559648310676,20.15466359903613,8139.659685,10729.445469889353,10729.445469889353
input8000_rate2p5_reuse00_seed1,NEAREST_MIGRATE,164,5302.410148,26.066104,0.0,1035.553217,0.3858629999997447,6364.415332,1028.2345865770046,2.1168539256599672e-05,9276.172630551864,19.062532226499133,6364.029469,10323.469770523907,10323.855633523906
input8000_rate2p5_reuse00_seed1,NEAREST_MIGRATE,197,0.0,0.387684,0.0,1030.702163,3.973656000000119,1035.063503,1023.8750706776807,2.1168539256599672e-05,155.07480008436065,21.155502907784356,1031.089847,1200.1053948383649,1204.079050838365
input8000_rate2p5_reuse00_seed1,NEAREST_MIGRATE,186,2373.08311,17.012328,0.0,1039.604855,4.270761999999877,3433.971055,1022.1182508376546,2.1168539256599672e-05,5782.248968779308,24.604360211505455,3429.700293,6828.971600997007,6833.242362997007
input8000_rate2p5_reuse00_seed1,NEAREST_MIGRATE,199,945.68491,25.074502,0.0,1025.794729,0.37437000000022636,1996.928511,1022.6713237502554,2.1168539256599672e-05,5548.273905185753,17.735998469654692,1996.554141,6588.681248574203,6589.055618574203
input8000_rate2p5_reuse00_seed1,NEAREST_MIGRATE,207,1535.814725,25.751384,0.0,1025.048127,0.0,2584.686561,1022.0531834361722,2.1168539256599672e-05,2710.276825309446,4.772149045380424,2586.614236,3737.102178959538,3737.102178959538
input8000_rate2p5_reuse00_seed1,NEAREST_MIGRATE,226,2753.715386,274.186588,0.0,1042.412582,2.6000850000000355,4072.914641,1029.763670511842,2.1168539256599672e-05,4660.411347120979,184.72024552085736,4070.314556,5874.895284322218,5877.495369322218
input8000_rate2p5_reuse00_seed1,NEAREST_MIGRATE,230,6213.747054,25.861048,0.0,1033.1579,0.0,7269.847363,1029.015395394794,2.1168539256599672e-05,5248.751595567984,34.719763205375784,7272.766002,6312.4867753366925,6312.4867753366925
input8000_rate2p5_reuse00_seed1,NEAREST_MIGRATE,229,5032.779004,25.961976,0.0,1041.033627,6.366621999999779,6106.141229,1028.4623224821933,2.1168539256599672e-05,4959.375427865207,33.85259954598786,6099.774606999999,6021.690371061927,6028.056993061927
input8000_rate2p5_reuse00_seed1,NEAREST_MIGRATE,221,3542.128548,23.550058,0.0,1050.080543,3.7142809999998008,4619.47343,1022.0857171369134,2.1168539256599672e-05,5387.515043733156,24.59660270415549,4615.7591489999995,6434.197384742764,6437.911665742764
input8000_rate2p5_reuse00_seed1,NEAREST_MIGRATE,256,7677.779924,25.939,0.0,1042.88438,3.4309019999998327,8750.034206,1025.8921601236366,2.1168539256599672e-05,6545.096868287375,30.10727979915956,8746.603304,7601.09632937871,7604.52723137871
input8000_rate2p5_reuse00_seed1,NEAREST_MIGRATE,254,6489.925137,19.294102,0.0,1052.511642,4.56513099999961,7566.296012,1022.0531834361722,2.1168539256599672e-05,6514.397867350686,28.45660789742489,7561.7308809999995,7564.907679852822,7569.472810852822
input8000_rate2p5_reuse00_seed1,NEAREST_MIGRATE,258,8536.197208,25.86508,0.0,1036.036503,0.0,9593.412294,1020.3288972968874,2.1168539256599672e-05,8013.8987266339645,31.91322270849597,9598.098790999999,9066.140867807886,9066.140867807886
input8000_rate2p5_reuse00_seed1,NEAREST_MIGRATE,262,10345.304056,25.888248,0.0,1038.433266,2.026360999999497,11411.651931,1021.9230486332073,2.1168539256599672e-05,7784.2346014753075,28.42557786802502,11409.62557,8834.58324914508,8836.60961014508
input8000_rate2p5_reuse00_seed1,NEAREST_MIGRATE,269,14575.388694,25.93484,0.0,1039.523425,0.0,15639.530985,1027.0959070510617,2.1168539256599672e-05,6863.216776941125,25.791258836050492,15640.846958999999,7916.103963996777,7916.103963996777
input8000_rate2p5_reuse00_seed1,NEAREST_MIGRATE,264,11654.435761,25.853912,0.0,1031.626362,0.0,12710.046101,1022.3134530421019,2.1168539256599672e-05,7130.946361754045,20.783142554985904,12711.916035000002,8174.042978519672,8174.042978519672
input8000_rate2p5_reuse00_seed1,NEAREST_MIGRATE,290,6987.257366,24.480234,0.0,1029.935141,1.5040810000004967,8043.176822,1025.0462839043648,2.1168539256599672e-05,6870.977942546466,25.30253587300253,8041.672740999999,7921.326783492373,7922.830864492373
input8000_rate2p5_reuse00_seed1,NEAREST_MIGRATE,291,10652.334613,25.842616,0.0,1034.410847,4.940362999998797,11717.528439,1027.258575554768,2.1168539256599672e-05,6638.749405902956,22.697569706619465,11712.588076,7688.705572332882,7693.645935332881
input8000_rate2p5_reuse00_seed1,NEAREST_MIGRATE,298,14788.767423,26.063288,0.0,1052.115048,0.36452900000131194,15867.310288,1027.421244058474,2.1168539256599672e-05,8482.212198670932,25.868833909550165,15866.945758999998,9535.502297807496,9535.866826807498
input8000_rate2p5_reuse00_seed1,NEAREST_MIGRATE,19,0.0,0.01336,0.0,936.703457,0.0,936.716817,1029.893805314807,2.1168539256599672e-05,0.0,1.7868075446531648,936.716817,1031.6806340279993,1031.6806340279993
input8000_rate2p5_reuse00_seed1,NEAREST_MIGRATE,23,0.0,16.317363,0.0,993.255761,0.0,1009.573124,1029.6660694096186,2.1168539256599672e-05,0.0,10.855144900747653,1009.573124,1040.5212354789055,1040.5212354789055
input8000_rate2p5_reuse00_seed1,NEAREST_MIGRATE,24,0.0,678.517908,0.0,1244.007361,0.0,1922.525269,1027.3236429562503,2.1168539256599672e-05,0.0,176.6733610874622,1922.525269,1203.9970252122519,1203.9970252122519
input8000_rate2p5_reuse00_seed1,NEAREST_MIGRATE,21,0.0,7.964258,0.0,966.118684,0.0,974.082942,1022.0531834361722,2.1168539256599672e-05,0.0,154.4636324513661,974.082942,1176.5168370560775,1176.5168370560775
input8000_rate2p5_reuse00_seed1,NEAREST_MIGRATE,57,0.0,3.37234,0.0,994.667046,0.0,998.039386,1030.2191423222193,2.1168539256599672e-05,0.0,4.63861163076394,998.039386,1034.8577751215225,1034.8577751215225
input8000_rate2p5_reuse00_seed1,NEAREST_MIGRATE,37,0.0,18.78914,0.0,994.48679,0.0,1013.27593,1022.0857171369134,2.1168539256599672e-05,0.0,2.699234793272055,1013.27593,1024.7849730987248,1024.7849730987248
input8000_rate2p5_reuse00_seed1,NEAREST_MIGRATE,42,0.0,0.832976,0.0,1005.58474,0.0,1006.417716,1022.1182508376546,2.1168539256599672e-05,1.4160415156981628e-05,7.268312254394168,1006.417716,1029.386598421003,1029.386598421003
input8000_rate2p5_reuse00_seed1,NEAREST_MIGRATE,60,0.0,6.715632,0.0,1005.704196,0.0,1012.419828,1027.6164462629213,2.1168539256599672e-05,0.0,8.579330996538687,1012.419828,1036.1957984279993,1036.1957984279993
input8000_rate2p5_reuse00_seed1,NEAREST_MIGRATE,79,0.0,10.367615,0.0,1027.927607,0.0,1038.295222,1029.145530197759,2.1168539256599672e-05,0.0001561634618385929,13.505253795759291,1038.2952220000002,1042.6509613255193,1042.6509613255193
input8000_rate2p5_reuse00_seed1,NEAREST_MIGRATE,70,0.0,3.698409,0.0,1011.466034,0.0,1015.164443,1024.9161491013997,2.1168539256599672e-05,6.195117193332113e-06,7.935457886491378,1015.164443,1032.8516343515475,1032.8516343515475
input8000_rate2p5_reuse00_seed1,NEAREST_MIGRATE,72,0.0,23.421892,0.0,1027.018862,0.0,1050.440754,1022.1833182391371,2.1168539256599672e-05,1.2254827314559887e-05,7.977384522246886,1050.440754,1030.1607361847505,1030.1607361847505
input8000_rate2p5_reuse00_seed1,NEAREST_MIGRATE,84,0.0,19.569741,0.0,1038.850941,0.0,1058.420682,1022.2483856406195,2.1168539256599672e-05,0.0018699049574969749,8.686456790099605,1058.420682,1030.936733504216,1030.936733504216
input8000_rate2p5_reuse00_seed1,NEAREST_MIGRATE,112,0.0,406.933703,0.0,1343.700969,0.0,1750.634672,1024.2654750865754,2.1168539256599672e-05,3.267957777701429e-07,169.4712142643915,1750.634672,1193.736710846302,1193.736710846302
input8000_rate2p5_reuse00_seed1,NEAREST_MIGRATE,111,0.0,2.839145,0.0,1020.883396,0.0,1023.722541,1022.0857171369134,2.1168539256599672e-05,0.0,2.699234793272055,1023.722541,1024.7849730987248,1024.7849730987248
input8000_rate2p5_reuse00_seed1,NEAREST_MIGRATE,117,0.0,715.88225,0.0,1286.385017,0.0,2002.267267,1021.9555823339485,2.1168539256599672e-05,2.0434406186379014e-05,173.4194860776956,2002.2672670000002,1195.3751100145896,1195.3751100145896
input8000_rate2p5_reuse00_seed1,NEAREST_MIGRATE,139,0.0,17.64646,0.0,1004.723382,0.0,1022.369842,1022.1182508376546,2.1168539256599672e-05,0.0,2.7069923006220264,1022.3698420000001,1024.8252643068158,1024.8252643068158
input8000_rate2p5_reuse00_seed1,NEAREST_MIGRATE,167,0.0,13.233319,0.0,1021.034747,0.0,1034.268066,1028.5924572851582,2.1168539256599672e-05,0.024977356754104885,8.812056217037707,1034.268066,1037.4295120274892,1037.4295120274892
input8000_rate2p5_reuse00_seed1,NEAREST_MIGRATE,158,0.0,4.990479,0.0,1004.067616,0.0,1009.058095,1022.4110541443256,2.1168539256599672e-05,0.0,2.7768098667717354,1009.0580950000001,1025.1878851796366,1025.1878851796366
input8000_rate2p5_reuse00_seed1,NEAREST_MIGRATE,193,0.0,10.968759,0.0,1002.7159,0.0,1013.684659,1028.9503279933115,2.1168539256599672e-05,0.0,3.642511590962421,1013.684659,1032.592860752813,1032.592860752813
input8000_rate2p5_reuse00_seed1,NEAREST_MIGRATE,201,0.0,4.934898,0.0,1027.430058,0.0,1032.364956,1024.102806582869,2.1168539256599672e-05,0.0,7.047962949589412,1032.364956,1031.1507907009977,1031.1507907009977
input8000_rate2p5_reuse00_seed1,NEAREST_MIGRATE,203,0.0,244.921029,0.0,1283.713009,0.0,1528.634038,1023.3545314658211,2.1168539256599672e-05,0.06074185425689199,173.12176675921177,1528.6340380000001,1196.5370612478291,1196.5370612478291
input8000_rate2p5_reuse00_seed1,NEAREST_MIGRATE,247,0.0,2.856605,0.0,1001.880562,0.0,1004.737167,1022.0857171369134,2.1168539256599672e-05,0.0,1.312120286966497,1004.737167,1023.3978585924192,1023.3978585924192
input8000_rate2p5_reuse00_seed1,NEAREST_MIGRATE,277,0.0,614.169334,0.0,1323.576085,2.2737367544323206e-13,1937.745419,1030.0890075192544,2.1168539256599672e-05,0.0,177.96404134674194,1937.7454189999999,1208.0530700345357,1208.053070034536
input8000_rate2p5_reuse00_seed1,NEAREST_MIGRATE,271,0.0,2.156583,0.0,996.084308,1.1368683772161603e-13,998.240891,1026.6404352406846,2.1168539256599672e-05,0.0,6.265934016581305,998.2408909999999,1032.9063904258053,1032.9063904258055
input8000_rate2p5_reuse00_seed1,NEAREST_MIGRATE,281,0.0,102.950973,0.0,1264.800934,0.0,1367.751907,1027.0959070510617,2.1168539256599672e-05,0.04208367586188877,181.01411947125825,1367.751907,1208.152131366721,1208.152131366721
input8000_rate2p5_reuse00_seed1,NEAREST_MIGRATE,265,0.0,10.498614,0.0,983.956028,1.1368683772161603e-13,994.454642,1022.0531834361722,2.1168539256599672e-05,0.0,0.6108055264637287,994.4546419999999,1022.6640101311751,1022.6640101311752
input8000_rate2p5_reuse00_seed1,NEAREST_MIGRATE,276,0.0,6.798826,0.0,1033.516647,2.2737367544323206e-13,1040.315473,1021.9881160346897,2.1168539256599672e-05,0.0,9.717930419308104,1040.3154729999999,1031.7060676225371,1031.7060676225374
input8000_rate2p5_reuse00_seed1,NEAREST_MIGRATE,297,0.0,14.837461,0.0,1028.03416,0.0,1042.871621,1027.0633733503205,2.1168539256599672e-05,11.442809397632793,9.834567877894791,1042.871621,1048.3407717943874,1048.3407717943874
input8000_rate2p5_reuse00_seed1,NEAREST_MIGRATE,286,0.0,13.665445,0.0,1017.326232,0.0,1030.991677,1022.1182508376546,2.1168539256599672e-05,0.9047163903170504,15.697394908785665,1030.991677,1038.7203833052965,1038.7203833052965
input8000_rate2p5_reuse00_seed1,NEAREST_MIGRATE,12,0.0,0.055062,0.0,936.703457,0.0,936.758519,1022.0206497354309,2.1168539256599672e-05,0.0,0.0,936.758519,1022.0206709039701,1022.0206709039701
input8000_rate2p5_reuse00_seed1,NEAREST_MIGRATE,29,0.0,8.810902,0.0,967.834204,0.0,976.645106,1023.1267955606324,2.1168539256599672e-05,0.0,0.8668032690126708,976.645106,1023.9936199981844,1023.9936199981844
input8000_rate2p5_reuse00_seed1,NEAREST_MIGRATE,34,0.0,5.220954,0.0,978.027665,0.0,983.248619,1027.6489799636627,2.1168539256599672e-05,0.0,6.506416744430304,983.248619,1034.1554178766323,1034.1554178766323
input8000_rate2p5_reuse00_seed1,NEAREST_MIGRATE,55,0.0,14.189567,0.0,978.539345,0.0,992.728912,1026.7055026421672,2.1168539256599672e-05,0.0,2.4136863306618963,992.728912,1029.1192101413683,1029.1192101413683
input8000_rate2p5_reuse00_seed1,NEAREST_MIGRATE,62,0.0,15.950344,0.0,988.206807,0.0,1004.157151,1027.6489799636627,2.1168539256599672e-05,0.0,7.199973997583093,1004.157151,1034.848975129785,1034.848975129785
input8000_rate2p5_reuse00_seed1,NEAREST_MIGRATE,82,0.0,10.504468,0.0,978.881201,0.0,989.385669,1028.3647213799695,2.1168539256599672e-05,0.0,2.809319205510242,989.385669,1031.174061754019,1031.174061754019
input8000_rate2p5_reuse00_seed1,NEAREST_MIGRATE,96,0.0,9.463472,0.0,978.429393,0.0,987.892865,1022.0531834361722,2.1168539256599672e-05,0.0,5.172125480235884,987.892865,1027.2253300849472,1027.2253300849472
input8000_rate2p5_reuse00_seed1,NEAREST_MIGRATE,119,0.0,19.741196,0.0,995.514581,0.0,1015.255777,1029.893805314807,2.1168539256599672e-05,0.0,7.735242004730857,1015.255777,1037.629068488077,1037.629068488077
input8000_rate2p5_reuse00_seed1,NEAREST_MIGRATE,108,0.0,11.842077,0.0,977.869841,0.0,989.711918,1021.9230486332073,2.1168539256599672e-05,0.0,5.141095450836012,989.711918,1027.0641652525826,1027.0641652525826
input8000_rate2p5_reuse00_seed1,NEAREST_MIGRATE,138,0.0,12.065428,0.0,1001.79529,0.0,1013.860718,1021.9230486332073,2.1168539256599672e-05,0.0,1.9668900033694356,1013.860718,1023.889959805116,1023.889959805116
input8000_rate2p5_reuse00_seed1,NEAREST_MIGRATE,179,0.0,14.476199,0.0,986.140864,1.1368683772161603e-13,1000.617063,1030.1215412199956,2.1168539256599672e-05,0.0,3.2282246024084813,1000.6170629999999,1033.3497869909434,1033.3497869909434
input8000_rate2p5_reuse00_seed1,NEAREST_MIGRATE,160,0.0,15.707268,0.0,980.423473,0.0,996.130741,1022.0857171369134,2.1168539256599672e-05,0.0,1.312120286966497,996.130741,1023.3978585924192,1023.3978585924192
input8000_rate2p5_reuse00_seed1,NEAREST_MIGRATE,196,0.0,570.740012,0.0,1297.682555,0.0,1868.422567,1030.1866086214782,2.1168539256599672e-05,0.0045298174376545205,179.88119027238923,1868.422567,1210.0723498798443,1210.0723498798443
input8000_rate2p5_reuse00_seed1,NEAREST_MIGRATE,189,0.0,257.662414,0.0,1271.439303,0.0,1529.101717,1028.7876594896054,2.1168539256599672e-05,0.043576197715034175,177.54974715283723,1529.101717,1206.381004008697,1206.381004008697
input8000_rate2p5_reuse00_seed1,NEAREST_MIGRATE,195,0.0,10.786191,0.0,1034.929875,0.0,1045.716066,1029.3407324022062,2.1168539256599672e-05,0.0003755549120345755,13.551798839859092,1045.716066,1042.8929279655165,1042.8929279655165
input8000_rate2p5_reuse00_seed1,NEAREST_MIGRATE,184,0.0,13.710895,0.0,1012.643004,0.0,1026.353899,1023.5822673710097,2.1168539256599672e-05,0.0,6.230285578837147,1026.353899,1029.8125741183862,1029.8125741183862
input8000_rate2p5_reuse00_seed1,NEAREST_MIGRATE,188,0.0,147.124636,0.0,1327.092287,6.219774000000143,1480.436697,1022.1182508376546,2.1168539256599672e-05,1544.4092409168582,184.2768600955669,1474.216923,2750.804373018619,2757.0241470186193
input8000_rate2p5_reuse00_seed1,NEAREST_MIGRATE,206,1612.306961,25.732664,0.0,1024.220211,2.2820399999998244,2664.541876,1025.7620253206717,2.1168539256599672e-05,2852.977543952262,17.259792985134812,2662.259836,3895.999383426608,3898.281423426608
input8000_rate2p5_reuse00_seed1,NEAREST_MIGRATE,232,4477.03805,25.980376,0.0,1042.6116,0.0,5536.629253,1029.9914064170307,2.1168539256599672e-05,2025.0197248134039,10.53274353939188,5545.630026000001,3065.5438959383655,3065.5438959383655
input8000_rate2p5_reuse00_seed1,NEAREST_MIGRATE,216,10813.252048,25.880952,0.0,1037.180728,0.0,11872.984739,1028.5273898836756,2.1168539256599672e-05,5426.062320254753,23.000112493268194,11876.313728,6477.589843800236,6477.589843800236
input8000_rate2p5_reuse00_seed1,NEAREST_MIGRATE,204,11853.91648,26.135928,0.0,1056.478874,0.0,12934.660062,1024.5582783932464,2.1168539256599672e-05,6322.727225560262,17.4506478615143,12936.531282,7364.736172983561,7364.736172983561
input8000_rate2p5_reuse00_seed1,NEAREST_MIGRATE,224,4877.567137,26.041336,0.0,1050.65249,4.781278000000157,5959.042241,1023.6148010717509,2.1168539256599672e-05,2276.1637335964315,9.012272098798242,5954.260963000001,3308.7908279355197,3313.57210593552
input8000_rate2p5_reuse00_seed1,NEAREST_MIGRATE,227,13488.510671,25.881208,0.0,1036.478795,2.990728000000445,14553.861402,1028.4297887814519,2.1168539256599672e-05,4788.54091332392,26.109316637399164,14550.870674000002,5843.08003991131,5846.070767911311
input8000_rate2p5_reuse00_seed1,NEAREST_MIGRATE,257,7468.650992,25.802104,0.0,1030.270031,0.0,8522.232905,1028.8852605918291,2.1168539256599672e-05,2578.703982159995,10.268988289492974,8524.723127000001,3617.8582522098563,3617.8582522098563
input8000_rate2p5_reuse00_seed1,NEAREST_MIGRATE,245,3829.283885,25.789336,0.0,1032.145526,3.52250499999991,4890.741252,1022.0531834361722,2.1168539256599672e-05,2863.1722028009926,12.507674446619141,4887.218747,3897.7330818523233,3901.255586852323
input8000_rate2p5_reuse00_seed1,NEAREST_MIGRATE,279,880.524942,25.76396,0.0,1028.695796,0.0,1928.607939,1030.0239401177719,2.1168539256599672e-05,2758.887608448468,6.672738346122479,1934.984698,3795.584308080902,3795.584308080902
input8000_rate2p5_reuse00_seed1,NEAREST_MIGRATE,274,9771.38051,26.067672,0.0,1050.350495,3.832228999999643,10851.630906,1029.1129964970178,2.1168539256599672e-05,5311.494363155088,22.404461591129124,10847.798677,6363.011842411774,6366.844071411773
input8000_rate2p5_reuse00_seed1,NEAREST_MIGRATE,15,0.0,13.519233,0.0,993.504945,0.0,1007.024178,1027.9092495695922,2.1168539256599672e-05,0.0,10.436239503849414,1007.024178,1038.345510241981,1038.345510241981
input8000_rate2p5_reuse00_seed1,NEAREST_MIGRATE,20,0.0,833.91747,0.0,1232.032949,0.0,2065.950419,1027.714047365145,2.1168539256599672e-05,0.0,215.74877519443908,2065.950419,1243.4628437281233,1243.4628437281233
input8000_rate2p5_reuse00_seed1,NEAREST_MIGRATE,17,0.0,518.077493,0.0,1283.148079,0.0,1801.225572,1027.4537777592152,2.1168539256599672e-05,0.0,176.7043911168621,1801.225572,1204.1581900446165,1204.1581900446165
input8000_rate2p5_reuse00_seed1,NEAREST_MIGRATE,2,0.0,0.227588,0.0,936.703457,1.1368683772161603e-13,936.931045,1021.7278464287599,2.1168539256599672e-05,0.0,0.0,936.9310449999999,1021.7278675972991,1021.7278675972992
input8000_rate2p5_reuse00_seed1,NEAREST_MIGRATE,8,0.0,17.301112,0.0,966.317532,0.0,983.618644,1023.3219977650799,2.1168539256599672e-05,0.0,4.781111013731852,983.618644,1028.1031299473511,1028.1031299473511
input8000_rate2p5_reuse00_seed1,NEAREST_MIGRATE,52,0.0,1.555912,0.0,1017.281474,0.0,1018.837386,1023.191862962115,2.1168539256599672e-05,0.00017106390255516336,8.217867250095878,1018.837386,1031.4099224446527,1031.4099224446527
input8000_rate2p5_reuse00_seed1,NEAREST_MIGRATE,45,0.0,19.451487,0.0,1008.307972,1.1368683772161603e-13,1027.759459,1022.1182508376546,2.1168539256599672e-05,6.315128188916638e-06,3.400549553774802,1027.7594589999999,1025.5188278750968,1025.518827875097
input8000_rate2p5_reuse00_seed1,NEAREST_MIGRATE,63,0.0,12.438053,0.0,977.276753,0.0,989.714806,1029.5359346066534,2.1168539256599672e-05,0.0,3.0885894701090635,989.714806,1032.6245452453018,1032.6245452453018
input8000_rate2p5_reuse00_seed1,NEAREST_MIGRATE,78,0.0,2.772777,0.0,997.836942,0.0,1000.609719,1027.58391256218,2.1168539256599672e-05,0.0,3.316696282263784,1000.609719,1030.9006300129831,1030.9006300129831
input8000_rate2p5_reuse00_seed1,NEAREST_MIGRATE,102,0.0,13.464953,0.0,1047.044997,0.0,1060.50995,1028.0719180732985,2.1168539256599672e-05,0.0004888932350975458,13.249256053210363,1060.50995,1041.3216841882834,1041.3216841882834
input8000_rate2p5_reuse00_seed1,NEAREST_MIGRATE,99,0.0,23.342066,0.0,1022.468232,1.1368683772161603e-13,1045.810298,1027.2911092555091,2.1168539256599672e-05,1.3496598862525189e-06,8.501755923039006,1045.8102979999999,1035.7928876967474,1035.7928876967476
input8000_rate2p5_reuse00_seed1,NEAREST_MIGRATE,90,0.0,18.72629,0.0,1008.310795,0.0,1027.037085,1022.1182508376546,2.1168539256599672e-05,2.542828859561213e-07,2.7069923006220264,1027.037085,1024.8252645610987,1024.8252645610987
input8000_rate2p5_reuse00_seed1,NEAREST_MIGRATE,122,0.0,401.425629,0.0,1300.925901,0.0,1702.35153,1027.5188451606978,2.1168539256599672e-05,6.387938452453932e-06,170.24696499938824,1702.3515300000001,1197.7658377165637,1197.7658377165637
input8000_rate2p5_reuse00_seed1,NEAREST_MIGRATE,121,0.0,7.166881,0.0,1021.07996,0.0,1028.246841,1026.8681711458732,2.1168539256599672e-05,6.289091364572027e-08,3.839588373717284,1028.2468410000001,1030.7077807510207,1030.7077807510207
input8000_rate2p5_reuse00_seed1,NEAREST_MIGRATE,130,0.0,10.732142,0.0,1025.287892,0.0,1036.020034,1027.9092495695922,2.1168539256599672e-05,0.010164599387609571,12.516911263307748,1036.0200340000001,1040.436346600827,1040.436346600827
input8000_rate2p5_reuse00_seed1,NEAREST_MIGRATE,137,0.0,18.284652,0.0,1025.322889,3.6950509999999213,1047.302592,1022.0857171369134,2.1168539256599672e-05,196.18712874872446,16.902806084202492,1043.607541,1235.1756731383796,1238.8707241383795
input8000_rate2p5_reuse00_seed1,NEAREST_MIGRATE,140,0.0,16.144222,0.0,1026.97794,0.0,1043.122162,1022.6387900495142,2.1168539256599672e-05,1.747756828039996,8.779546878299207,1043.122162,1033.1661149243928,1033.1661149243928
input8000_rate2p5_reuse00_seed1,NEAREST_MIGRATE,183,0.0,15.014512,0.0,1045.94273,0.0,1060.957242,1028.5273898836756,2.1168539256599672e-05,5.005876101261482,10.183655708643336,1060.957242,1043.7169428621196,1043.7169428621196
input8000_rate2p5_reuse00_seed1,NEAREST_MIGRATE,191,0.0,2.28422,0.0,1037.101026,1.199087999999847,1040.584334,1028.5273898836756,2.1168539256599672e-05,226.52141419307858,26.132589159449058,1039.385246,1281.1814144047426,1282.3805024047424
input8000_rate2p5_reuse00_seed1,NEAREST_MIGRATE,168,0.0,7.13134,0.0,1030.305054,2.2166720000002442,1039.653066,1022.0857171369134,2.1168539256599672e-05,377.51889843970025,15.473962796611207,1037.4363939999998,1415.078599541764,1417.2952715417644
input8000_rate2p5_reuse00_seed1,NEAREST_MIGRATE,198,0.0,6.923792,0.0,1029.805251,1.1821439999998802,1037.911187,1027.1935081532854,2.1168539256599672e-05,239.3720044099737,21.25321140432826,1036.729043,1287.8187451361266,1289.0008891361265
input8000_rate2p5_reuse00_seed1,NEAREST_MIGRATE,177,0.0,14.722505,0.0,1044.254081,0.0,1058.976586,1021.9881160346897,2.1168539256599672e-05,0.0003541401347012037,4.063076777527712,1058.976586,1026.0515681208915,1026.0515681208915
input8000_rate2p5_reuse00_seed1,NEAREST_MIGRATE,211,1262.085983,25.950136,0.0,1043.087863,0.0,2324.501755,1029.308198701465,2.1168539256599672e-05,2701.94068362153,10.369835885042555,2331.123982,3741.6187393765767,3741.6187393765767
input8000_rate2p5_reuse00_seed1,NEAREST_MIGRATE,200,0.0,0.927572,0.0,1026.479616,2.0452499999998963,1029.452438,1022.3134530421019,2.1168539256599672e-05,434.624263285505,28.518667956224622,1027.4071880000001,1485.4564054523707,1487.5016554523706
input8000_rate2p5_reuse00_seed1,NEAREST_MIGRATE,214,1017.904669,25.801176,0.0,1030.234449,2.451771000000008,2076.392065,1022.0206497354309,2.1168539256599672e-05,2719.2521867668647,8.632154238649825,2073.940294,3749.9050119094845,3752.3567829094845
input8000_rate2p5_reuse00_seed1,NEAREST_MIGRATE,213,9528.41034,26.094168,0.0,1053.434249,0.0,10604.086478,1028.2996539784872,2.1168539256599672e-05,4377.1840090900505,22.21052390737994,10607.938757,5427.694208144457,5427.694208144457
input8000_rate2p5_reuse00_seed1,NEAREST_MIGRATE,234,9278.910939,25.930392,0.0,1039.700027,1.9635410000000775,10346.504899,1029.3407324022062,2.1168539256599672e-05,2598.5678076206345,23.19405017701739,10344.541358,3651.1026113683974,3653.0661523683975
input8000_rate2p5_reuse00_seed1,NEAREST_MIGRATE,255,5186.099639,25.813656,0.0,1031.95466,1.7302530000001752,6245.598208,1029.601002008136,2.1168539256599672e-05,2896.535270592309,10.439653451192264,6243.867955000001,3936.575947220176,3938.3062002201764
input8000_rate2p5_reuse00_seed1,NEAREST_MIGRATE,237,3873.55927,26.029496,0.0,1047.719812,0.08132899999941401,4947.389907,1022.0531834361722,2.1168539256599672e-05,2908.276706286165,8.63991174599979,4947.308578,3938.969822636876,3939.051151636875
input8000_rate2p5_reuse00_seed1,NEAREST_MIGRATE,250,3290.564075,25.989976,0.0,1047.331428,12.482584000000088,4376.368063,1022.1182508376546,2.1168539256599672e-05,2972.319547893333,8.655426760699733,4363.885479,4003.0932466602267,4015.5758306602265
input8000_rate2p5_reuse00_seed1,NEAREST_MIGRATE,243,12758.727612,25.908312,0.0,1035.482929,1.301951999999119,13821.420805,1025.4041546125181,2.1168539256599672e-05,5312.5212655062505,21.52010575323283,13820.118853,6359.445547040541,6360.74749904054
input8000_rate2p5_reuse00_seed1,NEAREST_MIGRATE,283,0.0,17.229972,0.0,1032.750124,1.513114000000087,1051.49321,1022.1507845383958,2.1168539256599672e-05,204.89838116131,20.744355018236067,1049.980096,1247.793541886481,1249.3066558864812
input8000_rate2p5_reuse00_seed1,NEAREST_MIGRATE,288,5955.745712,25.935064,0.0,1039.742393,0.0,7020.411799,1029.9263390155484,2.1168539256599672e-05,2969.81034728796,26.46616197549766,7021.423169,4026.2028694475453,4026.2028694475453
input8000_rate2p5_reuse00_seed1,NEAREST_MIGRATE,295,1294.582054,25.956408,0.0,1044.519917,1.8542830000001231,2366.912662,1024.5582783932464,2.1168539256599672e-05,3461.307460312851,5.369477111327932,2365.058379,4491.235236985965,4493.089519985964
input8000_rate2p5_reuse00_seed1,NEAREST_MIGRATE,289,9526.395888,26.005592,0.0,1045.309317,0.0,10597.407029,1028.169519175522,2.1168539256599672e-05,5588.636749223079,18.311731177360702,10597.710796999998,6635.118020744501,6635.118020744501
input8000_rate2p5_reuse00_seed1,NEAREST_MIGRATE,292,10322.613175,25.923448,0.0,1037.954734,4.112155999999686,11390.603513,1027.2260418540268,2.1168539256599672e-05,5999.654348021735,22.6898121992695,11386.491356999999,7049.570223243571,7053.68237924357
input8000_rate2p5_reuse00_seed1,NEAREST_MIGRATE,294,12809.070304,25.920568,0.0,1041.174924,0.9852660000001379,13877.151062,1029.601002008136,2.1168539256599672e-05,6546.961382922818,30.25634960261735,13876.165796000001,7606.818755702111,7607.804021702112
input8000_rate2p5_reuse00_seed1,NEAREST_MIGRATE,1,0.0,1.748542,0.0,936.703457,0.0,938.451999,1030.2191423222193,2.1168539256599672e-05,0.0,1.8643826181528382,938.451999,1032.0835461089114,1032.0835461089114
input8000_rate2p5_reuse00_seed1,NEAREST_MIGRATE,11,0.0,13.004385,0.0,966.570396,1.1368683772161603e-13,979.574781,1028.4297887814519,2.1168539256599672e-05,0.0,5.999039667676733,979.5747809999999,1034.4288496176678,1034.4288496176678
input8000_rate2p5_reuse00_seed1,NEAREST_MIGRATE,30,0.0,13.310896,0.0,985.480609,1.1368683772161603e-13,998.791505,1028.0719180732985,2.1168539256599672e-05,0.0,2.0459443862077293,998.7915049999999,1030.1178836280455,1030.1178836280455
input8000_rate2p5_reuse00_seed1,NEAREST_MIGRATE,31,0.0,496.065768,0.0,1231.242425,2.2737367544323206e-13,1727.308193,1022.899059655444,2.1168539256599672e-05,0.0,167.25152255209542,1727.3081929999998,1190.1506033760788,1190.150603376079
input8000_rate2p5_reuse00_seed1,NEAREST_MIGRATE,48,0.0,11.493985,0.0,977.281809,1.1368683772161603e-13,988.775794,1027.9092495695922,2.1168539256599672e-05,0.0,2.7007141026106964,988.7757939999999,1030.6099848407423,1030.6099848407425
input8000_rate2p5_reuse00_seed1,NEAREST_MIGRATE,59,0.0,553.169687,0.0,1264.785055,0.0,1817.954742,1029.8287379133246,2.1168539256599672e-05,0.018738864323372195,178.53327342247468,1817.954742,1208.380771368662,1208.380771368662
input8000_rate2p5_reuse00_seed1,NEAREST_MIGRATE,56,0.0,20.100485,0.0,986.707607,0.0,1006.808092,1023.6148010717509,2.1168539256599672e-05,0.0,6.238043086187112,1006.8080920000001,1029.8528653264773,1029.8528653264773
input8000_rate2p5_reuse00_seed1,NEAREST_MIGRATE,58,0.0,6.503803,0.0,1008.801191,0.0,1015.304994,1022.3134530421019,2.1168539256599672e-05,0.0,10.489062745960553,1015.304994,1032.8025369566017,1032.8025369566017
input8000_rate2p5_reuse00_seed1,NEAREST_MIGRATE,83,0.0,22.330817,0.0,1014.58418,1.1368683772161603e-13,1036.914997,1027.9743169710748,2.1168539256599672e-05,7.2591602578955705e-06,4.796900876768959,1036.9149969999999,1032.7712462755433,1032.7712462755435
input8000_rate2p5_reuse00_seed1,NEAREST_MIGRATE,97,0.0,14.140503,0.0,1031.627373,0.0,1045.767876,1030.3818108259254,2.1168539256599672e-05,2.1415478895100203e-06,9.238719121285925,1045.7678760000001,1039.6205532572985,1039.6205532572985
input8000_rate2p5_reuse00_seed1,NEAREST_MIGRATE,86,0.0,9.78541,0.0,1033.749171,0.0,1043.534581,1024.070272882128,2.1168539256599672e-05,1.2279822649440448e-05,7.7337626953922225,1043.534581,1031.804069025882,1031.804069025882
input8000_rate2p5_reuse00_seed1,NEAREST_MIGRATE,107,0.0,1.563043,0.0,1032.424187,0.0,1033.98723,1026.4777667369785,2.1168539256599672e-05,1.22068558210896e-05,8.307818239289823,1033.9872300000002,1034.7856183516635,1034.7856183516635
input8000_rate2p5_reuse00_seed1,NEAREST_MIGRATE,149,0.0,230.673926,0.0,996.647839,0.0,1227.321765,1029.9588727162895,2.1168539256599672e-05,0.0,158.10941195543555,1227.321765,1188.0683058402644,1188.0683058402644
input8000_rate2p5_reuse00_seed1,NEAREST_MIGRATE,145,0.0,0.616838,0.0,985.48126,0.0,986.098098,1029.3407324022062,2.1168539256599672e-05,0.0,3.0420444260092623,986.098098,1032.3827979967548,1032.3827979967548
input8000_rate2p5_reuse00_seed1,NEAREST_MIGRATE,136,0.0,11.320748,0.0,991.588664,6.194635000000062,1009.104047,1022.8339922539615,2.1168539256599672e-05,388.7498271527654,13.571713706202122,1002.909412,1425.1555542814683,1431.3501892814684
input8000_rate2p5_reuse00_seed1,NEAREST_MIGRATE,154,0.0,5.968252,0.0,1016.402747,0.0,1022.370999,1023.0291944584088,2.1168539256599672e-05,0.0,10.659727907659843,1022.370999,1033.688943534608,1033.688943534608
input8000_rate2p5_reuse00_seed1,NEAREST_MIGRATE,170,0.0,5.440444,0.0,1017.808189,1.1368683772161603e-13,1023.248633,1029.3732661029476,2.1168539256599672e-05,0.0,4.436916439664785,1023.2486329999999,1033.8102037111516,1033.8102037111516
input8000_rate2p5_reuse00_seed1,NEAREST_MIGRATE,185,0.0,25.384794,0.0,1044.618001,11.206106999999975,1081.208902,1028.3647213799695,2.1168539256599672e-05,380.1821456361279,26.09380162269922,1070.002795,1434.640689807336,1445.846796807336
input8000_rate2p5_reuse00_seed1,NEAREST_MIGRATE,175,0.0,15.559223,0.0,1038.396985,0.0,1053.956208,1025.5017557147419,2.1168539256599672e-05,1.051947141062416e-05,8.075093018790795,1053.956208,1033.5768804215434,1033.5768804215434
input8000_rate2p5_reuse00_seed1,NEAREST_MIGRATE,178,0.0,644.021638,0.0,1293.923957,1.2711519999998018,1939.216747,1023.0291944584088,2.1168539256599672e-05,209.70104302816924,185.02136853599245,1937.9455950000001,1417.7516271911097,1419.0227791911095
input8000_rate2p5_reuse00_seed1,NEAREST_MIGRATE,208,0.0,20.590483,0.0,1040.379515,0.0,1060.969998,1027.7791147666276,2.1168539256599672e-05,0.45287981280788897,13.179438487060654,1060.969998,1041.4114542350353,1041.4114542350353
input8000_rate2p5_reuse00_seed1,NEAREST_MIGRATE,242,0.0,593.834777,0.0,1300.095488,0.0,1893.930265,1029.308198701465,2.1168539256599672e-05,0.3272497061070204,175.1726827387883,1893.930265,1204.8081523148996,1204.8081523148996
input8000_rate2p5_reuse00_seed1,NEAREST_MIGRATE,240,0.0,6.761356,0.0,1046.516511,0.0,1053.277867,1028.2020528762635,2.1168539256599672e-05,0.01010289615307516,8.718966128838098,1053.277867,1036.931143069794,1036.931143069794
input8000_rate2p5_reuse00_seed1,NEAREST_MIGRATE,228,0.0,16.317359,0.0,1036.583395,0.0,1052.900754,1024.8836154006585,2.1168539256599672e-05,0.013386334382882049,4.059937678522047,1052.900754,1028.9569605821027,1028.9569605821027
input8000_rate2p5_reuse00_seed1,NEAREST_MIGRATE,225,0.0,11.207499,0.0,1008.122591,6.873991000000046,1026.204081,1021.9555823339485,2.1168539256599672e-05,439.85566609964116,14.749375514058567,1019.33009,1476.5606451161875,1483.4346361161874
input8000_rate2p5_reuse00_seed1,NEAREST_MIGRATE,266,0.0,446.071187,0.0,1305.195635,2.7256139999999505,1753.992436,1029.43833350443,2.1168539256599672e-05,249.2517066593128,183.31312691784916,1751.266822,1462.0031882501312,1464.7288022501311
input8000_rate2p5_reuse00_seed1,NEAREST_MIGRATE,252,0.0,14.382144,0.0,1026.027604,1.3288609999999608,1041.738609,1021.1747735161591,2.1168539256599672e-05,472.65544284689037,19.818072544584272,1040.409748,1513.648310076173,1514.977171076173
input8000_rate2p5_reuse00_seed1,NEAREST_MIGRATE,263,0.0,1.762695,0.0,1050.078833,0.0,1051.841528,1025.1764187073295,2.1168539256599672e-05,0.44624642751685767,4.823312497824531,1051.841528,1030.4459988012102,1030.4459988012102
input8000_rate2p5_reuse00_seed1,NEAREST_MIGRATE,284,0.0,21.401858,0.0,1050.34917,0.0,1071.751028,1030.1866086214782,2.1168539256599672e-05,3.9788371407062444,6.711525882872316,1071.751028,1040.876992813596,1040.876992813596
input8000_rate2p5_reuse00_seed1,NEAREST_MIGRATE_KV,5,0.0,0.009088,0.0,954.519522,0.0,954.52861,1021.890514932466,2.1168539256599672e-05,0.0,0.0,954.5286100000001,1021.8905361010052,1021.8905361010052
input8000_rate2p5_reuse00_seed1,NEAREST_MIGRATE_KV,7,0.0,345.084383,0.0,1211.748136,2.2737367544323206e-13,1556.832519,1022.0206497354309,2.1168539256599672e-05,0.0,164.68794122745078,1556.832519,1186.708612131421,1186.7086121314212
input8000_rate2p5_reuse00_seed1,NEAREST_MIGRATE_KV,39,0.0,20.155717,0.0,988.424215,0.0,1008.579932,1029.470867205171,2.1168539256599672e-05,0.0,5.911557917518252,1008.579932,1035.3824462912287,1035.3824462912287
input8000_rate2p5_reuse00_seed1,NEAREST_MIGRATE_KV,35,0.0,19.081449,0.0,979.895793,0.0,998.977242,1024.8185479991762,2.1168539256599672e-05,0.0,0.24091441270074654,998.977242,1025.059483580416,1025.059483580416
input8000_rate2p5_reuse00_seed1,NEAREST_MIGRATE_KV,71,0.0,4.600418,0.0,969.803708,0.0,974.404126,1029.145530197759,2.1168539256599672e-05,0.0,0.5791056370936474,974.404126,1029.724657003392,1029.724657003392
input8000_rate2p5_reuse00_seed1,NEAREST_MIGRATE_KV,74,0.0,0.792577,0.0,978.181169,0.0,978.973746,1028.6900583873817,2.1168539256599672e-05,0.0,5.031820487966243,978.973746,1033.7219000438872,1033.7219000438872
input8000_rate2p5_reuse00_seed1,NEAREST_MIGRATE_KV,92,0.0,18.228773,0.0,978.163825,1.060184999999933,997.452783,1028.2671202777458,2.1168539256599672e-05,156.20084640870027,13.144380941983684,996.392598,1197.612368796969,1198.6725537969687
input8000_rate2p5_reuse00_seed1,NEAREST_MIGRATE_KV,105,0.0,506.624597,0.0,1260.522768,0.0,1767.147365,1028.2996539784872,2.1168539256599672e-05,0.0,168.07901654959196,1767.147365,1196.3786916966185,1196.3786916966185
input8000_rate2p5_reuse00_seed1,NEAREST_MIGRATE_KV,109,0.0,1.528758,0.0,1022.863313,0.0,1024.392071,1027.9417832703336,2.1168539256599672e-05,6.728033861750676e-06,10.801832278994695,1024.392071,1038.7436434459014,1038.7436434459014
input8000_rate2p5_reuse00_seed1,NEAREST_MIGRATE_KV,114,0.0,193.600228,0.0,1022.926203,0.0,1216.526431,1026.4126993354962,2.1168539256599672e-05,5.59302125578764e-06,165.91759039090581,1216.526431,1192.3303164879626,1192.3303164879626
input8000_rate2p5_reuse00_seed1,NEAREST_MIGRATE_KV,104,0.0,1.465738,0.0,1004.014623,0.0,1005.480361,1025.4041546125181,2.1168539256599672e-05,0.0,1.0741067981529397,1005.480361,1026.4782825792104,1026.4782825792104
input8000_rate2p5_reuse00_seed1,NEAREST_MIGRATE_KV,144,0.0,0.626553,0.0,1023.752426,1.1368683772161603e-13,1024.378979,1028.1369854747809,2.1168539256599672e-05,0.0,2.419294668702996,1024.378979,1030.5563013120232,1030.5563013120232
input8000_rate2p5_reuse00_seed1,NEAREST_MIGRATE_KV,171,0.0,196.703484,0.0,1029.263563,0.0,1225.967047,1030.2842097237017,2.1168539256599672e-05,1.0231546946578847e-05,158.22485575529956,1225.967047,1188.5090968790873,1188.5090968790873
input8000_rate2p5_reuse00_seed1,NEAREST_MIGRATE_KV,155,0.0,22.584407,0.0,1039.822691,0.0,1062.407098,1025.7294916199303,2.1168539256599672e-05,0.23836401106876293,10.967879032349678,1062.4070980000001,1036.935755831888,1036.935755831888
input8000_rate2p5_reuse00_seed1,NEAREST_MIGRATE_KV,181,0.0,6.857982,0.0,1044.206295,1.396840000000111,1052.461117,1029.601002008136,2.1168539256599672e-05,240.32413254534544,25.401036444773467,1051.064277,1295.326192166794,1296.7230321667942
input8000_rate2p5_reuse00_seed1,NEAREST_MIGRATE_KV,146,0.0,537.444264,0.0,1304.78608,0.0,1842.230344,1022.0206497354309,2.1168539256599672e-05,9.534419341692261e-06,167.2131097655807,1842.230344,1189.23379020397,1189.23379020397
input8000_rate2p5_reuse00_seed1,NEAREST_MIGRATE_KV,166,0.0,14.971626,0.0,1009.362278,5.34513800000002,1029.679042,1023.7449358747158,2.1168539256599672e-05,717.1904478364494,16.627407374110334,1024.3339039999998,1757.5628122538146,1762.9079502538148
input8000_rate2p5_reuse00_seed1,NEAREST_MIGRATE_KV,169,0.0,18.272953,0.0,1007.691535,0.0,1025.964488,1022.1182508376546,2.1168539256599672e-05,0.0,4.851918509578368,1025.964488,1026.9701905157722,1026.9701905157722
input8000_rate2p5_reuse00_seed1,NEAREST_MIGRATE_KV,173,0.0,780.693004,0.0,1287.628484,0.0,2068.321488,1022.0857171369134,2.1168539256599672e-05,8.29160252007215e-05,858.3094921396903,2068.321488,1880.395313361168,1880.395313361168
input8000_rate2p5_reuse00_seed1,NEAREST_MIGRATE_KV,215,0.0,3.501238,0.0,1035.948535,0.0,1039.449773,1022.0206497354309,2.1168539256599672e-05,0.006813774449041024,3.041555046367435,1039.449773,1025.0690397247865,1025.0690397247865
input8000_rate2p5_reuse00_seed1,NEAREST_MIGRATE_KV,238,0.0,1.928684,0.0,1017.371022,0.0,1019.299706,1027.8116484673687,2.1168539256599672e-05,0.0,1.64816234205054,1019.299706,1029.4598319779586,1029.4598319779586
input8000_rate2p5_reuse00_seed1,NEAREST_MIGRATE_KV,239,0.0,719.876274,0.0,1270.114827,0.0,1989.991101,1022.0531834361722,2.1168539256599672e-05,4.997269383866746e-07,166.5895751383982,1989.991101,1188.6427802428366,1188.6427802428366
input8000_rate2p5_reuse00_seed1,NEAREST_MIGRATE_KV,253,0.0,6.902995,0.0,994.910983,0.0,1001.813978,1022.1182508376546,2.1168539256599672e-05,0.0,8.026123957044938,1001.813978,1030.1443959632388,1030.1443959632388
input8000_rate2p5_reuse00_seed1,NEAREST_MIGRATE_KV,272,0.0,5.368962,0.0,1032.27062,0.0,1037.639582,1027.84418216811,2.1168539256599672e-05,1.4504919483472667e-05,6.9107970563254355,1037.639582,1034.7550148978942,1034.7550148978942
input8000_rate2p5_reuse00_seed1,NEAREST_MIGRATE_KV,270,0.0,21.778668,0.0,1011.750664,0.0,1033.529332,1027.3561766569915,2.1168539256599672e-05,0.0,2.233114492303777,1033.529332,1029.5893123178346,1029.5893123178346
input8000_rate2p5_reuse00_seed1,NEAREST_MIGRATE_KV,275,0.0,411.316921,0.0,1310.763974,0.0,1722.080895,1027.8116484673687,2.1168539256599672e-05,0.0003162168989390176,173.09300090902676,1722.080895,1200.9049867618337,1200.9049867618337
input8000_rate2p5_reuse00_seed1,NEAREST_MIGRATE_KV,296,0.0,6.840793,0.0,1015.109434,1.1368683772161603e-13,1021.950227,1027.6164462629213,2.1168539256599672e-05,3.7598459687836964e-05,2.9887318042562967,1021.9502269999999,1030.6052368341766,1030.6052368341766
input8000_rate2p5_reuse00_seed1,NEAREST_MIGRATE_KV,14,0.0,0.016915,0.0,954.519522,0.0,954.536437,1029.8287379133246,2.1168539256599672e-05,0.0,0.04845603829021172,954.5364370000001,1029.877215120154,1029.877215120154
input8000_rate2p5_reuse00_seed1,NEAREST_MIGRATE_KV,18,0.0,332.846174,0.0,1211.748136,0.0,1544.59431,1028.1044517740397,2.1168539256599672e-05,0.0,166.1385951018947,1544.59431,1194.2430680444736,1194.2430680444736
input8000_rate2p5_reuse00_seed1,NEAREST_MIGRATE_KV,33,0.0,0.985332,0.0,978.535377,0.0,979.520709,1030.056473818513,2.1168539256599672e-05,0.0,1.4898730960455282,979.520709,1031.5463680830978,1031.5463680830978
input8000_rate2p5_reuse00_seed1,NEAREST_MIGRATE_KV,50,0.0,397.058645,0.0,1244.370689,0.0,1641.429334,1029.6335357088772,2.1168539256599672e-05,0.0,171.6335449170275,1641.4293340000002,1201.267101794444,1201.267101794444
input8000_rate2p5_reuse00_seed1,NEAREST_MIGRATE_KV,41,0.0,5.859425,0.0,978.145009,0.0,984.004434,1026.9332385473558,2.1168539256599672e-05,0.0,4.61291509106799,984.004434,1031.546174806963,1031.546174806963
input8000_rate2p5_reuse00_seed1,NEAREST_MIGRATE_KV,49,0.0,7.978225,0.0,993.627025,0.0,1001.60525,1022.476121545808,2.1168539256599672e-05,0.0,3.5501365841224413,1001.60525,1026.0262792984697,1026.0262792984697
input8000_rate2p5_reuse00_seed1,NEAREST_MIGRATE_KV,73,0.0,16.841727,0.0,988.514551,0.0,1005.356278,1024.0377391813868,2.1168539256599672e-05,0.0,0.7482914894543029,1005.356278,1024.7860518393804,1024.7860518393804
input8000_rate2p5_reuse00_seed1,NEAREST_MIGRATE_KV,88,0.0,215.95868,0.0,1324.320164,0.0,1540.278844,1028.559923584417,2.1168539256599672e-05,1.0526916916137748e-06,168.1410766083917,1540.278844,1196.7010224140397,1196.7010224140397
input8000_rate2p5_reuse00_seed1,NEAREST_MIGRATE_KV,76,0.0,14.043528,0.0,994.499174,0.0,1008.542702,1022.0531834361722,2.1168539256599672e-05,0.0,4.836403494878432,1008.5427020000001,1026.8896080995899,1026.8896080995899
input8000_rate2p5_reuse00_seed1,NEAREST_MIGRATE_KV,87,0.0,7.084377,0.0,1011.478341,0.0,1018.562718,1022.0857171369134,2.1168539256599672e-05,0.0,0.28284104845624825,1018.562718,1022.3685793539089,1022.3685793539089
input8000_rate2p5_reuse00_seed1,NEAREST_MIGRATE_KV,89,0.0,1196.586408,0.0,1270.699692,0.0,2467.2861,1021.9555823339485,2.1168539256599672e-05,7.853234239609649e-05,868.6058308529308,2467.2861,1890.561512887761,1890.561512887761
input8000_rate2p5_reuse00_seed1,NEAREST_MIGRATE_KV,126,0.0,4.590611,0.0,1023.589179,0.0,1028.17979,1028.8201931903466,2.1168539256599672e-05,9.381211202629205e-05,3.9693168293578722,1028.17979,1032.7896250003557,1032.7896250003557
input8000_rate2p5_reuse00_seed1,NEAREST_MIGRATE_KV,113,0.0,9.128304,0.0,1026.883435,0.0,1036.011739,1022.0531834361722,2.1168539256599672e-05,0.0,1.6621980474118487,1036.011739,1023.7154026521233,1023.7154026521233
input8000_rate2p5_reuse00_seed1,NEAREST_MIGRATE_KV,132,0.0,5.78684,0.0,1053.662071,0.0,1059.448911,1029.4057998036888,2.1168539256599672e-05,0.0031499465594451896,8.670271915429439,1059.448911,1038.079242834217,1038.079242834217
input8000_rate2p5_reuse00_seed1,NEAREST_MIGRATE_KV,141,0.0,18.732079,0.0,1051.468822,0.0,1070.200901,1028.6575246866405,2.1168539256599672e-05,0.003858377206761118,8.491849246380184,1070.2009010000002,1037.1532534787666,1037.1532534787666
input8000_rate2p5_reuse00_seed1,NEAREST_MIGRATE_KV,156,0.0,3.323317,0.0,1045.769508,0.0,1049.092825,1029.5359346066534,2.1168539256599672e-05,0.0025839555263065285,12.569064645448663,1049.0928250000002,1042.1076043761677,1042.1076043761677
input8000_rate2p5_reuse00_seed1,NEAREST_MIGRATE_KV,150,0.0,21.896272,0.0,1036.23932,2.2737367544323206e-13,1058.135592,1022.8339922539615,2.1168539256599672e-05,9.39024163794917e-05,6.409698177583216,1058.1355919999999,1029.2438055025002,1029.2438055025004
input8000_rate2p5_reuse00_seed1,NEAREST_MIGRATE_KV,174,0.0,1.965232,0.0,1044.241976,0.0,1046.207208,1028.9828616940526,2.1168539256599672e-05,2.142338361000381e-05,7.875867066727082,1046.207208,1036.8587713527027,1036.8587713527027
input8000_rate2p5_reuse00_seed1,NEAREST_MIGRATE_KV,190,170.286156,25.917624,0.0,1043.508995,0.08706299999994371,1239.799838,1029.893805314807,2.1168539256599672e-05,1413.70114793004,16.522159926917666,1239.712775,2460.117134340304,2460.204197340304
input8000_rate2p5_reuse00_seed1,NEAREST_MIGRATE_KV,180,0.0,25.453027,0.0,1043.568905,0.0,1069.021932,1022.0206497354309,2.1168539256599672e-05,0.0021666876991100156,10.777080447606153,1069.021932,1032.7999180392753,1032.7999180392753
input8000_rate2p5_reuse00_seed1,NEAREST_MIGRATE_KV,223,0.0,1.830265,0.0,997.409589,0.0,999.239854,1029.1780638985,2.1168539256599672e-05,0.0,1.9739776507491769,999.239854,1031.1520627177886,1031.1520627177886
input8000_rate2p5_reuse00_seed1,NEAREST_MIGRATE_KV,210,0.0,22.029127,0.0,1003.349859,0.0,1025.378986,1022.0857171369134,2.1168539256599672e-05,0.0,0.9763983016090307,1025.378986,1023.0621366070617,1023.0621366070617
input8000_rate2p5_reuse00_seed1,NEAREST_MIGRATE_KV,231,0.0,8.399116,0.0,1032.902067,0.0,1041.301183,1029.601002008136,2.1168539256599672e-05,0.0,5.942587946918124,1041.301183,1035.5436111235933,1035.5436111235933
input8000_rate2p5_reuse00_seed1,NEAREST_MIGRATE_KV,233,0.0,146.730778,0.0,1282.360717,0.0,1429.091495,1028.4948561829344,2.1168539256599672e-05,7.284678567951607e-07,171.99332429431112,1429.0914950000001,1200.4882023742528,1200.4882023742528
input8000_rate2p5_reuse00_seed1,NEAREST_MIGRATE_KV,246,0.0,20.121774,0.0,1024.755497,0.0,1044.877271,1028.3972550807107,2.1168539256599672e-05,2.4491977134248663e-05,10.91043738189424,1044.877271,1039.3077381231212,1039.3077381231212
input8000_rate2p5_reuse00_seed1,NEAREST_MIGRATE_KV,251,0.0,152.934118,0.0,1021.869772,0.0,1174.80389,1027.58391256218,2.1168539256599672e-05,0.0008245449901017811,162.32909795488527,1174.8038900000001,1189.9138562305948,1189.9138562305948
input8000_rate2p5_reuse00_seed1,NEAREST_MIGRATE_KV,261,0.0,19.760054,0.0,1024.862637,0.0,1044.622691,1029.0804627962764,2.1168539256599672e-05,0.0006435563156526282,11.766902289396334,1044.622691,1040.8480298105276,1040.8480298105276
input8000_rate2p5_reuse00_seed1,NEAREST_MIGRATE_KV,299,0.0,0.00203,0.0,947.953218,0.0,947.955248,1021.9230486332073,2.1168539256599672e-05,0.0,0.0,947.955248,1021.9230698017465,1021.9230698017465
input8000_rate2p5_reuse00_seed1,NEAREST_MIGRATE_KV,69,0.0,10.848723,0.0,966.255388,0.0,977.104111,1030.0239401177719,2.1168539256599672e-05,0.0,4.65632103616214,977.104111,1034.6802823224732,1034.6802823224732
input8000_rate2p5_reuse00_seed1,NEAREST_MIGRATE_KV,64,0.0,0.026205,0.0,936.703457,0.0,936.729662,1024.8510816999174,2.1168539256599672e-05,0.0,0.0,936.729662,1024.8511028684566,1024.8511028684566
input8000_rate2p5_reuse00_seed1,NEAREST_MIGRATE_KV,91,0.0,7.396894,0.0,979.402577,1.1368683772161603e-13,986.799471,1029.6986031103597,2.1168539256599672e-05,0.0,1.404540515195876,986.7994709999999,1031.103164794095,1031.103164794095
input8000_rate2p5_reuse00_seed1,NEAREST_MIGRATE_KV,103,0.0,6.867609,0.0,978.400305,0.0,985.267914,1029.9588727162895,2.1168539256599672e-05,0.0,5.334363274614972,985.267914,1035.2932571594438,1035.2932571594438
input8000_rate2p5_reuse00_seed1,NEAREST_MIGRATE_KV,106,0.0,0.793476,0.0,987.055415,0.0,987.848891,1029.9263390155484,2.1168539256599672e-05,0.0,9.887925721037156,987.8488910000001,1039.8142859051247,1039.8142859051247
input8000_rate2p5_reuse00_seed1,NEAREST_MIGRATE_KV,116,0.0,1.409754,0.0,985.962679,0.0,987.372433,1023.2894640643386,2.1168539256599672e-05,0.0,8.305394221643773,987.372433,1031.5948794545216,1031.5948794545216
input8000_rate2p5_reuse00_seed1,NEAREST_MIGRATE_KV,131,0.0,20.073578,0.0,1005.524644,1.1368683772161603e-13,1025.598222,1027.876715868851,2.1168539256599672e-05,6.002171907890764e-06,6.9185545636754,1025.598222,1034.7952976032377,1034.795297603238
input8000_rate2p5_reuse00_seed1,NEAREST_MIGRATE_KV,125,0.0,10.143405,0.0,993.688614,0.0,1003.832019,1022.8339922539615,2.1168539256599672e-05,0.0,5.022583671277651,1003.8320190000001,1027.8565970937784,1027.8565970937784
input8000_rate2p5_reuse00_seed1,NEAREST_MIGRATE_KV,143,0.0,16.164959,0.0,1011.778055,0.0,1027.943014,1030.3818108259254,2.1168539256599672e-05,1.32923075895129e-05,7.515882629622901,1027.943014,1037.897727916395,1037.897727916395
input8000_rate2p5_reuse00_seed1,NEAREST_MIGRATE_KV,151,0.0,9.425975,0.0,1022.161331,0.0,1031.587306,1023.6798684732333,2.1168539256599672e-05,5.531166434885925e-06,5.917836115529589,1031.5873060000001,1029.5977312884686,1029.5977312884686
input8000_rate2p5_reuse00_seed1,NEAREST_MIGRATE_KV,157,0.0,16.2858,0.0,1018.860533,0.0,1035.146333,1022.0531834361722,2.1168539256599672e-05,3.08784064495822e-05,9.397723448650574,1035.1463330000001,1031.4509589317684,1031.4509589317684
input8000_rate2p5_reuse00_seed1,NEAREST_MIGRATE_KV,192,0.0,7.679614,0.0,985.310887,0.0,992.990501,1024.5257446925052,2.1168539256599672e-05,0.0,0.17109684655103763,992.990501,1024.6968627075955,1024.6968627075955
input8000_rate2p5_reuse00_seed1,NEAREST_MIGRATE_KV,212,0.0,5.081381,0.0,1000.183192,1.1368683772161603e-13,1005.264573,1029.308198701465,2.1168539256599672e-05,0.0,5.872770380768415,1005.2645729999999,1035.1809902507728,1035.180990250773
input8000_rate2p5_reuse00_seed1,NEAREST_MIGRATE_KV,205,0.0,20.9261,0.0,1001.769374,0.0,1022.695474,1022.1182508376546,2.1168539256599672e-05,0.0,4.158361256425579,1022.695474,1026.2766332626195,1026.2766332626195
input8000_rate2p5_reuse00_seed1,NEAREST_MIGRATE_KV,219,0.0,13.741061,0.0,1017.359422,0.0,1031.100483,1028.2996539784872,2.1168539256599672e-05,0.0,5.632287652919416,1031.100483,1033.931962799946,1033.931962799946
input8000_rate2p5_reuse00_seed1,NEAREST_MIGRATE_KV,244,0.0,20.389632,0.0,1009.062621,0.0,1029.452253,1027.421244058474,2.1168539256599672e-05,1.3540223505449599e-06,2.248629507003713,1029.452253,1029.6698960880394,1029.6698960880394
input8000_rate2p5_reuse00_seed1,NEAREST_MIGRATE_KV,259,0.0,6.940436,0.0,1002.411724,0.0,1009.35216,1022.1182508376546,2.1168539256599672e-05,3.9629334431533715e-06,4.851918509578368,1009.35216,1026.9701944787057,1026.9701944787057
input8000_rate2p5_reuse00_seed1,NEAREST_MIGRATE_KV,267,0.0,4.53244,0.0,1022.266928,0.0,1026.799368,1024.363076188799,2.1168539256599672e-05,1.294673168885958e-06,5.387186516726125,1026.799368,1029.7502851687375,1029.7502851687375
input8000_rate2p5_reuse00_seed1,NEAREST_MIGRATE_KV,268,0.0,256.991431,0.0,1290.427566,0.0,1547.418997,1022.1507845383958,2.1168539256599672e-05,0.00011637237400025198,171.11190249559994,1547.418997,1193.262824574909,1193.262824574909
input8000_rate2p5_reuse00_seed1,NEAREST_MIGRATE_KV,287,0.0,52.760682,0.0,1026.121534,0.0,1078.882216,1025.664424218448,2.1168539256599672e-05,2.1433128697997066e-05,157.12328971160417,1078.8822160000002,1182.78775653172,1182.78775653172
input8000_rate2p5_reuse00_seed1,NEAREST_MIGRATE_KV,285,0.0,13.685306,0.0,1025.861087,0.0,1039.546393,1022.3134530421019,2.1168539256599672e-05,6.100524529240467e-08,1.0307008530588035,1039.546393,1023.3441751247052,1023.3441751247052
input8000_rate2p5_reuse00_seed1,NEAREST_MIGRATE_KV,293,0.0,7.171551,0.0,1030.895528,0.0,1038.067079,1022.0857171369134,2.1168539256599672e-05,0.0005111993615924778,10.099038209153314,1038.067079,1032.1852877139677,1032.1852877139677
input8000_rate2p5_reuse00_seed1,NEAREST_MIGRATE_KV,10,0.0,7.450915,0.0,966.514748,0.0,973.965663,1029.2431312999825,2.1168539256599672e-05,0.0,4.470140859762907,973.9656630000001,1033.7132933282846,1033.7132933282846
input8000_rate2p5_reuse00_seed1,NEAREST_MIGRATE_KV,13,0.0,5.14864,0.0,993.494641,0.0,998.643281,1028.169519175522,2.1168539256599672e-05,0.0,8.77546307098612,998.643281,1036.9450034150475,1036.9450034150475
input8000_rate2p5_reuse00_seed1,NEAREST_MIGRATE_KV,0,0.0,0.0,0.0,936.703457,0.0,936.703457,1022.0206497354309,2.1168539256599672e-05,0.0,0.0,936.703457,1022.0206709039701,1022.0206709039701
input8000_rate2p5_reuse00_seed1,NEAREST_MIGRATE_KV,16,0.0,417.59275,0.0,1244.242113,0.0,1661.834863,1022.0206497354309,2.1168539256599672e-05,0.0,173.68605089775446,1661.834863,1195.7067218017246,1195.7067218017246
input8000_rate2p5_reuse00_seed1,NEAREST_MIGRATE_KV,43,0.0,16.749221,0.0,997.204945,0.0,1013.954166,1029.5359346066534,2.1168539256599672e-05,0.0,1.3657529784460394,1013.954166,1030.9017087536388,1030.9017087536388
input8000_rate2p5_reuse00_seed1,NEAREST_MIGRATE_KV,53,0.0,615.390469,0.0,1232.498482,0.0,1847.888951,1029.6986031103597,2.1168539256599672e-05,0.013978895142451498,179.91188356759264,1847.888951,1209.624486741634,1209.624486741634
input8000_rate2p5_reuse00_seed1,NEAREST_MIGRATE_KV,44,0.0,579.515317,0.0,1286.786639,0.0,1866.301956,1028.9503279933115,2.1168539256599672e-05,0.0,167.60287456205882,1866.3019559999998,1196.5532237239095,1196.5532237239095
input8000_rate2p5_reuse00_seed1,NEAREST_MIGRATE_KV,47,0.0,1457.087854,0.0,1300.829718,0.0,2757.917572,1028.0393843725574,2.1168539256599672e-05,1.6775843107414915e-06,869.4251925928423,2757.9175720000003,1897.4645998115234,1897.4645998115234
input8000_rate2p5_reuse00_seed1,NEAREST_MIGRATE_KV,61,0.0,5.572575,0.0,1008.839545,0.0,1014.41212,1029.7962042125832,2.1168539256599672e-05,7.620999991948808e-07,7.376247497323483,1014.4121200000001,1037.172473640546,1037.172473640546
input8000_rate2p5_reuse00_seed1,NEAREST_MIGRATE_KV,77,0.0,23.865061,0.0,1026.330295,0.0,1050.195356,1030.1866086214782,2.1168539256599672e-05,0.00025895261146274454,8.856452091828658,1050.195356,1039.0433408344575,1039.0433408344575
input8000_rate2p5_reuse00_seed1,NEAREST_MIGRATE_KV,65,0.0,228.519831,0.0,1023.248503,0.0,1251.768334,1023.3219977650799,2.1168539256599672e-05,9.753837424681431e-06,157.44510179142017,1251.768334,1180.7671304788769,1180.7671304788769
input8000_rate2p5_reuse00_seed1,NEAREST_MIGRATE_KV,67,0.0,14.696023,0.0,1030.13243,0.0,1044.828453,1021.9230486332073,2.1168539256599672e-05,0.0005245146347297466,10.753807925556245,1044.828453,1032.6774022419374,1032.6774022419374
input8000_rate2p5_reuse00_seed1,NEAREST_MIGRATE_KV,118,0.0,15.910094,0.0,1012.064201,0.0,1027.974295,1028.2671202777458,2.1168539256599672e-05,0.0,7.0116446518750095,1027.974295,1035.27878609816,1035.27878609816
input8000_rate2p5_reuse00_seed1,NEAREST_MIGRATE_KV,100,0.0,9.426591,0.0,1052.996714,0.0,1062.423305,1022.1507845383958,2.1168539256599672e-05,0.003389322581642477,6.940347776386673,1062.423305,1029.0945428059033,1029.0945428059033
input8000_rate2p5_reuse00_seed1,NEAREST_MIGRATE_KV,127,0.0,17.499137,0.0,1025.215573,0.0,1042.71471,1030.1866086214782,2.1168539256599672e-05,2.764004813757703e-08,6.775780332370317,1042.71471,1036.9624101500278,1036.9624101500278
input8000_rate2p5_reuse00_seed1,NEAREST_MIGRATE_KV,110,0.0,17.262065,0.0,1024.003432,2.2737367544323206e-13,1041.265497,1022.0531834361722,2.1168539256599672e-05,0.0,8.704166195497791,1041.2654969999999,1030.7573708002092,1030.7573708002094
input8000_rate2p5_reuse00_seed1,NEAREST_MIGRATE_KV,148,0.0,10.676442,0.0,1024.900993,0.0,1035.577435,1030.2191423222193,2.1168539256599672e-05,0.001537689689995211,16.59973500041734,1035.577435,1046.820436180866,1046.820436180866
input8000_rate2p5_reuse00_seed1,NEAREST_MIGRATE_KV,135,0.0,533.815048,0.0,1291.278308,0.0,1825.093356,1024.786014298435,2.1168539256599672e-05,0.022213598580029616,171.74026059094732,1825.0933559999999,1196.5485096565017,1196.5485096565017
input8000_rate2p5_reuse00_seed1,NEAREST_MIGRATE_KV,134,0.0,4.228589,0.0,1039.782936,0.0,1044.011525,1022.0531834361722,2.1168539256599672e-05,0.0,4.836403494878432,1044.0115250000001,1026.8896080995899,1026.8896080995899
input8000_rate2p5_reuse00_seed1,NEAREST_MIGRATE_KV,142,0.0,22.947751,0.0,1028.271397,0.0,1051.219148,1022.0857171369134,2.1168539256599672e-05,0.0005089561633653604,10.099038209153314,1051.219148,1032.1852854707695,1032.1852854707695
input8000_rate2p5_reuse00_seed1,NEAREST_MIGRATE_KV,176,0.0,161.330747,0.0,1041.834072,0.0,1203.164819,1029.731136811101,2.1168539256599672e-05,3.1854945262473517,167.5892087496162,1203.164819,1200.5058612555038,1200.5058612555038
input8000_rate2p5_reuse00_seed1,NEAREST_MIGRATE_KV,172,0.0,10.206334,0.0,1042.894025,0.0,1053.100359,1026.4126993354962,2.1168539256599672e-05,0.17826264741883951,14.998549387318363,1053.100359,1041.5895325387726,1041.5895325387726
input8000_rate2p5_reuse00_seed1,NEAREST_MIGRATE_KV,182,1294.086332,25.939,0.0,1038.947668,0.0,2358.138226,1023.8100032761982,2.1168539256599672e-05,2471.8657994010055,11.20374335185437,2358.973,3506.879567197597,3506.879567197597
input8000_rate2p5_reuse00_seed1,NEAREST_MIGRATE_KV,222,0.0,238.089015,0.0,1256.065635,0.0,1494.15465,1028.9503279933115,2.1168539256599672e-05,0.0,167.60287456205882,1494.15465,1196.5532237239095,1196.5532237239095
input8000_rate2p5_reuse00_seed1,NEAREST_MIGRATE_KV,220,0.0,13.166708,0.0,1012.379554,1.1368683772161603e-13,1025.546262,1022.0531834361722,2.1168539256599672e-05,0.0,0.0,1025.546262,1022.0532046047114,1022.0532046047115
input8000_rate2p5_reuse00_seed1,NEAREST_MIGRATE_KV,260,0.0,12.414241,0.0,994.772689,0.0,1007.18693,1025.078817605106,2.1168539256599672e-05,0.0,0.30297447150049095,1007.18693,1025.3818132451458,1025.3818132451458
input8000_rate2p5_reuse00_seed1,NEAREST_MIGRATE_KV,273,0.0,5.73657,0.0,993.556055,0.0,999.292625,1029.1780638985,2.1168539256599672e-05,0.0,1.2804203975964015,999.292625,1030.4585054646357,1030.4585054646357
input8000_rate2p5_reuse00_seed1,NEAREST_MIGRATE_KV,282,0.0,12.182962,0.0,989.355896,0.0,1001.538858,1024.0052054806456,2.1168539256599672e-05,0.0,3.914739429570915,1001.538858,1027.9199660787558,1027.9199660787558
input8000_rate2p5_reuse00_seed1,NEAREST_MIGRATE_KV,9,0.0,13.893999,0.0,1210.954922,2.2737367544323206e-13,1224.848921,1029.1780638985,2.1168539256599672e-05,0.0,174.02612434577634,1224.8489209999998,1203.2042094128158,1203.204209412816
input8000_rate2p5_reuse00_seed1,NEAREST_MIGRATE_KV,6,0.0,94.735209,0.0,1254.627475,0.0,1349.362684,1025.371620911777,2.1168539256599672e-05,0.0,165.48696448449743,1349.362684,1190.8586065648137,1190.8586065648137
input8000_rate2p5_reuse00_seed1,NEAREST_MIGRATE_KV,3,0.0,0.001202,0.0,954.519522,0.0,954.520724,1022.0206497354309,2.1168539256599672e-05,0.0,0.0,954.5207240000001,1022.0206709039701,1022.0206709039701
input8000_rate2p5_reuse00_seed1,NEAREST_MIGRATE_KV,25,0.0,15.595009,0.0,986.281143,0.0,1001.876152,1027.84418216811,2.1168539256599672e-05,0.0,1.6559198494005045,1001.876152,1029.5001231860497,1029.5001231860497
input8000_rate2p5_reuse00_seed1,NEAREST_MIGRATE_KV,26,0.0,9.237065,0.0,992.804326,0.0,1002.041391,1026.8031037443907,2.1168539256599672e-05,0.0,5.96899956797369,1002.041391,1032.7721244809036,1032.7721244809036
input8000_rate2p5_reuse00_seed1,NEAREST_MIGRATE_KV,27,0.0,149.950431,0.0,1003.912804,0.0,1153.863235,1022.1833182391371,2.1168539256599672e-05,0.0,160.160999125777,1153.863235,1182.3443385334533,1182.3443385334533
input8000_rate2p5_reuse00_seed1,NEAREST_MIGRATE_KV,38,0.0,17.54656,0.0,1015.193922,0.0,1032.740482,1026.4452330362374,2.1168539256599672e-05,0.0,3.4030187928102436,1032.7404820000002,1029.848272997587,1029.848272997587
input8000_rate2p5_reuse00_seed1,NEAREST_MIGRATE_KV,40,0.0,3.369186,0.0,1022.571057,0.0,1025.940243,1021.8254475309836,2.1168539256599672e-05,0.0003084689697765552,161.1010857285162,1025.940243,1182.926862897009,1182.926862897009
input8000_rate2p5_reuse00_seed1,NEAREST_MIGRATE_KV,66,0.0,10.599256,0.0,1021.193719,1.1368683772161603e-13,1031.792975,1023.6473347724921,2.1168539256599672e-05,0.0,1.3487586544074759,1031.792975,1024.9961145954387,1024.996114595439
input8000_rate2p5_reuse00_seed1,NEAREST_MIGRATE_KV,68,0.0,605.668266,0.0,1288.310065,2.2737367544323206e-13,1893.978331,1022.0531834361722,2.1168539256599672e-05,7.102746831009694e-06,167.22086727293066,1893.9783309999998,1189.2740789803888,1189.274078980389
input8000_rate2p5_reuse00_seed1,NEAREST_MIGRATE_KV,75,0.0,8.0175,0.0,1033.374063,0.0,1041.391563,1022.0531834361722,2.1168539256599672e-05,5.635653279571661e-08,9.397723448650574,1041.391563,1031.4509281097185,1031.4509281097185
input8000_rate2p5_reuse00_seed1,NEAREST_MIGRATE_KV,98,0.0,106.125278,0.0,1343.065804,0.0,1449.191082,1028.9828616940526,2.1168539256599672e-05,5.4852189819621036e-05,173.3722711736256,1449.191082,1202.3552088884073,1202.3552088884073
input8000_rate2p5_reuse00_seed1,NEAREST_MIGRATE_KV,85,0.0,14.026039,0.0,1034.482907,0.0,1048.508946,1024.8510816999174,2.1168539256599672e-05,7.224236858858156e-06,2.3293436795090514,1048.5089460000002,1027.1804537722026,1027.1804537722026
input8000_rate2p5_reuse00_seed1,NEAREST_MIGRATE_KV,93,0.0,15.363307,0.0,1047.970865,0.0,1063.334172,1026.5428341384609,2.1168539256599672e-05,1.3714521521865803e-05,6.600496762326735,1063.334172,1033.1433657838484,1033.1433657838484
input8000_rate2p5_reuse00_seed1,NEAREST_MIGRATE_KV,120,0.0,24.28891,0.0,1043.820257,0.0,1068.109167,1029.8287379133246,2.1168539256599672e-05,0.00010555318681905423,4.903356810359654,1068.109167,1034.7322214454105,1034.7322214454105
input8000_rate2p5_reuse00_seed1,NEAREST_MIGRATE_KV,101,0.0,68.443326,0.0,1287.936052,4.382970999999998,1360.762349,1022.0206497354309,2.1168539256599672e-05,212.7036381655269,184.42462748545137,1356.379378,1419.1489365549485,1423.5319075549485
input8000_rate2p5_reuse00_seed1,NEAREST_MIGRATE_KV,129,1989.276537,26.098264,0.0,1056.288436,0.0,3070.884456,1029.9263390155484,2.1168539256599672e-05,2584.2903444952685,17.265203468706133,3071.6632369999998,3631.4819081480623,3631.4819081480623
input8000_rate2p5_reuse00_seed1,NEAREST_MIGRATE_KV,161,0.0,158.703727,0.0,1045.653123,0.8557699999998931,1205.21262,1026.4777667369785,2.1168539256599672e-05,315.0192758401479,174.14651345517277,1204.3568500000001,1515.6435772008385,1516.4993472008384
input8000_rate2p5_reuse00_seed1,NEAREST_MIGRATE_KV,147,0.0,22.292999,0.0,1026.61182,0.0,1048.904819,1022.5411889472905,2.1168539256599672e-05,0.12586314856710348,6.339880611433507,1048.904819,1029.0069538758303,1029.0069538758303
input8000_rate2p5_reuse00_seed1,NEAREST_MIGRATE_KV,162,0.0,909.793539,0.0,1296.310825,3.839290000000119,2209.943654,1026.282564532531,2.1168539256599672e-05,75.61491303063423,876.1394966476556,2206.104364,1978.0369953793602,1981.8762853793603
input8000_rate2p5_reuse00_seed1,NEAREST_MIGRATE_KV,153,0.0,17.010293,0.0,1042.349888,2.2514730000000327,1061.611654,1022.9315933561852,2.1168539256599672e-05,297.20035015767513,22.381904150438842,1059.360181,1342.5138688328384,1344.7653418328384
input8000_rate2p5_reuse00_seed1,NEAREST_MIGRATE_KV,159,0.0,9.853985,0.0,1026.380442,3.459357000000182,1039.693784,1022.1182508376546,2.1168539256599672e-05,465.18597014129,21.49440921353688,1036.2344269999999,1508.7986513610208,1512.258008361021
input8000_rate2p5_reuse00_seed1,NEAREST_MIGRATE_KV,187,0.0,24.292826,0.0,1026.620124,0.0,1050.91295,1027.2260418540268,2.1168539256599672e-05,0.4232147118305851,3.5891989692094626,1050.9129500000001,1031.238476703606,1031.238476703606
input8000_rate2p5_reuse00_seed1,NEAREST_MIGRATE_KV,194,0.0,23.407193,0.0,1034.896913,0.6878549999998995,1058.991961,1029.4057998036888,2.1168539256599672e-05,282.428772500103,20.751442665615812,1058.304106,1332.5860361379468,1333.2738911379467
input8000_rate2p5_reuse00_seed1,NEAREST_MIGRATE_KV,202,0.0,9.916784,0.0,1036.885912,0.0,1046.802696,1029.601002008136,2.1168539256599672e-05,5.962354628506849,8.71681695952924,1046.802696,1044.2801947647113,1044.2801947647113
input8000_rate2p5_reuse00_seed1,NEAREST_MIGRATE_KV,209,5888.760969,26.21244,0.0,1039.128418,0.0,6954.021831,1028.6575246866405,2.1168539256599672e-05,2198.885583385042,8.491849246380184,6954.101827,3236.034978486602,3236.034978486602
input8000_rate2p5_reuse00_seed1,NEAREST_MIGRATE_KV,218,3810.517077,273.131546,0.0,1318.670032,5.416653000000224,5407.735308,1021.9555823339485,2.1168539256599672e-05,2661.013969920273,172.32794172056506,5402.318655,3855.2975151433257,3860.714168143326
input8000_rate2p5_reuse00_seed1,NEAREST_MIGRATE_KV,217,3533.191198,26.07308,0.0,1066.490116,1.907163999999966,4627.661558,1021.5651779250538,2.1168539256599672e-05,2500.563426783889,6.800712644087255,4625.754394,3528.929338521569,3530.836502521569
input8000_rate2p5_reuse00_seed1,NEAREST_MIGRATE_KV,236,4122.442202,25.835224,0.0,1033.490202,0.050275000000056025,5181.817903,1025.1438850065883,2.1168539256599672e-05,3069.2113767034116,19.992612588880263,5181.7676280000005,4114.347895467419,4114.398170467419
input8000_rate2p5_reuse00_seed1,NEAREST_MIGRATE_KV,235,1302.074312,25.867896,0.0,1039.188823,3.2761470000000372,2370.407178,1021.890514932466,2.1168539256599672e-05,2839.6290979584815,12.216622487083285,2367.131031,3873.73625654657,3877.01240354657
input8000_rate2p5_reuse00_seed1,NEAREST_MIGRATE_KV,249,6067.182131,25.689016,0.0,1049.017969,0.0,7136.209445,1026.4777667369785,2.1168539256599672e-05,3270.638032537805,24.1784330908483,7141.889116,4321.294253534171,4321.294253534171
input8000_rate2p5_reuse00_seed1,NEAREST_MIGRATE_KV,248,3202.010012,25.692728,0.0,1048.608735,3.3638009999997394,4279.675276,1022.4110541443256,2.1168539256599672e-05,3261.114769534157,22.473458637663853,4276.311475,4305.999303484686,4309.363104484685
input8000_rate2p5_reuse00_seed1,NEAREST_MIGRATE_KV,241,4675.788308,25.764024,0.0,1024.41631,0.5477689999993345,5726.516411,1022.0206497354309,2.1168539256599672e-05,1702.5373595529027,22.380368549464237,5725.968642,2746.938399006337,2747.4861680063364
input8000_rate2p5_reuse00_seed1,NEAREST_MIGRATE_KV,278,4680.670665,26.087352,0.0,1053.20446,1.8319550000001072,5761.794432,1030.1540749207368,2.1168539256599672e-05,1608.729011481442,8.848694584478693,5759.962476999999,2647.7318021551964,2649.5637571551965
input8000_rate2p5_reuse00_seed1,NEAREST_MIGRATE_KV,280,10334.551164,26.277368,0.0,1039.400495,2.3498520000000553,11402.578879,1021.9555823339485,2.1168539256599672e-05,3734.1268700990145,10.761565432906224,11400.229027,4766.8440390344085,4769.193891034409
input8000_rate2p5_reuse00_seed1,NEAREST_MIGRATE_KV,4,0.0,0.017498,0.0,936.703457,0.0,936.720955,1021.597711625795,2.1168539256599672e-05,0.0,0.0,936.720955,1021.5977327943342,1021.5977327943342
input8000_rate2p5_reuse00_seed1,NEAREST_MIGRATE_KV,22,0.0,12.707641,0.0,967.212636,1.1368683772161603e-13,979.920277,1023.8100032761982,2.1168539256599672e-05,0.0,0.0,979.9202769999999,1023.8100244447375,1023.8100244447376
input8000_rate2p5_reuse00_seed1,NEAREST_MIGRATE_KV,28,0.0,5.204962,0.0,977.739025,0.0,982.943987,1028.3972550807107,2.1168539256599672e-05,0.0,4.962002921816534,982.943987,1033.3592791710664,1033.3592791710664
input8000_rate2p5_reuse00_seed1,NEAREST_MIGRATE_KV,36,0.0,12.686107,0.0,993.460294,0.0,1006.146401,1027.6815136644038,2.1168539256599672e-05,0.0,10.046214967042175,1006.146401,1037.7277497999853,1037.7277497999853
input8000_rate2p5_reuse00_seed1,NEAREST_MIGRATE_KV,46,0.0,0.282649,0.0,1005.797732,0.0,1006.080381,1030.4143445266666,2.1168539256599672e-05,1.2088741363923056e-05,7.523640136972865,1006.080381,1037.9380179209202,1037.9380179209202
input8000_rate2p5_reuse00_seed1,NEAREST_MIGRATE_KV,32,0.0,14.1191,0.0,987.120727,0.0,1001.239827,1024.9812165028823,2.1168539256599672e-05,0.0,4.841021903222725,1001.239827,1029.8222595746442,1029.8222595746442
input8000_rate2p5_reuse00_seed1,NEAREST_MIGRATE_KV,51,0.0,7.945721,0.0,1014.869378,0.0,1022.815099,1028.1044517740397,2.1168539256599672e-05,0.00017296671736278846,7.666414368277955,1022.815099,1035.7710602775742,1035.7710602775742
input8000_rate2p5_reuse00_seed1,NEAREST_MIGRATE_KV,54,0.0,13.500923,0.0,1022.387409,0.0,1035.888332,1028.1044517740397,2.1168539256599672e-05,0.0005437672930793057,12.227734322050082,1035.888332,1040.332751031922,1040.332751031922
input8000_rate2p5_reuse00_seed1,NEAREST_MIGRATE_KV,80,0.0,4.027607,0.0,1022.246816,1.1368683772161603e-13,1026.274423,1029.3732661029476,2.1168539256599672e-05,0.0,2.7140799480017606,1026.274423,1032.0873672194887,1032.087367219489
input8000_rate2p5_reuse00_seed1,NEAREST_MIGRATE_KV,94,0.0,5.250984,0.0,1023.128261,1.1368683772161603e-13,1028.379245,1028.006850671816,2.1168539256599672e-05,0.0,4.868912833616918,1028.3792449999999,1032.8757846739722,1032.8757846739722
input8000_rate2p5_reuse00_seed1,NEAREST_MIGRATE_KV,95,0.0,662.305208,0.0,1273.818341,8.408143999999993,1944.531693,1021.8579812317248,2.1168539256599672e-05,373.0413861750415,181.12538537613315,1936.123549,1576.0247739514386,1584.4329179514386
input8000_rate2p5_reuse00_seed1,NEAREST_MIGRATE_KV,81,0.0,356.183244,0.0,1283.77924,0.0,1639.962484,1013.8546908493838,2.1168539256599672e-05,1.214768310369954e-05,165.26597542073884,1639.9624840000001,1179.120699586345,1179.120699586345
input8000_rate2p5_reuse00_seed1,NEAREST_MIGRATE_KV,124,0.0,549.708294,0.0,1303.36314,7.587453000000096,1860.658887,1028.8201931903466,2.1168539256599672e-05,119.63645703700875,185.41465438706211,1853.071434,1333.8713257829568,1341.4587787829569
input8000_rate2p5_reuse00_seed1,NEAREST_MIGRATE_KV,123,0.0,17.684625,0.0,1048.162901,1.8392509999998765,1067.686777,1028.3321876792284,2.1168539256599672e-05,98.77432063644031,19.10833041676132,1065.847526,1146.2148599009693,1148.0541109009691
input8000_rate2p5_reuse00_seed1,NEAREST_MIGRATE_KV,133,0.0,23.80752,0.0,1024.384284,0.9456800000000385,1049.137484,1029.893805314807,2.1168539256599672e-05,397.95164523685037,32.471093377723406,1048.191804,1460.31656509792,1461.26224509792
input8000_rate2p5_reuse00_seed1,NEAREST_MIGRATE_KV,115,0.0,6.066349,0.0,1016.875611,0.0,1022.94196,1021.7929138302424,2.1168539256599672e-05,0.0,0.9065807354593218,1022.94196,1022.6995157342409,1022.6995157342409
input8000_rate2p5_reuse00_seed1,NEAREST_MIGRATE_KV,128,0.0,21.311115,0.0,1028.773986,3.5941640000000916,1053.679265,1023.5171999695272,2.1168539256599672e-05,148.63545254863607,27.0828592365104,1050.085101,1199.2355329232128,1202.8296969232129
input8000_rate2p5_reuse00_seed1,NEAREST_MIGRATE_KV,163,2004.414469,22.714365,0.0,1034.742703,1.991175000000112,3063.862712,1028.5273898836756,2.1168539256599672e-05,7935.109222958529,16.67422726654732,3061.871537,8980.31086127729,8982.302036277291
input8000_rate2p5_reuse00_seed1,NEAREST_MIGRATE_KV,152,252.954738,25.980504,0.0,1043.013762,1.792645999999877,1323.74165,1022.1182508376546,2.1168539256599672e-05,2559.4724881254397,3.0648275684173427,1321.949004,3584.655587700051,3586.448233700051
input8000_rate2p5_reuse00_seed1,NEAREST_MIGRATE_KV,165,7064.995948,26.008344,0.0,1048.655393,0.0,8139.530685,1029.731136811101,2.1168539256599672e-05,8917.304638294947,18.43182710737311,8139.659685,9965.467623381961,9965.467623381961
input8000_rate2p5_reuse00_seed1,NEAREST_MIGRATE_KV,164,5302.410148,26.066104,0.0,1035.553217,0.3858629999997447,6364.415332,1028.2345865770046,2.1168539256599672e-05,8544.014673506248,17.339695734836113,6364.029469,9589.588976986628,9589.974839986628
input8000_rate2p5_reuse00_seed1,NEAREST_MIGRATE_KV,197,0.0,0.387684,0.0,1030.702163,3.973656000000119,1035.063503,1023.8750706776807,2.1168539256599672e-05,133.87432106444012,19.432666416121336,1031.089847,1177.1820793267814,1181.1557353267815
input8000_rate2p5_reuse00_seed1,NEAREST_MIGRATE_KV,186,2373.08311,17.012328,0.0,1039.604855,4.270761999999877,3433.971055,1022.1182508376546,2.1168539256599672e-05,5327.296590611845,22.881523719842434,3429.700293,6372.296386337881,6376.567148337881
input8000_rate2p5_reuse00_seed1,NEAREST_MIGRATE_KV,199,945.68491,25.074502,0.0,1025.794729,0.37437000000022636,1996.928511,1022.6713237502554,2.1168539256599672e-05,5109.725127420932,16.013161977991672,1996.554141,6148.409634317718,6148.784004317718
input8000_rate2p5_reuse00_seed1,NEAREST_MIGRATE_KV,207,1535.814725,25.751384,0.0,1025.048127,0.0,2584.686561,1022.0531834361722,2.1168539256599672e-05,2498.0414501629693,3.0493125537173995,2586.614236,3523.143967321398,3523.143967321398
input8000_rate2p5_reuse00_seed1,NEAREST_MIGRATE_KV,226,2753.715386,274.186588,0.0,1042.412582,2.6000850000000355,4072.914641,1029.763670511842,2.1168539256599672e-05,4292.743085472882,182.99740902919433,4070.314556,5505.5041861824575,5508.1042711824575
input8000_rate2p5_reuse00_seed1,NEAREST_MIGRATE_KV,230,6213.747054,25.861048,0.0,1033.1579,0.0,7269.847363,1029.015395394794,2.1168539256599672e-05,4836.048390886657,32.99692671371277,7272.766002,5898.060734163703,5898.060734163703
input8000_rate2p5_reuse00_seed1,NEAREST_MIGRATE_KV,229,5032.779004,25.961976,0.0,1041.033627,6.366621999999779,6106.141229,1028.4623224821933,2.1168539256599672e-05,4568.74243224924,32.12976305432484,6099.774606999999,5629.334538954297,5635.701160954297
input8000_rate2p5_reuse00_seed1,NEAREST_MIGRATE_KV,221,3542.128548,23.550058,0.0,1050.080543,3.7142809999998008,4619.47343,1022.0857171369134,2.1168539256599672e-05,4963.076446753729,22.87376621249247,4615.7591489999995,6008.035951271674,6011.750232271674
input8000_rate2p5_reuse00_seed1,NEAREST_MIGRATE_KV,256,7677.779924,25.939,0.0,1042.88438,3.4309019999998327,8750.034206,1025.8921601236366,2.1168539256599672e-05,6030.319048760547,28.38444330749654,8746.603304,7084.59567336022,7088.02657536022
input8000_rate2p5_reuse00_seed1,NEAREST_MIGRATE_KV,254,6489.925137,19.294102,0.0,1052.511642,4.56513099999961,7566.296012,1022.0531834361722,2.1168539256599672e-05,6001.224096974663,26.73377140576187,7561.7308809999995,7050.011072985136,7054.576203985135
input8000_rate2p5_reuse00_seed1,NEAREST_MIGRATE_KV,258,8536.197208,25.86508,0.0,1036.036503,0.0,9593.412294,1020.3288972968874,2.1168539256599672e-05,7383.889883952834,30.190386216832948,9598.098790999999,8434.409188635093,8434.409188635093
input8000_rate2p5_reuse00_seed1,NEAREST_MIGRATE_KV,262,10345.304056,25.888248,0.0,1038.433266,2.026360999999497,11411.651931,1021.9230486332073,2.1168539256599672e-05,7171.611562014916,26.702741376362,11409.62557,8220.237373193024,8222.263734193024
input8000_rate2p5_reuse00_seed1,NEAREST_MIGRATE_KV,269,14575.388694,25.93484,0.0,1039.523425,0.0,15639.530985,1027.0959070510617,2.1168539256599672e-05,6322.7673884533815,24.06842234438747,15640.846958999999,7373.93173901737,7373.93173901737
input8000_rate2p5_reuse00_seed1,NEAREST_MIGRATE_KV,264,11654.435761,25.853912,0.0,1031.626362,0.0,12710.046101,1022.3134530421019,2.1168539256599672e-05,6568.324097968344,19.060306063322884,12711.916035000002,7609.697878242308,7609.697878242308
input8000_rate2p5_reuse00_seed1,NEAREST_MIGRATE_KV,290,6987.257366,24.480234,0.0,1029.935141,1.5040810000004967,8043.176822,1025.0462839043648,2.1168539256599672e-05,6329.387617250598,23.57969938133951,8041.672740999999,7378.013621704841,7379.517702704841
input8000_rate2p5_reuse00_seed1,NEAREST_MIGRATE_KV,291,10652.334613,25.842616,0.0,1034.410847,4.940362999998797,11717.528439,1027.258575554768,2.1168539256599672e-05,6115.945925456214,20.974733214956444,11712.588076,7164.179255394478,7169.119618394477
input8000_rate2p5_reuse00_seed1,NEAREST_MIGRATE_KV,298,14788.767423,26.063288,0.0,1052.115048,0.36452900000131194,15867.310288,1027.421244058474,2.1168539256599672e-05,7815.091707756774,24.145997417887145,15866.945758999998,8866.658970401673,8867.023499401676
input8000_rate2p5_reuse00_seed1,NEAREST_MIGRATE_KV,19,0.0,0.01336,0.0,936.703457,0.0,936.716817,1029.893805314807,2.1168539256599672e-05,0.0,0.06397105299014072,936.716817,1029.9577975363363,1029.9577975363363
input8000_rate2p5_reuse00_seed1,NEAREST_MIGRATE_KV,23,0.0,16.317363,0.0,993.255761,0.0,1009.573124,1029.6660694096186,2.1168539256599672e-05,0.0,9.13230840908463,1009.573124,1038.7983989872425,1038.7983989872425
input8000_rate2p5_reuse00_seed1,NEAREST_MIGRATE_KV,24,0.0,678.517908,0.0,1244.007361,0.0,1922.525269,1027.3236429562503,2.1168539256599672e-05,0.0,174.95052459579918,1922.525269,1202.2741887205887,1202.2741887205887
input8000_rate2p5_reuse00_seed1,NEAREST_MIGRATE_KV,21,0.0,7.964258,0.0,966.118684,0.0,974.082942,1022.0531834361722,2.1168539256599672e-05,0.0,152.74079595970306,974.082942,1174.7940005644145,1174.7940005644145
input8000_rate2p5_reuse00_seed1,NEAREST_MIGRATE_KV,57,0.0,3.37234,0.0,994.667046,0.0,998.039386,1030.2191423222193,2.1168539256599672e-05,0.0,2.9157751391009157,998.039386,1033.1349386298596,1033.1349386298596
input8000_rate2p5_reuse00_seed1,NEAREST_MIGRATE_KV,37,0.0,18.78914,0.0,994.48679,0.0,1013.27593,1022.0857171369134,2.1168539256599672e-05,0.0,0.9763983016090307,1013.27593,1023.0621366070617,1023.0621366070617
input8000_rate2p5_reuse00_seed1,NEAREST_MIGRATE_KV,42,0.0,0.832976,0.0,1005.58474,0.0,1006.417716,1022.1182508376546,2.1168539256599672e-05,1.2049138742966305e-05,5.545475762731144,1006.417716,1027.6637598180637,1027.6637598180637
input8000_rate2p5_reuse00_seed1,NEAREST_MIGRATE_KV,60,0.0,6.715632,0.0,1005.704196,0.0,1012.419828,1027.6164462629213,2.1168539256599672e-05,0.0,6.856494504875663,1012.419828,1034.472961936336,1034.472961936336
input8000_rate2p5_reuse00_seed1,NEAREST_MIGRATE_KV,79,0.0,10.367615,0.0,1027.927607,0.0,1038.295222,1029.145530197759,2.1168539256599672e-05,0.00013416162405309394,11.78241730409627,1038.2952220000002,1040.9281028320186,1040.9281028320186
input8000_rate2p5_reuse00_seed1,NEAREST_MIGRATE_KV,70,0.0,3.698409,0.0,1011.466034,0.0,1015.164443,1024.9161491013997,2.1168539256599672e-05,5.208435935863451e-06,6.2126213948283535,1015.164443,1031.1287968732033,1031.1287968732033
input8000_rate2p5_reuse00_seed1,NEAREST_MIGRATE_KV,72,0.0,23.421892,0.0,1027.018862,0.0,1050.440754,1022.1833182391371,2.1168539256599672e-05,1.0382608285718541e-05,6.254548030583862,1050.440754,1028.4378978208686,1028.4378978208686
input8000_rate2p5_reuse00_seed1,NEAREST_MIGRATE_KV,84,0.0,19.569741,0.0,1038.850941,0.0,1058.420682,1022.2483856406195,2.1168539256599672e-05,0.0016085957086188682,6.963620298436581,1058.420682,1029.213635703304,1029.213635703304
input8000_rate2p5_reuse00_seed1,NEAREST_MIGRATE_KV,112,0.0,406.933703,0.0,1343.700969,0.0,1750.634672,1024.2654750865754,2.1168539256599672e-05,2.102943476446863e-07,167.74837777272847,1750.634672,1192.0138742381375,1192.0138742381375
input8000_rate2p5_reuse00_seed1,NEAREST_MIGRATE_KV,111,0.0,2.839145,0.0,1020.883396,0.0,1023.722541,1022.0857171369134,2.1168539256599672e-05,0.0,0.9763983016090307,1023.722541,1023.0621366070617,1023.0621366070617
input8000_rate2p5_reuse00_seed1,NEAREST_MIGRATE_KV,117,0.0,715.88225,0.0,1286.385017,0.0,2002.267267,1021.9555823339485,2.1168539256599672e-05,1.740593410573885e-05,171.69664958603258,2002.2672670000002,1193.6522704944546,1193.6522704944546
input8000_rate2p5_reuse00_seed1,NEAREST_MIGRATE_KV,139,0.0,17.64646,0.0,1004.723382,0.0,1022.369842,1022.1182508376546,2.1168539256599672e-05,0.0,0.9841558089590023,1022.3698420000001,1023.1024278151529,1023.1024278151529
input8000_rate2p5_reuse00_seed1,NEAREST_MIGRATE_KV,167,0.0,13.233319,0.0,1021.034747,0.0,1034.268066,1028.5924572851582,2.1168539256599672e-05,0.02116157932031715,7.089219725374683,1034.268066,1035.7028597583924,1035.7028597583924
input8000_rate2p5_reuse00_seed1,NEAREST_MIGRATE_KV,158,0.0,4.990479,0.0,1004.067616,0.0,1009.058095,1022.4110541443256,2.1168539256599672e-05,0.0,1.0539733751087113,1009.0580950000001,1023.4650486879735,1023.4650486879735
input8000_rate2p5_reuse00_seed1,NEAREST_MIGRATE_KV,193,0.0,10.968759,0.0,1002.7159,0.0,1013.684659,1028.9503279933115,2.1168539256599672e-05,0.0,1.919675099299397,1013.684659,1030.87002426115,1030.87002426115
input8000_rate2p5_reuse00_seed1,NEAREST_MIGRATE_KV,201,0.0,4.934898,0.0,1027.430058,0.0,1032.364956,1024.102806582869,2.1168539256599672e-05,0.0,5.3251264579263875,1032.364956,1029.4279542093348,1029.4279542093348
input8000_rate2p5_reuse00_seed1,NEAREST_MIGRATE_KV,203,0.0,244.921029,0.0,1283.713009,0.0,1528.634038,1023.3545314658211,2.1168539256599672e-05,0.051563218476930094,171.39893026754874,1528.6340380000001,1194.8050461203861,1194.8050461203861
input8000_rate2p5_reuse00_seed1,NEAREST_MIGRATE_KV,247,0.0,2.856605,0.0,1001.880562,0.0,1004.737167,1022.0857171369134,2.1168539256599672e-05,0.0,0.0,1004.737167,1022.0857383054527,1022.0857383054527
input8000_rate2p5_reuse00_seed1,NEAREST_MIGRATE_KV,277,0.0,614.169334,0.0,1323.576085,2.2737367544323206e-13,1937.745419,1030.0890075192544,2.1168539256599672e-05,0.0,176.2412048550789,1937.7454189999999,1206.3302335428725,1206.3302335428727
input8000_rate2p5_reuse00_seed1,NEAREST_MIGRATE_KV,271,0.0,2.156583,0.0,996.084308,1.1368683772161603e-13,998.240891,1026.6404352406846,2.1168539256599672e-05,0.0,4.543097524918281,998.2408909999999,1031.183553934142,1031.1835539341423
input8000_rate2p5_reuse00_seed1,NEAREST_MIGRATE_KV,281,0.0,102.950973,0.0,1264.800934,0.0,1367.751907,1027.0959070510617,2.1168539256599672e-05,0.03576898796585259,179.29128297959522,1367.751907,1206.422980187162,1206.422980187162
input8000_rate2p5_reuse00_seed1,NEAREST_MIGRATE_KV,265,0.0,10.498614,0.0,983.956028,1.1368683772161603e-13,994.454642,1022.0531834361722,2.1168539256599672e-05,0.0,0.0,994.4546419999999,1022.0532046047114,1022.0532046047115
input8000_rate2p5_reuse00_seed1,NEAREST_MIGRATE_KV,276,0.0,6.798826,0.0,1033.516647,2.2737367544323206e-13,1040.315473,1021.9881160346897,2.1168539256599672e-05,0.0,7.99509392764508,1040.3154729999999,1029.983231130874,1029.9832311308742
input8000_rate2p5_reuse00_seed1,NEAREST_MIGRATE_KV,297,0.0,14.837461,0.0,1028.03416,0.0,1042.871621,1027.0633733503205,2.1168539256599672e-05,9.859615461086412,8.111731386231767,1042.871621,1045.034741366178,1045.034741366178
input8000_rate2p5_reuse00_seed1,NEAREST_MIGRATE_KV,286,0.0,13.665445,0.0,1017.326232,0.0,1030.991677,1022.1182508376546,2.1168539256599672e-05,0.7781413900761854,13.974558417122644,1030.991677,1036.8709718133928,1036.8709718133928
input8000_rate2p5_reuse00_seed1,NEAREST_MIGRATE_KV,12,0.0,0.055062,0.0,936.703457,0.0,936.758519,1022.0206497354309,2.1168539256599672e-05,0.0,0.0,936.758519,1022.0206709039701,1022.0206709039701
input8000_rate2p5_reuse00_seed1,NEAREST_MIGRATE_KV,29,0.0,8.810902,0.0,967.834204,0.0,976.645106,1023.1267955606324,2.1168539256599672e-05,0.0,0.0,976.645106,1023.1268167291717,1023.1268167291717
input8000_rate2p5_reuse00_seed1,NEAREST_MIGRATE_KV,34,0.0,5.220954,0.0,978.027665,0.0,983.248619,1027.6489799636627,2.1168539256599672e-05,0.0,4.78358025276728,983.248619,1032.4325813849691,1032.4325813849691
input8000_rate2p5_reuse00_seed1,NEAREST_MIGRATE_KV,55,0.0,14.189567,0.0,978.539345,0.0,992.728912,1026.7055026421672,2.1168539256599672e-05,0.0,0.6908498389988722,992.728912,1027.3963736497053,1027.3963736497053
input8000_rate2p5_reuse00_seed1,NEAREST_MIGRATE_KV,62,0.0,15.950344,0.0,988.206807,0.0,1004.157151,1027.6489799636627,2.1168539256599672e-05,0.0,5.477137505920069,1004.157151,1033.126138638122,1033.126138638122
input8000_rate2p5_reuse00_seed1,NEAREST_MIGRATE_KV,82,0.0,10.504468,0.0,978.881201,0.0,989.385669,1028.3647213799695,2.1168539256599672e-05,0.0,1.086482713847218,989.385669,1029.451225262356,1029.451225262356
input8000_rate2p5_reuse00_seed1,NEAREST_MIGRATE_KV,96,0.0,9.463472,0.0,978.429393,0.0,987.892865,1022.0531834361722,2.1168539256599672e-05,0.0,3.44928898857286,987.892865,1025.5024935932843,1025.5024935932843
input8000_rate2p5_reuse00_seed1,NEAREST_MIGRATE_KV,119,0.0,19.741196,0.0,995.514581,0.0,1015.255777,1029.893805314807,2.1168539256599672e-05,0.0,6.012405513067833,1015.255777,1035.9062319964141,1035.9062319964141
input8000_rate2p5_reuse00_seed1,NEAREST_MIGRATE_KV,108,0.0,11.842077,0.0,977.869841,0.0,989.711918,1021.9230486332073,2.1168539256599672e-05,0.0,3.418258959172988,989.711918,1025.3413287609194,1025.3413287609194
input8000_rate2p5_reuse00_seed1,NEAREST_MIGRATE_KV,138,0.0,12.065428,0.0,1001.79529,0.0,1013.860718,1021.9230486332073,2.1168539256599672e-05,0.0,0.24405351170641154,1013.860718,1022.167123313453,1022.167123313453
input8000_rate2p5_reuse00_seed1,NEAREST_MIGRATE_KV,179,0.0,14.476199,0.0,986.140864,1.1368683772161603e-13,1000.617063,1030.1215412199956,2.1168539256599672e-05,0.0,1.5053881107454572,1000.6170629999999,1031.6269504992804,1031.6269504992806
input8000_rate2p5_reuse00_seed1,NEAREST_MIGRATE_KV,160,0.0,15.707268,0.0,980.423473,0.0,996.130741,1022.0857171369134,2.1168539256599672e-05,0.0,0.0,996.130741,1022.0857383054527,1022.0857383054527
input8000_rate2p5_reuse00_seed1,NEAREST_MIGRATE_KV,196,0.0,570.740012,0.0,1297.682555,0.0,1868.422567,1030.1866086214782,2.1168539256599672e-05,0.0038969340022750225,178.1583537807262,1868.422567,1208.348880504746,1208.348880504746
input8000_rate2p5_reuse00_seed1,NEAREST_MIGRATE_KV,189,0.0,257.662414,0.0,1271.439303,0.0,1529.101717,1028.7876594896054,2.1168539256599672e-05,0.03692260335692825,175.8269106611742,1529.101717,1204.6515139226758,1204.6515139226758
input8000_rate2p5_reuse00_seed1,NEAREST_MIGRATE_KV,195,0.0,10.786191,0.0,1034.929875,0.0,1045.716066,1029.3407324022062,2.1168539256599672e-05,0.00032257836357297605,11.828962348196072,1045.716066,1041.170038497305,1041.170038497305
input8000_rate2p5_reuse00_seed1,NEAREST_MIGRATE_KV,184,0.0,13.710895,0.0,1012.643004,0.0,1026.353899,1023.5822673710097,2.1168539256599672e-05,0.0,4.507449087174123,1026.353899,1028.089737626723,1028.089737626723
input8000_rate2p5_reuse00_seed1,NEAREST_MIGRATE_KV,188,0.0,147.124636,0.0,1327.092287,6.219774000000143,1480.436697,1022.1182508376546,2.1168539256599672e-05,1337.4362876676503,182.55402360390386,1474.216923,2542.108583277748,2548.328357277748
input8000_rate2p5_reuse00_seed1,NEAREST_MIGRATE_KV,206,1612.306961,25.732664,0.0,1024.220211,2.2820399999998244,2664.541876,1025.7620253206717,2.1168539256599672e-05,2629.572561390326,15.536956493471791,2662.259836,3670.8715643730084,3673.1536043730084
input8000_rate2p5_reuse00_seed1,NEAREST_MIGRATE_KV,232,4477.03805,25.980376,0.0,1042.6116,0.0,5536.629253,1029.9914064170307,2.1168539256599672e-05,1866.4254521550358,8.809907047728856,5545.630026000001,2905.2267867883347,2905.2267867883347
input8000_rate2p5_reuse00_seed1,NEAREST_MIGRATE_KV,216,10813.252048,25.880952,0.0,1037.180728,0.0,11872.984739,1028.5273898836756,2.1168539256599672e-05,4998.7266409142,21.277276001605173,11876.313728,6048.53132796802,6048.53132796802
input8000_rate2p5_reuse00_seed1,NEAREST_MIGRATE_KV,204,11853.91648,26.135928,0.0,1056.478874,0.0,12934.660062,1024.5582783932464,2.1168539256599672e-05,5823.94753786256,15.727811369851281,12936.531282,6864.2336487941975,6864.2336487941975
input8000_rate2p5_reuse00_seed1,NEAREST_MIGRATE_KV,224,4877.567137,26.041336,0.0,1050.65249,4.781278000000157,5959.042241,1023.6148010717509,2.1168539256599672e-05,2097.910346934141,7.289435607135218,5954.260963000001,3128.8146047815662,3133.5958827815666
input8000_rate2p5_reuse00_seed1,NEAREST_MIGRATE_KV,227,13488.510671,25.881208,0.0,1036.478795,2.990728000000445,14553.861402,1028.4297887814519,2.1168539256599672e-05,4410.270258990396,24.386480145736144,14550.870674000002,5463.086549086122,5466.077277086123
input8000_rate2p5_reuse00_seed1,NEAREST_MIGRATE_KV,257,7468.650992,25.802104,0.0,1030.270031,0.0,8522.232905,1028.8852605918291,2.1168539256599672e-05,2376.7682170555818,8.54615179782995,8524.723127000001,3414.1996506137802,3414.1996506137802
input8000_rate2p5_reuse00_seed1,NEAREST_MIGRATE_KV,245,3829.283885,25.789336,0.0,1032.145526,3.52250499999991,4890.741252,1022.0531834361722,2.1168539256599672e-05,2638.969106744911,10.784837954956117,4887.218747,3671.8071493045786,3675.3296543045785
input8000_rate2p5_reuse00_seed1,NEAREST_MIGRATE_KV,279,880.524942,25.76396,0.0,1028.695796,0.0,1928.607939,1030.0239401177719,2.1168539256599672e-05,2542.846714016695,4.949901854459455,1934.984698,3577.8205771574653,3577.8205771574653
input8000_rate2p5_reuse00_seed1,NEAREST_MIGRATE_KV,274,9771.38051,26.067672,0.0,1050.350495,3.832228999999643,10851.630906,1029.1129964970178,2.1168539256599672e-05,4890.812871485611,20.681625099466103,10847.798677,5940.607514250634,5944.439743250634
input8000_rate2p5_reuse00_seed1,NEAREST_MIGRATE_KV,15,0.0,13.519233,0.0,993.504945,0.0,1007.024178,1027.9092495695922,2.1168539256599672e-05,0.0,8.71340301218639,1007.024178,1036.622673750318,1036.622673750318
input8000_rate2p5_reuse00_seed1,NEAREST_MIGRATE_KV,20,0.0,833.91747,0.0,1232.032949,0.0,2065.950419,1027.714047365145,2.1168539256599672e-05,0.0,214.02593870277605,2065.950419,1241.7400072364603,1241.7400072364603
input8000_rate2p5_reuse00_seed1,NEAREST_MIGRATE_KV,17,0.0,518.077493,0.0,1283.148079,0.0,1801.225572,1027.4537777592152,2.1168539256599672e-05,0.0,174.98155462519907,1801.225572,1202.4353535529535,1202.4353535529535
input8000_rate2p5_reuse00_seed1,NEAREST_MIGRATE_KV,2,0.0,0.227588,0.0,936.703457,1.1368683772161603e-13,936.931045,1021.7278464287599,2.1168539256599672e-05,0.0,0.0,936.9310449999999,1021.7278675972991,1021.7278675972992
input8000_rate2p5_reuse00_seed1,NEAREST_MIGRATE_KV,8,0.0,17.301112,0.0,966.317532,0.0,983.618644,1023.3219977650799,2.1168539256599672e-05,0.0,3.058274522068828,983.618644,1026.380293455688,1026.380293455688
input8000_rate2p5_reuse00_seed1,NEAREST_MIGRATE_KV,52,0.0,1.555912,0.0,1017.281474,0.0,1018.837386,1023.191862962115,2.1168539256599672e-05,0.00014690792083798276,6.495030758432854,1018.837386,1029.687061797008,1029.687061797008
input8000_rate2p5_reuse00_seed1,NEAREST_MIGRATE_KV,45,0.0,19.451487,0.0,1008.307972,1.1368683772161603e-13,1027.759459,1022.1182508376546,2.1168539256599672e-05,5.315596812588937e-06,1.6777130621117777,1027.7594589999999,1023.7959903839024,1023.7959903839026
input8000_rate2p5_reuse00_seed1,NEAREST_MIGRATE_KV,63,0.0,12.438053,0.0,977.276753,0.0,989.714806,1029.5359346066534,2.1168539256599672e-05,0.0,1.3657529784460394,989.714806,1030.9017087536388,1030.9017087536388
input8000_rate2p5_reuse00_seed1,NEAREST_MIGRATE_KV,78,0.0,2.772777,0.0,997.836942,0.0,1000.609719,1027.58391256218,2.1168539256599672e-05,0.0,1.59385979060076,1000.609719,1029.1777935213202,1029.1777935213202
input8000_rate2p5_reuse00_seed1,NEAREST_MIGRATE_KV,102,0.0,13.464953,0.0,1047.044997,0.0,1060.50995,1028.0719180732985,2.1168539256599672e-05,0.00042034067219328574,11.526419561547343,1060.50995,1039.5987791440573,1039.5987791440573
input8000_rate2p5_reuse00_seed1,NEAREST_MIGRATE_KV,99,0.0,23.342066,0.0,1022.468232,1.1368683772161603e-13,1045.810298,1027.2911092555091,2.1168539256599672e-05,1.1448860398559502e-06,6.778919431375982,1045.8102979999999,1034.0700510003105,1034.0700510003107
input8000_rate2p5_reuse00_seed1,NEAREST_MIGRATE_KV,90,0.0,18.72629,0.0,1008.310795,0.0,1027.037085,1022.1182508376546,2.1168539256599672e-05,1.7251458571700707e-07,0.9841558089590023,1027.037085,1023.1024279876675,1023.1024279876675
input8000_rate2p5_reuse00_seed1,NEAREST_MIGRATE_KV,122,0.0,401.425629,0.0,1300.925901,0.0,1702.35153,1027.5188451606978,2.1168539256599672e-05,5.423181114028241e-06,168.5241285077252,1702.3515300000001,1196.0430002601433,1196.0430002601433
input8000_rate2p5_reuse00_seed1,NEAREST_MIGRATE_KV,121,0.0,7.166881,0.0,1021.07996,0.0,1028.246841,1026.8681711458732,2.1168539256599672e-05,2.966642938844548e-08,2.1167518820542597,1028.2468410000001,1028.9849442261332,1028.9849442261332
input8000_rate2p5_reuse00_seed1,NEAREST_MIGRATE_KV,130,0.0,10.732142,0.0,1025.287892,0.0,1036.020034,1027.9092495695922,2.1168539256599672e-05,0.008550937232039318,10.794074771644723,1036.0200340000001,1038.7118964470083,1038.7118964470083
input8000_rate2p5_reuse00_seed1,NEAREST_MIGRATE_KV,137,0.0,18.284652,0.0,1025.322889,3.6950509999999213,1047.302592,1022.0857171369134,2.1168539256599672e-05,169.32454920994684,15.179969592539472,1043.607541,1206.5902571079391,1210.285308107939
input8000_rate2p5_reuse00_seed1,NEAREST_MIGRATE_KV,140,0.0,16.144222,0.0,1026.97794,0.0,1043.122162,1022.6387900495142,2.1168539256599672e-05,1.5041722289915935,7.056710386636183,1043.122162,1031.1996938336813,1031.1996938336813
input8000_rate2p5_reuse00_seed1,NEAREST_MIGRATE_KV,183,0.0,15.014512,0.0,1045.94273,0.0,1060.957242,1028.5273898836756,2.1168539256599672e-05,4.310668377336636,8.460819216980312,1060.957242,1041.2988986465318,1041.2988986465318
input8000_rate2p5_reuse00_seed1,NEAREST_MIGRATE_KV,191,0.0,2.28422,0.0,1037.101026,1.199087999999847,1040.584334,1028.5273898836756,2.1168539256599672e-05,195.86680532394504,24.409752667786037,1039.385246,1248.803969043946,1250.0030570439458
input8000_rate2p5_reuse00_seed1,NEAREST_MIGRATE_KV,168,0.0,7.13134,0.0,1030.305054,2.2166720000002442,1039.653066,1022.0857171369134,2.1168539256599672e-05,325.53592958343694,13.751126304948187,1037.4363939999998,1361.3727941938378,1363.589466193838
input8000_rate2p5_reuse00_seed1,NEAREST_MIGRATE_KV,198,0.0,6.923792,0.0,1029.805251,1.1821439999998802,1037.911187,1027.1935081532854,2.1168539256599672e-05,206.77557039304747,19.530374912665238,1036.729043,1253.4994746275374,1254.6816186275373
input8000_rate2p5_reuse00_seed1,NEAREST_MIGRATE_KV,177,0.0,14.722505,0.0,1044.254081,0.0,1058.976586,1021.9881160346897,2.1168539256599672e-05,0.00030452136638877504,2.340240285864688,1058.976586,1024.32868201046,1024.32868201046
input8000_rate2p5_reuse00_seed1,NEAREST_MIGRATE_KV,211,1262.085983,25.950136,0.0,1043.087863,0.0,2324.501755,1029.308198701465,2.1168539256599672e-05,2490.3577753749337,8.64699939337953,2331.123982,3528.312994638318,3528.312994638318
input8000_rate2p5_reuse00_seed1,NEAREST_MIGRATE_KV,200,0.0,0.927572,0.0,1026.479616,2.0452499999998963,1029.452438,1022.3134530421019,2.1168539256599672e-05,375.6460507463938,26.7958314645616,1027.4071880000001,1424.7553564215966,1426.8006064215965
input8000_rate2p5_reuse00_seed1,NEAREST_MIGRATE_KV,214,1017.904669,25.801176,0.0,1030.234449,2.451771000000008,2076.392065,1022.0206497354309,2.1168539256599672e-05,2506.314381981666,6.909317746986801,2073.940294,3535.244370632623,3537.696141632623
input8000_rate2p5_reuse00_seed1,NEAREST_MIGRATE_KV,213,9528.41034,26.094168,0.0,1053.434249,0.0,10604.086478,1028.2996539784872,2.1168539256599672e-05,4029.9391136889785,20.48768741571692,10607.938757,5078.7264762517225,5078.7264762517225
input8000_rate2p5_reuse00_seed1,NEAREST_MIGRATE_KV,234,9278.910939,25.930392,0.0,1039.700027,1.9635410000000775,10346.504899,1029.3407324022062,2.1168539256599672e-05,2393.6114149498635,21.47121368535437,10344.541358,3444.423382205963,3446.3869232059633
input8000_rate2p5_reuse00_seed1,NEAREST_MIGRATE_KV,255,5186.099639,25.813656,0.0,1031.95466,1.7302530000001752,6245.598208,1029.601002008136,2.1168539256599672e-05,2669.7200785433747,8.71681695952924,6243.867955000001,3708.037918679579,3709.768171679579
input8000_rate2p5_reuse00_seed1,NEAREST_MIGRATE_KV,237,3873.55927,26.029496,0.0,1047.719812,0.08132899999941401,4947.389907,1022.0531834361722,2.1168539256599672e-05,2680.542652114663,6.9170752543367655,4947.308578,3709.512931973711,3709.5942609737103
input8000_rate2p5_reuse00_seed1,NEAREST_MIGRATE_KV,250,3290.564075,25.989976,0.0,1047.331428,12.482584000000088,4376.368063,1022.1182508376546,2.1168539256599672e-05,2739.572221278629,6.932590269036709,4363.885479,3768.6230835538595,3781.1056675538593
input8000_rate2p5_reuse00_seed1,NEAREST_MIGRATE_KV,243,12758.727612,25.908312,0.0,1035.482929,1.301951999999119,13821.420805,1025.4041546125181,2.1168539256599672e-05,4892.8060599620085,19.79726926156981,13820.118853,5938.007505004635,5939.309457004634
input8000_rate2p5_reuse00_seed1,NEAREST_MIGRATE_KV,283,0.0,17.229972,0.0,1032.750124,1.513114000000087,1051.49321,1022.1507845383958,2.1168539256599672e-05,176.72915922623682,19.021518526573047,1049.980096,1217.901483459745,1219.414597459745
input8000_rate2p5_reuse00_seed1,NEAREST_MIGRATE_KV,288,5955.745712,25.935064,0.0,1039.742393,0.0,7020.411799,1029.9263390155484,2.1168539256599672e-05,2735.6452612605253,24.74332548383464,7021.423169,3790.3149469284476,3790.3149469284476
input8000_rate2p5_reuse00_seed1,NEAREST_MIGRATE_KV,295,1294.582054,25.956408,0.0,1044.519917,1.8542830000001231,2366.912662,1024.5582783932464,2.1168539256599672e-05,3190.282573077851,3.6466406196649075,2365.058379,4218.4875132593015,4220.341796259301
input8000_rate2p5_reuse00_seed1,NEAREST_MIGRATE_KV,289,9526.395888,26.005592,0.0,1045.309317,0.0,10597.407029,1028.169519175522,2.1168539256599672e-05,5146.557287167781,16.58889468569768,10597.710796999998,6191.31572219754,6191.31572219754
input8000_rate2p5_reuse00_seed1,NEAREST_MIGRATE_KV,292,10322.613175,25.923448,0.0,1037.954734,4.112155999999686,11390.603513,1027.2260418540268,2.1168539256599672e-05,5527.460978874329,20.96697570760648,11386.491356999999,6575.654017604502,6579.766173604501
input8000_rate2p5_reuse00_seed1,NEAREST_MIGRATE_KV,294,12809.070304,25.920568,0.0,1041.174924,0.9852660000001379,13877.151062,1029.601002008136,2.1168539256599672e-05,6031.127956309953,28.53351311095433,13876.165796000001,7089.262492597582,7090.247758597583
input8000_rate2p5_reuse00_seed1,NEAREST_MIGRATE_KV,1,0.0,1.748542,0.0,936.703457,0.0,938.451999,1030.2191423222193,2.1168539256599672e-05,0.0,0.14154612648981413,938.451999,1030.3607096172484,1030.3607096172484
input8000_rate2p5_reuse00_seed1,NEAREST_MIGRATE_KV,11,0.0,13.004385,0.0,966.570396,1.1368683772161603e-13,979.574781,1028.4297887814519,2.1168539256599672e-05,0.0,4.276203176013709,979.5747809999999,1032.7060131260048,1032.706013126005
input8000_rate2p5_reuse00_seed1,NEAREST_MIGRATE_KV,30,0.0,13.310896,0.0,985.480609,1.1368683772161603e-13,998.791505,1028.0719180732985,2.1168539256599672e-05,0.0,0.32310789454470523,998.7915049999999,1028.3950471363826,1028.3950471363828
input8000_rate2p5_reuse00_seed1,NEAREST_MIGRATE_KV,31,0.0,496.065768,0.0,1231.242425,2.2737367544323206e-13,1727.308193,1022.899059655444,2.1168539256599672e-05,0.0,165.5286860604324,1727.3081929999998,1188.4277668844156,1188.4277668844159
input8000_rate2p5_reuse00_seed1,NEAREST_MIGRATE_KV,48,0.0,11.493985,0.0,977.281809,1.1368683772161603e-13,988.775794,1027.9092495695922,2.1168539256599672e-05,0.0,0.9778776109476723,988.7757939999999,1028.887148349079,1028.8871483490793
input8000_rate2p5_reuse00_seed1,NEAREST_MIGRATE_KV,59,0.0,553.169687,0.0,1264.785055,0.0,1817.954742,1029.8287379133246,2.1168539256599672e-05,0.015790503861759408,176.81043693081165,1817.954742,1206.6549865165373,1206.6549865165373
input8000_rate2p5_reuse00_seed1,NEAREST_MIGRATE_KV,56,0.0,20.100485,0.0,986.707607,0.0,1006.808092,1023.6148010717509,2.1168539256599672e-05,0.0,4.515206594524088,1006.8080920000001,1028.1300288348143,1028.1300288348143
input8000_rate2p5_reuse00_seed1,NEAREST_MIGRATE_KV,58,0.0,6.503803,0.0,1008.801191,0.0,1015.304994,1022.3134530421019,2.1168539256599672e-05,0.0,8.766226254297528,1015.304994,1031.0797004649387,1031.0797004649387
input8000_rate2p5_reuse00_seed1,NEAREST_MIGRATE_KV,83,0.0,22.330817,0.0,1014.58418,1.1368683772161603e-13,1036.914997,1027.9743169710748,2.1168539256599672e-05,6.179840056303448e-06,3.0740643851059346,1036.9149969999999,1031.04840870456,1031.0484087045602
input8000_rate2p5_reuse00_seed1,NEAREST_MIGRATE_KV,97,0.0,14.140503,0.0,1031.627373,0.0,1045.767876,1030.3818108259254,2.1168539256599672e-05,1.8277379200360804e-06,7.515882629622901,1045.7678760000001,1037.8977164518255,1037.8977164518255
input8000_rate2p5_reuse00_seed1,NEAREST_MIGRATE_KV,86,0.0,9.78541,0.0,1033.749171,0.0,1043.534581,1024.070272882128,2.1168539256599672e-05,1.0438921129846663e-05,6.010926203729198,1043.534581,1030.0812306933176,1030.0812306933176
input8000_rate2p5_reuse00_seed1,NEAREST_MIGRATE_KV,107,0.0,1.563043,0.0,1032.424187,0.0,1033.98723,1026.4777667369785,2.1168539256599672e-05,1.0422471199513565e-05,6.584981747626799,1033.9872300000002,1033.0627800756158,1033.0627800756158
input8000_rate2p5_reuse00_seed1,NEAREST_MIGRATE_KV,149,0.0,230.673926,0.0,996.647839,0.0,1227.321765,1029.9588727162895,2.1168539256599672e-05,0.0,156.38657546377252,1227.321765,1186.3454693486012,1186.3454693486012
input8000_rate2p5_reuse00_seed1,NEAREST_MIGRATE_KV,145,0.0,0.616838,0.0,985.48126,0.0,986.098098,1029.3407324022062,2.1168539256599672e-05,0.0,1.3192079343462382,986.098098,1030.6599615050916,1030.6599615050916
input8000_rate2p5_reuse00_seed1,NEAREST_MIGRATE_KV,136,0.0,11.320748,0.0,991.588664,6.194635000000062,1009.104047,1022.8339922539615,2.1168539256599672e-05,335.1263386741331,11.848877214539101,1002.909412,1369.8092293111729,1376.003864311173
input8000_rate2p5_reuse00_seed1,NEAREST_MIGRATE_KV,154,0.0,5.968252,0.0,1016.402747,0.0,1022.370999,1023.0291944584088,2.1168539256599672e-05,0.0,8.936891415996818,1022.370999,1031.966107042945,1031.966107042945
input8000_rate2p5_reuse00_seed1,NEAREST_MIGRATE_KV,170,0.0,5.440444,0.0,1017.808189,1.1368683772161603e-13,1023.248633,1029.3732661029476,2.1168539256599672e-05,0.0,2.7140799480017606,1023.2486329999999,1032.0873672194887,1032.087367219489
input8000_rate2p5_reuse00_seed1,NEAREST_MIGRATE_KV,185,0.0,25.384794,0.0,1044.618001,11.206106999999975,1081.208902,1028.3647213799695,2.1168539256599672e-05,328.67013006668725,24.3709651310362,1070.002795,1381.4058377462322,1392.6119447462322
input8000_rate2p5_reuse00_seed1,NEAREST_MIGRATE_KV,175,0.0,15.559223,0.0,1038.396985,0.0,1053.956208,1025.5017557147419,2.1168539256599672e-05,8.942274397655263e-06,6.352256527127771,1053.956208,1031.8540423526833,1031.8540423526833
input8000_rate2p5_reuse00_seed1,NEAREST_MIGRATE_KV,178,0.0,644.021638,0.0,1293.923957,1.2711519999998018,1939.216747,1023.0291944584088,2.1168539256599672e-05,180.92172192670208,183.29853204432942,1937.9455950000001,1387.2494695979797,1388.5206215979795
input8000_rate2p5_reuse00_seed1,NEAREST_MIGRATE_KV,208,0.0,20.590483,0.0,1040.379515,0.0,1060.969998,1027.7791147666276,2.1168539256599672e-05,0.38919009262069293,11.456601995397634,1060.969998,1039.6249280231852,1039.6249280231852
input8000_rate2p5_reuse00_seed1,NEAREST_MIGRATE_KV,242,0.0,593.834777,0.0,1300.095488,0.0,1893.930265,1029.308198701465,2.1168539256599672e-05,0.28083254667739,173.44984624712527,1893.930265,1203.038898663807,1203.038898663807
input8000_rate2p5_reuse00_seed1,NEAREST_MIGRATE_KV,240,0.0,6.761356,0.0,1046.516511,0.0,1053.277867,1028.2020528762635,2.1168539256599672e-05,0.008324881318611305,6.996129637175073,1053.277867,1035.2065285632964,1035.2065285632964
input8000_rate2p5_reuse00_seed1,NEAREST_MIGRATE_KV,228,0.0,16.317359,0.0,1036.583395,0.0,1052.900754,1024.8836154006585,2.1168539256599672e-05,0.011256785414947169,2.337101186859023,1052.900754,1027.2319945414717,1027.2319945414717
input8000_rate2p5_reuse00_seed1,NEAREST_MIGRATE_KV,225,0.0,11.207499,0.0,1008.122591,6.873991000000046,1026.204081,1021.9555823339485,2.1168539256599672e-05,379.3960150681555,13.026539022395546,1019.33009,1414.3781575930388,1421.2521485930388
input8000_rate2p5_reuse00_seed1,NEAREST_MIGRATE_KV,266,0.0,446.071187,0.0,1305.195635,2.7256139999999505,1753.992436,1029.43833350443,2.1168539256599672e-05,215.1141020683306,181.59029042618613,1751.266822,1426.1427471674858,1428.8683611674858
input8000_rate2p5_reuse00_seed1,NEAREST_MIGRATE_KV,252,0.0,14.382144,0.0,1026.027604,1.3288609999999608,1041.738609,1021.1747735161591,2.1168539256599672e-05,408.2402240741729,18.09523605292125,1040.409748,1447.5102548117925,1448.8391158117925
input8000_rate2p5_reuse00_seed1,NEAREST_MIGRATE_KV,263,0.0,1.762695,0.0,1050.078833,0.0,1051.841528,1025.1764187073295,2.1168539256599672e-05,0.3835515945328033,3.1004760061615073,1051.841528,1028.660467476563,1028.660467476563
input8000_rate2p5_reuse00_seed1,NEAREST_MIGRATE_KV,284,0.0,21.401858,0.0,1050.34917,0.0,1071.751028,1030.1866086214782,2.1168539256599672e-05,3.4255900654224214,4.988689391209292,1071.751028,1038.600909246649,1038.600909246649
input8000_rate2p5_reuse50_seed1,NEAREST_KV,7,0.0,159.264103,0.0,516.688223,0.0,675.952326,473.1251221730351,0.0,0.0002937612583553854,242.5962464818743,675.952326,715.7216624161678,715.7216624161678
input8000_rate2p5_reuse50_seed1,NEAREST_KV,5,0.0,0.006882,0.0,503.866806,0.0,503.873688,473.0151662844103,0.0,7.709674626880961e-05,8.960364746668908,503.873688,481.9756081278255,481.9756081278255
input8000_rate2p5_reuse50_seed1,NEAREST_KV,39,0.0,12.258403,0.0,528.554537,0.0,540.81294,479.4200967968026,0.0,1.2796740742672838e-06,13.202567958829661,540.81294,492.62266603530634,492.62266603530634
input8000_rate2p5_reuse50_seed1,NEAREST_KV,35,0.0,2.193052,0.0,524.673272,0.0,526.866324,475.48917377846743,0.0,7.504547413053848e-08,8.035615891550968,526.866324,483.52478974506386,483.52478974506386
input8000_rate2p5_reuse50_seed1,NEAREST_KV,71,0.0,0.022246,0.0,503.866806,0.0,503.889052,479.14520707524076,0.0,0.0,9.822228020720694,503.889052,488.96743509596143,488.96743509596143
input8000_rate2p5_reuse50_seed1,NEAREST_KV,74,0.0,16.516332,0.0,516.717567,0.0,533.233899,478.7603614650541,0.0,0.0,14.382397424205017,533.2338990000001,493.1427588892591,493.1427588892591
input8000_rate2p5_reuse50_seed1,NEAREST_KV,105,0.0,32.044334,0.0,817.758589,0.0,849.802923,478.43049379917977,0.0,6.220207297870976e-08,252.4184902460508,849.8029230000001,730.8489841074327,730.8489841074327
input8000_rate2p5_reuse50_seed1,NEAREST_KV,109,0.0,9.299104,0.0,530.222246,0.0,539.52135,478.1281151054617,0.0,1.8028031306351405e-07,18.907783108108795,539.52135,497.0358983938508,497.0358983938508
input8000_rate2p5_reuse50_seed1,NEAREST_KV,104,0.0,1.068577,0.0,558.173757,0.0,559.242334,475.9839752772789,0.0,0.0,8.741476356173912,559.242334,484.7254516334528,484.7254516334528
input8000_rate2p5_reuse50_seed1,NEAREST_KV,114,0.0,0.470551,0.0,531.38824,0.0,531.858791,476.83613341412075,0.0,7.597047492311625e-07,18.415407099075082,531.858791,495.25154127290057,495.25154127290057
input8000_rate2p5_reuse50_seed1,NEAREST_KV,144,0.0,6.251195,0.0,568.10775,0.0,574.358945,478.29304893839884,0.0,0.0,7.793538354668961,574.3589450000001,486.0865872930678,486.0865872930678
input8000_rate2p5_reuse50_seed1,NEAREST_KV,155,0.0,15.442794,0.0,529.650714,0.0,545.093508,476.25886499884075,0.0,0.0,18.644972782388983,545.093508,494.90383778122975,494.90383778122975
input8000_rate2p5_reuse50_seed1,NEAREST_KV,146,0.0,65.68865,0.0,837.259034,0.0,902.947684,473.1251221730351,0.0,0.002283371356323016,250.195510458326,902.947684,723.3229160027174,723.3229160027174
input8000_rate2p5_reuse50_seed1,NEAREST_KV,171,0.0,9.626501,0.0,570.099283,0.0,579.725784,480.1073211007074,0.0,3.9319385881380674e-06,7.737891269257865,579.725784,487.84521630190386,487.84521630190386
input8000_rate2p5_reuse50_seed1,NEAREST_KV,169,0.0,19.896115,0.0,534.435623,0.0,554.331738,473.20758908950364,0.0,0.0,12.329110111584356,554.331738,485.536699201088,485.536699201088
input8000_rate2p5_reuse50_seed1,NEAREST_KV,173,0.0,106.21387,0.0,840.289669,0.0,946.503539,473.1801001173475,0.0,0.3371171879856838,249.79027438077745,946.503539,723.3074916861106,723.3074916861106
input8000_rate2p5_reuse50_seed1,NEAREST_KV,215,0.0,9.77778,0.0,530.023953,0.0,539.801733,473.1251221730351,0.0,0.0,7.7032381266700085,539.801733,480.8283602997051,480.8283602997051
input8000_rate2p5_reuse50_seed1,NEAREST_KV,238,0.0,16.240201,0.0,560.939678,1.1368683772161603e-13,577.179879,478.0181592168369,0.0,0.0,9.027475828280792,577.1798789999999,487.0456350451177,487.0456350451178
input8000_rate2p5_reuse50_seed1,NEAREST_KV,239,0.0,252.264338,0.0,825.710766,1.1368683772161603e-13,1077.975104,473.15261114519126,0.0,0.0,251.67643756166538,1077.975104,724.8290487068566,724.8290487068567
input8000_rate2p5_reuse50_seed1,NEAREST_KV,253,0.0,20.038342,0.0,535.944198,0.0,555.98254,473.20758908950364,0.0,0.0,17.579680548766916,555.98254,490.7872696382706,490.7872696382706
input8000_rate2p5_reuse50_seed1,NEAREST_KV,270,0.0,10.974849,0.0,538.8944,0.0,549.869249,477.6333136066503,0.0,0.0,7.700781769120788,549.869249,485.3340953757711,485.3340953757711
input8000_rate2p5_reuse50_seed1,NEAREST_KV,272,0.0,11.393444,0.0,539.157007,0.0,550.550451,478.04564818899314,0.0,1.294821527517663e-06,12.373032046809179,550.5504510000001,490.41868153062387,490.41868153062387
input8000_rate2p5_reuse50_seed1,NEAREST_KV,275,0.0,212.637792,0.0,542.866648,0.0,755.50444,478.0181592168369,0.0,0.00010517247941167979,246.398541882728,755.50444,724.4168062720444,724.4168062720444
input8000_rate2p5_reuse50_seed1,NEAREST_KV,296,0.0,13.904305,0.0,540.422481,0.0,554.326786,477.8532253838998,0.0,3.061572765539891e-06,7.095407605508406,554.326786,484.948636050981,484.948636050981
input8000_rate2p5_reuse50_seed1,NEAREST_KV,14,0.0,0.032465,0.0,503.866806,0.0,503.899271,479.72247549052076,0.0,1.216468903006428e-06,9.903390033075361,503.899271,489.625866740065,489.625866740065
input8000_rate2p5_reuse50_seed1,NEAREST_KV,18,0.0,147.04365,0.0,516.688223,0.0,663.731873,478.2655599662427,0.0,2.8920682842298483e-06,243.31897487760384,663.731873,721.5845377359149,721.5845377359149
input8000_rate2p5_reuse50_seed1,NEAREST_KV,33,0.0,0.463122,0.0,523.978392,0.0,524.441514,479.9148982956141,0.0,1.8162112023407633e-07,8.657857986269981,524.441514,488.5727564635052,488.5727564635052
input8000_rate2p5_reuse50_seed1,NEAREST_KV,50,0.0,205.832168,0.0,527.083401,0.0,732.915569,479.5575416575836,0.0,2.503286181774017e-06,247.68308377191266,732.915569,727.2406279327824,727.2406279327824
input8000_rate2p5_reuse50_seed1,NEAREST_KV,41,0.0,8.192384,0.0,516.844799,1.1368683772161603e-13,525.037183,477.2759569686198,0.0,0.0,14.173695106721631,525.0371829999999,491.4496520753415,491.4496520753416
input8000_rate2p5_reuse50_seed1,NEAREST_KV,49,0.0,12.961453,0.0,523.02604,0.0,535.987493,473.5099677832217,0.0,0.0,13.007916572088995,535.987493,486.51788435531074,486.51788435531074
input8000_rate2p5_reuse50_seed1,NEAREST_KV,73,0.0,8.118078,0.0,528.614249,1.1368683772161603e-13,536.732327,474.8294384467189,0.0,8.153930867384907e-07,7.306566280541041,536.7323269999999,482.13600554265304,482.13600554265315
input8000_rate2p5_reuse50_seed1,NEAREST_KV,76,0.0,8.54212,0.0,531.301677,0.0,539.843797,473.15261114519126,0.0,2.813900414279783e-05,11.68508737066022,539.843797,484.8377266548556,484.8377266548556
input8000_rate2p5_reuse50_seed1,NEAREST_KV,88,0.0,21.297453,0.0,570.80097,0.0,592.098423,478.6504055764293,0.0,4.616119199645308e-06,241.77091810148193,592.098423,720.4213282940304,720.4213282940304
input8000_rate2p5_reuse50_seed1,NEAREST_KV,87,0.0,4.508297,0.0,535.588117,0.0,540.096414,473.1801001173475,0.0,0.0,7.074674816670601,540.096414,480.2547749340181,480.2547749340181
input8000_rate2p5_reuse50_seed1,NEAREST_KV,89,0.0,221.671189,0.0,841.479794,0.0,1063.150983,473.0701442287227,0.0,0.00018567730867131703,249.77481494985275,1063.150983,722.8451448558842,722.8451448558842
input8000_rate2p5_reuse50_seed1,NEAREST_KV,126,0.0,13.889638,0.0,546.168448,0.0,560.058086,478.87031735367884,0.0,6.184573693259503e-05,6.6021143161000495,560.058086,485.47249351551585,485.47249351551585
input8000_rate2p5_reuse50_seed1,NEAREST_KV,113,0.0,2.332262,0.0,543.488724,0.0,545.820986,473.15261114519126,0.0,0.00017291295159590182,5.7982239080158635,545.8209860000001,478.9510079661587,478.9510079661587
input8000_rate2p5_reuse50_seed1,NEAREST_KV,132,0.0,21.4676,0.0,546.100572,0.0,567.568172,479.36511885249024,0.0,0.00010263738594054992,11.922252192443743,567.568172,491.2874736823199,491.2874736823199
input8000_rate2p5_reuse50_seed1,NEAREST_KV,141,0.0,15.675753,0.0,545.283349,0.0,560.959102,478.7328724928979,0.0,0.00018975839749660247,11.833360464626743,560.959102,490.56642271592216,490.56642271592216
input8000_rate2p5_reuse50_seed1,NEAREST_KV,156,0.0,22.95271,0.0,542.378506,0.0,565.331216,479.475074741115,0.0,0.00012012135398452385,17.188282060551003,565.331216,496.66347692301997,496.66347692301997
input8000_rate2p5_reuse50_seed1,NEAREST_KV,150,0.0,22.471771,0.0,549.11876,1.1368683772161603e-13,571.590531,473.8123464769398,0.0,0.0021077879521107117,10.505257905284829,571.5905309999999,484.31971217017673,484.31971217017684
input8000_rate2p5_reuse50_seed1,NEAREST_KV,174,0.0,7.433228,0.0,547.464142,0.0,554.89737,479.0077622144598,0.0,0.002726728935028232,11.235716016476708,554.89737,490.24620495987153,490.24620495987153
input8000_rate2p5_reuse50_seed1,NEAREST_KV,181,0.0,102.484637,0.0,852.691506,0.0,955.176143,479.5300526854274,0.0,0.045208953486632134,259.3815698156423,955.176143,738.9568314545563,738.9568314545563
input8000_rate2p5_reuse50_seed1,NEAREST_KV,190,0.0,23.762596,0.0,552.846285,0.0,576.608881,479.77745343483315,0.0,0.039894471519002016,21.208779881852934,576.608881,501.0261277882051,501.0261277882051
input8000_rate2p5_reuse50_seed1,NEAREST_KV,166,0.0,13.696082,0.0,547.913791,0.0,561.609873,474.5820376973132,0.0,0.0022196268219316292,10.61347392175771,561.609873,485.19773124589284,485.19773124589284
input8000_rate2p5_reuse50_seed1,NEAREST_KV,180,0.0,22.84894,0.0,579.683746,0.0,602.532686,473.1251221730351,0.0,0.0015070559910924282,15.65920689918805,602.532686,488.7858361282142,488.7858361282142
input8000_rate2p5_reuse50_seed1,NEAREST_KV,223,0.0,15.677255,0.0,540.146694,0.0,555.823949,479.1726960473969,0.0,6.474635218869738e-06,7.280920776604752,555.823949,486.4536232986369,486.4536232986369
input8000_rate2p5_reuse50_seed1,NEAREST_KV,210,0.0,11.821411,0.0,548.539099,0.0,560.36051,473.1801001173475,0.0,0.0022968097109623237,5.165795740285269,560.36051,478.3481926673437,478.3481926673437
input8000_rate2p5_reuse50_seed1,NEAREST_KV,231,0.0,2.920662,0.0,535.188341,0.0,538.109003,479.5300526854274,0.0,0.0,13.218027389754354,538.109003,492.74808007518175,492.74808007518175
input8000_rate2p5_reuse50_seed1,NEAREST_KV,233,0.0,14.684621,0.0,534.994161,0.0,549.678782,478.5954276321169,0.0,2.9607766087257816e-05,12.775894531225866,549.678782,491.3713517711089,491.3713517711089
input8000_rate2p5_reuse50_seed1,NEAREST_KV,246,0.0,12.58834,0.0,541.967421,0.0,554.555761,478.5129607156484,0.0,0.000214677231655512,17.053012039959917,554.555761,495.56618743283997,495.56618743283997
input8000_rate2p5_reuse50_seed1,NEAREST_KV,251,0.0,6.50543,0.0,539.345651,0.0,545.851081,477.8257364117436,0.0,0.0002329755418663221,12.031385489291203,545.851081,489.85735487657666,489.85735487657666
input8000_rate2p5_reuse50_seed1,NEAREST_KV,261,0.0,18.834599,0.0,546.170346,0.0,565.004945,479.0902291309284,0.0,0.006541572962924894,16.497881026852802,565.004945,495.5946517307441,495.5946517307441
input8000_rate2p5_reuse50_seed1,NEAREST_KV,299,0.0,0.033011,0.0,507.267433,5.684341886080802e-14,507.300444,473.0426552565665,0.0,0.0,8.964229604400082,507.30044399999997,482.0068848609666,482.00688486096664
input8000_rate2p5_reuse50_seed1,NEAREST_KV,69,0.0,17.489092,0.0,516.755199,0.0,534.244291,479.88740932345786,0.0,0.0,14.54085659118315,534.244291,494.42826591464103,494.42826591464103
input8000_rate2p5_reuse50_seed1,NEAREST_KV,64,0.0,0.012131,0.0,503.866806,0.0,503.878937,475.51666275062365,0.0,0.0,9.312066800205734,503.878937,484.8287295508294,484.8287295508294
input8000_rate2p5_reuse50_seed1,NEAREST_KV,91,0.0,17.604939,0.0,524.3886,0.0,541.993539,479.612519601896,0.0,0.0,8.615344551227047,541.993539,488.22786415312305,488.22786415312305
input8000_rate2p5_reuse50_seed1,NEAREST_KV,103,0.0,10.449875,0.0,516.806655,0.0,527.25653,479.8324313791455,0.0,0.0,14.533126875720804,527.25653,494.3655582548663,494.3655582548663
input8000_rate2p5_reuse50_seed1,NEAREST_KV,106,0.0,10.219292,0.0,522.968152,0.0,533.187444,479.8049424069893,0.0,1.1729470274571129e-07,19.143539429710422,533.187444,498.9484819539944,498.9484819539944
input8000_rate2p5_reuse50_seed1,NEAREST_KV,116,0.0,3.461744,0.0,527.180905,0.0,530.642649,474.1971920871265,0.0,2.179795707762521e-08,17.71881542708917,530.642649,491.91600753601364,491.91600753601364
input8000_rate2p5_reuse50_seed1,NEAREST_KV,131,0.0,12.281274,0.0,530.813581,0.0,543.094855,478.0731371611493,0.0,2.048315400798467e-06,12.376896904540352,543.094855,490.45003611400506,490.45003611400506
input8000_rate2p5_reuse50_seed1,NEAREST_KV,125,0.0,18.634532,0.0,530.865869,0.0,549.500401,473.8123464769398,0.0,7.424948080068784e-07,11.777843956208393,549.500401,485.590191175643,485.590191175643
input8000_rate2p5_reuse50_seed1,NEAREST_KV,143,0.0,11.716174,0.0,534.167476,0.0,545.88365,480.189788017176,0.0,0.0,13.310783975302542,545.88365,493.5005719924785,493.5005719924785
input8000_rate2p5_reuse50_seed1,NEAREST_KV,151,0.0,10.915652,0.0,535.388169,0.0,546.303821,474.5270597530008,0.0,3.7688010092447955e-06,11.878330257218913,546.303821,486.4053937790207,486.4053937790207
input8000_rate2p5_reuse50_seed1,NEAREST_KV,157,0.0,1.788461,0.0,541.176628,0.0,542.965089,473.15261114519126,0.0,0.00013466585294807178,16.299364782380998,542.965089,489.45211059342523,489.45211059342523
input8000_rate2p5_reuse50_seed1,NEAREST_KV,192,0.0,15.396719,0.0,526.650826,0.0,542.047545,475.24177302906173,0.0,0.0,8.000832171970409,542.047545,483.2426052010321,483.2426052010321
input8000_rate2p5_reuse50_seed1,NEAREST_KV,212,0.0,2.461553,0.0,532.768977,1.1368683772161603e-13,535.23053,479.2826519360217,0.0,0.0,13.819536695635527,535.2305299999999,493.1021886316572,493.1021886316573
input8000_rate2p5_reuse50_seed1,NEAREST_KV,205,0.0,6.789412,0.0,526.080624,1.1368683772161603e-13,532.870036,473.20758908950364,0.0,0.0,12.965403137046088,532.8700359999999,486.17299222654975,486.17299222654987
input8000_rate2p5_reuse50_seed1,NEAREST_KV,219,0.0,7.827714,0.0,535.313911,0.0,543.141625,478.43049379917977,0.0,0.0,13.063433080507409,543.141625,491.4939268796872,491.4939268796872
input8000_rate2p5_reuse50_seed1,NEAREST_KV,244,0.0,15.121466,0.0,538.489038,0.0,553.610504,477.6882915509627,0.0,0.0,7.708511484583134,553.6105040000001,485.3968030355458,485.3968030355458
input8000_rate2p5_reuse50_seed1,NEAREST_KV,259,0.0,18.312893,0.0,526.649242,0.0,544.962135,473.20758908950364,0.0,0.0,12.965403137046088,544.962135,486.17299222654975,486.17299222654975
input8000_rate2p5_reuse50_seed1,NEAREST_KV,267,0.0,0.067398,0.0,532.549174,0.0,532.616572,475.10432816828074,0.0,0.0,13.232078320497102,532.616572,488.33640648877787,488.33640648877787
input8000_rate2p5_reuse50_seed1,NEAREST_KV,268,0.0,46.945539,0.0,533.779085,0.0,580.724624,473.2350780616598,0.0,0.0,246.79416649374267,580.724624,720.0292445554024,720.0292445554024
input8000_rate2p5_reuse50_seed1,NEAREST_KV,287,0.0,10.099855,0.0,536.426602,0.0,546.526457,476.20388705452837,0.0,1.7881891188414571e-06,7.189081471431159,546.526457,483.39297031414867,483.39297031414867
input8000_rate2p5_reuse50_seed1,NEAREST_KV,285,0.0,0.338689,0.0,535.99499,0.0,536.333679,473.3725229224408,0.0,0.0,7.1017288207888285,536.3336790000001,480.4742517432296,480.4742517432296
input8000_rate2p5_reuse50_seed1,NEAREST_KV,293,0.0,10.502666,0.0,541.648575,0.0,552.151241,473.1801001173475,0.0,9.220629716778448e-05,16.30322964011217,552.151241,489.4834219637568,489.4834219637568
input8000_rate2p5_reuse50_seed1,NEAREST_KV,10,0.0,14.275374,0.0,516.837375,1.1368683772161603e-13,531.112749,479.2276739917093,0.0,3.1983719162283824e-05,14.448100005634991,531.1127489999999,493.6758059810635,493.6758059810636
input8000_rate2p5_reuse50_seed1,NEAREST_KV,0,0.0,0.0,0.0,503.866806,0.0,503.866806,473.1251221730351,0.0,0.0006117476660804304,8.975824177593601,503.866806,482.1015580982948,482.1015580982948
input8000_rate2p5_reuse50_seed1,NEAREST_KV,13,0.0,9.881927,0.0,522.966424,0.0,532.848351,478.32053791055506,0.0,0.0007327989942382795,18.934837112227008,532.848351,497.2561078217763,497.2561078217763
input8000_rate2p5_reuse50_seed1,NEAREST_KV,16,0.0,226.169708,0.0,527.027977,0.0,753.197685,473.1251221730351,0.0,0.01675793148152162,252.02927750000052,753.197685,725.1711576045171,725.1711576045171
input8000_rate2p5_reuse50_seed1,NEAREST_KV,43,0.0,5.189193,0.0,558.432925,0.0,563.622118,479.475074741115,0.0,0.0,9.232313288033005,563.622118,488.70738802914804,488.70738802914804
input8000_rate2p5_reuse50_seed1,NEAREST_KV,44,0.0,99.662794,0.0,867.395206,0.0,967.058,478.9802732423036,0.0,0.0,252.4957874006743,967.058,731.4760606429779,731.4760606429779
input8000_rate2p5_reuse50_seed1,NEAREST_KV,53,0.0,1.433178,0.0,530.205389,0.0,531.638567,479.612519601896,0.0,0.0005001254305810565,23.094469811851233,531.638567,502.7074895391778,502.7074895391778
input8000_rate2p5_reuse50_seed1,NEAREST_KV,47,0.0,528.628281,0.0,810.841566,1.1368683772161603e-13,1339.469847,478.2105820219303,0.0,3.0213877101890405e-06,286.4392276762459,1339.4698469999998,764.6498127195639,764.649812719564
input8000_rate2p5_reuse50_seed1,NEAREST_KV,61,0.0,1.034742,0.0,535.565879,0.0,536.600621,479.69498651836454,0.0,4.538603371765108e-05,12.604923510679619,536.600621,492.2999554150779,492.2999554150779
input8000_rate2p5_reuse50_seed1,NEAREST_KV,77,0.0,7.486161,0.0,548.8175,0.0,556.303661,480.02485418423885,0.0,0.13284950913704097,10.742422727068359,556.303661,490.9001264204442,490.9001264204442
input8000_rate2p5_reuse50_seed1,NEAREST_KV,65,0.0,8.024173,0.0,539.457454,0.0,547.481627,474.22468105928266,0.0,0.004055871247696413,6.27451868932485,547.481627,480.5032556198552,480.5032556198552
input8000_rate2p5_reuse50_seed1,NEAREST_KV,67,0.0,18.708421,0.0,542.258473,0.0,560.966894,473.0426552565665,0.0,0.05617911592303793,15.64761232599453,560.966894,488.7464466984841,488.7464466984841
input8000_rate2p5_reuse50_seed1,NEAREST_KV,92,0.0,15.35706,0.0,537.1928,0.0,552.54986,478.4030048270236,0.0,0.00014883110873618297,7.172704760131886,552.5498600000001,485.5758584182642,485.5758584182642
input8000_rate2p5_reuse50_seed1,NEAREST_KV,100,0.0,2.825523,0.0,541.937983,0.0,544.763506,473.2350780616598,0.0,0.0004110805568131396,11.06038891839195,544.763506,484.2958780606086,484.2958780606086
input8000_rate2p5_reuse50_seed1,NEAREST_KV,118,0.0,5.206457,0.0,549.25052,0.0,554.456977,478.4030048270236,0.0,0.01987918768531203,10.514396120929106,554.456977,488.93728013563805,488.93728013563805
input8000_rate2p5_reuse50_seed1,NEAREST_KV,101,0.0,4.48548,0.0,544.377118,0.0,548.862598,473.1251221730351,0.0,0.06828244904875445,10.73420179179869,548.862598,483.92760641388253,483.92760641388253
input8000_rate2p5_reuse50_seed1,NEAREST_KV,127,0.0,7.650279,0.0,541.874743,1.1368683772161603e-13,549.525022,480.02485418423885,0.0,0.0004094214269298691,12.015008777991916,549.5250219999999,492.0402723836577,492.0402723836578
input8000_rate2p5_reuse50_seed1,NEAREST_KV,110,0.0,3.410669,0.0,545.771005,1.1368683772161603e-13,549.181674,473.15261114519126,0.0,0.05645022601913867,15.66307175691923,549.1816739999999,488.87213312812963,488.87213312812975
input8000_rate2p5_reuse50_seed1,NEAREST_KV,135,0.0,47.40156,0.0,855.526824,0.0,902.928384,475.46168480631127,0.0,59.15742075035486,253.55900043424603,902.928384,788.1781059909122,788.1781059909122
input8000_rate2p5_reuse50_seed1,NEAREST_KV,134,0.0,8.18832,0.0,581.179421,0.0,589.367741,473.15261114519126,0.0,0.001543642652826858,10.412501319736656,589.367741,483.56665610758074,483.56665610758074
input8000_rate2p5_reuse50_seed1,NEAREST_KV,148,5570.587318,26.100952,0.0,554.583376,0.0,6147.174269,480.052343156395,0.0,5364.050786779924,21.247428459164666,6151.271645999999,5865.350558395484,5865.350558395484
input8000_rate2p5_reuse50_seed1,NEAREST_KV,142,0.0,11.997278,0.0,548.152529,0.0,560.149807,473.1801001173475,0.0,0.0648551391358725,15.030643589188628,560.149807,488.275598845672,488.275598845672
input8000_rate2p5_reuse50_seed1,NEAREST_KV,161,4688.643026,25.89836,0.0,548.157331,1.4120939999997972,5264.110811,476.89111135843314,0.0,4245.953942604766,10.627394275507747,5262.698717,4733.472448238706,4734.884542238706
input8000_rate2p5_reuse50_seed1,NEAREST_KV,153,4137.695761,25.98988,0.0,550.972654,3.1903750000003583,4717.84867,473.8948133934084,0.0,3608.213173463931,15.131129890199148,4714.658295,4097.239116747539,4100.429491747539
input8000_rate2p5_reuse50_seed1,NEAREST_KV,162,6143.246048,25.78812,0.0,546.789261,1.1376319999999396,6716.961061,476.726177525496,0.0,5324.966398765851,10.9297704589139,6715.823429,5812.6223467502605,5813.75997875026
input8000_rate2p5_reuse50_seed1,NEAREST_KV,159,2658.724816,25.846552,0.0,548.258954,3.425511000000256,3236.255833,473.20758908950364,0.0,4026.5679457292695,15.034508446919801,3232.830322,4514.810043265693,4518.235554265693
input8000_rate2p5_reuse50_seed1,NEAREST_KV,176,10973.835865,25.988632,0.0,551.841202,0.3094290000009323,11551.975128,479.64000857405216,0.0,4969.618772156638,16.2644504858077,11551.665699,5465.523231216499,5465.8326602165
input8000_rate2p5_reuse50_seed1,NEAREST_KV,172,9154.938803,26.019352,0.0,552.020848,2.725864000001252,9735.704867,476.83613341412075,0.0,5114.138177560679,20.79524010461732,9732.979002999999,5611.769551079417,5614.495415079418
input8000_rate2p5_reuse50_seed1,NEAREST_KV,194,9324.012787,25.879608,0.0,548.851452,1.2092880000001287,9899.953135,479.36511885249024,0.0,4246.569352070086,10.649666141520186,9898.743847,4736.5841370640965,4737.7934250640965
input8000_rate2p5_reuse50_seed1,NEAREST_KV,182,11805.258853,26.008216,0.0,551.190794,2.7573780000005854,12385.215241,474.6370156416255,0.0,5189.305938308695,15.23548104894084,12382.457863,5679.17843499926,5681.935812999261
input8000_rate2p5_reuse50_seed1,NEAREST_KV,222,4405.311525,25.941784,0.0,550.598129,0.0,4974.225027,478.9802732423036,0.0,8050.005963683656,5.670553025894392,4981.851438,8534.656789951854,8534.656789951854
input8000_rate2p5_reuse50_seed1,NEAREST_KV,220,4110.550043,26.074392,0.0,553.300627,2.1898009999996475,4692.114863,473.15261114519126,0.0,3856.2304450520423,4.52563785709232,4689.925062,4333.908694054326,4336.098495054325
input8000_rate2p5_reuse50_seed1,NEAREST_KV,260,0.0,8.496033,0.0,538.884636,0.0,547.380669,475.70908555571697,0.0,0.005597334494448936,6.793948702476833,547.380669,482.50863159268823,482.50863159268823
input8000_rate2p5_reuse50_seed1,NEAREST_KV,273,0.0,12.508505,0.0,537.327792,0.0,549.836297,479.1726960473969,0.0,0.0,7.917213802066534,549.8362970000001,487.0899098494635,487.0899098494635
input8000_rate2p5_reuse50_seed1,NEAREST_KV,282,0.0,11.713689,0.0,535.529457,0.0,547.243146,474.80194947456266,0.0,0.0,12.553271859992435,547.243146,487.3552213345551,487.3552213345551
input8000_rate2p5_reuse50_seed1,NEAREST_KV,9,0.0,11.136442,0.0,522.866904,0.0,534.003346,479.1726960473969,0.0,0.00563019987736967,19.05464770189341,534.003346,498.23297394916773,498.23297394916773
input8000_rate2p5_reuse50_seed1,NEAREST_KV,6,0.0,14.400377,0.0,516.693919,0.0,531.094296,475.95648630512267,0.0,0.0021696611529524144,9.063176828235932,531.0942960000001,485.02183279451157,485.02183279451157
input8000_rate2p5_reuse50_seed1,NEAREST_KV,3,0.0,0.032568,0.0,503.866806,0.0,503.899374,473.1251221730351,0.0,8.08596191875973e-05,8.975824177593601,503.899374,482.1010272102479,482.1010272102479
input8000_rate2p5_reuse50_seed1,NEAREST_KV,25,0.0,15.96192,0.0,527.471145,1.1368683772161603e-13,543.433065,478.04564818899314,0.0,0.00011968603460328074,7.758754635088401,543.4330649999999,485.80452251011616,485.80452251011627
input8000_rate2p5_reuse50_seed1,NEAREST_KV,26,0.0,11.873225,0.0,530.400781,0.0,542.274006,477.16600107999506,0.0,0.0025743334923435963,12.249356599411605,542.2740060000001,489.41793201289903,489.41793201289903
input8000_rate2p5_reuse50_seed1,NEAREST_KV,27,0.0,17.895632,0.0,536.147433,0.0,554.043065,473.262567033816,0.0,0.06169897729707197,11.389819105916331,554.043065,484.7140851170294,484.7140851170294
input8000_rate2p5_reuse50_seed1,NEAREST_KV,38,0.0,0.335498,0.0,542.264582,0.0,542.60008,476.863622386277,0.0,0.05918780219808373,5.683686676262575,542.60008,482.6064968647376,482.6064968647376
input8000_rate2p5_reuse50_seed1,NEAREST_KV,40,0.0,6.048427,0.0,546.214666,1.1368683772161603e-13,552.263093,472.96018834009794,0.0,0.1641556581972538,9.749154290156653,552.2630929999999,482.87349828845186,482.87349828845197
input8000_rate2p5_reuse50_seed1,NEAREST_KV,66,0.0,12.451201,0.0,567.938467,1.1368683772161603e-13,580.389668,474.4995707808446,0.0,9.397262089093966e-06,7.260187987766962,580.3896679999999,481.75976816587365,481.75976816587377
input8000_rate2p5_reuse50_seed1,NEAREST_KV,68,0.0,132.604611,0.0,836.908792,1.1368683772161603e-13,969.513403,473.15261114519126,0.0,3.74452671316302e-05,250.19937531605717,969.5134029999999,723.3520239065156,723.3520239065157
input8000_rate2p5_reuse50_seed1,NEAREST_KV,75,0.0,1.609496,0.0,544.525211,0.0,546.134707,473.15261114519126,0.0,0.0006234269314062881,16.299364782380998,546.134707,489.45259935450366,489.45259935450366
input8000_rate2p5_reuse50_seed1,NEAREST_KV,98,0.0,12.994449,0.0,541.462141,0.0,554.45659,479.0077622144598,0.0,0.0007754662302578004,12.19757437173169,554.45659,491.2061120524217,491.2061120524217
input8000_rate2p5_reuse50_seed1,NEAREST_KV,85,0.0,12.396776,0.0,538.799999,0.0,551.196775,475.51666275062365,0.0,1.6396439803056108e-06,6.76689469835862,551.196775,482.28355908862625,482.28355908862625
input8000_rate2p5_reuse50_seed1,NEAREST_KV,93,0.0,4.281163,0.0,538.135929,0.0,542.417092,476.9460893027455,0.0,0.00027866613315222205,12.218437737562219,542.417092,489.1648057064409,489.1648057064409
input8000_rate2p5_reuse50_seed1,NEAREST_KV,120,0.0,19.867965,0.0,552.363782,0.0,572.231747,479.72247549052076,0.0,0.0015331161858379522,6.085631880304668,572.231747,485.8096404870113,485.8096404870113
input8000_rate2p5_reuse50_seed1,NEAREST_KV,124,0.0,62.439281,0.0,861.339894,0.0,923.779175,478.87031735367884,0.0,0.030792351226927396,254.03824279291157,923.779175,732.9393524978174,732.9393524978174
input8000_rate2p5_reuse50_seed1,NEAREST_KV,123,0.0,20.211541,0.0,584.559993,0.0,604.771534,478.457982771336,0.0,0.0012004181124482586,11.158418861853228,604.771534,489.6176020513017,489.6176020513017
input8000_rate2p5_reuse50_seed1,NEAREST_KV,129,2026.999552,25.823768,0.0,547.622777,0.0,2598.186824,479.8049424069893,0.0,8662.539506127307,21.53821006937732,2600.446097,9163.882658603672,9163.882658603672
input8000_rate2p5_reuse50_seed1,NEAREST_KV,133,3253.849099,25.885528,0.0,548.026133,0.5172920000001113,3828.278052,479.77745343483315,0.0,9205.170902306581,26.459350319035508,3827.7607599999997,9711.40770606045,9711.92499806045
input8000_rate2p5_reuse50_seed1,NEAREST_KV,128,0.0,19.896052,0.0,549.077846,0.0,568.973898,474.3896148922198,0.0,0.16913026733565015,20.45126776654284,568.9738980000001,495.0100129260983,495.0100129260983
input8000_rate2p5_reuse50_seed1,NEAREST_KV,147,0.0,22.242024,0.0,546.03053,0.0,568.272554,473.5649457275341,0.0,0.024979554592300765,9.83418116024248,568.272554,483.4241064423689,483.4241064423689
input8000_rate2p5_reuse50_seed1,NEAREST_KV,163,0.0,14.877243,0.0,550.283003,0.0,565.160246,478.62291660427314,0.0,0.016127626946475595,5.2947445455959325,565.160246,483.93378877681556,483.93378877681556
input8000_rate2p5_reuse50_seed1,NEAREST_KV,164,1605.954765,25.918136,0.0,549.037308,0.0,2178.633946,478.37551585486744,0.0,5653.048074216734,5.585526155808566,2180.910209,6137.00911622741,6137.00911622741
input8000_rate2p5_reuse50_seed1,NEAREST_KV,165,4193.837246,25.936472,0.0,549.652301,0.0,4768.269065,479.64000857405216,0.0,7162.848441367926,6.08887494123578,4769.426019,7648.577324883215,7648.577324883215
input8000_rate2p5_reuse50_seed1,NEAREST_KV,187,0.0,13.255195,0.0,548.668644,1.1368683772161603e-13,561.923839,477.5233577180255,0.0,0.0188769138331278,5.140150236348973,561.9238389999999,482.68238486820763,482.68238486820775
input8000_rate2p5_reuse50_seed1,NEAREST_KV,202,0.0,1.687532,0.0,544.955532,0.0,546.643064,479.5300526854274,0.0,0.0011117998213708725,11.309148313369015,546.643064,490.8403127986178,490.8403127986178
input8000_rate2p5_reuse50_seed1,NEAREST_KV,197,0.0,20.560773,0.0,546.045337,0.0,566.60611,474.6919935859379,0.0,0.001492740920421849,10.628933352682402,566.6061100000001,485.3224196795407,485.3224196795407
input8000_rate2p5_reuse50_seed1,NEAREST_KV,209,0.0,11.678208,0.0,550.327993,0.0,562.006201,478.7328724928979,0.0,0.028369294204968948,10.560774413703186,562.006201,489.32201620080605,489.32201620080605
input8000_rate2p5_reuse50_seed1,NEAREST_KV,226,392.032946,25.749944,0.0,552.851181,0.8460089999999809,971.48008,479.6674975462084,0.0,8744.502846452751,21.19332045092824,970.634071,9245.363664449887,9246.209673449888
input8000_rate2p5_reuse50_seed1,NEAREST_KV,218,0.0,37.40354,0.0,853.8303,0.0,891.23384,473.0701442287227,0.0,0.043604652490709744,253.2227578116339,891.23384,726.3365066928473,726.3365066928473
input8000_rate2p5_reuse50_seed1,NEAREST_KV,229,3077.403062,25.825432,0.0,546.979021,0.0,3649.909942,478.56793865996076,0.0,11475.6711051484,26.289296578863855,3650.207515,11980.528340387224,11980.528340387224
input8000_rate2p5_reuse50_seed1,NEAREST_KV,217,0.0,20.3072,0.0,580.360598,0.0,600.667798,472.7402765628484,0.0,0.0010990422201323318,10.35452845376905,600.667798,483.0959040588376,483.0959040588376
input8000_rate2p5_reuse50_seed1,NEAREST_KV,221,527.160214,25.792376,0.0,546.244414,0.5230640000000903,1099.720068,473.1801001173475,0.0,6483.438726958292,15.030643589188628,1099.197004,6971.649470664828,6972.172534664828
input8000_rate2p5_reuse50_seed1,NEAREST_KV,230,6651.844574,25.906552,0.0,548.743428,0.0,7225.144711,479.035251186616,0.0,14445.802024847637,26.680564490087008,7226.494554,14951.51784052434,14951.51784052434
input8000_rate2p5_reuse50_seed1,NEAREST_KV,236,10152.70391,25.86124,0.0,547.728219,0.0,10725.705078,475.76406350002935,0.0,16080.993057617616,26.22064642007731,10726.293369,16582.977767537723,16582.977767537723
input8000_rate2p5_reuse50_seed1,NEAREST_KV,235,9545.758684,25.9606,0.0,550.662513,0.0,10117.449808,473.0151662844103,0.0,13534.989709898073,15.658585102387988,10122.381797,14023.663461284872,14023.663461284872
input8000_rate2p5_reuse50_seed1,NEAREST_KV,241,13742.871243,26.007096,0.0,551.28807,1.2729379999999537,14321.439347,473.1251221730351,0.0,15822.094888273887,30.774625185273962,14320.166409,16325.994635632194,16327.267573632194
input8000_rate2p5_reuse50_seed1,NEAREST_KV,249,16619.916732,26.005368,0.0,551.434722,2.3631179999975984,17199.71994,476.89111135843314,0.0,14143.301864533134,31.629676024238,17197.356822,14651.822651915805,14654.185769915803
input8000_rate2p5_reuse50_seed1,NEAREST_KV,256,16610.886053,25.742008,0.0,545.670856,5.8313580000012735,17188.130275,476.39630985962174,0.0,12114.7072861751,21.058967710711748,17182.298917,12612.162563745433,12617.993921745434
input8000_rate2p5_reuse50_seed1,NEAREST_KV,248,16070.360766,26.114936,0.0,554.926774,1.0364279999989776,16652.438904,473.45498983890934,0.0,10996.071478805887,30.821003478048056,16651.402476,11500.347472122843,11501.383900122843
input8000_rate2p5_reuse50_seed1,NEAREST_KV,254,15824.850184,25.86924,0.0,548.452358,0.0,16397.91996,473.15261114519126,0.0,8236.65089508971,20.277349168640015,16399.171782,8730.080855403541,8730.080855403541
input8000_rate2p5_reuse50_seed1,NEAREST_KV,258,17493.896102,25.760549,0.0,552.948073,3.0131660000025704,18075.61789,471.69569562091317,0.0,10462.090962632159,25.323082146070362,18072.604723999997,10959.109740399143,10962.122906399145
input8000_rate2p5_reuse50_seed1,NEAREST_KV,269,23530.686904,26.000056,0.0,552.078125,3.7881360000000086,24112.553221,477.41340182940075,0.0,5880.096846799428,15.625831679789414,24108.765085,6373.136080308618,6376.924216308618
input8000_rate2p5_reuse50_seed1,NEAREST_KV,262,22689.429018,26.019256,0.0,551.829718,2.607994000002236,23269.885986,473.0426552565665,0.0,9726.313910585073,20.261889737715308,23267.277992,10219.618455579355,10222.226449579357
input8000_rate2p5_reuse50_seed1,NEAREST_KV,278,24662.444788,26.106872,0.0,554.58712,1.3683500000011009,25244.50713,479.9973652120826,0.0,4477.468358203285,10.738557869337185,25243.13878,4968.204281284705,4969.5726312847055
input8000_rate2p5_reuse50_seed1,NEAREST_KV,290,22937.637756,25.977304,0.0,551.150662,0.9047820000014326,23515.670504,475.68159658356075,0.0,6282.77663876055,15.382345642725454,23514.765722,6773.840580986835,6774.745362986837
input8000_rate2p5_reuse50_seed1,NEAREST_KV,291,25247.992097,25.938904,0.0,550.522451,3.490567000000169,25827.944019,477.5508466901817,0.0,6902.6918547527575,10.72015086105592,25824.453451999998,7390.9628523039955,7394.453419303995
input8000_rate2p5_reuse50_seed1,NEAREST_KV,298,23650.80398,25.828312,0.0,547.413375,0.002581999998938045,24224.048249,477.6882915509627,0.0,7830.127518314025,15.664480257101147,24224.045667000002,8323.480290122088,8323.482872122087
input8000_rate2p5_reuse50_seed1,NEAREST_KV,280,24790.07242,26.026776,0.0,552.154447,0.4192389999984698,25368.672882,473.0701442287227,0.0,6040.339936288754,15.01518415826392,25368.253643,6528.42526467574,6528.844503675738
input8000_rate2p5_reuse50_seed1,NEAREST_KV,4,0.0,0.018294,0.0,503.866806,0.0,503.8851,472.76776553500457,0.0,7.661973130968523e-05,8.925581027088349,503.8851,481.69342318182424,481.69342318182424
input8000_rate2p5_reuse50_seed1,NEAREST_KV,22,0.0,2.254746,0.0,517.235167,0.0,519.489913,474.6370156416255,0.0,0.0,8.552098327346393,519.489913,483.1891139689719,483.1891139689719
input8000_rate2p5_reuse50_seed1,NEAREST_KV,28,0.0,13.943854,0.0,523.537176,0.0,537.48103,478.5129607156484,0.0,0.0,13.711320679162647,537.48103,492.22428139481104,492.22428139481104
input8000_rate2p5_reuse50_seed1,NEAREST_KV,36,0.0,11.539373,0.0,530.739021,1.1368683772161603e-13,542.278394,477.9082033282122,0.0,0.00047124207930630244,17.604278195335887,542.2783939999999,495.5129527656274,495.5129527656275
input8000_rate2p5_reuse50_seed1,NEAREST_KV,32,0.0,10.525997,0.0,527.863817,0.0,538.389814,475.62661863924836,0.0,1.6185326855836032e-05,12.669217591927662,538.389814,488.2958524165029,488.2958524165029
input8000_rate2p5_reuse50_seed1,NEAREST_KV,46,0.0,13.589198,0.0,537.249705,0.0,550.838903,480.21727698933216,0.0,0.0005412224600645435,12.042062782110136,550.838903,492.25988099390236,492.25988099390236
input8000_rate2p5_reuse50_seed1,NEAREST_KV,51,0.0,16.904012,0.0,536.565481,1.1368683772161603e-13,553.469493,478.2655599662427,0.0,0.005041789684378768,11.767657883196783,553.4694929999999,490.03825963912385,490.03825963912396
input8000_rate2p5_reuse50_seed1,NEAREST_KV,54,0.0,4.336177,0.0,541.336774,0.0,545.672951,478.2655599662427,0.0,0.10826765644915841,16.38193529491759,545.672951,494.75576291760945,494.75576291760945
input8000_rate2p5_reuse50_seed1,NEAREST_KV,80,0.0,0.60298,0.0,527.25412,0.0,527.8571,479.3376298803341,0.0,0.0,8.576695973915314,527.8571,487.9143258542494,487.9143258542494
input8000_rate2p5_reuse50_seed1,NEAREST_KV,94,0.0,13.104678,0.0,530.314666,0.0,543.419344,478.1830930497741,0.0,1.4271580749648075e-07,13.664942386388567,543.419344,491.84803557887847,491.84803557887847
input8000_rate2p5_reuse50_seed1,NEAREST_KV,81,0.0,143.46786,0.0,535.464924,0.0,678.932784,466.2253901618313,0.0,0.0,240.5580573351107,678.932784,706.783447496942,706.783447496942
input8000_rate2p5_reuse50_seed1,NEAREST_KV,115,0.0,0.133472,0.0,536.340398,0.0,536.47387,472.9326993679417,0.0,1.1703575774510329e-07,7.039891097090042,536.47387,479.97259058206754,479.97259058206754
input8000_rate2p5_reuse50_seed1,NEAREST_KV,136,0.0,15.066278,0.0,572.94629,0.0,588.012568,473.8123464769398,0.0,0.0,7.799859569949341,588.012568,481.6122060468891,481.6122060468891
input8000_rate2p5_reuse50_seed1,NEAREST_KV,137,0.0,102.770495,0.0,840.573196,0.0,943.343691,473.1801001173475,0.0,0.0,250.94177129659246,943.343691,724.12187141394,724.12187141394
input8000_rate2p5_reuse50_seed1,NEAREST_KV,152,0.0,5.256383,0.0,536.36749,0.0,541.623873,473.20758908950364,0.0,0.0,7.078539674401789,541.623873,480.2861287639054,480.2861287639054
input8000_rate2p5_reuse50_seed1,NEAREST_KV,185,0.0,21.129035,0.0,545.382249,0.0,566.511284,478.48547174349216,0.0,0.00016329176737985324,17.049147182228744,566.511284,495.53478221748827,495.53478221748827
input8000_rate2p5_reuse50_seed1,NEAREST_KV,191,0.0,2.7592,0.0,548.77386,0.0,551.53306,478.62291660427314,0.0,0.003691848037731113,16.432178445422842,551.53306,495.05878689773374,495.05878689773374
input8000_rate2p5_reuse50_seed1,NEAREST_KV,168,0.0,20.205242,0.0,537.971479,0.0,558.176721,473.1801001173475,0.0,0.0,7.074674816670601,558.176721,480.2547749340181,480.2547749340181
input8000_rate2p5_reuse50_seed1,NEAREST_KV,178,0.0,4.549963,0.0,540.263187,0.0,544.81315,473.97728030987696,0.0,4.60629665900167e-06,11.801033102595433,544.8131500000001,485.778318018769,485.778318018769
input8000_rate2p5_reuse50_seed1,NEAREST_KV,207,0.0,14.404607,0.0,545.607016,0.0,560.011623,473.15261114519126,0.0,7.949004105416847e-05,5.7982239080158635,560.0116230000001,478.9509145432482,478.9509145432482
input8000_rate2p5_reuse50_seed1,NEAREST_KV,225,0.0,6.142868,0.0,536.69561,0.0,542.838478,473.0701442287227,0.0,5.734859874066037e-06,6.422922360284126,542.838478,479.4930723238667,479.4930723238667
input8000_rate2p5_reuse50_seed1,NEAREST_KV,243,0.0,17.035107,0.0,527.060268,0.0,544.095375,475.9839752772789,0.0,0.0,13.355753767894647,544.095375,489.33972904517356,489.33972904517356
input8000_rate2p5_reuse50_seed1,NEAREST_KV,266,0.0,4.458274,0.0,537.242795,0.0,541.701069,479.39260782464646,0.0,0.0,7.948132663915921,541.701069,487.3407404885624,487.3407404885624
input8000_rate2p5_reuse50_seed1,NEAREST_KV,252,0.0,0.090889,0.0,536.921427,1.1368683772161603e-13,537.012316,472.4104088969741,0.0,0.0,12.217029237380302,537.0123159999999,484.6274381343544,484.6274381343545
input8000_rate2p5_reuse50_seed1,NEAREST_KV,289,0.0,7.488383,0.0,532.076872,0.0,539.565255,478.32053791055506,0.0,0.0,8.433696237861874,539.565255,486.7542341484169,486.7542341484169
input8000_rate2p5_reuse50_seed1,NEAREST_KV,19,0.0,0.060122,0.0,503.866806,0.0,503.926928,479.77745343483315,0.0,0.0,9.911119748537708,503.926928,489.68857318337086,489.68857318337086
input8000_rate2p5_reuse50_seed1,NEAREST_KV,23,0.0,1.283221,0.0,560.737179,0.0,562.0204,479.5850306297398,0.0,1.2371746295893948e-05,19.112620567861008,562.0204,498.69766356934707,498.69766356934707
input8000_rate2p5_reuse50_seed1,NEAREST_KV,24,0.0,199.371136,0.0,823.035839,0.0,1022.406975,477.60582463449407,0.0,0.0003331264262385929,262.0651542656766,1022.406975,739.671312026597,739.671312026597
input8000_rate2p5_reuse50_seed1,NEAREST_KV,21,0.0,14.575767,0.0,516.711871,0.0,531.287638,473.15261114519126,0.0,9.645383241684237e-08,8.668961339656171,531.287638,481.82157258130127,481.82157258130127
input8000_rate2p5_reuse50_seed1,NEAREST_KV,37,0.0,2.39503,0.0,531.270061,0.0,533.665091,473.1801001173475,0.0,0.00019679919199273508,6.438381791208833,533.6650910000001,479.6186787077483,479.6186787077483
input8000_rate2p5_reuse50_seed1,NEAREST_KV,57,0.0,19.235462,0.0,528.048329,0.0,547.283791,480.052343156395,0.0,8.787224265880285e-09,8.040889249464094,547.283791,488.0932324146463,488.0932324146463
input8000_rate2p5_reuse50_seed1,NEAREST_KV,42,0.0,17.858232,0.0,537.165033,0.0,555.023265,473.20758908950364,0.0,0.00011803906129211799,11.056524060660777,555.023265,484.2642311892257,484.2642311892257
input8000_rate2p5_reuse50_seed1,NEAREST_KV,60,0.0,6.587063,0.0,530.877645,0.0,537.464708,477.8532253838998,0.0,3.778533199901332e-05,12.345978042690966,537.464708,490.1992412119228,490.1992412119228
input8000_rate2p5_reuse50_seed1,NEAREST_KV,79,0.0,3.701153,0.0,546.663904,0.0,550.365057,479.14520707524076,0.0,0.002761862650980492,16.50561074231515,550.365057,495.6535796802069,495.6535796802069
input8000_rate2p5_reuse50_seed1,NEAREST_KV,70,0.0,13.858447,0.0,537.395092,1.1368683772161603e-13,551.253539,475.571640694936,0.0,3.056375255509543e-05,12.025194851003526,551.2535389999999,487.5968661096921,487.5968661096922
input8000_rate2p5_reuse50_seed1,NEAREST_KV,72,0.0,2.537067,0.0,541.940665,0.0,544.477732,473.262567033816,0.0,0.0005324448717999473,11.064253776123124,544.477732,484.32735325481093,484.32735325481093
input8000_rate2p5_reuse50_seed1,NEAREST_KV,84,0.0,6.215482,0.0,551.461948,0.0,557.67743,473.3175449781284,0.0,0.026674623670597742,9.79939744066192,557.67743,483.1436170424609,483.1436170424609
input8000_rate2p5_reuse50_seed1,NEAREST_KV,95,0.0,9.918767,0.0,546.997308,0.0,556.916075,472.9876773122541,0.0,0.06309635662893644,10.389312173349616,556.916075,483.44008584223263,483.44008584223263
input8000_rate2p5_reuse50_seed1,NEAREST_KV,112,0.0,215.726851,0.0,546.372968,0.0,762.099819,475.0218612518122,0.0,0.007056419600680322,240.19264702472805,762.099819,715.221564696141,715.221564696141
input8000_rate2p5_reuse50_seed1,NEAREST_KV,111,0.0,3.235529,0.0,543.852845,0.0,547.088374,473.1801001173475,0.0,0.00025462594580272837,5.802088765747037,547.088374,478.9824435090403,478.9824435090403
input8000_rate2p5_reuse50_seed1,NEAREST_KV,117,0.0,16.636477,0.0,547.228807,0.0,563.865284,473.0701442287227,0.0,0.1406176663207069,244.63475763487784,563.865284,717.8455195299213,717.8455195299213
input8000_rate2p5_reuse50_seed1,NEAREST_KV,139,0.0,4.884887,0.0,546.695254,0.0,551.580141,473.20758908950364,0.0,0.00014254710202400058,5.80595362347821,551.580141,479.0136852600839,479.0136852600839
input8000_rate2p5_reuse50_seed1,NEAREST_KV,167,0.0,14.063341,0.0,534.90586,0.0,548.969201,478.6778945485855,0.0,6.420767266913343e-06,12.461923774626179,548.969201,491.139824743979,491.139824743979
input8000_rate2p5_reuse50_seed1,NEAREST_KV,158,0.0,14.057708,0.0,537.05521,0.0,551.112918,473.45498983890934,0.0,2.2697365144612875e-06,6.477030368520566,551.112918,479.9320224771664,479.9320224771664
input8000_rate2p5_reuse50_seed1,NEAREST_KV,193,0.0,14.100997,0.0,535.015938,0.0,549.116935,478.9802732423036,0.0,0.0,7.890159797948307,549.116935,486.8704330402519,486.8704330402519
input8000_rate2p5_reuse50_seed1,NEAREST_KV,201,0.0,19.787377,0.0,531.56489,0.0,551.352267,474.88441639103127,0.0,0.0,12.564866433185955,551.352267,487.4492828242172,487.4492828242172
input8000_rate2p5_reuse50_seed1,NEAREST_KV,203,0.0,49.449223,0.0,538.614903,0.0,588.064126,474.2521700314389,0.0,4.770756037158935e-06,246.40311130167663,588.064126,720.6552861038715,720.6552861038715
input8000_rate2p5_reuse50_seed1,NEAREST_KV,247,0.0,9.237455,0.0,533.502541,1.1368683772161603e-13,542.739996,473.1801001173475,0.0,0.0,7.710967842132355,542.7399959999999,480.8910679594798,480.8910679594799
input8000_rate2p5_reuse50_seed1,NEAREST_KV,277,0.0,118.518709,0.0,838.799573,0.0,957.318282,479.94238726777024,0.0,5.816563236072016e-06,261.65513605002224,957.318282,741.5975291343557,741.5975291343557
input8000_rate2p5_reuse50_seed1,NEAREST_KV,271,0.0,0.800026,0.0,533.496867,0.0,534.296893,477.02855621921407,0.0,0.0,13.50261836167926,534.296893,490.5311745808933,490.5311745808933
input8000_rate2p5_reuse50_seed1,NEAREST_KV,265,0.0,0.880527,0.0,523.02347,0.0,523.903997,473.15261114519126,0.0,0.0,8.343396009862978,523.903997,481.49600715505426,481.49600715505426
input8000_rate2p5_reuse50_seed1,NEAREST_KV,281,0.0,15.099827,0.0,538.870401,0.0,553.970228,477.41340182940075,0.0,0.00021659611619684593,22.148988167895517,553.970228,499.56260659341245,499.56260659341245
input8000_rate2p5_reuse50_seed1,NEAREST_KV,276,0.0,3.366192,0.0,570.322396,0.0,573.688588,473.0976332008789,0.0,0.0,17.56422111784221,573.688588,490.6618543187211,490.6618543187211
input8000_rate2p5_reuse50_seed1,NEAREST_KV,297,0.0,15.681869,0.0,549.142038,0.0,564.823907,477.3859128572446,0.0,0.042694279393038014,10.371396384875666,564.823907,487.8000035215133,487.8000035215133
input8000_rate2p5_reuse50_seed1,NEAREST_KV,286,0.0,13.985098,0.0,543.292399,0.0,557.277497,473.20758908950364,0.0,0.002805279903860953,20.921371909564137,557.277497,494.13176627897167,494.13176627897167
input8000_rate2p5_reuse50_seed1,NEAREST_KV,12,0.0,0.000184,0.0,503.866806,0.0,503.86699,473.1251221730351,0.0,1.053200495320316e-06,8.975824177593601,503.86699,482.1009474038292,482.1009474038292
input8000_rate2p5_reuse50_seed1,NEAREST_KV,29,0.0,16.144803,0.0,517.571679,0.0,533.716482,474.05974722634556,0.0,0.0,8.470936314991725,533.716482,482.5306835413373,482.5306835413373
input8000_rate2p5_reuse50_seed1,NEAREST_KV,34,0.0,12.375427,0.0,523.68188,1.1368683772161603e-13,536.057307,477.880714356056,0.0,1.204510408686188e-07,13.622428951345661,536.0573069999999,491.5031434278527,491.5031434278528
input8000_rate2p5_reuse50_seed1,NEAREST_KV,55,0.0,11.922881,0.0,523.955704,1.1368683772161603e-13,535.878585,477.08353416352645,0.0,0.0,8.259777639959047,535.8785849999999,485.3433118034855,485.3433118034856
input8000_rate2p5_reuse50_seed1,NEAREST_KV,62,0.0,3.373903,0.0,528.422345,0.0,531.796248,477.880714356056,0.0,1.6515501234590508e-06,12.986135925883929,531.796248,490.86685193349007,490.86685193349007
input8000_rate2p5_reuse50_seed1,NEAREST_KV,82,0.0,14.838049,0.0,524.145848,0.0,538.983897,478.48547174349216,0.0,0.0,8.456885384248913,538.983897,486.94235712774105,486.94235712774105
input8000_rate2p5_reuse50_seed1,NEAREST_KV,96,0.0,4.999133,0.0,516.970367,0.0,521.9695,473.15261114519126,0.0,0.0,13.593966447045524,521.9695,486.7465775922368,486.7465775922368
input8000_rate2p5_reuse50_seed1,NEAREST_KV,119,0.0,9.160142,0.0,536.667578,0.0,545.82772,479.77745343483315,0.0,0.0,13.252811109334928,545.82772,493.03026454416806,493.03026454416806
input8000_rate2p5_reuse50_seed1,NEAREST_KV,108,0.0,13.279162,0.0,523.623064,0.0,536.902226,473.0426552565665,0.0,8.370963262241986e-08,12.942213990659049,536.902226,485.98486933093517,485.98486933093517
input8000_rate2p5_reuse50_seed1,NEAREST_KV,138,0.0,0.086467,0.0,538.370587,0.0,538.457054,473.0426552565665,0.0,0.0,7.055350528014735,538.457054,480.09800578458123,480.09800578458123
input8000_rate2p5_reuse50_seed1,NEAREST_KV,179,0.0,18.763067,0.0,526.519512,1.1368683772161603e-13,545.282579,479.96987623992646,0.0,0.0,8.665587701732328,545.2825789999999,488.63546394165877,488.6354639416589
input8000_rate2p5_reuse50_seed1,NEAREST_KV,160,0.0,7.912502,0.0,521.215979,0.0,529.128481,473.1801001173475,0.0,0.0,8.347260867594152,529.128481,481.52736098494165,481.52736098494165
input8000_rate2p5_reuse50_seed1,NEAREST_KV,189,0.0,17.06595,0.0,537.310259,0.0,554.376209,478.8428283815227,0.0,5.04332973617075e-06,17.735683358195793,554.376209,496.5785167830482,496.5785167830482
input8000_rate2p5_reuse50_seed1,NEAREST_KV,196,0.0,81.877,0.0,840.039337,0.0,921.916337,480.02485418423885,0.0,0.00024521295218662097,260.92819950041167,921.916337,740.9532988976027,740.9532988976027
input8000_rate2p5_reuse50_seed1,NEAREST_KV,195,0.0,13.417374,0.0,569.822775,0.0,583.240149,479.3101409081779,0.0,6.2279071372246595e-06,17.801385939625753,583.240149,497.1115330757108,497.1115330757108
input8000_rate2p5_reuse50_seed1,NEAREST_KV,184,0.0,20.256415,0.0,536.175208,0.0,556.431623,474.4445928365322,0.0,0.0,12.503028709487182,556.431623,486.9476215460194,486.9476215460194
input8000_rate2p5_reuse50_seed1,NEAREST_KV,206,0.0,4.995054,0.0,545.197075,0.0,550.192129,476.28635397099697,0.0,0.03316498181199819,20.71794294999384,550.192129,497.0374619028028,497.0374619028028
input8000_rate2p5_reuse50_seed1,NEAREST_KV,200,0.0,8.908326,0.0,542.442691,0.0,551.351017,473.3725229224408,0.0,0.001971051273317424,20.944561055951176,551.351017,494.31905502966526,494.31905502966526
input8000_rate2p5_reuse50_seed1,NEAREST_KV,213,3896.244527,26.046104,0.0,551.906264,3.4941760000003796,4477.691071,478.43049379917977,0.0,6268.076368260745,10.51826097866028,4474.196895,6757.025123038586,6760.519299038586
input8000_rate2p5_reuse50_seed1,NEAREST_KV,232,1739.6742,25.984504,0.0,550.85608,0.0,2312.592518,479.8599203513017,0.0,4678.091550051593,10.719233580681319,2316.514784,5168.670703983576,5168.670703983576
input8000_rate2p5_reuse50_seed1,NEAREST_KV,234,2849.868732,25.9278,0.0,549.24028,0.0,3423.970989,479.3101409081779,0.0,5977.9634023168755,10.967501755851053,3425.036812,6468.241044980905,6468.241044980905
input8000_rate2p5_reuse50_seed1,NEAREST_KV,224,151.150951,25.893976,0.0,549.296816,1.751216999999997,728.09296,474.4720818086884,0.0,5133.1340999322665,9.961721465371227,726.3417430000001,5617.567903206325,5619.319120206325
input8000_rate2p5_reuse50_seed1,NEAREST_KV,257,0.0,6.124445,0.0,547.104903,0.0,553.229348,478.9252952979912,0.0,54.766933118413434,10.587828417821413,553.2293480000001,544.2800568342261,544.2800568342261
input8000_rate2p5_reuse50_seed1,NEAREST_KV,245,1088.559411,25.855096,0.0,547.542785,0.2896120000001474,1662.246904,473.15261114519126,0.0,4612.556609299581,15.026778731457455,1661.957292,5100.7359991762305,5101.025611176231
input8000_rate2p5_reuse50_seed1,NEAREST_KV,279,0.0,3.891994,0.0,545.657965,0.0,549.549959,479.88740932345786,0.0,3.926611171328311e-05,6.74511405215349,549.549959,486.63256264172304,486.63256264172304
input8000_rate2p5_reuse50_seed1,NEAREST_KV,288,0.0,0.248614,0.0,542.906986,1.1368683772161603e-13,543.1556,479.8049424069893,0.0,0.00014259155757016787,17.234660353325097,543.1555999999999,497.039745351872,497.0397453518721
input8000_rate2p5_reuse50_seed1,NEAREST_KV,294,0.0,16.671073,0.0,543.396017,0.0,560.06709,479.5300526854274,0.0,0.004107289444795385,21.81028918773415,560.06709,501.34444916260634,501.34444916260634
input8000_rate2p5_reuse50_seed1,NEAREST_KV,292,0.0,8.211365,0.0,540.263012,0.0,548.474377,477.5233577180255,0.0,0.00015216083064753763,11.98887205424829,548.474377,489.51238193310445,489.51238193310445
input8000_rate2p5_reuse50_seed1,NEAREST_KV,283,0.0,10.256101,0.0,549.318882,0.0,559.574983,473.2350780616598,0.0,0.0014165460014756972,10.424095892930175,559.574983,483.66059050059147,483.66059050059147
input8000_rate2p5_reuse50_seed1,NEAREST_KV,15,0.0,0.575064,0.0,560.824379,0.0,561.399443,478.1006261333055,0.0,0.000804775417184556,18.90391825037762,561.399443,497.0053491591003,497.0053491591003
input8000_rate2p5_reuse50_seed1,NEAREST_KV,20,0.0,173.804926,0.0,529.918925,0.0,703.723851,477.9356923003684,0.0,0.07008971735200614,243.09123304913496,703.723851,721.0970150668553,721.0970150668553
input8000_rate2p5_reuse50_seed1,NEAREST_KV,17,0.0,40.865526,0.0,823.151199,0.0,864.016725,477.71578052311884,0.0,0.002116761348635083,262.0806136966013,864.0167250000001,739.7985109810688,739.7985109810688
input8000_rate2p5_reuse50_seed1,NEAREST_KV,2,0.0,0.027802,0.0,503.866806,0.0,503.894608,472.87772142362934,0.0,8.036015623078833e-05,8.941040458013042,503.894608,481.8188422417986,481.8188422417986
input8000_rate2p5_reuse50_seed1,NEAREST_KV,8,0.0,6.214291,0.0,516.773951,0.0,522.988242,474.22468105928266,0.0,0.0002474069663861642,13.74469589856131,522.988242,487.96962436481033,487.96962436481033
input8000_rate2p5_reuse50_seed1,NEAREST_KV,45,0.0,19.24045,0.0,538.565993,0.0,557.806443,473.20758908950364,0.0,0.0002984662502723001,5.80595362347821,557.8064430000001,479.01384117923214,479.01384117923214
input8000_rate2p5_reuse50_seed1,NEAREST_KV,52,0.0,3.704746,0.0,523.740024,0.0,527.44477,474.11472517065795,0.0,0.0,13.092943442174835,527.44477,487.2076686128328,487.2076686128328
input8000_rate2p5_reuse50_seed1,NEAREST_KV,63,0.0,4.376834,0.0,523.389144,0.0,527.765978,479.475074741115,0.0,0.0,8.59602026257118,527.765978,488.0710950036862,488.0710950036862
input8000_rate2p5_reuse50_seed1,NEAREST_KV,78,0.0,10.726609,0.0,531.22901,0.0,541.955619,477.8257364117436,0.0,0.0,7.727835773239001,541.9556190000001,485.5535721849826,485.5535721849826
input8000_rate2p5_reuse50_seed1,NEAREST_KV,99,0.0,17.657133,0.0,532.085504,0.0,549.742637,477.5783356623379,0.0,0.0,13.579915516302755,549.7426370000001,491.1582511786407,491.1582511786407
input8000_rate2p5_reuse50_seed1,NEAREST_KV,102,0.0,7.040306,0.0,534.402681,0.0,541.442987,478.23807099408646,0.0,1.3951808746821816e-06,18.28694951357174,541.442987,496.52502190283906,496.52502190283906
input8000_rate2p5_reuse50_seed1,NEAREST_KV,90,0.0,6.189821,0.0,528.194957,0.0,534.384778,473.20758908950364,0.0,0.0,7.714832699863528,534.3847780000001,480.92242178936715,480.92242178936715
input8000_rate2p5_reuse50_seed1,NEAREST_KV,122,0.0,216.57334,0.0,536.8471,0.0,753.42044,477.7707584674312,0.0,2.6200242802906165e-06,241.64724265408435,753.42044,719.4180037415399,719.4180037415399
input8000_rate2p5_reuse50_seed1,NEAREST_KV,121,0.0,20.902646,0.0,537.048081,0.0,557.950727,477.22097902430744,0.0,0.0,7.642808903153174,557.950727,484.86378792746063,484.86378792746063
input8000_rate2p5_reuse50_seed1,NEAREST_KV,130,0.0,12.137412,0.0,542.667562,0.0,554.804974,478.1006261333055,0.0,0.00014399184591324716,16.99503917399231,554.804974,495.09580929914375,495.09580929914375
input8000_rate2p5_reuse50_seed1,NEAREST_KV,140,0.0,6.408479,0.0,547.849099,0.0,554.257578,473.6474126440027,0.0,0.0027826616592367326,10.482068758897789,554.257578,484.13226406455976,484.13226406455976
input8000_rate2p5_reuse50_seed1,NEAREST_KV,183,0.0,14.032274,0.0,532.539683,0.0,546.571957,478.62291660427314,0.0,0.0,13.726780110087368,546.571957,492.3496967143605,492.3496967143605
input8000_rate2p5_reuse50_seed1,NEAREST_KV,177,0.0,13.224641,0.0,521.873863,0.0,535.098504,473.0976332008789,0.0,0.0,8.335666294400632,535.098504,481.4332994952795,481.4332994952795
input8000_rate2p5_reuse50_seed1,NEAREST_KV,188,0.0,17.305851,0.0,534.133227,0.0,551.439078,473.20758908950364,0.0,0.0,12.654675441377549,551.439078,485.8622645308812,485.8622645308812
input8000_rate2p5_reuse50_seed1,NEAREST_KV,211,0.0,21.842055,0.0,538.539159,0.0,560.381214,479.2826519360217,0.0,1.0268202972949226e-05,12.546950644712005,560.381214,491.8296128489367,491.8296128489367
input8000_rate2p5_reuse50_seed1,NEAREST_KV,204,0.0,2.756271,0.0,535.87838,0.0,538.634651,475.2692620012179,0.0,0.0,7.368404004239828,538.634651,482.63766600545773,482.63766600545773
input8000_rate2p5_reuse50_seed1,NEAREST_KV,216,0.0,16.066927,0.0,545.352513,0.0,561.41944,478.62291660427314,0.0,3.7404741512710267,11.507173338033482,561.41944,493.8705640935776,493.8705640935776
input8000_rate2p5_reuse50_seed1,NEAREST_KV,227,0.0,9.81131,0.0,546.048305,0.0,555.859615,478.54044968780454,0.0,7.75222597527751,16.420583872229322,555.8596150000001,502.71325953531135,502.71325953531135
input8000_rate2p5_reuse50_seed1,NEAREST_KV,214,0.0,19.558369,0.0,542.799588,1.1368683772161603e-13,562.357957,473.1251221730351,0.0,0.0001285409731182681,11.04492948746725,562.3579569999999,484.1701802014755,484.1701802014756
input8000_rate2p5_reuse50_seed1,NEAREST_KV,255,0.0,12.272423,0.0,548.71795,0.0,560.990373,479.5300526854274,0.0,0.055617394193032875,10.67285528790724,560.990373,490.2585253675277,490.2585253675277
input8000_rate2p5_reuse50_seed1,NEAREST_KV,237,0.0,8.466314,0.0,550.160575,0.0,558.626889,473.15261114519126,0.0,77.24624403229264,9.77620829427488,558.626889,560.1750634717588,560.1750634717588
input8000_rate2p5_reuse50_seed1,NEAREST_KV,250,0.0,10.667611,0.0,546.30474,0.0,556.972351,473.20758908950364,0.0,2.0243890982319965,10.420231035199002,556.972351,485.65220922293463,485.65220922293463
input8000_rate2p5_reuse50_seed1,NEAREST_KV,274,0.0,22.90289,0.0,548.358235,0.0,571.261125,479.11771810308454,0.0,0.0011619458800822093,11.251175447401401,571.261125,490.37005549636604,490.37005549636604
input8000_rate2p5_reuse50_seed1,NEAREST_KV,264,0.0,10.77052,0.0,546.546246,0.0,557.316766,473.3725229224408,0.0,0.0031529893749281065,10.443420181586049,557.316766,483.81909609340175,483.81909609340175
input8000_rate2p5_reuse50_seed1,NEAREST_KV,295,0.0,21.375089,0.0,541.37015,0.0,562.745239,475.2692620012179,0.0,3.296780282844914e-06,6.732110978778046,562.745239,482.0013762767762,482.0013762767762
input8000_rate2p5_reuse50_seed1,NEAREST_KV,1,0.0,1.557371,0.0,503.866806,0.0,505.424177,480.052343156395,0.0,9.058370937700046e-05,9.94976832584944,505.424177,490.00220206595384,490.00220206595384
input8000_rate2p5_reuse50_seed1,NEAREST_KV,11,0.0,2.085315,0.0,516.854079,0.0,518.939394,478.54044968780454,0.0,3.1369969792634175e-05,14.35147856235563,518.939394,492.89195962012997,492.89195962012997
input8000_rate2p5_reuse50_seed1,NEAREST_KV,30,0.0,4.141175,0.0,557.986653,0.0,562.127828,478.23807099408646,0.0,0.0,9.058394690130179,562.127828,487.2964656842166,487.2964656842166
input8000_rate2p5_reuse50_seed1,NEAREST_KV,31,0.0,25.420235,0.0,817.554365,0.0,842.9746,473.8673244212522,0.0,1.176183837993471e-08,251.77692386267591,842.9746,725.64424829569,725.64424829569
input8000_rate2p5_reuse50_seed1,NEAREST_KV,48,0.0,8.579425,0.0,523.342296,0.0,531.921721,478.1006261333055,0.0,0.0,8.402777376012487,531.921721,486.503403509318,486.503403509318
input8000_rate2p5_reuse50_seed1,NEAREST_KV,59,0.0,89.420754,0.0,834.552929,1.1368683772161603e-13,923.973683,479.72247549052076,0.0,0.0014962490648460034,260.88568606536876,923.9736829999999,740.6096578049544,740.6096578049545
input8000_rate2p5_reuse50_seed1,NEAREST_KV,56,0.0,4.680138,0.0,527.688553,0.0,532.368691,474.4720818086884,0.0,1.3706546383358696e-06,12.506893567218356,532.368691,486.9789767465614,486.9789767465614
input8000_rate2p5_reuse50_seed1,NEAREST_KV,58,0.0,15.079892,0.0,567.042153,0.0,582.122045,473.3725229224408,0.0,4.52235344365391e-05,16.96657666969218,582.122045,490.3391448156674,490.3391448156674
input8000_rate2p5_reuse50_seed1,NEAREST_KV,83,0.0,18.211838,0.0,539.810091,0.0,558.021929,478.1556040776179,0.0,1.9105105500979294e-06,7.137921040551312,558.021929,485.29352702867976,485.29352702867976
input8000_rate2p5_reuse50_seed1,NEAREST_KV,97,0.0,14.964076,0.0,538.271873,0.0,553.235949,480.189788017176,0.0,2.686073129688059e-05,12.674490949840752,553.235949,492.86430582774807,492.86430582774807
input8000_rate2p5_reuse50_seed1,NEAREST_KV,86,0.0,18.722612,0.0,538.563417,0.0,557.286029,474.85692741887505,0.0,2.3883161616147347e-06,11.924708549992992,557.286029,486.7816383571842,486.7816383571842
input8000_rate2p5_reuse50_seed1,NEAREST_KV,107,0.0,15.787982,0.0,538.505367,0.0,554.293349,476.89111135843314,0.0,0.00018660763164969987,12.210708022099872,554.293349,489.10200598816465,489.10200598816465
input8000_rate2p5_reuse50_seed1,NEAREST_KV,149,0.0,17.398512,0.0,526.013215,1.1368683772161603e-13,543.411727,479.8324313791455,0.0,0.0,9.60812176833145,543.4117269999999,489.4405531474769,489.44055314747703
input8000_rate2p5_reuse50_seed1,NEAREST_KV,145,0.0,0.013778,0.0,509.173936,0.0,509.187714,479.3101409081779,0.0,0.0,9.845417167107733,509.187714,489.1555580752856,489.1555580752856
input8000_rate2p5_reuse50_seed1,NEAREST_KV,154,0.0,5.066287,0.0,530.781508,0.0,535.847795,473.97728030987696,0.0,0.0,18.324189590701543,535.847795,492.3014699005785,492.3014699005785
input8000_rate2p5_reuse50_seed1,NEAREST_KV,170,0.0,2.49725,0.0,535.457162,0.0,537.954412,479.3376298803341,0.0,0.0,7.940402948453574,537.954412,487.2780328287877,487.2780328287877
input8000_rate2p5_reuse50_seed1,NEAREST_KV,175,0.0,16.322322,0.0,536.209168,0.0,552.53149,476.06644219374743,0.0,8.048269372623267e-06,12.09476229016466,552.53149,488.1612125321815,488.1612125321815
input8000_rate2p5_reuse50_seed1,NEAREST_KV,186,0.0,19.11764,0.0,541.278123,0.0,560.395763,473.20758908950364,0.0,0.0001164102984926139,16.307094497843345,560.3957630000001,489.51479999764547,489.51479999764547
input8000_rate2p5_reuse50_seed1,NEAREST_KV,198,0.0,1.795356,0.0,536.461932,0.0,538.257288,477.4958687458693,0.0,4.805717350570248e-06,12.295734892185699,538.257288,489.79160844377236,489.79160844377236
input8000_rate2p5_reuse50_seed1,NEAREST_KV,208,0.0,11.387563,0.0,545.492069,0.0,556.879632,477.99067024468076,0.0,0.0024507121412779063,16.343286717605842,556.879632,494.3364076744279,494.3364076744279
input8000_rate2p5_reuse50_seed1,NEAREST_KV,199,0.0,3.326242,0.0,539.647797,0.0,542.974039,473.6749016161589,0.0,7.233064759034881e-05,6.19722153470137,542.974039,479.87219548150784,479.87219548150784
input8000_rate2p5_reuse50_seed1,NEAREST_KV,242,0.0,92.604835,0.0,854.954165,0.0,947.559,479.2826519360217,0.0,10.734285041230136,254.83474678168332,947.559,744.8516837589352,744.8516837589352
input8000_rate2p5_reuse50_seed1,NEAREST_KV,240,0.0,2.186419,0.0,579.904278,0.0,582.090697,478.3480268827112,0.0,0.4141110505255259,11.77925245639031,582.090697,490.54139038962705,490.54139038962705
input8000_rate2p5_reuse50_seed1,NEAREST_KV,228,0.0,0.315235,0.0,540.03882,0.0,540.354055,475.5441517227798,0.0,5.159096459926742e-06,6.770759556089793,540.354055,482.3149164379661,482.3149164379661
input8000_rate2p5_reuse50_seed1,NEAREST_KV,263,0.0,10.667601,0.0,537.181452,0.0,547.849053,475.7915524721855,0.0,0.0,7.441836301132135,547.849053,483.23338877331764,483.23338877331764
input8000_rate2p5_reuse50_seed1,NEAREST_KV,284,0.0,10.501753,0.0,520.749974,0.0,531.251727,480.02485418423885,0.0,0.0,9.30961044265647,531.251727,489.33446462689534,489.33446462689534
input8000_rate2p5_reuse50_seed1,NEAREST_MIGRATE,7,0.0,159.264103,0.0,516.688223,0.0,675.952326,473.1251221730351,0.0,2.2531901841970783e-05,241.70788930299256,675.952326,714.8330340079294,714.8330340079294
input8000_rate2p5_reuse50_seed1,NEAREST_MIGRATE,5,0.0,0.006882,0.0,503.866806,0.0,503.873688,473.0151662844103,0.0,5.897755252633948e-06,8.072007567787182,503.873688,481.0871797499528,481.0871797499528
input8000_rate2p5_reuse50_seed1,NEAREST_MIGRATE,39,0.0,12.258403,0.0,528.554537,0.0,540.81294,479.4200967968026,0.0,0.0,12.31421077994792,540.81294,491.73430757675055,491.73430757675055
input8000_rate2p5_reuse50_seed1,NEAREST_MIGRATE,35,0.0,2.193052,0.0,524.673272,0.0,526.866324,475.48917377846743,0.0,0.0,7.147258712669242,526.866324,482.6364324911367,482.6364324911367
input8000_rate2p5_reuse50_seed1,NEAREST_MIGRATE,71,0.0,0.022246,0.0,503.866806,0.0,503.889052,479.14520707524076,0.0,0.0,8.933870841838967,503.889052,488.07907791707976,488.07907791707976
input8000_rate2p5_reuse50_seed1,NEAREST_MIGRATE,74,0.0,16.516332,0.0,516.717567,0.0,533.233899,478.7603614650541,0.0,0.0,13.49404024532329,533.2338990000001,492.25440171037735,492.25440171037735
input8000_rate2p5_reuse50_seed1,NEAREST_MIGRATE,105,0.0,32.044334,0.0,817.758589,0.0,849.802923,478.43049379917977,0.0,0.0,251.53013306716906,849.8029230000001,729.9606268663488,729.9606268663488
input8000_rate2p5_reuse50_seed1,NEAREST_MIGRATE,109,0.0,9.299104,0.0,530.222246,0.0,539.52135,478.1281151054617,0.0,0.0,18.01942592922707,539.52135,496.14754103468874,496.14754103468874
input8000_rate2p5_reuse50_seed1,NEAREST_MIGRATE,104,0.0,1.068577,0.0,558.173757,0.0,559.242334,475.9839752772789,0.0,0.0,7.853119177292186,559.242334,483.83709445457106,483.83709445457106
input8000_rate2p5_reuse50_seed1,NEAREST_MIGRATE,114,0.0,0.470551,0.0,531.38824,0.0,531.858791,476.83613341412075,0.0,0.0,17.527049920193342,531.858791,494.3631833343141,494.3631833343141
input8000_rate2p5_reuse50_seed1,NEAREST_MIGRATE,144,0.0,6.251195,0.0,568.10775,0.0,574.358945,478.29304893839884,0.0,0.0,6.90518117578722,574.3589450000001,485.19823011418606,485.19823011418606
input8000_rate2p5_reuse50_seed1,NEAREST_MIGRATE,155,0.0,15.442794,0.0,529.650714,0.0,545.093508,476.25886499884075,0.0,0.0,17.756615603507257,545.093508,494.015480602348,494.015480602348
input8000_rate2p5_reuse50_seed1,NEAREST_MIGRATE,146,0.0,65.68865,0.0,837.259034,0.0,902.947684,473.1251221730351,0.0,0.0,249.30715327944426,902.947684,722.4322754524794,722.4322754524794
input8000_rate2p5_reuse50_seed1,NEAREST_MIGRATE,171,0.0,9.626501,0.0,570.099283,0.0,579.725784,480.1073211007074,0.0,0.0,6.849534090376125,579.725784,486.9568551910835,486.9568551910835
input8000_rate2p5_reuse50_seed1,NEAREST_MIGRATE,169,0.0,19.896115,0.0,534.435623,0.0,554.331738,473.20758908950364,0.0,0.0,11.440752932702615,554.331738,484.64834202220624,484.64834202220624
input8000_rate2p5_reuse50_seed1,NEAREST_MIGRATE,173,0.0,106.21387,0.0,840.289669,0.0,946.503539,473.1801001173475,0.0,0.003702400823964011,248.9019172018957,946.503539,722.0857197200671,722.0857197200671
input8000_rate2p5_reuse50_seed1,NEAREST_MIGRATE,215,0.0,9.77778,0.0,530.023953,0.0,539.801733,473.1251221730351,0.0,0.0,6.814880947788282,539.801733,479.94000312082335,479.94000312082335
input8000_rate2p5_reuse50_seed1,NEAREST_MIGRATE,238,0.0,16.240201,0.0,560.939678,1.1368683772161603e-13,577.179879,478.0181592168369,0.0,0.0,8.139118649399066,577.1798789999999,486.157277866236,486.1572778662361
input8000_rate2p5_reuse50_seed1,NEAREST_MIGRATE,239,0.0,252.264338,0.0,825.710766,1.1368683772161603e-13,1077.975104,473.15261114519126,0.0,0.0,250.78808038278365,1077.975104,723.9406915279749,723.940691527975
input8000_rate2p5_reuse50_seed1,NEAREST_MIGRATE,253,0.0,20.038342,0.0,535.944198,0.0,555.98254,473.20758908950364,0.0,0.0,16.691323369885176,555.98254,489.89891245938884,489.89891245938884
input8000_rate2p5_reuse50_seed1,NEAREST_MIGRATE,270,0.0,10.974849,0.0,538.8944,0.0,549.869249,477.6333136066503,0.0,0.0,6.812424590239047,549.869249,484.44573819688935,484.44573819688935
input8000_rate2p5_reuse50_seed1,NEAREST_MIGRATE,272,0.0,11.393444,0.0,539.157007,0.0,550.550451,478.04564818899314,0.0,0.0,11.484674867927438,550.5504510000001,489.53032305692057,489.53032305692057
input8000_rate2p5_reuse50_seed1,NEAREST_MIGRATE,275,0.0,212.637792,0.0,542.866648,0.0,755.50444,478.0181592168369,0.0,1.4881900411108328e-05,245.51018470384628,755.50444,723.5283588025836,723.5283588025836
input8000_rate2p5_reuse50_seed1,NEAREST_MIGRATE,296,0.0,13.904305,0.0,540.422481,0.0,554.326786,477.8532253838998,0.0,3.089631597330067e-07,6.207050426626665,554.326786,484.06027611948963,484.06027611948963
input8000_rate2p5_reuse50_seed1,NEAREST_MIGRATE,14,0.0,0.032465,0.0,503.866806,0.0,503.899271,479.72247549052076,0.0,6.671355415931472e-08,9.015032854193635,503.899271,488.73750841142794,488.73750841142794
input8000_rate2p5_reuse50_seed1,NEAREST_MIGRATE,18,0.0,147.04365,0.0,516.688223,0.0,663.731873,478.2655599662427,0.0,1.7317673039059052e-07,242.4306176987221,663.731873,720.6961778381415,720.6961778381415
input8000_rate2p5_reuse50_seed1,NEAREST_MIGRATE,33,0.0,0.463122,0.0,523.978392,0.0,524.441514,479.9148982956141,0.0,0.0,7.769500807388255,524.441514,487.6843991030023,487.6843991030023
input8000_rate2p5_reuse50_seed1,NEAREST_MIGRATE,50,0.0,205.832168,0.0,527.083401,0.0,732.915569,479.5575416575836,0.0,3.040732410037134e-08,246.79472659303093,732.915569,726.3522682810219,726.3522682810219
input8000_rate2p5_reuse50_seed1,NEAREST_MIGRATE,41,0.0,8.192384,0.0,516.844799,1.1368683772161603e-13,525.037183,477.2759569686198,0.0,0.0,13.285337927839905,525.0371829999999,490.56129489645974,490.56129489645986
input8000_rate2p5_reuse50_seed1,NEAREST_MIGRATE,49,0.0,12.961453,0.0,523.02604,0.0,535.987493,473.5099677832217,0.0,0.0,12.119559393207268,535.987493,485.629527176429,485.629527176429
input8000_rate2p5_reuse50_seed1,NEAREST_MIGRATE,73,0.0,8.118078,0.0,528.614249,1.1368683772161603e-13,536.732327,474.8294384467189,0.0,0.0,6.418209101659301,536.7323269999999,481.24764754837815,481.24764754837827
input8000_rate2p5_reuse50_seed1,NEAREST_MIGRATE,76,0.0,8.54212,0.0,531.301677,0.0,539.843797,473.15261114519126,0.0,1.978724072621969e-06,10.79673019177848,539.843797,483.9493433156938,483.9493433156938
input8000_rate2p5_reuse50_seed1,NEAREST_MIGRATE,88,0.0,21.297453,0.0,570.80097,0.0,592.098423,478.6504055764293,0.0,6.345008233829083e-08,240.88256092260016,592.098423,719.5329665624795,719.5329665624795
input8000_rate2p5_reuse50_seed1,NEAREST_MIGRATE,87,0.0,4.508297,0.0,535.588117,0.0,540.096414,473.1801001173475,0.0,0.0,6.186317637788861,540.096414,479.36641775513635,479.36641775513635
input8000_rate2p5_reuse50_seed1,NEAREST_MIGRATE,89,0.0,221.671189,0.0,841.479794,0.0,1063.150983,473.0701442287227,0.0,1.3508335181725323e-05,248.88645777097102,1063.150983,721.9566155080289,721.9566155080289
input8000_rate2p5_reuse50_seed1,NEAREST_MIGRATE,126,0.0,13.889638,0.0,546.168448,0.0,560.058086,478.87031735367884,0.0,4.374646144974878e-06,5.713757137218309,560.058086,484.5840788655433,484.5840788655433
input8000_rate2p5_reuse50_seed1,NEAREST_MIGRATE,113,0.0,2.332262,0.0,543.488724,0.0,545.820986,473.15261114519126,0.0,1.3067508941518041e-05,4.909866729134137,545.8209860000001,478.0624909418343,478.0624909418343
input8000_rate2p5_reuse50_seed1,NEAREST_MIGRATE,132,0.0,21.4676,0.0,546.100572,0.0,567.568172,479.36511885249024,0.0,7.386376635877142e-06,11.03389501356201,567.568172,490.3990212524289,490.3990212524289
input8000_rate2p5_reuse50_seed1,NEAREST_MIGRATE,141,0.0,15.675753,0.0,545.283349,0.0,560.959102,478.7328724928979,0.0,8.434281548442879e-06,10.94500328574501,560.959102,489.6778842129245,489.6778842129245
input8000_rate2p5_reuse50_seed1,NEAREST_MIGRATE,156,0.0,22.95271,0.0,542.378506,0.0,565.331216,479.475074741115,0.0,8.706722074040069e-06,16.29992488166927,565.331216,495.77500832950636,495.77500832950636
input8000_rate2p5_reuse50_seed1,NEAREST_MIGRATE,150,0.0,22.471771,0.0,549.11876,1.1368683772161603e-13,571.590531,473.8123464769398,0.0,0.00010016452694024267,9.616900726403095,571.5905309999999,483.42934736786987,483.42934736787
input8000_rate2p5_reuse50_seed1,NEAREST_MIGRATE,174,0.0,7.433228,0.0,547.464142,0.0,554.89737,479.0077622144598,0.0,0.0002718259188929067,10.347358837594975,554.89737,489.35539287797366,489.35539287797366
input8000_rate2p5_reuse50_seed1,NEAREST_MIGRATE,181,0.0,102.484637,0.0,852.691506,0.0,955.176143,479.5300526854274,0.0,0.0046572192839132425,258.4932126367606,955.176143,738.0279225414719,738.0279225414719
input8000_rate2p5_reuse50_seed1,NEAREST_MIGRATE,190,0.0,23.762596,0.0,552.846285,0.0,576.608881,479.77745343483315,0.0,0.003180078305789809,20.3204227029712,576.608881,500.1010562161101,500.1010562161101
input8000_rate2p5_reuse50_seed1,NEAREST_MIGRATE,166,0.0,13.696082,0.0,547.913791,0.0,561.609873,474.5820376973132,0.0,0.00018680810109112785,9.725116742875969,561.609873,484.30734124829024,484.30734124829024
input8000_rate2p5_reuse50_seed1,NEAREST_MIGRATE,180,0.0,22.84894,0.0,579.683746,0.0,602.532686,473.1251221730351,0.0,0.0002479023130719277,14.770849720306316,602.532686,487.8962197956545,487.8962197956545
input8000_rate2p5_reuse50_seed1,NEAREST_MIGRATE,223,0.0,15.677255,0.0,540.146694,0.0,555.823949,479.1726960473969,0.0,1.653096162758989e-07,6.3925635977230115,555.823949,485.56525981042955,485.56525981042955
input8000_rate2p5_reuse50_seed1,NEAREST_MIGRATE,210,0.0,11.821411,0.0,548.539099,0.0,560.36051,473.1801001173475,0.0,0.0001688832011658662,4.277438561403528,560.36051,477.4577075619522,477.4577075619522
input8000_rate2p5_reuse50_seed1,NEAREST_MIGRATE,231,0.0,2.920662,0.0,535.188341,0.0,538.109003,479.5300526854274,0.0,0.0,12.329670210872614,538.109003,491.8597228963,491.8597228963
input8000_rate2p5_reuse50_seed1,NEAREST_MIGRATE,233,0.0,14.684621,0.0,534.994161,0.0,549.678782,478.5954276321169,0.0,2.856849657435304e-06,11.887537352344125,549.678782,490.4829678413107,490.4829678413107
input8000_rate2p5_reuse50_seed1,NEAREST_MIGRATE,246,0.0,12.58834,0.0,541.967421,0.0,554.555761,478.5129607156484,0.0,3.9249740914552235e-05,16.164654861078184,554.555761,494.67765482646746,494.67765482646746
input8000_rate2p5_reuse50_seed1,NEAREST_MIGRATE,251,0.0,6.50543,0.0,539.345651,0.0,545.851081,477.8257364117436,0.0,2.724987139945799e-05,11.14302831040947,545.851081,488.96879197202446,488.96879197202446
input8000_rate2p5_reuse50_seed1,NEAREST_MIGRATE,261,0.0,18.834599,0.0,546.170346,0.0,565.004945,479.0902291309284,0.0,0.000469094795363983,15.609523847971062,565.004945,494.7002220736948,494.7002220736948
input8000_rate2p5_reuse50_seed1,NEAREST_MIGRATE,299,0.0,0.033011,0.0,507.267433,5.684341886080802e-14,507.300444,473.0426552565665,0.0,0.0,8.075872425518355,507.30044399999997,481.11852768208485,481.1185276820849
input8000_rate2p5_reuse50_seed1,NEAREST_MIGRATE,69,0.0,17.489092,0.0,516.755199,0.0,534.244291,479.88740932345786,0.0,0.0,13.652499412301424,534.244291,493.5399087357593,493.5399087357593
input8000_rate2p5_reuse50_seed1,NEAREST_MIGRATE,64,0.0,0.012131,0.0,503.866806,0.0,503.878937,475.51666275062365,0.0,0.0,8.423709621324008,503.878937,483.94037237194766,483.94037237194766
input8000_rate2p5_reuse50_seed1,NEAREST_MIGRATE,91,0.0,17.604939,0.0,524.3886,0.0,541.993539,479.612519601896,0.0,0.0,7.72698737234532,541.993539,487.3395069742413,487.3395069742413
input8000_rate2p5_reuse50_seed1,NEAREST_MIGRATE,103,0.0,10.449875,0.0,516.806655,0.0,527.25653,479.8324313791455,0.0,0.0,13.644769696839077,527.25653,493.47720107598457,493.47720107598457
input8000_rate2p5_reuse50_seed1,NEAREST_MIGRATE,106,0.0,10.219292,0.0,522.968152,0.0,533.187444,479.8049424069893,0.0,0.0,18.255182250828696,533.187444,498.060124657818,498.060124657818
input8000_rate2p5_reuse50_seed1,NEAREST_MIGRATE,116,0.0,3.461744,0.0,527.180905,0.0,530.642649,474.1971920871265,0.0,0.0,16.830458248207428,530.642649,491.02765033533393,491.02765033533393
input8000_rate2p5_reuse50_seed1,NEAREST_MIGRATE,131,0.0,12.281274,0.0,530.813581,0.0,543.094855,478.0731371611493,0.0,0.0,11.488539725658612,543.094855,489.5616768868079,489.5616768868079
input8000_rate2p5_reuse50_seed1,NEAREST_MIGRATE,125,0.0,18.634532,0.0,530.865869,0.0,549.500401,473.8123464769398,0.0,0.0,10.889486777326653,549.500401,484.7018332542665,484.7018332542665
input8000_rate2p5_reuse50_seed1,NEAREST_MIGRATE,143,0.0,11.716174,0.0,534.167476,0.0,545.88365,480.189788017176,0.0,0.0,12.422426796420801,545.88365,492.6122148135968,492.6122148135968
input8000_rate2p5_reuse50_seed1,NEAREST_MIGRATE,151,0.0,10.915652,0.0,535.388169,0.0,546.303821,474.5270597530008,0.0,0.0,10.989973078337172,546.303821,485.517032831338,485.517032831338
input8000_rate2p5_reuse50_seed1,NEAREST_MIGRATE,157,0.0,1.788461,0.0,541.176628,0.0,542.965089,473.15261114519126,0.0,9.724520354654528e-06,15.411007603499264,542.965089,488.5636284732109,488.5636284732109
input8000_rate2p5_reuse50_seed1,NEAREST_MIGRATE,192,0.0,15.396719,0.0,526.650826,0.0,542.047545,475.24177302906173,0.0,0.0,7.112474993088682,542.047545,482.3542480221504,482.3542480221504
input8000_rate2p5_reuse50_seed1,NEAREST_MIGRATE,212,0.0,2.461553,0.0,532.768977,1.1368683772161603e-13,535.23053,479.2826519360217,0.0,0.0,12.9311795167538,535.2305299999999,492.2138314527755,492.2138314527756
input8000_rate2p5_reuse50_seed1,NEAREST_MIGRATE,205,0.0,6.789412,0.0,526.080624,1.1368683772161603e-13,532.870036,473.20758908950364,0.0,0.0,12.077045958164362,532.8700359999999,485.284635047668,485.28463504766813
input8000_rate2p5_reuse50_seed1,NEAREST_MIGRATE,219,0.0,7.827714,0.0,535.313911,0.0,543.141625,478.43049379917977,0.0,0.0,12.175075901625668,543.141625,490.60556970080546,490.60556970080546
input8000_rate2p5_reuse50_seed1,NEAREST_MIGRATE,244,0.0,15.121466,0.0,538.489038,0.0,553.610504,477.6882915509627,0.0,0.0,6.820154305701394,553.6105040000001,484.5084458566641,484.5084458566641
input8000_rate2p5_reuse50_seed1,NEAREST_MIGRATE,259,0.0,18.312893,0.0,526.649242,0.0,544.962135,473.20758908950364,0.0,0.0,12.077045958164362,544.962135,485.284635047668,485.284635047668
input8000_rate2p5_reuse50_seed1,NEAREST_MIGRATE,267,0.0,0.067398,0.0,532.549174,0.0,532.616572,475.10432816828074,0.0,0.0,12.343721141615376,532.616572,487.44804930989613,487.44804930989613
input8000_rate2p5_reuse50_seed1,NEAREST_MIGRATE,268,0.0,46.945539,0.0,533.779085,0.0,580.724624,473.2350780616598,0.0,0.0,245.9058093148609,580.724624,719.1408873765207,719.1408873765207
input8000_rate2p5_reuse50_seed1,NEAREST_MIGRATE,287,0.0,10.099855,0.0,536.426602,0.0,546.526457,476.20388705452837,0.0,0.0,6.300724292549418,546.526457,482.5046113470778,482.5046113470778
input8000_rate2p5_reuse50_seed1,NEAREST_MIGRATE,285,0.0,0.338689,0.0,535.99499,0.0,536.333679,473.3725229224408,0.0,0.0,6.213371641907088,536.3336790000001,479.5858945643479,479.5858945643479
input8000_rate2p5_reuse50_seed1,NEAREST_MIGRATE,293,0.0,10.502666,0.0,541.648575,0.0,552.151241,473.1801001173475,0.0,1.3441878403493778e-05,15.414872461230438,552.151241,488.5949860204563,488.5949860204563
input8000_rate2p5_reuse50_seed1,NEAREST_MIGRATE,10,0.0,14.275374,0.0,516.837375,1.1368683772161603e-13,531.112749,479.2276739917093,0.0,2.3798191865395765e-06,13.559742826753265,531.1127489999999,492.7874191982818,492.7874191982819
input8000_rate2p5_reuse50_seed1,NEAREST_MIGRATE,0,0.0,0.0,0.0,503.866806,0.0,503.866806,473.1251221730351,0.0,4.705897296195869e-05,8.087466998711875,503.866806,481.2126362307199,481.2126362307199
input8000_rate2p5_reuse50_seed1,NEAREST_MIGRATE,13,0.0,9.881927,0.0,522.966424,0.0,532.848351,478.32053791055506,0.0,5.6232801646270605e-05,18.04647993334528,532.848351,496.367074076702,496.367074076702
input8000_rate2p5_reuse50_seed1,NEAREST_MIGRATE,16,0.0,226.169708,0.0,527.027977,0.0,753.197685,473.1251221730351,0.0,0.0012899115840024503,251.14092032111876,753.197685,724.2673324057379,724.2673324057379
input8000_rate2p5_reuse50_seed1,NEAREST_MIGRATE,43,0.0,5.189193,0.0,558.432925,0.0,563.622118,479.475074741115,0.0,0.0,8.343956109151279,563.622118,487.8190308502663,487.8190308502663
input8000_rate2p5_reuse50_seed1,NEAREST_MIGRATE,44,0.0,99.662794,0.0,867.395206,0.0,967.058,478.9802732423036,0.0,0.0,251.60743022179253,967.058,730.5877034640962,730.5877034640962
input8000_rate2p5_reuse50_seed1,NEAREST_MIGRATE,53,0.0,1.433178,0.0,530.205389,0.0,531.638567,479.612519601896,0.0,3.788509673760109e-05,22.206112632969493,531.638567,501.81867011996223,501.81867011996223
input8000_rate2p5_reuse50_seed1,NEAREST_MIGRATE,47,0.0,528.628281,0.0,810.841566,1.1368683772161603e-13,1339.469847,478.2105820219303,0.0,5.811504139990196e-08,285.55087049736414,1339.4698469999998,763.7614525774095,763.7614525774096
input8000_rate2p5_reuse50_seed1,NEAREST_MIGRATE,61,0.0,1.034742,0.0,535.565879,0.0,536.600621,479.69498651836454,0.0,3.203905866104785e-06,11.716566331797878,536.600621,491.4115560540683,491.4115560540683
input8000_rate2p5_reuse50_seed1,NEAREST_MIGRATE,77,0.0,7.486161,0.0,548.8175,0.0,556.303661,480.02485418423885,0.0,0.010227736073981641,9.854065548186625,556.303661,489.88914746849946,489.88914746849946
input8000_rate2p5_reuse50_seed1,NEAREST_MIGRATE,65,0.0,8.024173,0.0,539.457454,0.0,547.481627,474.22468105928266,0.0,0.0003115814480013376,5.386161510443117,547.481627,479.61115415117376,479.61115415117376
input8000_rate2p5_reuse50_seed1,NEAREST_MIGRATE,67,0.0,18.708421,0.0,542.258473,0.0,560.966894,473.0426552565665,0.0,0.004324687982558888,14.759255147112796,560.966894,487.80623509166185,487.80623509166185
input8000_rate2p5_reuse50_seed1,NEAREST_MIGRATE,92,0.0,15.35706,0.0,537.1928,0.0,552.54986,478.4030048270236,0.0,1.1246749722867822e-05,6.284347581250145,552.5498600000001,484.6873636550235,484.6873636550235
input8000_rate2p5_reuse50_seed1,NEAREST_MIGRATE,100,0.0,2.825523,0.0,541.937983,0.0,544.763506,473.2350780616598,0.0,3.122578122997814e-05,10.172031739510217,544.763506,483.40714102695125,483.40714102695125
input8000_rate2p5_reuse50_seed1,NEAREST_MIGRATE,118,0.0,5.206457,0.0,549.25052,0.0,554.456977,478.4030048270236,0.0,0.0015284930522504213,9.626038942047373,554.456977,488.03057226212326,488.03057226212326
input8000_rate2p5_reuse50_seed1,NEAREST_MIGRATE,101,0.0,4.48548,0.0,544.377118,0.0,548.862598,473.1251221730351,0.0,0.0052562063403675755,9.845844612916949,548.862598,482.97622299229243,482.97622299229243
input8000_rate2p5_reuse50_seed1,NEAREST_MIGRATE,127,0.0,7.650279,0.0,541.874743,1.1368683772161603e-13,549.525022,480.02485418423885,0.0,3.1141805341679695e-05,11.126651599110183,549.5250219999999,491.15153692515435,491.15153692515446
input8000_rate2p5_reuse50_seed1,NEAREST_MIGRATE,110,0.0,3.410669,0.0,545.771005,1.1368683772161603e-13,549.181674,473.15261114519126,0.0,0.004345743339767758,14.77471457803749,549.1816739999999,487.9316714665685,487.9316714665686
input8000_rate2p5_reuse50_seed1,NEAREST_MIGRATE,135,0.0,47.40156,0.0,855.526824,0.0,902.928384,475.46168480631127,0.0,0.015231261642941266,252.67064325536427,902.928384,728.1475593233185,728.1475593233185
input8000_rate2p5_reuse50_seed1,NEAREST_MIGRATE,134,0.0,8.18832,0.0,581.179421,0.0,589.367741,473.15261114519126,0.0,8.040102065413412e-05,9.524144140854922,589.367741,482.67683568706684,482.67683568706684
input8000_rate2p5_reuse50_seed1,NEAREST_MIGRATE,142,0.0,11.997278,0.0,548.152529,0.0,560.149807,473.1801001173475,0.0,0.01940227590869922,14.142286410306895,560.149807,487.3417888035631,487.3417888035631
input8000_rate2p5_reuse50_seed1,NEAREST_MIGRATE,161,495.008737,26.100952,0.0,554.583376,0.0,1070.621134,476.89111135843314,0.0,2490.5749025691916,9.739037096626006,1075.693065,2977.2050510242507,2977.2050510242507
input8000_rate2p5_reuse50_seed1,NEAREST_MIGRATE,176,269.157366,25.885816,0.0,547.838363,0.0,840.112067,479.64000857405216,0.0,2938.4390798487348,15.376093306925966,842.881545,3433.455181729713,3433.455181729713
input8000_rate2p5_reuse50_seed1,NEAREST_MIGRATE,162,1065.155026,25.98988,0.0,550.972654,0.549207000000024,1642.666767,476.726177525496,0.0,3118.9207645537817,10.04141328003216,1642.1175600000001,3605.6883553593098,3606.23756235931
input8000_rate2p5_reuse50_seed1,NEAREST_MIGRATE,172,0.0,16.914796,0.0,550.516115,0.0,567.430911,476.83613341412075,0.0,6.626441633103359,19.906882925735587,567.430911,503.3694579729597,503.3694579729597
input8000_rate2p5_reuse50_seed1,NEAREST_MIGRATE,182,0.0,12.005023,0.0,546.604208,0.0,558.609231,474.6370156416255,0.0,0.0019630168163139016,14.347123870059107,558.609231,488.9861025285009,488.9861025285009
input8000_rate2p5_reuse50_seed1,NEAREST_MIGRATE,222,0.0,24.968616,0.0,537.451432,0.0,562.420048,478.9802732423036,0.0,0.0,241.4629941434937,562.420048,720.4432673857973,720.4432673857973
input8000_rate2p5_reuse50_seed1,NEAREST_MIGRATE,220,0.0,4.448696,0.0,530.711094,0.0,535.15979,473.15261114519126,0.0,0.0,6.818745805519455,535.15979,479.97135695071074,479.97135695071074
input8000_rate2p5_reuse50_seed1,NEAREST_MIGRATE,260,0.0,13.80076,0.0,522.521846,0.0,536.322606,475.70908555571697,0.0,0.0,7.814470599980453,536.322606,483.5235561556974,483.5235561556974
input8000_rate2p5_reuse50_seed1,NEAREST_MIGRATE,273,0.0,8.579792,0.0,519.819722,0.0,528.399514,479.1726960473969,0.0,0.0,8.301442674108372,528.399514,487.4741387215053,487.4741387215053
input8000_rate2p5_reuse50_seed1,NEAREST_MIGRATE,282,0.0,0.635129,0.0,532.059304,0.0,532.694433,474.80194947456266,0.0,0.0,12.301207706572441,532.694433,487.1031571811351,487.1031571811351
input8000_rate2p5_reuse50_seed1,NEAREST_MIGRATE,9,0.0,11.136442,0.0,522.866904,0.0,534.003346,479.1726960473969,0.0,0.0004333084077835277,18.166290523011682,534.003346,497.3394198788164,497.3394198788164
input8000_rate2p5_reuse50_seed1,NEAREST_MIGRATE,6,0.0,14.400377,0.0,516.693919,0.0,531.094296,475.95648630512267,0.0,0.00016695550312691626,8.174819649354205,531.0942960000001,484.13147290998,484.13147290998
input8000_rate2p5_reuse50_seed1,NEAREST_MIGRATE,3,0.0,0.032568,0.0,503.866806,0.0,503.899374,473.1251221730351,0.0,6.18820060618359e-06,8.087466998711875,503.899374,481.21259535994756,481.21259535994756
input8000_rate2p5_reuse50_seed1,NEAREST_MIGRATE,25,0.0,15.96192,0.0,527.471145,1.1368683772161603e-13,543.433065,478.04564818899314,0.0,9.027338302513297e-06,6.8703974562066605,543.4330649999999,484.9160546725381,484.9160546725382
input8000_rate2p5_reuse50_seed1,NEAREST_MIGRATE,26,0.0,11.873225,0.0,530.400781,0.0,542.274006,477.16600107999506,0.0,0.0001977421805675841,11.360999420529865,542.2740060000001,488.5271982427055,488.5271982427055
input8000_rate2p5_reuse50_seed1,NEAREST_MIGRATE,27,0.0,17.895632,0.0,536.147433,0.0,554.043065,473.262567033816,0.0,0.004749734826629609,10.501461927034597,554.043065,483.76877869567727,483.76877869567727
input8000_rate2p5_reuse50_seed1,NEAREST_MIGRATE,38,0.0,0.335498,0.0,542.264582,0.0,542.60008,476.863622386277,0.0,0.0045558153248416115,4.795329497380841,542.60008,481.66350769898264,481.66350769898264
input8000_rate2p5_reuse50_seed1,NEAREST_MIGRATE,40,0.0,6.048427,0.0,546.214666,1.1368683772161603e-13,552.263093,472.96018834009794,0.0,0.012636925396200491,8.86079711127492,552.2630929999999,481.8336223767691,481.8336223767692
input8000_rate2p5_reuse50_seed1,NEAREST_MIGRATE,66,0.0,12.451201,0.0,567.938467,1.1368683772161603e-13,580.389668,474.4995707808446,0.0,5.967007114184575e-07,6.371830808885221,580.3896679999999,480.8714021864305,480.8714021864306
input8000_rate2p5_reuse50_seed1,NEAREST_MIGRATE,68,0.0,132.604611,0.0,836.908792,1.1368683772161603e-13,969.513403,473.15261114519126,0.0,2.5749332935539452e-06,249.31101813717544,969.5134029999999,722.4636318573,722.4636318573001
input8000_rate2p5_reuse50_seed1,NEAREST_MIGRATE,75,0.0,1.609496,0.0,544.525211,0.0,546.134707,473.15261114519126,0.0,4.740824800308159e-05,15.411007603499264,546.134707,488.56366615693855,488.56366615693855
input8000_rate2p5_reuse50_seed1,NEAREST_MIGRATE,98,0.0,12.994449,0.0,541.462141,0.0,554.45659,479.0077622144598,0.0,5.906434725438999e-05,11.309217192849957,554.45659,490.317038471657,490.317038471657
input8000_rate2p5_reuse50_seed1,NEAREST_MIGRATE,85,0.0,12.396776,0.0,538.799999,0.0,551.196775,475.51666275062365,0.0,0.0,5.878537519476879,551.196775,481.39520027010053,481.39520027010053
input8000_rate2p5_reuse50_seed1,NEAREST_MIGRATE,93,0.0,4.281163,0.0,538.135929,0.0,542.417092,476.9460893027455,0.0,2.116419073798863e-05,11.330080558680478,542.417092,488.27619102561675,488.27619102561675
input8000_rate2p5_reuse50_seed1,NEAREST_MIGRATE,120,0.0,19.867965,0.0,552.363782,0.0,572.231747,479.72247549052076,0.0,0.00011687526137221618,5.197274701422934,572.231747,484.9198670672051,484.9198670672051
input8000_rate2p5_reuse50_seed1,NEAREST_MIGRATE,124,0.0,62.439281,0.0,861.339894,0.0,923.779175,478.87031735367884,0.0,0.002368434316973938,253.14988561402987,923.779175,732.0225714020257,732.0225714020257
input8000_rate2p5_reuse50_seed1,NEAREST_MIGRATE,123,0.0,20.211541,0.0,584.559993,0.0,604.771534,478.457982771336,0.0,9.147934355037693e-05,10.270061682971495,604.771534,488.72813593365106,488.72813593365106
input8000_rate2p5_reuse50_seed1,NEAREST_MIGRATE,128,0.0,19.896052,0.0,549.077846,0.0,568.973898,474.3896148922198,0.0,0.013021527073684744,19.562910587661108,568.9738980000001,493.9655470069546,493.9655470069546
input8000_rate2p5_reuse50_seed1,NEAREST_MIGRATE,148,0.0,133.714476,0.0,1015.324772,3.34151299999985,1152.380761,1056.416887656026,0.0,296.0698886679996,286.40024111772,1149.039248,1638.8870174417455,1642.2285304417453
input8000_rate2p5_reuse50_seed1,NEAREST_MIGRATE,165,2468.846923,25.862616,0.0,547.740027,0.0,3038.903453,479.64000857405216,0.0,3354.1825241959855,5.200517762354039,3042.4495660000002,3839.0230505323916,3839.0230505323916
input8000_rate2p5_reuse50_seed1,NEAREST_MIGRATE,147,0.0,11.041045,0.0,536.9694,0.0,548.010445,473.5649457275341,0.0,0.0,10.854703057746079,548.010445,484.4196487852802,484.4196487852802
input8000_rate2p5_reuse50_seed1,NEAREST_MIGRATE,153,0.0,3.506502,0.0,1020.566783,5.362705000000005,1029.43599,1050.2593578930394,0.0,149.83546575155444,45.30754713397411,1024.073285,1245.402370778568,1250.765075778568
input8000_rate2p5_reuse50_seed1,NEAREST_MIGRATE,159,0.0,18.811166,0.0,1024.745093,5.157414000000017,1048.713673,1049.5721335891346,0.0,176.42404144368194,44.57463266523297,1043.556259,1270.5708076980495,1275.7282216980495
input8000_rate2p5_reuse50_seed1,NEAREST_MIGRATE,187,0.0,7.950406,0.0,544.84117,0.0,552.791576,477.5233577180255,0.0,0.20294299895392195,4.888086082929014,552.7915760000001,482.61438679990846,482.61438679990846
input8000_rate2p5_reuse50_seed1,NEAREST_MIGRATE,194,0.0,20.188032,0.0,1035.465232,3.018244999999979,1058.671509,1055.7296633521212,0.0,146.98082954625536,40.18979035983337,1055.653264,1242.90028325821,1245.91852825821
input8000_rate2p5_reuse50_seed1,NEAREST_MIGRATE,202,0.0,11.315642,0.0,549.596235,0.0,560.911877,479.5300526854274,0.0,2.7516242513546905,9.784498109025506,560.911877,492.0661750458076,492.0661750458076
input8000_rate2p5_reuse50_seed1,NEAREST_MIGRATE,209,0.0,6.186777,0.0,550.223359,0.0,556.410136,478.7328724928979,0.0,4.324992169754888,9.672417234821452,556.410136,492.73028189747424,492.73028189747424
input8000_rate2p5_reuse50_seed1,NEAREST_MIGRATE,229,0.0,21.548836,0.0,550.011361,0.0,571.560197,478.56793865996076,0.0,0.008132844987220627,25.40093939998212,571.560197,503.9770109049301,503.9770109049301
input8000_rate2p5_reuse50_seed1,NEAREST_MIGRATE,218,773.370872,26.0926,0.0,560.210129,0.0,1359.295187,473.0701442287227,0.0,2917.766647614381,9.201821871992834,1359.673601,3400.0386137150963,3400.0386137150963
input8000_rate2p5_reuse50_seed1,NEAREST_MIGRATE,221,304.04937,25.963096,0.0,551.083078,0.0,878.882523,473.1801001173475,0.0,2781.4436628271956,14.142286410306895,881.095544,3268.76604935485,3268.76604935485
input8000_rate2p5_reuse50_seed1,NEAREST_MIGRATE,236,2594.575745,25.811,0.0,548.391597,3.1962509999997337,3171.974593,475.76406350002935,0.0,5065.170845746263,25.332289241195568,3168.7783420000005,5566.267198487487,5569.463449487486
input8000_rate2p5_reuse50_seed1,NEAREST_MIGRATE,235,327.990287,25.818104,0.0,549.638824,0.08487300000012965,903.532088,473.0151662844103,0.0,4650.099309785458,14.770227923506255,903.447215,5137.884703993374,5137.969576993374
input8000_rate2p5_reuse50_seed1,NEAREST_MIGRATE,249,2395.154507,25.746424,0.0,545.239157,7.452220999999895,2973.592309,476.89111135843314,0.0,5834.135025335003,30.74131884535626,2966.140088,6341.767455538793,6349.219676538793
input8000_rate2p5_reuse50_seed1,NEAREST_MIGRATE,248,92.084554,25.759717,0.0,552.856013,0.0,670.079648,473.45498983890934,0.0,4542.266000320416,29.932646299166322,670.700284,5045.653636458493,5045.653636458493
input8000_rate2p5_reuse50_seed1,NEAREST_MIGRATE,278,2293.069533,26.12492,0.0,554.243038,0.0,2868.085849,479.9973652120826,0.0,2189.8968935239336,9.850200690455452,2873.437491,2679.7444594264716,2679.7444594264716
input8000_rate2p5_reuse50_seed1,NEAREST_MIGRATE,254,4918.111853,25.84556,0.0,547.388707,0.0,5487.875419,473.15261114519126,0.0,3778.793250095919,19.38899198975828,5491.34612,4271.334853230868,4271.334853230868
input8000_rate2p5_reuse50_seed1,NEAREST_MIGRATE,290,1621.296546,26.007,0.0,552.059055,9.596996999999988,2208.959598,475.68159658356075,0.0,2491.285721351359,14.49398846384372,2199.362601,2981.4613063987636,2991.0583033987637
input8000_rate2p5_reuse50_seed1,NEAREST_MIGRATE,291,4296.949596,26.00684,0.0,551.881812,0.9477960000000394,4875.786044,477.5508466901817,0.0,2734.9811710766107,9.83179368217418,4874.838248,3222.3638114489663,3223.3116074489662
input8000_rate2p5_reuse50_seed1,NEAREST_MIGRATE,298,2890.245502,25.895,0.0,549.33512,0.0,3463.599513,477.6882915509627,0.0,3467.9351678831426,14.776123078219413,3465.475622,3960.3995825123247,3960.3995825123247
input8000_rate2p5_reuse50_seed1,NEAREST_MIGRATE,280,4580.059321,26.145656,0.0,555.587719,3.857521000000588,5165.650217,473.0701442287227,0.0,2414.51558720482,14.126826979382187,5161.7926959999995,2901.712558412925,2905.570079412925
input8000_rate2p5_reuse50_seed1,NEAREST_MIGRATE,4,0.0,0.018294,0.0,503.866806,0.0,503.8851,472.76776553500457,0.0,5.860328926453129e-06,8.037223848206622,503.8851,480.80499524354013,480.80499524354013
input8000_rate2p5_reuse50_seed1,NEAREST_MIGRATE,22,0.0,2.254746,0.0,517.235167,0.0,519.489913,474.6370156416255,0.0,0.0,7.663741148464666,519.489913,482.3007567900902,482.3007567900902
input8000_rate2p5_reuse50_seed1,NEAREST_MIGRATE,28,0.0,13.943854,0.0,523.537176,0.0,537.48103,478.5129607156484,0.0,0.0,12.82296350028092,537.48103,491.3359242159293,491.3359242159293
input8000_rate2p5_reuse50_seed1,NEAREST_MIGRATE,36,0.0,11.539373,0.0,530.739021,1.1368683772161603e-13,542.278394,477.9082033282122,0.0,3.584912074521619e-05,16.715921016454146,542.2783939999999,494.6241601937871,494.6241601937872
input8000_rate2p5_reuse50_seed1,NEAREST_MIGRATE,32,0.0,10.525997,0.0,527.863817,0.0,538.389814,475.62661863924836,0.0,1.0513748688763222e-06,11.780860413045922,538.389814,487.4074801036692,487.4074801036692
input8000_rate2p5_reuse50_seed1,NEAREST_MIGRATE,46,0.0,13.589198,0.0,537.249705,0.0,550.838903,480.21727698933216,0.0,4.1111019650402304e-05,11.153705603228403,550.838903,491.3710237035802,491.3710237035802
input8000_rate2p5_reuse50_seed1,NEAREST_MIGRATE,51,0.0,16.904012,0.0,536.565481,1.1368683772161603e-13,553.469493,478.2655599662427,0.0,0.0003873645862661294,10.87930070431505,553.4694929999999,489.145248035144,489.1452480351441
input8000_rate2p5_reuse50_seed1,NEAREST_MIGRATE,54,0.0,4.336177,0.0,541.336774,0.0,545.672951,478.2655599662427,0.0,0.00833487629952746,15.493578116035849,545.672951,493.767472958578,493.767472958578
input8000_rate2p5_reuse50_seed1,NEAREST_MIGRATE,80,0.0,0.60298,0.0,527.25412,0.0,527.8571,479.3376298803341,0.0,0.0,7.688338795033587,527.8571,487.02596867536766,487.02596867536766
input8000_rate2p5_reuse50_seed1,NEAREST_MIGRATE,94,0.0,13.104678,0.0,530.314666,0.0,543.419344,478.1830930497741,0.0,0.0,12.776585207506841,543.419344,490.9596782572809,490.9596782572809
input8000_rate2p5_reuse50_seed1,NEAREST_MIGRATE,81,0.0,143.46786,0.0,535.464924,0.0,678.932784,466.2253901618313,0.0,0.0,239.66970015622897,678.932784,705.8950903180603,705.8950903180603
input8000_rate2p5_reuse50_seed1,NEAREST_MIGRATE,115,0.0,0.133472,0.0,536.340398,0.0,536.47387,472.9326993679417,0.0,0.0,6.151533918208301,536.47387,479.08423328615004,479.08423328615004
input8000_rate2p5_reuse50_seed1,NEAREST_MIGRATE,129,0.0,15.380907,0.0,999.872219,3.7828700000000026,1019.035996,1056.1694869066203,0.0,323.0807281707417,53.623506389537624,1015.253126,1432.8737214668995,1436.6565914668995
input8000_rate2p5_reuse50_seed1,NEAREST_MIGRATE,133,0.0,19.587993,0.0,1063.188341,1.1427669999998216,1083.919101,1056.1419979344641,0.0,343.10591034220005,58.54464663919582,1082.7763340000001,1457.79255491586,1458.9353219158597
input8000_rate2p5_reuse50_seed1,NEAREST_MIGRATE,136,0.0,315.597806,0.0,892.392813,0.0,1207.990619,473.8123464769398,0.0,1.0219923999872344e-07,249.0782093929304,1207.9906190000002,722.8905559720695,722.8905559720695
input8000_rate2p5_reuse50_seed1,NEAREST_MIGRATE,137,0.0,723.93773,0.0,823.83636,0.0,1547.77409,473.1801001173475,0.0,1.0925941159756977e-05,1088.8411701402936,1547.77409,1562.0212811835822,1562.0212811835822
input8000_rate2p5_reuse50_seed1,NEAREST_MIGRATE,163,0.0,7.759896,0.0,1050.628389,0.7965389999999388,1059.184824,1054.987461103904,0.0,127.34837260599036,35.4711617893709,1058.388285,1217.8069954992652,1218.6035344992652
input8000_rate2p5_reuse50_seed1,NEAREST_MIGRATE,164,0.0,648.757027,0.0,1310.506331,3.349793999999747,1962.613152,1054.7400603544984,0.0,195.00900641185822,278.2582291348811,1959.2633580000002,1528.0072959012377,1531.3570899012375
input8000_rate2p5_reuse50_seed1,NEAREST_MIGRATE,152,0.0,15.117472,0.0,546.323857,0.0,561.441329,473.20758908950364,0.0,8.456746823922985e-05,4.2813034191347015,561.441329,477.4889770761066,477.4889770761066
input8000_rate2p5_reuse50_seed1,NEAREST_MIGRATE,185,0.0,25.771643,0.0,550.88209,0.0,576.653733,478.48547174349216,0.0,0.0029136375526465446,14.888203952423467,576.653733,493.37658933346825,493.37658933346825
input8000_rate2p5_reuse50_seed1,NEAREST_MIGRATE,191,0.0,5.833365,0.0,548.573928,0.0,554.407293,478.62291660427314,0.0,0.0040086753328563395,14.907528241079333,554.407293,493.53445352068536,493.53445352068536
input8000_rate2p5_reuse50_seed1,NEAREST_MIGRATE,197,0.0,6.456731,0.0,1037.440828,2.5159949999999753,1046.413554,1051.0565380855687,0.0,205.07347572870785,39.532764545533794,1043.897559,1295.6627783598103,1298.1787733598103
input8000_rate2p5_reuse50_seed1,NEAREST_MIGRATE,226,0.0,0.529486,0.0,1308.534826,2.5934050000000752,1311.657717,1056.0320420458393,0.0,620.1410792229238,293.8660234300007,1309.064312,1970.0391446987637,1972.6325496987638
input8000_rate2p5_reuse50_seed1,NEAREST_MIGRATE,230,0.0,41.065282,0.0,1032.427636,1.98432600000001,1075.477244,1055.399795686247,0.0,1186.5675127290388,273.79374313357596,1073.492918,2515.7610515488614,2517.745377548861
input8000_rate2p5_reuse50_seed1,NEAREST_MIGRATE,214,0.0,23.271242,0.0,1026.936646,0.8207259999999224,1051.028614,1049.489666672666,0.0,433.18386374811803,39.94876068031868,1050.2078880000001,1522.6222911011027,1523.4430171011027
input8000_rate2p5_reuse50_seed1,NEAREST_MIGRATE,217,0.0,193.205131,0.0,1042.791522,4.789919000000054,1240.786572,1049.1048210624795,0.0,294.4867735410813,265.2149380538676,1235.996653,1608.8065326574283,1613.5964516574284
input8000_rate2p5_reuse50_seed1,NEAREST_MIGRATE,225,0.0,14.162433,0.0,552.024679,0.0,566.187112,473.0701442287227,0.0,0.00019369639859613416,4.261979130478835,566.187112,477.33231705560013,477.33231705560013
input8000_rate2p5_reuse50_seed1,NEAREST_MIGRATE,243,1053.146429,25.799352,0.0,546.11677,0.0,1622.912763,475.9839752772789,0.0,2508.7444925216214,9.285931461704052,1625.062551,2994.0143992606045,2994.0143992606045
input8000_rate2p5_reuse50_seed1,NEAREST_MIGRATE,241,3312.103468,25.73436,0.0,1045.259396,0.0,4381.171221,1049.489666672666,0.0,7640.484612733723,60.31474940358715,4383.097223999999,8750.289028809977,8750.289028809977
input8000_rate2p5_reuse50_seed1,NEAREST_MIGRATE,256,5909.322861,19.108996,0.0,1037.748079,1.0908130000007077,6967.270749,1052.7608543592528,0.0,8462.2087478404,50.59909192902492,6966.1799359999995,9565.568694128677,9566.659507128677
input8000_rate2p5_reuse50_seed1,NEAREST_MIGRATE,269,13049.223975,25.953176,0.0,1044.618763,0.0,14117.890343,1053.7779463290317,0.0,4926.390942451524,45.165955898102595,14119.795914000002,6025.334844678659,6025.334844678659
input8000_rate2p5_reuse50_seed1,NEAREST_MIGRATE,262,9082.862857,26.021144,0.0,1048.061366,0.08544199999982993,10157.030809,1049.4071997561973,0.0,5640.539578863713,49.80201395602849,10156.945367,6739.74879257594,6739.834234575939
input8000_rate2p5_reuse50_seed1,NEAREST_MIGRATE,258,9476.168726,26.090072,0.0,1052.67555,0.3802740000000995,10555.314622,1048.0602401205442,0.0,6472.310877914439,54.863206364383544,10554.934348,7575.234324399366,7575.6145983993665
input8000_rate2p5_reuse50_seed1,NEAREST_MIGRATE,264,12833.955574,26.082744,0.0,1055.960634,3.6942230000006475,13919.693175,1049.7370674220717,0.0,3686.9617253960932,39.34725137443745,13915.998951999998,4776.0460441926025,4779.740267192603
input8000_rate2p5_reuse50_seed1,NEAREST_MIGRATE,19,0.0,0.060122,0.0,503.866806,0.0,503.926928,479.77745343483315,0.0,0.0,9.022762569655981,503.926928,488.80021600448913,488.80021600448913
input8000_rate2p5_reuse50_seed1,NEAREST_MIGRATE,23,0.0,1.283221,0.0,560.737179,0.0,562.0204,479.5850306297398,0.0,8.346813808639686e-07,18.22426338897928,562.0204,497.80929485340044,497.80929485340044
input8000_rate2p5_reuse50_seed1,NEAREST_MIGRATE,24,0.0,199.371136,0.0,823.035839,0.0,1022.406975,477.60582463449407,0.0,2.5321854504471817e-05,261.17679708679486,1022.406975,738.7826470431435,738.7826470431435
input8000_rate2p5_reuse50_seed1,NEAREST_MIGRATE,21,0.0,14.575767,0.0,516.711871,0.0,531.287638,473.15261114519126,0.0,0.0,7.780604160774445,531.287638,480.9332153059657,480.9332153059657
input8000_rate2p5_reuse50_seed1,NEAREST_MIGRATE,37,0.0,2.39503,0.0,531.270061,0.0,533.665091,473.1801001173475,0.0,1.4797723707159891e-05,5.550024612327093,533.6650910000001,478.73013952739825,478.73013952739825
input8000_rate2p5_reuse50_seed1,NEAREST_MIGRATE,57,0.0,19.235462,0.0,528.048329,0.0,547.283791,480.052343156395,0.0,0.0,7.152532070582353,547.283791,487.2048752269774,487.2048752269774
input8000_rate2p5_reuse50_seed1,NEAREST_MIGRATE,42,0.0,17.858232,0.0,537.165033,0.0,555.023265,473.20758908950364,0.0,8.12043469852159e-06,10.168166881779044,555.023265,483.3757640917174,483.3757640917174
input8000_rate2p5_reuse50_seed1,NEAREST_MIGRATE,60,0.0,6.587063,0.0,530.877645,0.0,537.464708,477.8532253838998,0.0,2.517276449493481e-06,11.457620863809225,537.464708,489.3108487649855,489.3108487649855
input8000_rate2p5_reuse50_seed1,NEAREST_MIGRATE,79,0.0,3.701153,0.0,546.663904,0.0,550.365057,479.14520707524076,0.0,0.00021115508040216898,15.617253563433415,550.365057,494.7626717937546,494.7626717937546
input8000_rate2p5_reuse50_seed1,NEAREST_MIGRATE,70,0.0,13.858447,0.0,537.395092,1.1368683772161603e-13,551.253539,475.571640694936,0.0,2.0665378226891263e-06,11.136837672121786,551.2535389999999,486.7084804335956,486.7084804335957
input8000_rate2p5_reuse50_seed1,NEAREST_MIGRATE,72,0.0,2.537067,0.0,541.940665,0.0,544.477732,473.262567033816,0.0,4.0366184244371766e-05,10.17589659724139,544.477732,483.43850399724164,483.43850399724164
input8000_rate2p5_reuse50_seed1,NEAREST_MIGRATE,84,0.0,6.215482,0.0,551.461948,0.0,557.67743,473.3175449781284,0.0,0.002050988954910881,8.911040261780187,557.67743,482.2306362288635,482.2306362288635
input8000_rate2p5_reuse50_seed1,NEAREST_MIGRATE,95,0.0,9.918767,0.0,546.997308,0.0,556.916075,472.9876773122541,0.0,0.004857155896757834,9.500954994467875,556.916075,482.49348946261875,482.49348946261875
input8000_rate2p5_reuse50_seed1,NEAREST_MIGRATE,112,0.0,215.726851,0.0,546.372968,0.0,762.099819,475.0218612518122,0.0,0.000542442552875265,239.3042898458463,762.099819,714.3266935402114,714.3266935402114
input8000_rate2p5_reuse50_seed1,NEAREST_MIGRATE,111,0.0,3.235529,0.0,543.852845,0.0,547.088374,473.1801001173475,0.0,1.9296147787286562e-05,4.91373158686531,547.088374,478.0938510003606,478.0938510003606
input8000_rate2p5_reuse50_seed1,NEAREST_MIGRATE,117,0.0,16.636477,0.0,547.228807,0.0,563.865284,473.0701442287227,0.0,0.0108259601148683,243.74640045599608,563.865284,716.8273706448336,716.8273706448336
input8000_rate2p5_reuse50_seed1,NEAREST_MIGRATE,139,0.0,4.884887,0.0,546.695254,0.0,551.580141,473.20758908950364,0.0,5.428851602198825e-06,4.917596444596484,551.580141,478.1251909629517,478.1251909629517
input8000_rate2p5_reuse50_seed1,NEAREST_MIGRATE,167,0.0,14.063341,0.0,534.90586,0.0,548.969201,478.6778945485855,0.0,0.0,11.573566595744438,548.969201,490.25146114432994,490.25146114432994
input8000_rate2p5_reuse50_seed1,NEAREST_MIGRATE,158,0.0,14.057708,0.0,537.05521,0.0,551.112918,473.45498983890934,0.0,0.0,5.5886731896388255,551.112918,479.04366302854817,479.04366302854817
input8000_rate2p5_reuse50_seed1,NEAREST_MIGRATE,193,0.0,14.100997,0.0,535.015938,0.0,549.116935,478.9802732423036,0.0,0.0,7.0018026190665665,549.116935,485.98207586137016,485.98207586137016
input8000_rate2p5_reuse50_seed1,NEAREST_MIGRATE,201,0.0,19.787377,0.0,531.56489,0.0,551.352267,474.88441639103127,0.0,0.0,11.676509254304214,551.352267,486.5609256453355,486.5609256453355
input8000_rate2p5_reuse50_seed1,NEAREST_MIGRATE,203,0.0,49.449223,0.0,538.614903,0.0,588.064126,474.2521700314389,0.0,0.00019243628134498627,245.5147541227949,588.064126,719.7671165905151,719.7671165905151
input8000_rate2p5_reuse50_seed1,NEAREST_MIGRATE,247,0.0,9.237455,0.0,533.502541,1.1368683772161603e-13,542.739996,473.1801001173475,0.0,0.0,6.822610663250629,542.7399959999999,480.00271078059814,480.00271078059825
input8000_rate2p5_reuse50_seed1,NEAREST_MIGRATE,277,0.0,118.518709,0.0,838.799573,0.0,957.318282,479.94238726777024,0.0,0.0004194894332150352,260.7667788711405,957.318282,740.709585628344,740.709585628344
input8000_rate2p5_reuse50_seed1,NEAREST_MIGRATE,271,0.0,0.800026,0.0,533.496867,0.0,534.296893,477.02855621921407,0.0,0.0,12.614261182797534,534.296893,489.6428174020116,489.6428174020116
input8000_rate2p5_reuse50_seed1,NEAREST_MIGRATE,265,0.0,0.880527,0.0,523.02347,0.0,523.903997,473.15261114519126,0.0,0.0,7.455038830981252,523.903997,480.6076499761725,480.6076499761725
input8000_rate2p5_reuse50_seed1,NEAREST_MIGRATE,281,0.0,15.099827,0.0,538.870401,0.0,553.970228,477.41340182940075,0.0,0.020800594538721955,21.26063098901379,553.970228,498.69483341295324,498.69483341295324
input8000_rate2p5_reuse50_seed1,NEAREST_MIGRATE,276,0.0,3.366192,0.0,570.322396,0.0,573.688588,473.0976332008789,0.0,0.0,16.675863938960468,573.688588,489.7734971398393,489.7734971398393
input8000_rate2p5_reuse50_seed1,NEAREST_MIGRATE,297,0.0,15.681869,0.0,549.142038,0.0,564.823907,477.3859128572446,0.0,8.344136262638097,9.483039205993933,564.823907,495.21308832587664,495.21308832587664
input8000_rate2p5_reuse50_seed1,NEAREST_MIGRATE,286,0.0,13.985098,0.0,543.292399,0.0,557.277497,473.20758908950364,0.0,0.2624273359267915,20.033014730682396,557.277497,493.50303115611285,493.50303115611285
input8000_rate2p5_reuse50_seed1,NEAREST_MIGRATE,12,0.0,0.000184,0.0,503.866806,0.0,503.86699,473.1251221730351,0.0,5.4793054954228484e-08,8.087466998711875,503.86699,481.21258922654005,481.21258922654005
input8000_rate2p5_reuse50_seed1,NEAREST_MIGRATE,29,0.0,16.144803,0.0,517.571679,0.0,533.716482,474.05974722634556,0.0,0.0,7.582579136109999,533.716482,481.64232636245555,481.64232636245555
input8000_rate2p5_reuse50_seed1,NEAREST_MIGRATE,34,0.0,12.375427,0.0,523.68188,1.1368683772161603e-13,536.057307,477.880714356056,0.0,0.0,12.734071772463935,536.0573069999999,490.61478612851994,490.61478612852005
input8000_rate2p5_reuse50_seed1,NEAREST_MIGRATE,55,0.0,11.922881,0.0,523.955704,1.1368683772161603e-13,535.878585,477.08353416352645,0.0,0.0,7.371420461077321,535.8785849999999,484.4549546246038,484.4549546246039
input8000_rate2p5_reuse50_seed1,NEAREST_MIGRATE,62,0.0,3.373903,0.0,528.422345,0.0,531.796248,477.880714356056,0.0,3.2848833462976857e-09,12.097778747002188,531.796248,489.9784931063431,489.9784931063431
input8000_rate2p5_reuse50_seed1,NEAREST_MIGRATE,82,0.0,14.838049,0.0,524.145848,0.0,538.983897,478.48547174349216,0.0,0.0,7.568528205367187,538.983897,486.0539999488593,486.0539999488593
input8000_rate2p5_reuse50_seed1,NEAREST_MIGRATE,96,0.0,4.999133,0.0,516.970367,0.0,521.9695,473.15261114519126,0.0,0.0,12.705609268163798,521.9695,485.85822041335507,485.85822041335507
input8000_rate2p5_reuse50_seed1,NEAREST_MIGRATE,119,0.0,9.160142,0.0,536.667578,0.0,545.82772,479.77745343483315,0.0,0.0,12.364453930453188,545.82772,492.14190736528633,492.14190736528633
input8000_rate2p5_reuse50_seed1,NEAREST_MIGRATE,108,0.0,13.279162,0.0,523.623064,0.0,536.902226,473.0426552565665,0.0,0.0,12.053856811777322,536.902226,485.0965120683438,485.0965120683438
input8000_rate2p5_reuse50_seed1,NEAREST_MIGRATE,138,0.0,0.086467,0.0,538.370587,0.0,538.457054,473.0426552565665,0.0,0.0,6.166993349132994,538.457054,479.2096486056995,479.2096486056995
input8000_rate2p5_reuse50_seed1,NEAREST_MIGRATE,179,0.0,18.763067,0.0,526.519512,1.1368683772161603e-13,545.282579,479.96987623992646,0.0,0.0,7.777230522850601,545.2825789999999,487.7471067627771,487.7471067627772
input8000_rate2p5_reuse50_seed1,NEAREST_MIGRATE,160,0.0,7.912502,0.0,521.215979,0.0,529.128481,473.1801001173475,0.0,0.0,7.458903688712425,529.128481,480.6390038060599,480.6390038060599
input8000_rate2p5_reuse50_seed1,NEAREST_MIGRATE,189,0.0,17.06595,0.0,537.310259,0.0,554.376209,478.8428283815227,0.0,1.3431567902072906e-07,16.847326179314052,554.376209,495.6901546951524,495.6901546951524
input8000_rate2p5_reuse50_seed1,NEAREST_MIGRATE,196,0.0,81.877,0.0,840.039337,0.0,921.916337,480.02485418423885,0.0,2.898952533987782e-05,260.03984232152993,921.916337,740.0647254952942,740.0647254952942
input8000_rate2p5_reuse50_seed1,NEAREST_MIGRATE,195,0.0,13.417374,0.0,569.822775,0.0,583.240149,479.3101409081779,0.0,4.273945466262949e-07,16.913028760744012,583.240149,496.2231700963165,496.2231700963165
input8000_rate2p5_reuse50_seed1,NEAREST_MIGRATE,184,0.0,20.256415,0.0,536.175208,0.0,556.431623,474.4445928365322,0.0,0.0,11.614671530605442,556.431623,486.05926436713764,486.05926436713764
input8000_rate2p5_reuse50_seed1,NEAREST_MIGRATE,206,0.0,4.995054,0.0,545.197075,0.0,550.192129,476.28635397099697,0.0,0.002548354625269555,19.829585771112107,550.192129,496.1184880967343,496.1184880967343
input8000_rate2p5_reuse50_seed1,NEAREST_MIGRATE,200,0.0,8.908326,0.0,542.442691,0.0,551.351017,473.3725229224408,0.0,0.00038536166686140954,20.056203877069443,551.351017,493.4291121611771,493.4291121611771
input8000_rate2p5_reuse50_seed1,NEAREST_MIGRATE,216,2284.555831,23.512785,0.0,1041.120643,0.0,3346.927162,1054.987461103904,0.0,6017.247879133397,40.41100453088488,3349.1892589999998,7112.646344768186,7112.646344768186
input8000_rate2p5_reuse50_seed1,NEAREST_MIGRATE,224,591.204549,25.893976,0.0,549.296816,0.0,1163.448279,474.4720818086884,0.0,2103.918826576655,9.073364286489493,1166.395341,2587.464272671833,2587.464272671833
input8000_rate2p5_reuse50_seed1,NEAREST_MIGRATE,257,0.0,5.121781,0.0,549.004574,0.0,554.126355,478.9252952979912,0.0,7.532197850765731,9.69947123893968,554.1263550000001,496.15696438769663,496.15696438769663
input8000_rate2p5_reuse50_seed1,NEAREST_MIGRATE,245,0.0,11.765937,0.0,547.728238,0.0,559.494175,473.15261114519126,0.0,0.673938433100319,14.77471457803749,559.494175,488.6012641563291,488.6012641563291
input8000_rate2p5_reuse50_seed1,NEAREST_MIGRATE,250,0.0,6.149604,0.0,1027.244833,4.417511999999988,1037.811949,1049.5721335891346,0.0,438.24479621011164,39.9603552535122,1033.394437,1527.7772850527585,1532.1947970527585
input8000_rate2p5_reuse50_seed1,NEAREST_MIGRATE,279,0.0,15.79143,0.0,540.637937,0.0,556.429367,479.88740932345786,0.0,0.0,6.493049898733531,556.429367,486.3804592221914,486.3804592221914
input8000_rate2p5_reuse50_seed1,NEAREST_MIGRATE,288,0.0,4.133412,0.0,546.300393,0.0,550.433805,479.8049424069893,0.0,0.0002883155654492841,15.710010148981588,550.433805,495.5152408715363,495.5152408715363
input8000_rate2p5_reuse50_seed1,NEAREST_MIGRATE,294,0.0,13.842011,0.0,551.029284,1.1368683772161603e-13,564.871295,479.5300526854274,0.0,0.007143358688283477,20.28563898339064,564.8712949999999,499.8228350275063,499.8228350275064
input8000_rate2p5_reuse50_seed1,NEAREST_MIGRATE,292,0.0,3.654128,0.0,545.890037,0.0,549.544165,477.5233577180255,0.0,0.0002941345275469197,10.464221849904789,549.544165,487.9878737024579,487.9878737024579
input8000_rate2p5_reuse50_seed1,NEAREST_MIGRATE,283,0.0,19.846721,0.0,544.846483,0.0,564.693204,473.2350780616598,0.0,6.016671357081575e-06,10.172031739510217,564.693204,483.4071158178414,483.4071158178414
input8000_rate2p5_reuse50_seed1,NEAREST_MIGRATE,15,0.0,0.575064,0.0,560.824379,0.0,561.399443,478.1006261333055,0.0,6.179304643371909e-05,18.015561071495895,561.399443,496.11624899784783,496.11624899784783
input8000_rate2p5_reuse50_seed1,NEAREST_MIGRATE,20,0.0,173.804926,0.0,529.918925,0.0,703.723851,477.9356923003684,0.0,0.005396032475937607,242.20287587025322,703.723851,720.1439642030975,720.1439642030975
input8000_rate2p5_reuse50_seed1,NEAREST_MIGRATE,17,0.0,40.865526,0.0,823.151199,0.0,864.016725,477.71578052311884,0.0,0.00016261544294161922,261.19225651771956,864.0167250000001,738.9081996562813,738.9081996562813
input8000_rate2p5_reuse50_seed1,NEAREST_MIGRATE,2,0.0,0.027802,0.0,503.866806,0.0,503.894608,472.87772142362934,0.0,6.149058070352442e-06,8.052683279131315,503.894608,480.93041085181875,480.93041085181875
input8000_rate2p5_reuse50_seed1,NEAREST_MIGRATE,8,0.0,6.214291,0.0,516.773951,0.0,522.988242,474.22468105928266,0.0,1.8970673521057346e-05,12.856338719679584,522.988242,487.08103874963575,487.08103874963575
input8000_rate2p5_reuse50_seed1,NEAREST_MIGRATE,45,0.0,19.24045,0.0,538.565993,0.0,557.806443,473.20758908950364,0.0,2.2432800598485772e-05,4.917596444596484,557.8064430000001,478.12520796690075,478.12520796690075
input8000_rate2p5_reuse50_seed1,NEAREST_MIGRATE,52,0.0,3.704746,0.0,523.740024,0.0,527.44477,474.11472517065795,0.0,0.0,12.204586263293109,527.44477,486.31931143395104,486.31931143395104
input8000_rate2p5_reuse50_seed1,NEAREST_MIGRATE,63,0.0,4.376834,0.0,523.389144,0.0,527.765978,479.475074741115,0.0,0.0,7.707663083689454,527.765978,487.18273782480446,487.18273782480446
input8000_rate2p5_reuse50_seed1,NEAREST_MIGRATE,78,0.0,10.726609,0.0,531.22901,0.0,541.955619,477.8257364117436,0.0,0.0,6.83947859435726,541.9556190000001,484.6652150061009,484.6652150061009
input8000_rate2p5_reuse50_seed1,NEAREST_MIGRATE,99,0.0,17.657133,0.0,532.085504,0.0,549.742637,477.5783356623379,0.0,0.0,12.691558337421029,549.7426370000001,490.26989399975895,490.26989399975895
input8000_rate2p5_reuse50_seed1,NEAREST_MIGRATE,102,0.0,7.040306,0.0,534.402681,0.0,541.442987,478.23807099408646,0.0,0.0,17.39859233469,541.442987,495.6366633287765,495.6366633287765
input8000_rate2p5_reuse50_seed1,NEAREST_MIGRATE,90,0.0,6.189821,0.0,528.194957,0.0,534.384778,473.20758908950364,0.0,0.0,6.826475520981802,534.3847780000001,480.0340646104854,480.0340646104854
input8000_rate2p5_reuse50_seed1,NEAREST_MIGRATE,122,0.0,216.57334,0.0,536.8471,0.0,753.42044,477.7707584674312,0.0,1.9840228963326394e-09,240.7588854752026,753.42044,718.5296439446179,718.5296439446179
input8000_rate2p5_reuse50_seed1,NEAREST_MIGRATE,121,0.0,20.902646,0.0,537.048081,0.0,557.950727,477.22097902430744,0.0,0.0,6.7544517242714335,557.950727,483.9754307485789,483.9754307485789
input8000_rate2p5_reuse50_seed1,NEAREST_MIGRATE,130,0.0,12.137412,0.0,542.667562,0.0,554.804974,478.1006261333055,0.0,9.260493140816681e-06,16.106681995110577,554.804974,494.20731738890925,494.20731738890925
input8000_rate2p5_reuse50_seed1,NEAREST_MIGRATE,140,0.0,6.408479,0.0,547.849099,0.0,554.257578,473.6474126440027,0.0,0.0001182159135651749,9.593711580016056,554.257578,483.2412424399323,483.2412424399323
input8000_rate2p5_reuse50_seed1,NEAREST_MIGRATE,183,0.0,10.387577,0.0,534.293127,0.0,544.680704,478.62291660427314,0.0,0.0,12.202129905743881,544.680704,490.82504651001705,490.82504651001705
input8000_rate2p5_reuse50_seed1,NEAREST_MIGRATE,168,0.0,11.018761,0.0,984.065811,7.423211999999921,1002.507784,1049.5446446169785,0.0,159.01990836001553,37.25109206044556,995.0845720000001,1245.8156450374397,1253.2388570374396
input8000_rate2p5_reuse50_seed1,NEAREST_MIGRATE,177,0.0,16.051836,0.0,531.873905,0.0,547.925741,473.0976332008789,0.0,0.0,6.811016090057109,547.925741,479.90864929093595,479.90864929093595
input8000_rate2p5_reuse50_seed1,NEAREST_MIGRATE,188,0.0,4.06221,0.0,534.934475,0.0,538.996685,473.20758908950364,0.0,6.583347506802911e-07,11.130025237034033,538.9966850000001,484.3376149848724,484.3376149848724
input8000_rate2p5_reuse50_seed1,NEAREST_MIGRATE,211,0.0,14.547089,0.0,545.280259,0.0,559.827348,479.2826519360217,0.0,0.00030967919637344836,10.386007414906715,559.827348,489.6689690301248,489.6689690301248
input8000_rate2p5_reuse50_seed1,NEAREST_MIGRATE,213,0.0,25.479066,0.0,1027.922444,3.3141699999998764,1056.71568,1054.7950382988106,0.0,263.1939493565604,40.05838519697345,1053.4015100000001,1358.0473728523443,1361.3615428523442
input8000_rate2p5_reuse50_seed1,NEAREST_MIGRATE,204,0.0,19.203996,0.0,537.212182,0.0,556.416178,475.2692620012179,0.0,0.0,5.843753799896305,556.416178,481.1130158011142,481.1130158011142
input8000_rate2p5_reuse50_seed1,NEAREST_MIGRATE,207,0.0,0.125303,0.0,1019.744368,1.5982659999999669,1021.467937,1049.5171556448222,0.0,110.22447659144298,35.33834812632905,1019.869671,1195.0799803625941,1196.678246362594
input8000_rate2p5_reuse50_seed1,NEAREST_MIGRATE,227,1681.523404,26.026648,0.0,551.847608,0.0,2248.431984,478.54044968780454,0.0,2907.6790115530853,14.895933667885814,2259.39766,3401.1153949087757,3401.1153949087757
input8000_rate2p5_reuse50_seed1,NEAREST_MIGRATE,232,4545.226081,25.940408,0.0,1043.08815,0.0,5613.488421,1056.2244648509327,0.0,4540.94233635321,40.2593577989945,5614.254639000001,5637.4261590031365,5637.4261590031365
input8000_rate2p5_reuse50_seed1,NEAREST_MIGRATE,234,7140.885303,25.89676,0.0,1034.50544,3.4185190000002876,8204.706022,1055.6746854078087,0.0,5805.205202953296,40.50762597416423,8201.287503,6901.387514335269,6904.80603333527
input8000_rate2p5_reuse50_seed1,NEAREST_MIGRATE,237,1299.662672,25.974424,0.0,551.264802,1.181846999999948,1878.083745,473.15261114519126,0.0,2697.289364667594,8.887851115393147,1876.901898,3179.329826928178,3180.511673928178
input8000_rate2p5_reuse50_seed1,NEAREST_MIGRATE,255,5710.516567,25.98588,0.0,550.677109,0.0,6285.50949,479.5300526854274,0.0,2825.4967396925754,9.784498109025506,6287.179556,3314.8112904870286,3314.8112904870286
input8000_rate2p5_reuse50_seed1,NEAREST_MIGRATE,274,0.0,2.344077,0.0,546.657764,0.0,549.001841,479.11771810308454,0.0,0.00016153749666064296,10.362818268519668,549.001841,489.48069790910085,489.48069790910085
input8000_rate2p5_reuse50_seed1,NEAREST_MIGRATE,289,0.0,3.137979,0.0,1014.343055,8.946160000000077,1026.427194,1054.685082410186,0.0,192.86432205958047,36.06494137978976,1017.481034,1283.6143458495562,1292.5605058495562
input8000_rate2p5_reuse50_seed1,NEAREST_MIGRATE,295,0.0,9.873065,0.0,542.491246,0.0,552.364311,475.2692620012179,0.0,0.016505600567918395,5.207460774434523,552.364311,480.4932283762203,480.4932283762203
input8000_rate2p5_reuse50_seed1,NEAREST_MIGRATE,1,0.0,1.557371,0.0,503.866806,0.0,505.424177,480.052343156395,0.0,6.93260286928171e-06,9.061411146967714,505.424177,489.11376123596557,489.11376123596557
input8000_rate2p5_reuse50_seed1,NEAREST_MIGRATE,11,0.0,2.085315,0.0,516.854079,0.0,518.939394,478.54044968780454,0.0,2.340090462878793e-06,13.463121383473904,518.939394,492.0035734113689,492.0035734113689
input8000_rate2p5_reuse50_seed1,NEAREST_MIGRATE,30,0.0,4.141175,0.0,557.986653,0.0,562.127828,478.23807099408646,0.0,0.0,8.170037511248452,562.127828,486.4081085053349,486.4081085053349
input8000_rate2p5_reuse50_seed1,NEAREST_MIGRATE,31,0.0,25.420235,0.0,817.554365,0.0,842.9746,473.8673244212522,0.0,0.0,250.88856668379418,842.9746,724.7558911050464,724.7558911050464
input8000_rate2p5_reuse50_seed1,NEAREST_MIGRATE,48,0.0,8.579425,0.0,523.342296,0.0,531.921721,478.1006261333055,0.0,0.0,7.514420197130761,531.921721,485.61504633043626,485.61504633043626
input8000_rate2p5_reuse50_seed1,NEAREST_MIGRATE,59,0.0,89.420754,0.0,834.552929,1.1368683772161603e-13,923.973683,479.72247549052076,0.0,0.000113830787118372,259.997328886487,923.9736829999999,739.719918207795,739.7199182077951
input8000_rate2p5_reuse50_seed1,NEAREST_MIGRATE,56,0.0,4.680138,0.0,527.688553,0.0,532.368691,474.4720818086884,0.0,0.0,11.618536388336615,532.368691,486.09061819702504,486.09061819702504
input8000_rate2p5_reuse50_seed1,NEAREST_MIGRATE,58,0.0,15.079892,0.0,567.042153,0.0,582.122045,473.3725229224408,0.0,3.029455149265317e-06,16.07821949081044,582.122045,489.45074544270636,489.45074544270636
input8000_rate2p5_reuse50_seed1,NEAREST_MIGRATE,83,0.0,18.211838,0.0,539.810091,0.0,558.021929,478.1556040776179,0.0,0.0,6.2495638616695715,558.021929,484.4051679392875,484.4051679392875
input8000_rate2p5_reuse50_seed1,NEAREST_MIGRATE,97,0.0,14.964076,0.0,538.271873,0.0,553.235949,480.189788017176,0.0,1.8402051792933546e-06,11.786133770959012,553.235949,491.9759236283402,491.9759236283402
input8000_rate2p5_reuse50_seed1,NEAREST_MIGRATE,86,0.0,18.722612,0.0,538.563417,0.0,557.286029,474.85692741887505,0.0,0.0,11.036351371111252,557.286029,485.8932787899863,485.8932787899863
input8000_rate2p5_reuse50_seed1,NEAREST_MIGRATE,107,0.0,15.787982,0.0,538.505367,0.0,554.293349,476.89111135843314,0.0,1.4120195606477898e-05,11.322350843218132,554.293349,488.2134763218469,488.2134763218469
input8000_rate2p5_reuse50_seed1,NEAREST_MIGRATE,149,0.0,17.393486,0.0,526.013215,0.0,543.406701,479.8324313791455,0.0,0.0,8.719764589449724,543.406701,488.5521959685952,488.5521959685952
input8000_rate2p5_reuse50_seed1,NEAREST_MIGRATE,145,0.0,0.008752,0.0,509.173936,0.0,509.182688,479.3101409081779,0.0,0.0,8.957059988226007,509.18268800000004,488.2672008964039,488.2672008964039
input8000_rate2p5_reuse50_seed1,NEAREST_MIGRATE,154,0.0,5.061261,0.0,530.781508,0.0,535.842769,473.97728030987696,0.0,0.0,17.435832411819817,535.842769,491.4131127216968,491.4131127216968
input8000_rate2p5_reuse50_seed1,NEAREST_MIGRATE,170,0.0,2.492224,0.0,535.457162,0.0,537.949386,479.3376298803341,0.0,0.0,7.0520457695718335,537.949386,486.38967564990594,486.38967564990594
input8000_rate2p5_reuse50_seed1,NEAREST_MIGRATE,175,0.0,16.317296,0.0,542.026368,0.0,558.343664,476.06644219374743,0.0,4.241175229473846e-07,11.206405111282919,558.343664,487.2728477291479,487.2728477291479
input8000_rate2p5_reuse50_seed1,NEAREST_MIGRATE,178,0.0,150.594632,0.0,1286.107585,1.2280880000000707,1437.930305,1050.341824809508,0.0,279.3881252851765,284.0419192508908,1436.702217,1613.7718693455752,1614.9999573455752
input8000_rate2p5_reuse50_seed1,NEAREST_MIGRATE,198,0.0,1.03679,0.0,539.295485,0.0,540.332275,477.4958687458693,0.0,2.198318020926619e-05,10.771084687842183,540.332275,488.2669754168917,488.2669754168917
input8000_rate2p5_reuse50_seed1,NEAREST_MIGRATE,186,0.0,5.308635,0.0,543.042999,0.0,548.351634,473.20758908950364,0.0,0.31898320709176975,14.782444293499836,548.351634,488.30901659009527,488.30901659009527
input8000_rate2p5_reuse50_seed1,NEAREST_MIGRATE,208,0.0,1.912434,0.0,547.751675,1.1368683772161603e-13,549.664109,477.99067024468076,0.0,4.040601438161133,14.818636513262334,549.6641089999999,496.84990819610425,496.84990819610437
input8000_rate2p5_reuse50_seed1,NEAREST_MIGRATE,199,0.0,22.108203,0.0,541.83158,0.0,563.939783,473.6749016161589,0.0,0.3097622168548262,4.672571330357869,563.939783,478.6572351633716,478.6572351633716
input8000_rate2p5_reuse50_seed1,NEAREST_MIGRATE,242,0.0,96.328536,0.0,861.84673,0.0,958.175266,479.2826519360217,0.0,14.608895702325935,253.20785847999747,958.175266,747.0994061183451,747.0994061183451
input8000_rate2p5_reuse50_seed1,NEAREST_MIGRATE,240,0.0,3.866385,0.0,584.504975,0.0,588.37136,478.3480268827112,0.0,0.5697924776511798,10.254602252046801,588.37136,489.1724216124092,489.1724216124092
input8000_rate2p5_reuse50_seed1,NEAREST_MIGRATE,228,0.0,8.380036,0.0,550.792751,0.0,559.172787,475.5441517227798,0.0,0.19529897665489293,4.609816326284488,559.172787,480.3492670257192,480.3492670257192
input8000_rate2p5_reuse50_seed1,NEAREST_MIGRATE,266,0.0,242.320177,0.0,1017.682201,5.995980999999915,1265.998359,1055.7571523242773,0.0,161.09266449019958,270.55577322062413,1260.002378,1487.4055900351009,1493.401571035101
input8000_rate2p5_reuse50_seed1,NEAREST_MIGRATE,252,0.0,12.817855,0.0,1039.938677,4.228811999999834,1056.985344,1048.774953396605,0.0,324.83698490838196,39.211981353846355,1052.756532,1412.8239196588333,1417.0527316588332
input8000_rate2p5_reuse50_seed1,NEAREST_MIGRATE,263,0.0,19.150536,0.0,544.358787,0.0,563.509323,475.7915524721855,0.0,0.0,5.917186096788612,563.509323,481.7087385689741,481.7087385689741
input8000_rate2p5_reuse50_seed1,NEAREST_MIGRATE,284,0.0,2.885654,0.0,549.807574,0.0,552.693228,480.02485418423885,0.0,9.078616087759371e-05,5.239788136465847,552.6932280000001,485.26473310686555,485.26473310686555
input8000_rate2p5_reuse50_seed1,NEAREST_MIGRATE_KV,7,0.0,159.264103,0.0,516.688223,0.0,675.952326,473.1251221730351,0.0,2.2531901841970783e-05,241.70788930299256,675.952326,714.8330340079294,714.8330340079294
input8000_rate2p5_reuse50_seed1,NEAREST_MIGRATE_KV,5,0.0,0.006882,0.0,503.866806,0.0,503.873688,473.0151662844103,0.0,5.897755252633948e-06,8.072007567787175,503.873688,481.0871797499528,481.0871797499528
input8000_rate2p5_reuse50_seed1,NEAREST_MIGRATE_KV,39,0.0,12.258403,0.0,528.554537,0.0,540.81294,479.4200967968026,0.0,0.0,12.314210779947913,540.81294,491.73430757675055,491.73430757675055
input8000_rate2p5_reuse50_seed1,NEAREST_MIGRATE_KV,35,0.0,2.193052,0.0,524.673272,0.0,526.866324,475.48917377846743,0.0,0.0,7.147258712669235,526.866324,482.63643249113665,482.63643249113665
input8000_rate2p5_reuse50_seed1,NEAREST_MIGRATE_KV,71,0.0,0.022246,0.0,503.866806,0.0,503.889052,479.14520707524076,0.0,0.0,8.93387084183896,503.889052,488.0790779170797,488.0790779170797
input8000_rate2p5_reuse50_seed1,NEAREST_MIGRATE_KV,74,0.0,16.516332,0.0,516.717567,0.0,533.233899,478.7603614650541,0.0,0.0,13.494040245323284,533.2338990000001,492.25440171037735,492.25440171037735
input8000_rate2p5_reuse50_seed1,NEAREST_MIGRATE_KV,105,0.0,32.044334,0.0,817.758589,0.0,849.802923,478.43049379917977,0.0,0.0,251.53013306716906,849.8029230000001,729.9606268663488,729.9606268663488
input8000_rate2p5_reuse50_seed1,NEAREST_MIGRATE_KV,109,0.0,9.299104,0.0,530.222246,0.0,539.52135,478.1281151054617,0.0,0.0,18.01942592922706,539.52135,496.14754103468874,496.14754103468874
input8000_rate2p5_reuse50_seed1,NEAREST_MIGRATE_KV,104,0.0,1.068577,0.0,558.173757,0.0,559.242334,475.9839752772789,0.0,0.0,7.853119177292179,559.242334,483.83709445457106,483.83709445457106
input8000_rate2p5_reuse50_seed1,NEAREST_MIGRATE_KV,114,0.0,0.470551,0.0,531.38824,0.0,531.858791,476.83613341412075,0.0,0.0,17.527049920193335,531.858791,494.3631833343141,494.3631833343141
input8000_rate2p5_reuse50_seed1,NEAREST_MIGRATE_KV,144,0.0,6.251195,0.0,568.10775,0.0,574.358945,478.29304893839884,0.0,0.0,6.905181175787213,574.3589450000001,485.19823011418606,485.19823011418606
input8000_rate2p5_reuse50_seed1,NEAREST_MIGRATE_KV,155,0.0,15.442794,0.0,529.650714,0.0,545.093508,476.25886499884075,0.0,0.0,17.75661560350725,545.093508,494.015480602348,494.015480602348
input8000_rate2p5_reuse50_seed1,NEAREST_MIGRATE_KV,146,0.0,65.68865,0.0,837.259034,0.0,902.947684,473.1251221730351,0.0,0.0,249.30715327944426,902.947684,722.4322754524794,722.4322754524794
input8000_rate2p5_reuse50_seed1,NEAREST_MIGRATE_KV,171,0.0,9.626501,0.0,570.099283,0.0,579.725784,480.1073211007074,0.0,0.0,6.8495340903761175,579.725784,486.9568551910835,486.9568551910835
input8000_rate2p5_reuse50_seed1,NEAREST_MIGRATE_KV,169,0.0,19.896115,0.0,534.435623,0.0,554.331738,473.20758908950364,0.0,0.0,11.440752932702608,554.331738,484.64834202220624,484.64834202220624
input8000_rate2p5_reuse50_seed1,NEAREST_MIGRATE_KV,173,0.0,106.21387,0.0,840.289669,0.0,946.503539,473.1801001173475,0.0,0.003702400823964011,248.9019172018957,946.503539,722.0857197200671,722.0857197200671
input8000_rate2p5_reuse50_seed1,NEAREST_MIGRATE_KV,215,0.0,9.77778,0.0,530.023953,0.0,539.801733,473.1251221730351,0.0,0.0,6.814880947788275,539.801733,479.94000312082335,479.94000312082335
input8000_rate2p5_reuse50_seed1,NEAREST_MIGRATE_KV,238,0.0,16.240201,0.0,560.939678,1.1368683772161603e-13,577.179879,478.0181592168369,0.0,0.0,8.139118649399059,577.1798789999999,486.157277866236,486.1572778662361
input8000_rate2p5_reuse50_seed1,NEAREST_MIGRATE_KV,239,0.0,252.264338,0.0,825.710766,1.1368683772161603e-13,1077.975104,473.15261114519126,0.0,0.0,250.78808038278365,1077.975104,723.9406915279749,723.940691527975
input8000_rate2p5_reuse50_seed1,NEAREST_MIGRATE_KV,253,0.0,20.038342,0.0,535.944198,0.0,555.98254,473.20758908950364,0.0,0.0,16.69132336988517,555.98254,489.89891245938884,489.89891245938884
input8000_rate2p5_reuse50_seed1,NEAREST_MIGRATE_KV,270,0.0,10.974849,0.0,538.8944,0.0,549.869249,477.6333136066503,0.0,0.0,6.81242459023904,549.869249,484.44573819688935,484.44573819688935
input8000_rate2p5_reuse50_seed1,NEAREST_MIGRATE_KV,272,0.0,11.393444,0.0,539.157007,0.0,550.550451,478.04564818899314,0.0,0.0,11.484674867927431,550.5504510000001,489.53032305692057,489.53032305692057
input8000_rate2p5_reuse50_seed1,NEAREST_MIGRATE_KV,275,0.0,212.637792,0.0,542.866648,0.0,755.50444,478.0181592168369,0.0,1.0154650511750098e-05,245.51018470384628,755.50444,723.5283540753337,723.5283540753337
input8000_rate2p5_reuse50_seed1,NEAREST_MIGRATE_KV,296,0.0,13.904305,0.0,540.422481,0.0,554.326786,477.8532253838998,0.0,4.6682677313592927e-08,6.207050426626658,554.326786,484.06027585720915,484.06027585720915
input8000_rate2p5_reuse50_seed1,NEAREST_MIGRATE_KV,14,0.0,0.032465,0.0,503.866806,0.0,503.899271,479.72247549052076,0.0,6.671355415931472e-08,9.015032854193628,503.899271,488.73750841142794,488.73750841142794
input8000_rate2p5_reuse50_seed1,NEAREST_MIGRATE_KV,18,0.0,147.04365,0.0,516.688223,0.0,663.731873,478.2655599662427,0.0,1.7317673039059052e-07,242.4306176987221,663.731873,720.6961778381415,720.6961778381415
input8000_rate2p5_reuse50_seed1,NEAREST_MIGRATE_KV,33,0.0,0.463122,0.0,523.978392,0.0,524.441514,479.9148982956141,0.0,0.0,7.769500807388248,524.441514,487.6843991030023,487.6843991030023
input8000_rate2p5_reuse50_seed1,NEAREST_MIGRATE_KV,50,0.0,205.832168,0.0,527.083401,0.0,732.915569,479.5575416575836,0.0,3.040732410037134e-08,246.79472659303093,732.915569,726.3522682810219,726.3522682810219
input8000_rate2p5_reuse50_seed1,NEAREST_MIGRATE_KV,41,0.0,8.192384,0.0,516.844799,1.1368683772161603e-13,525.037183,477.2759569686198,0.0,0.0,13.285337927839898,525.0371829999999,490.56129489645974,490.56129489645986
input8000_rate2p5_reuse50_seed1,NEAREST_MIGRATE_KV,49,0.0,12.961453,0.0,523.02604,0.0,535.987493,473.5099677832217,0.0,0.0,12.119559393207261,535.987493,485.629527176429,485.629527176429
input8000_rate2p5_reuse50_seed1,NEAREST_MIGRATE_KV,73,0.0,8.118078,0.0,528.614249,1.1368683772161603e-13,536.732327,474.8294384467189,0.0,0.0,6.4182091016592935,536.7323269999999,481.24764754837815,481.24764754837827
input8000_rate2p5_reuse50_seed1,NEAREST_MIGRATE_KV,76,0.0,8.54212,0.0,531.301677,0.0,539.843797,473.15261114519126,0.0,1.978724072621969e-06,10.796730191778472,539.843797,483.9493433156938,483.9493433156938
input8000_rate2p5_reuse50_seed1,NEAREST_MIGRATE_KV,88,0.0,21.297453,0.0,570.80097,0.0,592.098423,478.6504055764293,0.0,6.345008233829083e-08,240.88256092260016,592.098423,719.5329665624795,719.5329665624795
input8000_rate2p5_reuse50_seed1,NEAREST_MIGRATE_KV,87,0.0,4.508297,0.0,535.588117,0.0,540.096414,473.1801001173475,0.0,0.0,6.186317637788854,540.096414,479.36641775513635,479.36641775513635
input8000_rate2p5_reuse50_seed1,NEAREST_MIGRATE_KV,89,0.0,221.671189,0.0,841.479794,0.0,1063.150983,473.0701442287227,0.0,1.3508335181725323e-05,248.88645777097102,1063.150983,721.9566155080289,721.9566155080289
input8000_rate2p5_reuse50_seed1,NEAREST_MIGRATE_KV,126,0.0,13.889638,0.0,546.168448,0.0,560.058086,478.87031735367884,0.0,4.374646144974878e-06,5.713757137218302,560.058086,484.5840788655433,484.5840788655433
input8000_rate2p5_reuse50_seed1,NEAREST_MIGRATE_KV,113,0.0,2.332262,0.0,543.488724,0.0,545.820986,473.15261114519126,0.0,1.3067508941518041e-05,4.90986672913413,545.8209860000001,478.0624909418343,478.0624909418343
input8000_rate2p5_reuse50_seed1,NEAREST_MIGRATE_KV,132,0.0,21.4676,0.0,546.100572,0.0,567.568172,479.36511885249024,0.0,7.386376635877142e-06,11.033895013562002,567.568172,490.3990212524289,490.3990212524289
input8000_rate2p5_reuse50_seed1,NEAREST_MIGRATE_KV,141,0.0,15.675753,0.0,545.283349,0.0,560.959102,478.7328724928979,0.0,8.434281548442879e-06,10.945003285745003,560.959102,489.6778842129245,489.6778842129245
input8000_rate2p5_reuse50_seed1,NEAREST_MIGRATE_KV,156,0.0,22.95271,0.0,542.378506,0.0,565.331216,479.475074741115,0.0,8.706722074040069e-06,16.299924881669263,565.331216,495.77500832950636,495.77500832950636
input8000_rate2p5_reuse50_seed1,NEAREST_MIGRATE_KV,150,0.0,22.471771,0.0,549.11876,1.1368683772161603e-13,571.590531,473.8123464769398,0.0,6.811321113887551e-05,9.616900726403088,571.5905309999999,483.42931531655404,483.42931531655415
input8000_rate2p5_reuse50_seed1,NEAREST_MIGRATE_KV,174,0.0,7.433228,0.0,547.464142,0.0,554.89737,479.0077622144598,0.0,0.00027154790835079657,10.347358837594967,554.89737,489.35539259996307,489.35539259996307
input8000_rate2p5_reuse50_seed1,NEAREST_MIGRATE_KV,181,0.0,102.484637,0.0,852.691506,0.0,955.176143,479.5300526854274,0.0,0.013565277849874534,258.4932126367606,955.176143,738.0368306000378,738.0368306000378
input8000_rate2p5_reuse50_seed1,NEAREST_MIGRATE_KV,190,0.0,23.762596,0.0,552.846285,0.0,576.608881,479.77745343483315,0.0,0.00522072220338385,20.320422702971193,576.608881,500.1030968600077,500.1030968600077
input8000_rate2p5_reuse50_seed1,NEAREST_MIGRATE_KV,166,0.0,13.696082,0.0,547.913791,0.0,561.609873,474.5820376973132,0.0,0.00027427027118076807,9.725116742875962,561.609873,484.30742871046033,484.30742871046033
input8000_rate2p5_reuse50_seed1,NEAREST_MIGRATE_KV,180,0.0,22.84894,0.0,579.683746,0.0,602.532686,473.1251221730351,0.0,0.00045569607174269426,14.770849720306309,602.532686,487.8964275894131,487.8964275894131
input8000_rate2p5_reuse50_seed1,NEAREST_MIGRATE_KV,223,0.0,15.677255,0.0,540.146694,0.0,555.823949,479.1726960473969,0.0,0.0,6.392563597723004,555.823949,485.5652596451199,485.5652596451199
input8000_rate2p5_reuse50_seed1,NEAREST_MIGRATE_KV,210,0.0,11.821411,0.0,548.539099,0.0,560.36051,473.1801001173475,0.0,0.00011346881646946221,4.277438561403521,560.36051,477.45765214756744,477.45765214756744
input8000_rate2p5_reuse50_seed1,NEAREST_MIGRATE_KV,231,0.0,2.920662,0.0,535.188341,0.0,538.109003,479.5300526854274,0.0,0.0,12.329670210872607,538.109003,491.8597228963,491.8597228963
input8000_rate2p5_reuse50_seed1,NEAREST_MIGRATE_KV,233,0.0,14.684621,0.0,534.994161,0.0,549.678782,478.5954276321169,0.0,2.59981740169716e-06,11.887537352344118,549.678782,490.48296758427847,490.48296758427847
input8000_rate2p5_reuse50_seed1,NEAREST_MIGRATE_KV,246,0.0,12.58834,0.0,541.967421,0.0,554.555761,478.5129607156484,0.0,2.252944344365305e-05,16.164654861078176,554.555761,494.67763810617,494.67763810617
input8000_rate2p5_reuse50_seed1,NEAREST_MIGRATE_KV,251,0.0,6.50543,0.0,539.345651,0.0,545.851081,477.8257364117436,0.0,1.7030791623335125e-05,11.143028310409463,545.851081,488.96878175294466,488.96878175294466
input8000_rate2p5_reuse50_seed1,NEAREST_MIGRATE_KV,261,0.0,18.834599,0.0,546.170346,0.0,565.004945,479.0902291309284,0.0,0.00045614034420504804,15.609523847971055,565.004945,494.70020911924365,494.70020911924365
input8000_rate2p5_reuse50_seed1,NEAREST_MIGRATE_KV,299,0.0,0.017987,0.0,507.267433,0.0,507.28542,473.0426552565665,0.0,0.0,8.075872425518348,507.28542,481.11852768208485,481.11852768208485
input8000_rate2p5_reuse50_seed1,NEAREST_MIGRATE_KV,69,0.0,17.489092,0.0,516.755199,0.0,534.244291,479.88740932345786,0.0,0.0,13.652499412301417,534.244291,493.5399087357593,493.5399087357593
input8000_rate2p5_reuse50_seed1,NEAREST_MIGRATE_KV,64,0.0,0.012131,0.0,503.866806,0.0,503.878937,475.51666275062365,0.0,0.0,8.423709621324,503.878937,483.94037237194766,483.94037237194766
input8000_rate2p5_reuse50_seed1,NEAREST_MIGRATE_KV,91,0.0,17.604939,0.0,524.3886,0.0,541.993539,479.612519601896,0.0,0.0,7.726987372345313,541.993539,487.3395069742413,487.3395069742413
input8000_rate2p5_reuse50_seed1,NEAREST_MIGRATE_KV,103,0.0,10.449875,0.0,516.806655,0.0,527.25653,479.8324313791455,0.0,0.0,13.64476969683907,527.25653,493.47720107598457,493.47720107598457
input8000_rate2p5_reuse50_seed1,NEAREST_MIGRATE_KV,106,0.0,10.219292,0.0,522.968152,0.0,533.187444,479.8049424069893,0.0,0.0,18.25518225082869,533.187444,498.060124657818,498.060124657818
input8000_rate2p5_reuse50_seed1,NEAREST_MIGRATE_KV,116,0.0,3.461744,0.0,527.180905,0.0,530.642649,474.1971920871265,0.0,0.0,16.83045824820742,530.642649,491.02765033533393,491.02765033533393
input8000_rate2p5_reuse50_seed1,NEAREST_MIGRATE_KV,131,0.0,12.281274,0.0,530.813581,0.0,543.094855,478.0731371611493,0.0,0.0,11.488539725658605,543.094855,489.5616768868079,489.5616768868079
input8000_rate2p5_reuse50_seed1,NEAREST_MIGRATE_KV,125,0.0,18.634532,0.0,530.865869,0.0,549.500401,473.8123464769398,0.0,0.0,10.889486777326645,549.500401,484.70183325426643,484.70183325426643
input8000_rate2p5_reuse50_seed1,NEAREST_MIGRATE_KV,143,0.0,11.716174,0.0,534.167476,0.0,545.88365,480.189788017176,0.0,0.0,12.422426796420794,545.88365,492.6122148135968,492.6122148135968
input8000_rate2p5_reuse50_seed1,NEAREST_MIGRATE_KV,151,0.0,10.915652,0.0,535.388169,0.0,546.303821,474.5270597530008,0.0,0.0,10.989973078337165,546.303821,485.517032831338,485.517032831338
input8000_rate2p5_reuse50_seed1,NEAREST_MIGRATE_KV,157,0.0,1.788461,0.0,541.176628,0.0,542.965089,473.15261114519126,0.0,9.724520354654528e-06,15.411007603499257,542.965089,488.5636284732109,488.5636284732109
input8000_rate2p5_reuse50_seed1,NEAREST_MIGRATE_KV,192,0.0,15.396719,0.0,526.650826,0.0,542.047545,475.24177302906173,0.0,0.0,7.112474993088675,542.047545,482.3542480221504,482.3542480221504
input8000_rate2p5_reuse50_seed1,NEAREST_MIGRATE_KV,212,0.0,2.461553,0.0,532.768977,1.1368683772161603e-13,535.23053,479.2826519360217,0.0,0.0,12.931179516753794,535.2305299999999,492.2138314527755,492.2138314527756
input8000_rate2p5_reuse50_seed1,NEAREST_MIGRATE_KV,205,0.0,6.789412,0.0,526.080624,1.1368683772161603e-13,532.870036,473.20758908950364,0.0,0.0,12.077045958164355,532.8700359999999,485.284635047668,485.28463504766813
input8000_rate2p5_reuse50_seed1,NEAREST_MIGRATE_KV,219,0.0,7.827714,0.0,535.313911,0.0,543.141625,478.43049379917977,0.0,0.0,12.175075901625661,543.141625,490.6055697008054,490.6055697008054
input8000_rate2p5_reuse50_seed1,NEAREST_MIGRATE_KV,244,0.0,15.121466,0.0,538.489038,0.0,553.610504,477.6882915509627,0.0,0.0,6.8201543057013865,553.6105040000001,484.5084458566641,484.5084458566641
input8000_rate2p5_reuse50_seed1,NEAREST_MIGRATE_KV,259,0.0,18.312893,0.0,526.649242,0.0,544.962135,473.20758908950364,0.0,0.0,12.077045958164355,544.962135,485.284635047668,485.284635047668
input8000_rate2p5_reuse50_seed1,NEAREST_MIGRATE_KV,267,0.0,0.067398,0.0,532.549174,0.0,532.616572,475.10432816828074,0.0,0.0,12.343721141615369,532.616572,487.44804930989613,487.44804930989613
input8000_rate2p5_reuse50_seed1,NEAREST_MIGRATE_KV,268,0.0,46.945539,0.0,533.779085,0.0,580.724624,473.2350780616598,0.0,0.0,245.9058093148609,580.724624,719.1408873765207,719.1408873765207
input8000_rate2p5_reuse50_seed1,NEAREST_MIGRATE_KV,287,0.0,10.099855,0.0,536.426602,0.0,546.526457,476.20388705452837,0.0,0.0,6.300724292549411,546.526457,482.5046113470778,482.5046113470778
input8000_rate2p5_reuse50_seed1,NEAREST_MIGRATE_KV,285,0.0,0.338689,0.0,535.99499,0.0,536.333679,473.3725229224408,0.0,0.0,6.213371641907081,536.3336790000001,479.5858945643479,479.5858945643479
input8000_rate2p5_reuse50_seed1,NEAREST_MIGRATE_KV,293,0.0,10.502666,0.0,541.648575,0.0,552.151241,473.1801001173475,0.0,1.4258809593368133e-05,15.41487246123043,552.151241,488.5949868373875,488.5949868373875
input8000_rate2p5_reuse50_seed1,NEAREST_MIGRATE_KV,10,0.0,14.275374,0.0,516.837375,1.1368683772161603e-13,531.112749,479.2276739917093,0.0,2.3798191865395765e-06,13.559742826753258,531.1127489999999,492.7874191982818,492.7874191982819
input8000_rate2p5_reuse50_seed1,NEAREST_MIGRATE_KV,0,0.0,0.0,0.0,503.866806,0.0,503.866806,473.1251221730351,0.0,4.705897296195869e-05,8.087466998711868,503.866806,481.2126362307199,481.2126362307199
input8000_rate2p5_reuse50_seed1,NEAREST_MIGRATE_KV,13,0.0,9.881927,0.0,522.966424,0.0,532.848351,478.32053791055506,0.0,5.6232801646270605e-05,18.046479933345275,532.848351,496.367074076702,496.367074076702
input8000_rate2p5_reuse50_seed1,NEAREST_MIGRATE_KV,16,0.0,226.169708,0.0,527.027977,0.0,753.197685,473.1251221730351,0.0,0.001289911584002449,251.14092032111876,753.197685,724.2673324057379,724.2673324057379
input8000_rate2p5_reuse50_seed1,NEAREST_MIGRATE_KV,43,0.0,5.189193,0.0,558.432925,0.0,563.622118,479.475074741115,0.0,0.0,8.343956109151272,563.622118,487.8190308502663,487.8190308502663
input8000_rate2p5_reuse50_seed1,NEAREST_MIGRATE_KV,44,0.0,99.662794,0.0,867.395206,0.0,967.058,478.9802732423036,0.0,0.0,251.60743022179253,967.058,730.5877034640962,730.5877034640962
input8000_rate2p5_reuse50_seed1,NEAREST_MIGRATE_KV,53,0.0,1.433178,0.0,530.205389,0.0,531.638567,479.612519601896,0.0,3.788509673760109e-05,22.206112632969486,531.638567,501.81867011996223,501.81867011996223
input8000_rate2p5_reuse50_seed1,NEAREST_MIGRATE_KV,47,0.0,528.628281,0.0,810.841566,1.1368683772161603e-13,1339.469847,478.2105820219303,0.0,5.811504139990196e-08,285.55087049736414,1339.4698469999998,763.7614525774095,763.7614525774096
input8000_rate2p5_reuse50_seed1,NEAREST_MIGRATE_KV,61,0.0,1.034742,0.0,535.565879,0.0,536.600621,479.69498651836454,0.0,3.203905866104785e-06,11.716566331797871,536.600621,491.4115560540683,491.4115560540683
input8000_rate2p5_reuse50_seed1,NEAREST_MIGRATE_KV,77,0.0,7.486161,0.0,548.8175,0.0,556.303661,480.02485418423885,0.0,0.010227736073981633,9.854065548186618,556.303661,489.88914746849946,489.88914746849946
input8000_rate2p5_reuse50_seed1,NEAREST_MIGRATE_KV,65,0.0,8.024173,0.0,539.457454,0.0,547.481627,474.22468105928266,0.0,0.0003115814480013376,5.3861615104431095,547.481627,479.61115415117376,479.61115415117376
input8000_rate2p5_reuse50_seed1,NEAREST_MIGRATE_KV,67,0.0,18.708421,0.0,542.258473,0.0,560.966894,473.0426552565665,0.0,0.004324687982558888,14.759255147112789,560.966894,487.80623509166185,487.80623509166185
input8000_rate2p5_reuse50_seed1,NEAREST_MIGRATE_KV,92,0.0,15.35706,0.0,537.1928,0.0,552.54986,478.4030048270236,0.0,1.1246749722867822e-05,6.284347581250138,552.5498600000001,484.6873636550235,484.6873636550235
input8000_rate2p5_reuse50_seed1,NEAREST_MIGRATE_KV,100,0.0,2.825523,0.0,541.937983,0.0,544.763506,473.2350780616598,0.0,3.122578122997814e-05,10.17203173951021,544.763506,483.40714102695125,483.40714102695125
input8000_rate2p5_reuse50_seed1,NEAREST_MIGRATE_KV,118,0.0,5.206457,0.0,549.25052,0.0,554.456977,478.4030048270236,0.0,0.0015284930522504213,9.626038942047366,554.456977,488.0305722621232,488.0305722621232
input8000_rate2p5_reuse50_seed1,NEAREST_MIGRATE_KV,101,0.0,4.48548,0.0,544.377118,0.0,548.862598,473.1251221730351,0.0,0.005256206340367571,9.845844612916942,548.862598,482.9762229922924,482.9762229922924
input8000_rate2p5_reuse50_seed1,NEAREST_MIGRATE_KV,127,0.0,7.650279,0.0,541.874743,1.1368683772161603e-13,549.525022,480.02485418423885,0.0,3.1141805341679695e-05,11.126651599110176,549.5250219999999,491.15153692515435,491.15153692515446
input8000_rate2p5_reuse50_seed1,NEAREST_MIGRATE_KV,110,0.0,3.410669,0.0,545.771005,1.1368683772161603e-13,549.181674,473.15261114519126,0.0,0.004345743339767755,14.774714578037482,549.1816739999999,487.9316714665685,487.9316714665686
input8000_rate2p5_reuse50_seed1,NEAREST_MIGRATE_KV,135,0.0,47.40156,0.0,855.526824,0.0,902.928384,475.46168480631127,0.0,0.010404026130910066,252.67064325536427,902.928384,728.1427320878065,728.1427320878065
input8000_rate2p5_reuse50_seed1,NEAREST_MIGRATE_KV,134,0.0,8.18832,0.0,581.179421,0.0,589.367741,473.15261114519126,0.0,8.040102065413412e-05,9.524144140854915,589.367741,482.67683568706684,482.67683568706684
input8000_rate2p5_reuse50_seed1,NEAREST_MIGRATE_KV,142,0.0,11.997278,0.0,548.152529,0.0,560.149807,473.1801001173475,0.0,0.01940227590869922,14.142286410306887,560.149807,487.3417888035631,487.3417888035631
input8000_rate2p5_reuse50_seed1,NEAREST_MIGRATE_KV,161,495.008737,26.100952,0.0,554.583376,0.0,1070.621134,476.89111135843314,0.0,2490.5749025691916,9.739037096626,1075.693065,2977.2050510242507,2977.2050510242507
input8000_rate2p5_reuse50_seed1,NEAREST_MIGRATE_KV,162,1065.502688,25.98988,0.0,550.972654,0.2015449999998964,1642.666767,476.726177525496,0.0,3118.9207645537817,10.041413280032152,1642.4652220000003,3605.6883553593098,3605.8899003593096
input8000_rate2p5_reuse50_seed1,NEAREST_MIGRATE_KV,172,0.0,16.914796,0.0,550.516115,0.0,567.430911,476.83613341412075,0.0,6.626441633103359,19.90688292573558,567.430911,503.3694579729597,503.3694579729597
input8000_rate2p5_reuse50_seed1,NEAREST_MIGRATE_KV,194,0.0,11.646132,0.0,550.965832,0.0,562.611964,479.36511885249024,0.0,3.0980691004216543,9.761308962638445,562.611964,492.22449691555033,492.22449691555033
input8000_rate2p5_reuse50_seed1,NEAREST_MIGRATE_KV,182,0.0,3.870567,0.0,545.152711,0.0,549.023278,474.6370156416255,0.0,0.00012286887721805822,14.983416895520875,549.023278,489.6205554060236,489.6205554060236
input8000_rate2p5_reuse50_seed1,NEAREST_MIGRATE_KV,222,0.0,28.31762,0.0,540.117081,0.0,568.434701,478.9802732423036,0.0,2.1922182697046167e-07,240.92893921537424,568.434701,719.9092126768996,719.9092126768996
input8000_rate2p5_reuse50_seed1,NEAREST_MIGRATE_KV,220,0.0,4.459543,0.0,534.049251,0.0,538.508794,473.15261114519126,0.0,0.0,6.18245278005768,538.5087940000001,479.33506392524896,479.33506392524896
input8000_rate2p5_reuse50_seed1,NEAREST_MIGRATE_KV,260,0.0,5.063905,0.0,528.545237,0.0,533.609142,475.70908555571697,0.0,0.0,7.178177574518621,533.609142,482.88726313023557,482.88726313023557
input8000_rate2p5_reuse50_seed1,NEAREST_MIGRATE_KV,273,0.0,9.924886,0.0,519.816138,0.0,529.741024,479.1726960473969,0.0,0.0,8.301442674108365,529.741024,487.4741387215053,487.4741387215053
input8000_rate2p5_reuse50_seed1,NEAREST_MIGRATE_KV,282,0.0,1.974047,0.0,532.122759,0.0,534.096806,474.80194947456266,0.0,0.0,12.301207706572434,534.096806,487.1031571811351,487.1031571811351
input8000_rate2p5_reuse50_seed1,NEAREST_MIGRATE_KV,9,0.0,11.136442,0.0,522.866904,0.0,534.003346,479.1726960473969,0.0,0.0004333084077835277,18.166290523011675,534.003346,497.3394198788164,497.3394198788164
input8000_rate2p5_reuse50_seed1,NEAREST_MIGRATE_KV,6,0.0,14.400377,0.0,516.693919,0.0,531.094296,475.95648630512267,0.0,0.00016695550312691612,8.174819649354198,531.0942960000001,484.13147290998,484.13147290998
input8000_rate2p5_reuse50_seed1,NEAREST_MIGRATE_KV,3,0.0,0.032568,0.0,503.866806,0.0,503.899374,473.1251221730351,0.0,6.18820060618359e-06,8.087466998711868,503.899374,481.21259535994756,481.21259535994756
input8000_rate2p5_reuse50_seed1,NEAREST_MIGRATE_KV,25,0.0,15.96192,0.0,527.471145,1.1368683772161603e-13,543.433065,478.04564818899314,0.0,9.027338302513297e-06,6.870397456206653,543.4330649999999,484.9160546725381,484.9160546725382
input8000_rate2p5_reuse50_seed1,NEAREST_MIGRATE_KV,26,0.0,11.873225,0.0,530.400781,0.0,542.274006,477.16600107999506,0.0,0.0001977421805675841,11.360999420529858,542.2740060000001,488.5271982427055,488.5271982427055
input8000_rate2p5_reuse50_seed1,NEAREST_MIGRATE_KV,27,0.0,17.895632,0.0,536.147433,0.0,554.043065,473.262567033816,0.0,0.004749734826629609,10.50146192703459,554.043065,483.76877869567727,483.76877869567727
input8000_rate2p5_reuse50_seed1,NEAREST_MIGRATE_KV,38,0.0,0.335498,0.0,542.264582,0.0,542.60008,476.863622386277,0.0,0.0045558153248416115,4.795329497380834,542.60008,481.66350769898264,481.66350769898264
input8000_rate2p5_reuse50_seed1,NEAREST_MIGRATE_KV,40,0.0,6.048427,0.0,546.214666,1.1368683772161603e-13,552.263093,472.96018834009794,0.0,0.012636925396200479,8.860797111274913,552.2630929999999,481.8336223767691,481.8336223767692
input8000_rate2p5_reuse50_seed1,NEAREST_MIGRATE_KV,66,0.0,12.451201,0.0,567.938467,1.1368683772161603e-13,580.389668,474.4995707808446,0.0,5.967007114184575e-07,6.371830808885214,580.3896679999999,480.8714021864305,480.8714021864306
input8000_rate2p5_reuse50_seed1,NEAREST_MIGRATE_KV,68,0.0,132.604611,0.0,836.908792,1.1368683772161603e-13,969.513403,473.15261114519126,0.0,2.5749332935539452e-06,249.31101813717544,969.5134029999999,722.4636318573,722.4636318573001
input8000_rate2p5_reuse50_seed1,NEAREST_MIGRATE_KV,75,0.0,1.609496,0.0,544.525211,0.0,546.134707,473.15261114519126,0.0,4.740824800308159e-05,15.411007603499257,546.134707,488.5636661569385,488.5636661569385
input8000_rate2p5_reuse50_seed1,NEAREST_MIGRATE_KV,98,0.0,12.994449,0.0,541.462141,0.0,554.45659,479.0077622144598,0.0,5.906434725438999e-05,11.30921719284995,554.45659,490.317038471657,490.317038471657
input8000_rate2p5_reuse50_seed1,NEAREST_MIGRATE_KV,85,0.0,12.396776,0.0,538.799999,0.0,551.196775,475.51666275062365,0.0,0.0,5.878537519476872,551.196775,481.39520027010053,481.39520027010053
input8000_rate2p5_reuse50_seed1,NEAREST_MIGRATE_KV,93,0.0,4.281163,0.0,538.135929,0.0,542.417092,476.9460893027455,0.0,2.116419073798863e-05,11.330080558680471,542.417092,488.27619102561675,488.27619102561675
input8000_rate2p5_reuse50_seed1,NEAREST_MIGRATE_KV,120,0.0,19.867965,0.0,552.363782,0.0,572.231747,479.72247549052076,0.0,0.00011687526137221618,5.197274701422927,572.231747,484.9198670672051,484.9198670672051
input8000_rate2p5_reuse50_seed1,NEAREST_MIGRATE_KV,124,0.0,62.439281,0.0,861.339894,0.0,923.779175,478.87031735367884,0.0,0.002368434316973938,253.14988561402987,923.779175,732.0225714020257,732.0225714020257
input8000_rate2p5_reuse50_seed1,NEAREST_MIGRATE_KV,123,0.0,20.211541,0.0,584.559993,0.0,604.771534,478.457982771336,0.0,9.147934355037693e-05,10.270061682971487,604.771534,488.728135933651,488.728135933651
input8000_rate2p5_reuse50_seed1,NEAREST_MIGRATE_KV,128,0.0,19.896052,0.0,549.077846,0.0,568.973898,474.3896148922198,0.0,0.013021527073684744,19.5629105876611,568.9738980000001,493.9655470069546,493.9655470069546
input8000_rate2p5_reuse50_seed1,NEAREST_MIGRATE_KV,148,0.0,15.125262620117187,423.31469237988165,539.965256,3.341513000001214,981.746724,480.052343156395,0.0,276.83879962884663,267.20862567401764,978.4052109999989,1024.0997684592592,1027.4412814592604
input8000_rate2p5_reuse50_seed1,NEAREST_MIGRATE_KV,165,1091.196928,25.842584,0.0,547.321253,0.0,1663.071254,479.64000857405216,0.0,3767.6200363858848,5.200517762354032,1664.360765,4252.460562722291,4252.460562722291
input8000_rate2p5_reuse50_seed1,NEAREST_MIGRATE_KV,147,0.0,11.041045,0.0,536.9694,0.0,548.010445,473.5649457275341,0.0,0.0,10.854703057746072,548.010445,484.4196487852802,484.4196487852802
input8000_rate2p5_reuse50_seed1,NEAREST_MIGRATE_KV,153,0.0,2.7286826201171874,423.31469237988165,544.138622,5.367731000001072,975.549728,473.8948133934084,0.0,139.34991707719743,26.11593169027175,970.1819969999989,639.3606621608776,644.7283931608787
input8000_rate2p5_reuse50_seed1,NEAREST_MIGRATE_KV,176,94.588268,6.102473620117188,423.31469237988165,543.984902,1.7495690000010882,1069.739905,479.64000857405216,0.0,5479.960884281242,26.612959260418542,1067.990335999999,5986.213852115713,5987.9634211157145
input8000_rate2p5_reuse50_seed1,NEAREST_MIGRATE_KV,159,0.0,8.170875620117188,423.31469237988165,547.587261,5.157414000001154,984.230243,473.20758908950364,0.0,164.71536393315284,25.38301722153063,979.0728289999988,663.3059702441872,668.4633842441883
input8000_rate2p5_reuse50_seed1,NEAREST_MIGRATE_KV,187,0.0,18.191606,0.0,547.260871,1.1368683772161603e-13,565.452477,477.5233577180255,0.0,2.0766442760139543,4.251793057467232,565.4524769999999,483.8517950515067,483.8517950515068
input8000_rate2p5_reuse50_seed1,NEAREST_MIGRATE_KV,202,0.0,3.518421,0.0,547.558638,0.0,551.077059,479.5300526854274,0.0,0.10660653585454449,10.420791134487274,551.077059,490.0574503557692,490.0574503557692
input8000_rate2p5_reuse50_seed1,NEAREST_MIGRATE_KV,209,0.0,0.797906,0.0,552.116498,0.0,552.914404,478.7328724928979,0.0,0.0013993714866663116,9.672417234821445,552.914404,488.406689099206,488.406689099206
input8000_rate2p5_reuse50_seed1,NEAREST_MIGRATE_KV,226,0.0,20.228932,0.0,545.813719,0.0,566.042651,479.6674975462084,0.0,0.0004111033610415031,20.941256297508268,566.042651,500.6091649470777,500.6091649470777
input8000_rate2p5_reuse50_seed1,NEAREST_MIGRATE_KV,229,0.0,0.22545,0.0,547.562465,0.0,547.787915,478.56793865996076,0.0,0.008617408645622788,25.400939399982114,547.787915,503.9774954685885,503.9774954685885
input8000_rate2p5_reuse50_seed1,NEAREST_MIGRATE_KV,218,0.0,38.989222,0.0,860.645222,0.0,899.634444,473.0701442287227,0.0,6.220679102897208,252.33440063275214,899.634444,731.625223964372,731.625223964372
input8000_rate2p5_reuse50_seed1,NEAREST_MIGRATE_KV,217,0.0,21.579826,0.0,583.914619,0.0,605.494445,472.7402765628484,0.0,0.22975135254287712,9.466171274887309,605.494445,482.4361991902786,482.4361991902786
input8000_rate2p5_reuse50_seed1,NEAREST_MIGRATE_KV,235,195.779101,25.7518,0.0,545.554348,0.0,767.041019,473.0151662844103,0.0,4326.772460342188,14.770227923506248,767.085249,4814.557854550105,4814.557854550105
input8000_rate2p5_reuse50_seed1,NEAREST_MIGRATE_KV,241,934.899249,25.733701,0.0,552.423028,0.0,1512.984204,473.1251221730351,0.0,4075.3707250582656,29.88626800639222,1513.055978,4578.382115237693,4578.382115237693
input8000_rate2p5_reuse50_seed1,NEAREST_MIGRATE_KV,248,2307.919354,25.8126,0.0,546.5262,0.0,2877.546435,473.45498983890934,0.0,3937.826405215722,29.932646299166315,2880.258154,4441.214041353797,4441.214041353797
input8000_rate2p5_reuse50_seed1,NEAREST_MIGRATE_KV,269,0.0,17.817045,0.0,550.526455,0.0,568.3435,477.41340182940075,0.0,4.879861703783776,14.737474500907673,568.3435000000001,497.0307380340922,497.0307380340922
input8000_rate2p5_reuse50_seed1,NEAREST_MIGRATE_KV,278,0.0,2.045355,0.0,552.505321,0.0,554.550676,479.9973652120826,0.0,2.433135932545144,9.850200690455445,554.550676,492.2807018350832,492.2807018350832
input8000_rate2p5_reuse50_seed1,NEAREST_MIGRATE_KV,291,973.344751,25.897912,0.0,549.535819,2.4997000000000753,1551.278182,477.5508466901817,0.0,2408.1817350509677,9.831793682174172,1548.778482,2895.5643754233233,2898.0640754233236
input8000_rate2p5_reuse50_seed1,NEAREST_MIGRATE_KV,290,298.923132,26.040568,0.0,553.010135,4.384153999999967,882.357989,475.68159658356075,0.0,2193.5933955485734,14.493988463843714,877.973835,2683.768980595978,2688.153134595978
input8000_rate2p5_reuse50_seed1,NEAREST_MIGRATE_KV,280,1052.028056,26.04924,0.0,552.466153,0.0,1623.466116,473.0701442287227,0.0,2390.739721345815,14.12682697938218,1630.5434490000002,2877.93669255392,2877.93669255392
input8000_rate2p5_reuse50_seed1,NEAREST_MIGRATE_KV,4,0.0,0.018294,0.0,503.866806,0.0,503.8851,472.76776553500457,0.0,5.860328926453129e-06,8.037223848206615,503.8851,480.80499524354013,480.80499524354013
input8000_rate2p5_reuse50_seed1,NEAREST_MIGRATE_KV,22,0.0,2.254746,0.0,517.235167,0.0,519.489913,474.6370156416255,0.0,0.0,7.663741148464659,519.489913,482.3007567900902,482.3007567900902
input8000_rate2p5_reuse50_seed1,NEAREST_MIGRATE_KV,28,0.0,13.943854,0.0,523.537176,0.0,537.48103,478.5129607156484,0.0,0.0,12.822963500280913,537.48103,491.3359242159293,491.3359242159293
input8000_rate2p5_reuse50_seed1,NEAREST_MIGRATE_KV,36,0.0,11.539373,0.0,530.739021,1.1368683772161603e-13,542.278394,477.9082033282122,0.0,3.584912074521619e-05,16.71592101645414,542.2783939999999,494.6241601937871,494.6241601937872
input8000_rate2p5_reuse50_seed1,NEAREST_MIGRATE_KV,32,0.0,10.525997,0.0,527.863817,0.0,538.389814,475.62661863924836,0.0,1.0513748688763222e-06,11.780860413045914,538.389814,487.4074801036692,487.4074801036692
input8000_rate2p5_reuse50_seed1,NEAREST_MIGRATE_KV,46,0.0,13.589198,0.0,537.249705,0.0,550.838903,480.21727698933216,0.0,4.1111019650402304e-05,11.153705603228396,550.838903,491.3710237035802,491.3710237035802
input8000_rate2p5_reuse50_seed1,NEAREST_MIGRATE_KV,51,0.0,16.904012,0.0,536.565481,1.1368683772161603e-13,553.469493,478.2655599662427,0.0,0.0003873645862661294,10.879300704315042,553.4694929999999,489.145248035144,489.1452480351441
input8000_rate2p5_reuse50_seed1,NEAREST_MIGRATE_KV,54,0.0,4.336177,0.0,541.336774,0.0,545.672951,478.2655599662427,0.0,0.00833487629952746,15.493578116035842,545.672951,493.767472958578,493.767472958578
input8000_rate2p5_reuse50_seed1,NEAREST_MIGRATE_KV,80,0.0,0.60298,0.0,527.25412,0.0,527.8571,479.3376298803341,0.0,0.0,7.68833879503358,527.8571,487.02596867536766,487.02596867536766
input8000_rate2p5_reuse50_seed1,NEAREST_MIGRATE_KV,94,0.0,13.104678,0.0,530.314666,0.0,543.419344,478.1830930497741,0.0,0.0,12.776585207506834,543.419344,490.9596782572809,490.9596782572809
input8000_rate2p5_reuse50_seed1,NEAREST_MIGRATE_KV,81,0.0,143.46786,0.0,535.464924,0.0,678.932784,466.2253901618313,0.0,0.0,239.66970015622897,678.932784,705.8950903180603,705.8950903180603
input8000_rate2p5_reuse50_seed1,NEAREST_MIGRATE_KV,115,0.0,0.133472,0.0,536.340398,0.0,536.47387,472.9326993679417,0.0,0.0,6.151533918208294,536.47387,479.08423328615004,479.08423328615004
input8000_rate2p5_reuse50_seed1,NEAREST_MIGRATE_KV,129,0.0,14.214430620117188,423.31469237988165,538.200839,3.7828700000011395,979.512832,479.8049424069893,0.0,301.24738178148,34.43189094583525,975.7299619999987,815.4842151343046,819.2670851343057
input8000_rate2p5_reuse50_seed1,NEAREST_MIGRATE_KV,133,0.0,1.0601466201171874,423.31469237988165,571.301876,1.1427670000011858,996.819482,479.77745343483315,0.0,320.2415737172775,39.35303119549344,995.6767149999988,839.372058347604,840.5148253476052
input8000_rate2p5_reuse50_seed1,NEAREST_MIGRATE_KV,136,0.0,229.237611,0.0,890.147051,0.0,1119.384662,473.8123464769398,0.0,1.0219923999872344e-07,249.0782093929304,1119.384662,722.8905559720695,722.8905559720695
input8000_rate2p5_reuse50_seed1,NEAREST_MIGRATE_KV,137,0.0,636.074237,0.0,829.169086,0.0,1465.243323,473.1801001173475,0.0,1.0925941159756977e-05,1088.8411701402936,1465.2433230000001,1562.0212811835822,1562.0212811835822
input8000_rate2p5_reuse50_seed1,NEAREST_MIGRATE_KV,163,0.0,3.804070620117187,423.31469237988165,588.234205,0.7965390000011894,1016.149507,478.62291660427314,0.0,118.68216191219011,16.279546345668535,1015.3529679999988,613.5846248621318,614.381163862133
input8000_rate2p5_reuse50_seed1,NEAREST_MIGRATE_KV,164,0.0,151.8780476201172,423.31469237988165,859.925328,5.241490000001136,1440.359558,478.37551585486744,0.0,20.91609453896704,856.0966151012682,1435.1180679999989,1355.3882254951027,1360.629715495104
input8000_rate2p5_reuse50_seed1,NEAREST_MIGRATE_KV,152,0.0,10.330517,0.0,547.026144,0.0,557.356661,473.20758908950364,0.0,8.456746823922985e-05,4.281303419134694,557.356661,477.48897707610655,477.48897707610655
input8000_rate2p5_reuse50_seed1,NEAREST_MIGRATE_KV,185,0.0,16.872752,0.0,547.876921,0.0,564.749673,478.48547174349216,0.0,0.002205179547559151,14.88820395242346,564.749673,493.37588087546317,493.37588087546317
input8000_rate2p5_reuse50_seed1,NEAREST_MIGRATE_KV,178,0.0,2.082616,0.0,549.370351,0.0,551.452967,473.97728030987696,0.0,0.0017915121413145042,9.003796847328353,551.4529670000001,482.9828686693466,482.9828686693466
input8000_rate2p5_reuse50_seed1,NEAREST_MIGRATE_KV,197,0.0,23.308928620117186,423.31469237988165,551.01099,0.7113430000011931,998.345954,474.6919935859379,0.0,192.39746037234866,20.341149101831455,997.6346109999988,687.4306030601181,688.1419460601193
input8000_rate2p5_reuse50_seed1,NEAREST_MIGRATE_KV,207,0.0,9.208247,0.0,552.171405,0.0,561.379652,473.15261114519126,0.0,0.001050291212725181,3.6372806782105798,561.3796520000001,476.79094211461455,476.79094211461455
input8000_rate2p5_reuse50_seed1,NEAREST_MIGRATE_KV,230,0.0,12.498912620117187,423.31469237988165,548.922074,1.9843260000012606,986.720005,479.035251186616,0.0,1201.5109253388766,37.02907326469783,984.7356789999988,1717.5752497901906,1719.559575790192
input8000_rate2p5_reuse50_seed1,NEAREST_MIGRATE_KV,214,0.0,25.38894662011719,423.31469237988165,553.873506,0.8207260000011729,1003.397871,473.1251221730351,0.0,244.3412668986035,20.120852211154535,1002.5771449999988,737.5872412827931,738.4079672827943
input8000_rate2p5_reuse50_seed1,NEAREST_MIGRATE_KV,221,0.0,13.801725620117187,423.31469237988165,542.604778,2.596623000001159,982.317819,473.1801001173475,0.0,290.12989219173716,26.651738414723,979.7211959999988,789.9617307238077,792.5583537238089
input8000_rate2p5_reuse50_seed1,NEAREST_MIGRATE_KV,236,252.900584,11.095276620117188,423.31469237988165,546.412476,0.0,1228.167133,475.76406350002935,0.0,10140.302044352815,36.569155194688136,1233.7230289999989,10652.635263047532,10652.635263047532
input8000_rate2p5_reuse50_seed1,NEAREST_MIGRATE_KV,225,0.0,15.779267,0.0,545.361345,0.0,561.140612,473.0701442287227,0.0,9.441701660464173e-05,4.261979130478828,561.140612,477.33221777621816,477.33221777621816
input8000_rate2p5_reuse50_seed1,NEAREST_MIGRATE_KV,243,1494.471328,25.80876,0.0,547.245281,4.532618999999954,2072.057988,475.9839752772789,0.0,2310.1699222107136,9.285931461704045,2067.525369,2795.4398289496967,2799.9724479496967
input8000_rate2p5_reuse50_seed1,NEAREST_MIGRATE_KV,249,5408.375429,11.296031620117187,423.31469237988165,551.395936,0.0,6393.847508,476.89111135843314,0.0,10859.496820324297,41.97818479884883,6394.382088999998,11378.366116481579,11378.366116481579
input8000_rate2p5_reuse50_seed1,NEAREST_MIGRATE_KV,256,11129.565003,20.379491620117186,423.31469237988165,553.928166,0.0,12124.484022,476.39630985962174,0.0,8312.117687645621,31.407476485322583,12127.187352999998,8819.921473990566,8819.921473990566
input8000_rate2p5_reuse50_seed1,NEAREST_MIGRATE_KV,254,8660.014742,19.95347562011719,423.31469237988165,554.041054,1.8715460000013309,9659.19551,473.15261114519126,0.0,5433.721968347089,30.625857943250843,9657.323963999997,5937.500437435531,5939.3719834355325
input8000_rate2p5_reuse50_seed1,NEAREST_MIGRATE_KV,298,0.0,19.590182620117186,423.31469237988165,544.833099,0.6322310000012976,988.370205,477.6882915509627,0.0,595.0485179342763,26.649282057173757,987.7379739999988,1099.3860915424127,1100.018322542414
input8000_rate2p5_reuse50_seed1,NEAREST_MIGRATE_KV,258,11882.707862,19.401795620117188,423.31469237988165,553.380974,3.3911190000025044,12882.196443,471.69569562091317,0.0,7798.601740526811,35.67159092068118,12878.805323999997,8305.969027068406,8309.360146068408
input8000_rate2p5_reuse50_seed1,NEAREST_MIGRATE_KV,262,12405.308321,10.637448620117187,423.31469237988165,548.076381,2.9085690000009663,13390.245412,473.0426552565665,0.0,6649.333141272238,30.61039851232615,13387.336843,7152.986195041131,7155.8947640411325
input8000_rate2p5_reuse50_seed1,NEAREST_MIGRATE_KV,19,0.0,0.060122,0.0,503.866806,0.0,503.926928,479.77745343483315,0.0,0.0,9.022762569655974,503.926928,488.80021600448913,488.80021600448913
input8000_rate2p5_reuse50_seed1,NEAREST_MIGRATE_KV,23,0.0,1.283221,0.0,560.737179,0.0,562.0204,479.5850306297398,0.0,8.346813808639686e-07,18.224263388979274,562.0204,497.80929485340044,497.80929485340044
input8000_rate2p5_reuse50_seed1,NEAREST_MIGRATE_KV,24,0.0,199.371136,0.0,823.035839,0.0,1022.406975,477.60582463449407,0.0,2.5321854504471817e-05,261.17679708679486,1022.406975,738.7826470431435,738.7826470431435
input8000_rate2p5_reuse50_seed1,NEAREST_MIGRATE_KV,21,0.0,14.575767,0.0,516.711871,0.0,531.287638,473.15261114519126,0.0,0.0,7.780604160774438,531.287638,480.9332153059657,480.9332153059657
input8000_rate2p5_reuse50_seed1,NEAREST_MIGRATE_KV,37,0.0,2.39503,0.0,531.270061,0.0,533.665091,473.1801001173475,0.0,1.4797723707159891e-05,5.5500246123270855,533.6650910000001,478.73013952739825,478.73013952739825
input8000_rate2p5_reuse50_seed1,NEAREST_MIGRATE_KV,57,0.0,19.235462,0.0,528.048329,0.0,547.283791,480.052343156395,0.0,0.0,7.152532070582346,547.283791,487.2048752269774,487.2048752269774
input8000_rate2p5_reuse50_seed1,NEAREST_MIGRATE_KV,42,0.0,17.858232,0.0,537.165033,0.0,555.023265,473.20758908950364,0.0,8.12043469852159e-06,10.168166881779037,555.023265,483.3757640917174,483.3757640917174
input8000_rate2p5_reuse50_seed1,NEAREST_MIGRATE_KV,60,0.0,6.587063,0.0,530.877645,0.0,537.464708,477.8532253838998,0.0,2.517276449493481e-06,11.457620863809218,537.464708,489.3108487649855,489.3108487649855
input8000_rate2p5_reuse50_seed1,NEAREST_MIGRATE_KV,79,0.0,3.701153,0.0,546.663904,0.0,550.365057,479.14520707524076,0.0,0.00021115508040216898,15.617253563433408,550.365057,494.7626717937546,494.7626717937546
input8000_rate2p5_reuse50_seed1,NEAREST_MIGRATE_KV,70,0.0,13.858447,0.0,537.395092,1.1368683772161603e-13,551.253539,475.571640694936,0.0,2.0665378226891263e-06,11.136837672121779,551.2535389999999,486.7084804335956,486.7084804335957
input8000_rate2p5_reuse50_seed1,NEAREST_MIGRATE_KV,72,0.0,2.537067,0.0,541.940665,0.0,544.477732,473.262567033816,0.0,4.0366184244371766e-05,10.175896597241383,544.477732,483.43850399724164,483.43850399724164
input8000_rate2p5_reuse50_seed1,NEAREST_MIGRATE_KV,84,0.0,6.215482,0.0,551.461948,0.0,557.67743,473.3175449781284,0.0,0.002050988954910881,8.91104026178018,557.67743,482.2306362288635,482.2306362288635
input8000_rate2p5_reuse50_seed1,NEAREST_MIGRATE_KV,95,0.0,9.918767,0.0,546.997308,0.0,556.916075,472.9876773122541,0.0,0.00485715589675783,9.500954994467868,556.916075,482.49348946261875,482.49348946261875
input8000_rate2p5_reuse50_seed1,NEAREST_MIGRATE_KV,112,0.0,215.726851,0.0,546.372968,0.0,762.099819,475.0218612518122,0.0,0.000542442552875265,239.3042898458463,762.099819,714.3266935402114,714.3266935402114
input8000_rate2p5_reuse50_seed1,NEAREST_MIGRATE_KV,111,0.0,3.235529,0.0,543.852845,0.0,547.088374,473.1801001173475,0.0,1.9296147787286562e-05,4.913731586865303,547.088374,478.0938510003606,478.0938510003606
input8000_rate2p5_reuse50_seed1,NEAREST_MIGRATE_KV,117,0.0,16.636477,0.0,547.228807,0.0,563.865284,473.0701442287227,0.0,0.0108259601148683,243.74640045599608,563.865284,716.8273706448336,716.8273706448336
input8000_rate2p5_reuse50_seed1,NEAREST_MIGRATE_KV,139,0.0,4.884887,0.0,546.695254,0.0,551.580141,473.20758908950364,0.0,5.428851602198825e-06,4.917596444596477,551.580141,478.1251909629517,478.1251909629517
input8000_rate2p5_reuse50_seed1,NEAREST_MIGRATE_KV,167,0.0,14.063341,0.0,534.90586,0.0,548.969201,478.6778945485855,0.0,0.0,11.573566595744431,548.969201,490.25146114432994,490.25146114432994
input8000_rate2p5_reuse50_seed1,NEAREST_MIGRATE_KV,158,0.0,14.057708,0.0,537.05521,0.0,551.112918,473.45498983890934,0.0,0.0,5.588673189638818,551.112918,479.04366302854817,479.04366302854817
input8000_rate2p5_reuse50_seed1,NEAREST_MIGRATE_KV,193,0.0,14.100997,0.0,535.015938,0.0,549.116935,478.9802732423036,0.0,0.0,7.001802619066559,549.116935,485.98207586137016,485.98207586137016
input8000_rate2p5_reuse50_seed1,NEAREST_MIGRATE_KV,201,0.0,19.787377,0.0,531.56489,0.0,551.352267,474.88441639103127,0.0,0.0,11.676509254304207,551.352267,486.5609256453355,486.5609256453355
input8000_rate2p5_reuse50_seed1,NEAREST_MIGRATE_KV,203,0.0,49.449223,0.0,538.614903,0.0,588.064126,474.2521700314389,0.0,0.0,245.5147541227949,588.064126,719.7669241542337,719.7669241542337
input8000_rate2p5_reuse50_seed1,NEAREST_MIGRATE_KV,247,0.0,9.237455,0.0,533.502541,1.1368683772161603e-13,542.739996,473.1801001173475,0.0,0.0,6.822610663250622,542.7399959999999,480.0027107805981,480.0027107805982
input8000_rate2p5_reuse50_seed1,NEAREST_MIGRATE_KV,277,0.0,118.518709,0.0,838.799573,0.0,957.318282,479.94238726777024,0.0,0.00043654925891108376,260.7667788711405,957.318282,740.7096026881696,740.7096026881696
input8000_rate2p5_reuse50_seed1,NEAREST_MIGRATE_KV,271,0.0,0.800026,0.0,533.496867,0.0,534.296893,477.02855621921407,0.0,0.0,12.614261182797527,534.296893,489.6428174020116,489.6428174020116
input8000_rate2p5_reuse50_seed1,NEAREST_MIGRATE_KV,265,0.0,0.880527,0.0,523.02347,0.0,523.903997,473.15261114519126,0.0,0.0,7.455038830981245,523.903997,480.6076499761725,480.6076499761725
input8000_rate2p5_reuse50_seed1,NEAREST_MIGRATE_KV,281,0.0,15.099827,0.0,538.870401,0.0,553.970228,477.41340182940075,0.0,0.02145121613591754,21.260630989013784,553.970228,498.6954840345505,498.6954840345505
input8000_rate2p5_reuse50_seed1,NEAREST_MIGRATE_KV,276,0.0,3.366192,0.0,570.322396,0.0,573.688588,473.0976332008789,0.0,0.0,16.67586393896046,573.688588,489.7734971398393,489.7734971398393
input8000_rate2p5_reuse50_seed1,NEAREST_MIGRATE_KV,297,0.0,15.681869,0.0,549.142038,0.0,564.823907,477.3859128572446,0.0,0.0044748826228957666,9.483039205993926,564.823907,486.8734269458614,486.8734269458614
input8000_rate2p5_reuse50_seed1,NEAREST_MIGRATE_KV,286,0.0,13.985098,0.0,543.292399,0.0,557.277497,473.20758908950364,0.0,0.27281278569206063,20.03301473068239,557.277497,493.5134166058781,493.5134166058781
input8000_rate2p5_reuse50_seed1,NEAREST_MIGRATE_KV,12,0.0,0.000184,0.0,503.866806,0.0,503.86699,473.1251221730351,0.0,5.4793054954228484e-08,8.087466998711868,503.86699,481.21258922654,481.21258922654
input8000_rate2p5_reuse50_seed1,NEAREST_MIGRATE_KV,29,0.0,16.144803,0.0,517.571679,0.0,533.716482,474.05974722634556,0.0,0.0,7.582579136109992,533.716482,481.64232636245555,481.64232636245555
input8000_rate2p5_reuse50_seed1,NEAREST_MIGRATE_KV,34,0.0,12.375427,0.0,523.68188,1.1368683772161603e-13,536.057307,477.880714356056,0.0,0.0,12.734071772463928,536.0573069999999,490.61478612851994,490.61478612852005
input8000_rate2p5_reuse50_seed1,NEAREST_MIGRATE_KV,55,0.0,11.922881,0.0,523.955704,1.1368683772161603e-13,535.878585,477.08353416352645,0.0,0.0,7.371420461077314,535.8785849999999,484.4549546246038,484.4549546246039
input8000_rate2p5_reuse50_seed1,NEAREST_MIGRATE_KV,62,0.0,3.373903,0.0,528.422345,0.0,531.796248,477.880714356056,0.0,3.2848833462976857e-09,12.097778747002181,531.796248,489.9784931063431,489.9784931063431
input8000_rate2p5_reuse50_seed1,NEAREST_MIGRATE_KV,82,0.0,14.838049,0.0,524.145848,0.0,538.983897,478.48547174349216,0.0,0.0,7.56852820536718,538.983897,486.0539999488593,486.0539999488593
input8000_rate2p5_reuse50_seed1,NEAREST_MIGRATE_KV,96,0.0,4.999133,0.0,516.970367,0.0,521.9695,473.15261114519126,0.0,0.0,12.70560926816379,521.9695,485.85822041335507,485.85822041335507
input8000_rate2p5_reuse50_seed1,NEAREST_MIGRATE_KV,119,0.0,9.160142,0.0,536.667578,0.0,545.82772,479.77745343483315,0.0,0.0,12.36445393045318,545.82772,492.14190736528633,492.14190736528633
input8000_rate2p5_reuse50_seed1,NEAREST_MIGRATE_KV,108,0.0,13.279162,0.0,523.623064,0.0,536.902226,473.0426552565665,0.0,0.0,12.053856811777315,536.902226,485.0965120683438,485.0965120683438
input8000_rate2p5_reuse50_seed1,NEAREST_MIGRATE_KV,138,0.0,0.086467,0.0,538.370587,0.0,538.457054,473.0426552565665,0.0,0.0,6.166993349132987,538.457054,479.2096486056995,479.2096486056995
input8000_rate2p5_reuse50_seed1,NEAREST_MIGRATE_KV,179,0.0,18.763067,0.0,526.519512,1.1368683772161603e-13,545.282579,479.96987623992646,0.0,0.0,7.777230522850594,545.2825789999999,487.74710676277704,487.74710676277715
input8000_rate2p5_reuse50_seed1,NEAREST_MIGRATE_KV,160,0.0,7.912502,0.0,521.215979,0.0,529.128481,473.1801001173475,0.0,0.0,7.458903688712418,529.128481,480.6390038060599,480.6390038060599
input8000_rate2p5_reuse50_seed1,NEAREST_MIGRATE_KV,189,0.0,17.06595,0.0,537.310259,0.0,554.376209,478.8428283815227,0.0,3.22671965702185e-07,16.847326179314045,554.376209,495.6901548835087,495.6901548835087
input8000_rate2p5_reuse50_seed1,NEAREST_MIGRATE_KV,196,0.0,81.877,0.0,840.039337,0.0,921.916337,480.02485418423885,0.0,2.7030419773263188e-05,260.03984232152993,921.916337,740.0647235361886,740.0647235361886
input8000_rate2p5_reuse50_seed1,NEAREST_MIGRATE_KV,195,0.0,13.417374,0.0,569.822775,0.0,583.240149,479.3101409081779,0.0,2.758822491238866e-07,16.913028760744005,583.240149,496.22316994480417,496.22316994480417
input8000_rate2p5_reuse50_seed1,NEAREST_MIGRATE_KV,184,0.0,20.256415,0.0,536.175208,0.0,556.431623,474.4445928365322,0.0,0.0,11.614671530605435,556.431623,486.05926436713764,486.05926436713764
input8000_rate2p5_reuse50_seed1,NEAREST_MIGRATE_KV,206,0.0,4.995054,0.0,545.197075,0.0,550.192129,476.28635397099697,0.0,0.002324821820434101,19.8295857711121,550.192129,496.11826456392953,496.11826456392953
input8000_rate2p5_reuse50_seed1,NEAREST_MIGRATE_KV,200,0.0,8.908326,0.0,542.442691,0.0,551.351017,473.3725229224408,0.0,0.0002119821269354477,20.056203877069436,551.351017,493.42893878163716,493.42893878163716
input8000_rate2p5_reuse50_seed1,NEAREST_MIGRATE_KV,216,2280.190766,6.336423620117188,423.31469237988165,582.488734,2.1029680000008284,3294.433584,478.62291660427314,0.0,5764.386736484663,21.21938908718254,3292.3306159999993,6264.229042176118,6266.332010176119
input8000_rate2p5_reuse50_seed1,NEAREST_MIGRATE_KV,224,0.0,137.429501,0.0,857.99569,1.1368683772161603e-13,995.425191,474.4720818086884,0.0,1.9466834521728258,252.20594304724884,995.4251909999999,728.62470830811,728.6247083081101
input8000_rate2p5_reuse50_seed1,NEAREST_MIGRATE_KV,257,0.0,1.582227,0.0,545.385473,0.0,546.9677,478.9252952979912,0.0,0.4382149661535779,10.335764264401448,546.9677,489.69927452854625,489.69927452854625
input8000_rate2p5_reuse50_seed1,NEAREST_MIGRATE_KV,245,0.0,23.280661,0.0,542.941514,0.0,566.222175,473.15261114519126,0.0,0.39201769776464823,14.774714578037482,566.222175,488.3193434209934,488.3193434209934
input8000_rate2p5_reuse50_seed1,NEAREST_MIGRATE_KV,250,0.0,20.70961062011719,423.31469237988165,546.54158,2.300837000001138,992.86672,473.20758908950364,0.0,234.1417598095142,20.768739809809837,990.5658829999988,728.1180887088277,730.4189257088289
input8000_rate2p5_reuse50_seed1,NEAREST_MIGRATE_KV,279,0.0,14.900746,0.0,540.984393,0.0,555.885139,479.88740932345786,0.0,0.0,6.493049898733524,555.885139,486.3804592221914,486.3804592221914
input8000_rate2p5_reuse50_seed1,NEAREST_MIGRATE_KV,288,0.0,10.167641,0.0,544.010533,0.0,554.178174,479.8049424069893,0.0,1.663696531076055e-05,16.346303174443356,554.178174,496.15126221839796,496.15126221839796
input8000_rate2p5_reuse50_seed1,NEAREST_MIGRATE_KV,294,0.0,18.210726,0.0,548.462278,0.0,566.673004,479.5300526854274,0.0,0.00800671823872409,20.285638983390633,566.673004,499.82369838705677,499.82369838705677
input8000_rate2p5_reuse50_seed1,NEAREST_MIGRATE_KV,292,0.0,7.589473,0.0,546.143983,0.0,553.733456,477.5233577180255,0.0,0.00031308495112598845,10.464221849904781,553.733456,487.98789265288144,487.98789265288144
input8000_rate2p5_reuse50_seed1,NEAREST_MIGRATE_KV,283,0.0,20.190058,0.0,545.208313,0.0,565.398371,473.2350780616598,0.0,3.733265481447738e-06,10.17203173951021,565.398371,483.4071135344355,483.4071135344355
input8000_rate2p5_reuse50_seed1,NEAREST_MIGRATE_KV,15,0.0,0.575064,0.0,560.824379,0.0,561.399443,478.1006261333055,0.0,6.179304643371909e-05,18.01556107149589,561.399443,496.11624899784783,496.11624899784783
input8000_rate2p5_reuse50_seed1,NEAREST_MIGRATE_KV,20,0.0,173.804926,0.0,529.918925,0.0,703.723851,477.9356923003684,0.0,0.005396032475937607,242.20287587025322,703.723851,720.1439642030975,720.1439642030975
input8000_rate2p5_reuse50_seed1,NEAREST_MIGRATE_KV,17,0.0,40.865526,0.0,823.151199,0.0,864.016725,477.71578052311884,0.0,0.00016261544294161922,261.19225651771956,864.0167250000001,738.9081996562813,738.9081996562813
input8000_rate2p5_reuse50_seed1,NEAREST_MIGRATE_KV,2,0.0,0.027802,0.0,503.866806,0.0,503.894608,472.87772142362934,0.0,6.149058070352442e-06,8.052683279131308,503.894608,480.9304108518187,480.9304108518187
input8000_rate2p5_reuse50_seed1,NEAREST_MIGRATE_KV,8,0.0,6.214291,0.0,516.773951,0.0,522.988242,474.22468105928266,0.0,1.8970673521057346e-05,12.856338719679577,522.988242,487.08103874963575,487.08103874963575
input8000_rate2p5_reuse50_seed1,NEAREST_MIGRATE_KV,45,0.0,19.24045,0.0,538.565993,0.0,557.806443,473.20758908950364,0.0,2.2432800598485772e-05,4.917596444596477,557.8064430000001,478.1252079669007,478.1252079669007
input8000_rate2p5_reuse50_seed1,NEAREST_MIGRATE_KV,52,0.0,3.704746,0.0,523.740024,0.0,527.44477,474.11472517065795,0.0,0.0,12.204586263293102,527.44477,486.31931143395104,486.31931143395104
input8000_rate2p5_reuse50_seed1,NEAREST_MIGRATE_KV,63,0.0,4.376834,0.0,523.389144,0.0,527.765978,479.475074741115,0.0,0.0,7.707663083689447,527.765978,487.18273782480446,487.18273782480446
input8000_rate2p5_reuse50_seed1,NEAREST_MIGRATE_KV,78,0.0,10.726609,0.0,531.22901,0.0,541.955619,477.8257364117436,0.0,0.0,6.839478594357253,541.9556190000001,484.6652150061009,484.6652150061009
input8000_rate2p5_reuse50_seed1,NEAREST_MIGRATE_KV,99,0.0,17.657133,0.0,532.085504,0.0,549.742637,477.5783356623379,0.0,0.0,12.691558337421021,549.7426370000001,490.26989399975895,490.26989399975895
input8000_rate2p5_reuse50_seed1,NEAREST_MIGRATE_KV,102,0.0,7.040306,0.0,534.402681,0.0,541.442987,478.23807099408646,0.0,0.0,17.398592334689994,541.442987,495.6366633287764,495.6366633287764
input8000_rate2p5_reuse50_seed1,NEAREST_MIGRATE_KV,90,0.0,6.189821,0.0,528.194957,0.0,534.384778,473.20758908950364,0.0,0.0,6.826475520981795,534.3847780000001,480.0340646104854,480.0340646104854
input8000_rate2p5_reuse50_seed1,NEAREST_MIGRATE_KV,122,0.0,216.57334,0.0,536.8471,0.0,753.42044,477.7707584674312,0.0,1.9840228963326394e-09,240.7588854752026,753.42044,718.5296439446179,718.5296439446179
input8000_rate2p5_reuse50_seed1,NEAREST_MIGRATE_KV,121,0.0,20.902646,0.0,537.048081,0.0,557.950727,477.22097902430744,0.0,0.0,6.754451724271426,557.950727,483.97543074857884,483.97543074857884
input8000_rate2p5_reuse50_seed1,NEAREST_MIGRATE_KV,130,0.0,12.137412,0.0,542.667562,0.0,554.804974,478.1006261333055,0.0,9.260493140816681e-06,16.10668199511057,554.804974,494.20731738890925,494.20731738890925
input8000_rate2p5_reuse50_seed1,NEAREST_MIGRATE_KV,140,0.0,6.408479,0.0,547.849099,0.0,554.257578,473.6474126440027,0.0,0.0001182159135651749,9.593711580016048,554.257578,483.2412424399323,483.2412424399323
input8000_rate2p5_reuse50_seed1,NEAREST_MIGRATE_KV,183,0.0,13.569129,0.0,534.462691,1.1368683772161603e-13,548.03182,478.62291660427314,0.0,0.0,12.202129905743874,548.0318199999999,490.82504651001705,490.82504651001716
input8000_rate2p5_reuse50_seed1,NEAREST_MIGRATE_KV,191,0.0,6.357154620117187,423.31469237988165,538.789863,1.9653120000011768,970.427022,478.62291660427314,0.0,402.2151713222063,27.416980245495445,968.4617099999988,908.2550681719749,910.2203801719761
input8000_rate2p5_reuse50_seed1,NEAREST_MIGRATE_KV,168,0.0,18.660878620117188,423.31469237988165,526.654567,7.423212000001172,976.05335,473.1801001173475,0.0,147.86494847136865,18.059476616743204,968.6301379999989,639.1045252054594,646.5277372054605
input8000_rate2p5_reuse50_seed1,NEAREST_MIGRATE_KV,177,0.0,18.77643,0.0,531.986735,0.0,550.763165,473.0976332008789,0.0,0.0,6.811016090057102,550.763165,479.90864929093595,479.90864929093595
input8000_rate2p5_reuse50_seed1,NEAREST_MIGRATE_KV,188,0.0,7.458574,0.0,535.099719,0.0,542.558293,473.20758908950364,0.0,6.749569849864281e-07,11.130025237034026,542.558293,484.33761500149467,484.33761500149467
input8000_rate2p5_reuse50_seed1,NEAREST_MIGRATE_KV,211,0.0,5.642686,0.0,546.818174,0.0,552.46086,479.2826519360217,0.0,0.00018812103589176297,10.386007414906707,552.46086,489.6688474719643,489.6688474719643
input8000_rate2p5_reuse50_seed1,NEAREST_MIGRATE_KV,204,0.0,6.050286,0.0,540.804754,0.0,546.85504,475.2692620012179,0.0,3.793840852041081e-06,5.207460774434516,546.85504,480.4767265694933,480.4767265694933
input8000_rate2p5_reuse50_seed1,NEAREST_MIGRATE_KV,213,0.0,9.535305620117187,423.31469237988165,549.07599,2.8350380000010773,984.761026,478.43049379917977,0.0,167.43151839983622,20.866769753271107,981.9259879999988,666.7287819522871,669.5638199522882
input8000_rate2p5_reuse50_seed1,NEAREST_MIGRATE_KV,227,1133.714802,26.07724,0.0,553.120281,0.0,1705.71811,478.54044968780454,0.0,2541.8216547107827,14.895933667885807,1712.912323,3035.258038066473,3035.258038066473
input8000_rate2p5_reuse50_seed1,NEAREST_MIGRATE_KV,232,1884.306762,17.26211562011719,423.31469237988165,550.077471,0.0,2868.229887,479.8599203513017,0.0,5115.338807542165,21.06774235529216,2874.9610409999987,5616.266470248759,5616.266470248759
input8000_rate2p5_reuse50_seed1,NEAREST_MIGRATE_KV,234,4288.747661,16.898211620117188,423.31469237988165,549.341328,1.6123070000010102,5279.9142,479.3101409081779,0.0,6541.64951217028,21.316010530461888,5278.301892999998,7042.275663608921,7043.887970608922
input8000_rate2p5_reuse50_seed1,NEAREST_MIGRATE_KV,255,927.223508,25.825272,0.0,547.753397,0.0,1500.14437,479.5300526854274,0.0,2202.710171709458,9.784498109025499,1500.802177,2692.024722503911,2692.024722503911
input8000_rate2p5_reuse50_seed1,NEAREST_MIGRATE_KV,237,491.815385,26.04908,0.0,552.415179,0.0,1068.997492,473.15261114519126,0.0,1989.3421060090122,8.88785111539314,1070.279644,2471.382568269597,2471.382568269597
input8000_rate2p5_reuse50_seed1,NEAREST_MIGRATE_KV,274,0.0,7.911104,0.0,545.982387,0.0,553.893491,479.11771810308454,0.0,0.00011218098747641077,10.36281826851966,553.893491,489.4806485525917,489.4806485525917
input8000_rate2p5_reuse50_seed1,NEAREST_MIGRATE_KV,264,380.673143,25.931672,0.0,549.280598,2.460252999999966,958.345666,473.3725229224408,0.0,1950.247859741565,8.918769977242526,955.885413,2432.5391526412486,2434.999405641249
input8000_rate2p5_reuse50_seed1,NEAREST_MIGRATE_KV,289,0.0,2.2323066201171873,423.31469237988165,544.615201,7.402757000001202,977.564957,478.32053791055506,0.0,177.96521109474307,16.873325936087404,970.1621999999988,673.1590749413856,680.5618319413868
input8000_rate2p5_reuse50_seed1,NEAREST_MIGRATE_KV,295,0.0,6.964801,0.0,542.72811,0.0,549.692911,475.2692620012179,0.0,0.00211480420336969,5.207460774434516,549.692911,480.4788375798558,480.4788375798558
input8000_rate2p5_reuse50_seed1,NEAREST_MIGRATE_KV,1,0.0,1.557371,0.0,503.866806,0.0,505.424177,480.052343156395,0.0,6.93260286928171e-06,9.061411146967707,505.424177,489.11376123596557,489.11376123596557
input8000_rate2p5_reuse50_seed1,NEAREST_MIGRATE_KV,11,0.0,2.085315,0.0,516.854079,0.0,518.939394,478.54044968780454,0.0,2.340090462878793e-06,13.463121383473897,518.939394,492.0035734113689,492.0035734113689
input8000_rate2p5_reuse50_seed1,NEAREST_MIGRATE_KV,30,0.0,4.141175,0.0,557.986653,0.0,562.127828,478.23807099408646,0.0,0.0,8.170037511248445,562.127828,486.4081085053349,486.4081085053349
input8000_rate2p5_reuse50_seed1,NEAREST_MIGRATE_KV,31,0.0,25.420235,0.0,817.554365,0.0,842.9746,473.8673244212522,0.0,0.0,250.88856668379418,842.9746,724.7558911050464,724.7558911050464
input8000_rate2p5_reuse50_seed1,NEAREST_MIGRATE_KV,48,0.0,8.579425,0.0,523.342296,0.0,531.921721,478.1006261333055,0.0,0.0,7.514420197130754,531.921721,485.61504633043626,485.61504633043626
input8000_rate2p5_reuse50_seed1,NEAREST_MIGRATE_KV,59,0.0,89.420754,0.0,834.552929,1.1368683772161603e-13,923.973683,479.72247549052076,0.0,0.000113830787118372,259.997328886487,923.9736829999999,739.719918207795,739.7199182077951
input8000_rate2p5_reuse50_seed1,NEAREST_MIGRATE_KV,56,0.0,4.680138,0.0,527.688553,0.0,532.368691,474.4720818086884,0.0,0.0,11.618536388336608,532.368691,486.09061819702504,486.09061819702504
input8000_rate2p5_reuse50_seed1,NEAREST_MIGRATE_KV,58,0.0,15.079892,0.0,567.042153,0.0,582.122045,473.3725229224408,0.0,3.029455149265317e-06,16.078219490810433,582.122045,489.45074544270636,489.45074544270636
input8000_rate2p5_reuse50_seed1,NEAREST_MIGRATE_KV,83,0.0,18.211838,0.0,539.810091,0.0,558.021929,478.1556040776179,0.0,0.0,6.249563861669564,558.021929,484.4051679392875,484.4051679392875
input8000_rate2p5_reuse50_seed1,NEAREST_MIGRATE_KV,97,0.0,14.964076,0.0,538.271873,0.0,553.235949,480.189788017176,0.0,1.8402051792933546e-06,11.786133770959005,553.235949,491.9759236283402,491.9759236283402
input8000_rate2p5_reuse50_seed1,NEAREST_MIGRATE_KV,86,0.0,18.722612,0.0,538.563417,0.0,557.286029,474.85692741887505,0.0,0.0,11.036351371111245,557.286029,485.8932787899863,485.8932787899863
input8000_rate2p5_reuse50_seed1,NEAREST_MIGRATE_KV,107,0.0,15.787982,0.0,538.505367,0.0,554.293349,476.89111135843314,0.0,1.4120195606477898e-05,11.322350843218125,554.293349,488.2134763218469,488.2134763218469
input8000_rate2p5_reuse50_seed1,NEAREST_MIGRATE_KV,149,0.0,17.398512,0.0,526.013215,1.1368683772161603e-13,543.411727,479.8324313791455,0.0,0.0,8.719764589449717,543.4117269999999,488.5521959685952,488.5521959685953
input8000_rate2p5_reuse50_seed1,NEAREST_MIGRATE_KV,145,0.0,0.013778,0.0,509.173936,0.0,509.187714,479.3101409081779,0.0,0.0,8.957059988226,509.187714,488.2672008964039,488.2672008964039
input8000_rate2p5_reuse50_seed1,NEAREST_MIGRATE_KV,154,0.0,5.066287,0.0,530.781508,0.0,535.847795,473.97728030987696,0.0,0.0,17.43583241181981,535.847795,491.4131127216968,491.4131127216968
input8000_rate2p5_reuse50_seed1,NEAREST_MIGRATE_KV,170,0.0,2.49725,0.0,535.457162,0.0,537.954412,479.3376298803341,0.0,0.0,7.052045769571826,537.954412,486.3896756499059,486.3896756499059
input8000_rate2p5_reuse50_seed1,NEAREST_MIGRATE_KV,175,0.0,16.322322,0.0,536.209168,0.0,552.53149,476.06644219374743,0.0,1.9856628792104887e-07,11.206405111282912,552.53149,487.2728475035966,487.2728475035966
input8000_rate2p5_reuse50_seed1,NEAREST_MIGRATE_KV,186,0.0,19.11764,0.0,541.278123,0.0,560.395763,473.20758908950364,0.0,0.010644339483412245,15.418737318961604,560.3957630000001,488.6369707479487,488.6369707479487
input8000_rate2p5_reuse50_seed1,NEAREST_MIGRATE_KV,198,0.0,1.795356,0.0,536.461932,0.0,538.257288,477.4958687458693,0.0,9.217020607572659e-08,11.407377713303951,538.257288,488.90324655134344,488.90324655134344
input8000_rate2p5_reuse50_seed1,NEAREST_MIGRATE_KV,208,0.0,11.387563,0.0,545.492069,0.0,556.879632,477.99067024468076,0.0,0.23187058638520597,15.454929538724102,556.879632,493.67747036979006,493.67747036979006
input8000_rate2p5_reuse50_seed1,NEAREST_MIGRATE_KV,199,0.0,3.326242,0.0,539.647797,0.0,542.974039,473.6749016161589,0.0,0.009951178336295741,5.30886435581963,542.974039,478.9937171503148,478.9937171503148
input8000_rate2p5_reuse50_seed1,NEAREST_MIGRATE_KV,242,0.0,92.604835,0.0,854.954165,0.0,947.559,479.2826519360217,0.0,0.8287033632252053,253.94638960280156,947.559,734.0577449020484,734.0577449020484
input8000_rate2p5_reuse50_seed1,NEAREST_MIGRATE_KV,240,0.0,2.186419,0.0,579.904278,0.0,582.090697,478.3480268827112,0.0,0.02826703851390383,10.89089527750857,582.090697,489.2671891987337,489.2671891987337
input8000_rate2p5_reuse50_seed1,NEAREST_MIGRATE_KV,228,0.0,0.315235,0.0,540.03882,0.0,540.354055,475.5441517227798,0.0,0.0,5.882402377208045,540.354055,481.42655409998787,481.42655409998787
input8000_rate2p5_reuse50_seed1,NEAREST_MIGRATE_KV,266,0.0,20.049531620117186,423.31469237988165,540.472122,5.995981000001166,989.832327,479.39260782464646,0.0,142.47485047901395,251.36415777692176,983.8363459999989,873.2316160805822,879.2275970805833
input8000_rate2p5_reuse50_seed1,NEAREST_MIGRATE_KV,252,0.0,3.860318620117187,423.31469237988165,543.039772,8.691601000001242,978.906384,472.4104088969741,0.0,339.90290301261757,21.292951961067565,970.2147829999988,833.6062638706592,842.2978648706604
input8000_rate2p5_reuse50_seed1,NEAREST_MIGRATE_KV,263,0.0,15.851064,0.0,537.634567,1.1368683772161603e-13,553.485631,475.7915524721855,0.0,0.0,5.917186096788605,553.4856309999999,481.7087385689741,481.70873856897424
input8000_rate2p5_reuse50_seed1,NEAREST_MIGRATE_KV,284,0.0,16.531066,0.0,539.346837,0.0,555.877903,480.02485418423885,0.0,0.0,6.512374187389391,555.8779030000001,486.53722837162826,486.53722837162826
