scenario,policy,request_id,kv_transfer_ms,analytical_kv_transfer_ms
input4000_rate2p5_reuse00_seed1,NEAREST_KV,13,0.0,0.0
input4000_rate2p5_reuse00_seed1,NEAREST_KV,32,0.0,0.0
input4000_rate2p5_reuse00_seed1,NEAREST_KV,42,0.0,0.0
input4000_rate2p5_reuse00_seed1,NEAREST_KV,67,0.0,0.0
input4000_rate2p5_reuse00_seed1,NEAREST_KV,68,0.0,0.0
input4000_rate2p5_reuse00_seed1,NEAREST_KV,81,0.0,0.0
input4000_rate2p5_reuse00_seed1,NEAREST_KV,83,0.0,0.0
input4000_rate2p5_reuse00_seed1,NEAREST_KV,88,0.0,0.0
input4000_rate2p5_reuse00_seed1,NEAREST_KV,103,0.0,0.0
input4000_rate2p5_reuse00_seed1,NEAREST_KV,96,0.0,0.0
input4000_rate2p5_reuse00_seed1,NEAREST_KV,109,0.0,0.0
input4000_rate2p5_reuse00_seed1,NEAREST_KV,117,0.0,0.0
input4000_rate2p5_reuse00_seed1,NEAREST_KV,135,0.0,0.0
input4000_rate2p5_reuse00_seed1,NEAREST_KV,150,0.0,0.0
input4000_rate2p5_reuse00_seed1,NEAREST_KV,159,0.0,0.0
input4000_rate2p5_reuse00_seed1,NEAREST_KV,177,0.0,0.0
input4000_rate2p5_reuse00_seed1,NEAREST_KV,176,0.0,0.0
input4000_rate2p5_reuse00_seed1,NEAREST_KV,167,0.0,0.0
input4000_rate2p5_reuse00_seed1,NEAREST_KV,169,0.0,0.0
input4000_rate2p5_reuse00_seed1,NEAREST_KV,192,0.0,0.0
input4000_rate2p5_reuse00_seed1,NEAREST_KV,248,0.0,0.0
input4000_rate2p5_reuse00_seed1,NEAREST_KV,251,0.0,0.0
input4000_rate2p5_reuse00_seed1,NEAREST_KV,272,0.0,0.0
input4000_rate2p5_reuse00_seed1,NEAREST_KV,286,0.0,0.0
input4000_rate2p5_reuse00_seed1,NEAREST_KV,2,0.0,0.0
input4000_rate2p5_reuse00_seed1,NEAREST_KV,11,0.0,0.0
input4000_rate2p5_reuse00_seed1,NEAREST_KV,20,0.0,0.0
input4000_rate2p5_reuse00_seed1,NEAREST_KV,37,0.0,0.0
input4000_rate2p5_reuse00_seed1,NEAREST_KV,36,0.0,0.0
input4000_rate2p5_reuse00_seed1,NEAREST_KV,61,0.0,0.0
input4000_rate2p5_reuse00_seed1,NEAREST_KV,45,0.0,0.0
input4000_rate2p5_reuse00_seed1,NEAREST_KV,44,0.0,0.0
input4000_rate2p5_reuse00_seed1,NEAREST_KV,66,0.0,0.0
input4000_rate2p5_reuse00_seed1,NEAREST_KV,80,0.0,0.0
input4000_rate2p5_reuse00_seed1,NEAREST_KV,98,0.0,0.0
input4000_rate2p5_reuse00_seed1,NEAREST_KV,94,0.0,0.0
input4000_rate2p5_reuse00_seed1,NEAREST_KV,115,0.0,0.0
input4000_rate2p5_reuse00_seed1,NEAREST_KV,110,0.0,0.0
input4000_rate2p5_reuse00_seed1,NEAREST_KV,105,0.0,0.0
input4000_rate2p5_reuse00_seed1,NEAREST_KV,129,0.0,0.0
input4000_rate2p5_reuse00_seed1,NEAREST_KV,143,0.0,0.0
input4000_rate2p5_reuse00_seed1,NEAREST_KV,158,0.0,0.0
input4000_rate2p5_reuse00_seed1,NEAREST_KV,164,0.0,0.0
input4000_rate2p5_reuse00_seed1,NEAREST_KV,174,0.0,0.0
input4000_rate2p5_reuse00_seed1,NEAREST_KV,186,0.0,0.0
input4000_rate2p5_reuse00_seed1,NEAREST_KV,187,0.0,0.0
input4000_rate2p5_reuse00_seed1,NEAREST_KV,204,0.0,0.0
input4000_rate2p5_reuse00_seed1,NEAREST_KV,215,0.0,0.0
input4000_rate2p5_reuse00_seed1,NEAREST_KV,220,0.0,0.0
input4000_rate2p5_reuse00_seed1,NEAREST_KV,265,0.0,0.0
input4000_rate2p5_reuse00_seed1,NEAREST_KV,266,0.0,0.0
input4000_rate2p5_reuse00_seed1,NEAREST_KV,274,0.0,0.0
input4000_rate2p5_reuse00_seed1,NEAREST_KV,278,0.0,0.0
input4000_rate2p5_reuse00_seed1,NEAREST_KV,295,0.0,0.0
input4000_rate2p5_reuse00_seed1,NEAREST_KV,1,0.0,0.0
input4000_rate2p5_reuse00_seed1,NEAREST_KV,10,0.0,0.0
input4000_rate2p5_reuse00_seed1,NEAREST_KV,9,0.0,0.0
input4000_rate2p5_reuse00_seed1,NEAREST_KV,22,0.0,0.0
input4000_rate2p5_reuse00_seed1,NEAREST_KV,29,0.0,0.0
input4000_rate2p5_reuse00_seed1,NEAREST_KV,49,0.0,0.0
input4000_rate2p5_reuse00_seed1,NEAREST_KV,48,0.0,0.0
input4000_rate2p5_reuse00_seed1,NEAREST_KV,72,0.0,0.0
input4000_rate2p5_reuse00_seed1,NEAREST_KV,93,0.0,0.0
input4000_rate2p5_reuse00_seed1,NEAREST_KV,84,0.0,0.0
input4000_rate2p5_reuse00_seed1,NEAREST_KV,102,0.0,0.0
input4000_rate2p5_reuse00_seed1,NEAREST_KV,108,0.0,0.0
input4000_rate2p5_reuse00_seed1,NEAREST_KV,111,0.0,0.0
input4000_rate2p5_reuse00_seed1,NEAREST_KV,118,0.0,0.0
input4000_rate2p5_reuse00_seed1,NEAREST_KV,121,0.0,0.0
input4000_rate2p5_reuse00_seed1,NEAREST_KV,166,0.0,0.0
input4000_rate2p5_reuse00_seed1,NEAREST_KV,180,0.0,0.0
input4000_rate2p5_reuse00_seed1,NEAREST_KV,235,0.0,0.0
input4000_rate2p5_reuse00_seed1,NEAREST_KV,245,0.0,0.0
input4000_rate2p5_reuse00_seed1,NEAREST_KV,267,0.0,0.0
input4000_rate2p5_reuse00_seed1,NEAREST_KV,283,0.0,0.0
input4000_rate2p5_reuse00_seed1,NEAREST_KV,289,0.0,0.0
input4000_rate2p5_reuse00_seed1,NEAREST_KV,5,0.0,0.0
input4000_rate2p5_reuse00_seed1,NEAREST_KV,7,0.0,0.0
input4000_rate2p5_reuse00_seed1,NEAREST_KV,28,0.0,0.0
input4000_rate2p5_reuse00_seed1,NEAREST_KV,27,0.0,0.0
input4000_rate2p5_reuse00_seed1,NEAREST_KV,26,0.0,0.0
input4000_rate2p5_reuse00_seed1,NEAREST_KV,30,0.0,0.0
input4000_rate2p5_reuse00_seed1,NEAREST_KV,55,0.0,0.0
input4000_rate2p5_reuse00_seed1,NEAREST_KV,58,0.0,0.0
input4000_rate2p5_reuse00_seed1,NEAREST_KV,59,0.0,0.0
input4000_rate2p5_reuse00_seed1,NEAREST_KV,79,0.0,0.0
input4000_rate2p5_reuse00_seed1,NEAREST_KV,90,0.0,0.0
input4000_rate2p5_reuse00_seed1,NEAREST_KV,99,0.0,0.0
input4000_rate2p5_reuse00_seed1,NEAREST_KV,124,0.0,0.0
input4000_rate2p5_reuse00_seed1,NEAREST_KV,130,0.0,0.0
input4000_rate2p5_reuse00_seed1,NEAREST_KV,142,0.0,0.0
input4000_rate2p5_reuse00_seed1,NEAREST_KV,131,0.0,0.0
input4000_rate2p5_reuse00_seed1,NEAREST_KV,149,0.0,0.0
input4000_rate2p5_reuse00_seed1,NEAREST_KV,141,0.0,0.0
input4000_rate2p5_reuse00_seed1,NEAREST_KV,163,0.0,0.0
input4000_rate2p5_reuse00_seed1,NEAREST_KV,181,0.0,0.0
input4000_rate2p5_reuse00_seed1,NEAREST_KV,201,0.0,0.0
input4000_rate2p5_reuse00_seed1,NEAREST_KV,202,0.0,0.0
input4000_rate2p5_reuse00_seed1,NEAREST_KV,213,0.0,0.0
input4000_rate2p5_reuse00_seed1,NEAREST_KV,233,0.0,0.0
input4000_rate2p5_reuse00_seed1,NEAREST_KV,232,0.0,0.0
input4000_rate2p5_reuse00_seed1,NEAREST_KV,231,0.0,0.0
input4000_rate2p5_reuse00_seed1,NEAREST_KV,234,0.0,0.0
input4000_rate2p5_reuse00_seed1,NEAREST_KV,243,0.0,0.0
input4000_rate2p5_reuse00_seed1,NEAREST_KV,263,0.0,0.0
input4000_rate2p5_reuse00_seed1,NEAREST_KV,259,0.0,0.0
input4000_rate2p5_reuse00_seed1,NEAREST_KV,258,0.0,0.0
input4000_rate2p5_reuse00_seed1,NEAREST_KV,264,0.0,0.0
input4000_rate2p5_reuse00_seed1,NEAREST_KV,270,0.0,0.0
input4000_rate2p5_reuse00_seed1,NEAREST_KV,294,0.0,0.0
input4000_rate2p5_reuse00_seed1,NEAREST_KV,298,0.0,0.0
input4000_rate2p5_reuse00_seed1,NEAREST_KV,3,0.0,0.0
input4000_rate2p5_reuse00_seed1,NEAREST_KV,4,0.0,0.0
input4000_rate2p5_reuse00_seed1,NEAREST_KV,19,0.0,0.0
input4000_rate2p5_reuse00_seed1,NEAREST_KV,34,0.0,0.0
input4000_rate2p5_reuse00_seed1,NEAREST_KV,43,0.0,0.0
input4000_rate2p5_reuse00_seed1,NEAREST_KV,47,0.0,0.0
input4000_rate2p5_reuse00_seed1,NEAREST_KV,56,0.0,0.0
input4000_rate2p5_reuse00_seed1,NEAREST_KV,35,0.0,0.0
input4000_rate2p5_reuse00_seed1,NEAREST_KV,40,0.0,0.0
input4000_rate2p5_reuse00_seed1,NEAREST_KV,53,0.0,0.0
input4000_rate2p5_reuse00_seed1,NEAREST_KV,76,0.0,0.0
input4000_rate2p5_reuse00_seed1,NEAREST_KV,69,0.0,0.0
input4000_rate2p5_reuse00_seed1,NEAREST_KV,77,0.0,0.0
input4000_rate2p5_reuse00_seed1,NEAREST_KV,75,0.0,0.0
input4000_rate2p5_reuse00_seed1,NEAREST_KV,78,0.0,0.0
input4000_rate2p5_reuse00_seed1,NEAREST_KV,73,0.0,0.0
input4000_rate2p5_reuse00_seed1,NEAREST_KV,104,0.0,0.0
input4000_rate2p5_reuse00_seed1,NEAREST_KV,106,0.0,0.0
input4000_rate2p5_reuse00_seed1,NEAREST_KV,119,0.0,0.0
input4000_rate2p5_reuse00_seed1,NEAREST_KV,125,0.0,0.0
input4000_rate2p5_reuse00_seed1,NEAREST_KV,107,0.0,0.0
input4000_rate2p5_reuse00_seed1,NEAREST_KV,123,0.0,0.0
input4000_rate2p5_reuse00_seed1,NEAREST_KV,122,0.0,0.0
input4000_rate2p5_reuse00_seed1,NEAREST_KV,137,0.0,0.0
input4000_rate2p5_reuse00_seed1,NEAREST_KV,145,0.0,0.0
input4000_rate2p5_reuse00_seed1,NEAREST_KV,152,0.0,0.0
input4000_rate2p5_reuse00_seed1,NEAREST_KV,138,0.0,0.0
input4000_rate2p5_reuse00_seed1,NEAREST_KV,136,0.0,0.0
input4000_rate2p5_reuse00_seed1,NEAREST_KV,151,0.0,0.0
input4000_rate2p5_reuse00_seed1,NEAREST_KV,155,0.0,0.0
input4000_rate2p5_reuse00_seed1,NEAREST_KV,168,0.0,0.0
input4000_rate2p5_reuse00_seed1,NEAREST_KV,170,0.0,0.0
input4000_rate2p5_reuse00_seed1,NEAREST_KV,189,0.0,0.0
input4000_rate2p5_reuse00_seed1,NEAREST_KV,193,0.0,0.0
input4000_rate2p5_reuse00_seed1,NEAREST_KV,207,0.0,0.0
input4000_rate2p5_reuse00_seed1,NEAREST_KV,228,0.0,0.0
input4000_rate2p5_reuse00_seed1,NEAREST_KV,225,0.0,0.0
input4000_rate2p5_reuse00_seed1,NEAREST_KV,229,0.0,0.0
input4000_rate2p5_reuse00_seed1,NEAREST_KV,249,0.0,0.0
input4000_rate2p5_reuse00_seed1,NEAREST_KV,224,0.0,0.0
input4000_rate2p5_reuse00_seed1,NEAREST_KV,226,0.0,0.0
input4000_rate2p5_reuse00_seed1,NEAREST_KV,244,0.0,0.0
input4000_rate2p5_reuse00_seed1,NEAREST_KV,236,0.0,0.0
input4000_rate2p5_reuse00_seed1,NEAREST_KV,255,0.0,0.0
input4000_rate2p5_reuse00_seed1,NEAREST_KV,242,0.0,0.0
input4000_rate2p5_reuse00_seed1,NEAREST_KV,256,0.0,0.0
input4000_rate2p5_reuse00_seed1,NEAREST_KV,277,0.0,0.0
input4000_rate2p5_reuse00_seed1,NEAREST_KV,287,0.0,0.0
input4000_rate2p5_reuse00_seed1,NEAREST_KV,288,0.0,0.0
input4000_rate2p5_reuse00_seed1,NEAREST_KV,18,0.0,0.0
input4000_rate2p5_reuse00_seed1,NEAREST_KV,17,0.0,0.0
input4000_rate2p5_reuse00_seed1,NEAREST_KV,65,0.0,0.0
input4000_rate2p5_reuse00_seed1,NEAREST_KV,57,0.0,0.0
input4000_rate2p5_reuse00_seed1,NEAREST_KV,74,0.0,0.0
input4000_rate2p5_reuse00_seed1,NEAREST_KV,89,0.0,0.0
input4000_rate2p5_reuse00_seed1,NEAREST_KV,92,0.0,0.0
input4000_rate2p5_reuse00_seed1,NEAREST_KV,112,0.0,0.0
input4000_rate2p5_reuse00_seed1,NEAREST_KV,147,0.0,0.0
input4000_rate2p5_reuse00_seed1,NEAREST_KV,156,0.0,0.0
input4000_rate2p5_reuse00_seed1,NEAREST_KV,165,0.0,0.0
input4000_rate2p5_reuse00_seed1,NEAREST_KV,188,0.0,0.0
input4000_rate2p5_reuse00_seed1,NEAREST_KV,184,0.0,0.0
input4000_rate2p5_reuse00_seed1,NEAREST_KV,205,0.0,0.0
input4000_rate2p5_reuse00_seed1,NEAREST_KV,197,0.0,0.0
input4000_rate2p5_reuse00_seed1,NEAREST_KV,214,0.0,0.0
input4000_rate2p5_reuse00_seed1,NEAREST_KV,218,0.0,0.0
input4000_rate2p5_reuse00_seed1,NEAREST_KV,241,0.0,0.0
input4000_rate2p5_reuse00_seed1,NEAREST_KV,239,0.0,0.0
input4000_rate2p5_reuse00_seed1,NEAREST_KV,282,0.0,0.0
input4000_rate2p5_reuse00_seed1,NEAREST_KV,291,0.0,0.0
input4000_rate2p5_reuse00_seed1,NEAREST_KV,275,0.0,0.0
input4000_rate2p5_reuse00_seed1,NEAREST_KV,285,0.0,0.0
input4000_rate2p5_reuse00_seed1,NEAREST_KV,296,0.0,0.0
input4000_rate2p5_reuse00_seed1,NEAREST_KV,281,0.0,0.0
input4000_rate2p5_reuse00_seed1,NEAREST_KV,12,0.0,0.0
input4000_rate2p5_reuse00_seed1,NEAREST_KV,15,0.0,0.0
input4000_rate2p5_reuse00_seed1,NEAREST_KV,21,0.0,0.0
input4000_rate2p5_reuse00_seed1,NEAREST_KV,16,0.0,0.0
input4000_rate2p5_reuse00_seed1,NEAREST_KV,23,0.0,0.0
input4000_rate2p5_reuse00_seed1,NEAREST_KV,25,0.0,0.0
input4000_rate2p5_reuse00_seed1,NEAREST_KV,38,0.0,0.0
input4000_rate2p5_reuse00_seed1,NEAREST_KV,33,0.0,0.0
input4000_rate2p5_reuse00_seed1,NEAREST_KV,51,0.0,0.0
input4000_rate2p5_reuse00_seed1,NEAREST_KV,60,0.0,0.0
input4000_rate2p5_reuse00_seed1,NEAREST_KV,82,0.0,0.0
input4000_rate2p5_reuse00_seed1,NEAREST_KV,91,0.0,0.0
input4000_rate2p5_reuse00_seed1,NEAREST_KV,85,0.0,0.0
input4000_rate2p5_reuse00_seed1,NEAREST_KV,95,0.0,0.0
input4000_rate2p5_reuse00_seed1,NEAREST_KV,116,0.0,0.0
input4000_rate2p5_reuse00_seed1,NEAREST_KV,154,0.0,0.0
input4000_rate2p5_reuse00_seed1,NEAREST_KV,161,0.0,0.0
input4000_rate2p5_reuse00_seed1,NEAREST_KV,191,0.0,0.0
input4000_rate2p5_reuse00_seed1,NEAREST_KV,209,0.0,0.0
input4000_rate2p5_reuse00_seed1,NEAREST_KV,223,0.0,0.0
input4000_rate2p5_reuse00_seed1,NEAREST_KV,230,0.0,0.0
input4000_rate2p5_reuse00_seed1,NEAREST_KV,257,0.0,0.0
input4000_rate2p5_reuse00_seed1,NEAREST_KV,246,0.0,0.0
input4000_rate2p5_reuse00_seed1,NEAREST_KV,253,0.0,0.0
input4000_rate2p5_reuse00_seed1,NEAREST_KV,260,0.0,0.0
input4000_rate2p5_reuse00_seed1,NEAREST_KV,269,0.0,0.0
input4000_rate2p5_reuse00_seed1,NEAREST_KV,280,0.0,0.0
input4000_rate2p5_reuse00_seed1,NEAREST_KV,297,0.0,0.0
input4000_rate2p5_reuse00_seed1,NEAREST_KV,292,0.0,0.0
input4000_rate2p5_reuse00_seed1,NEAREST_KV,299,0.0,0.0
input4000_rate2p5_reuse00_seed1,NEAREST_KV,24,0.0,0.0
input4000_rate2p5_reuse00_seed1,NEAREST_KV,31,0.0,0.0
input4000_rate2p5_reuse00_seed1,NEAREST_KV,52,0.0,0.0
input4000_rate2p5_reuse00_seed1,NEAREST_KV,71,0.0,0.0
input4000_rate2p5_reuse00_seed1,NEAREST_KV,70,0.0,0.0
input4000_rate2p5_reuse00_seed1,NEAREST_KV,87,0.0,0.0
input4000_rate2p5_reuse00_seed1,NEAREST_KV,100,0.0,0.0
input4000_rate2p5_reuse00_seed1,NEAREST_KV,97,0.0,0.0
input4000_rate2p5_reuse00_seed1,NEAREST_KV,114,0.0,0.0
input4000_rate2p5_reuse00_seed1,NEAREST_KV,139,0.0,0.0
input4000_rate2p5_reuse00_seed1,NEAREST_KV,126,0.0,0.0
input4000_rate2p5_reuse00_seed1,NEAREST_KV,127,0.0,0.0
input4000_rate2p5_reuse00_seed1,NEAREST_KV,144,0.0,0.0
input4000_rate2p5_reuse00_seed1,NEAREST_KV,157,0.0,0.0
input4000_rate2p5_reuse00_seed1,NEAREST_KV,171,0.0,0.0
input4000_rate2p5_reuse00_seed1,NEAREST_KV,175,0.0,0.0
input4000_rate2p5_reuse00_seed1,NEAREST_KV,173,0.0,0.0
input4000_rate2p5_reuse00_seed1,NEAREST_KV,183,0.0,0.0
input4000_rate2p5_reuse00_seed1,NEAREST_KV,195,0.0,0.0
input4000_rate2p5_reuse00_seed1,NEAREST_KV,203,0.0,0.0
input4000_rate2p5_reuse00_seed1,NEAREST_KV,208,0.0,0.0
input4000_rate2p5_reuse00_seed1,NEAREST_KV,200,0.0,0.0
input4000_rate2p5_reuse00_seed1,NEAREST_KV,206,0.0,0.0
input4000_rate2p5_reuse00_seed1,NEAREST_KV,222,0.0,0.0
input4000_rate2p5_reuse00_seed1,NEAREST_KV,227,0.0,0.0
input4000_rate2p5_reuse00_seed1,NEAREST_KV,262,0.0,0.0
input4000_rate2p5_reuse00_seed1,NEAREST_KV,268,0.0,0.0
input4000_rate2p5_reuse00_seed1,NEAREST_KV,273,0.0,0.0
input4000_rate2p5_reuse00_seed1,NEAREST_KV,290,0.0,0.0
input4000_rate2p5_reuse00_seed1,NEAREST_KV,8,0.0,0.0
input4000_rate2p5_reuse00_seed1,NEAREST_KV,14,0.0,0.0
input4000_rate2p5_reuse00_seed1,NEAREST_KV,39,0.0,0.0
input4000_rate2p5_reuse00_seed1,NEAREST_KV,46,0.0,0.0
input4000_rate2p5_reuse00_seed1,NEAREST_KV,50,0.0,0.0
input4000_rate2p5_reuse00_seed1,NEAREST_KV,54,0.0,0.0
input4000_rate2p5_reuse00_seed1,NEAREST_KV,64,0.0,0.0
input4000_rate2p5_reuse00_seed1,NEAREST_KV,101,0.0,0.0
input4000_rate2p5_reuse00_seed1,NEAREST_KV,113,0.0,0.0
input4000_rate2p5_reuse00_seed1,NEAREST_KV,120,0.0,0.0
input4000_rate2p5_reuse00_seed1,NEAREST_KV,132,0.0,0.0
input4000_rate2p5_reuse00_seed1,NEAREST_KV,133,0.0,0.0
input4000_rate2p5_reuse00_seed1,NEAREST_KV,146,0.0,0.0
input4000_rate2p5_reuse00_seed1,NEAREST_KV,148,0.0,0.0
input4000_rate2p5_reuse00_seed1,NEAREST_KV,172,0.0,0.0
input4000_rate2p5_reuse00_seed1,NEAREST_KV,160,0.0,0.0
input4000_rate2p5_reuse00_seed1,NEAREST_KV,182,0.0,0.0
input4000_rate2p5_reuse00_seed1,NEAREST_KV,178,0.0,0.0
input4000_rate2p5_reuse00_seed1,NEAREST_KV,196,0.0,0.0
input4000_rate2p5_reuse00_seed1,NEAREST_KV,199,0.0,0.0
input4000_rate2p5_reuse00_seed1,NEAREST_KV,210,0.0,0.0
input4000_rate2p5_reuse00_seed1,NEAREST_KV,217,0.0,0.0
input4000_rate2p5_reuse00_seed1,NEAREST_KV,219,0.0,0.0
input4000_rate2p5_reuse00_seed1,NEAREST_KV,212,0.0,0.0
input4000_rate2p5_reuse00_seed1,NEAREST_KV,238,0.0,0.0
input4000_rate2p5_reuse00_seed1,NEAREST_KV,237,0.0,0.0
input4000_rate2p5_reuse00_seed1,NEAREST_KV,250,0.0,0.0
input4000_rate2p5_reuse00_seed1,NEAREST_KV,261,0.0,0.0
input4000_rate2p5_reuse00_seed1,NEAREST_KV,271,0.0,0.0
input4000_rate2p5_reuse00_seed1,NEAREST_KV,276,0.0,0.0
input4000_rate2p5_reuse00_seed1,NEAREST_KV,0,0.0,0.0
input4000_rate2p5_reuse00_seed1,NEAREST_KV,6,0.0,0.0
input4000_rate2p5_reuse00_seed1,NEAREST_KV,41,0.0,0.0
input4000_rate2p5_reuse00_seed1,NEAREST_KV,63,0.0,0.0
input4000_rate2p5_reuse00_seed1,NEAREST_KV,62,0.0,0.0
input4000_rate2p5_reuse00_seed1,NEAREST_KV,86,0.0,0.0
input4000_rate2p5_reuse00_seed1,NEAREST_KV,128,0.0,0.0
input4000_rate2p5_reuse00_seed1,NEAREST_KV,140,0.0,0.0
input4000_rate2p5_reuse00_seed1,NEAREST_KV,134,0.0,0.0
input4000_rate2p5_reuse00_seed1,NEAREST_KV,153,0.0,0.0
input4000_rate2p5_reuse00_seed1,NEAREST_KV,162,0.0,0.0
input4000_rate2p5_reuse00_seed1,NEAREST_KV,185,0.0,0.0
input4000_rate2p5_reuse00_seed1,NEAREST_KV,190,0.0,0.0
input4000_rate2p5_reuse00_seed1,NEAREST_KV,179,0.0,0.0
input4000_rate2p5_reuse00_seed1,NEAREST_KV,198,0.0,0.0
input4000_rate2p5_reuse00_seed1,NEAREST_KV,194,0.0,0.0
input4000_rate2p5_reuse00_seed1,NEAREST_KV,216,0.0,0.0
input4000_rate2p5_reuse00_seed1,NEAREST_KV,221,0.0,0.0
input4000_rate2p5_reuse00_seed1,NEAREST_KV,211,0.0,0.0
input4000_rate2p5_reuse00_seed1,NEAREST_KV,240,0.0,0.0
input4000_rate2p5_reuse00_seed1,NEAREST_KV,252,0.0,0.0
input4000_rate2p5_reuse00_seed1,NEAREST_KV,254,0.0,0.0
input4000_rate2p5_reuse00_seed1,NEAREST_KV,247,0.0,0.0
input4000_rate2p5_reuse00_seed1,NEAREST_KV,279,0.0,0.0
input4000_rate2p5_reuse00_seed1,NEAREST_KV,284,0.0,0.0
input4000_rate2p5_reuse00_seed1,NEAREST_KV,293,0.0,0.0
input4000_rate2p5_reuse00_seed1,NEAREST_MIGRATE,13,0.0,0.0
input4000_rate2p5_reuse00_seed1,NEAREST_MIGRATE,32,0.0,0.0
input4000_rate2p5_reuse00_seed1,NEAREST_MIGRATE,42,0.0,0.0
input4000_rate2p5_reuse00_seed1,NEAREST_MIGRATE,67,0.0,0.0
input4000_rate2p5_reuse00_seed1,NEAREST_MIGRATE,68,0.0,0.0
input4000_rate2p5_reuse00_seed1,NEAREST_MIGRATE,81,0.0,0.0
input4000_rate2p5_reuse00_seed1,NEAREST_MIGRATE,83,0.0,0.0
input4000_rate2p5_reuse00_seed1,NEAREST_MIGRATE,88,0.0,0.0
input4000_rate2p5_reuse00_seed1,NEAREST_MIGRATE,103,0.0,0.0
input4000_rate2p5_reuse00_seed1,NEAREST_MIGRATE,96,0.0,0.0
input4000_rate2p5_reuse00_seed1,NEAREST_MIGRATE,109,0.0,0.0
input4000_rate2p5_reuse00_seed1,NEAREST_MIGRATE,117,0.0,0.0
input4000_rate2p5_reuse00_seed1,NEAREST_MIGRATE,135,0.0,0.0
input4000_rate2p5_reuse00_seed1,NEAREST_MIGRATE,150,0.0,0.0
input4000_rate2p5_reuse00_seed1,NEAREST_MIGRATE,159,0.0,0.0
input4000_rate2p5_reuse00_seed1,NEAREST_MIGRATE,177,0.0,0.0
input4000_rate2p5_reuse00_seed1,NEAREST_MIGRATE,176,0.0,0.0
input4000_rate2p5_reuse00_seed1,NEAREST_MIGRATE,167,0.0,0.0
input4000_rate2p5_reuse00_seed1,NEAREST_MIGRATE,169,0.0,0.0
input4000_rate2p5_reuse00_seed1,NEAREST_MIGRATE,192,0.0,0.0
input4000_rate2p5_reuse00_seed1,NEAREST_MIGRATE,248,0.0,0.0
input4000_rate2p5_reuse00_seed1,NEAREST_MIGRATE,251,0.0,0.0
input4000_rate2p5_reuse00_seed1,NEAREST_MIGRATE,272,0.0,0.0
input4000_rate2p5_reuse00_seed1,NEAREST_MIGRATE,286,0.0,0.0
input4000_rate2p5_reuse00_seed1,NEAREST_MIGRATE,2,0.0,0.0
input4000_rate2p5_reuse00_seed1,NEAREST_MIGRATE,11,0.0,0.0
input4000_rate2p5_reuse00_seed1,NEAREST_MIGRATE,20,0.0,0.0
input4000_rate2p5_reuse00_seed1,NEAREST_MIGRATE,37,0.0,0.0
input4000_rate2p5_reuse00_seed1,NEAREST_MIGRATE,36,0.0,0.0
input4000_rate2p5_reuse00_seed1,NEAREST_MIGRATE,61,0.0,0.0
input4000_rate2p5_reuse00_seed1,NEAREST_MIGRATE,45,0.0,0.0
input4000_rate2p5_reuse00_seed1,NEAREST_MIGRATE,44,0.0,0.0
input4000_rate2p5_reuse00_seed1,NEAREST_MIGRATE,66,0.0,0.0
input4000_rate2p5_reuse00_seed1,NEAREST_MIGRATE,80,0.0,0.0
input4000_rate2p5_reuse00_seed1,NEAREST_MIGRATE,98,0.0,0.0
input4000_rate2p5_reuse00_seed1,NEAREST_MIGRATE,94,0.0,0.0
input4000_rate2p5_reuse00_seed1,NEAREST_MIGRATE,115,0.0,0.0
input4000_rate2p5_reuse00_seed1,NEAREST_MIGRATE,110,0.0,0.0
input4000_rate2p5_reuse00_seed1,NEAREST_MIGRATE,105,0.0,0.0
input4000_rate2p5_reuse00_seed1,NEAREST_MIGRATE,129,0.0,0.0
input4000_rate2p5_reuse00_seed1,NEAREST_MIGRATE,143,0.0,0.0
input4000_rate2p5_reuse00_seed1,NEAREST_MIGRATE,158,0.0,0.0
input4000_rate2p5_reuse00_seed1,NEAREST_MIGRATE,164,0.0,0.0
input4000_rate2p5_reuse00_seed1,NEAREST_MIGRATE,174,0.0,0.0
input4000_rate2p5_reuse00_seed1,NEAREST_MIGRATE,186,0.0,0.0
input4000_rate2p5_reuse00_seed1,NEAREST_MIGRATE,187,0.0,0.0
input4000_rate2p5_reuse00_seed1,NEAREST_MIGRATE,204,0.0,0.0
input4000_rate2p5_reuse00_seed1,NEAREST_MIGRATE,215,0.0,0.0
input4000_rate2p5_reuse00_seed1,NEAREST_MIGRATE,220,0.0,0.0
input4000_rate2p5_reuse00_seed1,NEAREST_MIGRATE,265,0.0,0.0
input4000_rate2p5_reuse00_seed1,NEAREST_MIGRATE,266,0.0,0.0
input4000_rate2p5_reuse00_seed1,NEAREST_MIGRATE,274,0.0,0.0
input4000_rate2p5_reuse00_seed1,NEAREST_MIGRATE,278,0.0,0.0
input4000_rate2p5_reuse00_seed1,NEAREST_MIGRATE,295,0.0,0.0
input4000_rate2p5_reuse00_seed1,NEAREST_MIGRATE,1,0.0,0.0
input4000_rate2p5_reuse00_seed1,NEAREST_MIGRATE,10,0.0,0.0
input4000_rate2p5_reuse00_seed1,NEAREST_MIGRATE,9,0.0,0.0
input4000_rate2p5_reuse00_seed1,NEAREST_MIGRATE,22,0.0,0.0
input4000_rate2p5_reuse00_seed1,NEAREST_MIGRATE,29,0.0,0.0
input4000_rate2p5_reuse00_seed1,NEAREST_MIGRATE,49,0.0,0.0
input4000_rate2p5_reuse00_seed1,NEAREST_MIGRATE,48,0.0,0.0
input4000_rate2p5_reuse00_seed1,NEAREST_MIGRATE,72,0.0,0.0
input4000_rate2p5_reuse00_seed1,NEAREST_MIGRATE,93,0.0,0.0
input4000_rate2p5_reuse00_seed1,NEAREST_MIGRATE,84,0.0,0.0
input4000_rate2p5_reuse00_seed1,NEAREST_MIGRATE,102,0.0,0.0
input4000_rate2p5_reuse00_seed1,NEAREST_MIGRATE,108,0.0,0.0
input4000_rate2p5_reuse00_seed1,NEAREST_MIGRATE,111,0.0,0.0
input4000_rate2p5_reuse00_seed1,NEAREST_MIGRATE,118,0.0,0.0
input4000_rate2p5_reuse00_seed1,NEAREST_MIGRATE,121,0.0,0.0
input4000_rate2p5_reuse00_seed1,NEAREST_MIGRATE,166,0.0,0.0
input4000_rate2p5_reuse00_seed1,NEAREST_MIGRATE,180,0.0,0.0
input4000_rate2p5_reuse00_seed1,NEAREST_MIGRATE,235,0.0,0.0
input4000_rate2p5_reuse00_seed1,NEAREST_MIGRATE,245,0.0,0.0
input4000_rate2p5_reuse00_seed1,NEAREST_MIGRATE,267,0.0,0.0
input4000_rate2p5_reuse00_seed1,NEAREST_MIGRATE,283,0.0,0.0
input4000_rate2p5_reuse00_seed1,NEAREST_MIGRATE,289,0.0,0.0
input4000_rate2p5_reuse00_seed1,NEAREST_MIGRATE,5,0.0,0.0
input4000_rate2p5_reuse00_seed1,NEAREST_MIGRATE,7,0.0,0.0
input4000_rate2p5_reuse00_seed1,NEAREST_MIGRATE,28,0.0,0.0
input4000_rate2p5_reuse00_seed1,NEAREST_MIGRATE,27,0.0,0.0
input4000_rate2p5_reuse00_seed1,NEAREST_MIGRATE,26,0.0,0.0
input4000_rate2p5_reuse00_seed1,NEAREST_MIGRATE,30,0.0,0.0
input4000_rate2p5_reuse00_seed1,NEAREST_MIGRATE,55,0.0,0.0
input4000_rate2p5_reuse00_seed1,NEAREST_MIGRATE,58,0.0,0.0
input4000_rate2p5_reuse00_seed1,NEAREST_MIGRATE,59,0.0,0.0
input4000_rate2p5_reuse00_seed1,NEAREST_MIGRATE,79,0.0,0.0
input4000_rate2p5_reuse00_seed1,NEAREST_MIGRATE,90,0.0,0.0
input4000_rate2p5_reuse00_seed1,NEAREST_MIGRATE,99,0.0,0.0
input4000_rate2p5_reuse00_seed1,NEAREST_MIGRATE,124,0.0,0.0
input4000_rate2p5_reuse00_seed1,NEAREST_MIGRATE,130,0.0,0.0
input4000_rate2p5_reuse00_seed1,NEAREST_MIGRATE,142,0.0,0.0
input4000_rate2p5_reuse00_seed1,NEAREST_MIGRATE,131,0.0,0.0
input4000_rate2p5_reuse00_seed1,NEAREST_MIGRATE,149,0.0,0.0
input4000_rate2p5_reuse00_seed1,NEAREST_MIGRATE,141,0.0,0.0
input4000_rate2p5_reuse00_seed1,NEAREST_MIGRATE,163,0.0,0.0
input4000_rate2p5_reuse00_seed1,NEAREST_MIGRATE,181,0.0,0.0
input4000_rate2p5_reuse00_seed1,NEAREST_MIGRATE,201,0.0,0.0
input4000_rate2p5_reuse00_seed1,NEAREST_MIGRATE,202,0.0,0.0
input4000_rate2p5_reuse00_seed1,NEAREST_MIGRATE,213,0.0,0.0
input4000_rate2p5_reuse00_seed1,NEAREST_MIGRATE,233,0.0,0.0
input4000_rate2p5_reuse00_seed1,NEAREST_MIGRATE,232,0.0,0.0
input4000_rate2p5_reuse00_seed1,NEAREST_MIGRATE,231,0.0,0.0
input4000_rate2p5_reuse00_seed1,NEAREST_MIGRATE,234,0.0,0.0
input4000_rate2p5_reuse00_seed1,NEAREST_MIGRATE,243,0.0,0.0
input4000_rate2p5_reuse00_seed1,NEAREST_MIGRATE,263,0.0,0.0
input4000_rate2p5_reuse00_seed1,NEAREST_MIGRATE,259,0.0,0.0
input4000_rate2p5_reuse00_seed1,NEAREST_MIGRATE,258,0.0,0.0
input4000_rate2p5_reuse00_seed1,NEAREST_MIGRATE,264,0.0,0.0
input4000_rate2p5_reuse00_seed1,NEAREST_MIGRATE,270,0.0,0.0
input4000_rate2p5_reuse00_seed1,NEAREST_MIGRATE,294,0.0,0.0
input4000_rate2p5_reuse00_seed1,NEAREST_MIGRATE,298,0.0,0.0
input4000_rate2p5_reuse00_seed1,NEAREST_MIGRATE,3,0.0,0.0
input4000_rate2p5_reuse00_seed1,NEAREST_MIGRATE,4,0.0,0.0
input4000_rate2p5_reuse00_seed1,NEAREST_MIGRATE,19,0.0,0.0
input4000_rate2p5_reuse00_seed1,NEAREST_MIGRATE,34,0.0,0.0
input4000_rate2p5_reuse00_seed1,NEAREST_MIGRATE,43,0.0,0.0
input4000_rate2p5_reuse00_seed1,NEAREST_MIGRATE,47,0.0,0.0
input4000_rate2p5_reuse00_seed1,NEAREST_MIGRATE,56,0.0,0.0
input4000_rate2p5_reuse00_seed1,NEAREST_MIGRATE,35,0.0,0.0
input4000_rate2p5_reuse00_seed1,NEAREST_MIGRATE,40,0.0,0.0
input4000_rate2p5_reuse00_seed1,NEAREST_MIGRATE,53,0.0,0.0
input4000_rate2p5_reuse00_seed1,NEAREST_MIGRATE,76,0.0,0.0
input4000_rate2p5_reuse00_seed1,NEAREST_MIGRATE,69,0.0,0.0
input4000_rate2p5_reuse00_seed1,NEAREST_MIGRATE,77,0.0,0.0
input4000_rate2p5_reuse00_seed1,NEAREST_MIGRATE,75,0.0,0.0
input4000_rate2p5_reuse00_seed1,NEAREST_MIGRATE,78,0.0,0.0
input4000_rate2p5_reuse00_seed1,NEAREST_MIGRATE,73,0.0,0.0
input4000_rate2p5_reuse00_seed1,NEAREST_MIGRATE,104,0.0,0.0
input4000_rate2p5_reuse00_seed1,NEAREST_MIGRATE,106,0.0,0.0
input4000_rate2p5_reuse00_seed1,NEAREST_MIGRATE,119,0.0,0.0
input4000_rate2p5_reuse00_seed1,NEAREST_MIGRATE,125,0.0,0.0
input4000_rate2p5_reuse00_seed1,NEAREST_MIGRATE,107,0.0,0.0
input4000_rate2p5_reuse00_seed1,NEAREST_MIGRATE,123,0.0,0.0
input4000_rate2p5_reuse00_seed1,NEAREST_MIGRATE,122,0.0,0.0
input4000_rate2p5_reuse00_seed1,NEAREST_MIGRATE,137,0.0,0.0
input4000_rate2p5_reuse00_seed1,NEAREST_MIGRATE,145,0.0,0.0
input4000_rate2p5_reuse00_seed1,NEAREST_MIGRATE,152,0.0,0.0
input4000_rate2p5_reuse00_seed1,NEAREST_MIGRATE,138,0.0,0.0
input4000_rate2p5_reuse00_seed1,NEAREST_MIGRATE,136,0.0,0.0
input4000_rate2p5_reuse00_seed1,NEAREST_MIGRATE,151,0.0,0.0
input4000_rate2p5_reuse00_seed1,NEAREST_MIGRATE,155,0.0,0.0
input4000_rate2p5_reuse00_seed1,NEAREST_MIGRATE,168,0.0,0.0
input4000_rate2p5_reuse00_seed1,NEAREST_MIGRATE,170,0.0,0.0
input4000_rate2p5_reuse00_seed1,NEAREST_MIGRATE,189,0.0,0.0
input4000_rate2p5_reuse00_seed1,NEAREST_MIGRATE,193,0.0,0.0
input4000_rate2p5_reuse00_seed1,NEAREST_MIGRATE,207,0.0,0.0
input4000_rate2p5_reuse00_seed1,NEAREST_MIGRATE,228,0.0,0.0
input4000_rate2p5_reuse00_seed1,NEAREST_MIGRATE,225,0.0,0.0
input4000_rate2p5_reuse00_seed1,NEAREST_MIGRATE,229,0.0,0.0
input4000_rate2p5_reuse00_seed1,NEAREST_MIGRATE,249,0.0,0.0
input4000_rate2p5_reuse00_seed1,NEAREST_MIGRATE,224,0.0,0.0
input4000_rate2p5_reuse00_seed1,NEAREST_MIGRATE,226,0.0,0.0
input4000_rate2p5_reuse00_seed1,NEAREST_MIGRATE,244,0.0,0.0
input4000_rate2p5_reuse00_seed1,NEAREST_MIGRATE,236,0.0,0.0
input4000_rate2p5_reuse00_seed1,NEAREST_MIGRATE,255,0.0,0.0
input4000_rate2p5_reuse00_seed1,NEAREST_MIGRATE,242,0.0,0.0
input4000_rate2p5_reuse00_seed1,NEAREST_MIGRATE,256,0.0,0.0
input4000_rate2p5_reuse00_seed1,NEAREST_MIGRATE,277,0.0,0.0
input4000_rate2p5_reuse00_seed1,NEAREST_MIGRATE,287,0.0,0.0
input4000_rate2p5_reuse00_seed1,NEAREST_MIGRATE,288,0.0,0.0
input4000_rate2p5_reuse00_seed1,NEAREST_MIGRATE,18,0.0,0.0
input4000_rate2p5_reuse00_seed1,NEAREST_MIGRATE,17,0.0,0.0
input4000_rate2p5_reuse00_seed1,NEAREST_MIGRATE,65,0.0,0.0
input4000_rate2p5_reuse00_seed1,NEAREST_MIGRATE,57,0.0,0.0
input4000_rate2p5_reuse00_seed1,NEAREST_MIGRATE,74,0.0,0.0
input4000_rate2p5_reuse00_seed1,NEAREST_MIGRATE,89,0.0,0.0
input4000_rate2p5_reuse00_seed1,NEAREST_MIGRATE,92,0.0,0.0
input4000_rate2p5_reuse00_seed1,NEAREST_MIGRATE,112,0.0,0.0
input4000_rate2p5_reuse00_seed1,NEAREST_MIGRATE,147,0.0,0.0
input4000_rate2p5_reuse00_seed1,NEAREST_MIGRATE,156,0.0,0.0
input4000_rate2p5_reuse00_seed1,NEAREST_MIGRATE,165,0.0,0.0
input4000_rate2p5_reuse00_seed1,NEAREST_MIGRATE,188,0.0,0.0
input4000_rate2p5_reuse00_seed1,NEAREST_MIGRATE,184,0.0,0.0
input4000_rate2p5_reuse00_seed1,NEAREST_MIGRATE,205,0.0,0.0
input4000_rate2p5_reuse00_seed1,NEAREST_MIGRATE,197,0.0,0.0
input4000_rate2p5_reuse00_seed1,NEAREST_MIGRATE,214,0.0,0.0
input4000_rate2p5_reuse00_seed1,NEAREST_MIGRATE,218,0.0,0.0
input4000_rate2p5_reuse00_seed1,NEAREST_MIGRATE,241,0.0,0.0
input4000_rate2p5_reuse00_seed1,NEAREST_MIGRATE,239,0.0,0.0
input4000_rate2p5_reuse00_seed1,NEAREST_MIGRATE,282,0.0,0.0
input4000_rate2p5_reuse00_seed1,NEAREST_MIGRATE,291,0.0,0.0
input4000_rate2p5_reuse00_seed1,NEAREST_MIGRATE,275,0.0,0.0
input4000_rate2p5_reuse00_seed1,NEAREST_MIGRATE,285,0.0,0.0
input4000_rate2p5_reuse00_seed1,NEAREST_MIGRATE,296,0.0,0.0
input4000_rate2p5_reuse00_seed1,NEAREST_MIGRATE,281,0.0,0.0
input4000_rate2p5_reuse00_seed1,NEAREST_MIGRATE,12,0.0,0.0
input4000_rate2p5_reuse00_seed1,NEAREST_MIGRATE,15,0.0,0.0
input4000_rate2p5_reuse00_seed1,NEAREST_MIGRATE,21,0.0,0.0
input4000_rate2p5_reuse00_seed1,NEAREST_MIGRATE,16,0.0,0.0
input4000_rate2p5_reuse00_seed1,NEAREST_MIGRATE,23,0.0,0.0
input4000_rate2p5_reuse00_seed1,NEAREST_MIGRATE,25,0.0,0.0
input4000_rate2p5_reuse00_seed1,NEAREST_MIGRATE,38,0.0,0.0
input4000_rate2p5_reuse00_seed1,NEAREST_MIGRATE,33,0.0,0.0
input4000_rate2p5_reuse00_seed1,NEAREST_MIGRATE,51,0.0,0.0
input4000_rate2p5_reuse00_seed1,NEAREST_MIGRATE,60,0.0,0.0
input4000_rate2p5_reuse00_seed1,NEAREST_MIGRATE,82,0.0,0.0
input4000_rate2p5_reuse00_seed1,NEAREST_MIGRATE,91,0.0,0.0
input4000_rate2p5_reuse00_seed1,NEAREST_MIGRATE,85,0.0,0.0
input4000_rate2p5_reuse00_seed1,NEAREST_MIGRATE,95,0.0,0.0
input4000_rate2p5_reuse00_seed1,NEAREST_MIGRATE,116,0.0,0.0
input4000_rate2p5_reuse00_seed1,NEAREST_MIGRATE,154,0.0,0.0
input4000_rate2p5_reuse00_seed1,NEAREST_MIGRATE,161,0.0,0.0
input4000_rate2p5_reuse00_seed1,NEAREST_MIGRATE,191,0.0,0.0
input4000_rate2p5_reuse00_seed1,NEAREST_MIGRATE,209,0.0,0.0
input4000_rate2p5_reuse00_seed1,NEAREST_MIGRATE,223,0.0,0.0
input4000_rate2p5_reuse00_seed1,NEAREST_MIGRATE,230,0.0,0.0
input4000_rate2p5_reuse00_seed1,NEAREST_MIGRATE,257,0.0,0.0
input4000_rate2p5_reuse00_seed1,NEAREST_MIGRATE,246,0.0,0.0
input4000_rate2p5_reuse00_seed1,NEAREST_MIGRATE,253,0.0,0.0
input4000_rate2p5_reuse00_seed1,NEAREST_MIGRATE,260,0.0,0.0
input4000_rate2p5_reuse00_seed1,NEAREST_MIGRATE,269,0.0,0.0
input4000_rate2p5_reuse00_seed1,NEAREST_MIGRATE,280,0.0,0.0
input4000_rate2p5_reuse00_seed1,NEAREST_MIGRATE,297,0.0,0.0
input4000_rate2p5_reuse00_seed1,NEAREST_MIGRATE,292,0.0,0.0
input4000_rate2p5_reuse00_seed1,NEAREST_MIGRATE,299,0.0,0.0
input4000_rate2p5_reuse00_seed1,NEAREST_MIGRATE,24,0.0,0.0
input4000_rate2p5_reuse00_seed1,NEAREST_MIGRATE,31,0.0,0.0
input4000_rate2p5_reuse00_seed1,NEAREST_MIGRATE,52,0.0,0.0
input4000_rate2p5_reuse00_seed1,NEAREST_MIGRATE,71,0.0,0.0
input4000_rate2p5_reuse00_seed1,NEAREST_MIGRATE,70,0.0,0.0
input4000_rate2p5_reuse00_seed1,NEAREST_MIGRATE,87,0.0,0.0
input4000_rate2p5_reuse00_seed1,NEAREST_MIGRATE,100,0.0,0.0
input4000_rate2p5_reuse00_seed1,NEAREST_MIGRATE,97,0.0,0.0
input4000_rate2p5_reuse00_seed1,NEAREST_MIGRATE,114,0.0,0.0
input4000_rate2p5_reuse00_seed1,NEAREST_MIGRATE,139,0.0,0.0
input4000_rate2p5_reuse00_seed1,NEAREST_MIGRATE,126,0.0,0.0
input4000_rate2p5_reuse00_seed1,NEAREST_MIGRATE,127,0.0,0.0
input4000_rate2p5_reuse00_seed1,NEAREST_MIGRATE,144,0.0,0.0
input4000_rate2p5_reuse00_seed1,NEAREST_MIGRATE,157,0.0,0.0
input4000_rate2p5_reuse00_seed1,NEAREST_MIGRATE,171,0.0,0.0
input4000_rate2p5_reuse00_seed1,NEAREST_MIGRATE,175,0.0,0.0
input4000_rate2p5_reuse00_seed1,NEAREST_MIGRATE,173,0.0,0.0
input4000_rate2p5_reuse00_seed1,NEAREST_MIGRATE,183,0.0,0.0
input4000_rate2p5_reuse00_seed1,NEAREST_MIGRATE,195,0.0,0.0
input4000_rate2p5_reuse00_seed1,NEAREST_MIGRATE,203,0.0,0.0
input4000_rate2p5_reuse00_seed1,NEAREST_MIGRATE,208,0.0,0.0
input4000_rate2p5_reuse00_seed1,NEAREST_MIGRATE,200,0.0,0.0
input4000_rate2p5_reuse00_seed1,NEAREST_MIGRATE,206,0.0,0.0
input4000_rate2p5_reuse00_seed1,NEAREST_MIGRATE,222,0.0,0.0
input4000_rate2p5_reuse00_seed1,NEAREST_MIGRATE,227,0.0,0.0
input4000_rate2p5_reuse00_seed1,NEAREST_MIGRATE,262,0.0,0.0
input4000_rate2p5_reuse00_seed1,NEAREST_MIGRATE,268,0.0,0.0
input4000_rate2p5_reuse00_seed1,NEAREST_MIGRATE,273,0.0,0.0
input4000_rate2p5_reuse00_seed1,NEAREST_MIGRATE,290,0.0,0.0
input4000_rate2p5_reuse00_seed1,NEAREST_MIGRATE,8,0.0,0.0
input4000_rate2p5_reuse00_seed1,NEAREST_MIGRATE,14,0.0,0.0
input4000_rate2p5_reuse00_seed1,NEAREST_MIGRATE,39,0.0,0.0
input4000_rate2p5_reuse00_seed1,NEAREST_MIGRATE,46,0.0,0.0
input4000_rate2p5_reuse00_seed1,NEAREST_MIGRATE,50,0.0,0.0
input4000_rate2p5_reuse00_seed1,NEAREST_MIGRATE,54,0.0,0.0
input4000_rate2p5_reuse00_seed1,NEAREST_MIGRATE,64,0.0,0.0
input4000_rate2p5_reuse00_seed1,NEAREST_MIGRATE,101,0.0,0.0
input4000_rate2p5_reuse00_seed1,NEAREST_MIGRATE,113,0.0,0.0
input4000_rate2p5_reuse00_seed1,NEAREST_MIGRATE,120,0.0,0.0
input4000_rate2p5_reuse00_seed1,NEAREST_MIGRATE,132,0.0,0.0
input4000_rate2p5_reuse00_seed1,NEAREST_MIGRATE,133,0.0,0.0
input4000_rate2p5_reuse00_seed1,NEAREST_MIGRATE,146,0.0,0.0
input4000_rate2p5_reuse00_seed1,NEAREST_MIGRATE,148,0.0,0.0
input4000_rate2p5_reuse00_seed1,NEAREST_MIGRATE,172,0.0,0.0
input4000_rate2p5_reuse00_seed1,NEAREST_MIGRATE,160,0.0,0.0
input4000_rate2p5_reuse00_seed1,NEAREST_MIGRATE,182,0.0,0.0
input4000_rate2p5_reuse00_seed1,NEAREST_MIGRATE,178,0.0,0.0
input4000_rate2p5_reuse00_seed1,NEAREST_MIGRATE,196,0.0,0.0
input4000_rate2p5_reuse00_seed1,NEAREST_MIGRATE,199,0.0,0.0
input4000_rate2p5_reuse00_seed1,NEAREST_MIGRATE,210,0.0,0.0
input4000_rate2p5_reuse00_seed1,NEAREST_MIGRATE,217,0.0,0.0
input4000_rate2p5_reuse00_seed1,NEAREST_MIGRATE,219,0.0,0.0
input4000_rate2p5_reuse00_seed1,NEAREST_MIGRATE,212,0.0,0.0
input4000_rate2p5_reuse00_seed1,NEAREST_MIGRATE,238,0.0,0.0
input4000_rate2p5_reuse00_seed1,NEAREST_MIGRATE,237,0.0,0.0
input4000_rate2p5_reuse00_seed1,NEAREST_MIGRATE,250,0.0,0.0
input4000_rate2p5_reuse00_seed1,NEAREST_MIGRATE,261,0.0,0.0
input4000_rate2p5_reuse00_seed1,NEAREST_MIGRATE,271,0.0,0.0
input4000_rate2p5_reuse00_seed1,NEAREST_MIGRATE,276,0.0,0.0
input4000_rate2p5_reuse00_seed1,NEAREST_MIGRATE,0,0.0,0.0
input4000_rate2p5_reuse00_seed1,NEAREST_MIGRATE,6,0.0,0.0
input4000_rate2p5_reuse00_seed1,NEAREST_MIGRATE,41,0.0,0.0
input4000_rate2p5_reuse00_seed1,NEAREST_MIGRATE,63,0.0,0.0
input4000_rate2p5_reuse00_seed1,NEAREST_MIGRATE,62,0.0,0.0
input4000_rate2p5_reuse00_seed1,NEAREST_MIGRATE,86,0.0,0.0
input4000_rate2p5_reuse00_seed1,NEAREST_MIGRATE,128,0.0,0.0
input4000_rate2p5_reuse00_seed1,NEAREST_MIGRATE,140,0.0,0.0
input4000_rate2p5_reuse00_seed1,NEAREST_MIGRATE,134,0.0,0.0
input4000_rate2p5_reuse00_seed1,NEAREST_MIGRATE,153,0.0,0.0
input4000_rate2p5_reuse00_seed1,NEAREST_MIGRATE,162,0.0,0.0
input4000_rate2p5_reuse00_seed1,NEAREST_MIGRATE,185,0.0,0.0
input4000_rate2p5_reuse00_seed1,NEAREST_MIGRATE,190,0.0,0.0
input4000_rate2p5_reuse00_seed1,NEAREST_MIGRATE,179,0.0,0.0
input4000_rate2p5_reuse00_seed1,NEAREST_MIGRATE,198,0.0,0.0
input4000_rate2p5_reuse00_seed1,NEAREST_MIGRATE,194,0.0,0.0
input4000_rate2p5_reuse00_seed1,NEAREST_MIGRATE,216,0.0,0.0
input4000_rate2p5_reuse00_seed1,NEAREST_MIGRATE,221,0.0,0.0
input4000_rate2p5_reuse00_seed1,NEAREST_MIGRATE,211,0.0,0.0
input4000_rate2p5_reuse00_seed1,NEAREST_MIGRATE,240,0.0,0.0
input4000_rate2p5_reuse00_seed1,NEAREST_MIGRATE,252,0.0,0.0
input4000_rate2p5_reuse00_seed1,NEAREST_MIGRATE,254,0.0,0.0
input4000_rate2p5_reuse00_seed1,NEAREST_MIGRATE,247,0.0,0.0
input4000_rate2p5_reuse00_seed1,NEAREST_MIGRATE,279,0.0,0.0
input4000_rate2p5_reuse00_seed1,NEAREST_MIGRATE,284,0.0,0.0
input4000_rate2p5_reuse00_seed1,NEAREST_MIGRATE,293,0.0,0.0
input4000_rate2p5_reuse00_seed1,NEAREST_MIGRATE_KV,13,0.0,0.0
input4000_rate2p5_reuse00_seed1,NEAREST_MIGRATE_KV,32,0.0,0.0
input4000_rate2p5_reuse00_seed1,NEAREST_MIGRATE_KV,42,0.0,0.0
input4000_rate2p5_reuse00_seed1,NEAREST_MIGRATE_KV,67,0.0,0.0
input4000_rate2p5_reuse00_seed1,NEAREST_MIGRATE_KV,68,0.0,0.0
input4000_rate2p5_reuse00_seed1,NEAREST_MIGRATE_KV,81,0.0,0.0
input4000_rate2p5_reuse00_seed1,NEAREST_MIGRATE_KV,83,0.0,0.0
input4000_rate2p5_reuse00_seed1,NEAREST_MIGRATE_KV,88,0.0,0.0
input4000_rate2p5_reuse00_seed1,NEAREST_MIGRATE_KV,103,0.0,0.0
input4000_rate2p5_reuse00_seed1,NEAREST_MIGRATE_KV,96,0.0,0.0
input4000_rate2p5_reuse00_seed1,NEAREST_MIGRATE_KV,109,0.0,0.0
input4000_rate2p5_reuse00_seed1,NEAREST_MIGRATE_KV,117,0.0,0.0
input4000_rate2p5_reuse00_seed1,NEAREST_MIGRATE_KV,135,0.0,0.0
input4000_rate2p5_reuse00_seed1,NEAREST_MIGRATE_KV,150,0.0,0.0
input4000_rate2p5_reuse00_seed1,NEAREST_MIGRATE_KV,159,0.0,0.0
input4000_rate2p5_reuse00_seed1,NEAREST_MIGRATE_KV,177,0.0,0.0
input4000_rate2p5_reuse00_seed1,NEAREST_MIGRATE_KV,176,0.0,0.0
input4000_rate2p5_reuse00_seed1,NEAREST_MIGRATE_KV,167,0.0,0.0
input4000_rate2p5_reuse00_seed1,NEAREST_MIGRATE_KV,169,0.0,0.0
input4000_rate2p5_reuse00_seed1,NEAREST_MIGRATE_KV,192,0.0,0.0
input4000_rate2p5_reuse00_seed1,NEAREST_MIGRATE_KV,248,0.0,0.0
input4000_rate2p5_reuse00_seed1,NEAREST_MIGRATE_KV,251,0.0,0.0
input4000_rate2p5_reuse00_seed1,NEAREST_MIGRATE_KV,272,0.0,0.0
input4000_rate2p5_reuse00_seed1,NEAREST_MIGRATE_KV,286,0.0,0.0
input4000_rate2p5_reuse00_seed1,NEAREST_MIGRATE_KV,2,0.0,0.0
input4000_rate2p5_reuse00_seed1,NEAREST_MIGRATE_KV,11,0.0,0.0
input4000_rate2p5_reuse00_seed1,NEAREST_MIGRATE_KV,20,0.0,0.0
input4000_rate2p5_reuse00_seed1,NEAREST_MIGRATE_KV,37,0.0,0.0
input4000_rate2p5_reuse00_seed1,NEAREST_MIGRATE_KV,36,0.0,0.0
input4000_rate2p5_reuse00_seed1,NEAREST_MIGRATE_KV,61,0.0,0.0
input4000_rate2p5_reuse00_seed1,NEAREST_MIGRATE_KV,45,0.0,0.0
input4000_rate2p5_reuse00_seed1,NEAREST_MIGRATE_KV,44,0.0,0.0
input4000_rate2p5_reuse00_seed1,NEAREST_MIGRATE_KV,66,0.0,0.0
input4000_rate2p5_reuse00_seed1,NEAREST_MIGRATE_KV,80,0.0,0.0
input4000_rate2p5_reuse00_seed1,NEAREST_MIGRATE_KV,98,0.0,0.0
input4000_rate2p5_reuse00_seed1,NEAREST_MIGRATE_KV,94,0.0,0.0
input4000_rate2p5_reuse00_seed1,NEAREST_MIGRATE_KV,115,0.0,0.0
input4000_rate2p5_reuse00_seed1,NEAREST_MIGRATE_KV,110,0.0,0.0
input4000_rate2p5_reuse00_seed1,NEAREST_MIGRATE_KV,105,0.0,0.0
input4000_rate2p5_reuse00_seed1,NEAREST_MIGRATE_KV,129,0.0,0.0
input4000_rate2p5_reuse00_seed1,NEAREST_MIGRATE_KV,143,0.0,0.0
input4000_rate2p5_reuse00_seed1,NEAREST_MIGRATE_KV,158,0.0,0.0
input4000_rate2p5_reuse00_seed1,NEAREST_MIGRATE_KV,164,0.0,0.0
input4000_rate2p5_reuse00_seed1,NEAREST_MIGRATE_KV,174,0.0,0.0
input4000_rate2p5_reuse00_seed1,NEAREST_MIGRATE_KV,186,0.0,0.0
input4000_rate2p5_reuse00_seed1,NEAREST_MIGRATE_KV,187,0.0,0.0
input4000_rate2p5_reuse00_seed1,NEAREST_MIGRATE_KV,204,0.0,0.0
input4000_rate2p5_reuse00_seed1,NEAREST_MIGRATE_KV,215,0.0,0.0
input4000_rate2p5_reuse00_seed1,NEAREST_MIGRATE_KV,220,0.0,0.0
input4000_rate2p5_reuse00_seed1,NEAREST_MIGRATE_KV,265,0.0,0.0
input4000_rate2p5_reuse00_seed1,NEAREST_MIGRATE_KV,266,0.0,0.0
input4000_rate2p5_reuse00_seed1,NEAREST_MIGRATE_KV,274,0.0,0.0
input4000_rate2p5_reuse00_seed1,NEAREST_MIGRATE_KV,278,0.0,0.0
input4000_rate2p5_reuse00_seed1,NEAREST_MIGRATE_KV,295,0.0,0.0
input4000_rate2p5_reuse00_seed1,NEAREST_MIGRATE_KV,1,0.0,0.0
input4000_rate2p5_reuse00_seed1,NEAREST_MIGRATE_KV,10,0.0,0.0
input4000_rate2p5_reuse00_seed1,NEAREST_MIGRATE_KV,9,0.0,0.0
input4000_rate2p5_reuse00_seed1,NEAREST_MIGRATE_KV,22,0.0,0.0
input4000_rate2p5_reuse00_seed1,NEAREST_MIGRATE_KV,29,0.0,0.0
input4000_rate2p5_reuse00_seed1,NEAREST_MIGRATE_KV,49,0.0,0.0
input4000_rate2p5_reuse00_seed1,NEAREST_MIGRATE_KV,48,0.0,0.0
input4000_rate2p5_reuse00_seed1,NEAREST_MIGRATE_KV,72,0.0,0.0
input4000_rate2p5_reuse00_seed1,NEAREST_MIGRATE_KV,93,0.0,0.0
input4000_rate2p5_reuse00_seed1,NEAREST_MIGRATE_KV,84,0.0,0.0
input4000_rate2p5_reuse00_seed1,NEAREST_MIGRATE_KV,102,0.0,0.0
input4000_rate2p5_reuse00_seed1,NEAREST_MIGRATE_KV,108,0.0,0.0
input4000_rate2p5_reuse00_seed1,NEAREST_MIGRATE_KV,111,0.0,0.0
input4000_rate2p5_reuse00_seed1,NEAREST_MIGRATE_KV,118,0.0,0.0
input4000_rate2p5_reuse00_seed1,NEAREST_MIGRATE_KV,121,0.0,0.0
input4000_rate2p5_reuse00_seed1,NEAREST_MIGRATE_KV,166,0.0,0.0
input4000_rate2p5_reuse00_seed1,NEAREST_MIGRATE_KV,180,0.0,0.0
input4000_rate2p5_reuse00_seed1,NEAREST_MIGRATE_KV,235,0.0,0.0
input4000_rate2p5_reuse00_seed1,NEAREST_MIGRATE_KV,245,0.0,0.0
input4000_rate2p5_reuse00_seed1,NEAREST_MIGRATE_KV,267,0.0,0.0
input4000_rate2p5_reuse00_seed1,NEAREST_MIGRATE_KV,283,0.0,0.0
input4000_rate2p5_reuse00_seed1,NEAREST_MIGRATE_KV,289,0.0,0.0
input4000_rate2p5_reuse00_seed1,NEAREST_MIGRATE_KV,5,0.0,0.0
input4000_rate2p5_reuse00_seed1,NEAREST_MIGRATE_KV,7,0.0,0.0
input4000_rate2p5_reuse00_seed1,NEAREST_MIGRATE_KV,28,0.0,0.0
input4000_rate2p5_reuse00_seed1,NEAREST_MIGRATE_KV,27,0.0,0.0
input4000_rate2p5_reuse00_seed1,NEAREST_MIGRATE_KV,26,0.0,0.0
input4000_rate2p5_reuse00_seed1,NEAREST_MIGRATE_KV,30,0.0,0.0
input4000_rate2p5_reuse00_seed1,NEAREST_MIGRATE_KV,55,0.0,0.0
input4000_rate2p5_reuse00_seed1,NEAREST_MIGRATE_KV,58,0.0,0.0
input4000_rate2p5_reuse00_seed1,NEAREST_MIGRATE_KV,59,0.0,0.0
input4000_rate2p5_reuse00_seed1,NEAREST_MIGRATE_KV,79,0.0,0.0
input4000_rate2p5_reuse00_seed1,NEAREST_MIGRATE_KV,90,0.0,0.0
input4000_rate2p5_reuse00_seed1,NEAREST_MIGRATE_KV,99,0.0,0.0
input4000_rate2p5_reuse00_seed1,NEAREST_MIGRATE_KV,124,0.0,0.0
input4000_rate2p5_reuse00_seed1,NEAREST_MIGRATE_KV,130,0.0,0.0
input4000_rate2p5_reuse00_seed1,NEAREST_MIGRATE_KV,142,0.0,0.0
input4000_rate2p5_reuse00_seed1,NEAREST_MIGRATE_KV,131,0.0,0.0
input4000_rate2p5_reuse00_seed1,NEAREST_MIGRATE_KV,149,0.0,0.0
input4000_rate2p5_reuse00_seed1,NEAREST_MIGRATE_KV,141,0.0,0.0
input4000_rate2p5_reuse00_seed1,NEAREST_MIGRATE_KV,163,0.0,0.0
input4000_rate2p5_reuse00_seed1,NEAREST_MIGRATE_KV,181,0.0,0.0
input4000_rate2p5_reuse00_seed1,NEAREST_MIGRATE_KV,201,0.0,0.0
input4000_rate2p5_reuse00_seed1,NEAREST_MIGRATE_KV,202,0.0,0.0
input4000_rate2p5_reuse00_seed1,NEAREST_MIGRATE_KV,213,0.0,0.0
input4000_rate2p5_reuse00_seed1,NEAREST_MIGRATE_KV,233,0.0,0.0
input4000_rate2p5_reuse00_seed1,NEAREST_MIGRATE_KV,232,0.0,0.0
input4000_rate2p5_reuse00_seed1,NEAREST_MIGRATE_KV,231,0.0,0.0
input4000_rate2p5_reuse00_seed1,NEAREST_MIGRATE_KV,234,0.0,0.0
input4000_rate2p5_reuse00_seed1,NEAREST_MIGRATE_KV,243,0.0,0.0
input4000_rate2p5_reuse00_seed1,NEAREST_MIGRATE_KV,263,0.0,0.0
input4000_rate2p5_reuse00_seed1,NEAREST_MIGRATE_KV,259,0.0,0.0
input4000_rate2p5_reuse00_seed1,NEAREST_MIGRATE_KV,258,0.0,0.0
input4000_rate2p5_reuse00_seed1,NEAREST_MIGRATE_KV,264,0.0,0.0
input4000_rate2p5_reuse00_seed1,NEAREST_MIGRATE_KV,270,0.0,0.0
input4000_rate2p5_reuse00_seed1,NEAREST_MIGRATE_KV,294,0.0,0.0
input4000_rate2p5_reuse00_seed1,NEAREST_MIGRATE_KV,298,0.0,0.0
input4000_rate2p5_reuse00_seed1,NEAREST_MIGRATE_KV,3,0.0,0.0
input4000_rate2p5_reuse00_seed1,NEAREST_MIGRATE_KV,4,0.0,0.0
input4000_rate2p5_reuse00_seed1,NEAREST_MIGRATE_KV,19,0.0,0.0
input4000_rate2p5_reuse00_seed1,NEAREST_MIGRATE_KV,34,0.0,0.0
input4000_rate2p5_reuse00_seed1,NEAREST_MIGRATE_KV,43,0.0,0.0
input4000_rate2p5_reuse00_seed1,NEAREST_MIGRATE_KV,47,0.0,0.0
input4000_rate2p5_reuse00_seed1,NEAREST_MIGRATE_KV,56,0.0,0.0
input4000_rate2p5_reuse00_seed1,NEAREST_MIGRATE_KV,35,0.0,0.0
input4000_rate2p5_reuse00_seed1,NEAREST_MIGRATE_KV,40,0.0,0.0
input4000_rate2p5_reuse00_seed1,NEAREST_MIGRATE_KV,53,0.0,0.0
input4000_rate2p5_reuse00_seed1,NEAREST_MIGRATE_KV,76,0.0,0.0
input4000_rate2p5_reuse00_seed1,NEAREST_MIGRATE_KV,69,0.0,0.0
input4000_rate2p5_reuse00_seed1,NEAREST_MIGRATE_KV,77,0.0,0.0
input4000_rate2p5_reuse00_seed1,NEAREST_MIGRATE_KV,75,0.0,0.0
input4000_rate2p5_reuse00_seed1,NEAREST_MIGRATE_KV,78,0.0,0.0
input4000_rate2p5_reuse00_seed1,NEAREST_MIGRATE_KV,73,0.0,0.0
input4000_rate2p5_reuse00_seed1,NEAREST_MIGRATE_KV,104,0.0,0.0
input4000_rate2p5_reuse00_seed1,NEAREST_MIGRATE_KV,106,0.0,0.0
input4000_rate2p5_reuse00_seed1,NEAREST_MIGRATE_KV,119,0.0,0.0
input4000_rate2p5_reuse00_seed1,NEAREST_MIGRATE_KV,125,0.0,0.0
input4000_rate2p5_reuse00_seed1,NEAREST_MIGRATE_KV,107,0.0,0.0
input4000_rate2p5_reuse00_seed1,NEAREST_MIGRATE_KV,123,0.0,0.0
input4000_rate2p5_reuse00_seed1,NEAREST_MIGRATE_KV,122,0.0,0.0
input4000_rate2p5_reuse00_seed1,NEAREST_MIGRATE_KV,137,0.0,0.0
input4000_rate2p5_reuse00_seed1,NEAREST_MIGRATE_KV,145,0.0,0.0
input4000_rate2p5_reuse00_seed1,NEAREST_MIGRATE_KV,152,0.0,0.0
input4000_rate2p5_reuse00_seed1,NEAREST_MIGRATE_KV,138,0.0,0.0
input4000_rate2p5_reuse00_seed1,NEAREST_MIGRATE_KV,136,0.0,0.0
input4000_rate2p5_reuse00_seed1,NEAREST_MIGRATE_KV,151,0.0,0.0
input4000_rate2p5_reuse00_seed1,NEAREST_MIGRATE_KV,155,0.0,0.0
input4000_rate2p5_reuse00_seed1,NEAREST_MIGRATE_KV,168,0.0,0.0
input4000_rate2p5_reuse00_seed1,NEAREST_MIGRATE_KV,170,0.0,0.0
input4000_rate2p5_reuse00_seed1,NEAREST_MIGRATE_KV,189,0.0,0.0
input4000_rate2p5_reuse00_seed1,NEAREST_MIGRATE_KV,193,0.0,0.0
input4000_rate2p5_reuse00_seed1,NEAREST_MIGRATE_KV,207,0.0,0.0
input4000_rate2p5_reuse00_seed1,NEAREST_MIGRATE_KV,228,0.0,0.0
input4000_rate2p5_reuse00_seed1,NEAREST_MIGRATE_KV,225,0.0,0.0
input4000_rate2p5_reuse00_seed1,NEAREST_MIGRATE_KV,229,0.0,0.0
input4000_rate2p5_reuse00_seed1,NEAREST_MIGRATE_KV,249,0.0,0.0
input4000_rate2p5_reuse00_seed1,NEAREST_MIGRATE_KV,224,0.0,0.0
input4000_rate2p5_reuse00_seed1,NEAREST_MIGRATE_KV,226,0.0,0.0
input4000_rate2p5_reuse00_seed1,NEAREST_MIGRATE_KV,244,0.0,0.0
input4000_rate2p5_reuse00_seed1,NEAREST_MIGRATE_KV,236,0.0,0.0
input4000_rate2p5_reuse00_seed1,NEAREST_MIGRATE_KV,255,0.0,0.0
input4000_rate2p5_reuse00_seed1,NEAREST_MIGRATE_KV,242,0.0,0.0
input4000_rate2p5_reuse00_seed1,NEAREST_MIGRATE_KV,256,0.0,0.0
input4000_rate2p5_reuse00_seed1,NEAREST_MIGRATE_KV,277,0.0,0.0
input4000_rate2p5_reuse00_seed1,NEAREST_MIGRATE_KV,287,0.0,0.0
input4000_rate2p5_reuse00_seed1,NEAREST_MIGRATE_KV,288,0.0,0.0
input4000_rate2p5_reuse00_seed1,NEAREST_MIGRATE_KV,18,0.0,0.0
input4000_rate2p5_reuse00_seed1,NEAREST_MIGRATE_KV,17,0.0,0.0
input4000_rate2p5_reuse00_seed1,NEAREST_MIGRATE_KV,65,0.0,0.0
input4000_rate2p5_reuse00_seed1,NEAREST_MIGRATE_KV,57,0.0,0.0
input4000_rate2p5_reuse00_seed1,NEAREST_MIGRATE_KV,74,0.0,0.0
input4000_rate2p5_reuse00_seed1,NEAREST_MIGRATE_KV,89,0.0,0.0
input4000_rate2p5_reuse00_seed1,NEAREST_MIGRATE_KV,92,0.0,0.0
input4000_rate2p5_reuse00_seed1,NEAREST_MIGRATE_KV,112,0.0,0.0
input4000_rate2p5_reuse00_seed1,NEAREST_MIGRATE_KV,147,0.0,0.0
input4000_rate2p5_reuse00_seed1,NEAREST_MIGRATE_KV,156,0.0,0.0
input4000_rate2p5_reuse00_seed1,NEAREST_MIGRATE_KV,165,0.0,0.0
input4000_rate2p5_reuse00_seed1,NEAREST_MIGRATE_KV,188,0.0,0.0
input4000_rate2p5_reuse00_seed1,NEAREST_MIGRATE_KV,184,0.0,0.0
input4000_rate2p5_reuse00_seed1,NEAREST_MIGRATE_KV,205,0.0,0.0
input4000_rate2p5_reuse00_seed1,NEAREST_MIGRATE_KV,197,0.0,0.0
input4000_rate2p5_reuse00_seed1,NEAREST_MIGRATE_KV,214,0.0,0.0
input4000_rate2p5_reuse00_seed1,NEAREST_MIGRATE_KV,218,0.0,0.0
input4000_rate2p5_reuse00_seed1,NEAREST_MIGRATE_KV,241,0.0,0.0
input4000_rate2p5_reuse00_seed1,NEAREST_MIGRATE_KV,239,0.0,0.0
input4000_rate2p5_reuse00_seed1,NEAREST_MIGRATE_KV,282,0.0,0.0
input4000_rate2p5_reuse00_seed1,NEAREST_MIGRATE_KV,291,0.0,0.0
input4000_rate2p5_reuse00_seed1,NEAREST_MIGRATE_KV,275,0.0,0.0
input4000_rate2p5_reuse00_seed1,NEAREST_MIGRATE_KV,285,0.0,0.0
input4000_rate2p5_reuse00_seed1,NEAREST_MIGRATE_KV,296,0.0,0.0
input4000_rate2p5_reuse00_seed1,NEAREST_MIGRATE_KV,281,0.0,0.0
input4000_rate2p5_reuse00_seed1,NEAREST_MIGRATE_KV,12,0.0,0.0
input4000_rate2p5_reuse00_seed1,NEAREST_MIGRATE_KV,15,0.0,0.0
input4000_rate2p5_reuse00_seed1,NEAREST_MIGRATE_KV,21,0.0,0.0
input4000_rate2p5_reuse00_seed1,NEAREST_MIGRATE_KV,16,0.0,0.0
input4000_rate2p5_reuse00_seed1,NEAREST_MIGRATE_KV,23,0.0,0.0
input4000_rate2p5_reuse00_seed1,NEAREST_MIGRATE_KV,25,0.0,0.0
input4000_rate2p5_reuse00_seed1,NEAREST_MIGRATE_KV,38,0.0,0.0
input4000_rate2p5_reuse00_seed1,NEAREST_MIGRATE_KV,33,0.0,0.0
input4000_rate2p5_reuse00_seed1,NEAREST_MIGRATE_KV,51,0.0,0.0
input4000_rate2p5_reuse00_seed1,NEAREST_MIGRATE_KV,60,0.0,0.0
input4000_rate2p5_reuse00_seed1,NEAREST_MIGRATE_KV,82,0.0,0.0
input4000_rate2p5_reuse00_seed1,NEAREST_MIGRATE_KV,91,0.0,0.0
input4000_rate2p5_reuse00_seed1,NEAREST_MIGRATE_KV,85,0.0,0.0
input4000_rate2p5_reuse00_seed1,NEAREST_MIGRATE_KV,95,0.0,0.0
input4000_rate2p5_reuse00_seed1,NEAREST_MIGRATE_KV,116,0.0,0.0
input4000_rate2p5_reuse00_seed1,NEAREST_MIGRATE_KV,154,0.0,0.0
input4000_rate2p5_reuse00_seed1,NEAREST_MIGRATE_KV,161,0.0,0.0
input4000_rate2p5_reuse00_seed1,NEAREST_MIGRATE_KV,191,0.0,0.0
input4000_rate2p5_reuse00_seed1,NEAREST_MIGRATE_KV,209,0.0,0.0
input4000_rate2p5_reuse00_seed1,NEAREST_MIGRATE_KV,223,0.0,0.0
input4000_rate2p5_reuse00_seed1,NEAREST_MIGRATE_KV,230,0.0,0.0
input4000_rate2p5_reuse00_seed1,NEAREST_MIGRATE_KV,257,0.0,0.0
input4000_rate2p5_reuse00_seed1,NEAREST_MIGRATE_KV,246,0.0,0.0
input4000_rate2p5_reuse00_seed1,NEAREST_MIGRATE_KV,253,0.0,0.0
input4000_rate2p5_reuse00_seed1,NEAREST_MIGRATE_KV,260,0.0,0.0
input4000_rate2p5_reuse00_seed1,NEAREST_MIGRATE_KV,269,0.0,0.0
input4000_rate2p5_reuse00_seed1,NEAREST_MIGRATE_KV,280,0.0,0.0
input4000_rate2p5_reuse00_seed1,NEAREST_MIGRATE_KV,297,0.0,0.0
input4000_rate2p5_reuse00_seed1,NEAREST_MIGRATE_KV,292,0.0,0.0
input4000_rate2p5_reuse00_seed1,NEAREST_MIGRATE_KV,299,0.0,0.0
input4000_rate2p5_reuse00_seed1,NEAREST_MIGRATE_KV,24,0.0,0.0
input4000_rate2p5_reuse00_seed1,NEAREST_MIGRATE_KV,31,0.0,0.0
input4000_rate2p5_reuse00_seed1,NEAREST_MIGRATE_KV,52,0.0,0.0
input4000_rate2p5_reuse00_seed1,NEAREST_MIGRATE_KV,71,0.0,0.0
input4000_rate2p5_reuse00_seed1,NEAREST_MIGRATE_KV,70,0.0,0.0
input4000_rate2p5_reuse00_seed1,NEAREST_MIGRATE_KV,87,0.0,0.0
input4000_rate2p5_reuse00_seed1,NEAREST_MIGRATE_KV,100,0.0,0.0
input4000_rate2p5_reuse00_seed1,NEAREST_MIGRATE_KV,97,0.0,0.0
input4000_rate2p5_reuse00_seed1,NEAREST_MIGRATE_KV,114,0.0,0.0
input4000_rate2p5_reuse00_seed1,NEAREST_MIGRATE_KV,139,0.0,0.0
input4000_rate2p5_reuse00_seed1,NEAREST_MIGRATE_KV,126,0.0,0.0
input4000_rate2p5_reuse00_seed1,NEAREST_MIGRATE_KV,127,0.0,0.0
input4000_rate2p5_reuse00_seed1,NEAREST_MIGRATE_KV,144,0.0,0.0
input4000_rate2p5_reuse00_seed1,NEAREST_MIGRATE_KV,157,0.0,0.0
input4000_rate2p5_reuse00_seed1,NEAREST_MIGRATE_KV,171,0.0,0.0
input4000_rate2p5_reuse00_seed1,NEAREST_MIGRATE_KV,175,0.0,0.0
input4000_rate2p5_reuse00_seed1,NEAREST_MIGRATE_KV,173,0.0,0.0
input4000_rate2p5_reuse00_seed1,NEAREST_MIGRATE_KV,183,0.0,0.0
input4000_rate2p5_reuse00_seed1,NEAREST_MIGRATE_KV,195,0.0,0.0
input4000_rate2p5_reuse00_seed1,NEAREST_MIGRATE_KV,203,0.0,0.0
input4000_rate2p5_reuse00_seed1,NEAREST_MIGRATE_KV,208,0.0,0.0
input4000_rate2p5_reuse00_seed1,NEAREST_MIGRATE_KV,200,0.0,0.0
input4000_rate2p5_reuse00_seed1,NEAREST_MIGRATE_KV,206,0.0,0.0
input4000_rate2p5_reuse00_seed1,NEAREST_MIGRATE_KV,222,0.0,0.0
input4000_rate2p5_reuse00_seed1,NEAREST_MIGRATE_KV,227,0.0,0.0
input4000_rate2p5_reuse00_seed1,NEAREST_MIGRATE_KV,262,0.0,0.0
input4000_rate2p5_reuse00_seed1,NEAREST_MIGRATE_KV,268,0.0,0.0
input4000_rate2p5_reuse00_seed1,NEAREST_MIGRATE_KV,273,0.0,0.0
input4000_rate2p5_reuse00_seed1,NEAREST_MIGRATE_KV,290,0.0,0.0
input4000_rate2p5_reuse00_seed1,NEAREST_MIGRATE_KV,8,0.0,0.0
input4000_rate2p5_reuse00_seed1,NEAREST_MIGRATE_KV,14,0.0,0.0
input4000_rate2p5_reuse00_seed1,NEAREST_MIGRATE_KV,39,0.0,0.0
input4000_rate2p5_reuse00_seed1,NEAREST_MIGRATE_KV,46,0.0,0.0
input4000_rate2p5_reuse00_seed1,NEAREST_MIGRATE_KV,50,0.0,0.0
input4000_rate2p5_reuse00_seed1,NEAREST_MIGRATE_KV,54,0.0,0.0
input4000_rate2p5_reuse00_seed1,NEAREST_MIGRATE_KV,64,0.0,0.0
input4000_rate2p5_reuse00_seed1,NEAREST_MIGRATE_KV,101,0.0,0.0
input4000_rate2p5_reuse00_seed1,NEAREST_MIGRATE_KV,113,0.0,0.0
input4000_rate2p5_reuse00_seed1,NEAREST_MIGRATE_KV,120,0.0,0.0
input4000_rate2p5_reuse00_seed1,NEAREST_MIGRATE_KV,132,0.0,0.0
input4000_rate2p5_reuse00_seed1,NEAREST_MIGRATE_KV,133,0.0,0.0
input4000_rate2p5_reuse00_seed1,NEAREST_MIGRATE_KV,146,0.0,0.0
input4000_rate2p5_reuse00_seed1,NEAREST_MIGRATE_KV,148,0.0,0.0
input4000_rate2p5_reuse00_seed1,NEAREST_MIGRATE_KV,172,0.0,0.0
input4000_rate2p5_reuse00_seed1,NEAREST_MIGRATE_KV,160,0.0,0.0
input4000_rate2p5_reuse00_seed1,NEAREST_MIGRATE_KV,182,0.0,0.0
input4000_rate2p5_reuse00_seed1,NEAREST_MIGRATE_KV,178,0.0,0.0
input4000_rate2p5_reuse00_seed1,NEAREST_MIGRATE_KV,196,0.0,0.0
input4000_rate2p5_reuse00_seed1,NEAREST_MIGRATE_KV,199,0.0,0.0
input4000_rate2p5_reuse00_seed1,NEAREST_MIGRATE_KV,210,0.0,0.0
input4000_rate2p5_reuse00_seed1,NEAREST_MIGRATE_KV,217,0.0,0.0
input4000_rate2p5_reuse00_seed1,NEAREST_MIGRATE_KV,219,0.0,0.0
input4000_rate2p5_reuse00_seed1,NEAREST_MIGRATE_KV,212,0.0,0.0
input4000_rate2p5_reuse00_seed1,NEAREST_MIGRATE_KV,238,0.0,0.0
input4000_rate2p5_reuse00_seed1,NEAREST_MIGRATE_KV,237,0.0,0.0
input4000_rate2p5_reuse00_seed1,NEAREST_MIGRATE_KV,250,0.0,0.0
input4000_rate2p5_reuse00_seed1,NEAREST_MIGRATE_KV,261,0.0,0.0
input4000_rate2p5_reuse00_seed1,NEAREST_MIGRATE_KV,271,0.0,0.0
input4000_rate2p5_reuse00_seed1,NEAREST_MIGRATE_KV,276,0.0,0.0
input4000_rate2p5_reuse00_seed1,NEAREST_MIGRATE_KV,0,0.0,0.0
input4000_rate2p5_reuse00_seed1,NEAREST_MIGRATE_KV,6,0.0,0.0
input4000_rate2p5_reuse00_seed1,NEAREST_MIGRATE_KV,41,0.0,0.0
input4000_rate2p5_reuse00_seed1,NEAREST_MIGRATE_KV,63,0.0,0.0
input4000_rate2p5_reuse00_seed1,NEAREST_MIGRATE_KV,62,0.0,0.0
input4000_rate2p5_reuse00_seed1,NEAREST_MIGRATE_KV,86,0.0,0.0
input4000_rate2p5_reuse00_seed1,NEAREST_MIGRATE_KV,128,0.0,0.0
input4000_rate2p5_reuse00_seed1,NEAREST_MIGRATE_KV,140,0.0,0.0
input4000_rate2p5_reuse00_seed1,NEAREST_MIGRATE_KV,134,0.0,0.0
input4000_rate2p5_reuse00_seed1,NEAREST_MIGRATE_KV,153,0.0,0.0
input4000_rate2p5_reuse00_seed1,NEAREST_MIGRATE_KV,162,0.0,0.0
input4000_rate2p5_reuse00_seed1,NEAREST_MIGRATE_KV,185,0.0,0.0
input4000_rate2p5_reuse00_seed1,NEAREST_MIGRATE_KV,190,0.0,0.0
input4000_rate2p5_reuse00_seed1,NEAREST_MIGRATE_KV,179,0.0,0.0
input4000_rate2p5_reuse00_seed1,NEAREST_MIGRATE_KV,198,0.0,0.0
input4000_rate2p5_reuse00_seed1,NEAREST_MIGRATE_KV,194,0.0,0.0
input4000_rate2p5_reuse00_seed1,NEAREST_MIGRATE_KV,216,0.0,0.0
input4000_rate2p5_reuse00_seed1,NEAREST_MIGRATE_KV,221,0.0,0.0
input4000_rate2p5_reuse00_seed1,NEAREST_MIGRATE_KV,211,0.0,0.0
input4000_rate2p5_reuse00_seed1,NEAREST_MIGRATE_KV,240,0.0,0.0
input4000_rate2p5_reuse00_seed1,NEAREST_MIGRATE_KV,252,0.0,0.0
input4000_rate2p5_reuse00_seed1,NEAREST_MIGRATE_KV,254,0.0,0.0
input4000_rate2p5_reuse00_seed1,NEAREST_MIGRATE_KV,247,0.0,0.0
input4000_rate2p5_reuse00_seed1,NEAREST_MIGRATE_KV,279,0.0,0.0
input4000_rate2p5_reuse00_seed1,NEAREST_MIGRATE_KV,284,0.0,0.0
input4000_rate2p5_reuse00_seed1,NEAREST_MIGRATE_KV,293,0.0,0.0
input6000_rate3p33_reuse00_seed1,NEAREST_KV,24,0.0,0.0
input6000_rate3p33_reuse00_seed1,NEAREST_KV,54,0.0,0.0
input6000_rate3p33_reuse00_seed1,NEAREST_KV,72,0.0,0.0
input6000_rate3p33_reuse00_seed1,NEAREST_KV,96,0.0,0.0
input6000_rate3p33_reuse00_seed1,NEAREST_KV,102,0.0,0.0
input6000_rate3p33_reuse00_seed1,NEAREST_KV,116,0.0,0.0
input6000_rate3p33_reuse00_seed1,NEAREST_KV,128,0.0,0.0
input6000_rate3p33_reuse00_seed1,NEAREST_KV,153,0.0,0.0
input6000_rate3p33_reuse00_seed1,NEAREST_KV,138,0.0,0.0
input6000_rate3p33_reuse00_seed1,NEAREST_KV,150,0.0,0.0
input6000_rate3p33_reuse00_seed1,NEAREST_KV,151,0.0,0.0
input6000_rate3p33_reuse00_seed1,NEAREST_KV,130,0.0,0.0
input6000_rate3p33_reuse00_seed1,NEAREST_KV,184,0.0,0.0
input6000_rate3p33_reuse00_seed1,NEAREST_KV,200,0.0,0.0
input6000_rate3p33_reuse00_seed1,NEAREST_KV,213,0.0,0.0
input6000_rate3p33_reuse00_seed1,NEAREST_KV,190,0.0,0.0
input6000_rate3p33_reuse00_seed1,NEAREST_KV,207,0.0,0.0
input6000_rate3p33_reuse00_seed1,NEAREST_KV,228,0.0,0.0
input6000_rate3p33_reuse00_seed1,NEAREST_KV,259,0.0,0.0
input6000_rate3p33_reuse00_seed1,NEAREST_KV,269,0.0,0.0
input6000_rate3p33_reuse00_seed1,NEAREST_KV,281,0.0,0.0
input6000_rate3p33_reuse00_seed1,NEAREST_KV,278,0.0,0.0
input6000_rate3p33_reuse00_seed1,NEAREST_KV,267,0.0,0.0
input6000_rate3p33_reuse00_seed1,NEAREST_KV,297,0.0,0.0
input6000_rate3p33_reuse00_seed1,NEAREST_KV,3,0.0,0.0
input6000_rate3p33_reuse00_seed1,NEAREST_KV,6,0.0,0.0
input6000_rate3p33_reuse00_seed1,NEAREST_KV,12,0.0,0.0
input6000_rate3p33_reuse00_seed1,NEAREST_KV,17,0.0,0.0
input6000_rate3p33_reuse00_seed1,NEAREST_KV,22,0.0,0.0
input6000_rate3p33_reuse00_seed1,NEAREST_KV,41,0.0,0.0
input6000_rate3p33_reuse00_seed1,NEAREST_KV,60,0.0,0.0
input6000_rate3p33_reuse00_seed1,NEAREST_KV,76,0.0,0.0
input6000_rate3p33_reuse00_seed1,NEAREST_KV,87,0.0,0.0
input6000_rate3p33_reuse00_seed1,NEAREST_KV,93,0.0,0.0
input6000_rate3p33_reuse00_seed1,NEAREST_KV,97,0.0,0.0
input6000_rate3p33_reuse00_seed1,NEAREST_KV,84,0.0,0.0
input6000_rate3p33_reuse00_seed1,NEAREST_KV,83,0.0,0.0
input6000_rate3p33_reuse00_seed1,NEAREST_KV,125,0.0,0.0
input6000_rate3p33_reuse00_seed1,NEAREST_KV,123,0.0,0.0
input6000_rate3p33_reuse00_seed1,NEAREST_KV,142,0.0,0.0
input6000_rate3p33_reuse00_seed1,NEAREST_KV,152,0.0,0.0
input6000_rate3p33_reuse00_seed1,NEAREST_KV,162,0.0,0.0
input6000_rate3p33_reuse00_seed1,NEAREST_KV,167,0.0,0.0
input6000_rate3p33_reuse00_seed1,NEAREST_KV,209,0.0,0.0
input6000_rate3p33_reuse00_seed1,NEAREST_KV,220,0.0,0.0
input6000_rate3p33_reuse00_seed1,NEAREST_KV,225,0.0,0.0
input6000_rate3p33_reuse00_seed1,NEAREST_KV,239,0.0,0.0
input6000_rate3p33_reuse00_seed1,NEAREST_KV,237,0.0,0.0
input6000_rate3p33_reuse00_seed1,NEAREST_KV,249,0.0,0.0
input6000_rate3p33_reuse00_seed1,NEAREST_KV,273,0.0,0.0
input6000_rate3p33_reuse00_seed1,NEAREST_KV,279,0.0,0.0
input6000_rate3p33_reuse00_seed1,NEAREST_KV,285,0.0,0.0
input6000_rate3p33_reuse00_seed1,NEAREST_KV,282,0.0,0.0
input6000_rate3p33_reuse00_seed1,NEAREST_KV,274,0.0,0.0
input6000_rate3p33_reuse00_seed1,NEAREST_KV,0,0.0,0.0
input6000_rate3p33_reuse00_seed1,NEAREST_KV,8,0.0,0.0
input6000_rate3p33_reuse00_seed1,NEAREST_KV,32,0.0,0.0
input6000_rate3p33_reuse00_seed1,NEAREST_KV,57,0.0,0.0
input6000_rate3p33_reuse00_seed1,NEAREST_KV,39,0.0,0.0
input6000_rate3p33_reuse00_seed1,NEAREST_KV,43,0.0,0.0
input6000_rate3p33_reuse00_seed1,NEAREST_KV,44,0.0,0.0
input6000_rate3p33_reuse00_seed1,NEAREST_KV,50,0.0,0.0
input6000_rate3p33_reuse00_seed1,NEAREST_KV,78,0.0,0.0
input6000_rate3p33_reuse00_seed1,NEAREST_KV,137,0.0,0.0
input6000_rate3p33_reuse00_seed1,NEAREST_KV,140,0.0,0.0
input6000_rate3p33_reuse00_seed1,NEAREST_KV,171,0.0,0.0
input6000_rate3p33_reuse00_seed1,NEAREST_KV,202,0.0,0.0
input6000_rate3p33_reuse00_seed1,NEAREST_KV,186,0.0,0.0
input6000_rate3p33_reuse00_seed1,NEAREST_KV,194,0.0,0.0
input6000_rate3p33_reuse00_seed1,NEAREST_KV,234,0.0,0.0
input6000_rate3p33_reuse00_seed1,NEAREST_KV,240,0.0,0.0
input6000_rate3p33_reuse00_seed1,NEAREST_KV,296,0.0,0.0
input6000_rate3p33_reuse00_seed1,NEAREST_KV,294,0.0,0.0
input6000_rate3p33_reuse00_seed1,NEAREST_KV,272,0.0,0.0
input6000_rate3p33_reuse00_seed1,NEAREST_KV,288,0.0,0.0
input6000_rate3p33_reuse00_seed1,NEAREST_KV,291,0.0,0.0
input6000_rate3p33_reuse00_seed1,NEAREST_KV,9,0.0,0.0
input6000_rate3p33_reuse00_seed1,NEAREST_KV,15,0.0,0.0
input6000_rate3p33_reuse00_seed1,NEAREST_KV,36,0.0,0.0
input6000_rate3p33_reuse00_seed1,NEAREST_KV,37,0.0,0.0
input6000_rate3p33_reuse00_seed1,NEAREST_KV,51,0.0,0.0
input6000_rate3p33_reuse00_seed1,NEAREST_KV,34,0.0,0.0
input6000_rate3p33_reuse00_seed1,NEAREST_KV,45,0.0,0.0
input6000_rate3p33_reuse00_seed1,NEAREST_KV,75,0.0,0.0
input6000_rate3p33_reuse00_seed1,NEAREST_KV,56,0.0,0.0
input6000_rate3p33_reuse00_seed1,NEAREST_KV,73,0.0,0.0
input6000_rate3p33_reuse00_seed1,NEAREST_KV,92,0.0,0.0
input6000_rate3p33_reuse00_seed1,NEAREST_KV,91,0.0,0.0
input6000_rate3p33_reuse00_seed1,NEAREST_KV,112,0.0,0.0
input6000_rate3p33_reuse00_seed1,NEAREST_KV,121,0.0,0.0
input6000_rate3p33_reuse00_seed1,NEAREST_KV,145,0.0,0.0
input6000_rate3p33_reuse00_seed1,NEAREST_KV,111,0.0,0.0
input6000_rate3p33_reuse00_seed1,NEAREST_KV,119,0.0,0.0
input6000_rate3p33_reuse00_seed1,NEAREST_KV,156,0.0,0.0
input6000_rate3p33_reuse00_seed1,NEAREST_KV,133,0.0,0.0
input6000_rate3p33_reuse00_seed1,NEAREST_KV,183,0.0,0.0
input6000_rate3p33_reuse00_seed1,NEAREST_KV,165,0.0,0.0
input6000_rate3p33_reuse00_seed1,NEAREST_KV,158,0.0,0.0
input6000_rate3p33_reuse00_seed1,NEAREST_KV,178,0.0,0.0
input6000_rate3p33_reuse00_seed1,NEAREST_KV,192,0.0,0.0
input6000_rate3p33_reuse00_seed1,NEAREST_KV,188,0.0,0.0
input6000_rate3p33_reuse00_seed1,NEAREST_KV,201,0.0,0.0
input6000_rate3p33_reuse00_seed1,NEAREST_KV,235,0.0,0.0
input6000_rate3p33_reuse00_seed1,NEAREST_KV,193,0.0,0.0
input6000_rate3p33_reuse00_seed1,NEAREST_KV,204,0.0,0.0
input6000_rate3p33_reuse00_seed1,NEAREST_KV,265,0.0,0.0
input6000_rate3p33_reuse00_seed1,NEAREST_KV,248,0.0,0.0
input6000_rate3p33_reuse00_seed1,NEAREST_KV,260,0.0,0.0
input6000_rate3p33_reuse00_seed1,NEAREST_KV,290,0.0,0.0
input6000_rate3p33_reuse00_seed1,NEAREST_KV,271,0.0,0.0
input6000_rate3p33_reuse00_seed1,NEAREST_KV,284,0.0,0.0
input6000_rate3p33_reuse00_seed1,NEAREST_KV,5,0.0,0.0
input6000_rate3p33_reuse00_seed1,NEAREST_KV,14,0.0,0.0
input6000_rate3p33_reuse00_seed1,NEAREST_KV,25,0.0,0.0
input6000_rate3p33_reuse00_seed1,NEAREST_KV,20,0.0,0.0
input6000_rate3p33_reuse00_seed1,NEAREST_KV,28,0.0,0.0
input6000_rate3p33_reuse00_seed1,NEAREST_KV,52,0.0,0.0
input6000_rate3p33_reuse00_seed1,NEAREST_KV,53,0.0,0.0
input6000_rate3p33_reuse00_seed1,NEAREST_KV,55,0.0,0.0
input6000_rate3p33_reuse00_seed1,NEAREST_KV,59,0.0,0.0
input6000_rate3p33_reuse00_seed1,NEAREST_KV,49,0.0,0.0
input6000_rate3p33_reuse00_seed1,NEAREST_KV,65,0.0,0.0
input6000_rate3p33_reuse00_seed1,NEAREST_KV,68,0.0,0.0
input6000_rate3p33_reuse00_seed1,NEAREST_KV,70,0.0,0.0
input6000_rate3p33_reuse00_seed1,NEAREST_KV,88,0.0,0.0
input6000_rate3p33_reuse00_seed1,NEAREST_KV,106,0.0,0.0
input6000_rate3p33_reuse00_seed1,NEAREST_KV,136,0.0,0.0
input6000_rate3p33_reuse00_seed1,NEAREST_KV,107,0.0,0.0
input6000_rate3p33_reuse00_seed1,NEAREST_KV,114,0.0,0.0
input6000_rate3p33_reuse00_seed1,NEAREST_KV,131,0.0,0.0
input6000_rate3p33_reuse00_seed1,NEAREST_KV,141,0.0,0.0
input6000_rate3p33_reuse00_seed1,NEAREST_KV,146,0.0,0.0
input6000_rate3p33_reuse00_seed1,NEAREST_KV,159,0.0,0.0
input6000_rate3p33_reuse00_seed1,NEAREST_KV,163,0.0,0.0
input6000_rate3p33_reuse00_seed1,NEAREST_KV,160,0.0,0.0
input6000_rate3p33_reuse00_seed1,NEAREST_KV,144,0.0,0.0
input6000_rate3p33_reuse00_seed1,NEAREST_KV,164,0.0,0.0
input6000_rate3p33_reuse00_seed1,NEAREST_KV,168,0.0,0.0
input6000_rate3p33_reuse00_seed1,NEAREST_KV,180,0.0,0.0
input6000_rate3p33_reuse00_seed1,NEAREST_KV,185,0.0,0.0
input6000_rate3p33_reuse00_seed1,NEAREST_KV,170,0.0,0.0
input6000_rate3p33_reuse00_seed1,NEAREST_KV,205,0.0,0.0
input6000_rate3p33_reuse00_seed1,NEAREST_KV,217,0.0,0.0
input6000_rate3p33_reuse00_seed1,NEAREST_KV,182,0.0,0.0
input6000_rate3p33_reuse00_seed1,NEAREST_KV,196,0.0,0.0
input6000_rate3p33_reuse00_seed1,NEAREST_KV,195,0.0,0.0
input6000_rate3p33_reuse00_seed1,NEAREST_KV,197,0.0,0.0
input6000_rate3p33_reuse00_seed1,NEAREST_KV,233,0.0,0.0
input6000_rate3p33_reuse00_seed1,NEAREST_KV,238,0.0,0.0
input6000_rate3p33_reuse00_seed1,NEAREST_KV,219,0.0,0.0
input6000_rate3p33_reuse00_seed1,NEAREST_KV,245,0.0,0.0
input6000_rate3p33_reuse00_seed1,NEAREST_KV,264,0.0,0.0
input6000_rate3p33_reuse00_seed1,NEAREST_KV,246,0.0,0.0
input6000_rate3p33_reuse00_seed1,NEAREST_KV,258,0.0,0.0
input6000_rate3p33_reuse00_seed1,NEAREST_KV,270,0.0,0.0
input6000_rate3p33_reuse00_seed1,NEAREST_KV,244,0.0,0.0
input6000_rate3p33_reuse00_seed1,NEAREST_KV,241,0.0,0.0
input6000_rate3p33_reuse00_seed1,NEAREST_KV,275,0.0,0.0
input6000_rate3p33_reuse00_seed1,NEAREST_KV,287,0.0,0.0
input6000_rate3p33_reuse00_seed1,NEAREST_KV,295,0.0,0.0
input6000_rate3p33_reuse00_seed1,NEAREST_KV,7,0.0,0.0
input6000_rate3p33_reuse00_seed1,NEAREST_KV,31,0.0,0.0
input6000_rate3p33_reuse00_seed1,NEAREST_KV,26,0.0,0.0
input6000_rate3p33_reuse00_seed1,NEAREST_KV,29,0.0,0.0
input6000_rate3p33_reuse00_seed1,NEAREST_KV,47,0.0,0.0
input6000_rate3p33_reuse00_seed1,NEAREST_KV,38,0.0,0.0
input6000_rate3p33_reuse00_seed1,NEAREST_KV,62,0.0,0.0
input6000_rate3p33_reuse00_seed1,NEAREST_KV,79,0.0,0.0
input6000_rate3p33_reuse00_seed1,NEAREST_KV,61,0.0,0.0
input6000_rate3p33_reuse00_seed1,NEAREST_KV,101,0.0,0.0
input6000_rate3p33_reuse00_seed1,NEAREST_KV,86,0.0,0.0
input6000_rate3p33_reuse00_seed1,NEAREST_KV,108,0.0,0.0
input6000_rate3p33_reuse00_seed1,NEAREST_KV,104,0.0,0.0
input6000_rate3p33_reuse00_seed1,NEAREST_KV,99,0.0,0.0
input6000_rate3p33_reuse00_seed1,NEAREST_KV,149,0.0,0.0
input6000_rate3p33_reuse00_seed1,NEAREST_KV,181,0.0,0.0
input6000_rate3p33_reuse00_seed1,NEAREST_KV,161,0.0,0.0
input6000_rate3p33_reuse00_seed1,NEAREST_KV,157,0.0,0.0
input6000_rate3p33_reuse00_seed1,NEAREST_KV,169,0.0,0.0
input6000_rate3p33_reuse00_seed1,NEAREST_KV,175,0.0,0.0
input6000_rate3p33_reuse00_seed1,NEAREST_KV,208,0.0,0.0
input6000_rate3p33_reuse00_seed1,NEAREST_KV,224,0.0,0.0
input6000_rate3p33_reuse00_seed1,NEAREST_KV,243,0.0,0.0
input6000_rate3p33_reuse00_seed1,NEAREST_KV,250,0.0,0.0
input6000_rate3p33_reuse00_seed1,NEAREST_KV,262,0.0,0.0
input6000_rate3p33_reuse00_seed1,NEAREST_KV,1,0.0,0.0
input6000_rate3p33_reuse00_seed1,NEAREST_KV,19,0.0,0.0
input6000_rate3p33_reuse00_seed1,NEAREST_KV,18,0.0,0.0
input6000_rate3p33_reuse00_seed1,NEAREST_KV,21,0.0,0.0
input6000_rate3p33_reuse00_seed1,NEAREST_KV,48,0.0,0.0
input6000_rate3p33_reuse00_seed1,NEAREST_KV,42,0.0,0.0
input6000_rate3p33_reuse00_seed1,NEAREST_KV,33,0.0,0.0
input6000_rate3p33_reuse00_seed1,NEAREST_KV,58,0.0,0.0
input6000_rate3p33_reuse00_seed1,NEAREST_KV,66,0.0,0.0
input6000_rate3p33_reuse00_seed1,NEAREST_KV,81,0.0,0.0
input6000_rate3p33_reuse00_seed1,NEAREST_KV,85,0.0,0.0
input6000_rate3p33_reuse00_seed1,NEAREST_KV,109,0.0,0.0
input6000_rate3p33_reuse00_seed1,NEAREST_KV,120,0.0,0.0
input6000_rate3p33_reuse00_seed1,NEAREST_KV,117,0.0,0.0
input6000_rate3p33_reuse00_seed1,NEAREST_KV,177,0.0,0.0
input6000_rate3p33_reuse00_seed1,NEAREST_KV,155,0.0,0.0
input6000_rate3p33_reuse00_seed1,NEAREST_KV,174,0.0,0.0
input6000_rate3p33_reuse00_seed1,NEAREST_KV,154,0.0,0.0
input6000_rate3p33_reuse00_seed1,NEAREST_KV,166,0.0,0.0
input6000_rate3p33_reuse00_seed1,NEAREST_KV,172,0.0,0.0
input6000_rate3p33_reuse00_seed1,NEAREST_KV,191,0.0,0.0
input6000_rate3p33_reuse00_seed1,NEAREST_KV,211,0.0,0.0
input6000_rate3p33_reuse00_seed1,NEAREST_KV,223,0.0,0.0
input6000_rate3p33_reuse00_seed1,NEAREST_KV,232,0.0,0.0
input6000_rate3p33_reuse00_seed1,NEAREST_KV,236,0.0,0.0
input6000_rate3p33_reuse00_seed1,NEAREST_KV,263,0.0,0.0
input6000_rate3p33_reuse00_seed1,NEAREST_KV,268,0.0,0.0
input6000_rate3p33_reuse00_seed1,NEAREST_KV,251,0.0,0.0
input6000_rate3p33_reuse00_seed1,NEAREST_KV,283,0.0,0.0
input6000_rate3p33_reuse00_seed1,NEAREST_KV,289,0.0,0.0
input6000_rate3p33_reuse00_seed1,NEAREST_KV,4,0.0,0.0
input6000_rate3p33_reuse00_seed1,NEAREST_KV,11,0.0,0.0
input6000_rate3p33_reuse00_seed1,NEAREST_KV,23,0.0,0.0
input6000_rate3p33_reuse00_seed1,NEAREST_KV,16,0.0,0.0
input6000_rate3p33_reuse00_seed1,NEAREST_KV,27,0.0,0.0
input6000_rate3p33_reuse00_seed1,NEAREST_KV,80,0.0,0.0
input6000_rate3p33_reuse00_seed1,NEAREST_KV,90,0.0,0.0
input6000_rate3p33_reuse00_seed1,NEAREST_KV,100,0.0,0.0
input6000_rate3p33_reuse00_seed1,NEAREST_KV,74,0.0,0.0
input6000_rate3p33_reuse00_seed1,NEAREST_KV,77,0.0,0.0
input6000_rate3p33_reuse00_seed1,NEAREST_KV,105,0.0,0.0
input6000_rate3p33_reuse00_seed1,NEAREST_KV,95,0.0,0.0
input6000_rate3p33_reuse00_seed1,NEAREST_KV,89,0.0,0.0
input6000_rate3p33_reuse00_seed1,NEAREST_KV,122,0.0,0.0
input6000_rate3p33_reuse00_seed1,NEAREST_KV,103,0.0,0.0
input6000_rate3p33_reuse00_seed1,NEAREST_KV,126,0.0,0.0
input6000_rate3p33_reuse00_seed1,NEAREST_KV,113,0.0,0.0
input6000_rate3p33_reuse00_seed1,NEAREST_KV,148,0.0,0.0
input6000_rate3p33_reuse00_seed1,NEAREST_KV,173,0.0,0.0
input6000_rate3p33_reuse00_seed1,NEAREST_KV,139,0.0,0.0
input6000_rate3p33_reuse00_seed1,NEAREST_KV,176,0.0,0.0
input6000_rate3p33_reuse00_seed1,NEAREST_KV,210,0.0,0.0
input6000_rate3p33_reuse00_seed1,NEAREST_KV,214,0.0,0.0
input6000_rate3p33_reuse00_seed1,NEAREST_KV,212,0.0,0.0
input6000_rate3p33_reuse00_seed1,NEAREST_KV,218,0.0,0.0
input6000_rate3p33_reuse00_seed1,NEAREST_KV,231,0.0,0.0
input6000_rate3p33_reuse00_seed1,NEAREST_KV,230,0.0,0.0
input6000_rate3p33_reuse00_seed1,NEAREST_KV,227,0.0,0.0
input6000_rate3p33_reuse00_seed1,NEAREST_KV,247,0.0,0.0
input6000_rate3p33_reuse00_seed1,NEAREST_KV,35,0.0,0.0
input6000_rate3p33_reuse00_seed1,NEAREST_KV,40,0.0,0.0
input6000_rate3p33_reuse00_seed1,NEAREST_KV,46,0.0,0.0
input6000_rate3p33_reuse00_seed1,NEAREST_KV,30,0.0,0.0
input6000_rate3p33_reuse00_seed1,NEAREST_KV,64,0.0,0.0
input6000_rate3p33_reuse00_seed1,NEAREST_KV,63,0.0,0.0
input6000_rate3p33_reuse00_seed1,NEAREST_KV,82,0.0,0.0
input6000_rate3p33_reuse00_seed1,NEAREST_KV,67,0.0,0.0
input6000_rate3p33_reuse00_seed1,NEAREST_KV,94,0.0,0.0
input6000_rate3p33_reuse00_seed1,NEAREST_KV,110,0.0,0.0
input6000_rate3p33_reuse00_seed1,NEAREST_KV,115,0.0,0.0
input6000_rate3p33_reuse00_seed1,NEAREST_KV,129,0.0,0.0
input6000_rate3p33_reuse00_seed1,NEAREST_KV,132,0.0,0.0
input6000_rate3p33_reuse00_seed1,NEAREST_KV,127,0.0,0.0
input6000_rate3p33_reuse00_seed1,NEAREST_KV,143,0.0,0.0
input6000_rate3p33_reuse00_seed1,NEAREST_KV,179,0.0,0.0
input6000_rate3p33_reuse00_seed1,NEAREST_KV,187,0.0,0.0
input6000_rate3p33_reuse00_seed1,NEAREST_KV,203,0.0,0.0
input6000_rate3p33_reuse00_seed1,NEAREST_KV,216,0.0,0.0
input6000_rate3p33_reuse00_seed1,NEAREST_KV,215,0.0,0.0
input6000_rate3p33_reuse00_seed1,NEAREST_KV,226,0.0,0.0
input6000_rate3p33_reuse00_seed1,NEAREST_KV,252,0.0,0.0
input6000_rate3p33_reuse00_seed1,NEAREST_KV,254,0.0,0.0
input6000_rate3p33_reuse00_seed1,NEAREST_KV,261,0.0,0.0
input6000_rate3p33_reuse00_seed1,NEAREST_KV,277,0.0,0.0
input6000_rate3p33_reuse00_seed1,NEAREST_KV,286,0.0,0.0
input6000_rate3p33_reuse00_seed1,NEAREST_KV,292,0.0,0.0
input6000_rate3p33_reuse00_seed1,NEAREST_KV,266,0.0,0.0
input6000_rate3p33_reuse00_seed1,NEAREST_KV,280,0.0,0.0
input6000_rate3p33_reuse00_seed1,NEAREST_KV,298,0.0,0.0
input6000_rate3p33_reuse00_seed1,NEAREST_KV,2,0.0,0.0
input6000_rate3p33_reuse00_seed1,NEAREST_KV,10,0.0,0.0
input6000_rate3p33_reuse00_seed1,NEAREST_KV,13,0.0,0.0
input6000_rate3p33_reuse00_seed1,NEAREST_KV,71,0.0,0.0
input6000_rate3p33_reuse00_seed1,NEAREST_KV,69,0.0,0.0
input6000_rate3p33_reuse00_seed1,NEAREST_KV,98,0.0,0.0
input6000_rate3p33_reuse00_seed1,NEAREST_KV,118,0.0,0.0
input6000_rate3p33_reuse00_seed1,NEAREST_KV,124,0.0,0.0
input6000_rate3p33_reuse00_seed1,NEAREST_KV,135,0.0,0.0
input6000_rate3p33_reuse00_seed1,NEAREST_KV,134,0.0,0.0
input6000_rate3p33_reuse00_seed1,NEAREST_KV,147,0.0,0.0
input6000_rate3p33_reuse00_seed1,NEAREST_KV,199,0.0,0.0
input6000_rate3p33_reuse00_seed1,NEAREST_KV,198,0.0,0.0
input6000_rate3p33_reuse00_seed1,NEAREST_KV,206,0.0,0.0
input6000_rate3p33_reuse00_seed1,NEAREST_KV,189,0.0,0.0
input6000_rate3p33_reuse00_seed1,NEAREST_KV,221,0.0,0.0
input6000_rate3p33_reuse00_seed1,NEAREST_KV,229,0.0,0.0
input6000_rate3p33_reuse00_seed1,NEAREST_KV,222,0.0,0.0
input6000_rate3p33_reuse00_seed1,NEAREST_KV,256,0.0,0.0
input6000_rate3p33_reuse00_seed1,NEAREST_KV,257,0.0,0.0
input6000_rate3p33_reuse00_seed1,NEAREST_KV,242,0.0,0.0
input6000_rate3p33_reuse00_seed1,NEAREST_KV,255,0.0,0.0
input6000_rate3p33_reuse00_seed1,NEAREST_KV,253,0.0,0.0
input6000_rate3p33_reuse00_seed1,NEAREST_KV,276,0.0,0.0
input6000_rate3p33_reuse00_seed1,NEAREST_KV,293,0.0,0.0
input6000_rate3p33_reuse00_seed1,NEAREST_KV,299,0.0,0.0
input6000_rate3p33_reuse00_seed1,NEAREST_MIGRATE,24,0.0,0.0
input6000_rate3p33_reuse00_seed1,NEAREST_MIGRATE,54,0.0,0.0
input6000_rate3p33_reuse00_seed1,NEAREST_MIGRATE,72,0.0,0.0
input6000_rate3p33_reuse00_seed1,NEAREST_MIGRATE,96,0.0,0.0
input6000_rate3p33_reuse00_seed1,NEAREST_MIGRATE,102,0.0,0.0
input6000_rate3p33_reuse00_seed1,NEAREST_MIGRATE,116,0.0,0.0
input6000_rate3p33_reuse00_seed1,NEAREST_MIGRATE,128,0.0,0.0
input6000_rate3p33_reuse00_seed1,NEAREST_MIGRATE,153,0.0,0.0
input6000_rate3p33_reuse00_seed1,NEAREST_MIGRATE,138,0.0,0.0
input6000_rate3p33_reuse00_seed1,NEAREST_MIGRATE,150,0.0,0.0
input6000_rate3p33_reuse00_seed1,NEAREST_MIGRATE,151,0.0,0.0
input6000_rate3p33_reuse00_seed1,NEAREST_MIGRATE,130,0.0,0.0
input6000_rate3p33_reuse00_seed1,NEAREST_MIGRATE,184,0.0,0.0
input6000_rate3p33_reuse00_seed1,NEAREST_MIGRATE,201,0.0,0.0
input6000_rate3p33_reuse00_seed1,NEAREST_MIGRATE,200,0.0,0.0
input6000_rate3p33_reuse00_seed1,NEAREST_MIGRATE,188,0.0,0.0
input6000_rate3p33_reuse00_seed1,NEAREST_MIGRATE,190,0.0,0.0
input6000_rate3p33_reuse00_seed1,NEAREST_MIGRATE,204,0.0,0.0
input6000_rate3p33_reuse00_seed1,NEAREST_MIGRATE,228,0.0,0.0
input6000_rate3p33_reuse00_seed1,NEAREST_MIGRATE,259,0.0,0.0
input6000_rate3p33_reuse00_seed1,NEAREST_MIGRATE,269,0.0,0.0
input6000_rate3p33_reuse00_seed1,NEAREST_MIGRATE,281,0.0,0.0
input6000_rate3p33_reuse00_seed1,NEAREST_MIGRATE,278,0.0,0.0
input6000_rate3p33_reuse00_seed1,NEAREST_MIGRATE,285,0.0,0.0
input6000_rate3p33_reuse00_seed1,NEAREST_MIGRATE,267,0.0,0.0
input6000_rate3p33_reuse00_seed1,NEAREST_MIGRATE,297,0.0,0.0
input6000_rate3p33_reuse00_seed1,NEAREST_MIGRATE,3,0.0,0.0
input6000_rate3p33_reuse00_seed1,NEAREST_MIGRATE,6,0.0,0.0
input6000_rate3p33_reuse00_seed1,NEAREST_MIGRATE,12,0.0,0.0
input6000_rate3p33_reuse00_seed1,NEAREST_MIGRATE,17,0.0,0.0
input6000_rate3p33_reuse00_seed1,NEAREST_MIGRATE,22,0.0,0.0
input6000_rate3p33_reuse00_seed1,NEAREST_MIGRATE,41,0.0,0.0
input6000_rate3p33_reuse00_seed1,NEAREST_MIGRATE,60,0.0,0.0
input6000_rate3p33_reuse00_seed1,NEAREST_MIGRATE,76,0.0,0.0
input6000_rate3p33_reuse00_seed1,NEAREST_MIGRATE,87,0.0,0.0
input6000_rate3p33_reuse00_seed1,NEAREST_MIGRATE,93,0.0,0.0
input6000_rate3p33_reuse00_seed1,NEAREST_MIGRATE,97,0.0,0.0
input6000_rate3p33_reuse00_seed1,NEAREST_MIGRATE,84,0.0,0.0
input6000_rate3p33_reuse00_seed1,NEAREST_MIGRATE,83,0.0,0.0
input6000_rate3p33_reuse00_seed1,NEAREST_MIGRATE,125,0.0,0.0
input6000_rate3p33_reuse00_seed1,NEAREST_MIGRATE,123,0.0,0.0
input6000_rate3p33_reuse00_seed1,NEAREST_MIGRATE,142,0.0,0.0
input6000_rate3p33_reuse00_seed1,NEAREST_MIGRATE,152,0.0,0.0
input6000_rate3p33_reuse00_seed1,NEAREST_MIGRATE,162,0.0,0.0
input6000_rate3p33_reuse00_seed1,NEAREST_MIGRATE,167,0.0,0.0
input6000_rate3p33_reuse00_seed1,NEAREST_MIGRATE,213,0.0,0.0
input6000_rate3p33_reuse00_seed1,NEAREST_MIGRATE,207,0.0,0.0
input6000_rate3p33_reuse00_seed1,NEAREST_MIGRATE,209,0.0,0.0
input6000_rate3p33_reuse00_seed1,NEAREST_MIGRATE,220,0.0,0.0
input6000_rate3p33_reuse00_seed1,NEAREST_MIGRATE,239,0.0,0.0
input6000_rate3p33_reuse00_seed1,NEAREST_MIGRATE,225,0.0,0.0
input6000_rate3p33_reuse00_seed1,NEAREST_MIGRATE,237,0.0,0.0
input6000_rate3p33_reuse00_seed1,NEAREST_MIGRATE,273,0.0,0.0
input6000_rate3p33_reuse00_seed1,NEAREST_MIGRATE,249,0.0,0.0
input6000_rate3p33_reuse00_seed1,NEAREST_MIGRATE,279,0.0,0.0
input6000_rate3p33_reuse00_seed1,NEAREST_MIGRATE,282,0.0,0.0
input6000_rate3p33_reuse00_seed1,NEAREST_MIGRATE,274,0.0,0.0
input6000_rate3p33_reuse00_seed1,NEAREST_MIGRATE,0,0.0,0.0
input6000_rate3p33_reuse00_seed1,NEAREST_MIGRATE,8,0.0,0.0
input6000_rate3p33_reuse00_seed1,NEAREST_MIGRATE,32,0.0,0.0
input6000_rate3p33_reuse00_seed1,NEAREST_MIGRATE,57,0.0,0.0
input6000_rate3p33_reuse00_seed1,NEAREST_MIGRATE,39,0.0,0.0
input6000_rate3p33_reuse00_seed1,NEAREST_MIGRATE,43,0.0,0.0
input6000_rate3p33_reuse00_seed1,NEAREST_MIGRATE,44,0.0,0.0
input6000_rate3p33_reuse00_seed1,NEAREST_MIGRATE,50,0.0,0.0
input6000_rate3p33_reuse00_seed1,NEAREST_MIGRATE,78,0.0,0.0
input6000_rate3p33_reuse00_seed1,NEAREST_MIGRATE,137,0.0,0.0
input6000_rate3p33_reuse00_seed1,NEAREST_MIGRATE,140,0.0,0.0
input6000_rate3p33_reuse00_seed1,NEAREST_MIGRATE,171,0.0,0.0
input6000_rate3p33_reuse00_seed1,NEAREST_MIGRATE,202,0.0,0.0
input6000_rate3p33_reuse00_seed1,NEAREST_MIGRATE,186,0.0,0.0
input6000_rate3p33_reuse00_seed1,NEAREST_MIGRATE,194,0.0,0.0
input6000_rate3p33_reuse00_seed1,NEAREST_MIGRATE,234,0.0,0.0
input6000_rate3p33_reuse00_seed1,NEAREST_MIGRATE,240,0.0,0.0
input6000_rate3p33_reuse00_seed1,NEAREST_MIGRATE,296,0.0,0.0
input6000_rate3p33_reuse00_seed1,NEAREST_MIGRATE,294,0.0,0.0
input6000_rate3p33_reuse00_seed1,NEAREST_MIGRATE,272,0.0,0.0
input6000_rate3p33_reuse00_seed1,NEAREST_MIGRATE,288,0.0,0.0
input6000_rate3p33_reuse00_seed1,NEAREST_MIGRATE,291,0.0,0.0
input6000_rate3p33_reuse00_seed1,NEAREST_MIGRATE,9,0.0,0.0
input6000_rate3p33_reuse00_seed1,NEAREST_MIGRATE,15,0.0,0.0
input6000_rate3p33_reuse00_seed1,NEAREST_MIGRATE,36,0.0,0.0
input6000_rate3p33_reuse00_seed1,NEAREST_MIGRATE,37,0.0,0.0
input6000_rate3p33_reuse00_seed1,NEAREST_MIGRATE,51,0.0,0.0
input6000_rate3p33_reuse00_seed1,NEAREST_MIGRATE,34,0.0,0.0
input6000_rate3p33_reuse00_seed1,NEAREST_MIGRATE,45,0.0,0.0
input6000_rate3p33_reuse00_seed1,NEAREST_MIGRATE,75,0.0,0.0
input6000_rate3p33_reuse00_seed1,NEAREST_MIGRATE,56,0.0,0.0
input6000_rate3p33_reuse00_seed1,NEAREST_MIGRATE,73,0.0,0.0
input6000_rate3p33_reuse00_seed1,NEAREST_MIGRATE,92,0.0,0.0
input6000_rate3p33_reuse00_seed1,NEAREST_MIGRATE,91,0.0,0.0
input6000_rate3p33_reuse00_seed1,NEAREST_MIGRATE,112,0.0,0.0
input6000_rate3p33_reuse00_seed1,NEAREST_MIGRATE,121,0.0,0.0
input6000_rate3p33_reuse00_seed1,NEAREST_MIGRATE,145,0.0,0.0
input6000_rate3p33_reuse00_seed1,NEAREST_MIGRATE,111,0.0,0.0
input6000_rate3p33_reuse00_seed1,NEAREST_MIGRATE,119,0.0,0.0
input6000_rate3p33_reuse00_seed1,NEAREST_MIGRATE,156,0.0,0.0
input6000_rate3p33_reuse00_seed1,NEAREST_MIGRATE,133,0.0,0.0
input6000_rate3p33_reuse00_seed1,NEAREST_MIGRATE,183,0.0,0.0
input6000_rate3p33_reuse00_seed1,NEAREST_MIGRATE,165,0.0,0.0
input6000_rate3p33_reuse00_seed1,NEAREST_MIGRATE,158,0.0,0.0
input6000_rate3p33_reuse00_seed1,NEAREST_MIGRATE,178,0.0,0.0
input6000_rate3p33_reuse00_seed1,NEAREST_MIGRATE,192,0.0,0.0
input6000_rate3p33_reuse00_seed1,NEAREST_MIGRATE,193,0.0,0.0
input6000_rate3p33_reuse00_seed1,NEAREST_MIGRATE,235,0.0,0.0
input6000_rate3p33_reuse00_seed1,NEAREST_MIGRATE,248,0.0,0.0
input6000_rate3p33_reuse00_seed1,NEAREST_MIGRATE,265,0.0,0.0
input6000_rate3p33_reuse00_seed1,NEAREST_MIGRATE,260,0.0,0.0
input6000_rate3p33_reuse00_seed1,NEAREST_MIGRATE,290,0.0,0.0
input6000_rate3p33_reuse00_seed1,NEAREST_MIGRATE,271,0.0,0.0
input6000_rate3p33_reuse00_seed1,NEAREST_MIGRATE,284,0.0,0.0
input6000_rate3p33_reuse00_seed1,NEAREST_MIGRATE,5,0.0,0.0
input6000_rate3p33_reuse00_seed1,NEAREST_MIGRATE,14,0.0,0.0
input6000_rate3p33_reuse00_seed1,NEAREST_MIGRATE,25,0.0,0.0
input6000_rate3p33_reuse00_seed1,NEAREST_MIGRATE,20,0.0,0.0
input6000_rate3p33_reuse00_seed1,NEAREST_MIGRATE,28,0.0,0.0
input6000_rate3p33_reuse00_seed1,NEAREST_MIGRATE,52,0.0,0.0
input6000_rate3p33_reuse00_seed1,NEAREST_MIGRATE,53,0.0,0.0
input6000_rate3p33_reuse00_seed1,NEAREST_MIGRATE,55,0.0,0.0
input6000_rate3p33_reuse00_seed1,NEAREST_MIGRATE,59,0.0,0.0
input6000_rate3p33_reuse00_seed1,NEAREST_MIGRATE,49,0.0,0.0
input6000_rate3p33_reuse00_seed1,NEAREST_MIGRATE,65,0.0,0.0
input6000_rate3p33_reuse00_seed1,NEAREST_MIGRATE,70,0.0,0.0
input6000_rate3p33_reuse00_seed1,NEAREST_MIGRATE,88,0.0,0.0
input6000_rate3p33_reuse00_seed1,NEAREST_MIGRATE,106,0.0,0.0
input6000_rate3p33_reuse00_seed1,NEAREST_MIGRATE,107,0.0,0.0
input6000_rate3p33_reuse00_seed1,NEAREST_MIGRATE,136,0.0,0.0
input6000_rate3p33_reuse00_seed1,NEAREST_MIGRATE,163,0.0,0.0
input6000_rate3p33_reuse00_seed1,NEAREST_MIGRATE,141,0.0,0.0
input6000_rate3p33_reuse00_seed1,NEAREST_MIGRATE,146,0.0,0.0
input6000_rate3p33_reuse00_seed1,NEAREST_MIGRATE,131,0.0,0.0
input6000_rate3p33_reuse00_seed1,NEAREST_MIGRATE,159,0.0,0.0
input6000_rate3p33_reuse00_seed1,NEAREST_MIGRATE,180,0.0,0.0
input6000_rate3p33_reuse00_seed1,NEAREST_MIGRATE,144,0.0,0.0
input6000_rate3p33_reuse00_seed1,NEAREST_MIGRATE,170,0.0,0.0
input6000_rate3p33_reuse00_seed1,NEAREST_MIGRATE,196,0.0,0.0
input6000_rate3p33_reuse00_seed1,NEAREST_MIGRATE,217,0.0,0.0
input6000_rate3p33_reuse00_seed1,NEAREST_MIGRATE,195,0.0,0.0
input6000_rate3p33_reuse00_seed1,NEAREST_MIGRATE,233,0.0,0.0
input6000_rate3p33_reuse00_seed1,NEAREST_MIGRATE,182,0.0,0.0
input6000_rate3p33_reuse00_seed1,NEAREST_MIGRATE,238,0.0,0.0
input6000_rate3p33_reuse00_seed1,NEAREST_MIGRATE,258,0.0,0.0
input6000_rate3p33_reuse00_seed1,NEAREST_MIGRATE,264,0.0,0.0
input6000_rate3p33_reuse00_seed1,NEAREST_MIGRATE,244,0.0,0.0
input6000_rate3p33_reuse00_seed1,NEAREST_MIGRATE,241,0.0,0.0
input6000_rate3p33_reuse00_seed1,NEAREST_MIGRATE,275,0.0,0.0
input6000_rate3p33_reuse00_seed1,NEAREST_MIGRATE,295,0.0,0.0
input6000_rate3p33_reuse00_seed1,NEAREST_MIGRATE,7,0.0,0.0
input6000_rate3p33_reuse00_seed1,NEAREST_MIGRATE,31,0.0,0.0
input6000_rate3p33_reuse00_seed1,NEAREST_MIGRATE,26,0.0,0.0
input6000_rate3p33_reuse00_seed1,NEAREST_MIGRATE,29,0.0,0.0
input6000_rate3p33_reuse00_seed1,NEAREST_MIGRATE,47,0.0,0.0
input6000_rate3p33_reuse00_seed1,NEAREST_MIGRATE,38,0.0,0.0
input6000_rate3p33_reuse00_seed1,NEAREST_MIGRATE,62,0.0,0.0
input6000_rate3p33_reuse00_seed1,NEAREST_MIGRATE,79,0.0,0.0
input6000_rate3p33_reuse00_seed1,NEAREST_MIGRATE,61,0.0,0.0
input6000_rate3p33_reuse00_seed1,NEAREST_MIGRATE,68,0.0,0.0
input6000_rate3p33_reuse00_seed1,NEAREST_MIGRATE,101,0.0,0.0
input6000_rate3p33_reuse00_seed1,NEAREST_MIGRATE,86,0.0,0.0
input6000_rate3p33_reuse00_seed1,NEAREST_MIGRATE,114,0.0,0.0
input6000_rate3p33_reuse00_seed1,NEAREST_MIGRATE,99,0.0,0.0
input6000_rate3p33_reuse00_seed1,NEAREST_MIGRATE,149,0.0,0.0
input6000_rate3p33_reuse00_seed1,NEAREST_MIGRATE,168,0.0,0.0
input6000_rate3p33_reuse00_seed1,NEAREST_MIGRATE,160,0.0,0.0
input6000_rate3p33_reuse00_seed1,NEAREST_MIGRATE,181,0.0,0.0
input6000_rate3p33_reuse00_seed1,NEAREST_MIGRATE,164,0.0,0.0
input6000_rate3p33_reuse00_seed1,NEAREST_MIGRATE,161,0.0,0.0
input6000_rate3p33_reuse00_seed1,NEAREST_MIGRATE,169,0.0,0.0
input6000_rate3p33_reuse00_seed1,NEAREST_MIGRATE,157,0.0,0.0
input6000_rate3p33_reuse00_seed1,NEAREST_MIGRATE,175,0.0,0.0
input6000_rate3p33_reuse00_seed1,NEAREST_MIGRATE,179,0.0,0.0
input6000_rate3p33_reuse00_seed1,NEAREST_MIGRATE,185,0.0,0.0
input6000_rate3p33_reuse00_seed1,NEAREST_MIGRATE,205,0.0,0.0
input6000_rate3p33_reuse00_seed1,NEAREST_MIGRATE,245,0.0,0.0
input6000_rate3p33_reuse00_seed1,NEAREST_MIGRATE,246,0.0,0.0
input6000_rate3p33_reuse00_seed1,NEAREST_MIGRATE,197,0.0,0.0
input6000_rate3p33_reuse00_seed1,NEAREST_MIGRATE,219,0.0,0.0
input6000_rate3p33_reuse00_seed1,NEAREST_MIGRATE,270,0.0,0.0
input6000_rate3p33_reuse00_seed1,NEAREST_MIGRATE,287,0.0,0.0
input6000_rate3p33_reuse00_seed1,NEAREST_MIGRATE,262,0.0,0.0
input6000_rate3p33_reuse00_seed1,NEAREST_MIGRATE,266,0.0,0.0
input6000_rate3p33_reuse00_seed1,NEAREST_MIGRATE,1,0.0,0.0
input6000_rate3p33_reuse00_seed1,NEAREST_MIGRATE,19,0.0,0.0
input6000_rate3p33_reuse00_seed1,NEAREST_MIGRATE,18,0.0,0.0
input6000_rate3p33_reuse00_seed1,NEAREST_MIGRATE,21,0.0,0.0
input6000_rate3p33_reuse00_seed1,NEAREST_MIGRATE,48,0.0,0.0
input6000_rate3p33_reuse00_seed1,NEAREST_MIGRATE,42,0.0,0.0
input6000_rate3p33_reuse00_seed1,NEAREST_MIGRATE,33,0.0,0.0
input6000_rate3p33_reuse00_seed1,NEAREST_MIGRATE,58,0.0,0.0
input6000_rate3p33_reuse00_seed1,NEAREST_MIGRATE,66,0.0,0.0
input6000_rate3p33_reuse00_seed1,NEAREST_MIGRATE,81,0.0,0.0
input6000_rate3p33_reuse00_seed1,NEAREST_MIGRATE,85,0.0,0.0
input6000_rate3p33_reuse00_seed1,NEAREST_MIGRATE,109,0.0,0.0
input6000_rate3p33_reuse00_seed1,NEAREST_MIGRATE,120,0.0,0.0
input6000_rate3p33_reuse00_seed1,NEAREST_MIGRATE,117,0.0,0.0
input6000_rate3p33_reuse00_seed1,NEAREST_MIGRATE,177,0.0,0.0
input6000_rate3p33_reuse00_seed1,NEAREST_MIGRATE,155,0.0,0.0
input6000_rate3p33_reuse00_seed1,NEAREST_MIGRATE,174,0.0,0.0
input6000_rate3p33_reuse00_seed1,NEAREST_MIGRATE,154,0.0,0.0
input6000_rate3p33_reuse00_seed1,NEAREST_MIGRATE,166,0.0,0.0
input6000_rate3p33_reuse00_seed1,NEAREST_MIGRATE,172,0.0,0.0
input6000_rate3p33_reuse00_seed1,NEAREST_MIGRATE,191,0.0,0.0
input6000_rate3p33_reuse00_seed1,NEAREST_MIGRATE,211,0.0,0.0
input6000_rate3p33_reuse00_seed1,NEAREST_MIGRATE,223,0.0,0.0
input6000_rate3p33_reuse00_seed1,NEAREST_MIGRATE,232,0.0,0.0
input6000_rate3p33_reuse00_seed1,NEAREST_MIGRATE,236,0.0,0.0
input6000_rate3p33_reuse00_seed1,NEAREST_MIGRATE,263,0.0,0.0
input6000_rate3p33_reuse00_seed1,NEAREST_MIGRATE,268,0.0,0.0
input6000_rate3p33_reuse00_seed1,NEAREST_MIGRATE,251,0.0,0.0
input6000_rate3p33_reuse00_seed1,NEAREST_MIGRATE,283,0.0,0.0
input6000_rate3p33_reuse00_seed1,NEAREST_MIGRATE,289,0.0,0.0
input6000_rate3p33_reuse00_seed1,NEAREST_MIGRATE,4,0.0,0.0
input6000_rate3p33_reuse00_seed1,NEAREST_MIGRATE,11,0.0,0.0
input6000_rate3p33_reuse00_seed1,NEAREST_MIGRATE,23,0.0,0.0
input6000_rate3p33_reuse00_seed1,NEAREST_MIGRATE,16,0.0,0.0
input6000_rate3p33_reuse00_seed1,NEAREST_MIGRATE,27,0.0,0.0
input6000_rate3p33_reuse00_seed1,NEAREST_MIGRATE,80,0.0,0.0
input6000_rate3p33_reuse00_seed1,NEAREST_MIGRATE,90,0.0,0.0
input6000_rate3p33_reuse00_seed1,NEAREST_MIGRATE,100,0.0,0.0
input6000_rate3p33_reuse00_seed1,NEAREST_MIGRATE,74,0.0,0.0
input6000_rate3p33_reuse00_seed1,NEAREST_MIGRATE,77,0.0,0.0
input6000_rate3p33_reuse00_seed1,NEAREST_MIGRATE,105,0.0,0.0
input6000_rate3p33_reuse00_seed1,NEAREST_MIGRATE,95,0.0,0.0
input6000_rate3p33_reuse00_seed1,NEAREST_MIGRATE,89,0.0,0.0
input6000_rate3p33_reuse00_seed1,NEAREST_MIGRATE,122,0.0,0.0
input6000_rate3p33_reuse00_seed1,NEAREST_MIGRATE,103,0.0,0.0
input6000_rate3p33_reuse00_seed1,NEAREST_MIGRATE,113,0.0,0.0
input6000_rate3p33_reuse00_seed1,NEAREST_MIGRATE,132,0.0,0.0
input6000_rate3p33_reuse00_seed1,NEAREST_MIGRATE,173,0.0,0.0
input6000_rate3p33_reuse00_seed1,NEAREST_MIGRATE,176,0.0,0.0
input6000_rate3p33_reuse00_seed1,NEAREST_MIGRATE,187,0.0,0.0
input6000_rate3p33_reuse00_seed1,NEAREST_MIGRATE,210,0.0,0.0
input6000_rate3p33_reuse00_seed1,NEAREST_MIGRATE,214,0.0,0.0
input6000_rate3p33_reuse00_seed1,NEAREST_MIGRATE,212,0.0,0.0
input6000_rate3p33_reuse00_seed1,NEAREST_MIGRATE,218,0.0,0.0
input6000_rate3p33_reuse00_seed1,NEAREST_MIGRATE,231,0.0,0.0
input6000_rate3p33_reuse00_seed1,NEAREST_MIGRATE,230,0.0,0.0
input6000_rate3p33_reuse00_seed1,NEAREST_MIGRATE,227,0.0,0.0
input6000_rate3p33_reuse00_seed1,NEAREST_MIGRATE,247,0.0,0.0
input6000_rate3p33_reuse00_seed1,NEAREST_MIGRATE,280,0.0,0.0
input6000_rate3p33_reuse00_seed1,NEAREST_MIGRATE,292,0.0,0.0
input6000_rate3p33_reuse00_seed1,NEAREST_MIGRATE,35,0.0,0.0
input6000_rate3p33_reuse00_seed1,NEAREST_MIGRATE,40,0.0,0.0
input6000_rate3p33_reuse00_seed1,NEAREST_MIGRATE,46,0.0,0.0
input6000_rate3p33_reuse00_seed1,NEAREST_MIGRATE,30,0.0,0.0
input6000_rate3p33_reuse00_seed1,NEAREST_MIGRATE,64,0.0,0.0
input6000_rate3p33_reuse00_seed1,NEAREST_MIGRATE,63,0.0,0.0
input6000_rate3p33_reuse00_seed1,NEAREST_MIGRATE,82,0.0,0.0
input6000_rate3p33_reuse00_seed1,NEAREST_MIGRATE,67,0.0,0.0
input6000_rate3p33_reuse00_seed1,NEAREST_MIGRATE,110,0.0,0.0
input6000_rate3p33_reuse00_seed1,NEAREST_MIGRATE,108,0.0,0.0
input6000_rate3p33_reuse00_seed1,NEAREST_MIGRATE,94,0.0,0.0
input6000_rate3p33_reuse00_seed1,NEAREST_MIGRATE,104,0.0,0.0
input6000_rate3p33_reuse00_seed1,NEAREST_MIGRATE,115,0.0,0.0
input6000_rate3p33_reuse00_seed1,NEAREST_MIGRATE,126,0.0,0.0
input6000_rate3p33_reuse00_seed1,NEAREST_MIGRATE,129,0.0,0.0
input6000_rate3p33_reuse00_seed1,NEAREST_MIGRATE,148,0.0,0.0
input6000_rate3p33_reuse00_seed1,NEAREST_MIGRATE,127,0.0,0.0
input6000_rate3p33_reuse00_seed1,NEAREST_MIGRATE,143,0.0,0.0
input6000_rate3p33_reuse00_seed1,NEAREST_MIGRATE,139,0.0,0.0
input6000_rate3p33_reuse00_seed1,NEAREST_MIGRATE,203,0.0,0.0
input6000_rate3p33_reuse00_seed1,NEAREST_MIGRATE,216,0.0,0.0
input6000_rate3p33_reuse00_seed1,NEAREST_MIGRATE,224,0.0,0.0
input6000_rate3p33_reuse00_seed1,NEAREST_MIGRATE,208,0.0,0.0
input6000_rate3p33_reuse00_seed1,NEAREST_MIGRATE,215,0.0,0.0
input6000_rate3p33_reuse00_seed1,NEAREST_MIGRATE,226,0.0,0.0
input6000_rate3p33_reuse00_seed1,NEAREST_MIGRATE,256,0.0,0.0
input6000_rate3p33_reuse00_seed1,NEAREST_MIGRATE,252,0.0,0.0
input6000_rate3p33_reuse00_seed1,NEAREST_MIGRATE,254,0.0,0.0
input6000_rate3p33_reuse00_seed1,NEAREST_MIGRATE,261,0.0,0.0
input6000_rate3p33_reuse00_seed1,NEAREST_MIGRATE,255,0.0,0.0
input6000_rate3p33_reuse00_seed1,NEAREST_MIGRATE,277,0.0,0.0
input6000_rate3p33_reuse00_seed1,NEAREST_MIGRATE,286,0.0,0.0
input6000_rate3p33_reuse00_seed1,NEAREST_MIGRATE,298,0.0,0.0
input6000_rate3p33_reuse00_seed1,NEAREST_MIGRATE,2,0.0,0.0
input6000_rate3p33_reuse00_seed1,NEAREST_MIGRATE,10,0.0,0.0
input6000_rate3p33_reuse00_seed1,NEAREST_MIGRATE,13,0.0,0.0
input6000_rate3p33_reuse00_seed1,NEAREST_MIGRATE,71,0.0,0.0
input6000_rate3p33_reuse00_seed1,NEAREST_MIGRATE,69,0.0,0.0
input6000_rate3p33_reuse00_seed1,NEAREST_MIGRATE,98,0.0,0.0
input6000_rate3p33_reuse00_seed1,NEAREST_MIGRATE,118,0.0,0.0
input6000_rate3p33_reuse00_seed1,NEAREST_MIGRATE,124,0.0,0.0
input6000_rate3p33_reuse00_seed1,NEAREST_MIGRATE,135,0.0,0.0
input6000_rate3p33_reuse00_seed1,NEAREST_MIGRATE,134,0.0,0.0
input6000_rate3p33_reuse00_seed1,NEAREST_MIGRATE,147,0.0,0.0
input6000_rate3p33_reuse00_seed1,NEAREST_MIGRATE,199,0.0,0.0
input6000_rate3p33_reuse00_seed1,NEAREST_MIGRATE,198,0.0,0.0
input6000_rate3p33_reuse00_seed1,NEAREST_MIGRATE,206,0.0,0.0
input6000_rate3p33_reuse00_seed1,NEAREST_MIGRATE,189,0.0,0.0
input6000_rate3p33_reuse00_seed1,NEAREST_MIGRATE,221,0.0,0.0
input6000_rate3p33_reuse00_seed1,NEAREST_MIGRATE,229,0.0,0.0
input6000_rate3p33_reuse00_seed1,NEAREST_MIGRATE,222,0.0,0.0
input6000_rate3p33_reuse00_seed1,NEAREST_MIGRATE,243,0.0,0.0
input6000_rate3p33_reuse00_seed1,NEAREST_MIGRATE,250,0.0,0.0
input6000_rate3p33_reuse00_seed1,NEAREST_MIGRATE,257,0.0,0.0
input6000_rate3p33_reuse00_seed1,NEAREST_MIGRATE,253,0.0,0.0
input6000_rate3p33_reuse00_seed1,NEAREST_MIGRATE,242,0.0,0.0
input6000_rate3p33_reuse00_seed1,NEAREST_MIGRATE,276,0.0,0.0
input6000_rate3p33_reuse00_seed1,NEAREST_MIGRATE,293,0.0,0.0
input6000_rate3p33_reuse00_seed1,NEAREST_MIGRATE,299,0.0,0.0
input6000_rate3p33_reuse00_seed1,NEAREST_MIGRATE_KV,24,0.0,0.0
input6000_rate3p33_reuse00_seed1,NEAREST_MIGRATE_KV,54,0.0,0.0
input6000_rate3p33_reuse00_seed1,NEAREST_MIGRATE_KV,72,0.0,0.0
input6000_rate3p33_reuse00_seed1,NEAREST_MIGRATE_KV,96,0.0,0.0
input6000_rate3p33_reuse00_seed1,NEAREST_MIGRATE_KV,102,0.0,0.0
input6000_rate3p33_reuse00_seed1,NEAREST_MIGRATE_KV,116,0.0,0.0
input6000_rate3p33_reuse00_seed1,NEAREST_MIGRATE_KV,128,0.0,0.0
input6000_rate3p33_reuse00_seed1,NEAREST_MIGRATE_KV,153,0.0,0.0
input6000_rate3p33_reuse00_seed1,NEAREST_MIGRATE_KV,138,0.0,0.0
input6000_rate3p33_reuse00_seed1,NEAREST_MIGRATE_KV,150,0.0,0.0
input6000_rate3p33_reuse00_seed1,NEAREST_MIGRATE_KV,151,0.0,0.0
input6000_rate3p33_reuse00_seed1,NEAREST_MIGRATE_KV,130,0.0,0.0
input6000_rate3p33_reuse00_seed1,NEAREST_MIGRATE_KV,184,0.0,0.0
input6000_rate3p33_reuse00_seed1,NEAREST_MIGRATE_KV,201,0.0,0.0
input6000_rate3p33_reuse00_seed1,NEAREST_MIGRATE_KV,200,0.0,0.0
input6000_rate3p33_reuse00_seed1,NEAREST_MIGRATE_KV,188,0.0,0.0
input6000_rate3p33_reuse00_seed1,NEAREST_MIGRATE_KV,190,0.0,0.0
input6000_rate3p33_reuse00_seed1,NEAREST_MIGRATE_KV,204,0.0,0.0
input6000_rate3p33_reuse00_seed1,NEAREST_MIGRATE_KV,228,0.0,0.0
input6000_rate3p33_reuse00_seed1,NEAREST_MIGRATE_KV,259,0.0,0.0
input6000_rate3p33_reuse00_seed1,NEAREST_MIGRATE_KV,269,0.0,0.0
input6000_rate3p33_reuse00_seed1,NEAREST_MIGRATE_KV,281,0.0,0.0
input6000_rate3p33_reuse00_seed1,NEAREST_MIGRATE_KV,278,0.0,0.0
input6000_rate3p33_reuse00_seed1,NEAREST_MIGRATE_KV,285,0.0,0.0
input6000_rate3p33_reuse00_seed1,NEAREST_MIGRATE_KV,267,0.0,0.0
input6000_rate3p33_reuse00_seed1,NEAREST_MIGRATE_KV,297,0.0,0.0
input6000_rate3p33_reuse00_seed1,NEAREST_MIGRATE_KV,3,0.0,0.0
input6000_rate3p33_reuse00_seed1,NEAREST_MIGRATE_KV,6,0.0,0.0
input6000_rate3p33_reuse00_seed1,NEAREST_MIGRATE_KV,12,0.0,0.0
input6000_rate3p33_reuse00_seed1,NEAREST_MIGRATE_KV,17,0.0,0.0
input6000_rate3p33_reuse00_seed1,NEAREST_MIGRATE_KV,22,0.0,0.0
input6000_rate3p33_reuse00_seed1,NEAREST_MIGRATE_KV,41,0.0,0.0
input6000_rate3p33_reuse00_seed1,NEAREST_MIGRATE_KV,60,0.0,0.0
input6000_rate3p33_reuse00_seed1,NEAREST_MIGRATE_KV,76,0.0,0.0
input6000_rate3p33_reuse00_seed1,NEAREST_MIGRATE_KV,87,0.0,0.0
input6000_rate3p33_reuse00_seed1,NEAREST_MIGRATE_KV,93,0.0,0.0
input6000_rate3p33_reuse00_seed1,NEAREST_MIGRATE_KV,97,0.0,0.0
input6000_rate3p33_reuse00_seed1,NEAREST_MIGRATE_KV,84,0.0,0.0
input6000_rate3p33_reuse00_seed1,NEAREST_MIGRATE_KV,83,0.0,0.0
input6000_rate3p33_reuse00_seed1,NEAREST_MIGRATE_KV,125,0.0,0.0
input6000_rate3p33_reuse00_seed1,NEAREST_MIGRATE_KV,123,0.0,0.0
input6000_rate3p33_reuse00_seed1,NEAREST_MIGRATE_KV,142,0.0,0.0
input6000_rate3p33_reuse00_seed1,NEAREST_MIGRATE_KV,152,0.0,0.0
input6000_rate3p33_reuse00_seed1,NEAREST_MIGRATE_KV,162,0.0,0.0
input6000_rate3p33_reuse00_seed1,NEAREST_MIGRATE_KV,167,0.0,0.0
input6000_rate3p33_reuse00_seed1,NEAREST_MIGRATE_KV,213,0.0,0.0
input6000_rate3p33_reuse00_seed1,NEAREST_MIGRATE_KV,207,0.0,0.0
input6000_rate3p33_reuse00_seed1,NEAREST_MIGRATE_KV,209,0.0,0.0
input6000_rate3p33_reuse00_seed1,NEAREST_MIGRATE_KV,220,0.0,0.0
input6000_rate3p33_reuse00_seed1,NEAREST_MIGRATE_KV,239,0.0,0.0
input6000_rate3p33_reuse00_seed1,NEAREST_MIGRATE_KV,225,0.0,0.0
input6000_rate3p33_reuse00_seed1,NEAREST_MIGRATE_KV,237,0.0,0.0
input6000_rate3p33_reuse00_seed1,NEAREST_MIGRATE_KV,273,0.0,0.0
input6000_rate3p33_reuse00_seed1,NEAREST_MIGRATE_KV,249,0.0,0.0
input6000_rate3p33_reuse00_seed1,NEAREST_MIGRATE_KV,279,0.0,0.0
input6000_rate3p33_reuse00_seed1,NEAREST_MIGRATE_KV,282,0.0,0.0
input6000_rate3p33_reuse00_seed1,NEAREST_MIGRATE_KV,274,0.0,0.0
input6000_rate3p33_reuse00_seed1,NEAREST_MIGRATE_KV,0,0.0,0.0
input6000_rate3p33_reuse00_seed1,NEAREST_MIGRATE_KV,8,0.0,0.0
input6000_rate3p33_reuse00_seed1,NEAREST_MIGRATE_KV,32,0.0,0.0
input6000_rate3p33_reuse00_seed1,NEAREST_MIGRATE_KV,57,0.0,0.0
input6000_rate3p33_reuse00_seed1,NEAREST_MIGRATE_KV,39,0.0,0.0
input6000_rate3p33_reuse00_seed1,NEAREST_MIGRATE_KV,43,0.0,0.0
input6000_rate3p33_reuse00_seed1,NEAREST_MIGRATE_KV,44,0.0,0.0
input6000_rate3p33_reuse00_seed1,NEAREST_MIGRATE_KV,50,0.0,0.0
input6000_rate3p33_reuse00_seed1,NEAREST_MIGRATE_KV,78,0.0,0.0
input6000_rate3p33_reuse00_seed1,NEAREST_MIGRATE_KV,137,0.0,0.0
input6000_rate3p33_reuse00_seed1,NEAREST_MIGRATE_KV,140,0.0,0.0
input6000_rate3p33_reuse00_seed1,NEAREST_MIGRATE_KV,171,0.0,0.0
input6000_rate3p33_reuse00_seed1,NEAREST_MIGRATE_KV,202,0.0,0.0
input6000_rate3p33_reuse00_seed1,NEAREST_MIGRATE_KV,186,0.0,0.0
input6000_rate3p33_reuse00_seed1,NEAREST_MIGRATE_KV,194,0.0,0.0
input6000_rate3p33_reuse00_seed1,NEAREST_MIGRATE_KV,234,0.0,0.0
input6000_rate3p33_reuse00_seed1,NEAREST_MIGRATE_KV,240,0.0,0.0
input6000_rate3p33_reuse00_seed1,NEAREST_MIGRATE_KV,296,0.0,0.0
input6000_rate3p33_reuse00_seed1,NEAREST_MIGRATE_KV,294,0.0,0.0
input6000_rate3p33_reuse00_seed1,NEAREST_MIGRATE_KV,272,0.0,0.0
input6000_rate3p33_reuse00_seed1,NEAREST_MIGRATE_KV,288,0.0,0.0
input6000_rate3p33_reuse00_seed1,NEAREST_MIGRATE_KV,291,0.0,0.0
input6000_rate3p33_reuse00_seed1,NEAREST_MIGRATE_KV,9,0.0,0.0
input6000_rate3p33_reuse00_seed1,NEAREST_MIGRATE_KV,15,0.0,0.0
input6000_rate3p33_reuse00_seed1,NEAREST_MIGRATE_KV,36,0.0,0.0
input6000_rate3p33_reuse00_seed1,NEAREST_MIGRATE_KV,37,0.0,0.0
input6000_rate3p33_reuse00_seed1,NEAREST_MIGRATE_KV,51,0.0,0.0
input6000_rate3p33_reuse00_seed1,NEAREST_MIGRATE_KV,34,0.0,0.0
input6000_rate3p33_reuse00_seed1,NEAREST_MIGRATE_KV,45,0.0,0.0
input6000_rate3p33_reuse00_seed1,NEAREST_MIGRATE_KV,75,0.0,0.0
input6000_rate3p33_reuse00_seed1,NEAREST_MIGRATE_KV,56,0.0,0.0
input6000_rate3p33_reuse00_seed1,NEAREST_MIGRATE_KV,73,0.0,0.0
input6000_rate3p33_reuse00_seed1,NEAREST_MIGRATE_KV,92,0.0,0.0
input6000_rate3p33_reuse00_seed1,NEAREST_MIGRATE_KV,91,0.0,0.0
input6000_rate3p33_reuse00_seed1,NEAREST_MIGRATE_KV,112,0.0,0.0
input6000_rate3p33_reuse00_seed1,NEAREST_MIGRATE_KV,121,0.0,0.0
input6000_rate3p33_reuse00_seed1,NEAREST_MIGRATE_KV,145,0.0,0.0
input6000_rate3p33_reuse00_seed1,NEAREST_MIGRATE_KV,111,0.0,0.0
input6000_rate3p33_reuse00_seed1,NEAREST_MIGRATE_KV,119,0.0,0.0
input6000_rate3p33_reuse00_seed1,NEAREST_MIGRATE_KV,156,0.0,0.0
input6000_rate3p33_reuse00_seed1,NEAREST_MIGRATE_KV,133,0.0,0.0
input6000_rate3p33_reuse00_seed1,NEAREST_MIGRATE_KV,183,0.0,0.0
input6000_rate3p33_reuse00_seed1,NEAREST_MIGRATE_KV,165,0.0,0.0
input6000_rate3p33_reuse00_seed1,NEAREST_MIGRATE_KV,158,0.0,0.0
input6000_rate3p33_reuse00_seed1,NEAREST_MIGRATE_KV,178,0.0,0.0
input6000_rate3p33_reuse00_seed1,NEAREST_MIGRATE_KV,192,0.0,0.0
input6000_rate3p33_reuse00_seed1,NEAREST_MIGRATE_KV,193,0.0,0.0
input6000_rate3p33_reuse00_seed1,NEAREST_MIGRATE_KV,235,0.0,0.0
input6000_rate3p33_reuse00_seed1,NEAREST_MIGRATE_KV,248,0.0,0.0
input6000_rate3p33_reuse00_seed1,NEAREST_MIGRATE_KV,265,0.0,0.0
input6000_rate3p33_reuse00_seed1,NEAREST_MIGRATE_KV,260,0.0,0.0
input6000_rate3p33_reuse00_seed1,NEAREST_MIGRATE_KV,290,0.0,0.0
input6000_rate3p33_reuse00_seed1,NEAREST_MIGRATE_KV,271,0.0,0.0
input6000_rate3p33_reuse00_seed1,NEAREST_MIGRATE_KV,284,0.0,0.0
input6000_rate3p33_reuse00_seed1,NEAREST_MIGRATE_KV,5,0.0,0.0
input6000_rate3p33_reuse00_seed1,NEAREST_MIGRATE_KV,14,0.0,0.0
input6000_rate3p33_reuse00_seed1,NEAREST_MIGRATE_KV,25,0.0,0.0
input6000_rate3p33_reuse00_seed1,NEAREST_MIGRATE_KV,20,0.0,0.0
input6000_rate3p33_reuse00_seed1,NEAREST_MIGRATE_KV,28,0.0,0.0
input6000_rate3p33_reuse00_seed1,NEAREST_MIGRATE_KV,52,0.0,0.0
input6000_rate3p33_reuse00_seed1,NEAREST_MIGRATE_KV,53,0.0,0.0
input6000_rate3p33_reuse00_seed1,NEAREST_MIGRATE_KV,55,0.0,0.0
input6000_rate3p33_reuse00_seed1,NEAREST_MIGRATE_KV,59,0.0,0.0
input6000_rate3p33_reuse00_seed1,NEAREST_MIGRATE_KV,49,0.0,0.0
input6000_rate3p33_reuse00_seed1,NEAREST_MIGRATE_KV,65,0.0,0.0
input6000_rate3p33_reuse00_seed1,NEAREST_MIGRATE_KV,70,0.0,0.0
input6000_rate3p33_reuse00_seed1,NEAREST_MIGRATE_KV,88,0.0,0.0
input6000_rate3p33_reuse00_seed1,NEAREST_MIGRATE_KV,106,0.0,0.0
input6000_rate3p33_reuse00_seed1,NEAREST_MIGRATE_KV,107,0.0,0.0
input6000_rate3p33_reuse00_seed1,NEAREST_MIGRATE_KV,136,0.0,0.0
input6000_rate3p33_reuse00_seed1,NEAREST_MIGRATE_KV,163,0.0,0.0
input6000_rate3p33_reuse00_seed1,NEAREST_MIGRATE_KV,141,0.0,0.0
input6000_rate3p33_reuse00_seed1,NEAREST_MIGRATE_KV,146,0.0,0.0
input6000_rate3p33_reuse00_seed1,NEAREST_MIGRATE_KV,131,0.0,0.0
input6000_rate3p33_reuse00_seed1,NEAREST_MIGRATE_KV,159,0.0,0.0
input6000_rate3p33_reuse00_seed1,NEAREST_MIGRATE_KV,180,0.0,0.0
input6000_rate3p33_reuse00_seed1,NEAREST_MIGRATE_KV,144,0.0,0.0
input6000_rate3p33_reuse00_seed1,NEAREST_MIGRATE_KV,170,0.0,0.0
input6000_rate3p33_reuse00_seed1,NEAREST_MIGRATE_KV,196,0.0,0.0
input6000_rate3p33_reuse00_seed1,NEAREST_MIGRATE_KV,217,0.0,0.0
input6000_rate3p33_reuse00_seed1,NEAREST_MIGRATE_KV,195,0.0,0.0
input6000_rate3p33_reuse00_seed1,NEAREST_MIGRATE_KV,233,0.0,0.0
input6000_rate3p33_reuse00_seed1,NEAREST_MIGRATE_KV,182,0.0,0.0
input6000_rate3p33_reuse00_seed1,NEAREST_MIGRATE_KV,238,0.0,0.0
input6000_rate3p33_reuse00_seed1,NEAREST_MIGRATE_KV,258,0.0,0.0
input6000_rate3p33_reuse00_seed1,NEAREST_MIGRATE_KV,264,0.0,0.0
input6000_rate3p33_reuse00_seed1,NEAREST_MIGRATE_KV,244,0.0,0.0
input6000_rate3p33_reuse00_seed1,NEAREST_MIGRATE_KV,241,0.0,0.0
input6000_rate3p33_reuse00_seed1,NEAREST_MIGRATE_KV,275,0.0,0.0
input6000_rate3p33_reuse00_seed1,NEAREST_MIGRATE_KV,295,0.0,0.0
input6000_rate3p33_reuse00_seed1,NEAREST_MIGRATE_KV,7,0.0,0.0
input6000_rate3p33_reuse00_seed1,NEAREST_MIGRATE_KV,31,0.0,0.0
input6000_rate3p33_reuse00_seed1,NEAREST_MIGRATE_KV,26,0.0,0.0
input6000_rate3p33_reuse00_seed1,NEAREST_MIGRATE_KV,29,0.0,0.0
input6000_rate3p33_reuse00_seed1,NEAREST_MIGRATE_KV,47,0.0,0.0
input6000_rate3p33_reuse00_seed1,NEAREST_MIGRATE_KV,38,0.0,0.0
input6000_rate3p33_reuse00_seed1,NEAREST_MIGRATE_KV,62,0.0,0.0
input6000_rate3p33_reuse00_seed1,NEAREST_MIGRATE_KV,79,0.0,0.0
input6000_rate3p33_reuse00_seed1,NEAREST_MIGRATE_KV,61,0.0,0.0
input6000_rate3p33_reuse00_seed1,NEAREST_MIGRATE_KV,68,0.0,0.0
input6000_rate3p33_reuse00_seed1,NEAREST_MIGRATE_KV,101,0.0,0.0
input6000_rate3p33_reuse00_seed1,NEAREST_MIGRATE_KV,86,0.0,0.0
input6000_rate3p33_reuse00_seed1,NEAREST_MIGRATE_KV,114,0.0,0.0
input6000_rate3p33_reuse00_seed1,NEAREST_MIGRATE_KV,99,0.0,0.0
input6000_rate3p33_reuse00_seed1,NEAREST_MIGRATE_KV,149,0.0,0.0
input6000_rate3p33_reuse00_seed1,NEAREST_MIGRATE_KV,168,0.0,0.0
input6000_rate3p33_reuse00_seed1,NEAREST_MIGRATE_KV,160,0.0,0.0
input6000_rate3p33_reuse00_seed1,NEAREST_MIGRATE_KV,181,0.0,0.0
input6000_rate3p33_reuse00_seed1,NEAREST_MIGRATE_KV,164,0.0,0.0
input6000_rate3p33_reuse00_seed1,NEAREST_MIGRATE_KV,161,0.0,0.0
input6000_rate3p33_reuse00_seed1,NEAREST_MIGRATE_KV,169,0.0,0.0
input6000_rate3p33_reuse00_seed1,NEAREST_MIGRATE_KV,157,0.0,0.0
input6000_rate3p33_reuse00_seed1,NEAREST_MIGRATE_KV,175,0.0,0.0
input6000_rate3p33_reuse00_seed1,NEAREST_MIGRATE_KV,179,0.0,0.0
input6000_rate3p33_reuse00_seed1,NEAREST_MIGRATE_KV,185,0.0,0.0
input6000_rate3p33_reuse00_seed1,NEAREST_MIGRATE_KV,205,0.0,0.0
input6000_rate3p33_reuse00_seed1,NEAREST_MIGRATE_KV,245,0.0,0.0
input6000_rate3p33_reuse00_seed1,NEAREST_MIGRATE_KV,246,0.0,0.0
input6000_rate3p33_reuse00_seed1,NEAREST_MIGRATE_KV,197,0.0,0.0
input6000_rate3p33_reuse00_seed1,NEAREST_MIGRATE_KV,219,0.0,0.0
input6000_rate3p33_reuse00_seed1,NEAREST_MIGRATE_KV,270,0.0,0.0
input6000_rate3p33_reuse00_seed1,NEAREST_MIGRATE_KV,287,0.0,0.0
input6000_rate3p33_reuse00_seed1,NEAREST_MIGRATE_KV,262,0.0,0.0
input6000_rate3p33_reuse00_seed1,NEAREST_MIGRATE_KV,266,0.0,0.0
input6000_rate3p33_reuse00_seed1,NEAREST_MIGRATE_KV,1,0.0,0.0
input6000_rate3p33_reuse00_seed1,NEAREST_MIGRATE_KV,19,0.0,0.0
input6000_rate3p33_reuse00_seed1,NEAREST_MIGRATE_KV,18,0.0,0.0
input6000_rate3p33_reuse00_seed1,NEAREST_MIGRATE_KV,21,0.0,0.0
input6000_rate3p33_reuse00_seed1,NEAREST_MIGRATE_KV,48,0.0,0.0
input6000_rate3p33_reuse00_seed1,NEAREST_MIGRATE_KV,42,0.0,0.0
input6000_rate3p33_reuse00_seed1,NEAREST_MIGRATE_KV,33,0.0,0.0
input6000_rate3p33_reuse00_seed1,NEAREST_MIGRATE_KV,58,0.0,0.0
input6000_rate3p33_reuse00_seed1,NEAREST_MIGRATE_KV,66,0.0,0.0
input6000_rate3p33_reuse00_seed1,NEAREST_MIGRATE_KV,81,0.0,0.0
input6000_rate3p33_reuse00_seed1,NEAREST_MIGRATE_KV,85,0.0,0.0
input6000_rate3p33_reuse00_seed1,NEAREST_MIGRATE_KV,109,0.0,0.0
input6000_rate3p33_reuse00_seed1,NEAREST_MIGRATE_KV,120,0.0,0.0
input6000_rate3p33_reuse00_seed1,NEAREST_MIGRATE_KV,117,0.0,0.0
input6000_rate3p33_reuse00_seed1,NEAREST_MIGRATE_KV,177,0.0,0.0
input6000_rate3p33_reuse00_seed1,NEAREST_MIGRATE_KV,155,0.0,0.0
input6000_rate3p33_reuse00_seed1,NEAREST_MIGRATE_KV,174,0.0,0.0
input6000_rate3p33_reuse00_seed1,NEAREST_MIGRATE_KV,154,0.0,0.0
input6000_rate3p33_reuse00_seed1,NEAREST_MIGRATE_KV,166,0.0,0.0
input6000_rate3p33_reuse00_seed1,NEAREST_MIGRATE_KV,172,0.0,0.0
input6000_rate3p33_reuse00_seed1,NEAREST_MIGRATE_KV,191,0.0,0.0
input6000_rate3p33_reuse00_seed1,NEAREST_MIGRATE_KV,211,0.0,0.0
input6000_rate3p33_reuse00_seed1,NEAREST_MIGRATE_KV,223,0.0,0.0
input6000_rate3p33_reuse00_seed1,NEAREST_MIGRATE_KV,232,0.0,0.0
input6000_rate3p33_reuse00_seed1,NEAREST_MIGRATE_KV,236,0.0,0.0
input6000_rate3p33_reuse00_seed1,NEAREST_MIGRATE_KV,263,0.0,0.0
input6000_rate3p33_reuse00_seed1,NEAREST_MIGRATE_KV,268,0.0,0.0
input6000_rate3p33_reuse00_seed1,NEAREST_MIGRATE_KV,251,0.0,0.0
input6000_rate3p33_reuse00_seed1,NEAREST_MIGRATE_KV,283,0.0,0.0
input6000_rate3p33_reuse00_seed1,NEAREST_MIGRATE_KV,289,0.0,0.0
input6000_rate3p33_reuse00_seed1,NEAREST_MIGRATE_KV,4,0.0,0.0
input6000_rate3p33_reuse00_seed1,NEAREST_MIGRATE_KV,11,0.0,0.0
input6000_rate3p33_reuse00_seed1,NEAREST_MIGRATE_KV,23,0.0,0.0
input6000_rate3p33_reuse00_seed1,NEAREST_MIGRATE_KV,16,0.0,0.0
input6000_rate3p33_reuse00_seed1,NEAREST_MIGRATE_KV,27,0.0,0.0
input6000_rate3p33_reuse00_seed1,NEAREST_MIGRATE_KV,80,0.0,0.0
input6000_rate3p33_reuse00_seed1,NEAREST_MIGRATE_KV,90,0.0,0.0
input6000_rate3p33_reuse00_seed1,NEAREST_MIGRATE_KV,100,0.0,0.0
input6000_rate3p33_reuse00_seed1,NEAREST_MIGRATE_KV,74,0.0,0.0
input6000_rate3p33_reuse00_seed1,NEAREST_MIGRATE_KV,77,0.0,0.0
input6000_rate3p33_reuse00_seed1,NEAREST_MIGRATE_KV,105,0.0,0.0
input6000_rate3p33_reuse00_seed1,NEAREST_MIGRATE_KV,95,0.0,0.0
input6000_rate3p33_reuse00_seed1,NEAREST_MIGRATE_KV,89,0.0,0.0
input6000_rate3p33_reuse00_seed1,NEAREST_MIGRATE_KV,122,0.0,0.0
input6000_rate3p33_reuse00_seed1,NEAREST_MIGRATE_KV,103,0.0,0.0
input6000_rate3p33_reuse00_seed1,NEAREST_MIGRATE_KV,113,0.0,0.0
input6000_rate3p33_reuse00_seed1,NEAREST_MIGRATE_KV,132,0.0,0.0
input6000_rate3p33_reuse00_seed1,NEAREST_MIGRATE_KV,173,0.0,0.0
input6000_rate3p33_reuse00_seed1,NEAREST_MIGRATE_KV,176,0.0,0.0
input6000_rate3p33_reuse00_seed1,NEAREST_MIGRATE_KV,187,0.0,0.0
input6000_rate3p33_reuse00_seed1,NEAREST_MIGRATE_KV,210,0.0,0.0
input6000_rate3p33_reuse00_seed1,NEAREST_MIGRATE_KV,214,0.0,0.0
input6000_rate3p33_reuse00_seed1,NEAREST_MIGRATE_KV,212,0.0,0.0
input6000_rate3p33_reuse00_seed1,NEAREST_MIGRATE_KV,218,0.0,0.0
input6000_rate3p33_reuse00_seed1,NEAREST_MIGRATE_KV,231,0.0,0.0
input6000_rate3p33_reuse00_seed1,NEAREST_MIGRATE_KV,230,0.0,0.0
input6000_rate3p33_reuse00_seed1,NEAREST_MIGRATE_KV,227,0.0,0.0
input6000_rate3p33_reuse00_seed1,NEAREST_MIGRATE_KV,247,0.0,0.0
input6000_rate3p33_reuse00_seed1,NEAREST_MIGRATE_KV,280,0.0,0.0
input6000_rate3p33_reuse00_seed1,NEAREST_MIGRATE_KV,292,0.0,0.0
input6000_rate3p33_reuse00_seed1,NEAREST_MIGRATE_KV,35,0.0,0.0
input6000_rate3p33_reuse00_seed1,NEAREST_MIGRATE_KV,40,0.0,0.0
input6000_rate3p33_reuse00_seed1,NEAREST_MIGRATE_KV,46,0.0,0.0
input6000_rate3p33_reuse00_seed1,NEAREST_MIGRATE_KV,30,0.0,0.0
input6000_rate3p33_reuse00_seed1,NEAREST_MIGRATE_KV,64,0.0,0.0
input6000_rate3p33_reuse00_seed1,NEAREST_MIGRATE_KV,63,0.0,0.0
input6000_rate3p33_reuse00_seed1,NEAREST_MIGRATE_KV,82,0.0,0.0
input6000_rate3p33_reuse00_seed1,NEAREST_MIGRATE_KV,67,0.0,0.0
input6000_rate3p33_reuse00_seed1,NEAREST_MIGRATE_KV,110,0.0,0.0
input6000_rate3p33_reuse00_seed1,NEAREST_MIGRATE_KV,108,0.0,0.0
input6000_rate3p33_reuse00_seed1,NEAREST_MIGRATE_KV,94,0.0,0.0
input6000_rate3p33_reuse00_seed1,NEAREST_MIGRATE_KV,104,0.0,0.0
input6000_rate3p33_reuse00_seed1,NEAREST_MIGRATE_KV,115,0.0,0.0
input6000_rate3p33_reuse00_seed1,NEAREST_MIGRATE_KV,126,0.0,0.0
input6000_rate3p33_reuse00_seed1,NEAREST_MIGRATE_KV,129,0.0,0.0
input6000_rate3p33_reuse00_seed1,NEAREST_MIGRATE_KV,148,0.0,0.0
input6000_rate3p33_reuse00_seed1,NEAREST_MIGRATE_KV,127,0.0,0.0
input6000_rate3p33_reuse00_seed1,NEAREST_MIGRATE_KV,143,0.0,0.0
input6000_rate3p33_reuse00_seed1,NEAREST_MIGRATE_KV,139,0.0,0.0
input6000_rate3p33_reuse00_seed1,NEAREST_MIGRATE_KV,203,0.0,0.0
input6000_rate3p33_reuse00_seed1,NEAREST_MIGRATE_KV,216,0.0,0.0
input6000_rate3p33_reuse00_seed1,NEAREST_MIGRATE_KV,224,0.0,0.0
input6000_rate3p33_reuse00_seed1,NEAREST_MIGRATE_KV,208,0.0,0.0
input6000_rate3p33_reuse00_seed1,NEAREST_MIGRATE_KV,215,0.0,0.0
input6000_rate3p33_reuse00_seed1,NEAREST_MIGRATE_KV,226,0.0,0.0
input6000_rate3p33_reuse00_seed1,NEAREST_MIGRATE_KV,256,0.0,0.0
input6000_rate3p33_reuse00_seed1,NEAREST_MIGRATE_KV,252,0.0,0.0
input6000_rate3p33_reuse00_seed1,NEAREST_MIGRATE_KV,254,0.0,0.0
input6000_rate3p33_reuse00_seed1,NEAREST_MIGRATE_KV,261,0.0,0.0
input6000_rate3p33_reuse00_seed1,NEAREST_MIGRATE_KV,255,0.0,0.0
input6000_rate3p33_reuse00_seed1,NEAREST_MIGRATE_KV,277,0.0,0.0
input6000_rate3p33_reuse00_seed1,NEAREST_MIGRATE_KV,286,0.0,0.0
input6000_rate3p33_reuse00_seed1,NEAREST_MIGRATE_KV,298,0.0,0.0
input6000_rate3p33_reuse00_seed1,NEAREST_MIGRATE_KV,2,0.0,0.0
input6000_rate3p33_reuse00_seed1,NEAREST_MIGRATE_KV,10,0.0,0.0
input6000_rate3p33_reuse00_seed1,NEAREST_MIGRATE_KV,13,0.0,0.0
input6000_rate3p33_reuse00_seed1,NEAREST_MIGRATE_KV,71,0.0,0.0
input6000_rate3p33_reuse00_seed1,NEAREST_MIGRATE_KV,69,0.0,0.0
input6000_rate3p33_reuse00_seed1,NEAREST_MIGRATE_KV,98,0.0,0.0
input6000_rate3p33_reuse00_seed1,NEAREST_MIGRATE_KV,118,0.0,0.0
input6000_rate3p33_reuse00_seed1,NEAREST_MIGRATE_KV,124,0.0,0.0
input6000_rate3p33_reuse00_seed1,NEAREST_MIGRATE_KV,135,0.0,0.0
input6000_rate3p33_reuse00_seed1,NEAREST_MIGRATE_KV,134,0.0,0.0
input6000_rate3p33_reuse00_seed1,NEAREST_MIGRATE_KV,147,0.0,0.0
input6000_rate3p33_reuse00_seed1,NEAREST_MIGRATE_KV,199,0.0,0.0
input6000_rate3p33_reuse00_seed1,NEAREST_MIGRATE_KV,198,0.0,0.0
input6000_rate3p33_reuse00_seed1,NEAREST_MIGRATE_KV,206,0.0,0.0
input6000_rate3p33_reuse00_seed1,NEAREST_MIGRATE_KV,189,0.0,0.0
input6000_rate3p33_reuse00_seed1,NEAREST_MIGRATE_KV,221,0.0,0.0
input6000_rate3p33_reuse00_seed1,NEAREST_MIGRATE_KV,229,0.0,0.0
input6000_rate3p33_reuse00_seed1,NEAREST_MIGRATE_KV,222,0.0,0.0
input6000_rate3p33_reuse00_seed1,NEAREST_MIGRATE_KV,243,0.0,0.0
input6000_rate3p33_reuse00_seed1,NEAREST_MIGRATE_KV,250,0.0,0.0
input6000_rate3p33_reuse00_seed1,NEAREST_MIGRATE_KV,257,0.0,0.0
input6000_rate3p33_reuse00_seed1,NEAREST_MIGRATE_KV,253,0.0,0.0
input6000_rate3p33_reuse00_seed1,NEAREST_MIGRATE_KV,242,0.0,0.0
input6000_rate3p33_reuse00_seed1,NEAREST_MIGRATE_KV,276,0.0,0.0
input6000_rate3p33_reuse00_seed1,NEAREST_MIGRATE_KV,293,0.0,0.0
input6000_rate3p33_reuse00_seed1,NEAREST_MIGRATE_KV,299,0.0,0.0
input8000_rate2p5_reuse00_seed1,NEAREST_KV,5,0.0,0.0
input8000_rate2p5_reuse00_seed1,NEAREST_KV,7,0.0,0.0
input8000_rate2p5_reuse00_seed1,NEAREST_KV,39,0.0,0.0
input8000_rate2p5_reuse00_seed1,NEAREST_KV,35,0.0,0.0
input8000_rate2p5_reuse00_seed1,NEAREST_KV,71,0.0,0.0
input8000_rate2p5_reuse00_seed1,NEAREST_KV,74,0.0,0.0
input8000_rate2p5_reuse00_seed1,NEAREST_KV,105,0.0,0.0
input8000_rate2p5_reuse00_seed1,NEAREST_KV,109,0.0,0.0
input8000_rate2p5_reuse00_seed1,NEAREST_KV,114,0.0,0.0
input8000_rate2p5_reuse00_seed1,NEAREST_KV,104,0.0,0.0
input8000_rate2p5_reuse00_seed1,NEAREST_KV,144,0.0,0.0
input8000_rate2p5_reuse00_seed1,NEAREST_KV,155,0.0,0.0
input8000_rate2p5_reuse00_seed1,NEAREST_KV,171,0.0,0.0
input8000_rate2p5_reuse00_seed1,NEAREST_KV,146,0.0,0.0
input8000_rate2p5_reuse00_seed1,NEAREST_KV,169,0.0,0.0
input8000_rate2p5_reuse00_seed1,NEAREST_KV,173,0.0,0.0
input8000_rate2p5_reuse00_seed1,NEAREST_KV,215,0.0,0.0
input8000_rate2p5_reuse00_seed1,NEAREST_KV,238,0.0,0.0
input8000_rate2p5_reuse00_seed1,NEAREST_KV,239,0.0,0.0
input8000_rate2p5_reuse00_seed1,NEAREST_KV,253,0.0,0.0
input8000_rate2p5_reuse00_seed1,NEAREST_KV,270,0.0,0.0
input8000_rate2p5_reuse00_seed1,NEAREST_KV,272,0.0,0.0
input8000_rate2p5_reuse00_seed1,NEAREST_KV,275,0.0,0.0
input8000_rate2p5_reuse00_seed1,NEAREST_KV,296,0.0,0.0
input8000_rate2p5_reuse00_seed1,NEAREST_KV,14,0.0,0.0
input8000_rate2p5_reuse00_seed1,NEAREST_KV,18,0.0,0.0
input8000_rate2p5_reuse00_seed1,NEAREST_KV,33,0.0,0.0
input8000_rate2p5_reuse00_seed1,NEAREST_KV,50,0.0,0.0
input8000_rate2p5_reuse00_seed1,NEAREST_KV,41,0.0,0.0
input8000_rate2p5_reuse00_seed1,NEAREST_KV,49,0.0,0.0
input8000_rate2p5_reuse00_seed1,NEAREST_KV,73,0.0,0.0
input8000_rate2p5_reuse00_seed1,NEAREST_KV,88,0.0,0.0
input8000_rate2p5_reuse00_seed1,NEAREST_KV,76,0.0,0.0
input8000_rate2p5_reuse00_seed1,NEAREST_KV,87,0.0,0.0
input8000_rate2p5_reuse00_seed1,NEAREST_KV,89,0.0,0.0
input8000_rate2p5_reuse00_seed1,NEAREST_KV,126,0.0,0.0
input8000_rate2p5_reuse00_seed1,NEAREST_KV,113,0.0,0.0
input8000_rate2p5_reuse00_seed1,NEAREST_KV,132,0.0,0.0
input8000_rate2p5_reuse00_seed1,NEAREST_KV,141,0.0,0.0
input8000_rate2p5_reuse00_seed1,NEAREST_KV,156,0.0,0.0
input8000_rate2p5_reuse00_seed1,NEAREST_KV,150,0.0,0.0
input8000_rate2p5_reuse00_seed1,NEAREST_KV,174,0.0,0.0
input8000_rate2p5_reuse00_seed1,NEAREST_KV,166,0.0,0.0
input8000_rate2p5_reuse00_seed1,NEAREST_KV,181,0.0,0.0
input8000_rate2p5_reuse00_seed1,NEAREST_KV,190,0.0,0.0
input8000_rate2p5_reuse00_seed1,NEAREST_KV,180,0.0,0.0
input8000_rate2p5_reuse00_seed1,NEAREST_KV,223,0.0,0.0
input8000_rate2p5_reuse00_seed1,NEAREST_KV,231,0.0,0.0
input8000_rate2p5_reuse00_seed1,NEAREST_KV,210,0.0,0.0
input8000_rate2p5_reuse00_seed1,NEAREST_KV,233,0.0,0.0
input8000_rate2p5_reuse00_seed1,NEAREST_KV,246,0.0,0.0
input8000_rate2p5_reuse00_seed1,NEAREST_KV,261,0.0,0.0
input8000_rate2p5_reuse00_seed1,NEAREST_KV,251,0.0,0.0
input8000_rate2p5_reuse00_seed1,NEAREST_KV,299,0.0,0.0
input8000_rate2p5_reuse00_seed1,NEAREST_KV,69,0.0,0.0
input8000_rate2p5_reuse00_seed1,NEAREST_KV,64,0.0,0.0
input8000_rate2p5_reuse00_seed1,NEAREST_KV,91,0.0,0.0
input8000_rate2p5_reuse00_seed1,NEAREST_KV,103,0.0,0.0
input8000_rate2p5_reuse00_seed1,NEAREST_KV,106,0.0,0.0
input8000_rate2p5_reuse00_seed1,NEAREST_KV,116,0.0,0.0
input8000_rate2p5_reuse00_seed1,NEAREST_KV,131,0.0,0.0
input8000_rate2p5_reuse00_seed1,NEAREST_KV,125,0.0,0.0
input8000_rate2p5_reuse00_seed1,NEAREST_KV,143,0.0,0.0
input8000_rate2p5_reuse00_seed1,NEAREST_KV,151,0.0,0.0
input8000_rate2p5_reuse00_seed1,NEAREST_KV,157,0.0,0.0
input8000_rate2p5_reuse00_seed1,NEAREST_KV,192,0.0,0.0
input8000_rate2p5_reuse00_seed1,NEAREST_KV,212,0.0,0.0
input8000_rate2p5_reuse00_seed1,NEAREST_KV,205,0.0,0.0
input8000_rate2p5_reuse00_seed1,NEAREST_KV,219,0.0,0.0
input8000_rate2p5_reuse00_seed1,NEAREST_KV,244,0.0,0.0
input8000_rate2p5_reuse00_seed1,NEAREST_KV,259,0.0,0.0
input8000_rate2p5_reuse00_seed1,NEAREST_KV,267,0.0,0.0
input8000_rate2p5_reuse00_seed1,NEAREST_KV,268,0.0,0.0
input8000_rate2p5_reuse00_seed1,NEAREST_KV,287,0.0,0.0
input8000_rate2p5_reuse00_seed1,NEAREST_KV,285,0.0,0.0
input8000_rate2p5_reuse00_seed1,NEAREST_KV,293,0.0,0.0
input8000_rate2p5_reuse00_seed1,NEAREST_KV,10,0.0,0.0
input8000_rate2p5_reuse00_seed1,NEAREST_KV,13,0.0,0.0
input8000_rate2p5_reuse00_seed1,NEAREST_KV,0,0.0,0.0
input8000_rate2p5_reuse00_seed1,NEAREST_KV,16,0.0,0.0
input8000_rate2p5_reuse00_seed1,NEAREST_KV,43,0.0,0.0
input8000_rate2p5_reuse00_seed1,NEAREST_KV,53,0.0,0.0
input8000_rate2p5_reuse00_seed1,NEAREST_KV,44,0.0,0.0
input8000_rate2p5_reuse00_seed1,NEAREST_KV,47,0.0,0.0
input8000_rate2p5_reuse00_seed1,NEAREST_KV,61,0.0,0.0
input8000_rate2p5_reuse00_seed1,NEAREST_KV,77,0.0,0.0
input8000_rate2p5_reuse00_seed1,NEAREST_KV,65,0.0,0.0
input8000_rate2p5_reuse00_seed1,NEAREST_KV,67,0.0,0.0
input8000_rate2p5_reuse00_seed1,NEAREST_KV,92,0.0,0.0
input8000_rate2p5_reuse00_seed1,NEAREST_KV,118,0.0,0.0
input8000_rate2p5_reuse00_seed1,NEAREST_KV,100,0.0,0.0
input8000_rate2p5_reuse00_seed1,NEAREST_KV,127,0.0,0.0
input8000_rate2p5_reuse00_seed1,NEAREST_KV,101,0.0,0.0
input8000_rate2p5_reuse00_seed1,NEAREST_KV,110,0.0,0.0
input8000_rate2p5_reuse00_seed1,NEAREST_KV,135,0.0,0.0
input8000_rate2p5_reuse00_seed1,NEAREST_KV,134,0.0,0.0
input8000_rate2p5_reuse00_seed1,NEAREST_KV,148,0.0,0.0
input8000_rate2p5_reuse00_seed1,NEAREST_KV,142,0.0,0.0
input8000_rate2p5_reuse00_seed1,NEAREST_KV,161,0.0,0.0
input8000_rate2p5_reuse00_seed1,NEAREST_KV,162,0.0,0.0
input8000_rate2p5_reuse00_seed1,NEAREST_KV,153,0.0,0.0
input8000_rate2p5_reuse00_seed1,NEAREST_KV,159,0.0,0.0
input8000_rate2p5_reuse00_seed1,NEAREST_KV,176,0.0,0.0
input8000_rate2p5_reuse00_seed1,NEAREST_KV,172,0.0,0.0
input8000_rate2p5_reuse00_seed1,NEAREST_KV,194,0.0,0.0
input8000_rate2p5_reuse00_seed1,NEAREST_KV,182,0.0,0.0
input8000_rate2p5_reuse00_seed1,NEAREST_KV,222,0.0,0.0
input8000_rate2p5_reuse00_seed1,NEAREST_KV,273,0.0,0.0
input8000_rate2p5_reuse00_seed1,NEAREST_KV,260,0.0,0.0
input8000_rate2p5_reuse00_seed1,NEAREST_KV,220,0.0,0.0
input8000_rate2p5_reuse00_seed1,NEAREST_KV,282,0.0,0.0
input8000_rate2p5_reuse00_seed1,NEAREST_KV,9,0.0,0.0
input8000_rate2p5_reuse00_seed1,NEAREST_KV,6,0.0,0.0
input8000_rate2p5_reuse00_seed1,NEAREST_KV,3,0.0,0.0
input8000_rate2p5_reuse00_seed1,NEAREST_KV,25,0.0,0.0
input8000_rate2p5_reuse00_seed1,NEAREST_KV,26,0.0,0.0
input8000_rate2p5_reuse00_seed1,NEAREST_KV,27,0.0,0.0
input8000_rate2p5_reuse00_seed1,NEAREST_KV,38,0.0,0.0
input8000_rate2p5_reuse00_seed1,NEAREST_KV,40,0.0,0.0
input8000_rate2p5_reuse00_seed1,NEAREST_KV,66,0.0,0.0
input8000_rate2p5_reuse00_seed1,NEAREST_KV,68,0.0,0.0
input8000_rate2p5_reuse00_seed1,NEAREST_KV,75,0.0,0.0
input8000_rate2p5_reuse00_seed1,NEAREST_KV,98,0.0,0.0
input8000_rate2p5_reuse00_seed1,NEAREST_KV,85,0.0,0.0
input8000_rate2p5_reuse00_seed1,NEAREST_KV,93,0.0,0.0
input8000_rate2p5_reuse00_seed1,NEAREST_KV,120,0.0,0.0
input8000_rate2p5_reuse00_seed1,NEAREST_KV,123,0.0,0.0
input8000_rate2p5_reuse00_seed1,NEAREST_KV,124,0.0,0.0
input8000_rate2p5_reuse00_seed1,NEAREST_KV,129,0.0,0.0
input8000_rate2p5_reuse00_seed1,NEAREST_KV,133,0.0,0.0
input8000_rate2p5_reuse00_seed1,NEAREST_KV,128,0.0,0.0
input8000_rate2p5_reuse00_seed1,NEAREST_KV,163,0.0,0.0
input8000_rate2p5_reuse00_seed1,NEAREST_KV,147,0.0,0.0
input8000_rate2p5_reuse00_seed1,NEAREST_KV,164,0.0,0.0
input8000_rate2p5_reuse00_seed1,NEAREST_KV,165,0.0,0.0
input8000_rate2p5_reuse00_seed1,NEAREST_KV,187,0.0,0.0
input8000_rate2p5_reuse00_seed1,NEAREST_KV,202,0.0,0.0
input8000_rate2p5_reuse00_seed1,NEAREST_KV,209,0.0,0.0
input8000_rate2p5_reuse00_seed1,NEAREST_KV,197,0.0,0.0
input8000_rate2p5_reuse00_seed1,NEAREST_KV,226,0.0,0.0
input8000_rate2p5_reuse00_seed1,NEAREST_KV,217,0.0,0.0
input8000_rate2p5_reuse00_seed1,NEAREST_KV,218,0.0,0.0
input8000_rate2p5_reuse00_seed1,NEAREST_KV,221,0.0,0.0
input8000_rate2p5_reuse00_seed1,NEAREST_KV,229,0.0,0.0
input8000_rate2p5_reuse00_seed1,NEAREST_KV,230,0.0,0.0
input8000_rate2p5_reuse00_seed1,NEAREST_KV,236,0.0,0.0
input8000_rate2p5_reuse00_seed1,NEAREST_KV,235,0.0,0.0
input8000_rate2p5_reuse00_seed1,NEAREST_KV,241,0.0,0.0
input8000_rate2p5_reuse00_seed1,NEAREST_KV,248,0.0,0.0
input8000_rate2p5_reuse00_seed1,NEAREST_KV,249,0.0,0.0
input8000_rate2p5_reuse00_seed1,NEAREST_KV,256,0.0,0.0
input8000_rate2p5_reuse00_seed1,NEAREST_KV,254,0.0,0.0
input8000_rate2p5_reuse00_seed1,NEAREST_KV,258,0.0,0.0
input8000_rate2p5_reuse00_seed1,NEAREST_KV,269,0.0,0.0
input8000_rate2p5_reuse00_seed1,NEAREST_KV,262,0.0,0.0
input8000_rate2p5_reuse00_seed1,NEAREST_KV,278,0.0,0.0
input8000_rate2p5_reuse00_seed1,NEAREST_KV,291,0.0,0.0
input8000_rate2p5_reuse00_seed1,NEAREST_KV,290,0.0,0.0
input8000_rate2p5_reuse00_seed1,NEAREST_KV,280,0.0,0.0
input8000_rate2p5_reuse00_seed1,NEAREST_KV,298,0.0,0.0
input8000_rate2p5_reuse00_seed1,NEAREST_KV,4,0.0,0.0
input8000_rate2p5_reuse00_seed1,NEAREST_KV,22,0.0,0.0
input8000_rate2p5_reuse00_seed1,NEAREST_KV,28,0.0,0.0
input8000_rate2p5_reuse00_seed1,NEAREST_KV,36,0.0,0.0
input8000_rate2p5_reuse00_seed1,NEAREST_KV,46,0.0,0.0
input8000_rate2p5_reuse00_seed1,NEAREST_KV,32,0.0,0.0
input8000_rate2p5_reuse00_seed1,NEAREST_KV,51,0.0,0.0
input8000_rate2p5_reuse00_seed1,NEAREST_KV,54,0.0,0.0
input8000_rate2p5_reuse00_seed1,NEAREST_KV,80,0.0,0.0
input8000_rate2p5_reuse00_seed1,NEAREST_KV,94,0.0,0.0
input8000_rate2p5_reuse00_seed1,NEAREST_KV,81,0.0,0.0
input8000_rate2p5_reuse00_seed1,NEAREST_KV,115,0.0,0.0
input8000_rate2p5_reuse00_seed1,NEAREST_KV,136,0.0,0.0
input8000_rate2p5_reuse00_seed1,NEAREST_KV,137,0.0,0.0
input8000_rate2p5_reuse00_seed1,NEAREST_KV,152,0.0,0.0
input8000_rate2p5_reuse00_seed1,NEAREST_KV,185,0.0,0.0
input8000_rate2p5_reuse00_seed1,NEAREST_KV,191,0.0,0.0
input8000_rate2p5_reuse00_seed1,NEAREST_KV,168,0.0,0.0
input8000_rate2p5_reuse00_seed1,NEAREST_KV,178,0.0,0.0
input8000_rate2p5_reuse00_seed1,NEAREST_KV,207,0.0,0.0
input8000_rate2p5_reuse00_seed1,NEAREST_KV,225,0.0,0.0
input8000_rate2p5_reuse00_seed1,NEAREST_KV,243,0.0,0.0
input8000_rate2p5_reuse00_seed1,NEAREST_KV,266,0.0,0.0
input8000_rate2p5_reuse00_seed1,NEAREST_KV,252,0.0,0.0
input8000_rate2p5_reuse00_seed1,NEAREST_KV,289,0.0,0.0
input8000_rate2p5_reuse00_seed1,NEAREST_KV,19,0.0,0.0
input8000_rate2p5_reuse00_seed1,NEAREST_KV,23,0.0,0.0
input8000_rate2p5_reuse00_seed1,NEAREST_KV,24,0.0,0.0
input8000_rate2p5_reuse00_seed1,NEAREST_KV,21,0.0,0.0
input8000_rate2p5_reuse00_seed1,NEAREST_KV,57,0.0,0.0
input8000_rate2p5_reuse00_seed1,NEAREST_KV,37,0.0,0.0
input8000_rate2p5_reuse00_seed1,NEAREST_KV,42,0.0,0.0
input8000_rate2p5_reuse00_seed1,NEAREST_KV,60,0.0,0.0
input8000_rate2p5_reuse00_seed1,NEAREST_KV,79,0.0,0.0
input8000_rate2p5_reuse00_seed1,NEAREST_KV,70,0.0,0.0
input8000_rate2p5_reuse00_seed1,NEAREST_KV,72,0.0,0.0
input8000_rate2p5_reuse00_seed1,NEAREST_KV,84,0.0,0.0
input8000_rate2p5_reuse00_seed1,NEAREST_KV,95,0.0,0.0
input8000_rate2p5_reuse00_seed1,NEAREST_KV,112,0.0,0.0
input8000_rate2p5_reuse00_seed1,NEAREST_KV,111,0.0,0.0
input8000_rate2p5_reuse00_seed1,NEAREST_KV,117,0.0,0.0
input8000_rate2p5_reuse00_seed1,NEAREST_KV,139,0.0,0.0
input8000_rate2p5_reuse00_seed1,NEAREST_KV,167,0.0,0.0
input8000_rate2p5_reuse00_seed1,NEAREST_KV,158,0.0,0.0
input8000_rate2p5_reuse00_seed1,NEAREST_KV,193,0.0,0.0
input8000_rate2p5_reuse00_seed1,NEAREST_KV,201,0.0,0.0
input8000_rate2p5_reuse00_seed1,NEAREST_KV,203,0.0,0.0
input8000_rate2p5_reuse00_seed1,NEAREST_KV,247,0.0,0.0
input8000_rate2p5_reuse00_seed1,NEAREST_KV,277,0.0,0.0
input8000_rate2p5_reuse00_seed1,NEAREST_KV,271,0.0,0.0
input8000_rate2p5_reuse00_seed1,NEAREST_KV,281,0.0,0.0
input8000_rate2p5_reuse00_seed1,NEAREST_KV,265,0.0,0.0
input8000_rate2p5_reuse00_seed1,NEAREST_KV,276,0.0,0.0
input8000_rate2p5_reuse00_seed1,NEAREST_KV,297,0.0,0.0
input8000_rate2p5_reuse00_seed1,NEAREST_KV,286,0.0,0.0
input8000_rate2p5_reuse00_seed1,NEAREST_KV,12,0.0,0.0
input8000_rate2p5_reuse00_seed1,NEAREST_KV,29,0.0,0.0
input8000_rate2p5_reuse00_seed1,NEAREST_KV,34,0.0,0.0
input8000_rate2p5_reuse00_seed1,NEAREST_KV,55,0.0,0.0
input8000_rate2p5_reuse00_seed1,NEAREST_KV,62,0.0,0.0
input8000_rate2p5_reuse00_seed1,NEAREST_KV,82,0.0,0.0
input8000_rate2p5_reuse00_seed1,NEAREST_KV,96,0.0,0.0
input8000_rate2p5_reuse00_seed1,NEAREST_KV,119,0.0,0.0
input8000_rate2p5_reuse00_seed1,NEAREST_KV,108,0.0,0.0
input8000_rate2p5_reuse00_seed1,NEAREST_KV,138,0.0,0.0
input8000_rate2p5_reuse00_seed1,NEAREST_KV,179,0.0,0.0
input8000_rate2p5_reuse00_seed1,NEAREST_KV,160,0.0,0.0
input8000_rate2p5_reuse00_seed1,NEAREST_KV,189,0.0,0.0
input8000_rate2p5_reuse00_seed1,NEAREST_KV,196,0.0,0.0
input8000_rate2p5_reuse00_seed1,NEAREST_KV,195,0.0,0.0
input8000_rate2p5_reuse00_seed1,NEAREST_KV,184,0.0,0.0
input8000_rate2p5_reuse00_seed1,NEAREST_KV,206,0.0,0.0
input8000_rate2p5_reuse00_seed1,NEAREST_KV,200,0.0,0.0
input8000_rate2p5_reuse00_seed1,NEAREST_KV,213,0.0,0.0
input8000_rate2p5_reuse00_seed1,NEAREST_KV,232,0.0,0.0
input8000_rate2p5_reuse00_seed1,NEAREST_KV,234,0.0,0.0
input8000_rate2p5_reuse00_seed1,NEAREST_KV,224,0.0,0.0
input8000_rate2p5_reuse00_seed1,NEAREST_KV,257,0.0,0.0
input8000_rate2p5_reuse00_seed1,NEAREST_KV,279,0.0,0.0
input8000_rate2p5_reuse00_seed1,NEAREST_KV,245,0.0,0.0
input8000_rate2p5_reuse00_seed1,NEAREST_KV,288,0.0,0.0
input8000_rate2p5_reuse00_seed1,NEAREST_KV,283,0.0,0.0
input8000_rate2p5_reuse00_seed1,NEAREST_KV,294,0.0,0.0
input8000_rate2p5_reuse00_seed1,NEAREST_KV,292,0.0,0.0
input8000_rate2p5_reuse00_seed1,NEAREST_KV,15,0.0,0.0
input8000_rate2p5_reuse00_seed1,NEAREST_KV,20,0.0,0.0
input8000_rate2p5_reuse00_seed1,NEAREST_KV,17,0.0,0.0
input8000_rate2p5_reuse00_seed1,NEAREST_KV,2,0.0,0.0
input8000_rate2p5_reuse00_seed1,NEAREST_KV,8,0.0,0.0
input8000_rate2p5_reuse00_seed1,NEAREST_KV,52,0.0,0.0
input8000_rate2p5_reuse00_seed1,NEAREST_KV,45,0.0,0.0
input8000_rate2p5_reuse00_seed1,NEAREST_KV,63,0.0,0.0
input8000_rate2p5_reuse00_seed1,NEAREST_KV,78,0.0,0.0
input8000_rate2p5_reuse00_seed1,NEAREST_KV,102,0.0,0.0
input8000_rate2p5_reuse00_seed1,NEAREST_KV,99,0.0,0.0
input8000_rate2p5_reuse00_seed1,NEAREST_KV,90,0.0,0.0
input8000_rate2p5_reuse00_seed1,NEAREST_KV,122,0.0,0.0
input8000_rate2p5_reuse00_seed1,NEAREST_KV,121,0.0,0.0
input8000_rate2p5_reuse00_seed1,NEAREST_KV,130,0.0,0.0
input8000_rate2p5_reuse00_seed1,NEAREST_KV,140,0.0,0.0
input8000_rate2p5_reuse00_seed1,NEAREST_KV,183,0.0,0.0
input8000_rate2p5_reuse00_seed1,NEAREST_KV,177,0.0,0.0
input8000_rate2p5_reuse00_seed1,NEAREST_KV,188,0.0,0.0
input8000_rate2p5_reuse00_seed1,NEAREST_KV,211,0.0,0.0
input8000_rate2p5_reuse00_seed1,NEAREST_KV,204,0.0,0.0
input8000_rate2p5_reuse00_seed1,NEAREST_KV,216,0.0,0.0
input8000_rate2p5_reuse00_seed1,NEAREST_KV,227,0.0,0.0
input8000_rate2p5_reuse00_seed1,NEAREST_KV,214,0.0,0.0
input8000_rate2p5_reuse00_seed1,NEAREST_KV,255,0.0,0.0
input8000_rate2p5_reuse00_seed1,NEAREST_KV,237,0.0,0.0
input8000_rate2p5_reuse00_seed1,NEAREST_KV,274,0.0,0.0
input8000_rate2p5_reuse00_seed1,NEAREST_KV,250,0.0,0.0
input8000_rate2p5_reuse00_seed1,NEAREST_KV,264,0.0,0.0
input8000_rate2p5_reuse00_seed1,NEAREST_KV,295,0.0,0.0
input8000_rate2p5_reuse00_seed1,NEAREST_KV,1,0.0,0.0
input8000_rate2p5_reuse00_seed1,NEAREST_KV,11,0.0,0.0
input8000_rate2p5_reuse00_seed1,NEAREST_KV,30,0.0,0.0
input8000_rate2p5_reuse00_seed1,NEAREST_KV,31,0.0,0.0
input8000_rate2p5_reuse00_seed1,NEAREST_KV,48,0.0,0.0
input8000_rate2p5_reuse00_seed1,NEAREST_KV,59,0.0,0.0
input8000_rate2p5_reuse00_seed1,NEAREST_KV,56,0.0,0.0
input8000_rate2p5_reuse00_seed1,NEAREST_KV,58,0.0,0.0
input8000_rate2p5_reuse00_seed1,NEAREST_KV,83,0.0,0.0
input8000_rate2p5_reuse00_seed1,NEAREST_KV,97,0.0,0.0
input8000_rate2p5_reuse00_seed1,NEAREST_KV,86,0.0,0.0
input8000_rate2p5_reuse00_seed1,NEAREST_KV,107,0.0,0.0
input8000_rate2p5_reuse00_seed1,NEAREST_KV,149,0.0,0.0
input8000_rate2p5_reuse00_seed1,NEAREST_KV,145,0.0,0.0
input8000_rate2p5_reuse00_seed1,NEAREST_KV,154,0.0,0.0
input8000_rate2p5_reuse00_seed1,NEAREST_KV,170,0.0,0.0
input8000_rate2p5_reuse00_seed1,NEAREST_KV,175,0.0,0.0
input8000_rate2p5_reuse00_seed1,NEAREST_KV,198,0.0,0.0
input8000_rate2p5_reuse00_seed1,NEAREST_KV,186,0.0,0.0
input8000_rate2p5_reuse00_seed1,NEAREST_KV,208,0.0,0.0
input8000_rate2p5_reuse00_seed1,NEAREST_KV,199,0.0,0.0
input8000_rate2p5_reuse00_seed1,NEAREST_KV,242,0.0,0.0
input8000_rate2p5_reuse00_seed1,NEAREST_KV,240,0.0,0.0
input8000_rate2p5_reuse00_seed1,NEAREST_KV,228,0.0,0.0
input8000_rate2p5_reuse00_seed1,NEAREST_KV,263,0.0,0.0
input8000_rate2p5_reuse00_seed1,NEAREST_KV,284,0.0,0.0
input8000_rate2p5_reuse00_seed1,NEAREST_MIGRATE,5,0.0,0.0
input8000_rate2p5_reuse00_seed1,NEAREST_MIGRATE,7,0.0,0.0
input8000_rate2p5_reuse00_seed1,NEAREST_MIGRATE,39,0.0,0.0
input8000_rate2p5_reuse00_seed1,NEAREST_MIGRATE,35,0.0,0.0
input8000_rate2p5_reuse00_seed1,NEAREST_MIGRATE,71,0.0,0.0
input8000_rate2p5_reuse00_seed1,NEAREST_MIGRATE,74,0.0,0.0
input8000_rate2p5_reuse00_seed1,NEAREST_MIGRATE,92,0.0,0.0
input8000_rate2p5_reuse00_seed1,NEAREST_MIGRATE,105,0.0,0.0
input8000_rate2p5_reuse00_seed1,NEAREST_MIGRATE,109,0.0,0.0
input8000_rate2p5_reuse00_seed1,NEAREST_MIGRATE,114,0.0,0.0
input8000_rate2p5_reuse00_seed1,NEAREST_MIGRATE,104,0.0,0.0
input8000_rate2p5_reuse00_seed1,NEAREST_MIGRATE,144,0.0,0.0
input8000_rate2p5_reuse00_seed1,NEAREST_MIGRATE,171,0.0,0.0
input8000_rate2p5_reuse00_seed1,NEAREST_MIGRATE,155,0.0,0.0
input8000_rate2p5_reuse00_seed1,NEAREST_MIGRATE,181,0.0,0.0
input8000_rate2p5_reuse00_seed1,NEAREST_MIGRATE,146,0.0,0.0
input8000_rate2p5_reuse00_seed1,NEAREST_MIGRATE,166,0.0,0.0
input8000_rate2p5_reuse00_seed1,NEAREST_MIGRATE,169,0.0,0.0
input8000_rate2p5_reuse00_seed1,NEAREST_MIGRATE,173,0.0,0.0
input8000_rate2p5_reuse00_seed1,NEAREST_MIGRATE,215,0.0,0.0
input8000_rate2p5_reuse00_seed1,NEAREST_MIGRATE,238,0.0,0.0
input8000_rate2p5_reuse00_seed1,NEAREST_MIGRATE,239,0.0,0.0
input8000_rate2p5_reuse00_seed1,NEAREST_MIGRATE,253,0.0,0.0
input8000_rate2p5_reuse00_seed1,NEAREST_MIGRATE,272,0.0,0.0
input8000_rate2p5_reuse00_seed1,NEAREST_MIGRATE,270,0.0,0.0
input8000_rate2p5_reuse00_seed1,NEAREST_MIGRATE,275,0.0,0.0
input8000_rate2p5_reuse00_seed1,NEAREST_MIGRATE,296,0.0,0.0
input8000_rate2p5_reuse00_seed1,NEAREST_MIGRATE,14,0.0,0.0
input8000_rate2p5_reuse00_seed1,NEAREST_MIGRATE,18,0.0,0.0
input8000_rate2p5_reuse00_seed1,NEAREST_MIGRATE,33,0.0,0.0
input8000_rate2p5_reuse00_seed1,NEAREST_MIGRATE,50,0.0,0.0
input8000_rate2p5_reuse00_seed1,NEAREST_MIGRATE,41,0.0,0.0
input8000_rate2p5_reuse00_seed1,NEAREST_MIGRATE,49,0.0,0.0
input8000_rate2p5_reuse00_seed1,NEAREST_MIGRATE,73,0.0,0.0
input8000_rate2p5_reuse00_seed1,NEAREST_MIGRATE,88,0.0,0.0
input8000_rate2p5_reuse00_seed1,NEAREST_MIGRATE,76,0.0,0.0
input8000_rate2p5_reuse00_seed1,NEAREST_MIGRATE,87,0.0,0.0
input8000_rate2p5_reuse00_seed1,NEAREST_MIGRATE,89,0.0,0.0
input8000_rate2p5_reuse00_seed1,NEAREST_MIGRATE,126,0.0,0.0
input8000_rate2p5_reuse00_seed1,NEAREST_MIGRATE,113,0.0,0.0
input8000_rate2p5_reuse00_seed1,NEAREST_MIGRATE,132,0.0,0.0
input8000_rate2p5_reuse00_seed1,NEAREST_MIGRATE,141,0.0,0.0
input8000_rate2p5_reuse00_seed1,NEAREST_MIGRATE,156,0.0,0.0
input8000_rate2p5_reuse00_seed1,NEAREST_MIGRATE,150,0.0,0.0
input8000_rate2p5_reuse00_seed1,NEAREST_MIGRATE,174,0.0,0.0
input8000_rate2p5_reuse00_seed1,NEAREST_MIGRATE,190,0.0,0.0
input8000_rate2p5_reuse00_seed1,NEAREST_MIGRATE,180,0.0,0.0
input8000_rate2p5_reuse00_seed1,NEAREST_MIGRATE,223,0.0,0.0
input8000_rate2p5_reuse00_seed1,NEAREST_MIGRATE,210,0.0,0.0
input8000_rate2p5_reuse00_seed1,NEAREST_MIGRATE,231,0.0,0.0
input8000_rate2p5_reuse00_seed1,NEAREST_MIGRATE,233,0.0,0.0
input8000_rate2p5_reuse00_seed1,NEAREST_MIGRATE,246,0.0,0.0
input8000_rate2p5_reuse00_seed1,NEAREST_MIGRATE,251,0.0,0.0
input8000_rate2p5_reuse00_seed1,NEAREST_MIGRATE,261,0.0,0.0
input8000_rate2p5_reuse00_seed1,NEAREST_MIGRATE,299,0.0,0.0
input8000_rate2p5_reuse00_seed1,NEAREST_MIGRATE,69,0.0,0.0
input8000_rate2p5_reuse00_seed1,NEAREST_MIGRATE,64,0.0,0.0
input8000_rate2p5_reuse00_seed1,NEAREST_MIGRATE,91,0.0,0.0
input8000_rate2p5_reuse00_seed1,NEAREST_MIGRATE,103,0.0,0.0
input8000_rate2p5_reuse00_seed1,NEAREST_MIGRATE,106,0.0,0.0
input8000_rate2p5_reuse00_seed1,NEAREST_MIGRATE,116,0.0,0.0
input8000_rate2p5_reuse00_seed1,NEAREST_MIGRATE,131,0.0,0.0
input8000_rate2p5_reuse00_seed1,NEAREST_MIGRATE,125,0.0,0.0
input8000_rate2p5_reuse00_seed1,NEAREST_MIGRATE,143,0.0,0.0
input8000_rate2p5_reuse00_seed1,NEAREST_MIGRATE,151,0.0,0.0
input8000_rate2p5_reuse00_seed1,NEAREST_MIGRATE,157,0.0,0.0
input8000_rate2p5_reuse00_seed1,NEAREST_MIGRATE,192,0.0,0.0
input8000_rate2p5_reuse00_seed1,NEAREST_MIGRATE,212,0.0,0.0
input8000_rate2p5_reuse00_seed1,NEAREST_MIGRATE,205,0.0,0.0
input8000_rate2p5_reuse00_seed1,NEAREST_MIGRATE,219,0.0,0.0
input8000_rate2p5_reuse00_seed1,NEAREST_MIGRATE,244,0.0,0.0
input8000_rate2p5_reuse00_seed1,NEAREST_MIGRATE,259,0.0,0.0
input8000_rate2p5_reuse00_seed1,NEAREST_MIGRATE,267,0.0,0.0
input8000_rate2p5_reuse00_seed1,NEAREST_MIGRATE,268,0.0,0.0
input8000_rate2p5_reuse00_seed1,NEAREST_MIGRATE,287,0.0,0.0
input8000_rate2p5_reuse00_seed1,NEAREST_MIGRATE,285,0.0,0.0
input8000_rate2p5_reuse00_seed1,NEAREST_MIGRATE,293,0.0,0.0
input8000_rate2p5_reuse00_seed1,NEAREST_MIGRATE,10,0.0,0.0
input8000_rate2p5_reuse00_seed1,NEAREST_MIGRATE,13,0.0,0.0
input8000_rate2p5_reuse00_seed1,NEAREST_MIGRATE,0,0.0,0.0
input8000_rate2p5_reuse00_seed1,NEAREST_MIGRATE,16,0.0,0.0
input8000_rate2p5_reuse00_seed1,NEAREST_MIGRATE,43,0.0,0.0
input8000_rate2p5_reuse00_seed1,NEAREST_MIGRATE,53,0.0,0.0
input8000_rate2p5_reuse00_seed1,NEAREST_MIGRATE,44,0.0,0.0
input8000_rate2p5_reuse00_seed1,NEAREST_MIGRATE,47,0.0,0.0
input8000_rate2p5_reuse00_seed1,NEAREST_MIGRATE,61,0.0,0.0
input8000_rate2p5_reuse00_seed1,NEAREST_MIGRATE,77,0.0,0.0
input8000_rate2p5_reuse00_seed1,NEAREST_MIGRATE,65,0.0,0.0
input8000_rate2p5_reuse00_seed1,NEAREST_MIGRATE,67,0.0,0.0
input8000_rate2p5_reuse00_seed1,NEAREST_MIGRATE,118,0.0,0.0
input8000_rate2p5_reuse00_seed1,NEAREST_MIGRATE,100,0.0,0.0
input8000_rate2p5_reuse00_seed1,NEAREST_MIGRATE,127,0.0,0.0
input8000_rate2p5_reuse00_seed1,NEAREST_MIGRATE,110,0.0,0.0
input8000_rate2p5_reuse00_seed1,NEAREST_MIGRATE,148,0.0,0.0
input8000_rate2p5_reuse00_seed1,NEAREST_MIGRATE,135,0.0,0.0
input8000_rate2p5_reuse00_seed1,NEAREST_MIGRATE,134,0.0,0.0
input8000_rate2p5_reuse00_seed1,NEAREST_MIGRATE,142,0.0,0.0
input8000_rate2p5_reuse00_seed1,NEAREST_MIGRATE,176,0.0,0.0
input8000_rate2p5_reuse00_seed1,NEAREST_MIGRATE,172,0.0,0.0
input8000_rate2p5_reuse00_seed1,NEAREST_MIGRATE,182,0.0,0.0
input8000_rate2p5_reuse00_seed1,NEAREST_MIGRATE,222,0.0,0.0
input8000_rate2p5_reuse00_seed1,NEAREST_MIGRATE,220,0.0,0.0
input8000_rate2p5_reuse00_seed1,NEAREST_MIGRATE,260,0.0,0.0
input8000_rate2p5_reuse00_seed1,NEAREST_MIGRATE,273,0.0,0.0
input8000_rate2p5_reuse00_seed1,NEAREST_MIGRATE,282,0.0,0.0
input8000_rate2p5_reuse00_seed1,NEAREST_MIGRATE,9,0.0,0.0
input8000_rate2p5_reuse00_seed1,NEAREST_MIGRATE,6,0.0,0.0
input8000_rate2p5_reuse00_seed1,NEAREST_MIGRATE,3,0.0,0.0
input8000_rate2p5_reuse00_seed1,NEAREST_MIGRATE,25,0.0,0.0
input8000_rate2p5_reuse00_seed1,NEAREST_MIGRATE,26,0.0,0.0
input8000_rate2p5_reuse00_seed1,NEAREST_MIGRATE,27,0.0,0.0
input8000_rate2p5_reuse00_seed1,NEAREST_MIGRATE,38,0.0,0.0
input8000_rate2p5_reuse00_seed1,NEAREST_MIGRATE,40,0.0,0.0
input8000_rate2p5_reuse00_seed1,NEAREST_MIGRATE,66,0.0,0.0
input8000_rate2p5_reuse00_seed1,NEAREST_MIGRATE,68,0.0,0.0
input8000_rate2p5_reuse00_seed1,NEAREST_MIGRATE,75,0.0,0.0
input8000_rate2p5_reuse00_seed1,NEAREST_MIGRATE,98,0.0,0.0
input8000_rate2p5_reuse00_seed1,NEAREST_MIGRATE,85,0.0,0.0
input8000_rate2p5_reuse00_seed1,NEAREST_MIGRATE,93,0.0,0.0
input8000_rate2p5_reuse00_seed1,NEAREST_MIGRATE,120,0.0,0.0
input8000_rate2p5_reuse00_seed1,NEAREST_MIGRATE,101,0.0,0.0
input8000_rate2p5_reuse00_seed1,NEAREST_MIGRATE,129,0.0,0.0
input8000_rate2p5_reuse00_seed1,NEAREST_MIGRATE,161,0.0,0.0
input8000_rate2p5_reuse00_seed1,NEAREST_MIGRATE,147,0.0,0.0
input8000_rate2p5_reuse00_seed1,NEAREST_MIGRATE,162,0.0,0.0
input8000_rate2p5_reuse00_seed1,NEAREST_MIGRATE,153,0.0,0.0
input8000_rate2p5_reuse00_seed1,NEAREST_MIGRATE,159,0.0,0.0
input8000_rate2p5_reuse00_seed1,NEAREST_MIGRATE,187,0.0,0.0
input8000_rate2p5_reuse00_seed1,NEAREST_MIGRATE,194,0.0,0.0
input8000_rate2p5_reuse00_seed1,NEAREST_MIGRATE,202,0.0,0.0
input8000_rate2p5_reuse00_seed1,NEAREST_MIGRATE,209,0.0,0.0
input8000_rate2p5_reuse00_seed1,NEAREST_MIGRATE,218,0.0,0.0
input8000_rate2p5_reuse00_seed1,NEAREST_MIGRATE,217,0.0,0.0
input8000_rate2p5_reuse00_seed1,NEAREST_MIGRATE,236,0.0,0.0
input8000_rate2p5_reuse00_seed1,NEAREST_MIGRATE,235,0.0,0.0
input8000_rate2p5_reuse00_seed1,NEAREST_MIGRATE,249,0.0,0.0
input8000_rate2p5_reuse00_seed1,NEAREST_MIGRATE,248,0.0,0.0
input8000_rate2p5_reuse00_seed1,NEAREST_MIGRATE,241,0.0,0.0
input8000_rate2p5_reuse00_seed1,NEAREST_MIGRATE,278,0.0,0.0
input8000_rate2p5_reuse00_seed1,NEAREST_MIGRATE,280,0.0,0.0
input8000_rate2p5_reuse00_seed1,NEAREST_MIGRATE,4,0.0,0.0
input8000_rate2p5_reuse00_seed1,NEAREST_MIGRATE,22,0.0,0.0
input8000_rate2p5_reuse00_seed1,NEAREST_MIGRATE,28,0.0,0.0
input8000_rate2p5_reuse00_seed1,NEAREST_MIGRATE,36,0.0,0.0
input8000_rate2p5_reuse00_seed1,NEAREST_MIGRATE,46,0.0,0.0
input8000_rate2p5_reuse00_seed1,NEAREST_MIGRATE,32,0.0,0.0
input8000_rate2p5_reuse00_seed1,NEAREST_MIGRATE,51,0.0,0.0
input8000_rate2p5_reuse00_seed1,NEAREST_MIGRATE,54,0.0,0.0
input8000_rate2p5_reuse00_seed1,NEAREST_MIGRATE,80,0.0,0.0
input8000_rate2p5_reuse00_seed1,NEAREST_MIGRATE,94,0.0,0.0
input8000_rate2p5_reuse00_seed1,NEAREST_MIGRATE,95,0.0,0.0
input8000_rate2p5_reuse00_seed1,NEAREST_MIGRATE,81,0.0,0.0
input8000_rate2p5_reuse00_seed1,NEAREST_MIGRATE,124,0.0,0.0
input8000_rate2p5_reuse00_seed1,NEAREST_MIGRATE,123,0.0,0.0
input8000_rate2p5_reuse00_seed1,NEAREST_MIGRATE,133,0.0,0.0
input8000_rate2p5_reuse00_seed1,NEAREST_MIGRATE,115,0.0,0.0
input8000_rate2p5_reuse00_seed1,NEAREST_MIGRATE,128,0.0,0.0
input8000_rate2p5_reuse00_seed1,NEAREST_MIGRATE,163,0.0,0.0
input8000_rate2p5_reuse00_seed1,NEAREST_MIGRATE,152,0.0,0.0
input8000_rate2p5_reuse00_seed1,NEAREST_MIGRATE,165,0.0,0.0
input8000_rate2p5_reuse00_seed1,NEAREST_MIGRATE,164,0.0,0.0
input8000_rate2p5_reuse00_seed1,NEAREST_MIGRATE,197,0.0,0.0
input8000_rate2p5_reuse00_seed1,NEAREST_MIGRATE,186,0.0,0.0
input8000_rate2p5_reuse00_seed1,NEAREST_MIGRATE,199,0.0,0.0
input8000_rate2p5_reuse00_seed1,NEAREST_MIGRATE,207,0.0,0.0
input8000_rate2p5_reuse00_seed1,NEAREST_MIGRATE,226,0.0,0.0
input8000_rate2p5_reuse00_seed1,NEAREST_MIGRATE,230,0.0,0.0
input8000_rate2p5_reuse00_seed1,NEAREST_MIGRATE,229,0.0,0.0
input8000_rate2p5_reuse00_seed1,NEAREST_MIGRATE,221,0.0,0.0
input8000_rate2p5_reuse00_seed1,NEAREST_MIGRATE,256,0.0,0.0
input8000_rate2p5_reuse00_seed1,NEAREST_MIGRATE,254,0.0,0.0
input8000_rate2p5_reuse00_seed1,NEAREST_MIGRATE,258,0.0,0.0
input8000_rate2p5_reuse00_seed1,NEAREST_MIGRATE,262,0.0,0.0
input8000_rate2p5_reuse00_seed1,NEAREST_MIGRATE,269,0.0,0.0
input8000_rate2p5_reuse00_seed1,NEAREST_MIGRATE,264,0.0,0.0
input8000_rate2p5_reuse00_seed1,NEAREST_MIGRATE,290,0.0,0.0
input8000_rate2p5_reuse00_seed1,NEAREST_MIGRATE,291,0.0,0.0
input8000_rate2p5_reuse00_seed1,NEAREST_MIGRATE,298,0.0,0.0
input8000_rate2p5_reuse00_seed1,NEAREST_MIGRATE,19,0.0,0.0
input8000_rate2p5_reuse00_seed1,NEAREST_MIGRATE,23,0.0,0.0
input8000_rate2p5_reuse00_seed1,NEAREST_MIGRATE,24,0.0,0.0
input8000_rate2p5_reuse00_seed1,NEAREST_MIGRATE,21,0.0,0.0
input8000_rate2p5_reuse00_seed1,NEAREST_MIGRATE,57,0.0,0.0
input8000_rate2p5_reuse00_seed1,NEAREST_MIGRATE,37,0.0,0.0
input8000_rate2p5_reuse00_seed1,NEAREST_MIGRATE,42,0.0,0.0
input8000_rate2p5_reuse00_seed1,NEAREST_MIGRATE,60,0.0,0.0
input8000_rate2p5_reuse00_seed1,NEAREST_MIGRATE,79,0.0,0.0
input8000_rate2p5_reuse00_seed1,NEAREST_MIGRATE,70,0.0,0.0
input8000_rate2p5_reuse00_seed1,NEAREST_MIGRATE,72,0.0,0.0
input8000_rate2p5_reuse00_seed1,NEAREST_MIGRATE,84,0.0,0.0
input8000_rate2p5_reuse00_seed1,NEAREST_MIGRATE,112,0.0,0.0
input8000_rate2p5_reuse00_seed1,NEAREST_MIGRATE,111,0.0,0.0
input8000_rate2p5_reuse00_seed1,NEAREST_MIGRATE,117,0.0,0.0
input8000_rate2p5_reuse00_seed1,NEAREST_MIGRATE,139,0.0,0.0
input8000_rate2p5_reuse00_seed1,NEAREST_MIGRATE,167,0.0,0.0
input8000_rate2p5_reuse00_seed1,NEAREST_MIGRATE,158,0.0,0.0
input8000_rate2p5_reuse00_seed1,NEAREST_MIGRATE,193,0.0,0.0
input8000_rate2p5_reuse00_seed1,NEAREST_MIGRATE,201,0.0,0.0
input8000_rate2p5_reuse00_seed1,NEAREST_MIGRATE,203,0.0,0.0
input8000_rate2p5_reuse00_seed1,NEAREST_MIGRATE,247,0.0,0.0
input8000_rate2p5_reuse00_seed1,NEAREST_MIGRATE,277,0.0,0.0
input8000_rate2p5_reuse00_seed1,NEAREST_MIGRATE,271,0.0,0.0
input8000_rate2p5_reuse00_seed1,NEAREST_MIGRATE,281,0.0,0.0
input8000_rate2p5_reuse00_seed1,NEAREST_MIGRATE,265,0.0,0.0
input8000_rate2p5_reuse00_seed1,NEAREST_MIGRATE,276,0.0,0.0
input8000_rate2p5_reuse00_seed1,NEAREST_MIGRATE,297,0.0,0.0
input8000_rate2p5_reuse00_seed1,NEAREST_MIGRATE,286,0.0,0.0
input8000_rate2p5_reuse00_seed1,NEAREST_MIGRATE,12,0.0,0.0
input8000_rate2p5_reuse00_seed1,NEAREST_MIGRATE,29,0.0,0.0
input8000_rate2p5_reuse00_seed1,NEAREST_MIGRATE,34,0.0,0.0
input8000_rate2p5_reuse00_seed1,NEAREST_MIGRATE,55,0.0,0.0
input8000_rate2p5_reuse00_seed1,NEAREST_MIGRATE,62,0.0,0.0
input8000_rate2p5_reuse00_seed1,NEAREST_MIGRATE,82,0.0,0.0
input8000_rate2p5_reuse00_seed1,NEAREST_MIGRATE,96,0.0,0.0
input8000_rate2p5_reuse00_seed1,NEAREST_MIGRATE,119,0.0,0.0
input8000_rate2p5_reuse00_seed1,NEAREST_MIGRATE,108,0.0,0.0
input8000_rate2p5_reuse00_seed1,NEAREST_MIGRATE,138,0.0,0.0
input8000_rate2p5_reuse00_seed1,NEAREST_MIGRATE,179,0.0,0.0
input8000_rate2p5_reuse00_seed1,NEAREST_MIGRATE,160,0.0,0.0
input8000_rate2p5_reuse00_seed1,NEAREST_MIGRATE,196,0.0,0.0
input8000_rate2p5_reuse00_seed1,NEAREST_MIGRATE,189,0.0,0.0
input8000_rate2p5_reuse00_seed1,NEAREST_MIGRATE,195,0.0,0.0
input8000_rate2p5_reuse00_seed1,NEAREST_MIGRATE,184,0.0,0.0
input8000_rate2p5_reuse00_seed1,NEAREST_MIGRATE,188,0.0,0.0
input8000_rate2p5_reuse00_seed1,NEAREST_MIGRATE,206,0.0,0.0
input8000_rate2p5_reuse00_seed1,NEAREST_MIGRATE,232,0.0,0.0
input8000_rate2p5_reuse00_seed1,NEAREST_MIGRATE,216,0.0,0.0
input8000_rate2p5_reuse00_seed1,NEAREST_MIGRATE,204,0.0,0.0
input8000_rate2p5_reuse00_seed1,NEAREST_MIGRATE,224,0.0,0.0
input8000_rate2p5_reuse00_seed1,NEAREST_MIGRATE,227,0.0,0.0
input8000_rate2p5_reuse00_seed1,NEAREST_MIGRATE,257,0.0,0.0
input8000_rate2p5_reuse00_seed1,NEAREST_MIGRATE,245,0.0,0.0
input8000_rate2p5_reuse00_seed1,NEAREST_MIGRATE,279,0.0,0.0
input8000_rate2p5_reuse00_seed1,NEAREST_MIGRATE,274,0.0,0.0
input8000_rate2p5_reuse00_seed1,NEAREST_MIGRATE,15,0.0,0.0
input8000_rate2p5_reuse00_seed1,NEAREST_MIGRATE,20,0.0,0.0
input8000_rate2p5_reuse00_seed1,NEAREST_MIGRATE,17,0.0,0.0
input8000_rate2p5_reuse00_seed1,NEAREST_MIGRATE,2,0.0,0.0
input8000_rate2p5_reuse00_seed1,NEAREST_MIGRATE,8,0.0,0.0
input8000_rate2p5_reuse00_seed1,NEAREST_MIGRATE,52,0.0,0.0
input8000_rate2p5_reuse00_seed1,NEAREST_MIGRATE,45,0.0,0.0
input8000_rate2p5_reuse00_seed1,NEAREST_MIGRATE,63,0.0,0.0
input8000_rate2p5_reuse00_seed1,NEAREST_MIGRATE,78,0.0,0.0
input8000_rate2p5_reuse00_seed1,NEAREST_MIGRATE,102,0.0,0.0
input8000_rate2p5_reuse00_seed1,NEAREST_MIGRATE,99,0.0,0.0
input8000_rate2p5_reuse00_seed1,NEAREST_MIGRATE,90,0.0,0.0
input8000_rate2p5_reuse00_seed1,NEAREST_MIGRATE,122,0.0,0.0
input8000_rate2p5_reuse00_seed1,NEAREST_MIGRATE,121,0.0,0.0
input8000_rate2p5_reuse00_seed1,NEAREST_MIGRATE,130,0.0,0.0
input8000_rate2p5_reuse00_seed1,NEAREST_MIGRATE,137,0.0,0.0
input8000_rate2p5_reuse00_seed1,NEAREST_MIGRATE,140,0.0,0.0
input8000_rate2p5_reuse00_seed1,NEAREST_MIGRATE,183,0.0,0.0
input8000_rate2p5_reuse00_seed1,NEAREST_MIGRATE,191,0.0,0.0
input8000_rate2p5_reuse00_seed1,NEAREST_MIGRATE,168,0.0,0.0
input8000_rate2p5_reuse00_seed1,NEAREST_MIGRATE,198,0.0,0.0
input8000_rate2p5_reuse00_seed1,NEAREST_MIGRATE,177,0.0,0.0
input8000_rate2p5_reuse00_seed1,NEAREST_MIGRATE,211,0.0,0.0
input8000_rate2p5_reuse00_seed1,NEAREST_MIGRATE,200,0.0,0.0
input8000_rate2p5_reuse00_seed1,NEAREST_MIGRATE,214,0.0,0.0
input8000_rate2p5_reuse00_seed1,NEAREST_MIGRATE,213,0.0,0.0
input8000_rate2p5_reuse00_seed1,NEAREST_MIGRATE,234,0.0,0.0
input8000_rate2p5_reuse00_seed1,NEAREST_MIGRATE,255,0.0,0.0
input8000_rate2p5_reuse00_seed1,NEAREST_MIGRATE,237,0.0,0.0
input8000_rate2p5_reuse00_seed1,NEAREST_MIGRATE,250,0.0,0.0
input8000_rate2p5_reuse00_seed1,NEAREST_MIGRATE,243,0.0,0.0
input8000_rate2p5_reuse00_seed1,NEAREST_MIGRATE,283,0.0,0.0
input8000_rate2p5_reuse00_seed1,NEAREST_MIGRATE,288,0.0,0.0
input8000_rate2p5_reuse00_seed1,NEAREST_MIGRATE,295,0.0,0.0
input8000_rate2p5_reuse00_seed1,NEAREST_MIGRATE,289,0.0,0.0
input8000_rate2p5_reuse00_seed1,NEAREST_MIGRATE,292,0.0,0.0
input8000_rate2p5_reuse00_seed1,NEAREST_MIGRATE,294,0.0,0.0
input8000_rate2p5_reuse00_seed1,NEAREST_MIGRATE,1,0.0,0.0
input8000_rate2p5_reuse00_seed1,NEAREST_MIGRATE,11,0.0,0.0
input8000_rate2p5_reuse00_seed1,NEAREST_MIGRATE,30,0.0,0.0
input8000_rate2p5_reuse00_seed1,NEAREST_MIGRATE,31,0.0,0.0
input8000_rate2p5_reuse00_seed1,NEAREST_MIGRATE,48,0.0,0.0
input8000_rate2p5_reuse00_seed1,NEAREST_MIGRATE,59,0.0,0.0
input8000_rate2p5_reuse00_seed1,NEAREST_MIGRATE,56,0.0,0.0
input8000_rate2p5_reuse00_seed1,NEAREST_MIGRATE,58,0.0,0.0
input8000_rate2p5_reuse00_seed1,NEAREST_MIGRATE,83,0.0,0.0
input8000_rate2p5_reuse00_seed1,NEAREST_MIGRATE,97,0.0,0.0
input8000_rate2p5_reuse00_seed1,NEAREST_MIGRATE,86,0.0,0.0
input8000_rate2p5_reuse00_seed1,NEAREST_MIGRATE,107,0.0,0.0
input8000_rate2p5_reuse00_seed1,NEAREST_MIGRATE,149,0.0,0.0
input8000_rate2p5_reuse00_seed1,NEAREST_MIGRATE,145,0.0,0.0
input8000_rate2p5_reuse00_seed1,NEAREST_MIGRATE,136,0.0,0.0
input8000_rate2p5_reuse00_seed1,NEAREST_MIGRATE,154,0.0,0.0
input8000_rate2p5_reuse00_seed1,NEAREST_MIGRATE,170,0.0,0.0
input8000_rate2p5_reuse00_seed1,NEAREST_MIGRATE,185,0.0,0.0
input8000_rate2p5_reuse00_seed1,NEAREST_MIGRATE,175,0.0,0.0
input8000_rate2p5_reuse00_seed1,NEAREST_MIGRATE,178,0.0,0.0
input8000_rate2p5_reuse00_seed1,NEAREST_MIGRATE,208,0.0,0.0
input8000_rate2p5_reuse00_seed1,NEAREST_MIGRATE,242,0.0,0.0
input8000_rate2p5_reuse00_seed1,NEAREST_MIGRATE,240,0.0,0.0
input8000_rate2p5_reuse00_seed1,NEAREST_MIGRATE,228,0.0,0.0
input8000_rate2p5_reuse00_seed1,NEAREST_MIGRATE,225,0.0,0.0
input8000_rate2p5_reuse00_seed1,NEAREST_MIGRATE,266,0.0,0.0
input8000_rate2p5_reuse00_seed1,NEAREST_MIGRATE,252,0.0,0.0
input8000_rate2p5_reuse00_seed1,NEAREST_MIGRATE,263,0.0,0.0
input8000_rate2p5_reuse00_seed1,NEAREST_MIGRATE,284,0.0,0.0
input8000_rate2p5_reuse00_seed1,NEAREST_MIGRATE_KV,5,0.0,0.0
input8000_rate2p5_reuse00_seed1,NEAREST_MIGRATE_KV,7,0.0,0.0
input8000_rate2p5_reuse00_seed1,NEAREST_MIGRATE_KV,39,0.0,0.0
input8000_rate2p5_reuse00_seed1,NEAREST_MIGRATE_KV,35,0.0,0.0
input8000_rate2p5_reuse00_seed1,NEAREST_MIGRATE_KV,71,0.0,0.0
input8000_rate2p5_reuse00_seed1,NEAREST_MIGRATE_KV,74,0.0,0.0
input8000_rate2p5_reuse00_seed1,NEAREST_MIGRATE_KV,92,0.0,0.0
input8000_rate2p5_reuse00_seed1,NEAREST_MIGRATE_KV,105,0.0,0.0
input8000_rate2p5_reuse00_seed1,NEAREST_MIGRATE_KV,109,0.0,0.0
input8000_rate2p5_reuse00_seed1,NEAREST_MIGRATE_KV,114,0.0,0.0
input8000_rate2p5_reuse00_seed1,NEAREST_MIGRATE_KV,104,0.0,0.0
input8000_rate2p5_reuse00_seed1,NEAREST_MIGRATE_KV,144,0.0,0.0
input8000_rate2p5_reuse00_seed1,NEAREST_MIGRATE_KV,171,0.0,0.0
input8000_rate2p5_reuse00_seed1,NEAREST_MIGRATE_KV,155,0.0,0.0
input8000_rate2p5_reuse00_seed1,NEAREST_MIGRATE_KV,181,0.0,0.0
input8000_rate2p5_reuse00_seed1,NEAREST_MIGRATE_KV,146,0.0,0.0
input8000_rate2p5_reuse00_seed1,NEAREST_MIGRATE_KV,166,0.0,0.0
input8000_rate2p5_reuse00_seed1,NEAREST_MIGRATE_KV,169,0.0,0.0
input8000_rate2p5_reuse00_seed1,NEAREST_MIGRATE_KV,173,0.0,0.0
input8000_rate2p5_reuse00_seed1,NEAREST_MIGRATE_KV,215,0.0,0.0
input8000_rate2p5_reuse00_seed1,NEAREST_MIGRATE_KV,238,0.0,0.0
input8000_rate2p5_reuse00_seed1,NEAREST_MIGRATE_KV,239,0.0,0.0
input8000_rate2p5_reuse00_seed1,NEAREST_MIGRATE_KV,253,0.0,0.0
input8000_rate2p5_reuse00_seed1,NEAREST_MIGRATE_KV,272,0.0,0.0
input8000_rate2p5_reuse00_seed1,NEAREST_MIGRATE_KV,270,0.0,0.0
input8000_rate2p5_reuse00_seed1,NEAREST_MIGRATE_KV,275,0.0,0.0
input8000_rate2p5_reuse00_seed1,NEAREST_MIGRATE_KV,296,0.0,0.0
input8000_rate2p5_reuse00_seed1,NEAREST_MIGRATE_KV,14,0.0,0.0
input8000_rate2p5_reuse00_seed1,NEAREST_MIGRATE_KV,18,0.0,0.0
input8000_rate2p5_reuse00_seed1,NEAREST_MIGRATE_KV,33,0.0,0.0
input8000_rate2p5_reuse00_seed1,NEAREST_MIGRATE_KV,50,0.0,0.0
input8000_rate2p5_reuse00_seed1,NEAREST_MIGRATE_KV,41,0.0,0.0
input8000_rate2p5_reuse00_seed1,NEAREST_MIGRATE_KV,49,0.0,0.0
input8000_rate2p5_reuse00_seed1,NEAREST_MIGRATE_KV,73,0.0,0.0
input8000_rate2p5_reuse00_seed1,NEAREST_MIGRATE_KV,88,0.0,0.0
input8000_rate2p5_reuse00_seed1,NEAREST_MIGRATE_KV,76,0.0,0.0
input8000_rate2p5_reuse00_seed1,NEAREST_MIGRATE_KV,87,0.0,0.0
input8000_rate2p5_reuse00_seed1,NEAREST_MIGRATE_KV,89,0.0,0.0
input8000_rate2p5_reuse00_seed1,NEAREST_MIGRATE_KV,126,0.0,0.0
input8000_rate2p5_reuse00_seed1,NEAREST_MIGRATE_KV,113,0.0,0.0
input8000_rate2p5_reuse00_seed1,NEAREST_MIGRATE_KV,132,0.0,0.0
input8000_rate2p5_reuse00_seed1,NEAREST_MIGRATE_KV,141,0.0,0.0
input8000_rate2p5_reuse00_seed1,NEAREST_MIGRATE_KV,156,0.0,0.0
input8000_rate2p5_reuse00_seed1,NEAREST_MIGRATE_KV,150,0.0,0.0
input8000_rate2p5_reuse00_seed1,NEAREST_MIGRATE_KV,174,0.0,0.0
input8000_rate2p5_reuse00_seed1,NEAREST_MIGRATE_KV,190,0.0,0.0
input8000_rate2p5_reuse00_seed1,NEAREST_MIGRATE_KV,180,0.0,0.0
input8000_rate2p5_reuse00_seed1,NEAREST_MIGRATE_KV,223,0.0,0.0
input8000_rate2p5_reuse00_seed1,NEAREST_MIGRATE_KV,210,0.0,0.0
input8000_rate2p5_reuse00_seed1,NEAREST_MIGRATE_KV,231,0.0,0.0
input8000_rate2p5_reuse00_seed1,NEAREST_MIGRATE_KV,233,0.0,0.0
input8000_rate2p5_reuse00_seed1,NEAREST_MIGRATE_KV,246,0.0,0.0
input8000_rate2p5_reuse00_seed1,NEAREST_MIGRATE_KV,251,0.0,0.0
input8000_rate2p5_reuse00_seed1,NEAREST_MIGRATE_KV,261,0.0,0.0
input8000_rate2p5_reuse00_seed1,NEAREST_MIGRATE_KV,299,0.0,0.0
input8000_rate2p5_reuse00_seed1,NEAREST_MIGRATE_KV,69,0.0,0.0
input8000_rate2p5_reuse00_seed1,NEAREST_MIGRATE_KV,64,0.0,0.0
input8000_rate2p5_reuse00_seed1,NEAREST_MIGRATE_KV,91,0.0,0.0
input8000_rate2p5_reuse00_seed1,NEAREST_MIGRATE_KV,103,0.0,0.0
input8000_rate2p5_reuse00_seed1,NEAREST_MIGRATE_KV,106,0.0,0.0
input8000_rate2p5_reuse00_seed1,NEAREST_MIGRATE_KV,116,0.0,0.0
input8000_rate2p5_reuse00_seed1,NEAREST_MIGRATE_KV,131,0.0,0.0
input8000_rate2p5_reuse00_seed1,NEAREST_MIGRATE_KV,125,0.0,0.0
input8000_rate2p5_reuse00_seed1,NEAREST_MIGRATE_KV,143,0.0,0.0
input8000_rate2p5_reuse00_seed1,NEAREST_MIGRATE_KV,151,0.0,0.0
input8000_rate2p5_reuse00_seed1,NEAREST_MIGRATE_KV,157,0.0,0.0
input8000_rate2p5_reuse00_seed1,NEAREST_MIGRATE_KV,192,0.0,0.0
input8000_rate2p5_reuse00_seed1,NEAREST_MIGRATE_KV,212,0.0,0.0
input8000_rate2p5_reuse00_seed1,NEAREST_MIGRATE_KV,205,0.0,0.0
input8000_rate2p5_reuse00_seed1,NEAREST_MIGRATE_KV,219,0.0,0.0
input8000_rate2p5_reuse00_seed1,NEAREST_MIGRATE_KV,244,0.0,0.0
input8000_rate2p5_reuse00_seed1,NEAREST_MIGRATE_KV,259,0.0,0.0
input8000_rate2p5_reuse00_seed1,NEAREST_MIGRATE_KV,267,0.0,0.0
input8000_rate2p5_reuse00_seed1,NEAREST_MIGRATE_KV,268,0.0,0.0
input8000_rate2p5_reuse00_seed1,NEAREST_MIGRATE_KV,287,0.0,0.0
input8000_rate2p5_reuse00_seed1,NEAREST_MIGRATE_KV,285,0.0,0.0
input8000_rate2p5_reuse00_seed1,NEAREST_MIGRATE_KV,293,0.0,0.0
input8000_rate2p5_reuse00_seed1,NEAREST_MIGRATE_KV,10,0.0,0.0
input8000_rate2p5_reuse00_seed1,NEAREST_MIGRATE_KV,13,0.0,0.0
input8000_rate2p5_reuse00_seed1,NEAREST_MIGRATE_KV,0,0.0,0.0
input8000_rate2p5_reuse00_seed1,NEAREST_MIGRATE_KV,16,0.0,0.0
input8000_rate2p5_reuse00_seed1,NEAREST_MIGRATE_KV,43,0.0,0.0
input8000_rate2p5_reuse00_seed1,NEAREST_MIGRATE_KV,53,0.0,0.0
input8000_rate2p5_reuse00_seed1,NEAREST_MIGRATE_KV,44,0.0,0.0
input8000_rate2p5_reuse00_seed1,NEAREST_MIGRATE_KV,47,0.0,0.0
input8000_rate2p5_reuse00_seed1,NEAREST_MIGRATE_KV,61,0.0,0.0
input8000_rate2p5_reuse00_seed1,NEAREST_MIGRATE_KV,77,0.0,0.0
input8000_rate2p5_reuse00_seed1,NEAREST_MIGRATE_KV,65,0.0,0.0
input8000_rate2p5_reuse00_seed1,NEAREST_MIGRATE_KV,67,0.0,0.0
input8000_rate2p5_reuse00_seed1,NEAREST_MIGRATE_KV,118,0.0,0.0
input8000_rate2p5_reuse00_seed1,NEAREST_MIGRATE_KV,100,0.0,0.0
input8000_rate2p5_reuse00_seed1,NEAREST_MIGRATE_KV,127,0.0,0.0
input8000_rate2p5_reuse00_seed1,NEAREST_MIGRATE_KV,110,0.0,0.0
input8000_rate2p5_reuse00_seed1,NEAREST_MIGRATE_KV,148,0.0,0.0
input8000_rate2p5_reuse00_seed1,NEAREST_MIGRATE_KV,135,0.0,0.0
input8000_rate2p5_reuse00_seed1,NEAREST_MIGRATE_KV,134,0.0,0.0
input8000_rate2p5_reuse00_seed1,NEAREST_MIGRATE_KV,142,0.0,0.0
input8000_rate2p5_reuse00_seed1,NEAREST_MIGRATE_KV,176,0.0,0.0
input8000_rate2p5_reuse00_seed1,NEAREST_MIGRATE_KV,172,0.0,0.0
input8000_rate2p5_reuse00_seed1,NEAREST_MIGRATE_KV,182,0.0,0.0
input8000_rate2p5_reuse00_seed1,NEAREST_MIGRATE_KV,222,0.0,0.0
input8000_rate2p5_reuse00_seed1,NEAREST_MIGRATE_KV,220,0.0,0.0
input8000_rate2p5_reuse00_seed1,NEAREST_MIGRATE_KV,260,0.0,0.0
input8000_rate2p5_reuse00_seed1,NEAREST_MIGRATE_KV,273,0.0,0.0
input8000_rate2p5_reuse00_seed1,NEAREST_MIGRATE_KV,282,0.0,0.0
input8000_rate2p5_reuse00_seed1,NEAREST_MIGRATE_KV,9,0.0,0.0
input8000_rate2p5_reuse00_seed1,NEAREST_MIGRATE_KV,6,0.0,0.0
input8000_rate2p5_reuse00_seed1,NEAREST_MIGRATE_KV,3,0.0,0.0
input8000_rate2p5_reuse00_seed1,NEAREST_MIGRATE_KV,25,0.0,0.0
input8000_rate2p5_reuse00_seed1,NEAREST_MIGRATE_KV,26,0.0,0.0
input8000_rate2p5_reuse00_seed1,NEAREST_MIGRATE_KV,27,0.0,0.0
input8000_rate2p5_reuse00_seed1,NEAREST_MIGRATE_KV,38,0.0,0.0
input8000_rate2p5_reuse00_seed1,NEAREST_MIGRATE_KV,40,0.0,0.0
input8000_rate2p5_reuse00_seed1,NEAREST_MIGRATE_KV,66,0.0,0.0
input8000_rate2p5_reuse00_seed1,NEAREST_MIGRATE_KV,68,0.0,0.0
input8000_rate2p5_reuse00_seed1,NEAREST_MIGRATE_KV,75,0.0,0.0
input8000_rate2p5_reuse00_seed1,NEAREST_MIGRATE_KV,98,0.0,0.0
input8000_rate2p5_reuse00_seed1,NEAREST_MIGRATE_KV,85,0.0,0.0
input8000_rate2p5_reuse00_seed1,NEAREST_MIGRATE_KV,93,0.0,0.0
input8000_rate2p5_reuse00_seed1,NEAREST_MIGRATE_KV,120,0.0,0.0
input8000_rate2p5_reuse00_seed1,NEAREST_MIGRATE_KV,101,0.0,0.0
input8000_rate2p5_reuse00_seed1,NEAREST_MIGRATE_KV,129,0.0,0.0
input8000_rate2p5_reuse00_seed1,NEAREST_MIGRATE_KV,161,0.0,0.0
input8000_rate2p5_reuse00_seed1,NEAREST_MIGRATE_KV,147,0.0,0.0
input8000_rate2p5_reuse00_seed1,NEAREST_MIGRATE_KV,162,0.0,0.0
input8000_rate2p5_reuse00_seed1,NEAREST_MIGRATE_KV,153,0.0,0.0
input8000_rate2p5_reuse00_seed1,NEAREST_MIGRATE_KV,159,0.0,0.0
input8000_rate2p5_reuse00_seed1,NEAREST_MIGRATE_KV,187,0.0,0.0
input8000_rate2p5_reuse00_seed1,NEAREST_MIGRATE_KV,194,0.0,0.0
input8000_rate2p5_reuse00_seed1,NEAREST_MIGRATE_KV,202,0.0,0.0
input8000_rate2p5_reuse00_seed1,NEAREST_MIGRATE_KV,209,0.0,0.0
input8000_rate2p5_reuse00_seed1,NEAREST_MIGRATE_KV,218,0.0,0.0
input8000_rate2p5_reuse00_seed1,NEAREST_MIGRATE_KV,217,0.0,0.0
input8000_rate2p5_reuse00_seed1,NEAREST_MIGRATE_KV,236,0.0,0.0
input8000_rate2p5_reuse00_seed1,NEAREST_MIGRATE_KV,235,0.0,0.0
input8000_rate2p5_reuse00_seed1,NEAREST_MIGRATE_KV,249,0.0,0.0
input8000_rate2p5_reuse00_seed1,NEAREST_MIGRATE_KV,248,0.0,0.0
input8000_rate2p5_reuse00_seed1,NEAREST_MIGRATE_KV,241,0.0,0.0
input8000_rate2p5_reuse00_seed1,NEAREST_MIGRATE_KV,278,0.0,0.0
input8000_rate2p5_reuse00_seed1,NEAREST_MIGRATE_KV,280,0.0,0.0
input8000_rate2p5_reuse00_seed1,NEAREST_MIGRATE_KV,4,0.0,0.0
input8000_rate2p5_reuse00_seed1,NEAREST_MIGRATE_KV,22,0.0,0.0
input8000_rate2p5_reuse00_seed1,NEAREST_MIGRATE_KV,28,0.0,0.0
input8000_rate2p5_reuse00_seed1,NEAREST_MIGRATE_KV,36,0.0,0.0
input8000_rate2p5_reuse00_seed1,NEAREST_MIGRATE_KV,46,0.0,0.0
input8000_rate2p5_reuse00_seed1,NEAREST_MIGRATE_KV,32,0.0,0.0
input8000_rate2p5_reuse00_seed1,NEAREST_MIGRATE_KV,51,0.0,0.0
input8000_rate2p5_reuse00_seed1,NEAREST_MIGRATE_KV,54,0.0,0.0
input8000_rate2p5_reuse00_seed1,NEAREST_MIGRATE_KV,80,0.0,0.0
input8000_rate2p5_reuse00_seed1,NEAREST_MIGRATE_KV,94,0.0,0.0
input8000_rate2p5_reuse00_seed1,NEAREST_MIGRATE_KV,95,0.0,0.0
input8000_rate2p5_reuse00_seed1,NEAREST_MIGRATE_KV,81,0.0,0.0
input8000_rate2p5_reuse00_seed1,NEAREST_MIGRATE_KV,124,0.0,0.0
input8000_rate2p5_reuse00_seed1,NEAREST_MIGRATE_KV,123,0.0,0.0
input8000_rate2p5_reuse00_seed1,NEAREST_MIGRATE_KV,133,0.0,0.0
input8000_rate2p5_reuse00_seed1,NEAREST_MIGRATE_KV,115,0.0,0.0
input8000_rate2p5_reuse00_seed1,NEAREST_MIGRATE_KV,128,0.0,0.0
input8000_rate2p5_reuse00_seed1,NEAREST_MIGRATE_KV,163,0.0,0.0
input8000_rate2p5_reuse00_seed1,NEAREST_MIGRATE_KV,152,0.0,0.0
input8000_rate2p5_reuse00_seed1,NEAREST_MIGRATE_KV,165,0.0,0.0
input8000_rate2p5_reuse00_seed1,NEAREST_MIGRATE_KV,164,0.0,0.0
input8000_rate2p5_reuse00_seed1,NEAREST_MIGRATE_KV,197,0.0,0.0
input8000_rate2p5_reuse00_seed1,NEAREST_MIGRATE_KV,186,0.0,0.0
input8000_rate2p5_reuse00_seed1,NEAREST_MIGRATE_KV,199,0.0,0.0
input8000_rate2p5_reuse00_seed1,NEAREST_MIGRATE_KV,207,0.0,0.0
input8000_rate2p5_reuse00_seed1,NEAREST_MIGRATE_KV,226,0.0,0.0
input8000_rate2p5_reuse00_seed1,NEAREST_MIGRATE_KV,230,0.0,0.0
input8000_rate2p5_reuse00_seed1,NEAREST_MIGRATE_KV,229,0.0,0.0
input8000_rate2p5_reuse00_seed1,NEAREST_MIGRATE_KV,221,0.0,0.0
input8000_rate2p5_reuse00_seed1,NEAREST_MIGRATE_KV,256,0.0,0.0
input8000_rate2p5_reuse00_seed1,NEAREST_MIGRATE_KV,254,0.0,0.0
input8000_rate2p5_reuse00_seed1,NEAREST_MIGRATE_KV,258,0.0,0.0
input8000_rate2p5_reuse00_seed1,NEAREST_MIGRATE_KV,262,0.0,0.0
input8000_rate2p5_reuse00_seed1,NEAREST_MIGRATE_KV,269,0.0,0.0
input8000_rate2p5_reuse00_seed1,NEAREST_MIGRATE_KV,264,0.0,0.0
input8000_rate2p5_reuse00_seed1,NEAREST_MIGRATE_KV,290,0.0,0.0
input8000_rate2p5_reuse00_seed1,NEAREST_MIGRATE_KV,291,0.0,0.0
input8000_rate2p5_reuse00_seed1,NEAREST_MIGRATE_KV,298,0.0,0.0
input8000_rate2p5_reuse00_seed1,NEAREST_MIGRATE_KV,19,0.0,0.0
input8000_rate2p5_reuse00_seed1,NEAREST_MIGRATE_KV,23,0.0,0.0
input8000_rate2p5_reuse00_seed1,NEAREST_MIGRATE_KV,24,0.0,0.0
input8000_rate2p5_reuse00_seed1,NEAREST_MIGRATE_KV,21,0.0,0.0
input8000_rate2p5_reuse00_seed1,NEAREST_MIGRATE_KV,57,0.0,0.0
input8000_rate2p5_reuse00_seed1,NEAREST_MIGRATE_KV,37,0.0,0.0
input8000_rate2p5_reuse00_seed1,NEAREST_MIGRATE_KV,42,0.0,0.0
input8000_rate2p5_reuse00_seed1,NEAREST_MIGRATE_KV,60,0.0,0.0
input8000_rate2p5_reuse00_seed1,NEAREST_MIGRATE_KV,79,0.0,0.0
input8000_rate2p5_reuse00_seed1,NEAREST_MIGRATE_KV,70,0.0,0.0
input8000_rate2p5_reuse00_seed1,NEAREST_MIGRATE_KV,72,0.0,0.0
input8000_rate2p5_reuse00_seed1,NEAREST_MIGRATE_KV,84,0.0,0.0
input8000_rate2p5_reuse00_seed1,NEAREST_MIGRATE_KV,112,0.0,0.0
input8000_rate2p5_reuse00_seed1,NEAREST_MIGRATE_KV,111,0.0,0.0
input8000_rate2p5_reuse00_seed1,NEAREST_MIGRATE_KV,117,0.0,0.0
input8000_rate2p5_reuse00_seed1,NEAREST_MIGRATE_KV,139,0.0,0.0
input8000_rate2p5_reuse00_seed1,NEAREST_MIGRATE_KV,167,0.0,0.0
input8000_rate2p5_reuse00_seed1,NEAREST_MIGRATE_KV,158,0.0,0.0
input8000_rate2p5_reuse00_seed1,NEAREST_MIGRATE_KV,193,0.0,0.0
input8000_rate2p5_reuse00_seed1,NEAREST_MIGRATE_KV,201,0.0,0.0
input8000_rate2p5_reuse00_seed1,NEAREST_MIGRATE_KV,203,0.0,0.0
input8000_rate2p5_reuse00_seed1,NEAREST_MIGRATE_KV,247,0.0,0.0
input8000_rate2p5_reuse00_seed1,NEAREST_MIGRATE_KV,277,0.0,0.0
input8000_rate2p5_reuse00_seed1,NEAREST_MIGRATE_KV,271,0.0,0.0
input8000_rate2p5_reuse00_seed1,NEAREST_MIGRATE_KV,281,0.0,0.0
input8000_rate2p5_reuse00_seed1,NEAREST_MIGRATE_KV,265,0.0,0.0
input8000_rate2p5_reuse00_seed1,NEAREST_MIGRATE_KV,276,0.0,0.0
input8000_rate2p5_reuse00_seed1,NEAREST_MIGRATE_KV,297,0.0,0.0
input8000_rate2p5_reuse00_seed1,NEAREST_MIGRATE_KV,286,0.0,0.0
input8000_rate2p5_reuse00_seed1,NEAREST_MIGRATE_KV,12,0.0,0.0
input8000_rate2p5_reuse00_seed1,NEAREST_MIGRATE_KV,29,0.0,0.0
input8000_rate2p5_reuse00_seed1,NEAREST_MIGRATE_KV,34,0.0,0.0
input8000_rate2p5_reuse00_seed1,NEAREST_MIGRATE_KV,55,0.0,0.0
input8000_rate2p5_reuse00_seed1,NEAREST_MIGRATE_KV,62,0.0,0.0
input8000_rate2p5_reuse00_seed1,NEAREST_MIGRATE_KV,82,0.0,0.0
input8000_rate2p5_reuse00_seed1,NEAREST_MIGRATE_KV,96,0.0,0.0
input8000_rate2p5_reuse00_seed1,NEAREST_MIGRATE_KV,119,0.0,0.0
input8000_rate2p5_reuse00_seed1,NEAREST_MIGRATE_KV,108,0.0,0.0
input8000_rate2p5_reuse00_seed1,NEAREST_MIGRATE_KV,138,0.0,0.0
input8000_rate2p5_reuse00_seed1,NEAREST_MIGRATE_KV,179,0.0,0.0
input8000_rate2p5_reuse00_seed1,NEAREST_MIGRATE_KV,160,0.0,0.0
input8000_rate2p5_reuse00_seed1,NEAREST_MIGRATE_KV,196,0.0,0.0
input8000_rate2p5_reuse00_seed1,NEAREST_MIGRATE_KV,189,0.0,0.0
input8000_rate2p5_reuse00_seed1,NEAREST_MIGRATE_KV,195,0.0,0.0
input8000_rate2p5_reuse00_seed1,NEAREST_MIGRATE_KV,184,0.0,0.0
input8000_rate2p5_reuse00_seed1,NEAREST_MIGRATE_KV,188,0.0,0.0
input8000_rate2p5_reuse00_seed1,NEAREST_MIGRATE_KV,206,0.0,0.0
input8000_rate2p5_reuse00_seed1,NEAREST_MIGRATE_KV,232,0.0,0.0
input8000_rate2p5_reuse00_seed1,NEAREST_MIGRATE_KV,216,0.0,0.0
input8000_rate2p5_reuse00_seed1,NEAREST_MIGRATE_KV,204,0.0,0.0
input8000_rate2p5_reuse00_seed1,NEAREST_MIGRATE_KV,224,0.0,0.0
input8000_rate2p5_reuse00_seed1,NEAREST_MIGRATE_KV,227,0.0,0.0
input8000_rate2p5_reuse00_seed1,NEAREST_MIGRATE_KV,257,0.0,0.0
input8000_rate2p5_reuse00_seed1,NEAREST_MIGRATE_KV,245,0.0,0.0
input8000_rate2p5_reuse00_seed1,NEAREST_MIGRATE_KV,279,0.0,0.0
input8000_rate2p5_reuse00_seed1,NEAREST_MIGRATE_KV,274,0.0,0.0
input8000_rate2p5_reuse00_seed1,NEAREST_MIGRATE_KV,15,0.0,0.0
input8000_rate2p5_reuse00_seed1,NEAREST_MIGRATE_KV,20,0.0,0.0
input8000_rate2p5_reuse00_seed1,NEAREST_MIGRATE_KV,17,0.0,0.0
input8000_rate2p5_reuse00_seed1,NEAREST_MIGRATE_KV,2,0.0,0.0
input8000_rate2p5_reuse00_seed1,NEAREST_MIGRATE_KV,8,0.0,0.0
input8000_rate2p5_reuse00_seed1,NEAREST_MIGRATE_KV,52,0.0,0.0
input8000_rate2p5_reuse00_seed1,NEAREST_MIGRATE_KV,45,0.0,0.0
input8000_rate2p5_reuse00_seed1,NEAREST_MIGRATE_KV,63,0.0,0.0
input8000_rate2p5_reuse00_seed1,NEAREST_MIGRATE_KV,78,0.0,0.0
input8000_rate2p5_reuse00_seed1,NEAREST_MIGRATE_KV,102,0.0,0.0
input8000_rate2p5_reuse00_seed1,NEAREST_MIGRATE_KV,99,0.0,0.0
input8000_rate2p5_reuse00_seed1,NEAREST_MIGRATE_KV,90,0.0,0.0
input8000_rate2p5_reuse00_seed1,NEAREST_MIGRATE_KV,122,0.0,0.0
input8000_rate2p5_reuse00_seed1,NEAREST_MIGRATE_KV,121,0.0,0.0
input8000_rate2p5_reuse00_seed1,NEAREST_MIGRATE_KV,130,0.0,0.0
input8000_rate2p5_reuse00_seed1,NEAREST_MIGRATE_KV,137,0.0,0.0
input8000_rate2p5_reuse00_seed1,NEAREST_MIGRATE_KV,140,0.0,0.0
input8000_rate2p5_reuse00_seed1,NEAREST_MIGRATE_KV,183,0.0,0.0
input8000_rate2p5_reuse00_seed1,NEAREST_MIGRATE_KV,191,0.0,0.0
input8000_rate2p5_reuse00_seed1,NEAREST_MIGRATE_KV,168,0.0,0.0
input8000_rate2p5_reuse00_seed1,NEAREST_MIGRATE_KV,198,0.0,0.0
input8000_rate2p5_reuse00_seed1,NEAREST_MIGRATE_KV,177,0.0,0.0
input8000_rate2p5_reuse00_seed1,NEAREST_MIGRATE_KV,211,0.0,0.0
input8000_rate2p5_reuse00_seed1,NEAREST_MIGRATE_KV,200,0.0,0.0
input8000_rate2p5_reuse00_seed1,NEAREST_MIGRATE_KV,214,0.0,0.0
input8000_rate2p5_reuse00_seed1,NEAREST_MIGRATE_KV,213,0.0,0.0
input8000_rate2p5_reuse00_seed1,NEAREST_MIGRATE_KV,234,0.0,0.0
input8000_rate2p5_reuse00_seed1,NEAREST_MIGRATE_KV,255,0.0,0.0
input8000_rate2p5_reuse00_seed1,NEAREST_MIGRATE_KV,237,0.0,0.0
input8000_rate2p5_reuse00_seed1,NEAREST_MIGRATE_KV,250,0.0,0.0
input8000_rate2p5_reuse00_seed1,NEAREST_MIGRATE_KV,243,0.0,0.0
input8000_rate2p5_reuse00_seed1,NEAREST_MIGRATE_KV,283,0.0,0.0
input8000_rate2p5_reuse00_seed1,NEAREST_MIGRATE_KV,288,0.0,0.0
input8000_rate2p5_reuse00_seed1,NEAREST_MIGRATE_KV,295,0.0,0.0
input8000_rate2p5_reuse00_seed1,NEAREST_MIGRATE_KV,289,0.0,0.0
input8000_rate2p5_reuse00_seed1,NEAREST_MIGRATE_KV,292,0.0,0.0
input8000_rate2p5_reuse00_seed1,NEAREST_MIGRATE_KV,294,0.0,0.0
input8000_rate2p5_reuse00_seed1,NEAREST_MIGRATE_KV,1,0.0,0.0
input8000_rate2p5_reuse00_seed1,NEAREST_MIGRATE_KV,11,0.0,0.0
input8000_rate2p5_reuse00_seed1,NEAREST_MIGRATE_KV,30,0.0,0.0
input8000_rate2p5_reuse00_seed1,NEAREST_MIGRATE_KV,31,0.0,0.0
input8000_rate2p5_reuse00_seed1,NEAREST_MIGRATE_KV,48,0.0,0.0
input8000_rate2p5_reuse00_seed1,NEAREST_MIGRATE_KV,59,0.0,0.0
input8000_rate2p5_reuse00_seed1,NEAREST_MIGRATE_KV,56,0.0,0.0
input8000_rate2p5_reuse00_seed1,NEAREST_MIGRATE_KV,58,0.0,0.0
input8000_rate2p5_reuse00_seed1,NEAREST_MIGRATE_KV,83,0.0,0.0
input8000_rate2p5_reuse00_seed1,NEAREST_MIGRATE_KV,97,0.0,0.0
input8000_rate2p5_reuse00_seed1,NEAREST_MIGRATE_KV,86,0.0,0.0
input8000_rate2p5_reuse00_seed1,NEAREST_MIGRATE_KV,107,0.0,0.0
input8000_rate2p5_reuse00_seed1,NEAREST_MIGRATE_KV,149,0.0,0.0
input8000_rate2p5_reuse00_seed1,NEAREST_MIGRATE_KV,145,0.0,0.0
input8000_rate2p5_reuse00_seed1,NEAREST_MIGRATE_KV,136,0.0,0.0
input8000_rate2p5_reuse00_seed1,NEAREST_MIGRATE_KV,154,0.0,0.0
input8000_rate2p5_reuse00_seed1,NEAREST_MIGRATE_KV,170,0.0,0.0
input8000_rate2p5_reuse00_seed1,NEAREST_MIGRATE_KV,185,0.0,0.0
input8000_rate2p5_reuse00_seed1,NEAREST_MIGRATE_KV,175,0.0,0.0
input8000_rate2p5_reuse00_seed1,NEAREST_MIGRATE_KV,178,0.0,0.0
input8000_rate2p5_reuse00_seed1,NEAREST_MIGRATE_KV,208,0.0,0.0
input8000_rate2p5_reuse00_seed1,NEAREST_MIGRATE_KV,242,0.0,0.0
input8000_rate2p5_reuse00_seed1,NEAREST_MIGRATE_KV,240,0.0,0.0
input8000_rate2p5_reuse00_seed1,NEAREST_MIGRATE_KV,228,0.0,0.0
input8000_rate2p5_reuse00_seed1,NEAREST_MIGRATE_KV,225,0.0,0.0
input8000_rate2p5_reuse00_seed1,NEAREST_MIGRATE_KV,266,0.0,0.0
input8000_rate2p5_reuse00_seed1,NEAREST_MIGRATE_KV,252,0.0,0.0
input8000_rate2p5_reuse00_seed1,NEAREST_MIGRATE_KV,263,0.0,0.0
input8000_rate2p5_reuse00_seed1,NEAREST_MIGRATE_KV,284,0.0,0.0
input8000_rate2p5_reuse50_seed1,NEAREST_KV,7,0.0,0.0
input8000_rate2p5_reuse50_seed1,NEAREST_KV,5,0.0,0.0
input8000_rate2p5_reuse50_seed1,NEAREST_KV,39,0.0,0.0
input8000_rate2p5_reuse50_seed1,NEAREST_KV,35,0.0,0.0
input8000_rate2p5_reuse50_seed1,NEAREST_KV,71,0.0,0.0
input8000_rate2p5_reuse50_seed1,NEAREST_KV,74,0.0,0.0
input8000_rate2p5_reuse50_seed1,NEAREST_KV,105,0.0,0.0
input8000_rate2p5_reuse50_seed1,NEAREST_KV,109,0.0,0.0
input8000_rate2p5_reuse50_seed1,NEAREST_KV,104,0.0,0.0
input8000_rate2p5_reuse50_seed1,NEAREST_KV,114,0.0,0.0
input8000_rate2p5_reuse50_seed1,NEAREST_KV,144,0.0,0.0
input8000_rate2p5_reuse50_seed1,NEAREST_KV,155,0.0,0.0
input8000_rate2p5_reuse50_seed1,NEAREST_KV,146,0.0,0.0
input8000_rate2p5_reuse50_seed1,NEAREST_KV,171,0.0,0.0
input8000_rate2p5_reuse50_seed1,NEAREST_KV,169,0.0,0.0
input8000_rate2p5_reuse50_seed1,NEAREST_KV,173,0.0,0.0
input8000_rate2p5_reuse50_seed1,NEAREST_KV,215,0.0,0.0
input8000_rate2p5_reuse50_seed1,NEAREST_KV,238,0.0,0.0
input8000_rate2p5_reuse50_seed1,NEAREST_KV,239,0.0,0.0
input8000_rate2p5_reuse50_seed1,NEAREST_KV,253,0.0,0.0
input8000_rate2p5_reuse50_seed1,NEAREST_KV,270,0.0,0.0
input8000_rate2p5_reuse50_seed1,NEAREST_KV,272,0.0,0.0
input8000_rate2p5_reuse50_seed1,NEAREST_KV,275,0.0,0.0
input8000_rate2p5_reuse50_seed1,NEAREST_KV,296,0.0,0.0
input8000_rate2p5_reuse50_seed1,NEAREST_KV,14,0.0,0.0
input8000_rate2p5_reuse50_seed1,NEAREST_KV,18,0.0,0.0
input8000_rate2p5_reuse50_seed1,NEAREST_KV,33,0.0,0.0
input8000_rate2p5_reuse50_seed1,NEAREST_KV,50,0.0,0.0
input8000_rate2p5_reuse50_seed1,NEAREST_KV,41,0.0,0.0
input8000_rate2p5_reuse50_seed1,NEAREST_KV,49,0.0,0.0
input8000_rate2p5_reuse50_seed1,NEAREST_KV,73,0.0,0.0
input8000_rate2p5_reuse50_seed1,NEAREST_KV,76,0.0,0.0
input8000_rate2p5_reuse50_seed1,NEAREST_KV,88,0.0,0.0
input8000_rate2p5_reuse50_seed1,NEAREST_KV,87,0.0,0.0
input8000_rate2p5_reuse50_seed1,NEAREST_KV,89,0.0,0.0
input8000_rate2p5_reuse50_seed1,NEAREST_KV,126,0.0,0.0
input8000_rate2p5_reuse50_seed1,NEAREST_KV,113,0.0,0.0
input8000_rate2p5_reuse50_seed1,NEAREST_KV,132,0.0,0.0
input8000_rate2p5_reuse50_seed1,NEAREST_KV,141,0.0,0.0
input8000_rate2p5_reuse50_seed1,NEAREST_KV,156,0.0,0.0
input8000_rate2p5_reuse50_seed1,NEAREST_KV,150,0.0,0.0
input8000_rate2p5_reuse50_seed1,NEAREST_KV,174,0.0,0.0
input8000_rate2p5_reuse50_seed1,NEAREST_KV,181,0.0,0.0
input8000_rate2p5_reuse50_seed1,NEAREST_KV,190,0.0,0.0
input8000_rate2p5_reuse50_seed1,NEAREST_KV,166,0.0,0.0
input8000_rate2p5_reuse50_seed1,NEAREST_KV,180,0.0,0.0
input8000_rate2p5_reuse50_seed1,NEAREST_KV,223,0.0,0.0
input8000_rate2p5_reuse50_seed1,NEAREST_KV,210,0.0,0.0
input8000_rate2p5_reuse50_seed1,NEAREST_KV,231,0.0,0.0
input8000_rate2p5_reuse50_seed1,NEAREST_KV,233,0.0,0.0
input8000_rate2p5_reuse50_seed1,NEAREST_KV,246,0.0,0.0
input8000_rate2p5_reuse50_seed1,NEAREST_KV,251,0.0,0.0
input8000_rate2p5_reuse50_seed1,NEAREST_KV,261,0.0,0.0
input8000_rate2p5_reuse50_seed1,NEAREST_KV,299,0.0,0.0
input8000_rate2p5_reuse50_seed1,NEAREST_KV,69,0.0,0.0
input8000_rate2p5_reuse50_seed1,NEAREST_KV,64,0.0,0.0
input8000_rate2p5_reuse50_seed1,NEAREST_KV,91,0.0,0.0
input8000_rate2p5_reuse50_seed1,NEAREST_KV,103,0.0,0.0
input8000_rate2p5_reuse50_seed1,NEAREST_KV,106,0.0,0.0
input8000_rate2p5_reuse50_seed1,NEAREST_KV,116,0.0,0.0
input8000_rate2p5_reuse50_seed1,NEAREST_KV,131,0.0,0.0
input8000_rate2p5_reuse50_seed1,NEAREST_KV,125,0.0,0.0
input8000_rate2p5_reuse50_seed1,NEAREST_KV,143,0.0,0.0
input8000_rate2p5_reuse50_seed1,NEAREST_KV,151,0.0,0.0
input8000_rate2p5_reuse50_seed1,NEAREST_KV,157,0.0,0.0
input8000_rate2p5_reuse50_seed1,NEAREST_KV,192,0.0,0.0
input8000_rate2p5_reuse50_seed1,NEAREST_KV,212,0.0,0.0
input8000_rate2p5_reuse50_seed1,NEAREST_KV,205,0.0,0.0
input8000_rate2p5_reuse50_seed1,NEAREST_KV,219,0.0,0.0
input8000_rate2p5_reuse50_seed1,NEAREST_KV,244,0.0,0.0
input8000_rate2p5_reuse50_seed1,NEAREST_KV,259,0.0,0.0
input8000_rate2p5_reuse50_seed1,NEAREST_KV,267,0.0,0.0
input8000_rate2p5_reuse50_seed1,NEAREST_KV,268,0.0,0.0
input8000_rate2p5_reuse50_seed1,NEAREST_KV,287,0.0,0.0
input8000_rate2p5_reuse50_seed1,NEAREST_KV,285,0.0,0.0
input8000_rate2p5_reuse50_seed1,NEAREST_KV,293,0.0,0.0
input8000_rate2p5_reuse50_seed1,NEAREST_KV,10,0.0,0.0
input8000_rate2p5_reuse50_seed1,NEAREST_KV,0,0.0,0.0
input8000_rate2p5_reuse50_seed1,NEAREST_KV,13,0.0,0.0
input8000_rate2p5_reuse50_seed1,NEAREST_KV,16,0.0,0.0
input8000_rate2p5_reuse50_seed1,NEAREST_KV,43,0.0,0.0
input8000_rate2p5_reuse50_seed1,NEAREST_KV,44,0.0,0.0
input8000_rate2p5_reuse50_seed1,NEAREST_KV,53,0.0,0.0
input8000_rate2p5_reuse50_seed1,NEAREST_KV,47,0.0,0.0
input8000_rate2p5_reuse50_seed1,NEAREST_KV,61,0.0,0.0
input8000_rate2p5_reuse50_seed1,NEAREST_KV,77,0.0,0.0
input8000_rate2p5_reuse50_seed1,NEAREST_KV,65,0.0,0.0
input8000_rate2p5_reuse50_seed1,NEAREST_KV,67,0.0,0.0
input8000_rate2p5_reuse50_seed1,NEAREST_KV,92,0.0,0.0
input8000_rate2p5_reuse50_seed1,NEAREST_KV,100,0.0,0.0
input8000_rate2p5_reuse50_seed1,NEAREST_KV,118,0.0,0.0
input8000_rate2p5_reuse50_seed1,NEAREST_KV,101,0.0,0.0
input8000_rate2p5_reuse50_seed1,NEAREST_KV,127,0.0,0.0
input8000_rate2p5_reuse50_seed1,NEAREST_KV,110,0.0,0.0
input8000_rate2p5_reuse50_seed1,NEAREST_KV,135,0.0,0.0
input8000_rate2p5_reuse50_seed1,NEAREST_KV,134,0.0,0.0
input8000_rate2p5_reuse50_seed1,NEAREST_KV,148,0.0,0.0
input8000_rate2p5_reuse50_seed1,NEAREST_KV,142,0.0,0.0
input8000_rate2p5_reuse50_seed1,NEAREST_KV,161,0.0,0.0
input8000_rate2p5_reuse50_seed1,NEAREST_KV,153,0.0,0.0
input8000_rate2p5_reuse50_seed1,NEAREST_KV,162,0.0,0.0
input8000_rate2p5_reuse50_seed1,NEAREST_KV,159,0.0,0.0
input8000_rate2p5_reuse50_seed1,NEAREST_KV,176,0.0,0.0
input8000_rate2p5_reuse50_seed1,NEAREST_KV,172,0.0,0.0
input8000_rate2p5_reuse50_seed1,NEAREST_KV,194,0.0,0.0
input8000_rate2p5_reuse50_seed1,NEAREST_KV,182,0.0,0.0
input8000_rate2p5_reuse50_seed1,NEAREST_KV,222,0.0,0.0
input8000_rate2p5_reuse50_seed1,NEAREST_KV,220,0.0,0.0
input8000_rate2p5_reuse50_seed1,NEAREST_KV,260,0.0,0.0
input8000_rate2p5_reuse50_seed1,NEAREST_KV,273,0.0,0.0
input8000_rate2p5_reuse50_seed1,NEAREST_KV,282,0.0,0.0
input8000_rate2p5_reuse50_seed1,NEAREST_KV,9,0.0,0.0
input8000_rate2p5_reuse50_seed1,NEAREST_KV,6,0.0,0.0
input8000_rate2p5_reuse50_seed1,NEAREST_KV,3,0.0,0.0
input8000_rate2p5_reuse50_seed1,NEAREST_KV,25,0.0,0.0
input8000_rate2p5_reuse50_seed1,NEAREST_KV,26,0.0,0.0
input8000_rate2p5_reuse50_seed1,NEAREST_KV,27,0.0,0.0
input8000_rate2p5_reuse50_seed1,NEAREST_KV,38,0.0,0.0
input8000_rate2p5_reuse50_seed1,NEAREST_KV,40,0.0,0.0
input8000_rate2p5_reuse50_seed1,NEAREST_KV,66,0.0,0.0
input8000_rate2p5_reuse50_seed1,NEAREST_KV,68,0.0,0.0
input8000_rate2p5_reuse50_seed1,NEAREST_KV,75,0.0,0.0
input8000_rate2p5_reuse50_seed1,NEAREST_KV,98,0.0,0.0
input8000_rate2p5_reuse50_seed1,NEAREST_KV,85,0.0,0.0
input8000_rate2p5_reuse50_seed1,NEAREST_KV,93,0.0,0.0
input8000_rate2p5_reuse50_seed1,NEAREST_KV,120,0.0,0.0
input8000_rate2p5_reuse50_seed1,NEAREST_KV,124,0.0,0.0
input8000_rate2p5_reuse50_seed1,NEAREST_KV,123,0.0,0.0
input8000_rate2p5_reuse50_seed1,NEAREST_KV,129,0.0,0.0
input8000_rate2p5_reuse50_seed1,NEAREST_KV,133,0.0,0.0
input8000_rate2p5_reuse50_seed1,NEAREST_KV,128,0.0,0.0
input8000_rate2p5_reuse50_seed1,NEAREST_KV,147,0.0,0.0
input8000_rate2p5_reuse50_seed1,NEAREST_KV,163,0.0,0.0
input8000_rate2p5_reuse50_seed1,NEAREST_KV,164,0.0,0.0
input8000_rate2p5_reuse50_seed1,NEAREST_KV,165,0.0,0.0
input8000_rate2p5_reuse50_seed1,NEAREST_KV,187,0.0,0.0
input8000_rate2p5_reuse50_seed1,NEAREST_KV,202,0.0,0.0
input8000_rate2p5_reuse50_seed1,NEAREST_KV,197,0.0,0.0
input8000_rate2p5_reuse50_seed1,NEAREST_KV,209,0.0,0.0
input8000_rate2p5_reuse50_seed1,NEAREST_KV,226,0.0,0.0
input8000_rate2p5_reuse50_seed1,NEAREST_KV,218,0.0,0.0
input8000_rate2p5_reuse50_seed1,NEAREST_KV,229,0.0,0.0
input8000_rate2p5_reuse50_seed1,NEAREST_KV,217,0.0,0.0
input8000_rate2p5_reuse50_seed1,NEAREST_KV,221,0.0,0.0
input8000_rate2p5_reuse50_seed1,NEAREST_KV,230,0.0,0.0
input8000_rate2p5_reuse50_seed1,NEAREST_KV,236,0.0,0.0
input8000_rate2p5_reuse50_seed1,NEAREST_KV,235,0.0,0.0
input8000_rate2p5_reuse50_seed1,NEAREST_KV,241,0.0,0.0
input8000_rate2p5_reuse50_seed1,NEAREST_KV,249,0.0,0.0
input8000_rate2p5_reuse50_seed1,NEAREST_KV,256,0.0,0.0
input8000_rate2p5_reuse50_seed1,NEAREST_KV,248,0.0,0.0
input8000_rate2p5_reuse50_seed1,NEAREST_KV,254,0.0,0.0
input8000_rate2p5_reuse50_seed1,NEAREST_KV,258,0.0,0.0
input8000_rate2p5_reuse50_seed1,NEAREST_KV,269,0.0,0.0
input8000_rate2p5_reuse50_seed1,NEAREST_KV,262,0.0,0.0
input8000_rate2p5_reuse50_seed1,NEAREST_KV,278,0.0,0.0
input8000_rate2p5_reuse50_seed1,NEAREST_KV,290,0.0,0.0
input8000_rate2p5_reuse50_seed1,NEAREST_KV,291,0.0,0.0
input8000_rate2p5_reuse50_seed1,NEAREST_KV,298,0.0,0.0
input8000_rate2p5_reuse50_seed1,NEAREST_KV,280,0.0,0.0
input8000_rate2p5_reuse50_seed1,NEAREST_KV,4,0.0,0.0
input8000_rate2p5_reuse50_seed1,NEAREST_KV,22,0.0,0.0
input8000_rate2p5_reuse50_seed1,NEAREST_KV,28,0.0,0.0
input8000_rate2p5_reuse50_seed1,NEAREST_KV,36,0.0,0.0
input8000_rate2p5_reuse50_seed1,NEAREST_KV,32,0.0,0.0
input8000_rate2p5_reuse50_seed1,NEAREST_KV,46,0.0,0.0
input8000_rate2p5_reuse50_seed1,NEAREST_KV,51,0.0,0.0
input8000_rate2p5_reuse50_seed1,NEAREST_KV,54,0.0,0.0
input8000_rate2p5_reuse50_seed1,NEAREST_KV,80,0.0,0.0
input8000_rate2p5_reuse50_seed1,NEAREST_KV,94,0.0,0.0
input8000_rate2p5_reuse50_seed1,NEAREST_KV,81,0.0,0.0
input8000_rate2p5_reuse50_seed1,NEAREST_KV,115,0.0,0.0
input8000_rate2p5_reuse50_seed1,NEAREST_KV,136,0.0,0.0
input8000_rate2p5_reuse50_seed1,NEAREST_KV,137,0.0,0.0
input8000_rate2p5_reuse50_seed1,NEAREST_KV,152,0.0,0.0
input8000_rate2p5_reuse50_seed1,NEAREST_KV,185,0.0,0.0
input8000_rate2p5_reuse50_seed1,NEAREST_KV,191,0.0,0.0
input8000_rate2p5_reuse50_seed1,NEAREST_KV,168,0.0,0.0
input8000_rate2p5_reuse50_seed1,NEAREST_KV,178,0.0,0.0
input8000_rate2p5_reuse50_seed1,NEAREST_KV,207,0.0,0.0
input8000_rate2p5_reuse50_seed1,NEAREST_KV,225,0.0,0.0
input8000_rate2p5_reuse50_seed1,NEAREST_KV,243,0.0,0.0
input8000_rate2p5_reuse50_seed1,NEAREST_KV,266,0.0,0.0
input8000_rate2p5_reuse50_seed1,NEAREST_KV,252,0.0,0.0
input8000_rate2p5_reuse50_seed1,NEAREST_KV,289,0.0,0.0
input8000_rate2p5_reuse50_seed1,NEAREST_KV,19,0.0,0.0
input8000_rate2p5_reuse50_seed1,NEAREST_KV,23,0.0,0.0
input8000_rate2p5_reuse50_seed1,NEAREST_KV,24,0.0,0.0
input8000_rate2p5_reuse50_seed1,NEAREST_KV,21,0.0,0.0
input8000_rate2p5_reuse50_seed1,NEAREST_KV,37,0.0,0.0
input8000_rate2p5_reuse50_seed1,NEAREST_KV,57,0.0,0.0
input8000_rate2p5_reuse50_seed1,NEAREST_KV,42,0.0,0.0
input8000_rate2p5_reuse50_seed1,NEAREST_KV,60,0.0,0.0
input8000_rate2p5_reuse50_seed1,NEAREST_KV,79,0.0,0.0
input8000_rate2p5_reuse50_seed1,NEAREST_KV,70,0.0,0.0
input8000_rate2p5_reuse50_seed1,NEAREST_KV,72,0.0,0.0
input8000_rate2p5_reuse50_seed1,NEAREST_KV,84,0.0,0.0
input8000_rate2p5_reuse50_seed1,NEAREST_KV,95,0.0,0.0
input8000_rate2p5_reuse50_seed1,NEAREST_KV,112,0.0,0.0
input8000_rate2p5_reuse50_seed1,NEAREST_KV,111,0.0,0.0
input8000_rate2p5_reuse50_seed1,NEAREST_KV,117,0.0,0.0
input8000_rate2p5_reuse50_seed1,NEAREST_KV,139,0.0,0.0
input8000_rate2p5_reuse50_seed1,NEAREST_KV,167,0.0,0.0
input8000_rate2p5_reuse50_seed1,NEAREST_KV,158,0.0,0.0
input8000_rate2p5_reuse50_seed1,NEAREST_KV,193,0.0,0.0
input8000_rate2p5_reuse50_seed1,NEAREST_KV,201,0.0,0.0
input8000_rate2p5_reuse50_seed1,NEAREST_KV,203,0.0,0.0
input8000_rate2p5_reuse50_seed1,NEAREST_KV,247,0.0,0.0
input8000_rate2p5_reuse50_seed1,NEAREST_KV,277,0.0,0.0
input8000_rate2p5_reuse50_seed1,NEAREST_KV,271,0.0,0.0
input8000_rate2p5_reuse50_seed1,NEAREST_KV,265,0.0,0.0
input8000_rate2p5_reuse50_seed1,NEAREST_KV,281,0.0,0.0
input8000_rate2p5_reuse50_seed1,NEAREST_KV,276,0.0,0.0
input8000_rate2p5_reuse50_seed1,NEAREST_KV,297,0.0,0.0
input8000_rate2p5_reuse50_seed1,NEAREST_KV,286,0.0,0.0
input8000_rate2p5_reuse50_seed1,NEAREST_KV,12,0.0,0.0
input8000_rate2p5_reuse50_seed1,NEAREST_KV,29,0.0,0.0
input8000_rate2p5_reuse50_seed1,NEAREST_KV,34,0.0,0.0
input8000_rate2p5_reuse50_seed1,NEAREST_KV,55,0.0,0.0
input8000_rate2p5_reuse50_seed1,NEAREST_KV,62,0.0,0.0
input8000_rate2p5_reuse50_seed1,NEAREST_KV,82,0.0,0.0
input8000_rate2p5_reuse50_seed1,NEAREST_KV,96,0.0,0.0
input8000_rate2p5_reuse50_seed1,NEAREST_KV,119,0.0,0.0
input8000_rate2p5_reuse50_seed1,NEAREST_KV,108,0.0,0.0
input8000_rate2p5_reuse50_seed1,NEAREST_KV,138,0.0,0.0
input8000_rate2p5_reuse50_seed1,NEAREST_KV,179,0.0,0.0
input8000_rate2p5_reuse50_seed1,NEAREST_KV,160,0.0,0.0
input8000_rate2p5_reuse50_seed1,NEAREST_KV,189,0.0,0.0
input8000_rate2p5_reuse50_seed1,NEAREST_KV,196,0.0,0.0
input8000_rate2p5_reuse50_seed1,NEAREST_KV,195,0.0,0.0
input8000_rate2p5_reuse50_seed1,NEAREST_KV,184,0.0,0.0
input8000_rate2p5_reuse50_seed1,NEAREST_KV,206,0.0,0.0
input8000_rate2p5_reuse50_seed1,NEAREST_KV,200,0.0,0.0
input8000_rate2p5_reuse50_seed1,NEAREST_KV,213,0.0,0.0
input8000_rate2p5_reuse50_seed1,NEAREST_KV,232,0.0,0.0
input8000_rate2p5_reuse50_seed1,NEAREST_KV,234,0.0,0.0
input8000_rate2p5_reuse50_seed1,NEAREST_KV,224,0.0,0.0
input8000_rate2p5_reuse50_seed1,NEAREST_KV,257,0.0,0.0
input8000_rate2p5_reuse50_seed1,NEAREST_KV,245,0.0,0.0
input8000_rate2p5_reuse50_seed1,NEAREST_KV,279,0.0,0.0
input8000_rate2p5_reuse50_seed1,NEAREST_KV,288,0.0,0.0
input8000_rate2p5_reuse50_seed1,NEAREST_KV,294,0.0,0.0
input8000_rate2p5_reuse50_seed1,NEAREST_KV,292,0.0,0.0
input8000_rate2p5_reuse50_seed1,NEAREST_KV,283,0.0,0.0
input8000_rate2p5_reuse50_seed1,NEAREST_KV,15,0.0,0.0
input8000_rate2p5_reuse50_seed1,NEAREST_KV,20,0.0,0.0
input8000_rate2p5_reuse50_seed1,NEAREST_KV,17,0.0,0.0
input8000_rate2p5_reuse50_seed1,NEAREST_KV,2,0.0,0.0
input8000_rate2p5_reuse50_seed1,NEAREST_KV,8,0.0,0.0
input8000_rate2p5_reuse50_seed1,NEAREST_KV,45,0.0,0.0
input8000_rate2p5_reuse50_seed1,NEAREST_KV,52,0.0,0.0
input8000_rate2p5_reuse50_seed1,NEAREST_KV,63,0.0,0.0
input8000_rate2p5_reuse50_seed1,NEAREST_KV,78,0.0,0.0
input8000_rate2p5_reuse50_seed1,NEAREST_KV,99,0.0,0.0
input8000_rate2p5_reuse50_seed1,NEAREST_KV,102,0.0,0.0
input8000_rate2p5_reuse50_seed1,NEAREST_KV,90,0.0,0.0
input8000_rate2p5_reuse50_seed1,NEAREST_KV,122,0.0,0.0
input8000_rate2p5_reuse50_seed1,NEAREST_KV,121,0.0,0.0
input8000_rate2p5_reuse50_seed1,NEAREST_KV,130,0.0,0.0
input8000_rate2p5_reuse50_seed1,NEAREST_KV,140,0.0,0.0
input8000_rate2p5_reuse50_seed1,NEAREST_KV,183,0.0,0.0
input8000_rate2p5_reuse50_seed1,NEAREST_KV,177,0.0,0.0
input8000_rate2p5_reuse50_seed1,NEAREST_KV,188,0.0,0.0
input8000_rate2p5_reuse50_seed1,NEAREST_KV,211,0.0,0.0
input8000_rate2p5_reuse50_seed1,NEAREST_KV,204,0.0,0.0
input8000_rate2p5_reuse50_seed1,NEAREST_KV,216,0.0,0.0
input8000_rate2p5_reuse50_seed1,NEAREST_KV,227,0.0,0.0
input8000_rate2p5_reuse50_seed1,NEAREST_KV,214,0.0,0.0
input8000_rate2p5_reuse50_seed1,NEAREST_KV,255,0.0,0.0
input8000_rate2p5_reuse50_seed1,NEAREST_KV,237,0.0,0.0
input8000_rate2p5_reuse50_seed1,NEAREST_KV,250,0.0,0.0
input8000_rate2p5_reuse50_seed1,NEAREST_KV,274,0.0,0.0
input8000_rate2p5_reuse50_seed1,NEAREST_KV,264,0.0,0.0
input8000_rate2p5_reuse50_seed1,NEAREST_KV,295,0.0,0.0
input8000_rate2p5_reuse50_seed1,NEAREST_KV,1,0.0,0.0
input8000_rate2p5_reuse50_seed1,NEAREST_KV,11,0.0,0.0
input8000_rate2p5_reuse50_seed1,NEAREST_KV,30,0.0,0.0
input8000_rate2p5_reuse50_seed1,NEAREST_KV,31,0.0,0.0
input8000_rate2p5_reuse50_seed1,NEAREST_KV,48,0.0,0.0
input8000_rate2p5_reuse50_seed1,NEAREST_KV,59,0.0,0.0
input8000_rate2p5_reuse50_seed1,NEAREST_KV,56,0.0,0.0
input8000_rate2p5_reuse50_seed1,NEAREST_KV,58,0.0,0.0
input8000_rate2p5_reuse50_seed1,NEAREST_KV,83,0.0,0.0
input8000_rate2p5_reuse50_seed1,NEAREST_KV,97,0.0,0.0
input8000_rate2p5_reuse50_seed1,NEAREST_KV,86,0.0,0.0
input8000_rate2p5_reuse50_seed1,NEAREST_KV,107,0.0,0.0
input8000_rate2p5_reuse50_seed1,NEAREST_KV,149,0.0,0.0
input8000_rate2p5_reuse50_seed1,NEAREST_KV,145,0.0,0.0
input8000_rate2p5_reuse50_seed1,NEAREST_KV,154,0.0,0.0
input8000_rate2p5_reuse50_seed1,NEAREST_KV,170,0.0,0.0
input8000_rate2p5_reuse50_seed1,NEAREST_KV,175,0.0,0.0
input8000_rate2p5_reuse50_seed1,NEAREST_KV,186,0.0,0.0
input8000_rate2p5_reuse50_seed1,NEAREST_KV,198,0.0,0.0
input8000_rate2p5_reuse50_seed1,NEAREST_KV,208,0.0,0.0
input8000_rate2p5_reuse50_seed1,NEAREST_KV,199,0.0,0.0
input8000_rate2p5_reuse50_seed1,NEAREST_KV,242,0.0,0.0
input8000_rate2p5_reuse50_seed1,NEAREST_KV,240,0.0,0.0
input8000_rate2p5_reuse50_seed1,NEAREST_KV,228,0.0,0.0
input8000_rate2p5_reuse50_seed1,NEAREST_KV,263,0.0,0.0
input8000_rate2p5_reuse50_seed1,NEAREST_KV,284,0.0,0.0
input8000_rate2p5_reuse50_seed1,NEAREST_MIGRATE,7,0.0,0.0
input8000_rate2p5_reuse50_seed1,NEAREST_MIGRATE,5,0.0,0.0
input8000_rate2p5_reuse50_seed1,NEAREST_MIGRATE,39,0.0,0.0
input8000_rate2p5_reuse50_seed1,NEAREST_MIGRATE,35,0.0,0.0
input8000_rate2p5_reuse50_seed1,NEAREST_MIGRATE,71,0.0,0.0
input8000_rate2p5_reuse50_seed1,NEAREST_MIGRATE,74,0.0,0.0
input8000_rate2p5_reuse50_seed1,NEAREST_MIGRATE,105,0.0,0.0
input8000_rate2p5_reuse50_seed1,NEAREST_MIGRATE,109,0.0,0.0
input8000_rate2p5_reuse50_seed1,NEAREST_MIGRATE,104,0.0,0.0
input8000_rate2p5_reuse50_seed1,NEAREST_MIGRATE,114,0.0,0.0
input8000_rate2p5_reuse50_seed1,NEAREST_MIGRATE,144,0.0,0.0
input8000_rate2p5_reuse50_seed1,NEAREST_MIGRATE,155,0.0,0.0
input8000_rate2p5_reuse50_seed1,NEAREST_MIGRATE,146,0.0,0.0
input8000_rate2p5_reuse50_seed1,NEAREST_MIGRATE,171,0.0,0.0
input8000_rate2p5_reuse50_seed1,NEAREST_MIGRATE,169,0.0,0.0
input8000_rate2p5_reuse50_seed1,NEAREST_MIGRATE,173,0.0,0.0
input8000_rate2p5_reuse50_seed1,NEAREST_MIGRATE,215,0.0,0.0
input8000_rate2p5_reuse50_seed1,NEAREST_MIGRATE,238,0.0,0.0
input8000_rate2p5_reuse50_seed1,NEAREST_MIGRATE,239,0.0,0.0
input8000_rate2p5_reuse50_seed1,NEAREST_MIGRATE,253,0.0,0.0
input8000_rate2p5_reuse50_seed1,NEAREST_MIGRATE,270,0.0,0.0
input8000_rate2p5_reuse50_seed1,NEAREST_MIGRATE,272,0.0,0.0
input8000_rate2p5_reuse50_seed1,NEAREST_MIGRATE,275,0.0,0.0
input8000_rate2p5_reuse50_seed1,NEAREST_MIGRATE,296,0.0,0.0
input8000_rate2p5_reuse50_seed1,NEAREST_MIGRATE,14,0.0,0.0
input8000_rate2p5_reuse50_seed1,NEAREST_MIGRATE,18,0.0,0.0
input8000_rate2p5_reuse50_seed1,NEAREST_MIGRATE,33,0.0,0.0
input8000_rate2p5_reuse50_seed1,NEAREST_MIGRATE,50,0.0,0.0
input8000_rate2p5_reuse50_seed1,NEAREST_MIGRATE,41,0.0,0.0
input8000_rate2p5_reuse50_seed1,NEAREST_MIGRATE,49,0.0,0.0
input8000_rate2p5_reuse50_seed1,NEAREST_MIGRATE,73,0.0,0.0
input8000_rate2p5_reuse50_seed1,NEAREST_MIGRATE,76,0.0,0.0
input8000_rate2p5_reuse50_seed1,NEAREST_MIGRATE,88,0.0,0.0
input8000_rate2p5_reuse50_seed1,NEAREST_MIGRATE,87,0.0,0.0
input8000_rate2p5_reuse50_seed1,NEAREST_MIGRATE,89,0.0,0.0
input8000_rate2p5_reuse50_seed1,NEAREST_MIGRATE,126,0.0,0.0
input8000_rate2p5_reuse50_seed1,NEAREST_MIGRATE,113,0.0,0.0
input8000_rate2p5_reuse50_seed1,NEAREST_MIGRATE,132,0.0,0.0
input8000_rate2p5_reuse50_seed1,NEAREST_MIGRATE,141,0.0,0.0
input8000_rate2p5_reuse50_seed1,NEAREST_MIGRATE,156,0.0,0.0
input8000_rate2p5_reuse50_seed1,NEAREST_MIGRATE,150,0.0,0.0
input8000_rate2p5_reuse50_seed1,NEAREST_MIGRATE,174,0.0,0.0
input8000_rate2p5_reuse50_seed1,NEAREST_MIGRATE,181,0.0,0.0
input8000_rate2p5_reuse50_seed1,NEAREST_MIGRATE,190,0.0,0.0
input8000_rate2p5_reuse50_seed1,NEAREST_MIGRATE,166,0.0,0.0
input8000_rate2p5_reuse50_seed1,NEAREST_MIGRATE,180,0.0,0.0
input8000_rate2p5_reuse50_seed1,NEAREST_MIGRATE,223,0.0,0.0
input8000_rate2p5_reuse50_seed1,NEAREST_MIGRATE,210,0.0,0.0
input8000_rate2p5_reuse50_seed1,NEAREST_MIGRATE,231,0.0,0.0
input8000_rate2p5_reuse50_seed1,NEAREST_MIGRATE,233,0.0,0.0
input8000_rate2p5_reuse50_seed1,NEAREST_MIGRATE,246,0.0,0.0
input8000_rate2p5_reuse50_seed1,NEAREST_MIGRATE,251,0.0,0.0
input8000_rate2p5_reuse50_seed1,NEAREST_MIGRATE,261,0.0,0.0
input8000_rate2p5_reuse50_seed1,NEAREST_MIGRATE,299,0.0,0.0
input8000_rate2p5_reuse50_seed1,NEAREST_MIGRATE,69,0.0,0.0
input8000_rate2p5_reuse50_seed1,NEAREST_MIGRATE,64,0.0,0.0
input8000_rate2p5_reuse50_seed1,NEAREST_MIGRATE,91,0.0,0.0
input8000_rate2p5_reuse50_seed1,NEAREST_MIGRATE,103,0.0,0.0
input8000_rate2p5_reuse50_seed1,NEAREST_MIGRATE,106,0.0,0.0
input8000_rate2p5_reuse50_seed1,NEAREST_MIGRATE,116,0.0,0.0
input8000_rate2p5_reuse50_seed1,NEAREST_MIGRATE,131,0.0,0.0
input8000_rate2p5_reuse50_seed1,NEAREST_MIGRATE,125,0.0,0.0
input8000_rate2p5_reuse50_seed1,NEAREST_MIGRATE,143,0.0,0.0
input8000_rate2p5_reuse50_seed1,NEAREST_MIGRATE,151,0.0,0.0
input8000_rate2p5_reuse50_seed1,NEAREST_MIGRATE,157,0.0,0.0
input8000_rate2p5_reuse50_seed1,NEAREST_MIGRATE,192,0.0,0.0
input8000_rate2p5_reuse50_seed1,NEAREST_MIGRATE,212,0.0,0.0
input8000_rate2p5_reuse50_seed1,NEAREST_MIGRATE,205,0.0,0.0
input8000_rate2p5_reuse50_seed1,NEAREST_MIGRATE,219,0.0,0.0
input8000_rate2p5_reuse50_seed1,NEAREST_MIGRATE,244,0.0,0.0
input8000_rate2p5_reuse50_seed1,NEAREST_MIGRATE,259,0.0,0.0
input8000_rate2p5_reuse50_seed1,NEAREST_MIGRATE,267,0.0,0.0
input8000_rate2p5_reuse50_seed1,NEAREST_MIGRATE,268,0.0,0.0
input8000_rate2p5_reuse50_seed1,NEAREST_MIGRATE,287,0.0,0.0
input8000_rate2p5_reuse50_seed1,NEAREST_MIGRATE,285,0.0,0.0
input8000_rate2p5_reuse50_seed1,NEAREST_MIGRATE,293,0.0,0.0
input8000_rate2p5_reuse50_seed1,NEAREST_MIGRATE,10,0.0,0.0
input8000_rate2p5_reuse50_seed1,NEAREST_MIGRATE,0,0.0,0.0
input8000_rate2p5_reuse50_seed1,NEAREST_MIGRATE,13,0.0,0.0
input8000_rate2p5_reuse50_seed1,NEAREST_MIGRATE,16,0.0,0.0
input8000_rate2p5_reuse50_seed1,NEAREST_MIGRATE,43,0.0,0.0
input8000_rate2p5_reuse50_seed1,NEAREST_MIGRATE,44,0.0,0.0
input8000_rate2p5_reuse50_seed1,NEAREST_MIGRATE,53,0.0,0.0
input8000_rate2p5_reuse50_seed1,NEAREST_MIGRATE,47,0.0,0.0
input8000_rate2p5_reuse50_seed1,NEAREST_MIGRATE,61,0.0,0.0
input8000_rate2p5_reuse50_seed1,NEAREST_MIGRATE,77,0.0,0.0
input8000_rate2p5_reuse50_seed1,NEAREST_MIGRATE,65,0.0,0.0
input8000_rate2p5_reuse50_seed1,NEAREST_MIGRATE,67,0.0,0.0
input8000_rate2p5_reuse50_seed1,NEAREST_MIGRATE,92,0.0,0.0
input8000_rate2p5_reuse50_seed1,NEAREST_MIGRATE,100,0.0,0.0
input8000_rate2p5_reuse50_seed1,NEAREST_MIGRATE,118,0.0,0.0
input8000_rate2p5_reuse50_seed1,NEAREST_MIGRATE,101,0.0,0.0
input8000_rate2p5_reuse50_seed1,NEAREST_MIGRATE,127,0.0,0.0
input8000_rate2p5_reuse50_seed1,NEAREST_MIGRATE,110,0.0,0.0
input8000_rate2p5_reuse50_seed1,NEAREST_MIGRATE,135,0.0,0.0
input8000_rate2p5_reuse50_seed1,NEAREST_MIGRATE,134,0.0,0.0
input8000_rate2p5_reuse50_seed1,NEAREST_MIGRATE,142,0.0,0.0
input8000_rate2p5_reuse50_seed1,NEAREST_MIGRATE,161,0.0,0.0
input8000_rate2p5_reuse50_seed1,NEAREST_MIGRATE,176,0.0,0.0
input8000_rate2p5_reuse50_seed1,NEAREST_MIGRATE,162,0.0,0.0
input8000_rate2p5_reuse50_seed1,NEAREST_MIGRATE,172,0.0,0.0
input8000_rate2p5_reuse50_seed1,NEAREST_MIGRATE,182,0.0,0.0
input8000_rate2p5_reuse50_seed1,NEAREST_MIGRATE,222,0.0,0.0
input8000_rate2p5_reuse50_seed1,NEAREST_MIGRATE,220,0.0,0.0
input8000_rate2p5_reuse50_seed1,NEAREST_MIGRATE,260,0.0,0.0
input8000_rate2p5_reuse50_seed1,NEAREST_MIGRATE,273,0.0,0.0
input8000_rate2p5_reuse50_seed1,NEAREST_MIGRATE,282,0.0,0.0
input8000_rate2p5_reuse50_seed1,NEAREST_MIGRATE,9,0.0,0.0
input8000_rate2p5_reuse50_seed1,NEAREST_MIGRATE,6,0.0,0.0
input8000_rate2p5_reuse50_seed1,NEAREST_MIGRATE,3,0.0,0.0
input8000_rate2p5_reuse50_seed1,NEAREST_MIGRATE,25,0.0,0.0
input8000_rate2p5_reuse50_seed1,NEAREST_MIGRATE,26,0.0,0.0
input8000_rate2p5_reuse50_seed1,NEAREST_MIGRATE,27,0.0,0.0
input8000_rate2p5_reuse50_seed1,NEAREST_MIGRATE,38,0.0,0.0
input8000_rate2p5_reuse50_seed1,NEAREST_MIGRATE,40,0.0,0.0
input8000_rate2p5_reuse50_seed1,NEAREST_MIGRATE,66,0.0,0.0
input8000_rate2p5_reuse50_seed1,NEAREST_MIGRATE,68,0.0,0.0
input8000_rate2p5_reuse50_seed1,NEAREST_MIGRATE,75,0.0,0.0
input8000_rate2p5_reuse50_seed1,NEAREST_MIGRATE,98,0.0,0.0
input8000_rate2p5_reuse50_seed1,NEAREST_MIGRATE,85,0.0,0.0
input8000_rate2p5_reuse50_seed1,NEAREST_MIGRATE,93,0.0,0.0
input8000_rate2p5_reuse50_seed1,NEAREST_MIGRATE,120,0.0,0.0
input8000_rate2p5_reuse50_seed1,NEAREST_MIGRATE,124,0.0,0.0
input8000_rate2p5_reuse50_seed1,NEAREST_MIGRATE,123,0.0,0.0
input8000_rate2p5_reuse50_seed1,NEAREST_MIGRATE,128,0.0,0.0
input8000_rate2p5_reuse50_seed1,NEAREST_MIGRATE,148,0.0,0.0
input8000_rate2p5_reuse50_seed1,NEAREST_MIGRATE,165,0.0,0.0
input8000_rate2p5_reuse50_seed1,NEAREST_MIGRATE,147,0.0,0.0
input8000_rate2p5_reuse50_seed1,NEAREST_MIGRATE,153,0.0,0.0
input8000_rate2p5_reuse50_seed1,NEAREST_MIGRATE,159,0.0,0.0
input8000_rate2p5_reuse50_seed1,NEAREST_MIGRATE,187,0.0,0.0
input8000_rate2p5_reuse50_seed1,NEAREST_MIGRATE,194,0.0,0.0
input8000_rate2p5_reuse50_seed1,NEAREST_MIGRATE,202,0.0,0.0
input8000_rate2p5_reuse50_seed1,NEAREST_MIGRATE,209,0.0,0.0
input8000_rate2p5_reuse50_seed1,NEAREST_MIGRATE,229,0.0,0.0
input8000_rate2p5_reuse50_seed1,NEAREST_MIGRATE,218,0.0,0.0
input8000_rate2p5_reuse50_seed1,NEAREST_MIGRATE,221,0.0,0.0
input8000_rate2p5_reuse50_seed1,NEAREST_MIGRATE,236,0.0,0.0
input8000_rate2p5_reuse50_seed1,NEAREST_MIGRATE,235,0.0,0.0
input8000_rate2p5_reuse50_seed1,NEAREST_MIGRATE,249,0.0,0.0
input8000_rate2p5_reuse50_seed1,NEAREST_MIGRATE,248,0.0,0.0
input8000_rate2p5_reuse50_seed1,NEAREST_MIGRATE,278,0.0,0.0
input8000_rate2p5_reuse50_seed1,NEAREST_MIGRATE,254,0.0,0.0
input8000_rate2p5_reuse50_seed1,NEAREST_MIGRATE,290,0.0,0.0
input8000_rate2p5_reuse50_seed1,NEAREST_MIGRATE,291,0.0,0.0
input8000_rate2p5_reuse50_seed1,NEAREST_MIGRATE,298,0.0,0.0
input8000_rate2p5_reuse50_seed1,NEAREST_MIGRATE,280,0.0,0.0
input8000_rate2p5_reuse50_seed1,NEAREST_MIGRATE,4,0.0,0.0
input8000_rate2p5_reuse50_seed1,NEAREST_MIGRATE,22,0.0,0.0
input8000_rate2p5_reuse50_seed1,NEAREST_MIGRATE,28,0.0,0.0
input8000_rate2p5_reuse50_seed1,NEAREST_MIGRATE,36,0.0,0.0
input8000_rate2p5_reuse50_seed1,NEAREST_MIGRATE,32,0.0,0.0
input8000_rate2p5_reuse50_seed1,NEAREST_MIGRATE,46,0.0,0.0
input8000_rate2p5_reuse50_seed1,NEAREST_MIGRATE,51,0.0,0.0
input8000_rate2p5_reuse50_seed1,NEAREST_MIGRATE,54,0.0,0.0
input8000_rate2p5_reuse50_seed1,NEAREST_MIGRATE,80,0.0,0.0
input8000_rate2p5_reuse50_seed1,NEAREST_MIGRATE,94,0.0,0.0
input8000_rate2p5_reuse50_seed1,NEAREST_MIGRATE,81,0.0,0.0
input8000_rate2p5_reuse50_seed1,NEAREST_MIGRATE,115,0.0,0.0
input8000_rate2p5_reuse50_seed1,NEAREST_MIGRATE,129,0.0,0.0
input8000_rate2p5_reuse50_seed1,NEAREST_MIGRATE,133,0.0,0.0
input8000_rate2p5_reuse50_seed1,NEAREST_MIGRATE,136,0.0,0.0
input8000_rate2p5_reuse50_seed1,NEAREST_MIGRATE,137,0.0,0.0
input8000_rate2p5_reuse50_seed1,NEAREST_MIGRATE,163,0.0,0.0
input8000_rate2p5_reuse50_seed1,NEAREST_MIGRATE,164,0.0,0.0
input8000_rate2p5_reuse50_seed1,NEAREST_MIGRATE,152,0.0,0.0
input8000_rate2p5_reuse50_seed1,NEAREST_MIGRATE,185,0.0,0.0
input8000_rate2p5_reuse50_seed1,NEAREST_MIGRATE,191,0.0,0.0
input8000_rate2p5_reuse50_seed1,NEAREST_MIGRATE,197,0.0,0.0
input8000_rate2p5_reuse50_seed1,NEAREST_MIGRATE,226,0.0,0.0
input8000_rate2p5_reuse50_seed1,NEAREST_MIGRATE,230,0.0,0.0
input8000_rate2p5_reuse50_seed1,NEAREST_MIGRATE,214,0.0,0.0
input8000_rate2p5_reuse50_seed1,NEAREST_MIGRATE,217,0.0,0.0
input8000_rate2p5_reuse50_seed1,NEAREST_MIGRATE,225,0.0,0.0
input8000_rate2p5_reuse50_seed1,NEAREST_MIGRATE,243,0.0,0.0
input8000_rate2p5_reuse50_seed1,NEAREST_MIGRATE,241,0.0,0.0
input8000_rate2p5_reuse50_seed1,NEAREST_MIGRATE,256,0.0,0.0
input8000_rate2p5_reuse50_seed1,NEAREST_MIGRATE,269,0.0,0.0
input8000_rate2p5_reuse50_seed1,NEAREST_MIGRATE,262,0.0,0.0
input8000_rate2p5_reuse50_seed1,NEAREST_MIGRATE,258,0.0,0.0
input8000_rate2p5_reuse50_seed1,NEAREST_MIGRATE,264,0.0,0.0
input8000_rate2p5_reuse50_seed1,NEAREST_MIGRATE,19,0.0,0.0
input8000_rate2p5_reuse50_seed1,NEAREST_MIGRATE,23,0.0,0.0
input8000_rate2p5_reuse50_seed1,NEAREST_MIGRATE,24,0.0,0.0
input8000_rate2p5_reuse50_seed1,NEAREST_MIGRATE,21,0.0,0.0
input8000_rate2p5_reuse50_seed1,NEAREST_MIGRATE,37,0.0,0.0
input8000_rate2p5_reuse50_seed1,NEAREST_MIGRATE,57,0.0,0.0
input8000_rate2p5_reuse50_seed1,NEAREST_MIGRATE,42,0.0,0.0
input8000_rate2p5_reuse50_seed1,NEAREST_MIGRATE,60,0.0,0.0
input8000_rate2p5_reuse50_seed1,NEAREST_MIGRATE,79,0.0,0.0
input8000_rate2p5_reuse50_seed1,NEAREST_MIGRATE,70,0.0,0.0
input8000_rate2p5_reuse50_seed1,NEAREST_MIGRATE,72,0.0,0.0
input8000_rate2p5_reuse50_seed1,NEAREST_MIGRATE,84,0.0,0.0
input8000_rate2p5_reuse50_seed1,NEAREST_MIGRATE,95,0.0,0.0
input8000_rate2p5_reuse50_seed1,NEAREST_MIGRATE,112,0.0,0.0
input8000_rate2p5_reuse50_seed1,NEAREST_MIGRATE,111,0.0,0.0
input8000_rate2p5_reuse50_seed1,NEAREST_MIGRATE,117,0.0,0.0
input8000_rate2p5_reuse50_seed1,NEAREST_MIGRATE,139,0.0,0.0
input8000_rate2p5_reuse50_seed1,NEAREST_MIGRATE,167,0.0,0.0
input8000_rate2p5_reuse50_seed1,NEAREST_MIGRATE,158,0.0,0.0
input8000_rate2p5_reuse50_seed1,NEAREST_MIGRATE,193,0.0,0.0
input8000_rate2p5_reuse50_seed1,NEAREST_MIGRATE,201,0.0,0.0
input8000_rate2p5_reuse50_seed1,NEAREST_MIGRATE,203,0.0,0.0
input8000_rate2p5_reuse50_seed1,NEAREST_MIGRATE,247,0.0,0.0
input8000_rate2p5_reuse50_seed1,NEAREST_MIGRATE,277,0.0,0.0
input8000_rate2p5_reuse50_seed1,NEAREST_MIGRATE,271,0.0,0.0
input8000_rate2p5_reuse50_seed1,NEAREST_MIGRATE,265,0.0,0.0
input8000_rate2p5_reuse50_seed1,NEAREST_MIGRATE,281,0.0,0.0
input8000_rate2p5_reuse50_seed1,NEAREST_MIGRATE,276,0.0,0.0
input8000_rate2p5_reuse50_seed1,NEAREST_MIGRATE,297,0.0,0.0
input8000_rate2p5_reuse50_seed1,NEAREST_MIGRATE,286,0.0,0.0
input8000_rate2p5_reuse50_seed1,NEAREST_MIGRATE,12,0.0,0.0
input8000_rate2p5_reuse50_seed1,NEAREST_MIGRATE,29,0.0,0.0
input8000_rate2p5_reuse50_seed1,NEAREST_MIGRATE,34,0.0,0.0
input8000_rate2p5_reuse50_seed1,NEAREST_MIGRATE,55,0.0,0.0
input8000_rate2p5_reuse50_seed1,NEAREST_MIGRATE,62,0.0,0.0
input8000_rate2p5_reuse50_seed1,NEAREST_MIGRATE,82,0.0,0.0
input8000_rate2p5_reuse50_seed1,NEAREST_MIGRATE,96,0.0,0.0
input8000_rate2p5_reuse50_seed1,NEAREST_MIGRATE,119,0.0,0.0
input8000_rate2p5_reuse50_seed1,NEAREST_MIGRATE,108,0.0,0.0
input8000_rate2p5_reuse50_seed1,NEAREST_MIGRATE,138,0.0,0.0
input8000_rate2p5_reuse50_seed1,NEAREST_MIGRATE,179,0.0,0.0
input8000_rate2p5_reuse50_seed1,NEAREST_MIGRATE,160,0.0,0.0
input8000_rate2p5_reuse50_seed1,NEAREST_MIGRATE,189,0.0,0.0
input8000_rate2p5_reuse50_seed1,NEAREST_MIGRATE,196,0.0,0.0
input8000_rate2p5_reuse50_seed1,NEAREST_MIGRATE,195,0.0,0.0
input8000_rate2p5_reuse50_seed1,NEAREST_MIGRATE,184,0.0,0.0
input8000_rate2p5_reuse50_seed1,NEAREST_MIGRATE,206,0.0,0.0
input8000_rate2p5_reuse50_seed1,NEAREST_MIGRATE,200,0.0,0.0
input8000_rate2p5_reuse50_seed1,NEAREST_MIGRATE,216,0.0,0.0
input8000_rate2p5_reuse50_seed1,NEAREST_MIGRATE,224,0.0,0.0
input8000_rate2p5_reuse50_seed1,NEAREST_MIGRATE,257,0.0,0.0
input8000_rate2p5_reuse50_seed1,NEAREST_MIGRATE,245,0.0,0.0
input8000_rate2p5_reuse50_seed1,NEAREST_MIGRATE,250,0.0,0.0
input8000_rate2p5_reuse50_seed1,NEAREST_MIGRATE,279,0.0,0.0
input8000_rate2p5_reuse50_seed1,NEAREST_MIGRATE,288,0.0,0.0
input8000_rate2p5_reuse50_seed1,NEAREST_MIGRATE,294,0.0,0.0
input8000_rate2p5_reuse50_seed1,NEAREST_MIGRATE,292,0.0,0.0
input8000_rate2p5_reuse50_seed1,NEAREST_MIGRATE,283,0.0,0.0
input8000_rate2p5_reuse50_seed1,NEAREST_MIGRATE,15,0.0,0.0
input8000_rate2p5_reuse50_seed1,NEAREST_MIGRATE,20,0.0,0.0
input8000_rate2p5_reuse50_seed1,NEAREST_MIGRATE,17,0.0,0.0
input8000_rate2p5_reuse50_seed1,NEAREST_MIGRATE,2,0.0,0.0
input8000_rate2p5_reuse50_seed1,NEAREST_MIGRATE,8,0.0,0.0
input8000_rate2p5_reuse50_seed1,NEAREST_MIGRATE,45,0.0,0.0
input8000_rate2p5_reuse50_seed1,NEAREST_MIGRATE,52,0.0,0.0
input8000_rate2p5_reuse50_seed1,NEAREST_MIGRATE,63,0.0,0.0
input8000_rate2p5_reuse50_seed1,NEAREST_MIGRATE,78,0.0,0.0
input8000_rate2p5_reuse50_seed1,NEAREST_MIGRATE,99,0.0,0.0
input8000_rate2p5_reuse50_seed1,NEAREST_MIGRATE,102,0.0,0.0
input8000_rate2p5_reuse50_seed1,NEAREST_MIGRATE,90,0.0,0.0
input8000_rate2p5_reuse50_seed1,NEAREST_MIGRATE,122,0.0,0.0
input8000_rate2p5_reuse50_seed1,NEAREST_MIGRATE,121,0.0,0.0
input8000_rate2p5_reuse50_seed1,NEAREST_MIGRATE,130,0.0,0.0
input8000_rate2p5_reuse50_seed1,NEAREST_MIGRATE,140,0.0,0.0
input8000_rate2p5_reuse50_seed1,NEAREST_MIGRATE,183,0.0,0.0
input8000_rate2p5_reuse50_seed1,NEAREST_MIGRATE,168,0.0,0.0
input8000_rate2p5_reuse50_seed1,NEAREST_MIGRATE,177,0.0,0.0
input8000_rate2p5_reuse50_seed1,NEAREST_MIGRATE,188,0.0,0.0
input8000_rate2p5_reuse50_seed1,NEAREST_MIGRATE,211,0.0,0.0
input8000_rate2p5_reuse50_seed1,NEAREST_MIGRATE,213,0.0,0.0
input8000_rate2p5_reuse50_seed1,NEAREST_MIGRATE,204,0.0,0.0
input8000_rate2p5_reuse50_seed1,NEAREST_MIGRATE,207,0.0,0.0
input8000_rate2p5_reuse50_seed1,NEAREST_MIGRATE,227,0.0,0.0
input8000_rate2p5_reuse50_seed1,NEAREST_MIGRATE,232,0.0,0.0
input8000_rate2p5_reuse50_seed1,NEAREST_MIGRATE,234,0.0,0.0
input8000_rate2p5_reuse50_seed1,NEAREST_MIGRATE,237,0.0,0.0
input8000_rate2p5_reuse50_seed1,NEAREST_MIGRATE,255,0.0,0.0
input8000_rate2p5_reuse50_seed1,NEAREST_MIGRATE,274,0.0,0.0
input8000_rate2p5_reuse50_seed1,NEAREST_MIGRATE,289,0.0,0.0
input8000_rate2p5_reuse50_seed1,NEAREST_MIGRATE,295,0.0,0.0
input8000_rate2p5_reuse50_seed1,NEAREST_MIGRATE,1,0.0,0.0
input8000_rate2p5_reuse50_seed1,NEAREST_MIGRATE,11,0.0,0.0
input8000_rate2p5_reuse50_seed1,NEAREST_MIGRATE,30,0.0,0.0
input8000_rate2p5_reuse50_seed1,NEAREST_MIGRATE,31,0.0,0.0
input8000_rate2p5_reuse50_seed1,NEAREST_MIGRATE,48,0.0,0.0
input8000_rate2p5_reuse50_seed1,NEAREST_MIGRATE,59,0.0,0.0
input8000_rate2p5_reuse50_seed1,NEAREST_MIGRATE,56,0.0,0.0
input8000_rate2p5_reuse50_seed1,NEAREST_MIGRATE,58,0.0,0.0
input8000_rate2p5_reuse50_seed1,NEAREST_MIGRATE,83,0.0,0.0
input8000_rate2p5_reuse50_seed1,NEAREST_MIGRATE,97,0.0,0.0
input8000_rate2p5_reuse50_seed1,NEAREST_MIGRATE,86,0.0,0.0
input8000_rate2p5_reuse50_seed1,NEAREST_MIGRATE,107,0.0,0.0
input8000_rate2p5_reuse50_seed1,NEAREST_MIGRATE,149,0.0,0.0
input8000_rate2p5_reuse50_seed1,NEAREST_MIGRATE,145,0.0,0.0
input8000_rate2p5_reuse50_seed1,NEAREST_MIGRATE,154,0.0,0.0
input8000_rate2p5_reuse50_seed1,NEAREST_MIGRATE,170,0.0,0.0
input8000_rate2p5_reuse50_seed1,NEAREST_MIGRATE,175,0.0,0.0
input8000_rate2p5_reuse50_seed1,NEAREST_MIGRATE,178,0.0,0.0
input8000_rate2p5_reuse50_seed1,NEAREST_MIGRATE,198,0.0,0.0
input8000_rate2p5_reuse50_seed1,NEAREST_MIGRATE,186,0.0,0.0
input8000_rate2p5_reuse50_seed1,NEAREST_MIGRATE,208,0.0,0.0
input8000_rate2p5_reuse50_seed1,NEAREST_MIGRATE,199,0.0,0.0
input8000_rate2p5_reuse50_seed1,NEAREST_MIGRATE,242,0.0,0.0
input8000_rate2p5_reuse50_seed1,NEAREST_MIGRATE,240,0.0,0.0
input8000_rate2p5_reuse50_seed1,NEAREST_MIGRATE,228,0.0,0.0
input8000_rate2p5_reuse50_seed1,NEAREST_MIGRATE,266,0.0,0.0
input8000_rate2p5_reuse50_seed1,NEAREST_MIGRATE,252,0.0,0.0
input8000_rate2p5_reuse50_seed1,NEAREST_MIGRATE,263,0.0,0.0
input8000_rate2p5_reuse50_seed1,NEAREST_MIGRATE,284,0.0,0.0
input8000_rate2p5_reuse50_seed1,NEAREST_MIGRATE_KV,7,0.0,0.0
input8000_rate2p5_reuse50_seed1,NEAREST_MIGRATE_KV,5,0.0,0.0
input8000_rate2p5_reuse50_seed1,NEAREST_MIGRATE_KV,39,0.0,0.0
input8000_rate2p5_reuse50_seed1,NEAREST_MIGRATE_KV,35,0.0,0.0
input8000_rate2p5_reuse50_seed1,NEAREST_MIGRATE_KV,71,0.0,0.0
input8000_rate2p5_reuse50_seed1,NEAREST_MIGRATE_KV,74,0.0,0.0
input8000_rate2p5_reuse50_seed1,NEAREST_MIGRATE_KV,105,0.0,0.0
input8000_rate2p5_reuse50_seed1,NEAREST_MIGRATE_KV,109,0.0,0.0
input8000_rate2p5_reuse50_seed1,NEAREST_MIGRATE_KV,104,0.0,0.0
input8000_rate2p5_reuse50_seed1,NEAREST_MIGRATE_KV,114,0.0,0.0
input8000_rate2p5_reuse50_seed1,NEAREST_MIGRATE_KV,144,0.0,0.0
input8000_rate2p5_reuse50_seed1,NEAREST_MIGRATE_KV,155,0.0,0.0
input8000_rate2p5_reuse50_seed1,NEAREST_MIGRATE_KV,146,0.0,0.0
input8000_rate2p5_reuse50_seed1,NEAREST_MIGRATE_KV,171,0.0,0.0
input8000_rate2p5_reuse50_seed1,NEAREST_MIGRATE_KV,169,0.0,0.0
input8000_rate2p5_reuse50_seed1,NEAREST_MIGRATE_KV,173,0.0,0.0
input8000_rate2p5_reuse50_seed1,NEAREST_MIGRATE_KV,215,0.0,0.0
input8000_rate2p5_reuse50_seed1,NEAREST_MIGRATE_KV,238,0.0,0.0
input8000_rate2p5_reuse50_seed1,NEAREST_MIGRATE_KV,239,0.0,0.0
input8000_rate2p5_reuse50_seed1,NEAREST_MIGRATE_KV,253,0.0,0.0
input8000_rate2p5_reuse50_seed1,NEAREST_MIGRATE_KV,270,0.0,0.0
input8000_rate2p5_reuse50_seed1,NEAREST_MIGRATE_KV,272,0.0,0.0
input8000_rate2p5_reuse50_seed1,NEAREST_MIGRATE_KV,275,0.0,0.0
input8000_rate2p5_reuse50_seed1,NEAREST_MIGRATE_KV,296,0.0,0.0
input8000_rate2p5_reuse50_seed1,NEAREST_MIGRATE_KV,14,0.0,0.0
input8000_rate2p5_reuse50_seed1,NEAREST_MIGRATE_KV,18,0.0,0.0
input8000_rate2p5_reuse50_seed1,NEAREST_MIGRATE_KV,33,0.0,0.0
input8000_rate2p5_reuse50_seed1,NEAREST_MIGRATE_KV,50,0.0,0.0
input8000_rate2p5_reuse50_seed1,NEAREST_MIGRATE_KV,41,0.0,0.0
input8000_rate2p5_reuse50_seed1,NEAREST_MIGRATE_KV,49,0.0,0.0
input8000_rate2p5_reuse50_seed1,NEAREST_MIGRATE_KV,73,0.0,0.0
input8000_rate2p5_reuse50_seed1,NEAREST_MIGRATE_KV,76,0.0,0.0
input8000_rate2p5_reuse50_seed1,NEAREST_MIGRATE_KV,88,0.0,0.0
input8000_rate2p5_reuse50_seed1,NEAREST_MIGRATE_KV,87,0.0,0.0
input8000_rate2p5_reuse50_seed1,NEAREST_MIGRATE_KV,89,0.0,0.0
input8000_rate2p5_reuse50_seed1,NEAREST_MIGRATE_KV,126,0.0,0.0
input8000_rate2p5_reuse50_seed1,NEAREST_MIGRATE_KV,113,0.0,0.0
input8000_rate2p5_reuse50_seed1,NEAREST_MIGRATE_KV,132,0.0,0.0
input8000_rate2p5_reuse50_seed1,NEAREST_MIGRATE_KV,141,0.0,0.0
input8000_rate2p5_reuse50_seed1,NEAREST_MIGRATE_KV,156,0.0,0.0
input8000_rate2p5_reuse50_seed1,NEAREST_MIGRATE_KV,150,0.0,0.0
input8000_rate2p5_reuse50_seed1,NEAREST_MIGRATE_KV,174,0.0,0.0
input8000_rate2p5_reuse50_seed1,NEAREST_MIGRATE_KV,181,0.0,0.0
input8000_rate2p5_reuse50_seed1,NEAREST_MIGRATE_KV,190,0.0,0.0
input8000_rate2p5_reuse50_seed1,NEAREST_MIGRATE_KV,166,0.0,0.0
input8000_rate2p5_reuse50_seed1,NEAREST_MIGRATE_KV,180,0.0,0.0
input8000_rate2p5_reuse50_seed1,NEAREST_MIGRATE_KV,223,0.0,0.0
input8000_rate2p5_reuse50_seed1,NEAREST_MIGRATE_KV,210,0.0,0.0
input8000_rate2p5_reuse50_seed1,NEAREST_MIGRATE_KV,231,0.0,0.0
input8000_rate2p5_reuse50_seed1,NEAREST_MIGRATE_KV,233,0.0,0.0
input8000_rate2p5_reuse50_seed1,NEAREST_MIGRATE_KV,246,0.0,0.0
input8000_rate2p5_reuse50_seed1,NEAREST_MIGRATE_KV,251,0.0,0.0
input8000_rate2p5_reuse50_seed1,NEAREST_MIGRATE_KV,261,0.0,0.0
input8000_rate2p5_reuse50_seed1,NEAREST_MIGRATE_KV,299,0.0,0.0
input8000_rate2p5_reuse50_seed1,NEAREST_MIGRATE_KV,69,0.0,0.0
input8000_rate2p5_reuse50_seed1,NEAREST_MIGRATE_KV,64,0.0,0.0
input8000_rate2p5_reuse50_seed1,NEAREST_MIGRATE_KV,91,0.0,0.0
input8000_rate2p5_reuse50_seed1,NEAREST_MIGRATE_KV,103,0.0,0.0
input8000_rate2p5_reuse50_seed1,NEAREST_MIGRATE_KV,106,0.0,0.0
input8000_rate2p5_reuse50_seed1,NEAREST_MIGRATE_KV,116,0.0,0.0
input8000_rate2p5_reuse50_seed1,NEAREST_MIGRATE_KV,131,0.0,0.0
input8000_rate2p5_reuse50_seed1,NEAREST_MIGRATE_KV,125,0.0,0.0
input8000_rate2p5_reuse50_seed1,NEAREST_MIGRATE_KV,143,0.0,0.0
input8000_rate2p5_reuse50_seed1,NEAREST_MIGRATE_KV,151,0.0,0.0
input8000_rate2p5_reuse50_seed1,NEAREST_MIGRATE_KV,157,0.0,0.0
input8000_rate2p5_reuse50_seed1,NEAREST_MIGRATE_KV,192,0.0,0.0
input8000_rate2p5_reuse50_seed1,NEAREST_MIGRATE_KV,212,0.0,0.0
input8000_rate2p5_reuse50_seed1,NEAREST_MIGRATE_KV,205,0.0,0.0
input8000_rate2p5_reuse50_seed1,NEAREST_MIGRATE_KV,219,0.0,0.0
input8000_rate2p5_reuse50_seed1,NEAREST_MIGRATE_KV,244,0.0,0.0
input8000_rate2p5_reuse50_seed1,NEAREST_MIGRATE_KV,259,0.0,0.0
input8000_rate2p5_reuse50_seed1,NEAREST_MIGRATE_KV,267,0.0,0.0
input8000_rate2p5_reuse50_seed1,NEAREST_MIGRATE_KV,268,0.0,0.0
input8000_rate2p5_reuse50_seed1,NEAREST_MIGRATE_KV,287,0.0,0.0
input8000_rate2p5_reuse50_seed1,NEAREST_MIGRATE_KV,285,0.0,0.0
input8000_rate2p5_reuse50_seed1,NEAREST_MIGRATE_KV,293,0.0,0.0
input8000_rate2p5_reuse50_seed1,NEAREST_MIGRATE_KV,10,0.0,0.0
input8000_rate2p5_reuse50_seed1,NEAREST_MIGRATE_KV,0,0.0,0.0
input8000_rate2p5_reuse50_seed1,NEAREST_MIGRATE_KV,13,0.0,0.0
input8000_rate2p5_reuse50_seed1,NEAREST_MIGRATE_KV,16,0.0,0.0
input8000_rate2p5_reuse50_seed1,NEAREST_MIGRATE_KV,43,0.0,0.0
input8000_rate2p5_reuse50_seed1,NEAREST_MIGRATE_KV,44,0.0,0.0
input8000_rate2p5_reuse50_seed1,NEAREST_MIGRATE_KV,53,0.0,0.0
input8000_rate2p5_reuse50_seed1,NEAREST_MIGRATE_KV,47,0.0,0.0
input8000_rate2p5_reuse50_seed1,NEAREST_MIGRATE_KV,61,0.0,0.0
input8000_rate2p5_reuse50_seed1,NEAREST_MIGRATE_KV,77,0.0,0.0
input8000_rate2p5_reuse50_seed1,NEAREST_MIGRATE_KV,65,0.0,0.0
input8000_rate2p5_reuse50_seed1,NEAREST_MIGRATE_KV,67,0.0,0.0
input8000_rate2p5_reuse50_seed1,NEAREST_MIGRATE_KV,92,0.0,0.0
input8000_rate2p5_reuse50_seed1,NEAREST_MIGRATE_KV,100,0.0,0.0
input8000_rate2p5_reuse50_seed1,NEAREST_MIGRATE_KV,118,0.0,0.0
input8000_rate2p5_reuse50_seed1,NEAREST_MIGRATE_KV,101,0.0,0.0
input8000_rate2p5_reuse50_seed1,NEAREST_MIGRATE_KV,127,0.0,0.0
input8000_rate2p5_reuse50_seed1,NEAREST_MIGRATE_KV,110,0.0,0.0
input8000_rate2p5_reuse50_seed1,NEAREST_MIGRATE_KV,135,0.0,0.0
input8000_rate2p5_reuse50_seed1,NEAREST_MIGRATE_KV,134,0.0,0.0
input8000_rate2p5_reuse50_seed1,NEAREST_MIGRATE_KV,142,0.0,0.0
input8000_rate2p5_reuse50_seed1,NEAREST_MIGRATE_KV,161,0.0,0.0
input8000_rate2p5_reuse50_seed1,NEAREST_MIGRATE_KV,162,0.0,0.0
input8000_rate2p5_reuse50_seed1,NEAREST_MIGRATE_KV,172,0.0,0.0
input8000_rate2p5_reuse50_seed1,NEAREST_MIGRATE_KV,194,0.0,0.0
input8000_rate2p5_reuse50_seed1,NEAREST_MIGRATE_KV,182,0.0,0.0
input8000_rate2p5_reuse50_seed1,NEAREST_MIGRATE_KV,222,0.0,0.0
input8000_rate2p5_reuse50_seed1,NEAREST_MIGRATE_KV,220,0.0,0.0
input8000_rate2p5_reuse50_seed1,NEAREST_MIGRATE_KV,260,0.0,0.0
input8000_rate2p5_reuse50_seed1,NEAREST_MIGRATE_KV,273,0.0,0.0
input8000_rate2p5_reuse50_seed1,NEAREST_MIGRATE_KV,282,0.0,0.0
input8000_rate2p5_reuse50_seed1,NEAREST_MIGRATE_KV,9,0.0,0.0
input8000_rate2p5_reuse50_seed1,NEAREST_MIGRATE_KV,6,0.0,0.0
input8000_rate2p5_reuse50_seed1,NEAREST_MIGRATE_KV,3,0.0,0.0
input8000_rate2p5_reuse50_seed1,NEAREST_MIGRATE_KV,25,0.0,0.0
input8000_rate2p5_reuse50_seed1,NEAREST_MIGRATE_KV,26,0.0,0.0
input8000_rate2p5_reuse50_seed1,NEAREST_MIGRATE_KV,27,0.0,0.0
input8000_rate2p5_reuse50_seed1,NEAREST_MIGRATE_KV,38,0.0,0.0
input8000_rate2p5_reuse50_seed1,NEAREST_MIGRATE_KV,40,0.0,0.0
input8000_rate2p5_reuse50_seed1,NEAREST_MIGRATE_KV,66,0.0,0.0
input8000_rate2p5_reuse50_seed1,NEAREST_MIGRATE_KV,68,0.0,0.0
input8000_rate2p5_reuse50_seed1,NEAREST_MIGRATE_KV,75,0.0,0.0
input8000_rate2p5_reuse50_seed1,NEAREST_MIGRATE_KV,98,0.0,0.0
input8000_rate2p5_reuse50_seed1,NEAREST_MIGRATE_KV,85,0.0,0.0
input8000_rate2p5_reuse50_seed1,NEAREST_MIGRATE_KV,93,0.0,0.0
input8000_rate2p5_reuse50_seed1,NEAREST_MIGRATE_KV,120,0.0,0.0
input8000_rate2p5_reuse50_seed1,NEAREST_MIGRATE_KV,124,0.0,0.0
input8000_rate2p5_reuse50_seed1,NEAREST_MIGRATE_KV,123,0.0,0.0
input8000_rate2p5_reuse50_seed1,NEAREST_MIGRATE_KV,128,0.0,0.0
input8000_rate2p5_reuse50_seed1,NEAREST_MIGRATE_KV,148,423.31469237988165,423.3146924172649
input8000_rate2p5_reuse50_seed1,NEAREST_MIGRATE_KV,165,0.0,0.0
input8000_rate2p5_reuse50_seed1,NEAREST_MIGRATE_KV,147,0.0,0.0
input8000_rate2p5_reuse50_seed1,NEAREST_MIGRATE_KV,153,423.31469237988165,423.3146924172649
input8000_rate2p5_reuse50_seed1,NEAREST_MIGRATE_KV,176,423.31469237988165,423.3146924172649
input8000_rate2p5_reuse50_seed1,NEAREST_MIGRATE_KV,159,423.31469237988165,423.3146924172649
input8000_rate2p5_reuse50_seed1,NEAREST_MIGRATE_KV,187,0.0,0.0
input8000_rate2p5_reuse50_seed1,NEAREST_MIGRATE_KV,202,0.0,0.0
input8000_rate2p5_reuse50_seed1,NEAREST_MIGRATE_KV,209,0.0,0.0
input8000_rate2p5_reuse50_seed1,NEAREST_MIGRATE_KV,226,0.0,0.0
input8000_rate2p5_reuse50_seed1,NEAREST_MIGRATE_KV,229,0.0,0.0
input8000_rate2p5_reuse50_seed1,NEAREST_MIGRATE_KV,218,0.0,0.0
input8000_rate2p5_reuse50_seed1,NEAREST_MIGRATE_KV,217,0.0,0.0
input8000_rate2p5_reuse50_seed1,NEAREST_MIGRATE_KV,235,0.0,0.0
input8000_rate2p5_reuse50_seed1,NEAREST_MIGRATE_KV,241,0.0,0.0
input8000_rate2p5_reuse50_seed1,NEAREST_MIGRATE_KV,248,0.0,0.0
input8000_rate2p5_reuse50_seed1,NEAREST_MIGRATE_KV,269,0.0,0.0
input8000_rate2p5_reuse50_seed1,NEAREST_MIGRATE_KV,278,0.0,0.0
input8000_rate2p5_reuse50_seed1,NEAREST_MIGRATE_KV,291,0.0,0.0
input8000_rate2p5_reuse50_seed1,NEAREST_MIGRATE_KV,290,0.0,0.0
input8000_rate2p5_reuse50_seed1,NEAREST_MIGRATE_KV,280,0.0,0.0
input8000_rate2p5_reuse50_seed1,NEAREST_MIGRATE_KV,4,0.0,0.0
input8000_rate2p5_reuse50_seed1,NEAREST_MIGRATE_KV,22,0.0,0.0
input8000_rate2p5_reuse50_seed1,NEAREST_MIGRATE_KV,28,0.0,0.0
input8000_rate2p5_reuse50_seed1,NEAREST_MIGRATE_KV,36,0.0,0.0
input8000_rate2p5_reuse50_seed1,NEAREST_MIGRATE_KV,32,0.0,0.0
input8000_rate2p5_reuse50_seed1,NEAREST_MIGRATE_KV,46,0.0,0.0
input8000_rate2p5_reuse50_seed1,NEAREST_MIGRATE_KV,51,0.0,0.0
input8000_rate2p5_reuse50_seed1,NEAREST_MIGRATE_KV,54,0.0,0.0
input8000_rate2p5_reuse50_seed1,NEAREST_MIGRATE_KV,80,0.0,0.0
input8000_rate2p5_reuse50_seed1,NEAREST_MIGRATE_KV,94,0.0,0.0
input8000_rate2p5_reuse50_seed1,NEAREST_MIGRATE_KV,81,0.0,0.0
input8000_rate2p5_reuse50_seed1,NEAREST_MIGRATE_KV,115,0.0,0.0
input8000_rate2p5_reuse50_seed1,NEAREST_MIGRATE_KV,129,423.31469237988165,423.3146924172649
input8000_rate2p5_reuse50_seed1,NEAREST_MIGRATE_KV,133,423.31469237988165,423.3146924172649
input8000_rate2p5_reuse50_seed1,NEAREST_MIGRATE_KV,136,0.0,0.0
input8000_rate2p5_reuse50_seed1,NEAREST_MIGRATE_KV,137,0.0,0.0
input8000_rate2p5_reuse50_seed1,NEAREST_MIGRATE_KV,163,423.31469237988165,423.3146924172649
input8000_rate2p5_reuse50_seed1,NEAREST_MIGRATE_KV,164,423.31469237988165,423.3146924172649
input8000_rate2p5_reuse50_seed1,NEAREST_MIGRATE_KV,152,0.0,0.0
input8000_rate2p5_reuse50_seed1,NEAREST_MIGRATE_KV,185,0.0,0.0
input8000_rate2p5_reuse50_seed1,NEAREST_MIGRATE_KV,178,0.0,0.0
input8000_rate2p5_reuse50_seed1,NEAREST_MIGRATE_KV,197,423.31469237988165,423.3146924172649
input8000_rate2p5_reuse50_seed1,NEAREST_MIGRATE_KV,207,0.0,0.0
input8000_rate2p5_reuse50_seed1,NEAREST_MIGRATE_KV,230,423.31469237988165,423.3146924172649
input8000_rate2p5_reuse50_seed1,NEAREST_MIGRATE_KV,214,423.31469237988165,423.3146924172649
input8000_rate2p5_reuse50_seed1,NEAREST_MIGRATE_KV,221,423.31469237988165,423.3146924172649
input8000_rate2p5_reuse50_seed1,NEAREST_MIGRATE_KV,236,423.31469237988165,423.3146924172649
input8000_rate2p5_reuse50_seed1,NEAREST_MIGRATE_KV,225,0.0,0.0
input8000_rate2p5_reuse50_seed1,NEAREST_MIGRATE_KV,243,0.0,0.0
input8000_rate2p5_reuse50_seed1,NEAREST_MIGRATE_KV,249,423.31469237988165,423.3146924172649
input8000_rate2p5_reuse50_seed1,NEAREST_MIGRATE_KV,256,423.31469237988165,423.3146924172649
input8000_rate2p5_reuse50_seed1,NEAREST_MIGRATE_KV,254,423.31469237988165,423.3146924172649
input8000_rate2p5_reuse50_seed1,NEAREST_MIGRATE_KV,298,423.31469237988165,423.3146924172649
input8000_rate2p5_reuse50_seed1,NEAREST_MIGRATE_KV,258,423.31469237988165,423.3146924172649
input8000_rate2p5_reuse50_seed1,NEAREST_MIGRATE_KV,262,423.31469237988165,423.3146924172649
input8000_rate2p5_reuse50_seed1,NEAREST_MIGRATE_KV,19,0.0,0.0
input8000_rate2p5_reuse50_seed1,NEAREST_MIGRATE_KV,23,0.0,0.0
input8000_rate2p5_reuse50_seed1,NEAREST_MIGRATE_KV,24,0.0,0.0
input8000_rate2p5_reuse50_seed1,NEAREST_MIGRATE_KV,21,0.0,0.0
input8000_rate2p5_reuse50_seed1,NEAREST_MIGRATE_KV,37,0.0,0.0
input8000_rate2p5_reuse50_seed1,NEAREST_MIGRATE_KV,57,0.0,0.0
input8000_rate2p5_reuse50_seed1,NEAREST_MIGRATE_KV,42,0.0,0.0
input8000_rate2p5_reuse50_seed1,NEAREST_MIGRATE_KV,60,0.0,0.0
input8000_rate2p5_reuse50_seed1,NEAREST_MIGRATE_KV,79,0.0,0.0
input8000_rate2p5_reuse50_seed1,NEAREST_MIGRATE_KV,70,0.0,0.0
input8000_rate2p5_reuse50_seed1,NEAREST_MIGRATE_KV,72,0.0,0.0
input8000_rate2p5_reuse50_seed1,NEAREST_MIGRATE_KV,84,0.0,0.0
input8000_rate2p5_reuse50_seed1,NEAREST_MIGRATE_KV,95,0.0,0.0
input8000_rate2p5_reuse50_seed1,NEAREST_MIGRATE_KV,112,0.0,0.0
input8000_rate2p5_reuse50_seed1,NEAREST_MIGRATE_KV,111,0.0,0.0
input8000_rate2p5_reuse50_seed1,NEAREST_MIGRATE_KV,117,0.0,0.0
input8000_rate2p5_reuse50_seed1,NEAREST_MIGRATE_KV,139,0.0,0.0
input8000_rate2p5_reuse50_seed1,NEAREST_MIGRATE_KV,167,0.0,0.0
input8000_rate2p5_reuse50_seed1,NEAREST_MIGRATE_KV,158,0.0,0.0
input8000_rate2p5_reuse50_seed1,NEAREST_MIGRATE_KV,193,0.0,0.0
input8000_rate2p5_reuse50_seed1,NEAREST_MIGRATE_KV,201,0.0,0.0
input8000_rate2p5_reuse50_seed1,NEAREST_MIGRATE_KV,203,0.0,0.0
input8000_rate2p5_reuse50_seed1,NEAREST_MIGRATE_KV,247,0.0,0.0
input8000_rate2p5_reuse50_seed1,NEAREST_MIGRATE_KV,277,0.0,0.0
input8000_rate2p5_reuse50_seed1,NEAREST_MIGRATE_KV,271,0.0,0.0
input8000_rate2p5_reuse50_seed1,NEAREST_MIGRATE_KV,265,0.0,0.0
input8000_rate2p5_reuse50_seed1,NEAREST_MIGRATE_KV,281,0.0,0.0
input8000_rate2p5_reuse50_seed1,NEAREST_MIGRATE_KV,276,0.0,0.0
input8000_rate2p5_reuse50_seed1,NEAREST_MIGRATE_KV,297,0.0,0.0
input8000_rate2p5_reuse50_seed1,NEAREST_MIGRATE_KV,286,0.0,0.0
input8000_rate2p5_reuse50_seed1,NEAREST_MIGRATE_KV,12,0.0,0.0
input8000_rate2p5_reuse50_seed1,NEAREST_MIGRATE_KV,29,0.0,0.0
input8000_rate2p5_reuse50_seed1,NEAREST_MIGRATE_KV,34,0.0,0.0
input8000_rate2p5_reuse50_seed1,NEAREST_MIGRATE_KV,55,0.0,0.0
input8000_rate2p5_reuse50_seed1,NEAREST_MIGRATE_KV,62,0.0,0.0
input8000_rate2p5_reuse50_seed1,NEAREST_MIGRATE_KV,82,0.0,0.0
input8000_rate2p5_reuse50_seed1,NEAREST_MIGRATE_KV,96,0.0,0.0
input8000_rate2p5_reuse50_seed1,NEAREST_MIGRATE_KV,119,0.0,0.0
input8000_rate2p5_reuse50_seed1,NEAREST_MIGRATE_KV,108,0.0,0.0
input8000_rate2p5_reuse50_seed1,NEAREST_MIGRATE_KV,138,0.0,0.0
input8000_rate2p5_reuse50_seed1,NEAREST_MIGRATE_KV,179,0.0,0.0
input8000_rate2p5_reuse50_seed1,NEAREST_MIGRATE_KV,160,0.0,0.0
input8000_rate2p5_reuse50_seed1,NEAREST_MIGRATE_KV,189,0.0,0.0
input8000_rate2p5_reuse50_seed1,NEAREST_MIGRATE_KV,196,0.0,0.0
input8000_rate2p5_reuse50_seed1,NEAREST_MIGRATE_KV,195,0.0,0.0
input8000_rate2p5_reuse50_seed1,NEAREST_MIGRATE_KV,184,0.0,0.0
input8000_rate2p5_reuse50_seed1,NEAREST_MIGRATE_KV,206,0.0,0.0
input8000_rate2p5_reuse50_seed1,NEAREST_MIGRATE_KV,200,0.0,0.0
input8000_rate2p5_reuse50_seed1,NEAREST_MIGRATE_KV,216,423.31469237988165,423.3146924172649
input8000_rate2p5_reuse50_seed1,NEAREST_MIGRATE_KV,224,0.0,0.0
input8000_rate2p5_reuse50_seed1,NEAREST_MIGRATE_KV,257,0.0,0.0
input8000_rate2p5_reuse50_seed1,NEAREST_MIGRATE_KV,245,0.0,0.0
input8000_rate2p5_reuse50_seed1,NEAREST_MIGRATE_KV,250,423.31469237988165,423.3146924172649
input8000_rate2p5_reuse50_seed1,NEAREST_MIGRATE_KV,279,0.0,0.0
input8000_rate2p5_reuse50_seed1,NEAREST_MIGRATE_KV,288,0.0,0.0
input8000_rate2p5_reuse50_seed1,NEAREST_MIGRATE_KV,294,0.0,0.0
input8000_rate2p5_reuse50_seed1,NEAREST_MIGRATE_KV,292,0.0,0.0
input8000_rate2p5_reuse50_seed1,NEAREST_MIGRATE_KV,283,0.0,0.0
input8000_rate2p5_reuse50_seed1,NEAREST_MIGRATE_KV,15,0.0,0.0
input8000_rate2p5_reuse50_seed1,NEAREST_MIGRATE_KV,20,0.0,0.0
input8000_rate2p5_reuse50_seed1,NEAREST_MIGRATE_KV,17,0.0,0.0
input8000_rate2p5_reuse50_seed1,NEAREST_MIGRATE_KV,2,0.0,0.0
input8000_rate2p5_reuse50_seed1,NEAREST_MIGRATE_KV,8,0.0,0.0
input8000_rate2p5_reuse50_seed1,NEAREST_MIGRATE_KV,45,0.0,0.0
input8000_rate2p5_reuse50_seed1,NEAREST_MIGRATE_KV,52,0.0,0.0
input8000_rate2p5_reuse50_seed1,NEAREST_MIGRATE_KV,63,0.0,0.0
input8000_rate2p5_reuse50_seed1,NEAREST_MIGRATE_KV,78,0.0,0.0
input8000_rate2p5_reuse50_seed1,NEAREST_MIGRATE_KV,99,0.0,0.0
input8000_rate2p5_reuse50_seed1,NEAREST_MIGRATE_KV,102,0.0,0.0
input8000_rate2p5_reuse50_seed1,NEAREST_MIGRATE_KV,90,0.0,0.0
input8000_rate2p5_reuse50_seed1,NEAREST_MIGRATE_KV,122,0.0,0.0
input8000_rate2p5_reuse50_seed1,NEAREST_MIGRATE_KV,121,0.0,0.0
input8000_rate2p5_reuse50_seed1,NEAREST_MIGRATE_KV,130,0.0,0.0
input8000_rate2p5_reuse50_seed1,NEAREST_MIGRATE_KV,140,0.0,0.0
input8000_rate2p5_reuse50_seed1,NEAREST_MIGRATE_KV,183,0.0,0.0
input8000_rate2p5_reuse50_seed1,NEAREST_MIGRATE_KV,191,423.31469237988165,423.3146924172649
input8000_rate2p5_reuse50_seed1,NEAREST_MIGRATE_KV,168,423.31469237988165,423.3146924172649
input8000_rate2p5_reuse50_seed1,NEAREST_MIGRATE_KV,177,0.0,0.0
input8000_rate2p5_reuse50_seed1,NEAREST_MIGRATE_KV,188,0.0,0.0
input8000_rate2p5_reuse50_seed1,NEAREST_MIGRATE_KV,211,0.0,0.0
input8000_rate2p5_reuse50_seed1,NEAREST_MIGRATE_KV,204,0.0,0.0
input8000_rate2p5_reuse50_seed1,NEAREST_MIGRATE_KV,213,423.31469237988165,423.3146924172649
input8000_rate2p5_reuse50_seed1,NEAREST_MIGRATE_KV,227,0.0,0.0
input8000_rate2p5_reuse50_seed1,NEAREST_MIGRATE_KV,232,423.31469237988165,423.3146924172649
input8000_rate2p5_reuse50_seed1,NEAREST_MIGRATE_KV,234,423.31469237988165,423.3146924172649
input8000_rate2p5_reuse50_seed1,NEAREST_MIGRATE_KV,255,0.0,0.0
input8000_rate2p5_reuse50_seed1,NEAREST_MIGRATE_KV,237,0.0,0.0
input8000_rate2p5_reuse50_seed1,NEAREST_MIGRATE_KV,274,0.0,0.0
input8000_rate2p5_reuse50_seed1,NEAREST_MIGRATE_KV,264,0.0,0.0
input8000_rate2p5_reuse50_seed1,NEAREST_MIGRATE_KV,289,423.31469237988165,423.3146924172649
input8000_rate2p5_reuse50_seed1,NEAREST_MIGRATE_KV,295,0.0,0.0
input8000_rate2p5_reuse50_seed1,NEAREST_MIGRATE_KV,1,0.0,0.0
input8000_rate2p5_reuse50_seed1,NEAREST_MIGRATE_KV,11,0.0,0.0
input8000_rate2p5_reuse50_seed1,NEAREST_MIGRATE_KV,30,0.0,0.0
input8000_rate2p5_reuse50_seed1,NEAREST_MIGRATE_KV,31,0.0,0.0
input8000_rate2p5_reuse50_seed1,NEAREST_MIGRATE_KV,48,0.0,0.0
input8000_rate2p5_reuse50_seed1,NEAREST_MIGRATE_KV,59,0.0,0.0
input8000_rate2p5_reuse50_seed1,NEAREST_MIGRATE_KV,56,0.0,0.0
input8000_rate2p5_reuse50_seed1,NEAREST_MIGRATE_KV,58,0.0,0.0
input8000_rate2p5_reuse50_seed1,NEAREST_MIGRATE_KV,83,0.0,0.0
input8000_rate2p5_reuse50_seed1,NEAREST_MIGRATE_KV,97,0.0,0.0
input8000_rate2p5_reuse50_seed1,NEAREST_MIGRATE_KV,86,0.0,0.0
input8000_rate2p5_reuse50_seed1,NEAREST_MIGRATE_KV,107,0.0,0.0
input8000_rate2p5_reuse50_seed1,NEAREST_MIGRATE_KV,149,0.0,0.0
input8000_rate2p5_reuse50_seed1,NEAREST_MIGRATE_KV,145,0.0,0.0
input8000_rate2p5_reuse50_seed1,NEAREST_MIGRATE_KV,154,0.0,0.0
input8000_rate2p5_reuse50_seed1,NEAREST_MIGRATE_KV,170,0.0,0.0
input8000_rate2p5_reuse50_seed1,NEAREST_MIGRATE_KV,175,0.0,0.0
input8000_rate2p5_reuse50_seed1,NEAREST_MIGRATE_KV,186,0.0,0.0
input8000_rate2p5_reuse50_seed1,NEAREST_MIGRATE_KV,198,0.0,0.0
input8000_rate2p5_reuse50_seed1,NEAREST_MIGRATE_KV,208,0.0,0.0
input8000_rate2p5_reuse50_seed1,NEAREST_MIGRATE_KV,199,0.0,0.0
input8000_rate2p5_reuse50_seed1,NEAREST_MIGRATE_KV,242,0.0,0.0
input8000_rate2p5_reuse50_seed1,NEAREST_MIGRATE_KV,240,0.0,0.0
input8000_rate2p5_reuse50_seed1,NEAREST_MIGRATE_KV,228,0.0,0.0
input8000_rate2p5_reuse50_seed1,NEAREST_MIGRATE_KV,266,423.31469237988165,423.3146924172649
input8000_rate2p5_reuse50_seed1,NEAREST_MIGRATE_KV,252,423.31469237988165,423.3146924172649
input8000_rate2p5_reuse50_seed1,NEAREST_MIGRATE_KV,263,0.0,0.0
input8000_rate2p5_reuse50_seed1,NEAREST_MIGRATE_KV,284,0.0,0.0
