instance id,request id,model,input,output,arrival,end_time,latency,queuing_delay,TTFT,TPOT,ITL,user_id,gpu_id,user_x_m,user_y_m,gpu_x_m,gpu_y_m,distance_m,network_throughput_mbps,request_payload_bytes,first_token_payload_bytes,uplink_distance_latency_ns,uplink_serialization_latency_ns,uplink_latency_ns,downlink_distance_latency_ns,downlink_serialization_latency_ns,downlink_latency_ns,communication_latency_ns,request_send_time_ns,gpu_arrival_time_ns,first_schedule_time_ns,first_token_ready_time_ns,first_token_received_time_ns,request_end_time_ns,queueing_before_ttft_ns,prefill_service_ns,simulator_ttft_ns,e2e_ttft_ns,decode_queueing_ns,decode_active_ns,decode_after_ttft_ns,request_completion_latency_ns,ttft_bottleneck,total_latency_bottleneck,communication_ratio,queueing_ratio,prefill_ratio,decode_ratio,nearest_gpu_id,rerouted,reject_penalty_ns,migration_latency_ns,redirect_capacity_reason,capacity_running_reqs,capacity_max_num_seqs,capacity_required_kv_bytes,capacity_free_npu_bytes,capacity_projected_active_kv_bytes,capacity_kv_budget_bytes,capacity_available_kv_bytes,router_capacity_wait_start_ns,router_decision_time_ns,router_capacity_wait_ns,router_candidate_gpu_count,router_capacity_retry_count,router_initial_instance_id,router_initial_waiting_reqs,router_initial_running_reqs,router_initial_max_num_seqs,router_initial_required_kv_bytes,router_initial_free_npu_bytes,router_initial_projected_active_kv_bytes,router_initial_kv_budget_bytes,router_initial_available_kv_bytes,router_initial_capacity_pressure,router_initial_slot_pressure,router_initial_admissible,router_initial_candidate_count,router_initial_admissible_candidate_count,router_initial_total_waiting_reqs,router_initial_max_waiting_reqs,router_initial_total_running_reqs,router_initial_max_running_reqs,router_initial_min_available_kv_bytes,router_initial_max_available_kv_bytes,router_initial_min_capacity_pressure,router_initial_max_capacity_pressure,router_initial_target_instance_id,router_initial_target_waiting_reqs,router_initial_target_running_reqs,router_initial_target_max_num_seqs,router_initial_target_required_kv_bytes,router_initial_target_free_npu_bytes,router_initial_target_projected_active_kv_bytes,router_initial_target_kv_budget_bytes,router_initial_target_available_kv_bytes,router_initial_target_capacity_pressure,router_initial_target_slot_pressure,router_initial_target_admissible,router_decision_instance_id,router_decision_waiting_reqs,router_decision_running_reqs,router_decision_max_num_seqs,router_decision_required_kv_bytes,router_decision_free_npu_bytes,router_decision_projected_active_kv_bytes,router_decision_kv_budget_bytes,router_decision_available_kv_bytes,router_decision_capacity_pressure,router_decision_slot_pressure,router_decision_admissible,router_first_block_reason,router_first_block_instance_id,adaptive_selected_route,adaptive_predicted_local_ttft_ns,adaptive_predicted_cold_ttft_ns,adaptive_predicted_kv_ttft_ns,adaptive_predicted_selected_ttft_ns,adaptive_target_reserved_kv_bytes,adaptive_target_reserved_prefill_tokens,oneshot_selected_route,oneshot_decision_reason,oneshot_decision_time_ns,oneshot_predicted_local_wait_ns,oneshot_predicted_local_ttft_ns,oneshot_predicted_redirect_ttft_ns,oneshot_redirect_margin_ns,oneshot_max_local_wait_ns,oneshot_target_admissible,oneshot_target_reservation_enabled,oneshot_prediction_model,oneshot_formula_local_route_probability,oneshot_formula_local_route_positive_ms,oneshot_formula_local_route_ms,oneshot_formula_local_scheduler_ms,oneshot_formula_local_compute_ms,oneshot_formula_redirect_route_probability,oneshot_formula_redirect_route_positive_ms,oneshot_formula_redirect_route_ms,oneshot_formula_redirect_scheduler_ms,oneshot_formula_redirect_compute_ms,scheduler_admission_time_ns,scheduler_waiting_reqs_at_admission,scheduler_running_reqs_at_admission,scheduler_running_decode_reqs_at_admission,scheduler_token_budget_at_admission,scheduler_inflight_prefill_tokens_at_admission,scheduler_inflight_decode_tokens_at_admission,scheduler_available_token_budget_at_admission,scheduler_prefill_tokens_ahead_at_admission,scheduler_waiting_reqs_at_first_schedule,scheduler_running_reqs_at_first_schedule,scheduler_running_decode_reqs_at_first_schedule,scheduler_token_budget_at_first_schedule,scheduler_scheduled_prefill_tokens,scheduler_scheduled_decode_tokens,scheduler_batch_num_seqs,scheduler_prefill_tokens_ahead,failover_mode,failed_instance_id,failover_target_instance_id,reuse_prefix_toks,kv_migration_tokens,kv_migration_bytes,kv_migration_latency_ns,kv_migration_distance_latency_ns,kv_migration_serialization_latency_ns,kv_migration_bandwidth_gbps,kv_migration_distance_m,kv_ready_time_ns,kv_migration_effective_latency_ns,kv_migration_speculative_hidden_ns,speculative_kv_target_instance_id,speculative_kv_pin_time_ns,speculative_kv_elapsed_ns,speculative_kv_wasted,speculative_kv_wasted_ns,proactive_kv_prewarm_hit,proactive_kv_prewarm_hit_tokens,proactive_kv_prewarm_seeded_tokens,proactive_kv_prewarm_wasted,proactive_kv_prewarm_pin_applied
0,8,meta-llama/Llama-3.1-8B,4061,9,221494738,3081078413,2859583675,419993637,683992560,271948889,"[277004687, 251236346, 277151573, 257892149, 288067860, 269768786, 258172626, 296297088]",8826,0,145.28030623427443,140.50773760545874,93.54143466934855,124.72191289246473,54.09346626609603,100.0,16744,100,270,1339520,1339790,270,8000,8270,1348060,220154948,221494738,373500037,905487298,905495568,3081078413,152005299,531987261,683992560,685340620,0,2175591115,2175591115,2860923465,prefill,decode,0.001966992705028924,0.221795257079611,0.77623775021536,0.7604484540418438,0,0,0,0,,,,,,,,,-1,221667872,0,12,0,0,0,1,128,534773760,9380028416,761266176,9709281280,8948015104,0.13348464202697402,0.015625,1,12,12,3,3,5,1,7767318528,9709281280,0.05507861442860578,0.2550895829026801,1,3,1,128,534773760,8880906240,1941962752,9709281280,7767318528,0.2550895829026801,0.015625,1,0,0,1,128,534773760,9115787264,761266176,9709281280,8948015104,0.13348464202697402,0.015625,1,,,,,,,,0,0,,,-1,,,,,,,,,,,,,,,,,,,221494738,0,1,0,2048,2048,0,0,0,2,0,0,2048,2048,0,2,0,local_kv,0,0,2016,2016,264241152,0,0,0,0,0,221494738,0,0,,-1,0,,0,,0,0,,
0,40,meta-llama/Llama-3.1-8B,3179,2,958794980,4516049525,3557254545,2962203908,3265039620,292214925,[292214925],22321,0,156.5185681749902,73.53322936440529,93.54143466934855,124.72191289246473,81.1566427713914,100.0,13216,100,406,1057280,1057686,406,8000,8406,1066092,957737294,958794980,3640914960,4223834600,4223843006,4516049525,2682119980,582919640,3265039620,3266105712,0,292214925,292214925,3558312231,queueing,queueing,0.0003264107453972084,0.8211981535519877,0.17847543570261512,0.08212158341255181,0,0,0,0,,,,,,,,,-1,958834241,0,12,0,0,7,5,128,417333248,5334622208,7742685184,9709281280,1966596096,0.8404348578106082,0.046875,1,12,12,16,7,24,5,1966596096,9709281280,0.042982918710951175,0.8404348578106082,1,7,5,128,417333248,6056042496,6381633536,9709281280,3327647744,0.7002543842256468,0.046875,1,0,7,5,128,417333248,5127004160,7742685184,9709281280,1966596096,0.8404348578106082,0.046875,1,,,,,,,,0,0,,,-1,,,,,,,,,,,,,,,,,,,958794980,7,5,2,2048,2046,2,0,35220,5,0,0,2048,2038,10,12,0,local_kv,0,0,1584,1584,207618048,0,0,0,0,0,958794980,0,0,,-1,0,,0,,0,0,,
0,41,meta-llama/Llama-3.1-8B,4061,9,962635522,5077574817,4114939295,2958363366,3261199078,106717527,"[292214925, 220029570, 203078555, 27677443, 27680451, 27683427, 27686403, 27689443]",19600,0,96.52112511143307,140.59701094283946,93.54143466934855,124.72191289246473,16.15231541419562,100.0,16744,100,81,1339520,1339601,81,8000,8081,1347682,961295921,962635522,3920998888,4223834600,4223842681,5077574817,2958363366,302835712,3261199078,3262546760,0,853740217,853740217,4116278896,queueing,queueing,0.0004130766849147014,0.906765046947557,0.0928218763675283,0.20740541701060314,0,0,0,0,,,,,,,,,-1,962640463,0,12,0,0,8,5,128,534773760,5127004160,8160018432,9709281280,1549262848,0.895513472239214,0.046875,1,12,12,17,8,24,5,1549262848,9709281280,0.05507861442860578,0.895513472239214,1,7,5,128,534773760,6056042496,6381633536,9709281280,3327647744,0.7123500799433015,0.046875,1,0,8,5,128,534773760,5127004160,8160018432,9709281280,1549262848,0.895513472239214,0.046875,1,,,,,,,,0,0,,,-1,,,,,,,,,,,,,,,,,,,962635522,8,5,2,2048,2046,2,0,38399,4,0,0,2048,2037,11,14,0,local_kv,0,0,2016,2016,264241152,0,0,0,0,0,962635522,0,0,,-1,0,,0,,0,0,,
0,35,meta-llama/Llama-3.1-8B,5083,71,868736356,6998666783,6129930427,2772178604,3052262532,43966684,"[302835712, 292214925, 220029570, 203078555, 27677443, 27680451, 27683427, 27686403, 27689443, 27298206, 255869538, 27674659, 27693904, 27680643, 27683651, 27686627, 27689635, 27692643, 27695619, 27698595, 27701603, 27704579, 27707555, 27710563, 27713539, 27716515, 27719523, 27722499, 27725475, 27728451, 27731459, 27734435, 27737411, 27740419, 27743395, 27746339, 27749347, 27752323, 27755299, 27758275, 27761251, 27764227, 27767203, 27770179, 27773155, 27776131, 27779107, 27782051, 27785059, 27788003, 27790979, 27793955, 27796931, 27799875, 27802851, 27805827, 27808771, 27811747, 27814723, 27817667, 27820611, 27823619, 27826563, 27829507, 27832483, 27835427, 27838371, 27841379, 27844323, 27847267]",24412,0,153.9865682813675,136.68348789730717,93.54143466934855,124.72191289246473,61.61731456312663,100.0,20832,100,308,1666560,1666868,308,8000,8308,1675176,867069488,868736356,3361996941,3920998888,3921007196,6998666783,2493260585,559001947,3052262532,3053937708,0,3077667895,3077667895,6131597295,queueing,decode,0.00054852985233188,0.8164084612691125,0.18304300887855568,0.5019350712143317,0,0,0,0,,,,,,,,,-1,868737693,0,12,0,0,8,3,128,677380096,5934407680,7065305088,9709281280,2643976192,0.7974519390996571,0.03125,1,12,12,14,8,21,5,2643976192,9709281280,0.06976624494290065,0.7974519390996571,1,6,5,128,677380096,6263660544,5962203136,9709281280,3747078144,0.6838387971802584,0.046875,1,0,8,3,128,677380096,5603057664,7065305088,9709281280,2643976192,0.7974519390996571,0.03125,1,,,,,,,,0,0,,,-1,,,,,,,,,,,,,,,,,,,868736356,8,3,1,2048,2047,1,0,36661,6,0,0,2048,2039,9,11,0,local_kv,0,0,2528,2528,331350016,0,0,0,0,0,868736356,0,0,,-1,0,,0,,0,0,,
0,57,meta-llama/Llama-3.1-8B,3061,84,4516049526,7755352599,3239303073,220029569,423108124,33930059,"[27677443, 27680451, 27683427, 27686403, 27689443, 27298206, 255869538, 27674659, 27693904, 27680643, 27683651, 27686627, 27689635, 27692643, 27695619, 27698595, 27701603, 27704579, 27707555, 27710563, 27713539, 27716515, 27719523, 27722499, 27725475, 27728451, 27731459, 27734435, 27737411, 27740419, 27743395, 27746339, 27749347, 27752323, 27755299, 27758275, 27761251, 27764227, 27767203, 27770179, 27773155, 27776131, 27779107, 27782051, 27785059, 27788003, 27790979, 27793955, 27796931, 27799875, 27802851, 27805827, 27808771, 27811747, 27814723, 27817667, 27820611, 27823619, 27826563, 27829507, 27832483, 27835427, 27838371, 27841379, 27844323, 27847267, 27257342, 262274533, 77555211, 27809219, 27812195, 27815171, 27818115, 27821059, 27824067, 27827011, 27829955, 27832931, 27835875, 27838819, 27841827, 27844771, 27847715]",5540,0,184.57894212672113,37.591674637969504,93.54143466934855,124.72191289246473,126.01391265386641,100.0,12744,100,630,1019520,1020150,630,8000,8630,1028780,1531955226,4516049526,4736079095,4939157650,4939166280,7755352599,220029569,203078555,423108124,3407211054,0,2816194949,2816194949,6223397373,queueing,decode,0.0024255847352533133,0.5187701587032851,0.4788042565614616,0.869106954706716,0,0,0,0,,,,,,,,,1532976757,4520376658,2987399901,12,23089,0,9,7,128,413138944,4126662656,9672065024,9709281280,37216256,1.038717869753589,0.0625,0,12,11,17,9,38,9,37216256,9709281280,0.0425509295781778,1.038717869753589,1,8,9,128,413138944,4109885440,8856272896,9709281280,853008384,0.9546959834291668,0.078125,1,0,0,15,128,413138944,756539392,9206497280,9709281280,502784000,0.990767076015744,0.125,1,npu_memory,0,,,,,,0,0,,,-1,,,,,,,,,,,,,,,,,,,4516049526,0,15,14,2048,1727,14,307,0,1,0,0,2048,1541,15,16,0,local_kv,0,0,1520,1520,199229440,0,0,0,0,0,4516049526,0,0,,-1,0,,0,,0,0,,
0,16,meta-llama/Llama-3.1-8B,3367,130,435932251,8640924535,8204992284,469555047,746559734,57817306,"[251236346, 277151573, 257892149, 288067860, 269768786, 258172626, 296297088, 280918528, 278918019, 280083928, 302835712, 292214925, 220029570, 203078555, 27677443, 27680451, 27683427, 27686403, 27689443, 27298206, 255869538, 27674659, 27693904, 27680643, 27683651, 27686627, 27689635, 27692643, 27695619, 27698595, 27701603, 27704579, 27707555, 27710563, 27713539, 27716515, 27719523, 27722499, 27725475, 27728451, 27731459, 27734435, 27737411, 27740419, 27743395, 27746339, 27749347, 27752323, 27755299, 27758275, 27761251, 27764227, 27767203, 27770179, 27773155, 27776131, 27779107, 27782051, 27785059, 27788003, 27790979, 27793955, 27796931, 27799875, 27802851, 27805827, 27808771, 27811747, 27814723, 27817667, 27820611, 27823619, 27826563, 27829507, 27832483, 27835427, 27838371, 27841379, 27844323, 27847267, 27257342, 262274533, 77555211, 27809219, 27812195, 27815171, 27818115, 27821059, 27824067, 27827011, 27829955, 27832931, 27835875, 27838819, 27841827, 27844771, 27847715, 27631294, 27634046, 27636830, 27639614, 27642366, 27645150, 27647902, 27650654, 27653438, 27656190, 27658942, 27661726, 27664478, 27667262, 27670014, 27672766, 27675550, 27678270, 27681054, 27683806, 27686558, 27689342, 27692062, 27694814, 27697598, 27700350, 27703102, 27705854, 27708574, 27711358, 27714110, 27716862]",18551,0,19.69348619412287,54.83720593047312,93.54143466934855,124.72191289246473,101.6729647505325,100.0,13968,100,508,1117440,1117948,508,8000,8508,1126456,434814303,435932251,905487298,1182491985,1182500493,8640924535,469555047,277004687,746559734,747686190,0,7458432550,7458432550,8206110232,queueing,decode,0.001506589281794813,0.6280108597431765,0.3704825509750287,0.9088867449168789,0,0,0,0,,,,,,,,,-1,435963398,0,12,0,0,1,2,128,459276288,8595693568,1820327936,9709281280,7888953344,0.2347860936623313,0.0234375,1,12,12,4,3,12,3,6653730816,9709281280,0.047302810038684966,0.3620068932640913,1,3,3,128,459276288,8184651776,3055550464,9709281280,6653730816,0.3620068932640913,0.03125,1,0,1,2,128,459276288,8375492608,1820327936,9709281280,7888953344,0.2347860936623313,0.0234375,1,,,,,,,,0,0,,,-1,,,,,,,,,,,,,,,,,,,435932251,1,2,0,2048,2048,0,0,3851,9,0,0,2048,2046,2,5,0,local_kv,0,0,1680,1680,220200960,0,0,0,0,0,435932251,0,0,,-1,0,,0,,0,0,,
0,13,meta-llama/Llama-3.1-8B,3851,138,372996950,9060477261,8687480311,532490348,809495035,57503542,"[251236346, 277151573, 257892149, 288067860, 269768786, 258172626, 296297088, 280918528, 278918019, 280083928, 302835712, 292214925, 220029570, 203078555, 27677443, 27680451, 27683427, 27686403, 27689443, 27298206, 255869538, 27674659, 27693904, 27680643, 27683651, 27686627, 27689635, 27692643, 27695619, 27698595, 27701603, 27704579, 27707555, 27710563, 27713539, 27716515, 27719523, 27722499, 27725475, 27728451, 27731459, 27734435, 27737411, 27740419, 27743395, 27746339, 27749347, 27752323, 27755299, 27758275, 27761251, 27764227, 27767203, 27770179, 27773155, 27776131, 27779107, 27782051, 27785059, 27788003, 27790979, 27793955, 27796931, 27799875, 27802851, 27805827, 27808771, 27811747, 27814723, 27817667, 27820611, 27823619, 27826563, 27829507, 27832483, 27835427, 27838371, 27841379, 27844323, 27847267, 27257342, 262274533, 77555211, 27809219, 27812195, 27815171, 27818115, 27821059, 27824067, 27827011, 27829955, 27832931, 27835875, 27838819, 27841827, 27844771, 27847715, 27631294, 27634046, 27636830, 27639614, 27642366, 27645150, 27647902, 27650654, 27653438, 27656190, 27658942, 27661726, 27664478, 27667262, 27670014, 27672766, 27675550, 27678270, 27681054, 27683806, 27686558, 27689342, 27692062, 27694814, 27697598, 27700350, 27703102, 27705854, 27708574, 27711358, 27714110, 27716862, 27306769, 225805105, 27733278, 27736030, 27738750, 27741534, 27744254, 27747006]",9281,0,158.04357070664236,90.52497660906428,93.54143466934855,124.72191289246473,73.00654768268738,100.0,15904,100,365,1272320,1272685,365,8000,8365,1281050,371724265,372996950,641488375,1182491985,1182500350,9060477261,268491425,541003610,809495035,810776085,0,7877985276,7877985276,8688752996,prefill,decode,0.0015800293369531244,0.33115360697892315,0.6672663636841237,0.9066868047913924,0,0,0,0,,,,,,,,,-1,373020766,0,12,0,0,1,1,128,524288000,9115787264,1296039936,9709281280,8413241344,0.18748328362364633,0.015625,1,12,12,4,2,9,3,7257710592,9709281280,0.05399864159667234,0.30649628970271214,1,2,3,128,524288000,8469864448,2451570688,9709281280,7257710592,0.30649628970271214,0.03125,1,0,1,1,128,524288000,8864129024,1296039936,9709281280,8413241344,0.18748328362364633,0.015625,1,,,,,,,,0,0,,,-1,,,,,,,,,,,,,,,,,,,372996950,1,1,0,2048,2048,0,0,4061,5,0,0,2048,2047,1,3,0,local_kv,0,0,1920,1920,251658240,0,0,0,0,0,372996950,0,0,,-1,0,,0,,0,0,,
0,50,meta-llama/Llama-3.1-8B,3540,130,1195720392,9531023946,8335303554,3028114208,3320329133,38875770,"[220029570, 203078555, 27677443, 27680451, 27683427, 27686403, 27689443, 27298206, 255869538, 27674659, 27693904, 27680643, 27683651, 27686627, 27689635, 27692643, 27695619, 27698595, 27701603, 27704579, 27707555, 27710563, 27713539, 27716515, 27719523, 27722499, 27725475, 27728451, 27731459, 27734435, 27737411, 27740419, 27743395, 27746339, 27749347, 27752323, 27755299, 27758275, 27761251, 27764227, 27767203, 27770179, 27773155, 27776131, 27779107, 27782051, 27785059, 27788003, 27790979, 27793955, 27796931, 27799875, 27802851, 27805827, 27808771, 27811747, 27814723, 27817667, 27820611, 27823619, 27826563, 27829507, 27832483, 27835427, 27838371, 27841379, 27844323, 27847267, 27257342, 262274533, 77555211, 27809219, 27812195, 27815171, 27818115, 27821059, 27824067, 27827011, 27829955, 27832931, 27835875, 27838819, 27841827, 27844771, 27847715, 27631294, 27634046, 27636830, 27639614, 27642366, 27645150, 27647902, 27650654, 27653438, 27656190, 27658942, 27661726, 27664478, 27667262, 27670014, 27672766, 27675550, 27678270, 27681054, 27683806, 27686558, 27689342, 27692062, 27694814, 27697598, 27700350, 27703102, 27705854, 27708574, 27711358, 27714110, 27716862, 27306769, 225805105, 27733278, 27736030, 27738750, 27741534, 27744254, 27747006, 27248241, 265875087, 149298783, 28124574]",20128,0,172.47329854280693,61.95412897822559,93.54143466934855,124.72191289246473,100.84658562411909,100.0,14660,100,504,1172800,1173304,504,8000,8504,1181808,1194547088,1195720392,4223834600,4516049525,4516058029,9531023946,3028114208,292214925,3320329133,3321510941,0,5014974421,5014974421,8336476858,queueing,decode,0.0003558043375416959,0.9116676903338251,0.08797650532863321,0.6015693908442084,0,0,0,0,,,,,,,,,-1,1195721310,0,12,0,0,9,6,128,482344960,4625784832,9189720064,9709281280,519561216,0.9961669401754112,0.0546875,1,12,12,20,9,29,6,519561216,9709281280,0.049678750268938546,0.9961669401754112,1,6,6,128,482344960,5783412736,6381633536,9709281280,3327647744,0.7069502157836342,0.0546875,1,0,9,6,128,482344960,4395098112,9189720064,9709281280,519561216,0.9961669401754112,0.0546875,1,,,,,,,,0,0,,,-1,,,,,,,,,,,,,,,,,,,1195720392,9,6,4,2048,2044,4,0,41776,2,0,0,2048,2035,13,16,0,local_kv,0,0,1760,1760,230686720,0,0,0,0,0,1195720392,0,0,,-1,0,,0,,0,0,,
0,42,meta-llama/Llama-3.1-8B,3622,143,1039879209,10086457446,9046578237,3183955391,3476170316,39228224,"[220029570, 203078555, 27677443, 27680451, 27683427, 27686403, 27689443, 27298206, 255869538, 27674659, 27693904, 27680643, 27683651, 27686627, 27689635, 27692643, 27695619, 27698595, 27701603, 27704579, 27707555, 27710563, 27713539, 27716515, 27719523, 27722499, 27725475, 27728451, 27731459, 27734435, 27737411, 27740419, 27743395, 27746339, 27749347, 27752323, 27755299, 27758275, 27761251, 27764227, 27767203, 27770179, 27773155, 27776131, 27779107, 27782051, 27785059, 27788003, 27790979, 27793955, 27796931, 27799875, 27802851, 27805827, 27808771, 27811747, 27814723, 27817667, 27820611, 27823619, 27826563, 27829507, 27832483, 27835427, 27838371, 27841379, 27844323, 27847267, 27257342, 262274533, 77555211, 27809219, 27812195, 27815171, 27818115, 27821059, 27824067, 27827011, 27829955, 27832931, 27835875, 27838819, 27841827, 27844771, 27847715, 27631294, 27634046, 27636830, 27639614, 27642366, 27645150, 27647902, 27650654, 27653438, 27656190, 27658942, 27661726, 27664478, 27667262, 27670014, 27672766, 27675550, 27678270, 27681054, 27683806, 27686558, 27689342, 27692062, 27694814, 27697598, 27700350, 27703102, 27705854, 27708574, 27711358, 27714110, 27716862, 27306769, 225805105, 27733278, 27736030, 27738750, 27741534, 27744254, 27747006, 27248241, 265875087, 149298783, 28124574, 27685361, 218695073, 28082398, 28085054, 28087742, 28090398, 28093054, 28095742, 28098398, 28101086, 28103742, 28106398, 28109054]",18018,0,166.950882873308,102.56741476022651,93.54143466934855,124.72191289246473,76.67965097143538,100.0,14988,100,383,1199040,1199423,383,8000,8383,1207806,1038679786,1039879209,3920998888,4516049525,4516057908,10086457446,2881119679,595050637,3476170316,3477378122,0,5570407921,5570407921,9047777660,queueing,decode,0.0003473323744572636,0.8285321808325335,0.17112048679300917,0.6156653013816189,0,0,0,0,,,,,,,,,-1,1039894745,0,12,0,0,9,5,128,494927872,5127004160,8694792192,9709281280,1014489088,0.9464881899064727,0.046875,1,12,12,16,9,26,6,1014489088,9709281280,0.05097471766725868,0.9464881899064727,1,6,6,128,494927872,5783412736,6381633536,9709281280,3327647744,0.7082461831819543,0.0546875,1,0,9,5,128,494927872,4890025984,8694792192,9709281280,1014489088,0.9464881899064727,0.046875,1,,,,,,,,0,0,,,-1,,,,,,,,,,,,,,,,,,,1039879209,9,5,2,2048,2046,2,0,42460,3,0,0,2048,2037,11,14,0,local_kv,0,0,1808,1808,236978176,0,0,0,0,0,1039879209,0,0,,-1,0,,0,,0,0,,
0,51,meta-llama/Llama-3.1-8B,3506,193,3081078414,11708249839,8627171425,1434971111,1655000681,36313389,"[203078555, 27677443, 27680451, 27683427, 27686403, 27689443, 27298206, 255869538, 27674659, 27693904, 27680643, 27683651, 27686627, 27689635, 27692643, 27695619, 27698595, 27701603, 27704579, 27707555, 27710563, 27713539, 27716515, 27719523, 27722499, 27725475, 27728451, 27731459, 27734435, 27737411, 27740419, 27743395, 27746339, 27749347, 27752323, 27755299, 27758275, 27761251, 27764227, 27767203, 27770179, 27773155, 27776131, 27779107, 27782051, 27785059, 27788003, 27790979, 27793955, 27796931, 27799875, 27802851, 27805827, 27808771, 27811747, 27814723, 27817667, 27820611, 27823619, 27826563, 27829507, 27832483, 27835427, 27838371, 27841379, 27844323, 27847267, 27257342, 262274533, 77555211, 27809219, 27812195, 27815171, 27818115, 27821059, 27824067, 27827011, 27829955, 27832931, 27835875, 27838819, 27841827, 27844771, 27847715, 27631294, 27634046, 27636830, 27639614, 27642366, 27645150, 27647902, 27650654, 27653438, 27656190, 27658942, 27661726, 27664478, 27667262, 27670014, 27672766, 27675550, 27678270, 27681054, 27683806, 27686558, 27689342, 27692062, 27694814, 27697598, 27700350, 27703102, 27705854, 27708574, 27711358, 27714110, 27716862, 27306769, 225805105, 27733278, 27736030, 27738750, 27741534, 27744254, 27747006, 27248241, 265875087, 149298783, 28124574, 27685361, 218695073, 28082398, 28085054, 28087742, 28090398, 28093054, 28095742, 28098398, 28101086, 28103742, 28106398, 28109054, 27653585, 216894234, 28042974, 28045630, 28048350, 28051006, 28053694, 28056350, 28059006, 28061726, 28064382, 28067070, 28069726, 28072414, 28075070, 28077726, 28080414, 28083070, 28085758, 28088414, 28091102, 28093758, 28096414, 28099102, 28101758, 28104446, 28107070, 28109758, 28112414, 28115070, 28117758, 28120382, 28123070, 28125726, 28128414, 28131038, 28133694, 28136382, 28139006, 28141694, 28144318, 28147006, 28149662, 28152318, 28154974, 28157598, 28160286, 28162910, 28165566, 28168222, 28170878]",18333,0,175.12870496762397,87.31735721100253,93.54143466934855,124.72191289246473,89.75290223971291,100.0,14524,100,449,1161920,1162369,449,8000,8449,1170818,1197049769,3081078414,4223834600,4736079095,4736087544,11708249839,1142756186,512244495,1655000681,3539037775,0,6972170744,6972170744,10511200070,queueing,decode,0.0007069424879651308,0.6899987028456888,0.3092943546663461,0.8080544961758305,0,0,0,0,,,,,,,,,1198214565,3081322785,1883108220,12,48166,0,10,6,128,486539264,4395098112,9672065024,9709281280,37216256,1.0462776795771231,0.0546875,0,12,11,21,10,29,6,37216256,9709281280,0.05011073940171193,1.0462776795771231,1,6,6,128,486539264,5783412736,6381633536,9709281280,3327647744,0.7073822049164076,0.0546875,1,0,5,10,128,486539264,2291654656,9137291264,9709281280,571990016,0.9911990651485174,0.0859375,1,npu_memory,0,,,,,,0,0,,,-1,,,,,,,,,,,,,,,,,,,3081078414,5,10,8,2048,2040,8,0,19485,1,0,0,2048,2035,13,16,0,local_kv,0,0,1744,1744,228589568,0,0,0,0,0,3081078414,0,0,,-1,0,,0,,0,0,,
0,70,meta-llama/Llama-3.1-8B,3543,78,8640924536,12082934938,3442010402,27306768,253111873,41414266,"[27733278, 27736030, 27738750, 27741534, 27744254, 27747006, 27248241, 265875087, 149298783, 28124574, 27685361, 218695073, 28082398, 28085054, 28087742, 28090398, 28093054, 28095742, 28098398, 28101086, 28103742, 28106398, 28109054, 27653585, 216894234, 28042974, 28045630, 28048350, 28051006, 28053694, 28056350, 28059006, 28061726, 28064382, 28067070, 28069726, 28072414, 28075070, 28077726, 28080414, 28083070, 28085758, 28088414, 28091102, 28093758, 28096414, 28099102, 28101758, 28104446, 28107070, 28109758, 28112414, 28115070, 28117758, 28120382, 28123070, 28125726, 28128414, 28131038, 28133694, 28136382, 28139006, 28141694, 28144318, 28147006, 28149662, 28152318, 28154974, 28157598, 28160286, 28162910, 28165566, 28168222, 28170878, 27726225, 263130684, 83828190]",23208,0,80.39130543873206,74.49618035195567,93.54143466934855,124.72191289246473,51.91868746427113,100.0,14672,100,260,1173760,1174020,260,8000,8260,1182280,1732724183,8640924536,8668231304,8894036409,8894044669,12082934938,27306768,225805105,253111873,7161320486,0,3188898529,3188898529,10350210755,prefill,decode,0.004649261440155881,0.10738260269790788,0.8879681358619362,0.9261458255504041,0,0,0,0,,,,,,,,,1733902567,8640924638,6907022071,12,384502,0,9,7,128,476053504,3858227200,9672065024,9709281280,37216256,1.0451977067451896,0.0625,0,12,10,20,9,41,9,37216256,9709281280,0.04903076656977848,1.0451977067451896,1,9,9,128,476053504,3738689536,9640607744,9709281280,68673536,1.0419577882493893,0.078125,0,0,0,14,128,476053504,328720384,8799649792,9709281280,909631488,0.9553439671283269,0.1171875,1,npu_memory,0,,,,,,0,0,,,-1,,,,,,,,,,,,,,,,,,,8640924536,0,14,14,2048,0,14,2034,0,1,0,0,2048,1783,14,15,0,local_kv,0,0,1760,1760,230686720,0,0,0,0,0,8640924536,0,0,,-1,0,,0,,0,0,,
0,75,meta-llama/Llama-3.1-8B,6044,71,9060477262,12334811250,3274333988,293123327,442422110,40455883,"[28124574, 27685361, 218695073, 28082398, 28085054, 28087742, 28090398, 28093054, 28095742, 28098398, 28101086, 28103742, 28106398, 28109054, 27653585, 216894234, 28042974, 28045630, 28048350, 28051006, 28053694, 28056350, 28059006, 28061726, 28064382, 28067070, 28069726, 28072414, 28075070, 28077726, 28080414, 28083070, 28085758, 28088414, 28091102, 28093758, 28096414, 28099102, 28101758, 28104446, 28107070, 28109758, 28112414, 28115070, 28117758, 28120382, 28123070, 28125726, 28128414, 28131038, 28133694, 28136382, 28139006, 28141694, 28144318, 28147006, 28149662, 28152318, 28154974, 28157598, 28160286, 28162910, 28165566, 28168222, 28170878, 27726225, 263130684, 83828190, 27976529, 223899783]",896,0,109.60528472268471,66.59931175118331,93.54143466934855,124.72191289246473,60.3016089500484,100.0,24676,100,302,1974080,1974382,302,8000,8302,1982684,1940501704,9060477262,9087725502,9502899372,9502907674,12334811250,27248240,415173870,442422110,7562405970,0,2831911878,2831911878,10394309546,prefill,decode,0.004461437020411621,0.061314010037434474,0.9342245529421539,0.8643584126656729,0,0,0,0,,,,,,,,,1942971580,9060477364,7117505784,12,418523,0,9,7,128,803209216,3858227200,9672065024,9709281280,37216256,1.0788928591015132,0.0625,0,12,10,19,9,45,9,37216256,9027706880,0.15292415300177606,1.0788928591015132,1,9,9,128,803209216,3472351232,9640607744,9709281280,68673536,1.075652940605713,0.078125,0,0,0,14,128,803209216,95936512,8751415296,9709281280,957865984,0.9840712444577566,0.1171875,1,npu_memory,0,,,,,,0,0,,,-1,,,,,,,,,,,,,,,,,,,9060477262,0,14,14,2048,0,14,2034,0,1,0,0,2048,2034,14,15,0,local_kv,0,0,3008,3008,394264576,0,0,0,0,0,9060477262,0,0,,-1,0,,0,,0,0,,
0,76,meta-llama/Llama-3.1-8B,3389,107,9531023947,13755376575,4224352628,27685360,246380433,37528039,"[28082398, 28085054, 28087742, 28090398, 28093054, 28095742, 28098398, 28101086, 28103742, 28106398, 28109054, 27653585, 216894234, 28042974, 28045630, 28048350, 28051006, 28053694, 28056350, 28059006, 28061726, 28064382, 28067070, 28069726, 28072414, 28075070, 28077726, 28080414, 28083070, 28085758, 28088414, 28091102, 28093758, 28096414, 28099102, 28101758, 28104446, 28107070, 28109758, 28112414, 28115070, 28117758, 28120382, 28123070, 28125726, 28128414, 28131038, 28133694, 28136382, 28139006, 28141694, 28144318, 28147006, 28149662, 28152318, 28154974, 28157598, 28160286, 28162910, 28165566, 28168222, 28170878, 27726225, 263130684, 83828190, 27976529, 223899783, 27607932, 263436891, 109757470, 28280894, 28283518, 28286174, 28288766, 28291390, 28294014, 28296638, 28299262, 28301886, 28304542, 28307134, 28309758, 28312382, 28314974, 28317630, 28320222, 28322878, 28325470, 28328094, 28330718, 28333342, 28335934, 28338526, 28341182, 28343774, 28346398, 28348990, 28351614, 28354238, 28356862, 28359454, 28362078, 28364670, 28367262, 28369886, 28372478]",25700,0,111.02319778590713,69.83156800289535,93.54143466934855,124.72191289246473,57.60696141751744,100.0,14056,100,288,1124480,1124768,288,8000,8288,1133056,1949626169,9531023947,9558709307,9777404380,9777412668,13755376575,27685360,218695073,246380433,7827786499,0,3977972195,3977972195,11805750406,prefill,decode,0.004577754548157171,0.11185394425109493,0.8835683012007479,0.941423659311586,0,0,0,0,,,,,,,,,1954223964,9531024049,7576800085,12,446314,0,9,7,128,459276288,3858227200,9672065024,9709281280,37216256,1.0434697502140962,0.0625,0,12,10,19,9,45,9,37216256,9027706880,0.117501044114359,1.0434697502140962,1,9,9,128,459276288,3472351232,9640607744,9709281280,68673536,1.0402298317182959,0.078125,0,0,0,14,128,459276288,196599808,9072279552,9709281280,637001728,0.9816953042275031,0.1171875,1,npu_memory,0,,,,,,0,0,,,-1,,,,,,,,,,,,,,,,,,,9531023947,0,14,14,2048,0,14,2034,0,1,0,0,2048,1709,14,15,0,local_kv,0,0,1680,1680,220200960,0,0,0,0,0,9531023947,0,0,,-1,0,,0,,0,0,,
0,78,meta-llama/Llama-3.1-8B,3349,106,10086457447,14271295294,4184837847,27653584,244547818,37526571,"[28042974, 28045630, 28048350, 28051006, 28053694, 28056350, 28059006, 28061726, 28064382, 28067070, 28069726, 28072414, 28075070, 28077726, 28080414, 28083070, 28085758, 28088414, 28091102, 28093758, 28096414, 28099102, 28101758, 28104446, 28107070, 28109758, 28112414, 28115070, 28117758, 28120382, 28123070, 28125726, 28128414, 28131038, 28133694, 28136382, 28139006, 28141694, 28144318, 28147006, 28149662, 28152318, 28154974, 28157598, 28160286, 28162910, 28165566, 28168222, 28170878, 27726225, 263130684, 83828190, 27976529, 223899783, 27607932, 263436891, 109757470, 28280894, 28283518, 28286174, 28288766, 28291390, 28294014, 28296638, 28299262, 28301886, 28304542, 28307134, 28309758, 28312382, 28314974, 28317630, 28320222, 28322878, 28325470, 28328094, 28330718, 28333342, 28335934, 28338526, 28341182, 28343774, 28346398, 28348990, 28351614, 28354238, 28356862, 28359454, 28362078, 28364670, 28367262, 28369886, 28372478, 27963057, 204733602, 28310398, 28313054, 28315646, 28318302, 28320894, 28323518, 28326142, 28328734, 28331390, 28333982]",24286,0,61.3733688187729,74.05411624560425,93.54143466934855,124.72191289246473,60.01674830923929,100.0,13896,100,300,1111680,1111980,300,8000,8300,1120280,1962829278,10086457447,10114111031,10331005265,10331013565,14271295294,27653584,216894234,244547818,8368184287,0,3940290029,3940290029,12308466016,prefill,decode,0.004560136253425953,0.11256481498871701,0.882875048757857,0.9413113818756553,0,0,0,0,,,,,,,,,1964049361,10086457549,8122408188,12,471069,0,9,7,128,452984832,3858227200,9672065024,9709281280,37216256,1.0428217665149362,0.0625,0,12,10,19,9,45,9,37216256,9027706880,0.11685306041519893,1.0428217665149362,1,9,9,128,452984832,3472351232,9640607744,9709281280,68673536,1.0395818480191357,0.078125,0,0,0,14,128,452984832,1564672,9036627968,9709281280,672653312,0.9773754128997693,0.1171875,1,npu_memory,0,,,,,,0,0,,,-1,,,,,,,,,,,,,,,,,,,10086457447,0,14,14,2048,0,14,2034,0,1,0,0,2048,1685,14,15,0,local_kv,0,0,1664,1664,218103808,0,0,0,0,0,10086457447,0,0,,-1,0,,0,,0,0,,
0,25,meta-llama/Llama-3.1-8B,7825,307,569649793,15643026876,15073377083,1399122260,1687190120,43745709,"[269768786, 258172626, 296297088, 280918528, 278918019, 280083928, 302835712, 292214925, 220029570, 203078555, 27677443, 27680451, 27683427, 27686403, 27689443, 27298206, 255869538, 27674659, 27693904, 27680643, 27683651, 27686627, 27689635, 27692643, 27695619, 27698595, 27701603, 27704579, 27707555, 27710563, 27713539, 27716515, 27719523, 27722499, 27725475, 27728451, 27731459, 27734435, 27737411, 27740419, 27743395, 27746339, 27749347, 27752323, 27755299, 27758275, 27761251, 27764227, 27767203, 27770179, 27773155, 27776131, 27779107, 27782051, 27785059, 27788003, 27790979, 27793955, 27796931, 27799875, 27802851, 27805827, 27808771, 27811747, 27814723, 27817667, 27820611, 27823619, 27826563, 27829507, 27832483, 27835427, 27838371, 27841379, 27844323, 27847267, 27257342, 262274533, 77555211, 27809219, 27812195, 27815171, 27818115, 27821059, 27824067, 27827011, 27829955, 27832931, 27835875, 27838819, 27841827, 27844771, 27847715, 27631294, 27634046, 27636830, 27639614, 27642366, 27645150, 27647902, 27650654, 27653438, 27656190, 27658942, 27661726, 27664478, 27667262, 27670014, 27672766, 27675550, 27678270, 27681054, 27683806, 27686558, 27689342, 27692062, 27694814, 27697598, 27700350, 27703102, 27705854, 27708574, 27711358, 27714110, 27716862, 27306769, 225805105, 27733278, 27736030, 27738750, 27741534, 27744254, 27747006, 27248241, 265875087, 149298783, 28124574, 27685361, 218695073, 28082398, 28085054, 28087742, 28090398, 28093054, 28095742, 28098398, 28101086, 28103742, 28106398, 28109054, 27653585, 216894234, 28042974, 28045630, 28048350, 28051006, 28053694, 28056350, 28059006, 28061726, 28064382, 28067070, 28069726, 28072414, 28075070, 28077726, 28080414, 28083070, 28085758, 28088414, 28091102, 28093758, 28096414, 28099102, 28101758, 28104446, 28107070, 28109758, 28112414, 28115070, 28117758, 28120382, 28123070, 28125726, 28128414, 28131038, 28133694, 28136382, 28139006, 28141694, 28144318, 28147006, 28149662, 28152318, 28154974, 28157598, 28160286, 28162910, 28165566, 28168222, 28170878, 27726225, 263130684, 83828190, 27976529, 223899783, 27607932, 263436891, 109757470, 28280894, 28283518, 28286174, 28288766, 28291390, 28294014, 28296638, 28299262, 28301886, 28304542, 28307134, 28309758, 28312382, 28314974, 28317630, 28320222, 28322878, 28325470, 28328094, 28330718, 28333342, 28335934, 28338526, 28341182, 28343774, 28346398, 28348990, 28351614, 28354238, 28356862, 28359454, 28362078, 28364670, 28367262, 28369886, 28372478, 27963057, 204733602, 28310398, 28313054, 28315646, 28318302, 28320894, 28323518, 28326142, 28328734, 28331390, 28333982, 27932017, 27934417, 27936881, 27939313, 27941745, 27944177, 27946609, 27949041, 27951473, 27953905, 27956337, 27958769, 27961201, 27963633, 27966065, 27968465, 27970929, 27973329, 27975793, 27978193, 27980625, 27983025, 27985489, 27987889, 27990321, 27992753, 27995185, 27997585, 28000017, 28002417, 28084636, 28007281, 28009713, 28012113, 28030782, 28096732, 28019377, 28038014, 28024209, 28042846, 28029041, 28031441, 28033873, 28036273, 28038705, 28041105, 28043537, 28045937, 28048369]",14788,0,116.91520391336023,0.0,93.54143466934855,124.72191289246473,126.89321748709766,100.0,31800,100,634,2544000,2544634,634,8000,8634,2553268,567105159,569649793,1433728331,2256839913,2256848547,15643026876,864078538,823111582,1687190120,1689743388,0,13386186963,13386186963,15075921717,queueing,decode,0.0015110389057489244,0.5113667223889737,0.4871222387052773,0.8879178035013993,0,0,0,0,,,,,,,,,-1,569658563,0,12,0,0,4,2,128,1067450368,7888953344,3359637504,9709281280,6349643776,0.45596452964230116,0.0234375,1,12,12,11,5,14,4,4812431360,9709281280,0.10994123429082488,0.6142885468037445,1,5,4,128,1067450368,7029121024,4896849920,9709281280,4812431360,0.6142885468037445,0.0390625,1,0,4,2,128,1067450368,7377248256,3359637504,9709281280,6349643776,0.45596452964230116,0.0234375,1,,,,,,,,0,0,,,-1,,,,,,,,,,,,,,,,,,,569649793,4,2,0,2048,2048,0,0,14681,10,0,0,2048,2043,5,7,0,local_kv,0,0,3904,3904,511705088,0,0,0,0,0,569649793,0,0,,-1,0,,0,,0,0,,
0,62,meta-llama/Llama-3.1-8B,4884,230,6998666784,15927332311,8928665527,289531874,367087085,37386805,"[27809219, 27812195, 27815171, 27818115, 27821059, 27824067, 27827011, 27829955, 27832931, 27835875, 27838819, 27841827, 27844771, 27847715, 27631294, 27634046, 27636830, 27639614, 27642366, 27645150, 27647902, 27650654, 27653438, 27656190, 27658942, 27661726, 27664478, 27667262, 27670014, 27672766, 27675550, 27678270, 27681054, 27683806, 27686558, 27689342, 27692062, 27694814, 27697598, 27700350, 27703102, 27705854, 27708574, 27711358, 27714110, 27716862, 27306769, 225805105, 27733278, 27736030, 27738750, 27741534, 27744254, 27747006, 27248241, 265875087, 149298783, 28124574, 27685361, 218695073, 28082398, 28085054, 28087742, 28090398, 28093054, 28095742, 28098398, 28101086, 28103742, 28106398, 28109054, 27653585, 216894234, 28042974, 28045630, 28048350, 28051006, 28053694, 28056350, 28059006, 28061726, 28064382, 28067070, 28069726, 28072414, 28075070, 28077726, 28080414, 28083070, 28085758, 28088414, 28091102, 28093758, 28096414, 28099102, 28101758, 28104446, 28107070, 28109758, 28112414, 28115070, 28117758, 28120382, 28123070, 28125726, 28128414, 28131038, 28133694, 28136382, 28139006, 28141694, 28144318, 28147006, 28149662, 28152318, 28154974, 28157598, 28160286, 28162910, 28165566, 28168222, 28170878, 27726225, 263130684, 83828190, 27976529, 223899783, 27607932, 263436891, 109757470, 28280894, 28283518, 28286174, 28288766, 28291390, 28294014, 28296638, 28299262, 28301886, 28304542, 28307134, 28309758, 28312382, 28314974, 28317630, 28320222, 28322878, 28325470, 28328094, 28330718, 28333342, 28335934, 28338526, 28341182, 28343774, 28346398, 28348990, 28351614, 28354238, 28356862, 28359454, 28362078, 28364670, 28367262, 28369886, 28372478, 27963057, 204733602, 28310398, 28313054, 28315646, 28318302, 28320894, 28323518, 28326142, 28328734, 28331390, 28333982, 27932017, 27934417, 27936881, 27939313, 27941745, 27944177, 27946609, 27949041, 27951473, 27953905, 27956337, 27958769, 27961201, 27963633, 27966065, 27968465, 27970929, 27973329, 27975793, 27978193, 27980625, 27983025, 27985489, 27987889, 27990321, 27992753, 27995185, 27997585, 28000017, 28002417, 28084636, 28007281, 28009713, 28012113, 28030782, 28096732, 28019377, 28038014, 28024209, 28042846, 28029041, 28031441, 28033873, 28036273, 28038705, 28041105, 28043537, 28045937, 28048369, 26738804, 257566631]",20780,0,105.56169038583594,196.56212957465743,93.54143466934855,124.72191289246473,72.83888577150358,100.0,20036,100,364,1602880,1603244,364,8000,8364,1611608,1582947714,6998666784,7025924125,7365753869,7365762233,15927332311,27257341,339829744,367087085,5782814519,0,8561578442,8561578442,14344384597,prefill,decode,0.004371070553266105,0.07392849911729955,0.9217004303294344,0.9587136336950869,0,0,0,0,,,,,,,,,1584567140,6998666886,5414099746,12,186599,0,9,7,128,671088640,4126662656,9672065024,9709281280,37216256,1.0652852014191518,0.0625,0,12,10,18,9,39,9,37216256,9709281280,0.06911826124374058,1.0652852014191518,4,0,2,128,671088640,8786534400,954204160,9709281280,8755077120,0.16739578894968424,0.0234375,1,0,0,15,128,671088640,37216256,9000976384,9709281280,708304896,0.9961669401754112,0.125,1,npu_memory,0,,,,,,0,0,,,-1,,,,,,,,,,,,,,,,,,,6998666784,0,15,15,2048,0,15,2033,0,1,0,0,2048,2033,15,16,0,local_kv,0,0,2432,2432,318767104,0,0,0,0,0,6998666784,0,0,,-1,0,,0,,0,0,,
0,92,meta-llama/Llama-3.1-8B,3529,103,12082934939,15927332311,3844397372,27976528,251876311,35220794,"[27607932, 263436891, 109757470, 28280894, 28283518, 28286174, 28288766, 28291390, 28294014, 28296638, 28299262, 28301886, 28304542, 28307134, 28309758, 28312382, 28314974, 28317630, 28320222, 28322878, 28325470, 28328094, 28330718, 28333342, 28335934, 28338526, 28341182, 28343774, 28346398, 28348990, 28351614, 28354238, 28356862, 28359454, 28362078, 28364670, 28367262, 28369886, 28372478, 27963057, 204733602, 28310398, 28313054, 28315646, 28318302, 28320894, 28323518, 28326142, 28328734, 28331390, 28333982, 27932017, 27934417, 27936881, 27939313, 27941745, 27944177, 27946609, 27949041, 27951473, 27953905, 27956337, 27958769, 27961201, 27963633, 27966065, 27968465, 27970929, 27973329, 27975793, 27978193, 27980625, 27983025, 27985489, 27987889, 27990321, 27992753, 27995185, 27997585, 28000017, 28002417, 28084636, 28007281, 28009713, 28012113, 28030782, 28096732, 28019377, 28038014, 28024209, 28042846, 28029041, 28031441, 28033873, 28036273, 28038705, 28041105, 28043537, 28045937, 28048369, 26738804, 257566631]",17521,0,56.23366579122944,155.73294293170235,93.54143466934855,124.72191289246473,48.51343734222149,100.0,14616,100,243,1169280,1169523,243,8000,8243,1177766,2191275823,12082934939,12110911467,12334811250,12334819493,15927332311,27976528,223899783,251876311,10143543670,0,3592521061,3592521061,13736056488,prefill,decode,0.004654206776522316,0.11055553157517395,0.8847902616483038,0.9341960388448923,0,0,0,0,,,,,,,,,2194784110,12082935041,9888150931,12,537827,0,8,8,128,476053504,3589791744,9672065024,9709281280,37216256,1.0451977067451896,0.0703125,0,12,10,18,8,51,10,37216256,9027706880,0.11922900064545251,1.0451977067451896,4,0,3,128,476053504,8526487552,1507852288,9709281280,8201428992,0.20433085980180812,0.03125,1,0,0,14,128,476053504,225959936,9231663104,9709281280,477618176,0.9998388478039849,0.1171875,1,npu_memory,0,,,,,,0,0,,,-1,,,,,,,,,,,,,,,,,,,12082934939,0,14,14,2048,0,14,2034,0,1,0,0,2048,1769,14,15,0,local_kv,0,0,1760,1760,230686720,0,0,0,0,0,12082934939,0,0,,-1,0,,0,,0,0,,
0,19,meta-llama/Llama-3.1-8B,4306,354,471091511,17087373711,16616282200,962636820,1239788393,43559472,"[257892149, 288067860, 269768786, 258172626, 296297088, 280918528, 278918019, 280083928, 302835712, 292214925, 220029570, 203078555, 27677443, 27680451, 27683427, 27686403, 27689443, 27298206, 255869538, 27674659, 27693904, 27680643, 27683651, 27686627, 27689635, 27692643, 27695619, 27698595, 27701603, 27704579, 27707555, 27710563, 27713539, 27716515, 27719523, 27722499, 27725475, 27728451, 27731459, 27734435, 27737411, 27740419, 27743395, 27746339, 27749347, 27752323, 27755299, 27758275, 27761251, 27764227, 27767203, 27770179, 27773155, 27776131, 27779107, 27782051, 27785059, 27788003, 27790979, 27793955, 27796931, 27799875, 27802851, 27805827, 27808771, 27811747, 27814723, 27817667, 27820611, 27823619, 27826563, 27829507, 27832483, 27835427, 27838371, 27841379, 27844323, 27847267, 27257342, 262274533, 77555211, 27809219, 27812195, 27815171, 27818115, 27821059, 27824067, 27827011, 27829955, 27832931, 27835875, 27838819, 27841827, 27844771, 27847715, 27631294, 27634046, 27636830, 27639614, 27642366, 27645150, 27647902, 27650654, 27653438, 27656190, 27658942, 27661726, 27664478, 27667262, 27670014, 27672766, 27675550, 27678270, 27681054, 27683806, 27686558, 27689342, 27692062, 27694814, 27697598, 27700350, 27703102, 27705854, 27708574, 27711358, 27714110, 27716862, 27306769, 225805105, 27733278, 27736030, 27738750, 27741534, 27744254, 27747006, 27248241, 265875087, 149298783, 28124574, 27685361, 218695073, 28082398, 28085054, 28087742, 28090398, 28093054, 28095742, 28098398, 28101086, 28103742, 28106398, 28109054, 27653585, 216894234, 28042974, 28045630, 28048350, 28051006, 28053694, 28056350, 28059006, 28061726, 28064382, 28067070, 28069726, 28072414, 28075070, 28077726, 28080414, 28083070, 28085758, 28088414, 28091102, 28093758, 28096414, 28099102, 28101758, 28104446, 28107070, 28109758, 28112414, 28115070, 28117758, 28120382, 28123070, 28125726, 28128414, 28131038, 28133694, 28136382, 28139006, 28141694, 28144318, 28147006, 28149662, 28152318, 28154974, 28157598, 28160286, 28162910, 28165566, 28168222, 28170878, 27726225, 263130684, 83828190, 27976529, 223899783, 27607932, 263436891, 109757470, 28280894, 28283518, 28286174, 28288766, 28291390, 28294014, 28296638, 28299262, 28301886, 28304542, 28307134, 28309758, 28312382, 28314974, 28317630, 28320222, 28322878, 28325470, 28328094, 28330718, 28333342, 28335934, 28338526, 28341182, 28343774, 28346398, 28348990, 28351614, 28354238, 28356862, 28359454, 28362078, 28364670, 28367262, 28369886, 28372478, 27963057, 204733602, 28310398, 28313054, 28315646, 28318302, 28320894, 28323518, 28326142, 28328734, 28331390, 28333982, 27932017, 27934417, 27936881, 27939313, 27941745, 27944177, 27946609, 27949041, 27951473, 27953905, 27956337, 27958769, 27961201, 27963633, 27966065, 27968465, 27970929, 27973329, 27975793, 27978193, 27980625, 27983025, 27985489, 27987889, 27990321, 27992753, 27995185, 27997585, 28000017, 28002417, 28084636, 28007281, 28009713, 28012113, 28030782, 28096732, 28019377, 28038014, 28024209, 28042846, 28029041, 28031441, 28033873, 28036273, 28038705, 28041105, 28043537, 28045937, 28048369, 26738804, 257566631, 59988631, 26144143, 26146383, 26148623, 26150863, 26153071, 26155311, 26157551, 26159791, 26161999, 26164239, 26166479, 26168719, 26170927, 26173167, 26175407, 26177615, 26179855, 26182063, 26184303, 26186543, 26188751, 26190991, 26193199, 26195439, 26197647, 26199887, 26202095, 26204335, 26206543, 26208751, 26210991, 26292986, 26215439, 26217647, 26219855, 26222095, 26224303, 26226511, 26228751, 26230959, 26233167, 26235375]",17825,0,0.0,133.10497574975864,93.54143466934855,124.72191289246473,93.91632309066057,100.0,17724,100,470,1417920,1418390,470,8000,8470,1426860,469673121,471091511,1182491985,1710879904,1710888374,17087373711,711400474,528387919,1239788393,1241215253,0,15376493807,15376493807,16617700590,queueing,decode,0.0011495669236671877,0.5731483497971483,0.42570208327918446,0.925307679384778,0,0,0,0,,,,,,,,,-1,471147478,0,12,0,0,3,2,128,612368384,8169971712,2747269120,9709281280,6962012160,0.3460232953514763,0.0234375,1,12,12,7,4,12,3,6230106112,9709281280,0.06307041338491329,0.4214053990204309,4,0,0,128,612368384,9709281280,0,9709281280,9709281280,0.06307041338491329,0.0078125,1,0,3,2,128,612368384,7888953344,2747269120,9709281280,6962012160,0.3460232953514763,0.0234375,1,,,,,,,,0,0,,,-1,,,,,,,,,,,,,,,,,,,471091511,3,2,0,2048,2048,0,0,10375,10,0,0,2048,2044,4,6,0,local_kv,0,0,2144,2144,281018368,0,0,0,0,0,471091511,0,0,,-1,0,,0,,0,0,,
0,87,meta-llama/Llama-3.1-8B,5389,168,12334811251,17725783236,5390971985,291044822,400802292,29881255,"[28280894, 28283518, 28286174, 28288766, 28291390, 28294014, 28296638, 28299262, 28301886, 28304542, 28307134, 28309758, 28312382, 28314974, 28317630, 28320222, 28322878, 28325470, 28328094, 28330718, 28333342, 28335934, 28338526, 28341182, 28343774, 28346398, 28348990, 28351614, 28354238, 28356862, 28359454, 28362078, 28364670, 28367262, 28369886, 28372478, 27963057, 204733602, 28310398, 28313054, 28315646, 28318302, 28320894, 28323518, 28326142, 28328734, 28331390, 28333982, 27932017, 27934417, 27936881, 27939313, 27941745, 27944177, 27946609, 27949041, 27951473, 27953905, 27956337, 27958769, 27961201, 27963633, 27966065, 27968465, 27970929, 27973329, 27975793, 27978193, 27980625, 27983025, 27985489, 27987889, 27990321, 27992753, 27995185, 27997585, 28000017, 28002417, 28084636, 28007281, 28009713, 28012113, 28030782, 28096732, 28019377, 28038014, 28024209, 28042846, 28029041, 28031441, 28033873, 28036273, 28038705, 28041105, 28043537, 28045937, 28048369, 26738804, 257566631, 59988631, 26144143, 26146383, 26148623, 26150863, 26153071, 26155311, 26157551, 26159791, 26161999, 26164239, 26166479, 26168719, 26170927, 26173167, 26175407, 26177615, 26179855, 26182063, 26184303, 26186543, 26188751, 26190991, 26193199, 26195439, 26197647, 26199887, 26202095, 26204335, 26206543, 26208751, 26210991, 26292986, 26215439, 26217647, 26219855, 26222095, 26224303, 26226511, 26228751, 26230959, 26233167, 26235375, 25511901, 25513949, 25515997, 25518013, 25520061, 25522109, 25524157, 25526205, 25528221, 25530269, 25532317, 25534365, 25536381, 25538429, 25540477, 25542493, 25544541, 25546589, 25548605, 25550653, 25552701, 25554717, 25556765, 25558781, 25560829]",4183,0,89.83850560736308,151.72211813246773,93.54143466934855,124.72191289246473,27.252940513646998,100.0,22056,100,136,1764480,1764616,136,8000,8136,1772752,2126862978,12334811251,12362419182,12735613543,12735621679,17725783236,27607931,373194361,400802292,10608758701,0,4990169693,4990169693,15598920258,prefill,decode,0.004403531779779176,0.06857834684854434,0.9270181213716765,0.9253487669761365,0,0,0,0,,,,,,,,,2128959024,12334855692,10205896668,12,543580,0,8,8,128,729808896,3589791744,9672065024,9709281280,37216256,1.0713330492779791,0.0703125,0,12,10,16,8,50,10,37216256,9027706880,0.14536434317824193,1.0713330492779791,1,8,10,128,729808896,3203915776,9640607744,9709281280,68673536,1.0680931307821788,0.0859375,0,0,0,14,128,729808896,112713728,8904507392,9709281280,804773888,0.9922790379804508,0.1171875,1,npu_memory,0,,,,,,0,0,,,-1,,,,,,,,,,,,,,,,,,,12334811251,0,14,14,2048,0,14,2034,0,1,0,0,2048,2034,14,15,0,local_kv,0,0,2688,2688,352321536,0,0,0,0,0,12334811251,0,0,,-1,0,,0,,0,0,,
0,34,meta-llama/Llama-3.1-8B,3637,377,864880372,17848782740,16983902368,2497116569,2776034588,37786882,"[280083928, 302835712, 292214925, 220029570, 203078555, 27677443, 27680451, 27683427, 27686403, 27689443, 27298206, 255869538, 27674659, 27693904, 27680643, 27683651, 27686627, 27689635, 27692643, 27695619, 27698595, 27701603, 27704579, 27707555, 27710563, 27713539, 27716515, 27719523, 27722499, 27725475, 27728451, 27731459, 27734435, 27737411, 27740419, 27743395, 27746339, 27749347, 27752323, 27755299, 27758275, 27761251, 27764227, 27767203, 27770179, 27773155, 27776131, 27779107, 27782051, 27785059, 27788003, 27790979, 27793955, 27796931, 27799875, 27802851, 27805827, 27808771, 27811747, 27814723, 27817667, 27820611, 27823619, 27826563, 27829507, 27832483, 27835427, 27838371, 27841379, 27844323, 27847267, 27257342, 262274533, 77555211, 27809219, 27812195, 27815171, 27818115, 27821059, 27824067, 27827011, 27829955, 27832931, 27835875, 27838819, 27841827, 27844771, 27847715, 27631294, 27634046, 27636830, 27639614, 27642366, 27645150, 27647902, 27650654, 27653438, 27656190, 27658942, 27661726, 27664478, 27667262, 27670014, 27672766, 27675550, 27678270, 27681054, 27683806, 27686558, 27689342, 27692062, 27694814, 27697598, 27700350, 27703102, 27705854, 27708574, 27711358, 27714110, 27716862, 27306769, 225805105, 27733278, 27736030, 27738750, 27741534, 27744254, 27747006, 27248241, 265875087, 149298783, 28124574, 27685361, 218695073, 28082398, 28085054, 28087742, 28090398, 28093054, 28095742, 28098398, 28101086, 28103742, 28106398, 28109054, 27653585, 216894234, 28042974, 28045630, 28048350, 28051006, 28053694, 28056350, 28059006, 28061726, 28064382, 28067070, 28069726, 28072414, 28075070, 28077726, 28080414, 28083070, 28085758, 28088414, 28091102, 28093758, 28096414, 28099102, 28101758, 28104446, 28107070, 28109758, 28112414, 28115070, 28117758, 28120382, 28123070, 28125726, 28128414, 28131038, 28133694, 28136382, 28139006, 28141694, 28144318, 28147006, 28149662, 28152318, 28154974, 28157598, 28160286, 28162910, 28165566, 28168222, 28170878, 27726225, 263130684, 83828190, 27976529, 223899783, 27607932, 263436891, 109757470, 28280894, 28283518, 28286174, 28288766, 28291390, 28294014, 28296638, 28299262, 28301886, 28304542, 28307134, 28309758, 28312382, 28314974, 28317630, 28320222, 28322878, 28325470, 28328094, 28330718, 28333342, 28335934, 28338526, 28341182, 28343774, 28346398, 28348990, 28351614, 28354238, 28356862, 28359454, 28362078, 28364670, 28367262, 28369886, 28372478, 27963057, 204733602, 28310398, 28313054, 28315646, 28318302, 28320894, 28323518, 28326142, 28328734, 28331390, 28333982, 27932017, 27934417, 27936881, 27939313, 27941745, 27944177, 27946609, 27949041, 27951473, 27953905, 27956337, 27958769, 27961201, 27963633, 27966065, 27968465, 27970929, 27973329, 27975793, 27978193, 27980625, 27983025, 27985489, 27987889, 27990321, 27992753, 27995185, 27997585, 28000017, 28002417, 28084636, 28007281, 28009713, 28012113, 28030782, 28096732, 28019377, 28038014, 28024209, 28042846, 28029041, 28031441, 28033873, 28036273, 28038705, 28041105, 28043537, 28045937, 28048369, 26738804, 257566631, 59988631, 26144143, 26146383, 26148623, 26150863, 26153071, 26155311, 26157551, 26159791, 26161999, 26164239, 26166479, 26168719, 26170927, 26173167, 26175407, 26177615, 26179855, 26182063, 26184303, 26186543, 26188751, 26190991, 26193199, 26195439, 26197647, 26199887, 26202095, 26204335, 26206543, 26208751, 26210991, 26292986, 26215439, 26217647, 26219855, 26222095, 26224303, 26226511, 26228751, 26230959, 26233167, 26235375, 25511901, 25513949, 25515997, 25518013, 25520061, 25522109, 25524157, 25526205, 25528221, 25530269, 25532317, 25534365, 25536381, 25538429, 25540477, 25542493, 25544541, 25546589, 25548605, 25550653, 25552701, 25554717, 25556765, 25558781, 25560829, 24596144, 24598032, 24599888, 24601776, 24603664]",24861,0,166.11989279265737,134.5089790932409,93.54143466934855,124.72191289246473,73.23536883484145,100.0,15048,100,366,1203840,1204206,366,8000,8366,1212572,863676166,864880372,3081078413,3640914960,3640923326,17848782740,2216198041,559836547,2776034588,2777247160,0,14207867780,14207867780,16985106574,queueing,decode,0.0004366093221605815,0.7979837275267931,0.2015796631510463,0.836489351422664,0,0,0,0,,,,,,,,,-1,864888466,0,12,0,0,7,3,128,526385152,6171385856,6538919936,9709281280,3170361344,0.7276856941567563,0.03125,1,12,12,13,7,21,5,3170361344,9709281280,0.05421463616305902,0.7276856941567563,1,6,5,128,526385152,6263660544,5962203136,9709281280,3747078144,0.6682871884004168,0.046875,1,0,7,3,128,526385152,5934407680,6538919936,9709281280,3170361344,0.7276856941567563,0.03125,1,,,,,,,,0,0,,,-1,,,,,,,,,,,,,,,,,,,864880372,7,3,1,2048,2047,1,0,33024,6,0,0,2048,2040,8,10,0,local_kv,0,0,1808,1808,236978176,0,0,0,0,0,864880372,0,0,,-1,0,,0,,0,0,,
0,17,meta-llama/Llama-3.1-8B,3157,397,439680044,18135348988,17695668944,742811941,994048287,42175809,"[277151573, 257892149, 288067860, 269768786, 258172626, 296297088, 280918528, 278918019, 280083928, 302835712, 292214925, 220029570, 203078555, 27677443, 27680451, 27683427, 27686403, 27689443, 27298206, 255869538, 27674659, 27693904, 27680643, 27683651, 27686627, 27689635, 27692643, 27695619, 27698595, 27701603, 27704579, 27707555, 27710563, 27713539, 27716515, 27719523, 27722499, 27725475, 27728451, 27731459, 27734435, 27737411, 27740419, 27743395, 27746339, 27749347, 27752323, 27755299, 27758275, 27761251, 27764227, 27767203, 27770179, 27773155, 27776131, 27779107, 27782051, 27785059, 27788003, 27790979, 27793955, 27796931, 27799875, 27802851, 27805827, 27808771, 27811747, 27814723, 27817667, 27820611, 27823619, 27826563, 27829507, 27832483, 27835427, 27838371, 27841379, 27844323, 27847267, 27257342, 262274533, 77555211, 27809219, 27812195, 27815171, 27818115, 27821059, 27824067, 27827011, 27829955, 27832931, 27835875, 27838819, 27841827, 27844771, 27847715, 27631294, 27634046, 27636830, 27639614, 27642366, 27645150, 27647902, 27650654, 27653438, 27656190, 27658942, 27661726, 27664478, 27667262, 27670014, 27672766, 27675550, 27678270, 27681054, 27683806, 27686558, 27689342, 27692062, 27694814, 27697598, 27700350, 27703102, 27705854, 27708574, 27711358, 27714110, 27716862, 27306769, 225805105, 27733278, 27736030, 27738750, 27741534, 27744254, 27747006, 27248241, 265875087, 149298783, 28124574, 27685361, 218695073, 28082398, 28085054, 28087742, 28090398, 28093054, 28095742, 28098398, 28101086, 28103742, 28106398, 28109054, 27653585, 216894234, 28042974, 28045630, 28048350, 28051006, 28053694, 28056350, 28059006, 28061726, 28064382, 28067070, 28069726, 28072414, 28075070, 28077726, 28080414, 28083070, 28085758, 28088414, 28091102, 28093758, 28096414, 28099102, 28101758, 28104446, 28107070, 28109758, 28112414, 28115070, 28117758, 28120382, 28123070, 28125726, 28128414, 28131038, 28133694, 28136382, 28139006, 28141694, 28144318, 28147006, 28149662, 28152318, 28154974, 28157598, 28160286, 28162910, 28165566, 28168222, 28170878, 27726225, 263130684, 83828190, 27976529, 223899783, 27607932, 263436891, 109757470, 28280894, 28283518, 28286174, 28288766, 28291390, 28294014, 28296638, 28299262, 28301886, 28304542, 28307134, 28309758, 28312382, 28314974, 28317630, 28320222, 28322878, 28325470, 28328094, 28330718, 28333342, 28335934, 28338526, 28341182, 28343774, 28346398, 28348990, 28351614, 28354238, 28356862, 28359454, 28362078, 28364670, 28367262, 28369886, 28372478, 27963057, 204733602, 28310398, 28313054, 28315646, 28318302, 28320894, 28323518, 28326142, 28328734, 28331390, 28333982, 27932017, 27934417, 27936881, 27939313, 27941745, 27944177, 27946609, 27949041, 27951473, 27953905, 27956337, 27958769, 27961201, 27963633, 27966065, 27968465, 27970929, 27973329, 27975793, 27978193, 27980625, 27983025, 27985489, 27987889, 27990321, 27992753, 27995185, 27997585, 28000017, 28002417, 28084636, 28007281, 28009713, 28012113, 28030782, 28096732, 28019377, 28038014, 28024209, 28042846, 28029041, 28031441, 28033873, 28036273, 28038705, 28041105, 28043537, 28045937, 28048369, 26738804, 257566631, 59988631, 26144143, 26146383, 26148623, 26150863, 26153071, 26155311, 26157551, 26159791, 26161999, 26164239, 26166479, 26168719, 26170927, 26173167, 26175407, 26177615, 26179855, 26182063, 26184303, 26186543, 26188751, 26190991, 26193199, 26195439, 26197647, 26199887, 26202095, 26204335, 26206543, 26208751, 26210991, 26292986, 26215439, 26217647, 26219855, 26222095, 26224303, 26226511, 26228751, 26230959, 26233167, 26235375, 25511901, 25513949, 25515997, 25518013, 25520061, 25522109, 25524157, 25526205, 25528221, 25530269, 25532317, 25534365, 25536381, 25538429, 25540477, 25542493, 25544541, 25546589, 25548605, 25550653, 25552701, 25554717, 25556765, 25558781, 25560829, 24596144, 24598032, 24599888, 24601776, 24603664, 23871462, 23873126, 23874758, 23876422, 23878054, 23879686, 23881350, 23882982, 23884646, 23886278, 23887910, 23889574]",10112,0,44.125622612000996,176.7799413109128,93.54143466934855,124.72191289246473,71.77716074144367,100.0,13128,100,359,1050240,1050599,359,8000,8359,1058958,438629445,439680044,905487298,1433728331,1433736690,18135348988,465807254,528241033,994048287,995107245,0,16701620657,16701620657,17696719543,prefill,decode,0.0010641646971427687,0.4680975405821711,0.5308382947206861,0.9437688565642953,0,0,0,0,,,,,,,,,-1,439739892,0,12,0,0,2,2,128,467664896,8375492608,2279604224,9709281280,7429677056,0.28295288196656304,0.0234375,1,12,12,5,3,12,3,6653730816,9709281280,0.04816678830423172,0.3628708715296381,4,0,0,128,467664896,9709281280,0,9709281280,9709281280,0.04816678830423172,0.0078125,1,0,2,2,128,467664896,8169971712,2279604224,9709281280,7429677056,0.28295288196656304,0.0234375,1,,,,,,,,0,0,,,-1,,,,,,,,,,,,,,,,,,,439680044,2,2,0,2048,2048,0,0,7218,8,0,0,2048,2046,2,5,0,local_kv,0,0,1568,1568,205520896,0,0,0,0,0,439680044,0,0,,-1,0,,0,,0,0,,
0,29,meta-llama/Llama-3.1-8B,3259,439,699679795,19200777256,18501097461,1557160118,1826928904,38068877,"[258172626, 296297088, 280918528, 278918019, 280083928, 302835712, 292214925, 220029570, 203078555, 27677443, 27680451, 27683427, 27686403, 27689443, 27298206, 255869538, 27674659, 27693904, 27680643, 27683651, 27686627, 27689635, 27692643, 27695619, 27698595, 27701603, 27704579, 27707555, 27710563, 27713539, 27716515, 27719523, 27722499, 27725475, 27728451, 27731459, 27734435, 27737411, 27740419, 27743395, 27746339, 27749347, 27752323, 27755299, 27758275, 27761251, 27764227, 27767203, 27770179, 27773155, 27776131, 27779107, 27782051, 27785059, 27788003, 27790979, 27793955, 27796931, 27799875, 27802851, 27805827, 27808771, 27811747, 27814723, 27817667, 27820611, 27823619, 27826563, 27829507, 27832483, 27835427, 27838371, 27841379, 27844323, 27847267, 27257342, 262274533, 77555211, 27809219, 27812195, 27815171, 27818115, 27821059, 27824067, 27827011, 27829955, 27832931, 27835875, 27838819, 27841827, 27844771, 27847715, 27631294, 27634046, 27636830, 27639614, 27642366, 27645150, 27647902, 27650654, 27653438, 27656190, 27658942, 27661726, 27664478, 27667262, 27670014, 27672766, 27675550, 27678270, 27681054, 27683806, 27686558, 27689342, 27692062, 27694814, 27697598, 27700350, 27703102, 27705854, 27708574, 27711358, 27714110, 27716862, 27306769, 225805105, 27733278, 27736030, 27738750, 27741534, 27744254, 27747006, 27248241, 265875087, 149298783, 28124574, 27685361, 218695073, 28082398, 28085054, 28087742, 28090398, 28093054, 28095742, 28098398, 28101086, 28103742, 28106398, 28109054, 27653585, 216894234, 28042974, 28045630, 28048350, 28051006, 28053694, 28056350, 28059006, 28061726, 28064382, 28067070, 28069726, 28072414, 28075070, 28077726, 28080414, 28083070, 28085758, 28088414, 28091102, 28093758, 28096414, 28099102, 28101758, 28104446, 28107070, 28109758, 28112414, 28115070, 28117758, 28120382, 28123070, 28125726, 28128414, 28131038, 28133694, 28136382, 28139006, 28141694, 28144318, 28147006, 28149662, 28152318, 28154974, 28157598, 28160286, 28162910, 28165566, 28168222, 28170878, 27726225, 263130684, 83828190, 27976529, 223899783, 27607932, 263436891, 109757470, 28280894, 28283518, 28286174, 28288766, 28291390, 28294014, 28296638, 28299262, 28301886, 28304542, 28307134, 28309758, 28312382, 28314974, 28317630, 28320222, 28322878, 28325470, 28328094, 28330718, 28333342, 28335934, 28338526, 28341182, 28343774, 28346398, 28348990, 28351614, 28354238, 28356862, 28359454, 28362078, 28364670, 28367262, 28369886, 28372478, 27963057, 204733602, 28310398, 28313054, 28315646, 28318302, 28320894, 28323518, 28326142, 28328734, 28331390, 28333982, 27932017, 27934417, 27936881, 27939313, 27941745, 27944177, 27946609, 27949041, 27951473, 27953905, 27956337, 27958769, 27961201, 27963633, 27966065, 27968465, 27970929, 27973329, 27975793, 27978193, 27980625, 27983025, 27985489, 27987889, 27990321, 27992753, 27995185, 27997585, 28000017, 28002417, 28084636, 28007281, 28009713, 28012113, 28030782, 28096732, 28019377, 28038014, 28024209, 28042846, 28029041, 28031441, 28033873, 28036273, 28038705, 28041105, 28043537, 28045937, 28048369, 26738804, 257566631, 59988631, 26144143, 26146383, 26148623, 26150863, 26153071, 26155311, 26157551, 26159791, 26161999, 26164239, 26166479, 26168719, 26170927, 26173167, 26175407, 26177615, 26179855, 26182063, 26184303, 26186543, 26188751, 26190991, 26193199, 26195439, 26197647, 26199887, 26202095, 26204335, 26206543, 26208751, 26210991, 26292986, 26215439, 26217647, 26219855, 26222095, 26224303, 26226511, 26228751, 26230959, 26233167, 26235375, 25511901, 25513949, 25515997, 25518013, 25520061, 25522109, 25524157, 25526205, 25528221, 25530269, 25532317, 25534365, 25536381, 25538429, 25540477, 25542493, 25544541, 25546589, 25548605, 25550653, 25552701, 25554717, 25556765, 25558781, 25560829, 24596144, 24598032, 24599888, 24601776, 24603664, 23871462, 23873126, 23874758, 23876422, 23878054, 23879686, 23881350, 23882982, 23884646, 23886278, 23887910, 23889574, 23130698, 23132106, 23133482, 23134858, 23136202, 23137578, 23138954, 23140330, 23141706, 23143050, 23144426, 23145802, 23147178, 23148522, 23149898, 23151274, 23152618, 23153994, 23155370, 23156746, 23158090, 23159466, 23160842, 23162186, 23163562, 23164906, 23166282, 23167658, 23169002, 23170378, 23171722, 23173098, 23174474, 23175818, 23177194, 23178538, 23179914, 23181258, 23182634, 23183978, 23185354, 23186698, 23188074, 23189418, 23190794, 23192138]",13943,0,154.17082268545602,57.40841907827726,93.54143466934855,124.72191289246473,90.59265500403644,100.0,13536,100,453,1082880,1083333,453,8000,8453,1091786,698596462,699679795,1968772053,2526608699,2526617152,19200777256,1269092258,557836646,1826928904,1828020690,0,16674168557,16674168557,18502180794,queueing,decode,0.0005972503516904942,0.6942439245586438,0.3051588250896657,0.9011997626012608,0,0,0,0,,,,,,,,,-1,699688268,0,12,0,0,4,3,128,486539264,7110909952,4427087872,9709281280,5282193408,0.5060752690440131,0.03125,1,12,12,10,6,19,4,4292337664,9709281280,0.05011073940171193,0.6080247043785305,1,6,4,128,486539264,6781657088,5416943616,9709281280,4292337664,0.6080247043785305,0.0390625,1,0,4,3,128,486539264,6899097600,4427087872,9709281280,5282193408,0.5060752690440131,0.03125,1,,,,,,,,0,0,,,-1,,,,,,,,,,,,,,,,,,,699679795,4,3,1,2048,2047,1,0,18655,9,0,0,2048,2042,6,8,0,local_kv,0,0,1616,1616,211812352,0,0,0,0,0,699679795,0,0,,-1,0,,0,,0,0,,
0,95,meta-llama/Llama-3.1-8B,4597,163,15643026877,19931165672,4288138795,284305434,344294065,24344720,"[26144143, 26146383, 26148623, 26150863, 26153071, 26155311, 26157551, 26159791, 26161999, 26164239, 26166479, 26168719, 26170927, 26173167, 26175407, 26177615, 26179855, 26182063, 26184303, 26186543, 26188751, 26190991, 26193199, 26195439, 26197647, 26199887, 26202095, 26204335, 26206543, 26208751, 26210991, 26292986, 26215439, 26217647, 26219855, 26222095, 26224303, 26226511, 26228751, 26230959, 26233167, 26235375, 25511901, 25513949, 25515997, 25518013, 25520061, 25522109, 25524157, 25526205, 25528221, 25530269, 25532317, 25534365, 25536381, 25538429, 25540477, 25542493, 25544541, 25546589, 25548605, 25550653, 25552701, 25554717, 25556765, 25558781, 25560829, 24596144, 24598032, 24599888, 24601776, 24603664, 23871462, 23873126, 23874758, 23876422, 23878054, 23879686, 23881350, 23882982, 23884646, 23886278, 23887910, 23889574, 23130698, 23132106, 23133482, 23134858, 23136202, 23137578, 23138954, 23140330, 23141706, 23143050, 23144426, 23145802, 23147178, 23148522, 23149898, 23151274, 23152618, 23153994, 23155370, 23156746, 23158090, 23159466, 23160842, 23162186, 23163562, 23164906, 23166282, 23167658, 23169002, 23170378, 23171722, 23173098, 23174474, 23175818, 23177194, 23178538, 23179914, 23181258, 23182634, 23183978, 23185354, 23186698, 23188074, 23189418, 23190794, 23192138, 22806393, 22807577, 22808761, 22809945, 22811097, 22812281, 22813465, 22814649, 22815833, 22816985, 22818169, 22819353, 22820537, 22821721, 22822873, 22824057, 22825241, 22826425, 22827577, 22828761, 22829945, 22831097, 22832281, 22833465, 22834649, 22835801, 22836985, 22838169, 22839321, 22840505, 22841657, 22842841]",20131,0,101.07632285679168,177.20025980244313,93.54143466934855,124.72191289246473,53.016520391301704,100.0,18888,100,265,1511040,1511305,265,8000,8265,1519570,2215971830,15643026877,15669765680,15987320942,15987329207,19931165672,26738803,317555262,344294065,13771357377,0,3943844730,3943844730,17715193842,prefill,decode,0.004394187638090095,0.07732142487672587,0.918284387485184,0.919384341228302,0,0,0,0,,,,,,,,,2217871649,15643026979,13425155330,12,646621,0,8,8,128,624951296,3589791744,9672065024,9709281280,37216256,1.0605333209586447,0.0703125,0,12,10,17,8,52,10,37216256,9027706880,0.13456461485890744,1.0605333209586447,1,8,10,128,624951296,3203915776,9640607744,9709281280,68673536,1.0572934024628442,0.0859375,0,0,0,13,128,624951296,127393792,8120172544,9709281280,1589108736,0.9006973418324945,0.109375,1,npu_memory,0,,,,,,0,0,,,-1,,,,,,,,,,,,,,,,,,,15643026877,0,13,13,2048,0,13,2035,0,1,0,0,2048,2035,13,14,0,local_kv,0,0,2288,2288,299892736,0,0,0,0,0,15643026877,0,0,,-1,0,,0,,0,0,,
0,80,meta-llama/Llama-3.1-8B,5016,360,11708249840,21976900016,10268650176,290856908,374685098,27559791,"[27976529, 223899783, 27607932, 263436891, 109757470, 28280894, 28283518, 28286174, 28288766, 28291390, 28294014, 28296638, 28299262, 28301886, 28304542, 28307134, 28309758, 28312382, 28314974, 28317630, 28320222, 28322878, 28325470, 28328094, 28330718, 28333342, 28335934, 28338526, 28341182, 28343774, 28346398, 28348990, 28351614, 28354238, 28356862, 28359454, 28362078, 28364670, 28367262, 28369886, 28372478, 27963057, 204733602, 28310398, 28313054, 28315646, 28318302, 28320894, 28323518, 28326142, 28328734, 28331390, 28333982, 27932017, 27934417, 27936881, 27939313, 27941745, 27944177, 27946609, 27949041, 27951473, 27953905, 27956337, 27958769, 27961201, 27963633, 27966065, 27968465, 27970929, 27973329, 27975793, 27978193, 27980625, 27983025, 27985489, 27987889, 27990321, 27992753, 27995185, 27997585, 28000017, 28002417, 28084636, 28007281, 28009713, 28012113, 28030782, 28096732, 28019377, 28038014, 28024209, 28042846, 28029041, 28031441, 28033873, 28036273, 28038705, 28041105, 28043537, 28045937, 28048369, 26738804, 257566631, 59988631, 26144143, 26146383, 26148623, 26150863, 26153071, 26155311, 26157551, 26159791, 26161999, 26164239, 26166479, 26168719, 26170927, 26173167, 26175407, 26177615, 26179855, 26182063, 26184303, 26186543, 26188751, 26190991, 26193199, 26195439, 26197647, 26199887, 26202095, 26204335, 26206543, 26208751, 26210991, 26292986, 26215439, 26217647, 26219855, 26222095, 26224303, 26226511, 26228751, 26230959, 26233167, 26235375, 25511901, 25513949, 25515997, 25518013, 25520061, 25522109, 25524157, 25526205, 25528221, 25530269, 25532317, 25534365, 25536381, 25538429, 25540477, 25542493, 25544541, 25546589, 25548605, 25550653, 25552701, 25554717, 25556765, 25558781, 25560829, 24596144, 24598032, 24599888, 24601776, 24603664, 23871462, 23873126, 23874758, 23876422, 23878054, 23879686, 23881350, 23882982, 23884646, 23886278, 23887910, 23889574, 23130698, 23132106, 23133482, 23134858, 23136202, 23137578, 23138954, 23140330, 23141706, 23143050, 23144426, 23145802, 23147178, 23148522, 23149898, 23151274, 23152618, 23153994, 23155370, 23156746, 23158090, 23159466, 23160842, 23162186, 23163562, 23164906, 23166282, 23167658, 23169002, 23170378, 23171722, 23173098, 23174474, 23175818, 23177194, 23178538, 23179914, 23181258, 23182634, 23183978, 23185354, 23186698, 23188074, 23189418, 23190794, 23192138, 22806393, 22807577, 22808761, 22809945, 22811097, 22812281, 22813465, 22814649, 22815833, 22816985, 22818169, 22819353, 22820537, 22821721, 22822873, 22824057, 22825241, 22826425, 22827577, 22828761, 22829945, 22831097, 22832281, 22833465, 22834649, 22835801, 22836985, 22838169, 22839321, 22840505, 22841657, 22842841, 22189580, 22190572, 22191596, 22192588, 22193612, 22194604, 22195628, 22196620, 22197644, 22198636, 22199660, 22200652, 22201676, 22202668, 22203692, 22204684, 22205676, 22206700, 22207692, 22208716, 22209708, 22210700, 22211724, 22212716, 22213740, 22214732, 22215724, 22216748, 22217740, 22218732, 22219756, 22220748, 22221740, 22222764, 22223756, 22224748, 22225772, 22226764, 22227756, 22228780, 22229772, 22230764, 22231756, 22232780, 22233772, 22234764, 22235756, 22236780, 22237772, 22238764, 22239756, 22240748, 22241772, 22242764, 22243756, 22244748, 22245740, 22246764, 22247756, 22248748, 22249740, 22250732, 22251724, 22252748, 22253740, 22254732, 22255724, 22256716, 22257708, 22258700, 22259692, 22260684, 22261708, 22262700, 22263692, 22264684, 22265676, 22266668, 22267660, 22268652, 22269644, 22270636, 22351415, 22272620, 22273612, 22274604, 22275596, 22276588, 22293817, 22278572, 22279596, 22280588]",2968,0,48.89892276091942,101.06414535884628,93.54143466934855,124.72191289246473,50.5236957691039,100.0,20564,100,253,1645120,1645373,253,8000,8253,1653626,2021688574,11708249840,11735976064,12082934938,12082943191,21976900016,27726224,346958874,374685098,10061254617,0,9893965078,9893965078,19955211442,prefill,decode,0.004393983118250675,0.07367358773316136,0.921932429148588,0.9633566123013115,0,0,0,0,,,,,,,,,2029182304,11708249855,9679067551,12,527567,0,8,8,128,704643072,3589791744,9672065024,9709281280,37216256,1.0687411144813388,0.0703125,0,12,10,17,9,47,9,37216256,9027706880,0.14277240838160166,1.0687411144813388,1,9,9,128,704643072,3472351232,9640607744,9709281280,68673536,1.0655011959855385,0.078125,0,0,0,14,128,704643072,70770688,9003073536,9709281280,706207744,0.9998388478039849,0.1171875,1,npu_memory,0,,,,,,0,0,,,-1,,,,,,,,,,,,,,,,,,,11708249840,0,14,14,2048,0,14,2034,0,1,0,0,2048,2034,14,15,0,local_kv,0,0,2496,2496,327155712,0,0,0,0,0,11708249840,0,0,,-1,0,,0,,0,0,,
0,60,meta-llama/Llama-3.1-8B,3954,567,5077574818,22405951134,17328376316,27298205,283167743,30115209,"[27674659, 27693904, 27680643, 27683651, 27686627, 27689635, 27692643, 27695619, 27698595, 27701603, 27704579, 27707555, 27710563, 27713539, 27716515, 27719523, 27722499, 27725475, 27728451, 27731459, 27734435, 27737411, 27740419, 27743395, 27746339, 27749347, 27752323, 27755299, 27758275, 27761251, 27764227, 27767203, 27770179, 27773155, 27776131, 27779107, 27782051, 27785059, 27788003, 27790979, 27793955, 27796931, 27799875, 27802851, 27805827, 27808771, 27811747, 27814723, 27817667, 27820611, 27823619, 27826563, 27829507, 27832483, 27835427, 27838371, 27841379, 27844323, 27847267, 27257342, 262274533, 77555211, 27809219, 27812195, 27815171, 27818115, 27821059, 27824067, 27827011, 27829955, 27832931, 27835875, 27838819, 27841827, 27844771, 27847715, 27631294, 27634046, 27636830, 27639614, 27642366, 27645150, 27647902, 27650654, 27653438, 27656190, 27658942, 27661726, 27664478, 27667262, 27670014, 27672766, 27675550, 27678270, 27681054, 27683806, 27686558, 27689342, 27692062, 27694814, 27697598, 27700350, 27703102, 27705854, 27708574, 27711358, 27714110, 27716862, 27306769, 225805105, 27733278, 27736030, 27738750, 27741534, 27744254, 27747006, 27248241, 265875087, 149298783, 28124574, 27685361, 218695073, 28082398, 28085054, 28087742, 28090398, 28093054, 28095742, 28098398, 28101086, 28103742, 28106398, 28109054, 27653585, 216894234, 28042974, 28045630, 28048350, 28051006, 28053694, 28056350, 28059006, 28061726, 28064382, 28067070, 28069726, 28072414, 28075070, 28077726, 28080414, 28083070, 28085758, 28088414, 28091102, 28093758, 28096414, 28099102, 28101758, 28104446, 28107070, 28109758, 28112414, 28115070, 28117758, 28120382, 28123070, 28125726, 28128414, 28131038, 28133694, 28136382, 28139006, 28141694, 28144318, 28147006, 28149662, 28152318, 28154974, 28157598, 28160286, 28162910, 28165566, 28168222, 28170878, 27726225, 263130684, 83828190, 27976529, 223899783, 27607932, 263436891, 109757470, 28280894, 28283518, 28286174, 28288766, 28291390, 28294014, 28296638, 28299262, 28301886, 28304542, 28307134, 28309758, 28312382, 28314974, 28317630, 28320222, 28322878, 28325470, 28328094, 28330718, 28333342, 28335934, 28338526, 28341182, 28343774, 28346398, 28348990, 28351614, 28354238, 28356862, 28359454, 28362078, 28364670, 28367262, 28369886, 28372478, 27963057, 204733602, 28310398, 28313054, 28315646, 28318302, 28320894, 28323518, 28326142, 28328734, 28331390, 28333982, 27932017, 27934417, 27936881, 27939313, 27941745, 27944177, 27946609, 27949041, 27951473, 27953905, 27956337, 27958769, 27961201, 27963633, 27966065, 27968465, 27970929, 27973329, 27975793, 27978193, 27980625, 27983025, 27985489, 27987889, 27990321, 27992753, 27995185, 27997585, 28000017, 28002417, 28084636, 28007281, 28009713, 28012113, 28030782, 28096732, 28019377, 28038014, 28024209, 28042846, 28029041, 28031441, 28033873, 28036273, 28038705, 28041105, 28043537, 28045937, 28048369, 26738804, 257566631, 59988631, 26144143, 26146383, 26148623, 26150863, 26153071, 26155311, 26157551, 26159791, 26161999, 26164239, 26166479, 26168719, 26170927, 26173167, 26175407, 26177615, 26179855, 26182063, 26184303, 26186543, 26188751, 26190991, 26193199, 26195439, 26197647, 26199887, 26202095, 26204335, 26206543, 26208751, 26210991, 26292986, 26215439, 26217647, 26219855, 26222095, 26224303, 26226511, 26228751, 26230959, 26233167, 26235375, 25511901, 25513949, 25515997, 25518013, 25520061, 25522109, 25524157, 25526205, 25528221, 25530269, 25532317, 25534365, 25536381, 25538429, 25540477, 25542493, 25544541, 25546589, 25548605, 25550653, 25552701, 25554717, 25556765, 25558781, 25560829, 24596144, 24598032, 24599888, 24601776, 24603664, 23871462, 23873126, 23874758, 23876422, 23878054, 23879686, 23881350, 23882982, 23884646, 23886278, 23887910, 23889574, 23130698, 23132106, 23133482, 23134858, 23136202, 23137578, 23138954, 23140330, 23141706, 23143050, 23144426, 23145802, 23147178, 23148522, 23149898, 23151274, 23152618, 23153994, 23155370, 23156746, 23158090, 23159466, 23160842, 23162186, 23163562, 23164906, 23166282, 23167658, 23169002, 23170378, 23171722, 23173098, 23174474, 23175818, 23177194, 23178538, 23179914, 23181258, 23182634, 23183978, 23185354, 23186698, 23188074, 23189418, 23190794, 23192138, 22806393, 22807577, 22808761, 22809945, 22811097, 22812281, 22813465, 22814649, 22815833, 22816985, 22818169, 22819353, 22820537, 22821721, 22822873, 22824057, 22825241, 22826425, 22827577, 22828761, 22829945, 22831097, 22832281, 22833465, 22834649, 22835801, 22836985, 22838169, 22839321, 22840505, 22841657, 22842841, 22189580, 22190572, 22191596, 22192588, 22193612, 22194604, 22195628, 22196620, 22197644, 22198636, 22199660, 22200652, 22201676, 22202668, 22203692, 22204684, 22205676, 22206700, 22207692, 22208716, 22209708, 22210700, 22211724, 22212716, 22213740, 22214732, 22215724, 22216748, 22217740, 22218732, 22219756, 22220748, 22221740, 22222764, 22223756, 22224748, 22225772, 22226764, 22227756, 22228780, 22229772, 22230764, 22231756, 22232780, 22233772, 22234764, 22235756, 22236780, 22237772, 22238764, 22239756, 22240748, 22241772, 22242764, 22243756, 22244748, 22245740, 22246764, 22247756, 22248748, 22249740, 22250732, 22251724, 22252748, 22253740, 22254732, 22255724, 22256716, 22257708, 22258700, 22259692, 22260684, 22261708, 22262700, 22263692, 22264684, 22265676, 22266668, 22267660, 22268652, 22269644, 22270636, 22351415, 22272620, 22273612, 22274604, 22275596, 22276588, 22293817, 22278572, 22279596, 22280588, 21454576, 21439171, 21440003, 21440803, 21441635, 21442435, 21523054, 21444099, 21444899, 21445731, 21446531, 21447363, 21464432, 21448995, 21449827, 21450627, 21467696, 21452259, 21453091, 21453891]",7991,0,165.66645240316572,150.1695559185614,93.54143466934855,124.72191289246473,76.48268247575453,100.0,16316,100,382,1305280,1305662,382,8000,8382,1314044,1568558616,5077574818,5104873023,5360742561,5360750943,22405951134,27298205,255869538,283167743,3792192327,0,17045208573,17045208573,20837392518,prefill,decode,0.004619079533552002,0.09595765439985794,0.8994232660665901,0.9835841390647906,0,0,0,0,,,,,,,,,1569871131,5079376925,3509505794,12,19868,0,9,7,128,593494016,4126662656,9672065024,9709281280,37216256,1.0572934024628442,0.0625,0,12,10,18,9,39,9,37216256,9709281280,0.061126462287433084,1.0572934024628442,1,9,9,128,593494016,3738689536,9640607744,9709281280,68673536,1.054053483967044,0.078125,0,0,0,15,128,593494016,60284928,9084862464,9709281280,624418816,0.9968149238745713,0.125,1,npu_memory,0,,,,,,0,0,,,-1,,,,,,,,,,,,,,,,,,,5077574818,0,15,15,2048,0,15,2033,0,1,0,0,2048,1986,15,16,0,local_kv,0,0,1968,1968,257949696,0,0,0,0,0,5077574818,0,0,,-1,0,,0,,0,0,,
0,32,meta-llama/Llama-3.1-8B,6048,582,813127555,22426519185,21613391630,1971653770,2267950858,33296799,"[280918528, 278918019, 280083928, 302835712, 292214925, 220029570, 203078555, 27677443, 27680451, 27683427, 27686403, 27689443, 27298206, 255869538, 27674659, 27693904, 27680643, 27683651, 27686627, 27689635, 27692643, 27695619, 27698595, 27701603, 27704579, 27707555, 27710563, 27713539, 27716515, 27719523, 27722499, 27725475, 27728451, 27731459, 27734435, 27737411, 27740419, 27743395, 27746339, 27749347, 27752323, 27755299, 27758275, 27761251, 27764227, 27767203, 27770179, 27773155, 27776131, 27779107, 27782051, 27785059, 27788003, 27790979, 27793955, 27796931, 27799875, 27802851, 27805827, 27808771, 27811747, 27814723, 27817667, 27820611, 27823619, 27826563, 27829507, 27832483, 27835427, 27838371, 27841379, 27844323, 27847267, 27257342, 262274533, 77555211, 27809219, 27812195, 27815171, 27818115, 27821059, 27824067, 27827011, 27829955, 27832931, 27835875, 27838819, 27841827, 27844771, 27847715, 27631294, 27634046, 27636830, 27639614, 27642366, 27645150, 27647902, 27650654, 27653438, 27656190, 27658942, 27661726, 27664478, 27667262, 27670014, 27672766, 27675550, 27678270, 27681054, 27683806, 27686558, 27689342, 27692062, 27694814, 27697598, 27700350, 27703102, 27705854, 27708574, 27711358, 27714110, 27716862, 27306769, 225805105, 27733278, 27736030, 27738750, 27741534, 27744254, 27747006, 27248241, 265875087, 149298783, 28124574, 27685361, 218695073, 28082398, 28085054, 28087742, 28090398, 28093054, 28095742, 28098398, 28101086, 28103742, 28106398, 28109054, 27653585, 216894234, 28042974, 28045630, 28048350, 28051006, 28053694, 28056350, 28059006, 28061726, 28064382, 28067070, 28069726, 28072414, 28075070, 28077726, 28080414, 28083070, 28085758, 28088414, 28091102, 28093758, 28096414, 28099102, 28101758, 28104446, 28107070, 28109758, 28112414, 28115070, 28117758, 28120382, 28123070, 28125726, 28128414, 28131038, 28133694, 28136382, 28139006, 28141694, 28144318, 28147006, 28149662, 28152318, 28154974, 28157598, 28160286, 28162910, 28165566, 28168222, 28170878, 27726225, 263130684, 83828190, 27976529, 223899783, 27607932, 263436891, 109757470, 28280894, 28283518, 28286174, 28288766, 28291390, 28294014, 28296638, 28299262, 28301886, 28304542, 28307134, 28309758, 28312382, 28314974, 28317630, 28320222, 28322878, 28325470, 28328094, 28330718, 28333342, 28335934, 28338526, 28341182, 28343774, 28346398, 28348990, 28351614, 28354238, 28356862, 28359454, 28362078, 28364670, 28367262, 28369886, 28372478, 27963057, 204733602, 28310398, 28313054, 28315646, 28318302, 28320894, 28323518, 28326142, 28328734, 28331390, 28333982, 27932017, 27934417, 27936881, 27939313, 27941745, 27944177, 27946609, 27949041, 27951473, 27953905, 27956337, 27958769, 27961201, 27963633, 27966065, 27968465, 27970929, 27973329, 27975793, 27978193, 27980625, 27983025, 27985489, 27987889, 27990321, 27992753, 27995185, 27997585, 28000017, 28002417, 28084636, 28007281, 28009713, 28012113, 28030782, 28096732, 28019377, 28038014, 28024209, 28042846, 28029041, 28031441, 28033873, 28036273, 28038705, 28041105, 28043537, 28045937, 28048369, 26738804, 257566631, 59988631, 26144143, 26146383, 26148623, 26150863, 26153071, 26155311, 26157551, 26159791, 26161999, 26164239, 26166479, 26168719, 26170927, 26173167, 26175407, 26177615, 26179855, 26182063, 26184303, 26186543, 26188751, 26190991, 26193199, 26195439, 26197647, 26199887, 26202095, 26204335, 26206543, 26208751, 26210991, 26292986, 26215439, 26217647, 26219855, 26222095, 26224303, 26226511, 26228751, 26230959, 26233167, 26235375, 25511901, 25513949, 25515997, 25518013, 25520061, 25522109, 25524157, 25526205, 25528221, 25530269, 25532317, 25534365, 25536381, 25538429, 25540477, 25542493, 25544541, 25546589, 25548605, 25550653, 25552701, 25554717, 25556765, 25558781, 25560829, 24596144, 24598032, 24599888, 24601776, 24603664, 23871462, 23873126, 23874758, 23876422, 23878054, 23879686, 23881350, 23882982, 23884646, 23886278, 23887910, 23889574, 23130698, 23132106, 23133482, 23134858, 23136202, 23137578, 23138954, 23140330, 23141706, 23143050, 23144426, 23145802, 23147178, 23148522, 23149898, 23151274, 23152618, 23153994, 23155370, 23156746, 23158090, 23159466, 23160842, 23162186, 23163562, 23164906, 23166282, 23167658, 23169002, 23170378, 23171722, 23173098, 23174474, 23175818, 23177194, 23178538, 23179914, 23181258, 23182634, 23183978, 23185354, 23186698, 23188074, 23189418, 23190794, 23192138, 22806393, 22807577, 22808761, 22809945, 22811097, 22812281, 22813465, 22814649, 22815833, 22816985, 22818169, 22819353, 22820537, 22821721, 22822873, 22824057, 22825241, 22826425, 22827577, 22828761, 22829945, 22831097, 22832281, 22833465, 22834649, 22835801, 22836985, 22838169, 22839321, 22840505, 22841657, 22842841, 22189580, 22190572, 22191596, 22192588, 22193612, 22194604, 22195628, 22196620, 22197644, 22198636, 22199660, 22200652, 22201676, 22202668, 22203692, 22204684, 22205676, 22206700, 22207692, 22208716, 22209708, 22210700, 22211724, 22212716, 22213740, 22214732, 22215724, 22216748, 22217740, 22218732, 22219756, 22220748, 22221740, 22222764, 22223756, 22224748, 22225772, 22226764, 22227756, 22228780, 22229772, 22230764, 22231756, 22232780, 22233772, 22234764, 22235756, 22236780, 22237772, 22238764, 22239756, 22240748, 22241772, 22242764, 22243756, 22244748, 22245740, 22246764, 22247756, 22248748, 22249740, 22250732, 22251724, 22252748, 22253740, 22254732, 22255724, 22256716, 22257708, 22258700, 22259692, 22260684, 22261708, 22262700, 22263692, 22264684, 22265676, 22266668, 22267660, 22268652, 22269644, 22270636, 22351415, 22272620, 22273612, 22274604, 22275596, 22276588, 22293817, 22278572, 22279596, 22280588, 21454576, 21439171, 21440003, 21440803, 21441635, 21442435, 21523054, 21444099, 21444899, 21445731, 21446531, 21447363, 21464432, 21448995, 21449827, 21450627, 21467696, 21452259, 21453091, 21453891, 20568051]",24452,0,159.88188606103438,72.95519645385943,93.54143466934855,124.72191289246473,84.14777728310831,100.0,24692,100,421,1975360,1975781,421,8000,8421,1984202,811151774,813127555,2256839913,3081078413,3081086834,22426519185,1443712358,824238500,2267950858,2269935060,0,19345440772,19345440772,21615367411,queueing,decode,0.0008741228042003986,0.6360148285475621,0.36311104864823757,0.8949851680746848,0,0,0,0,,,,,,,,,-1,813130582,0,12,0,0,5,3,128,870318080,6899097600,4913627136,9709281280,4795654144,0.5957130140944892,0.03125,1,12,12,11,6,21,5,3747078144,9709281280,0.08963774505047607,0.7037102972878339,1,6,5,128,870318080,6263660544,5962203136,9709281280,3747078144,0.7037102972878339,0.046875,1,0,5,3,128,870318080,6502735872,4913627136,9709281280,4795654144,0.5957130140944892,0.03125,1,,,,,,,,0,0,,,-1,,,,,,,,,,,,,,,,,,,813127555,5,3,1,2048,2047,1,0,21914,8,0,0,2048,2041,7,9,0,local_kv,0,0,3024,3024,396361728,0,0,0,0,0,813127555,0,0,,-1,0,,0,,0,0,,
0,33,meta-llama/Llama-3.1-8B,5062,689,855101741,24548719173,23693617432,2225976672,2506895200,30794654,"[278918019, 280083928, 302835712, 292214925, 220029570, 203078555, 27677443, 27680451, 27683427, 27686403, 27689443, 27298206, 255869538, 27674659, 27693904, 27680643, 27683651, 27686627, 27689635, 27692643, 27695619, 27698595, 27701603, 27704579, 27707555, 27710563, 27713539, 27716515, 27719523, 27722499, 27725475, 27728451, 27731459, 27734435, 27737411, 27740419, 27743395, 27746339, 27749347, 27752323, 27755299, 27758275, 27761251, 27764227, 27767203, 27770179, 27773155, 27776131, 27779107, 27782051, 27785059, 27788003, 27790979, 27793955, 27796931, 27799875, 27802851, 27805827, 27808771, 27811747, 27814723, 27817667, 27820611, 27823619, 27826563, 27829507, 27832483, 27835427, 27838371, 27841379, 27844323, 27847267, 27257342, 262274533, 77555211, 27809219, 27812195, 27815171, 27818115, 27821059, 27824067, 27827011, 27829955, 27832931, 27835875, 27838819, 27841827, 27844771, 27847715, 27631294, 27634046, 27636830, 27639614, 27642366, 27645150, 27647902, 27650654, 27653438, 27656190, 27658942, 27661726, 27664478, 27667262, 27670014, 27672766, 27675550, 27678270, 27681054, 27683806, 27686558, 27689342, 27692062, 27694814, 27697598, 27700350, 27703102, 27705854, 27708574, 27711358, 27714110, 27716862, 27306769, 225805105, 27733278, 27736030, 27738750, 27741534, 27744254, 27747006, 27248241, 265875087, 149298783, 28124574, 27685361, 218695073, 28082398, 28085054, 28087742, 28090398, 28093054, 28095742, 28098398, 28101086, 28103742, 28106398, 28109054, 27653585, 216894234, 28042974, 28045630, 28048350, 28051006, 28053694, 28056350, 28059006, 28061726, 28064382, 28067070, 28069726, 28072414, 28075070, 28077726, 28080414, 28083070, 28085758, 28088414, 28091102, 28093758, 28096414, 28099102, 28101758, 28104446, 28107070, 28109758, 28112414, 28115070, 28117758, 28120382, 28123070, 28125726, 28128414, 28131038, 28133694, 28136382, 28139006, 28141694, 28144318, 28147006, 28149662, 28152318, 28154974, 28157598, 28160286, 28162910, 28165566, 28168222, 28170878, 27726225, 263130684, 83828190, 27976529, 223899783, 27607932, 263436891, 109757470, 28280894, 28283518, 28286174, 28288766, 28291390, 28294014, 28296638, 28299262, 28301886, 28304542, 28307134, 28309758, 28312382, 28314974, 28317630, 28320222, 28322878, 28325470, 28328094, 28330718, 28333342, 28335934, 28338526, 28341182, 28343774, 28346398, 28348990, 28351614, 28354238, 28356862, 28359454, 28362078, 28364670, 28367262, 28369886, 28372478, 27963057, 204733602, 28310398, 28313054, 28315646, 28318302, 28320894, 28323518, 28326142, 28328734, 28331390, 28333982, 27932017, 27934417, 27936881, 27939313, 27941745, 27944177, 27946609, 27949041, 27951473, 27953905, 27956337, 27958769, 27961201, 27963633, 27966065, 27968465, 27970929, 27973329, 27975793, 27978193, 27980625, 27983025, 27985489, 27987889, 27990321, 27992753, 27995185, 27997585, 28000017, 28002417, 28084636, 28007281, 28009713, 28012113, 28030782, 28096732, 28019377, 28038014, 28024209, 28042846, 28029041, 28031441, 28033873, 28036273, 28038705, 28041105, 28043537, 28045937, 28048369, 26738804, 257566631, 59988631, 26144143, 26146383, 26148623, 26150863, 26153071, 26155311, 26157551, 26159791, 26161999, 26164239, 26166479, 26168719, 26170927, 26173167, 26175407, 26177615, 26179855, 26182063, 26184303, 26186543, 26188751, 26190991, 26193199, 26195439, 26197647, 26199887, 26202095, 26204335, 26206543, 26208751, 26210991, 26292986, 26215439, 26217647, 26219855, 26222095, 26224303, 26226511, 26228751, 26230959, 26233167, 26235375, 25511901, 25513949, 25515997, 25518013, 25520061, 25522109, 25524157, 25526205, 25528221, 25530269, 25532317, 25534365, 25536381, 25538429, 25540477, 25542493, 25544541, 25546589, 25548605, 25550653, 25552701, 25554717, 25556765, 25558781, 25560829, 24596144, 24598032, 24599888, 24601776, 24603664, 23871462, 23873126, 23874758, 23876422, 23878054, 23879686, 23881350, 23882982, 23884646, 23886278, 23887910, 23889574, 23130698, 23132106, 23133482, 23134858, 23136202, 23137578, 23138954, 23140330, 23141706, 23143050, 23144426, 23145802, 23147178, 23148522, 23149898, 23151274, 23152618, 23153994, 23155370, 23156746, 23158090, 23159466, 23160842, 23162186, 23163562, 23164906, 23166282, 23167658, 23169002, 23170378, 23171722, 23173098, 23174474, 23175818, 23177194, 23178538, 23179914, 23181258, 23182634, 23183978, 23185354, 23186698, 23188074, 23189418, 23190794, 23192138, 22806393, 22807577, 22808761, 22809945, 22811097, 22812281, 22813465, 22814649, 22815833, 22816985, 22818169, 22819353, 22820537, 22821721, 22822873, 22824057, 22825241, 22826425, 22827577, 22828761, 22829945, 22831097, 22832281, 22833465, 22834649, 22835801, 22836985, 22838169, 22839321, 22840505, 22841657, 22842841, 22189580, 22190572, 22191596, 22192588, 22193612, 22194604, 22195628, 22196620, 22197644, 22198636, 22199660, 22200652, 22201676, 22202668, 22203692, 22204684, 22205676, 22206700, 22207692, 22208716, 22209708, 22210700, 22211724, 22212716, 22213740, 22214732, 22215724, 22216748, 22217740, 22218732, 22219756, 22220748, 22221740, 22222764, 22223756, 22224748, 22225772, 22226764, 22227756, 22228780, 22229772, 22230764, 22231756, 22232780, 22233772, 22234764, 22235756, 22236780, 22237772, 22238764, 22239756, 22240748, 22241772, 22242764, 22243756, 22244748, 22245740, 22246764, 22247756, 22248748, 22249740, 22250732, 22251724, 22252748, 22253740, 22254732, 22255724, 22256716, 22257708, 22258700, 22259692, 22260684, 22261708, 22262700, 22263692, 22264684, 22265676, 22266668, 22267660, 22268652, 22269644, 22270636, 22351415, 22272620, 22273612, 22274604, 22275596, 22276588, 22293817, 22278572, 22279596, 22280588, 21454576, 21439171, 21440003, 21440803, 21441635, 21442435, 21523054, 21444099, 21444899, 21445731, 21446531, 21447363, 21464432, 21448995, 21449827, 21450627, 21467696, 21452259, 21453091, 21453891, 20568051, 19620230, 19700529, 19621222, 19621734, 19622246, 19622758, 19623238, 19623750, 19624262, 19624774, 19625286, 19625766, 19626278, 19626790, 19627270, 19627782, 19628294, 19708593, 19629286, 19629798, 19630310, 19630822, 19631334, 19631814, 19632294, 19632806, 19633318, 19633830, 19634342, 19634822, 19635334, 19635814, 19636326, 19716625, 19637318, 19637830, 19638342, 19638854, 19639366, 19639846, 19640326, 19640838, 19641350, 19641830, 19642342, 19642854, 19643366, 19643846, 19644326, 19724625, 19645350, 19645830, 19646342, 19646854, 19647366, 19647846, 19648326, 19648838, 19649318, 19649830, 19650342, 19650854, 19651334, 19651846, 19652358, 19652806, 19653318, 19653830, 19654310, 19654822, 19655334, 19655814, 19656326, 19656806, 19657318, 19657798, 19658310, 19658790, 19659302, 19659814, 19660294, 19660774, 19661286, 19661766, 19662278, 19662790, 19663270, 19663782, 19664262, 19664774, 19665254, 19665734, 19666246, 19666758, 19667238, 19667750, 19668230, 19668742, 19669222, 19669702, 19670214, 19670694, 19671206, 19671686, 19672198, 19672710, 19673190, 19673670]",1285,0,54.151275496420794,124.75296600301567,93.54143466934855,124.72191289246473,39.39017141323784,100.0,20748,100,197,1659840,1660037,197,8000,8197,1668234,853441704,855101741,2784781325,3361996941,3362005138,24548719173,1929679584,577215616,2506895200,2508563434,0,21186722232,21186722232,23695277469,queueing,decode,0.0006650156728705629,0.7692369097970356,0.2300980745300938,0.8941323827296372,0,0,0,0,,,,,,,,,-1,855133605,0,12,0,0,6,3,128,754974720,6502735872,5783945216,9709281280,3925336064,0.6734710579936973,0.03125,1,12,12,12,6,21,5,3747078144,9709281280,0.07775804389920817,0.691830596136566,1,6,5,128,754974720,6263660544,5962203136,9709281280,3747078144,0.691830596136566,0.046875,1,0,6,3,128,754974720,6171385856,5783945216,9709281280,3925336064,0.6734710579936973,0.03125,1,,,,,,,,0,0,,,-1,,,,,,,,,,,,,,,,,,,855101741,6,3,1,2048,2047,1,0,27962,7,0,0,2048,2040,8,10,0,local_kv,0,0,2528,2528,331350016,0,0,0,0,0,855101741,0,0,,-1,0,,0,,0,0,,
0,96,meta-llama/Llama-3.1-8B,3086,462,13755376576,24845784885,11090408309,27963056,232696658,23552519,"[28310398, 28313054, 28315646, 28318302, 28320894, 28323518, 28326142, 28328734, 28331390, 28333982, 27932017, 27934417, 27936881, 27939313, 27941745, 27944177, 27946609, 27949041, 27951473, 27953905, 27956337, 27958769, 27961201, 27963633, 27966065, 27968465, 27970929, 27973329, 27975793, 27978193, 27980625, 27983025, 27985489, 27987889, 27990321, 27992753, 27995185, 27997585, 28000017, 28002417, 28084636, 28007281, 28009713, 28012113, 28030782, 28096732, 28019377, 28038014, 28024209, 28042846, 28029041, 28031441, 28033873, 28036273, 28038705, 28041105, 28043537, 28045937, 28048369, 26738804, 257566631, 59988631, 26144143, 26146383, 26148623, 26150863, 26153071, 26155311, 26157551, 26159791, 26161999, 26164239, 26166479, 26168719, 26170927, 26173167, 26175407, 26177615, 26179855, 26182063, 26184303, 26186543, 26188751, 26190991, 26193199, 26195439, 26197647, 26199887, 26202095, 26204335, 26206543, 26208751, 26210991, 26292986, 26215439, 26217647, 26219855, 26222095, 26224303, 26226511, 26228751, 26230959, 26233167, 26235375, 25511901, 25513949, 25515997, 25518013, 25520061, 25522109, 25524157, 25526205, 25528221, 25530269, 25532317, 25534365, 25536381, 25538429, 25540477, 25542493, 25544541, 25546589, 25548605, 25550653, 25552701, 25554717, 25556765, 25558781, 25560829, 24596144, 24598032, 24599888, 24601776, 24603664, 23871462, 23873126, 23874758, 23876422, 23878054, 23879686, 23881350, 23882982, 23884646, 23886278, 23887910, 23889574, 23130698, 23132106, 23133482, 23134858, 23136202, 23137578, 23138954, 23140330, 23141706, 23143050, 23144426, 23145802, 23147178, 23148522, 23149898, 23151274, 23152618, 23153994, 23155370, 23156746, 23158090, 23159466, 23160842, 23162186, 23163562, 23164906, 23166282, 23167658, 23169002, 23170378, 23171722, 23173098, 23174474, 23175818, 23177194, 23178538, 23179914, 23181258, 23182634, 23183978, 23185354, 23186698, 23188074, 23189418, 23190794, 23192138, 22806393, 22807577, 22808761, 22809945, 22811097, 22812281, 22813465, 22814649, 22815833, 22816985, 22818169, 22819353, 22820537, 22821721, 22822873, 22824057, 22825241, 22826425, 22827577, 22828761, 22829945, 22831097, 22832281, 22833465, 22834649, 22835801, 22836985, 22838169, 22839321, 22840505, 22841657, 22842841, 22189580, 22190572, 22191596, 22192588, 22193612, 22194604, 22195628, 22196620, 22197644, 22198636, 22199660, 22200652, 22201676, 22202668, 22203692, 22204684, 22205676, 22206700, 22207692, 22208716, 22209708, 22210700, 22211724, 22212716, 22213740, 22214732, 22215724, 22216748, 22217740, 22218732, 22219756, 22220748, 22221740, 22222764, 22223756, 22224748, 22225772, 22226764, 22227756, 22228780, 22229772, 22230764, 22231756, 22232780, 22233772, 22234764, 22235756, 22236780, 22237772, 22238764, 22239756, 22240748, 22241772, 22242764, 22243756, 22244748, 22245740, 22246764, 22247756, 22248748, 22249740, 22250732, 22251724, 22252748, 22253740, 22254732, 22255724, 22256716, 22257708, 22258700, 22259692, 22260684, 22261708, 22262700, 22263692, 22264684, 22265676, 22266668, 22267660, 22268652, 22269644, 22270636, 22351415, 22272620, 22273612, 22274604, 22275596, 22276588, 22293817, 22278572, 22279596, 22280588, 21454576, 21439171, 21440003, 21440803, 21441635, 21442435, 21523054, 21444099, 21444899, 21445731, 21446531, 21447363, 21464432, 21448995, 21449827, 21450627, 21467696, 21452259, 21453091, 21453891, 20568051, 19620230, 19700529, 19621222, 19621734, 19622246, 19622758, 19623238, 19623750, 19624262, 19624774, 19625286, 19625766, 19626278, 19626790, 19627270, 19627782, 19628294, 19708593, 19629286, 19629798, 19630310, 19630822, 19631334, 19631814, 19632294, 19632806, 19633318, 19633830, 19634342, 19634822, 19635334, 19635814, 19636326, 19716625, 19637318, 19637830, 19638342, 19638854, 19639366, 19639846, 19640326, 19640838, 19641350, 19641830, 19642342, 19642854, 19643366, 19643846, 19644326, 19724625, 19645350, 19645830, 19646342, 19646854, 19647366, 19647846, 19648326, 19648838, 19649318, 19649830, 19650342, 19650854, 19651334, 19651846, 19652358, 19652806, 19653318, 19653830, 19654310, 19654822, 19655334, 19655814, 19656326, 19656806, 19657318, 19657798, 19658310, 19658790, 19659302, 19659814, 19660294, 19660774, 19661286, 19661766, 19662278, 19662790, 19663270, 19663782, 19664262, 19664774, 19665254, 19665734, 19666246, 19666758, 19667238, 19667750, 19668230, 19668742, 19669222, 19669702, 19670214, 19670694, 19671206, 19671686, 19672198, 19672710, 19673190, 19673670, 18563983, 18564335, 18564687, 18565039, 18565391, 18565743, 18566095, 18566447, 18566767, 18567119, 18567471, 18567823, 18568175, 18568527, 18568879, 18569231]",7503,0,138.59042897071907,122.65643103047998,93.54143466934855,124.72191289246473,45.09632028100632,100.0,12844,100,225,1027520,1027745,225,8000,8225,1035970,2234145246,13755376576,13783339632,13988073234,13988081459,24845784885,27963056,204733602,232696658,11753936213,0,10857711651,10857711651,22611639639,prefill,decode,0.004432286621104521,0.11963693832253493,0.8759307750563605,0.9789267635376812,0,0,0,0,,,,,,,,,2237720811,13755376678,11517655867,12,585284,0,8,8,128,465567744,3589791744,9672065024,9709281280,37216256,1.0441177339132564,0.0703125,0,12,10,17,8,52,10,37216256,9027706880,0.11814902781351906,1.0441177339132564,1,8,10,128,465567744,3203915776,9640607744,9709281280,68673536,1.0408778154174558,0.0859375,0,0,0,14,128,465567744,280485888,9175040000,9709281280,534241280,0.9929270216796109,0.1171875,1,npu_memory,0,,,,,,0,0,,,-1,,,,,,,,,,,,,,,,,,,13755376576,0,14,14,2048,0,14,2034,0,1,0,0,2048,1550,14,15,0,local_kv,0,0,1536,1536,201326592,0,0,0,0,0,13755376576,0,0,,-1,0,,0,,0,0,,
0,5,meta-llama/Llama-3.1-8B,5025,775,138419449,25888001117,25749581668,235080588,503068926,32618233,"[263998923, 277004687, 251236346, 277151573, 257892149, 288067860, 269768786, 258172626, 296297088, 280918528, 278918019, 280083928, 302835712, 292214925, 220029570, 203078555, 27677443, 27680451, 27683427, 27686403, 27689443, 27298206, 255869538, 27674659, 27693904, 27680643, 27683651, 27686627, 27689635, 27692643, 27695619, 27698595, 27701603, 27704579, 27707555, 27710563, 27713539, 27716515, 27719523, 27722499, 27725475, 27728451, 27731459, 27734435, 27737411, 27740419, 27743395, 27746339, 27749347, 27752323, 27755299, 27758275, 27761251, 27764227, 27767203, 27770179, 27773155, 27776131, 27779107, 27782051, 27785059, 27788003, 27790979, 27793955, 27796931, 27799875, 27802851, 27805827, 27808771, 27811747, 27814723, 27817667, 27820611, 27823619, 27826563, 27829507, 27832483, 27835427, 27838371, 27841379, 27844323, 27847267, 27257342, 262274533, 77555211, 27809219, 27812195, 27815171, 27818115, 27821059, 27824067, 27827011, 27829955, 27832931, 27835875, 27838819, 27841827, 27844771, 27847715, 27631294, 27634046, 27636830, 27639614, 27642366, 27645150, 27647902, 27650654, 27653438, 27656190, 27658942, 27661726, 27664478, 27667262, 27670014, 27672766, 27675550, 27678270, 27681054, 27683806, 27686558, 27689342, 27692062, 27694814, 27697598, 27700350, 27703102, 27705854, 27708574, 27711358, 27714110, 27716862, 27306769, 225805105, 27733278, 27736030, 27738750, 27741534, 27744254, 27747006, 27248241, 265875087, 149298783, 28124574, 27685361, 218695073, 28082398, 28085054, 28087742, 28090398, 28093054, 28095742, 28098398, 28101086, 28103742, 28106398, 28109054, 27653585, 216894234, 28042974, 28045630, 28048350, 28051006, 28053694, 28056350, 28059006, 28061726, 28064382, 28067070, 28069726, 28072414, 28075070, 28077726, 28080414, 28083070, 28085758, 28088414, 28091102, 28093758, 28096414, 28099102, 28101758, 28104446, 28107070, 28109758, 28112414, 28115070, 28117758, 28120382, 28123070, 28125726, 28128414, 28131038, 28133694, 28136382, 28139006, 28141694, 28144318, 28147006, 28149662, 28152318, 28154974, 28157598, 28160286, 28162910, 28165566, 28168222, 28170878, 27726225, 263130684, 83828190, 27976529, 223899783, 27607932, 263436891, 109757470, 28280894, 28283518, 28286174, 28288766, 28291390, 28294014, 28296638, 28299262, 28301886, 28304542, 28307134, 28309758, 28312382, 28314974, 28317630, 28320222, 28322878, 28325470, 28328094, 28330718, 28333342, 28335934, 28338526, 28341182, 28343774, 28346398, 28348990, 28351614, 28354238, 28356862, 28359454, 28362078, 28364670, 28367262, 28369886, 28372478, 27963057, 204733602, 28310398, 28313054, 28315646, 28318302, 28320894, 28323518, 28326142, 28328734, 28331390, 28333982, 27932017, 27934417, 27936881, 27939313, 27941745, 27944177, 27946609, 27949041, 27951473, 27953905, 27956337, 27958769, 27961201, 27963633, 27966065, 27968465, 27970929, 27973329, 27975793, 27978193, 27980625, 27983025, 27985489, 27987889, 27990321, 27992753, 27995185, 27997585, 28000017, 28002417, 28084636, 28007281, 28009713, 28012113, 28030782, 28096732, 28019377, 28038014, 28024209, 28042846, 28029041, 28031441, 28033873, 28036273, 28038705, 28041105, 28043537, 28045937, 28048369, 26738804, 257566631, 59988631, 26144143, 26146383, 26148623, 26150863, 26153071, 26155311, 26157551, 26159791, 26161999, 26164239, 26166479, 26168719, 26170927, 26173167, 26175407, 26177615, 26179855, 26182063, 26184303, 26186543, 26188751, 26190991, 26193199, 26195439, 26197647, 26199887, 26202095, 26204335, 26206543, 26208751, 26210991, 26292986, 26215439, 26217647, 26219855, 26222095, 26224303, 26226511, 26228751, 26230959, 26233167, 26235375, 25511901, 25513949, 25515997, 25518013, 25520061, 25522109, 25524157, 25526205, 25528221, 25530269, 25532317, 25534365, 25536381, 25538429, 25540477, 25542493, 25544541, 25546589, 25548605, 25550653, 25552701, 25554717, 25556765, 25558781, 25560829, 24596144, 24598032, 24599888, 24601776, 24603664, 23871462, 23873126, 23874758, 23876422, 23878054, 23879686, 23881350, 23882982, 23884646, 23886278, 23887910, 23889574, 23130698, 23132106, 23133482, 23134858, 23136202, 23137578, 23138954, 23140330, 23141706, 23143050, 23144426, 23145802, 23147178, 23148522, 23149898, 23151274, 23152618, 23153994, 23155370, 23156746, 23158090, 23159466, 23160842, 23162186, 23163562, 23164906, 23166282, 23167658, 23169002, 23170378, 23171722, 23173098, 23174474, 23175818, 23177194, 23178538, 23179914, 23181258, 23182634, 23183978, 23185354, 23186698, 23188074, 23189418, 23190794, 23192138, 22806393, 22807577, 22808761, 22809945, 22811097, 22812281, 22813465, 22814649, 22815833, 22816985, 22818169, 22819353, 22820537, 22821721, 22822873, 22824057, 22825241, 22826425, 22827577, 22828761, 22829945, 22831097, 22832281, 22833465, 22834649, 22835801, 22836985, 22838169, 22839321, 22840505, 22841657, 22842841, 22189580, 22190572, 22191596, 22192588, 22193612, 22194604, 22195628, 22196620, 22197644, 22198636, 22199660, 22200652, 22201676, 22202668, 22203692, 22204684, 22205676, 22206700, 22207692, 22208716, 22209708, 22210700, 22211724, 22212716, 22213740, 22214732, 22215724, 22216748, 22217740, 22218732, 22219756, 22220748, 22221740, 22222764, 22223756, 22224748, 22225772, 22226764, 22227756, 22228780, 22229772, 22230764, 22231756, 22232780, 22233772, 22234764, 22235756, 22236780, 22237772, 22238764, 22239756, 22240748, 22241772, 22242764, 22243756, 22244748, 22245740, 22246764, 22247756, 22248748, 22249740, 22250732, 22251724, 22252748, 22253740, 22254732, 22255724, 22256716, 22257708, 22258700, 22259692, 22260684, 22261708, 22262700, 22263692, 22264684, 22265676, 22266668, 22267660, 22268652, 22269644, 22270636, 22351415, 22272620, 22273612, 22274604, 22275596, 22276588, 22293817, 22278572, 22279596, 22280588, 21454576, 21439171, 21440003, 21440803, 21441635, 21442435, 21523054, 21444099, 21444899, 21445731, 21446531, 21447363, 21464432, 21448995, 21449827, 21450627, 21467696, 21452259, 21453091, 21453891, 20568051, 19620230, 19700529, 19621222, 19621734, 19622246, 19622758, 19623238, 19623750, 19624262, 19624774, 19625286, 19625766, 19626278, 19626790, 19627270, 19627782, 19628294, 19708593, 19629286, 19629798, 19630310, 19630822, 19631334, 19631814, 19632294, 19632806, 19633318, 19633830, 19634342, 19634822, 19635334, 19635814, 19636326, 19716625, 19637318, 19637830, 19638342, 19638854, 19639366, 19639846, 19640326, 19640838, 19641350, 19641830, 19642342, 19642854, 19643366, 19643846, 19644326, 19724625, 19645350, 19645830, 19646342, 19646854, 19647366, 19647846, 19648326, 19648838, 19649318, 19649830, 19650342, 19650854, 19651334, 19651846, 19652358, 19652806, 19653318, 19653830, 19654310, 19654822, 19655334, 19655814, 19656326, 19656806, 19657318, 19657798, 19658310, 19658790, 19659302, 19659814, 19660294, 19660774, 19661286, 19661766, 19662278, 19662790, 19663270, 19663782, 19664262, 19664774, 19665254, 19665734, 19666246, 19666758, 19667238, 19667750, 19668230, 19668742, 19669222, 19669702, 19670214, 19670694, 19671206, 19671686, 19672198, 19672710, 19673190, 19673670, 18563983, 18564335, 18564687, 18565039, 18565391, 18565743, 18566095, 18566447, 18566767, 18567119, 18567471, 18567823, 18568175, 18568527, 18568879, 18569231, 17367046, 17367174, 17367270, 17367398, 17367494, 17367622, 17367718, 17367814, 17367942, 17368038, 17368166, 17368262, 17368358, 17368486, 17368582, 17368710, 17368806, 17368902, 17369030, 17369126, 17369254, 17369350, 17369446, 17369574, 17369670, 17369798, 17369894, 17369990, 17370118, 17370214, 17370342, 17370438, 17370534, 17370662, 17370758, 17370854, 17370982, 17371078, 17371206, 17371302, 17371398, 17371526, 17371622, 17371750, 17371846, 17371942, 17372070, 17372166, 17372294, 17372390, 17372486, 17372614, 17372710, 17372806, 17372934, 17373030, 17373158, 17373254, 17373350, 17373478]",21080,0,179.82614563952743,208.1723824823713,93.54143466934855,124.72191289246473,120.03762835870769,100.0,20600,100,600,1648000,1648600,600,8000,8600,1657200,136770849,138419449,138805877,641488375,641496975,25888001117,386428,502682498,503068926,504726126,0,25246512742,25246512742,25751230268,prefill,decode,0.0032833648084228556,0.0007656191746254087,0.9959510160169517,0.9803999283845252,0,0,0,0,,,,,,,,,-1,138805877,0,12,0,0,0,0,128,761266176,9709281280,0,9709281280,9709281280,0.07840602759836823,0.0078125,1,12,12,2,2,3,1,8274829312,9709281280,0.07840602759836823,0.22614631100686372,1,2,1,128,761266176,9084329984,1434451968,9709281280,8274829312,0.22614631100686372,0.015625,1,0,0,0,128,761266176,9380028416,0,9709281280,9709281280,0.07840602759836823,0.0078125,1,,,,,,,,0,0,,,-1,,,,,,,,,,,,,,,,,,,138419449,0,0,0,2048,0,0,2048,0,1,0,0,2048,2048,0,1,0,local_kv,0,0,2512,2512,329252864,0,0,0,0,0,138419449,0,0,,-1,0,,0,,0,0,,
1,20,meta-llama/Llama-3.1-8B,3159,12,489454048,4520769191,4031315143,1028175489,1297561651,248523044,"[258617298, 291084608, 266050691, 265561208, 270222869, 274892832, 286349069, 262922303, 275027539, 253188768, 29836307]",21251,1,313.89790299173706,27.992323863393494,280.62430400804567,124.72191289246473,102.2924522291871,100.0,13136,100,511,1050880,1051391,511,8000,8511,1059902,488402657,489454048,1237792461,1787015699,1787024210,4520769191,748338413,549223238,1297561651,1298621553,0,2733753492,2733753492,4032366534,queueing,decode,0.0008161746565436836,0.5762559625406125,0.42292786280284383,0.6779511978653265,1,0,0,0,,,,,,,,,-1,489454911,0,12,0,1,3,4,128,417333248,7721181184,3479175168,9709281280,6230106112,0.4013179043464688,0.0390625,1,12,12,7,4,13,4,6230106112,9709281280,0.042982918710951175,0.4013179043464688,2,0,2,128,417333248,8815894528,1153433600,9709281280,8555847680,0.16177993022363032,0.0234375,1,1,3,4,128,417333248,7515660288,3479175168,9709281280,6230106112,0.4013179043464688,0.0390625,1,,,,,,,,0,0,,,-1,,,,,,,,,,,,,,,,,,,489454048,3,4,2,2048,2046,2,0,10500,6,0,0,2048,2043,5,8,0,local_kv,1,1,1568,1568,205520896,0,0,0,0,0,489454048,0,0,,-1,0,,0,,0,0,,
1,53,meta-llama/Llama-3.1-8B,3040,6,1263594908,4549562705,3285967797,2149850297,2436199366,169953686,"[262922303, 275027539, 253188768, 29836307, 28793514]",4172,1,339.93911401212887,121.81661804592717,280.62430400804567,124.72191289246473,59.385919408272244,100.0,12660,100,297,1012800,1013097,297,8000,8297,1021394,1262581811,1263594908,3138552373,3699794274,3699802571,4549562705,1874957465,561241901,2436199366,2437220760,0,849768431,849768431,3286980894,queueing,queueing,0.00041908144586787454,0.7693014501484879,0.23027946840564414,0.25852486321729434,1,0,0,0,,,,,,,,,-1,1263631430,0,12,0,1,5,8,128,400556032,5236056064,6949961728,9709281280,2759319552,0.7570609551853461,0.0703125,1,12,11,18,10,33,8,37216256,9709281280,0.04125496217985766,1.0374219023552689,2,1,6,128,400556032,6605496320,3760193536,9709281280,5949087744,0.4285332197111916,0.0546875,1,1,5,8,128,400556032,5036826624,6949961728,9709281280,2759319552,0.7570609551853461,0.0703125,1,,,,,,,,0,0,,,-1,,,,,,,,,,,,,,,,,,,1263594908,5,8,5,2048,2043,5,0,22557,5,0,0,2048,2036,12,14,0,local_kv,1,1,1520,1520,199229440,0,0,0,0,0,1263594908,0,0,,-1,0,,0,,0,0,,
1,38,meta-llama/Llama-3.1-8B,3181,17,918772868,4981916178,4063143310,1949556636,2219779505,115210237,"[274892832, 286349069, 262922303, 275027539, 253188768, 29836307, 28793514, 201897105, 28800490, 28802378, 28804234, 28806090, 28807978, 28809866, 28811722, 28813610]",1205,1,278.1244371600849,112.8554011172344,280.62430400804567,124.72191289246473,12.126971426090424,100.0,13224,100,61,1057920,1057981,61,8000,8061,1066042,917714887,918772868,2602768296,3138552373,3138560434,4981916178,1683995428,535784077,2219779505,2220845547,0,1843363805,1843363805,4064201291,queueing,decode,0.0004800162719285224,0.7582676923547443,0.2412522913733271,0.45356024883237855,1,0,0,0,,,,,,,,,-1,918774369,0,12,0,1,6,5,128,419430400,6263660544,5962203136,9709281280,3747078144,0.6572714655146956,0.046875,1,12,12,14,7,24,5,1966596096,9709281280,0.043198913277337866,0.8406508523769949,0,7,5,128,419430400,5334622208,7742685184,9709281280,1966596096,0.8406508523769949,0.046875,1,1,6,5,128,419430400,6056042496,5962203136,9709281280,3747078144,0.6572714655146956,0.046875,1,,,,,,,,0,0,,,-1,,,,,,,,,,,,,,,,,,,918772868,6,5,3,2048,2045,3,0,25627,7,0,0,2048,2038,10,12,0,local_kv,1,1,1584,1584,207618048,0,0,0,0,0,918772868,0,0,,-1,0,,0,,0,0,,
1,52,meta-llama/Llama-3.1-8B,4296,28,1218118965,5335230162,4117111197,1920433408,2195326240,71177220,"[286349069, 262922303, 275027539, 253188768, 29836307, 28793514, 201897105, 28800490, 28802378, 28804234, 28806090, 28807978, 28809866, 28811722, 28813610, 26733443, 38192185, 28830442, 28832298, 28834154, 28836042, 28837930, 28839786, 28841642, 28843498, 28845354, 28847210]",10532,1,216.79965612144446,48.05701074213235,280.62430400804567,124.72191289246473,99.75516477640979,100.0,17684,100,499,1414720,1415219,499,8000,8499,1423718,1216703746,1218118965,2868329504,3413445205,3413453704,5335230162,1650210539,545115701,2195326240,2196749958,0,1921784957,1921784957,4118526416,queueing,decode,0.0006481019812087325,0.7512054492093451,0.24814644880944617,0.46661859050914467,1,0,0,0,,,,,,,,,-1,1218142997,0,12,0,1,6,6,128,568328192,5783412736,6381633536,9709281280,3327647744,0.7158059930054884,0.0546875,1,12,11,21,10,29,6,37216256,9709281280,0.05853452749079281,1.054701467666204,0,10,6,128,568328192,4395098112,9672065024,9709281280,37216256,1.054701467666204,0.0546875,0,1,6,6,128,568328192,5502394368,6381633536,9709281280,3327647744,0.7158059930054884,0.0546875,1,,,,,,,,0,0,,,-1,,,,,,,,,,,,,,,,,,,1218118965,6,6,4,2048,2044,4,0,24446,6,0,0,2048,2037,11,13,0,local_kv,1,1,2144,2144,281018368,0,0,0,0,0,1218118965,0,0,,-1,0,,0,,0,0,,
1,56,meta-llama/Llama-3.1-8B,3146,159,1505240942,9382601985,7877361043,2457475635,2732503174,32562391,"[253188768, 29836307, 28793514, 201897105, 28800490, 28802378, 28804234, 28806090, 28807978, 28809866, 28811722, 28813610, 26733443, 38192185, 28830442, 28832298, 28834154, 28836042, 28837930, 28839786, 28841642, 28843498, 28845354, 28847210, 26648227, 209290542, 28751082, 28752970, 28754858, 28756746, 28758602, 28760490, 28762378, 28764266, 28766154, 28768042, 28769898, 28771786, 28773674, 28775562, 28777450, 28779306, 28781194, 28783082, 28784938, 28786826, 28788714, 28790570, 28792458, 28794346, 28796202, 28798090, 28799946, 28801834, 28803690, 28805578, 28807434, 28809322, 28811178, 28813066, 28814922, 28816810, 28818666, 28820522, 28822410, 28824266, 28826122, 28828010, 28829866, 28831722, 28833610, 28835466, 28837322, 28839178, 28841066, 28842922, 28844778, 28846634, 28848490, 28850346, 28852234, 28854090, 28855946, 28857834, 28859690, 28861546, 28863402, 28865258, 28867114, 28868970, 28887063, 28872682, 28874538, 28876394, 28878250, 28880106, 29025299, 28883818, 28885642, 28887498, 28889354, 28891210, 28893066, 28894922, 28896778, 28898634, 28900490, 28902314, 28904170, 28906026, 28907882, 28909706, 28911562, 28913386, 28915242, 28917098, 28918922, 28920778, 28922634, 28924490, 28926314, 28928170, 28930026, 28931850, 28933674, 28935530, 28937354, 28939210, 28941034, 28942890, 28944746, 28946570, 28948426, 28950250, 28952074, 28953930, 28955754, 28957578, 28959434, 28961258, 28963114, 28964938, 28966762, 28968618, 28970442, 28972266, 28974090, 28975914, 28977738, 28979562, 28981418, 28983274, 28985098, 28986922, 28988746, 28990570, 28992394, 28994218]",24212,1,283.1379428954307,116.66139302086442,280.62430400804567,124.72191289246473,8.44336195224613,100.0,13084,100,42,1046720,1046762,42,8000,8042,1054804,1504194180,1505240942,3699794274,4237744116,4237752158,9382601985,2194553332,537949842,2732503174,2733557978,0,5144857869,5144857869,7878407805,queueing,decode,0.00038587218873321444,0.8028193839903988,0.19679474382086803,0.653032026858432,1,0,0,0,,,,,,,,,-1,1505244709,0,12,0,1,8,8,128,434110464,4581744640,8422162432,9709281280,1287118848,0.9121450538509891,0.0703125,1,12,11,18,9,36,8,37216256,9709281280,0.044710875242044694,1.0408778154174558,2,1,6,128,434110464,6605496320,3760193536,9709281280,5949087744,0.4319891327733787,0.0546875,1,1,8,8,128,434110464,4376223744,8422162432,9709281280,1287118848,0.9121450538509891,0.0703125,1,,,,,,,,0,0,,,-1,,,,,,,,,,,,,,,,,,,1505240942,8,8,5,2048,2043,5,0,32577,2,0,0,2048,2033,15,17,0,local_kv,1,1,1568,1568,205520896,0,0,0,0,0,1505240942,0,0,,-1,0,,0,,0,0,,
1,28,meta-llama/Llama-3.1-8B,3792,176,666260012,9966431781,9300171769,1670457593,1936508284,42078077,"[265561208, 270222869, 274892832, 286349069, 262922303, 275027539, 253188768, 29836307, 28793514, 201897105, 28800490, 28802378, 28804234, 28806090, 28807978, 28809866, 28811722, 28813610, 26733443, 38192185, 28830442, 28832298, 28834154, 28836042, 28837930, 28839786, 28841642, 28843498, 28845354, 28847210, 26648227, 209290542, 28751082, 28752970, 28754858, 28756746, 28758602, 28760490, 28762378, 28764266, 28766154, 28768042, 28769898, 28771786, 28773674, 28775562, 28777450, 28779306, 28781194, 28783082, 28784938, 28786826, 28788714, 28790570, 28792458, 28794346, 28796202, 28798090, 28799946, 28801834, 28803690, 28805578, 28807434, 28809322, 28811178, 28813066, 28814922, 28816810, 28818666, 28820522, 28822410, 28824266, 28826122, 28828010, 28829866, 28831722, 28833610, 28835466, 28837322, 28839178, 28841066, 28842922, 28844778, 28846634, 28848490, 28850346, 28852234, 28854090, 28855946, 28857834, 28859690, 28861546, 28863402, 28865258, 28867114, 28868970, 28887063, 28872682, 28874538, 28876394, 28878250, 28880106, 29025299, 28883818, 28885642, 28887498, 28889354, 28891210, 28893066, 28894922, 28896778, 28898634, 28900490, 28902314, 28904170, 28906026, 28907882, 28909706, 28911562, 28913386, 28915242, 28917098, 28918922, 28920778, 28922634, 28924490, 28926314, 28928170, 28930026, 28931850, 28933674, 28935530, 28937354, 28939210, 28941034, 28942890, 28944746, 28946570, 28948426, 28950250, 28952074, 28953930, 28955754, 28957578, 28959434, 28961258, 28963114, 28964938, 28966762, 28968618, 28970442, 28972266, 28974090, 28975914, 28977738, 28979562, 28981418, 28983274, 28985098, 28986922, 28988746, 28990570, 28992394, 28994218, 26882435, 257176525, 66638500, 29135274, 29137066, 29138858, 29140650, 29142442, 29144202, 29146026, 29147818]",21828,1,206.74854393063887,193.08831944198747,280.62430400804567,124.72191289246473,100.65581687865435,100.0,15668,100,503,1253440,1253943,503,8000,8503,1262446,665006069,666260012,2045632997,2602768296,2602776799,9966431781,1379372985,557135299,1936508284,1937770730,0,7363663485,7363663485,9301425712,queueing,decode,0.0006514939979509341,0.7118349780213679,0.2875135279806812,0.7916696839208899,1,0,0,0,,,,,,,,,-1,666353298,0,12,0,1,5,4,128,520093696,7029121024,4896849920,9709281280,4812431360,0.5579139649768186,0.0390625,1,12,12,9,5,19,4,4812431360,9709281280,0.05356665246389895,0.5579139649768186,0,4,3,128,520093696,7110909952,4427087872,9709281280,5282193408,0.5095311821062002,0.03125,1,1,5,4,128,520093696,6781657088,4896849920,9709281280,4812431360,0.5579139649768186,0.0390625,1,,,,,,,,0,0,,,-1,,,,,,,,,,,,,,,,,,,666260012,5,4,2,2048,2046,2,0,21092,9,0,0,2048,2040,8,10,0,local_kv,1,1,1888,1888,247463936,0,0,0,0,0,666260012,0,0,,-1,0,,0,,0,0,,
1,23,meta-llama/Llama-3.1-8B,7433,186,540515700,10404194055,9863678355,1505117297,1796201905,43607980,"[266050691, 265561208, 270222869, 274892832, 286349069, 262922303, 275027539, 253188768, 29836307, 28793514, 201897105, 28800490, 28802378, 28804234, 28806090, 28807978, 28809866, 28811722, 28813610, 26733443, 38192185, 28830442, 28832298, 28834154, 28836042, 28837930, 28839786, 28841642, 28843498, 28845354, 28847210, 26648227, 209290542, 28751082, 28752970, 28754858, 28756746, 28758602, 28760490, 28762378, 28764266, 28766154, 28768042, 28769898, 28771786, 28773674, 28775562, 28777450, 28779306, 28781194, 28783082, 28784938, 28786826, 28788714, 28790570, 28792458, 28794346, 28796202, 28798090, 28799946, 28801834, 28803690, 28805578, 28807434, 28809322, 28811178, 28813066, 28814922, 28816810, 28818666, 28820522, 28822410, 28824266, 28826122, 28828010, 28829866, 28831722, 28833610, 28835466, 28837322, 28839178, 28841066, 28842922, 28844778, 28846634, 28848490, 28850346, 28852234, 28854090, 28855946, 28857834, 28859690, 28861546, 28863402, 28865258, 28867114, 28868970, 28887063, 28872682, 28874538, 28876394, 28878250, 28880106, 29025299, 28883818, 28885642, 28887498, 28889354, 28891210, 28893066, 28894922, 28896778, 28898634, 28900490, 28902314, 28904170, 28906026, 28907882, 28909706, 28911562, 28913386, 28915242, 28917098, 28918922, 28920778, 28922634, 28924490, 28926314, 28928170, 28930026, 28931850, 28933674, 28935530, 28937354, 28939210, 28941034, 28942890, 28944746, 28946570, 28948426, 28950250, 28952074, 28953930, 28955754, 28957578, 28959434, 28961258, 28963114, 28964938, 28966762, 28968618, 28970442, 28972266, 28974090, 28975914, 28977738, 28979562, 28981418, 28983274, 28985098, 28986922, 28988746, 28990570, 28992394, 28994218, 26882435, 257176525, 66638500, 29135274, 29137066, 29138858, 29140650, 29142442, 29144202, 29146026, 29147818, 26982915, 207231481, 29072842, 29074666, 29076458, 29078250, 29080074, 29081898, 29083690]",25290,1,197.43861938928987,141.9339553539023,280.62430400804567,124.72191289246473,84.94770468462015,100.0,30232,100,425,2418560,2418985,425,8000,8425,2427410,538096715,540515700,1517629537,2336717605,2336726030,10404194055,977113837,819088068,1796201905,1798629315,0,8067476450,8067476450,9866097340,queueing,decode,0.0013495888117446813,0.5432547044858991,0.4553957067023563,0.8176961247080246,1,0,0,0,,,,,,,,,-1,540519120,0,12,0,1,4,4,128,1000341504,7515660288,3896508416,9709281280,5812772864,0.5043473125129196,0.0390625,1,12,12,9,4,14,4,5812772864,9709281280,0.10302940816645081,0.5043473125129196,0,4,2,128,1000341504,7888953344,3359637504,9709281280,6349643776,0.44905270351792714,0.0234375,1,1,4,4,128,1000341504,7029121024,3896508416,9709281280,5812772864,0.5043473125129196,0.0390625,1,,,,,,,,0,0,,,-1,,,,,,,,,,,,,,,,,,,540515700,4,4,2,2048,2046,2,0,13659,9,0,0,2048,2041,7,9,0,local_kv,1,1,3712,3712,486539264,0,0,0,0,0,540515700,0,0,,-1,0,,0,,0,0,,
1,0,meta-llama/Llama-3.1-8B,3181,198,47896162,10996360082,10948463920,0,183627623,54643839,"[243267595, 249076304, 251676751, 262248026, 279837076, 269386162, 258617298, 291084608, 266050691, 265561208, 270222869, 274892832, 286349069, 262922303, 275027539, 253188768, 29836307, 28793514, 201897105, 28800490, 28802378, 28804234, 28806090, 28807978, 28809866, 28811722, 28813610, 26733443, 38192185, 28830442, 28832298, 28834154, 28836042, 28837930, 28839786, 28841642, 28843498, 28845354, 28847210, 26648227, 209290542, 28751082, 28752970, 28754858, 28756746, 28758602, 28760490, 28762378, 28764266, 28766154, 28768042, 28769898, 28771786, 28773674, 28775562, 28777450, 28779306, 28781194, 28783082, 28784938, 28786826, 28788714, 28790570, 28792458, 28794346, 28796202, 28798090, 28799946, 28801834, 28803690, 28805578, 28807434, 28809322, 28811178, 28813066, 28814922, 28816810, 28818666, 28820522, 28822410, 28824266, 28826122, 28828010, 28829866, 28831722, 28833610, 28835466, 28837322, 28839178, 28841066, 28842922, 28844778, 28846634, 28848490, 28850346, 28852234, 28854090, 28855946, 28857834, 28859690, 28861546, 28863402, 28865258, 28867114, 28868970, 28887063, 28872682, 28874538, 28876394, 28878250, 28880106, 29025299, 28883818, 28885642, 28887498, 28889354, 28891210, 28893066, 28894922, 28896778, 28898634, 28900490, 28902314, 28904170, 28906026, 28907882, 28909706, 28911562, 28913386, 28915242, 28917098, 28918922, 28920778, 28922634, 28924490, 28926314, 28928170, 28930026, 28931850, 28933674, 28935530, 28937354, 28939210, 28941034, 28942890, 28944746, 28946570, 28948426, 28950250, 28952074, 28953930, 28955754, 28957578, 28959434, 28961258, 28963114, 28964938, 28966762, 28968618, 28970442, 28972266, 28974090, 28975914, 28977738, 28979562, 28981418, 28983274, 28985098, 28986922, 28988746, 28990570, 28992394, 28994218, 26882435, 257176525, 66638500, 29135274, 29137066, 29138858, 29140650, 29142442, 29144202, 29146026, 29147818, 26982915, 207231481, 29072842, 29074666, 29076458, 29078250, 29080074, 29081898, 29083690, 26473891, 259618427, 276754106, 29319603]",14120,1,197.80455563992447,89.6794122739249,280.62430400804567,124.72191289246473,89.92823566243963,100.0,13224,100,450,1057920,1058370,450,8000,8450,1066820,46837792,47896162,47896162,231523785,231532235,10996360082,0,183627623,183627623,184694443,0,10764836297,10764836297,10949522290,prefill,decode,0.005776134802279893,0.0,0.9942238651977201,0.9831322047140076,1,0,0,0,,,,,,,,,-1,47896162,0,12,0,1,0,0,128,444596224,9709281280,0,9709281280,9709281280,0.04579084807397814,0.0078125,1,12,12,0,0,0,0,9709281280,9709281280,0.04579084807397814,0.04579084807397814,0,0,0,128,444596224,9709281280,0,9709281280,9709281280,0.04579084807397814,0.0078125,1,1,0,0,128,444596224,9501663232,0,9709281280,9709281280,0.04579084807397814,0.0078125,1,,,,,,,,0,0,,,-1,,,,,,,,,,,,,,,,,,,47896162,0,0,0,2048,0,0,2048,0,1,0,0,2048,1597,0,1,0,local_kv,1,1,1584,1584,207618048,0,0,0,0,0,47896162,0,0,,-1,0,,0,,0,0,,
1,18,meta-llama/Llama-3.1-8B,3026,193,453051356,10996360082,10543308726,784741105,1064578181,49368388,"[269386162, 258617298, 291084608, 266050691, 265561208, 270222869, 274892832, 286349069, 262922303, 275027539, 253188768, 29836307, 28793514, 201897105, 28800490, 28802378, 28804234, 28806090, 28807978, 28809866, 28811722, 28813610, 26733443, 38192185, 28830442, 28832298, 28834154, 28836042, 28837930, 28839786, 28841642, 28843498, 28845354, 28847210, 26648227, 209290542, 28751082, 28752970, 28754858, 28756746, 28758602, 28760490, 28762378, 28764266, 28766154, 28768042, 28769898, 28771786, 28773674, 28775562, 28777450, 28779306, 28781194, 28783082, 28784938, 28786826, 28788714, 28790570, 28792458, 28794346, 28796202, 28798090, 28799946, 28801834, 28803690, 28805578, 28807434, 28809322, 28811178, 28813066, 28814922, 28816810, 28818666, 28820522, 28822410, 28824266, 28826122, 28828010, 28829866, 28831722, 28833610, 28835466, 28837322, 28839178, 28841066, 28842922, 28844778, 28846634, 28848490, 28850346, 28852234, 28854090, 28855946, 28857834, 28859690, 28861546, 28863402, 28865258, 28867114, 28868970, 28887063, 28872682, 28874538, 28876394, 28878250, 28880106, 29025299, 28883818, 28885642, 28887498, 28889354, 28891210, 28893066, 28894922, 28896778, 28898634, 28900490, 28902314, 28904170, 28906026, 28907882, 28909706, 28911562, 28913386, 28915242, 28917098, 28918922, 28920778, 28922634, 28924490, 28926314, 28928170, 28930026, 28931850, 28933674, 28935530, 28937354, 28939210, 28941034, 28942890, 28944746, 28946570, 28948426, 28950250, 28952074, 28953930, 28955754, 28957578, 28959434, 28961258, 28963114, 28964938, 28966762, 28968618, 28970442, 28972266, 28974090, 28975914, 28977738, 28979562, 28981418, 28983274, 28985098, 28986922, 28988746, 28990570, 28992394, 28994218, 26882435, 257176525, 66638500, 29135274, 29137066, 29138858, 29140650, 29142442, 29144202, 29146026, 29147818, 26982915, 207231481, 29072842, 29074666, 29076458, 29078250, 29080074, 29081898, 29083690, 26473891, 259618427, 276754106, 29319603]",23636,1,296.4955647866336,198.27976627459117,280.62430400804567,124.72191289246473,75.2506127077272,100.0,12604,100,376,1008320,1008696,376,8000,8376,1017072,452042660,453051356,1237792461,1517629537,1517637913,10996360082,784741105,279837076,1064578181,1065595253,0,9478730545,9478730545,10544317422,queueing,decode,0.0009544637113731586,0.73643449779895,0.26261103848967693,0.8989413573315311,1,0,0,0,,,,,,,,,-1,453056720,0,12,0,1,3,3,128,423624704,8184651776,3055550464,9709281280,6653730816,0.35833498563551763,0.03125,1,12,12,6,3,12,3,6653730816,9709281280,0.04363090241011124,0.35833498563551763,5,0,1,128,423624704,9495371776,480247808,9709281280,9229033472,0.0930936581126631,0.015625,1,1,3,3,128,423624704,7987519488,3055550464,9709281280,6653730816,0.35833498563551763,0.03125,1,,,,,,,,0,0,,,-1,,,,,,,,,,,,,,,,,,,453051356,3,3,1,2048,2047,1,0,10724,7,0,0,2048,2043,5,8,0,local_kv,1,1,1504,1504,197132288,0,0,0,0,0,453051356,0,0,,-1,0,,0,,0,0,,
1,77,meta-llama/Llama-3.1-8B,3086,38,9966431782,12167010445,2200578663,26982914,234214395,53144980,"[29072842, 29074666, 29076458, 29078250, 29080074, 29081898, 29083690, 26473891, 259618427, 276754106, 29319603, 26610275, 269520741, 198673150, 29361491, 29363571, 29365715, 29367795, 29369907, 29372019, 29374099, 29376211, 29378323, 29380435, 29382515, 29384627, 29386739, 29388819, 29390931, 29393043, 29395123, 29397235, 29399315, 29401427, 29403539, 29405619, 29407699]",1362,1,228.022527286527,188.16292888815468,280.62430400804567,124.72191289246473,82.41182818519373,100.0,12844,100,412,1027520,1027932,412,8000,8412,1036344,1956816845,9966431782,9993414696,10200646177,10200654589,12167010445,26982914,207231481,234214395,8243837744,0,1966364268,1966364268,10210193600,prefill,decode,0.004405274153038898,0.11469853023501023,0.8808961956119509,0.8931462865886979,1,0,0,0,,,,,,,,,1962021327,9966431884,8004410557,12,465564,1,9,9,128,411041792,3472351232,9640607744,9709281280,68673536,1.035261956691402,0.078125,0,12,10,19,9,45,9,37216256,9027706880,0.11253316908746515,1.0385018751872024,0,9,7,128,411041792,3858227200,9672065024,9709281280,37216256,1.0385018751872024,0.0625,0,1,0,16,128,411041792,47702016,9078571008,9709281280,630710272,0.9773754128997693,0.1328125,1,npu_memory,1,,,,,,0,0,,,-1,,,,,,,,,,,,,,,,,,,9966431782,0,16,16,2048,0,16,2032,0,1,0,0,2048,1550,16,17,0,local_kv,1,1,1536,1536,201326592,0,0,0,0,0,9966431782,0,0,,-1,0,,0,,0,0,,
1,83,meta-llama/Llama-3.1-8B,3343,1,12167010446,12414428380,247417934,28402665,247417934,0,[],18937,1,191.0326984611344,195.08235042361764,280.62430400804567,124.72191289246473,113.91772010555958,100.0,13872,100,570,1109760,1110330,570,8000,8570,1118900,2073380658,12167010446,12195413111,12414428380,12414436950,12414428380,28402665,219015269,247417934,10341056292,0,0,0,10341047722,prefill,prefill,0.0045019483912795,0.11427949951273621,0.8812185520959843,0.0,1,0,0,0,,,,,,,,,2074920454,12167010549,10092090095,12,540353,1,8,10,128,438304768,3203915776,9640607744,9709281280,68673536,1.0380698860544288,0.0859375,0,12,10,16,8,48,10,37216256,9027706880,0.1153410984504921,1.0413098045502294,0,8,8,128,438304768,3589791744,9672065024,9709281280,37216256,1.0413098045502294,0.0703125,0,1,0,17,128,438304768,121102336,9240051712,9709281280,469229568,0.9968149238745713,0.140625,1,npu_memory,1,,,,,,0,0,,,-1,,,,,,,,,,,,,,,,,,,12167010446,0,17,17,2048,0,17,2031,0,1,0,0,2048,1679,17,18,0,local_kv,1,1,1664,1664,218103808,0,0,0,0,0,12167010446,0,0,,-1,0,,0,,0,0,,
1,15,meta-llama/Llama-3.1-8B,4362,235,424612443,13015041579,12590429136,813180018,1093017094,49134239,"[269386162, 258617298, 291084608, 266050691, 265561208, 270222869, 274892832, 286349069, 262922303, 275027539, 253188768, 29836307, 28793514, 201897105, 28800490, 28802378, 28804234, 28806090, 28807978, 28809866, 28811722, 28813610, 26733443, 38192185, 28830442, 28832298, 28834154, 28836042, 28837930, 28839786, 28841642, 28843498, 28845354, 28847210, 26648227, 209290542, 28751082, 28752970, 28754858, 28756746, 28758602, 28760490, 28762378, 28764266, 28766154, 28768042, 28769898, 28771786, 28773674, 28775562, 28777450, 28779306, 28781194, 28783082, 28784938, 28786826, 28788714, 28790570, 28792458, 28794346, 28796202, 28798090, 28799946, 28801834, 28803690, 28805578, 28807434, 28809322, 28811178, 28813066, 28814922, 28816810, 28818666, 28820522, 28822410, 28824266, 28826122, 28828010, 28829866, 28831722, 28833610, 28835466, 28837322, 28839178, 28841066, 28842922, 28844778, 28846634, 28848490, 28850346, 28852234, 28854090, 28855946, 28857834, 28859690, 28861546, 28863402, 28865258, 28867114, 28868970, 28887063, 28872682, 28874538, 28876394, 28878250, 28880106, 29025299, 28883818, 28885642, 28887498, 28889354, 28891210, 28893066, 28894922, 28896778, 28898634, 28900490, 28902314, 28904170, 28906026, 28907882, 28909706, 28911562, 28913386, 28915242, 28917098, 28918922, 28920778, 28922634, 28924490, 28926314, 28928170, 28930026, 28931850, 28933674, 28935530, 28937354, 28939210, 28941034, 28942890, 28944746, 28946570, 28948426, 28950250, 28952074, 28953930, 28955754, 28957578, 28959434, 28961258, 28963114, 28964938, 28966762, 28968618, 28970442, 28972266, 28974090, 28975914, 28977738, 28979562, 28981418, 28983274, 28985098, 28986922, 28988746, 28990570, 28992394, 28994218, 26882435, 257176525, 66638500, 29135274, 29137066, 29138858, 29140650, 29142442, 29144202, 29146026, 29147818, 26982915, 207231481, 29072842, 29074666, 29076458, 29078250, 29080074, 29081898, 29083690, 26473891, 259618427, 276754106, 29319603, 26610275, 269520741, 198673150, 29361491, 29363571, 29365715, 29367795, 29369907, 29372019, 29374099, 29376211, 29378323, 29380435, 29382515, 29384627, 29386739, 29388819, 29390931, 29393043, 29395123, 29397235, 29399315, 29401427, 29403539, 29405619, 29407699, 28402666, 219015269, 28406538, 218821025, 29437331, 29439411, 29441523, 29443571, 29445683, 29447763, 29449843, 29451955, 29454003, 29456083, 29458195, 29460275]",10793,1,204.00648369448038,175.84720397622655,280.62430400804567,124.72191289246473,92.10909715115632,100.0,17948,100,461,1435840,1436301,461,8000,8461,1444762,423176142,424612443,975544435,1517629537,1517637998,13015041579,550931992,542085102,1093017094,1094461856,0,11497412042,11497412042,12591865437,queueing,decode,0.0013200661056204045,0.5033816290441829,0.4952983048501966,0.9130818919514564,1,0,0,0,,,,,,,,,-1,424724987,0,12,0,1,2,3,128,603979776,8469864448,2451570688,9709281280,7257710592,0.3147040832254064,0.03125,1,12,12,3,2,12,3,7257710592,9709281280,0.06220643511936653,0.3147040832254064,0,1,2,128,603979776,8595693568,1820327936,9709281280,7888953344,0.24968971874301288,0.0234375,1,1,2,3,128,603979776,8184651776,2451570688,9709281280,7257710592,0.3147040832254064,0.03125,1,,,,,,,,0,0,,,-1,,,,,,,,,,,,,,,,,,,424612443,2,3,1,2048,2047,1,0,6362,7,0,0,2048,2044,4,6,0,local_kv,1,1,2176,2176,285212672,0,0,0,0,0,424612443,0,0,,-1,0,,0,,0,0,,
1,85,meta-llama/Llama-3.1-8B,3316,27,12414428381,13636172806,1221744425,28406537,247227562,37481417,"[29437331, 29439411, 29441523, 29443571, 29445683, 29447763, 29449843, 29451955, 29454003, 29456083, 29458195, 29460275, 28312746, 240089218, 29375891, 29378003, 29380115, 29382195, 29384307, 29386419, 29388499, 29390611, 29392691, 29394835, 29476702, 29398995]",5952,1,230.59380800910674,161.0381274619352,280.62430400804567,124.72191289246473,61.82166263176415,100.0,13764,100,309,1101120,1101429,309,8000,8309,1109738,2106935008,12414428381,12442834918,12661655943,12661664252,13636172806,28406537,218821025,247227562,10554729244,0,974516863,974516863,11529237798,prefill,decode,0.004468672245369503,0.11438691247750539,0.8811444152771251,0.7969199373776839,1,0,0,0,,,,,,,,,2109135271,12414428484,10305293213,12,545251,1,8,10,128,438304768,3203915776,9640607744,9709281280,68673536,1.0380698860544288,0.0859375,0,12,10,16,8,49,10,37216256,9027706880,0.1153410984504921,1.0413098045502294,0,8,8,128,438304768,3589791744,9672065024,9709281280,37216256,1.0413098045502294,0.0703125,0,1,0,17,128,438304768,127393792,9240051712,9709281280,469229568,0.9968149238745713,0.140625,1,npu_memory,1,,,,,,0,0,,,-1,,,,,,,,,,,,,,,,,,,12414428381,0,17,17,2048,0,17,2031,0,1,0,0,2048,1668,17,18,0,local_kv,1,1,1648,1648,216006656,0,0,0,0,0,12414428381,0,0,,-1,0,,0,,0,0,,
1,82,meta-llama/Llama-3.1-8B,3670,89,10996360083,14863839363,3867479280,296131015,494804165,38325853,"[29361491, 29363571, 29365715, 29367795, 29369907, 29372019, 29374099, 29376211, 29378323, 29380435, 29382515, 29384627, 29386739, 29388819, 29390931, 29393043, 29395123, 29397235, 29399315, 29401427, 29403539, 29405619, 29407699, 28402666, 219015269, 28406538, 218821025, 29437331, 29439411, 29441523, 29443571, 29445683, 29447763, 29449843, 29451955, 29454003, 29456083, 29458195, 29460275, 28312746, 240089218, 29375891, 29378003, 29380115, 29382195, 29384307, 29386419, 29388499, 29390611, 29392691, 29394835, 29476702, 29398995, 28372298, 227183488, 29424531, 29426611, 29428691, 29430803, 29432883, 29434963, 29437043, 29439155, 29441235, 29443315, 29445395, 29447507, 29449587, 29451667, 29453779, 29455859, 29457907, 29459987, 29462099, 29464179, 29466259, 29468339, 29470419, 29472499, 29474579, 29476659, 29478739, 29480819, 29482899, 29484979, 29487059, 29489107, 29491219]",18731,1,197.55426545852058,74.08977293594788,280.62430400804567,124.72191289246473,97.28435075178277,100.0,15180,100,486,1214400,1214886,486,8000,8486,1223372,2063080999,10996360083,11022970357,11491164248,11491172734,14863839363,26610274,468193891,494804165,9428091735,0,3372675115,3372675115,12800758364,prefill,decode,0.0024663388798916623,0.053646767598710954,0.9438868935213974,0.8717845278846724,1,0,0,0,,,,,,,,,2066930501,10996360185,8929429684,12,506256,1,8,10,128,492830720,3203915776,9640607744,9709281280,68673536,1.0436857447804828,0.0859375,0,12,10,16,8,48,10,37216256,9027706880,0.12095695717654603,1.0469256632762831,0,8,8,128,492830720,3589791744,9672065024,9709281280,37216256,1.0469256632762831,0.0703125,0,1,1,16,128,492830720,30924800,9158262784,9709281280,551018496,0.9940069945115443,0.1328125,1,npu_memory,1,,,,,,0,0,,,-1,,,,,,,,,,,,,,,,,,,10996360083,1,16,16,2048,0,16,2032,3285,1,0,0,2048,2032,16,18,0,local_kv,1,1,1824,1824,239075328,0,0,0,0,0,10996360083,0,0,,-1,0,,0,,0,0,,
1,89,meta-llama/Llama-3.1-8B,3659,59,13015041580,15380061393,2365019813,28312745,268401963,36148583,"[29375891, 29378003, 29380115, 29382195, 29384307, 29386419, 29388499, 29390611, 29392691, 29394835, 29476702, 29398995, 28372298, 227183488, 29424531, 29426611, 29428691, 29430803, 29432883, 29434963, 29437043, 29439155, 29441235, 29443315, 29445395, 29447507, 29449587, 29451667, 29453779, 29455859, 29457907, 29459987, 29462099, 29464179, 29466259, 29468339, 29470419, 29472499, 29474579, 29476659, 29478739, 29480819, 29482899, 29484979, 29487059, 29489107, 29491219, 28422186, 222512857, 29468019, 29470099, 29472179, 29474227, 29476339, 29478419, 29480499, 29482547, 29484659]",22009,1,257.1958845326317,197.79658768759697,280.62430400804567,124.72191289246473,76.73851012060562,100.0,15136,100,384,1210880,1211264,384,8000,8384,1219648,2152127593,13015041580,13043354325,13283443543,13283451927,15380061393,28312745,240089218,268401963,11131324334,0,2096617850,2096617850,13227933800,prefill,decode,0.004523554308115161,0.1050091826652575,0.8904672630266274,0.8860548074512903,1,0,0,0,,,,,,,,,2157528392,13015041683,10857513291,12,561890,1,8,10,128,488636416,3203915776,9640607744,9709281280,68673536,1.0432537556477095,0.0859375,0,12,10,17,8,50,10,37216256,9027706880,0.12052496804377265,1.0464936741435098,5,0,5,128,488636416,7211573248,3051356160,9709281280,6657925120,0.3645988280607316,0.046875,1,1,0,17,128,488636416,58187776,9074376704,9709281280,634904576,0.9849352227233034,0.140625,1,npu_memory,1,,,,,,0,0,,,-1,,,,,,,,,,,,,,,,,,,13015041580,0,17,17,2048,0,17,2031,0,1,0,0,2048,1835,17,18,0,local_kv,1,1,1824,1824,239075328,0,0,0,0,0,13015041580,0,0,,-1,0,,0,,0,0,,
1,31,meta-llama/Llama-3.1-8B,3855,295,750330626,15706270583,14955939957,1852437670,2117998878,43666466,"[270222869, 274892832, 286349069, 262922303, 275027539, 253188768, 29836307, 28793514, 201897105, 28800490, 28802378, 28804234, 28806090, 28807978, 28809866, 28811722, 28813610, 26733443, 38192185, 28830442, 28832298, 28834154, 28836042, 28837930, 28839786, 28841642, 28843498, 28845354, 28847210, 26648227, 209290542, 28751082, 28752970, 28754858, 28756746, 28758602, 28760490, 28762378, 28764266, 28766154, 28768042, 28769898, 28771786, 28773674, 28775562, 28777450, 28779306, 28781194, 28783082, 28784938, 28786826, 28788714, 28790570, 28792458, 28794346, 28796202, 28798090, 28799946, 28801834, 28803690, 28805578, 28807434, 28809322, 28811178, 28813066, 28814922, 28816810, 28818666, 28820522, 28822410, 28824266, 28826122, 28828010, 28829866, 28831722, 28833610, 28835466, 28837322, 28839178, 28841066, 28842922, 28844778, 28846634, 28848490, 28850346, 28852234, 28854090, 28855946, 28857834, 28859690, 28861546, 28863402, 28865258, 28867114, 28868970, 28887063, 28872682, 28874538, 28876394, 28878250, 28880106, 29025299, 28883818, 28885642, 28887498, 28889354, 28891210, 28893066, 28894922, 28896778, 28898634, 28900490, 28902314, 28904170, 28906026, 28907882, 28909706, 28911562, 28913386, 28915242, 28917098, 28918922, 28920778, 28922634, 28924490, 28926314, 28928170, 28930026, 28931850, 28933674, 28935530, 28937354, 28939210, 28941034, 28942890, 28944746, 28946570, 28948426, 28950250, 28952074, 28953930, 28955754, 28957578, 28959434, 28961258, 28963114, 28964938, 28966762, 28968618, 28970442, 28972266, 28974090, 28975914, 28977738, 28979562, 28981418, 28983274, 28985098, 28986922, 28988746, 28990570, 28992394, 28994218, 26882435, 257176525, 66638500, 29135274, 29137066, 29138858, 29140650, 29142442, 29144202, 29146026, 29147818, 26982915, 207231481, 29072842, 29074666, 29076458, 29078250, 29080074, 29081898, 29083690, 26473891, 259618427, 276754106, 29319603, 26610275, 269520741, 198673150, 29361491, 29363571, 29365715, 29367795, 29369907, 29372019, 29374099, 29376211, 29378323, 29380435, 29382515, 29384627, 29386739, 29388819, 29390931, 29393043, 29395123, 29397235, 29399315, 29401427, 29403539, 29405619, 29407699, 28402666, 219015269, 28406538, 218821025, 29437331, 29439411, 29441523, 29443571, 29445683, 29447763, 29449843, 29451955, 29454003, 29456083, 29458195, 29460275, 28312746, 240089218, 29375891, 29378003, 29380115, 29382195, 29384307, 29386419, 29388499, 29390611, 29392691, 29394835, 29476702, 29398995, 28372298, 227183488, 29424531, 29426611, 29428691, 29430803, 29432883, 29434963, 29437043, 29439155, 29441235, 29443315, 29445395, 29447507, 29449587, 29451667, 29453779, 29455859, 29457907, 29459987, 29462099, 29464179, 29466259, 29468339, 29470419, 29472499, 29474579, 29476659, 29478739, 29480819, 29482899, 29484979, 29487059, 29489107, 29491219, 28422186, 222512857, 29468019, 29470099, 29472179, 29474227, 29476339, 29478419, 29480499, 29482547, 29484659, 28420906, 209491843, 29430067, 29432147, 29434227]",21061,1,241.50969939722316,31.666156181279845,280.62430400804567,124.72191289246473,100.94219212476123,100.0,15920,100,505,1273600,1274105,505,8000,8505,1282610,749056521,750330626,2336717605,2868329504,2868338009,15706270583,1586386979,531611899,2117998878,2119281488,0,12837941079,12837941079,14957214062,queueing,decode,0.000605209835155225,0.7485494437537408,0.250845346411104,0.8583104932411881,1,0,0,0,,,,,,,,,-1,750398742,0,12,0,1,5,5,128,545259520,6515318784,5416943616,9709281280,4292337664,0.6140725522373578,0.046875,1,12,12,11,5,20,5,4292337664,9709281280,0.056158587260539225,0.6140725522373578,0,5,3,128,545259520,6899097600,4913627136,9709281280,4795654144,0.5622338563045524,0.03125,1,1,5,5,128,545259520,6263660544,5416943616,9709281280,4292337664,0.6140725522373578,0.046875,1,,,,,,,,0,0,,,-1,,,,,,,,,,,,,,,,,,,750330626,5,5,3,2048,2045,3,0,21772,8,0,0,2048,2039,9,11,0,local_kv,1,1,1920,1920,251658240,0,0,0,0,0,750330626,0,0,,-1,0,,0,,0,0,,
1,59,meta-llama/Llama-3.1-8B,5687,291,1567411120,15762933611,14195522491,2670332996,2923521764,38868968,"[29836307, 28793514, 201897105, 28800490, 28802378, 28804234, 28806090, 28807978, 28809866, 28811722, 28813610, 26733443, 38192185, 28830442, 28832298, 28834154, 28836042, 28837930, 28839786, 28841642, 28843498, 28845354, 28847210, 26648227, 209290542, 28751082, 28752970, 28754858, 28756746, 28758602, 28760490, 28762378, 28764266, 28766154, 28768042, 28769898, 28771786, 28773674, 28775562, 28777450, 28779306, 28781194, 28783082, 28784938, 28786826, 28788714, 28790570, 28792458, 28794346, 28796202, 28798090, 28799946, 28801834, 28803690, 28805578, 28807434, 28809322, 28811178, 28813066, 28814922, 28816810, 28818666, 28820522, 28822410, 28824266, 28826122, 28828010, 28829866, 28831722, 28833610, 28835466, 28837322, 28839178, 28841066, 28842922, 28844778, 28846634, 28848490, 28850346, 28852234, 28854090, 28855946, 28857834, 28859690, 28861546, 28863402, 28865258, 28867114, 28868970, 28887063, 28872682, 28874538, 28876394, 28878250, 28880106, 29025299, 28883818, 28885642, 28887498, 28889354, 28891210, 28893066, 28894922, 28896778, 28898634, 28900490, 28902314, 28904170, 28906026, 28907882, 28909706, 28911562, 28913386, 28915242, 28917098, 28918922, 28920778, 28922634, 28924490, 28926314, 28928170, 28930026, 28931850, 28933674, 28935530, 28937354, 28939210, 28941034, 28942890, 28944746, 28946570, 28948426, 28950250, 28952074, 28953930, 28955754, 28957578, 28959434, 28961258, 28963114, 28964938, 28966762, 28968618, 28970442, 28972266, 28974090, 28975914, 28977738, 28979562, 28981418, 28983274, 28985098, 28986922, 28988746, 28990570, 28992394, 28994218, 26882435, 257176525, 66638500, 29135274, 29137066, 29138858, 29140650, 29142442, 29144202, 29146026, 29147818, 26982915, 207231481, 29072842, 29074666, 29076458, 29078250, 29080074, 29081898, 29083690, 26473891, 259618427, 276754106, 29319603, 26610275, 269520741, 198673150, 29361491, 29363571, 29365715, 29367795, 29369907, 29372019, 29374099, 29376211, 29378323, 29380435, 29382515, 29384627, 29386739, 29388819, 29390931, 29393043, 29395123, 29397235, 29399315, 29401427, 29403539, 29405619, 29407699, 28402666, 219015269, 28406538, 218821025, 29437331, 29439411, 29441523, 29443571, 29445683, 29447763, 29449843, 29451955, 29454003, 29456083, 29458195, 29460275, 28312746, 240089218, 29375891, 29378003, 29380115, 29382195, 29384307, 29386419, 29388499, 29390611, 29392691, 29394835, 29476702, 29398995, 28372298, 227183488, 29424531, 29426611, 29428691, 29430803, 29432883, 29434963, 29437043, 29439155, 29441235, 29443315, 29445395, 29447507, 29449587, 29451667, 29453779, 29455859, 29457907, 29459987, 29462099, 29464179, 29466259, 29468339, 29470419, 29472499, 29474579, 29476659, 29478739, 29480819, 29482899, 29484979, 29487059, 29489107, 29491219, 28422186, 222512857, 29468019, 29470099, 29472179, 29474227, 29476339, 29478419, 29480499, 29482547, 29484659, 28420906, 209491843, 29430067, 29432147, 29434227, 28330538, 28332490]",16636,1,258.16377366576137,0.0,280.62430400804567,124.72191289246473,126.72817752501703,100.0,23248,100,634,1859840,1860474,634,8000,8634,1869108,1565550646,1567411120,3962716577,4490932884,4490941518,15762933611,2395305457,528216307,2923521764,2925390872,0,11272000727,11272000727,14197382965,queueing,decode,0.0006389259014547168,0.8187984313229237,0.18056264277562153,0.7939487087046292,1,0,0,0,,,,,,,,,-1,1567436264,0,12,0,1,8,9,128,784334848,4109885440,8856272896,9709281280,853008384,0.9929270216796109,0.078125,1,12,11,17,9,39,9,37216256,9709281280,0.0807819678286218,1.076948908004033,0,9,7,128,784334848,4126662656,9672065024,9709281280,37216256,1.076948908004033,0.0625,0,1,8,9,128,784334848,3738689536,8856272896,9709281280,853008384,0.9929270216796109,0.078125,1,,,,,,,,0,0,,,-1,,,,,,,,,,,,,,,,,,,1567411120,8,9,7,2048,2041,7,0,28290,1,0,0,2048,2032,16,18,0,local_kv,1,1,2832,2832,371195904,0,0,0,0,0,1567411120,0,0,,-1,0,,0,,0,0,,
1,79,meta-llama/Llama-3.1-8B,3127,113,10404194056,16048351621,5644157565,286092317,562846423,45368849,"[29319603, 26610275, 269520741, 198673150, 29361491, 29363571, 29365715, 29367795, 29369907, 29372019, 29374099, 29376211, 29378323, 29380435, 29382515, 29384627, 29386739, 29388819, 29390931, 29393043, 29395123, 29397235, 29399315, 29401427, 29403539, 29405619, 29407699, 28402666, 219015269, 28406538, 218821025, 29437331, 29439411, 29441523, 29443571, 29445683, 29447763, 29449843, 29451955, 29454003, 29456083, 29458195, 29460275, 28312746, 240089218, 29375891, 29378003, 29380115, 29382195, 29384307, 29386419, 29388499, 29390611, 29392691, 29394835, 29476702, 29398995, 28372298, 227183488, 29424531, 29426611, 29428691, 29430803, 29432883, 29434963, 29437043, 29439155, 29441235, 29443315, 29445395, 29447507, 29449587, 29451667, 29453779, 29455859, 29457907, 29459987, 29462099, 29464179, 29466259, 29468339, 29470419, 29472499, 29474579, 29476659, 29478739, 29480819, 29482899, 29484979, 29487059, 29489107, 29491219, 28422186, 222512857, 29468019, 29470099, 29472179, 29474227, 29476339, 29478419, 29480499, 29482547, 29484659, 28420906, 209491843, 29430067, 29432147, 29434227, 28330538, 28332490, 26283587, 259134423]",16209,1,239.11009186502866,44.82167585800735,280.62430400804567,124.72191289246473,90.04153312787324,100.0,13008,100,450,1040640,1041090,450,8000,8450,1049540,2005023037,10404194056,10690286373,10967040479,10967048929,16048351621,286092317,276754106,562846423,8962025892,0,5081311142,5081311142,14043328584,queueing,decode,0.0018612298524293568,0.507349468291902,0.4907893018556687,0.9001106686589845,1,0,0,0,,,,,,,,,2007628423,10404194158,8396565735,12,484870,1,9,9,128,425721856,3472351232,9640607744,9709281280,68673536,1.036773918656109,0.078125,0,12,10,18,9,46,9,37216256,9027706880,0.11404513105217197,1.0400138371519092,0,8,8,128,425721856,3589791744,9672065024,9709281280,37216256,1.0400138371519092,0.0703125,0,1,1,16,128,425721856,43507712,9120514048,9709281280,588767232,0.9832072661922099,0.1328125,1,npu_memory,1,,,,,,0,0,,,-1,,,,,,,,,,,,,,,,,,,10404194056,1,16,16,2048,0,16,2032,4685,1,0,0,2048,1892,16,18,0,local_kv,1,1,1552,1552,203423744,0,0,0,0,0,10404194056,0,0,,-1,0,,0,,0,0,,
1,74,meta-llama/Llama-3.1-8B,4685,122,10404194056,16351762892,5947568836,286092317,562846423,44501838,"[29319603, 26610275, 269520741, 198673150, 29361491, 29363571, 29365715, 29367795, 29369907, 29372019, 29374099, 29376211, 29378323, 29380435, 29382515, 29384627, 29386739, 29388819, 29390931, 29393043, 29395123, 29397235, 29399315, 29401427, 29403539, 29405619, 29407699, 28402666, 219015269, 28406538, 218821025, 29437331, 29439411, 29441523, 29443571, 29445683, 29447763, 29449843, 29451955, 29454003, 29456083, 29458195, 29460275, 28312746, 240089218, 29375891, 29378003, 29380115, 29382195, 29384307, 29386419, 29388499, 29390611, 29392691, 29394835, 29476702, 29398995, 28372298, 227183488, 29424531, 29426611, 29428691, 29430803, 29432883, 29434963, 29437043, 29439155, 29441235, 29443315, 29445395, 29447507, 29449587, 29451667, 29453779, 29455859, 29457907, 29459987, 29462099, 29464179, 29466259, 29468339, 29470419, 29472499, 29474579, 29476659, 29478739, 29480819, 29482899, 29484979, 29487059, 29489107, 29491219, 28422186, 222512857, 29468019, 29470099, 29472179, 29474227, 29476339, 29478419, 29480499, 29482547, 29484659, 28420906, 209491843, 29430067, 29432147, 29434227, 28330538, 28332490, 26283587, 259134423, 91398639, 26495459, 26497219, 26498947, 26500707, 26502467, 26504195, 26505955, 26507683]",847,1,229.77383279484465,0.0,280.62430400804567,124.72191289246473,134.68973969148558,100.0,19240,100,673,1539200,1539873,673,8000,8673,1548546,1908267680,10404194056,10430667946,10967040479,10967049152,16351762892,26473890,536372533,562846423,9058781472,0,5384722413,5384722413,14443495212,prefill,decode,0.0027437275047715744,0.046906672550442244,0.9503495999447862,0.9051296296980681,1,0,0,0,,,,,,,,,1916215300,10404194158,8487978858,12,484902,1,9,9,128,631242752,3472351232,9640607744,9709281280,68673536,1.0579413861620044,0.078125,0,12,10,19,9,45,9,37216256,9027706880,0.13521259855806753,1.0611813046578047,0,9,7,128,631242752,3858227200,9672065024,9709281280,37216256,1.0611813046578047,0.0625,0,1,0,16,128,631242752,85450752,8489271296,9709281280,1220009984,0.9393603692157119,0.1328125,1,npu_memory,1,,,,,,0,0,,,-1,,,,,,,,,,,,,,,,,,,10404194056,0,16,16,2048,0,16,2032,0,2,0,0,2048,2032,16,17,0,local_kv,1,1,2336,2336,306184192,0,0,0,0,0,10404194056,0,0,,-1,0,,0,,0,0,,
1,93,meta-llama/Llama-3.1-8B,3540,74,13636172807,16638053558,3001880751,28372297,255555785,37620889,"[29424531, 29426611, 29428691, 29430803, 29432883, 29434963, 29437043, 29439155, 29441235, 29443315, 29445395, 29447507, 29449587, 29451667, 29453779, 29455859, 29457907, 29459987, 29462099, 29464179, 29466259, 29468339, 29470419, 29472499, 29474579, 29476659, 29478739, 29480819, 29482899, 29484979, 29487059, 29489107, 29491219, 28422186, 222512857, 29468019, 29470099, 29472179, 29474227, 29476339, 29478419, 29480499, 29482547, 29484659, 28420906, 209491843, 29430067, 29432147, 29434227, 28330538, 28332490, 26283587, 259134423, 91398639, 26495459, 26497219, 26498947, 26500707, 26502467, 26504195, 26505955, 26507683, 26017950, 26019646, 26021374, 26023038, 26024734, 26026430, 26028126, 26029790, 26031518, 26033182, 26034878]",5711,1,251.53050749803944,122.76671234297109,280.62430400804567,124.72191289246473,29.159420511292588,100.0,14660,100,146,1172800,1172946,146,8000,8146,1181092,2196756314,13636172807,13664545104,13891728592,13891736738,16638053558,28372297,227183488,255555785,11694980424,0,2746324966,2746324966,14441297244,prefill,decode,0.004600398718723996,0.1105111869067411,0.8848884143745349,0.9145082950594434,1,0,0,0,,,,,,,,,2200133257,13636172910,11436039653,12,581838,1,8,10,128,473956352,3203915776,9640607744,9709281280,68673536,1.0417417936830027,0.0859375,0,12,10,18,8,51,10,37216256,9027706880,0.11901300607906583,1.044981712178803,0,8,8,128,473956352,3589791744,9672065024,9709281280,37216256,1.044981712178803,0.0703125,0,1,0,17,128,473956352,186114048,9124708352,9709281280,584572928,0.9886071303518771,0.140625,1,npu_memory,1,,,,,,0,0,,,-1,,,,,,,,,,,,,,,,,,,13636172807,0,17,17,2048,0,17,2031,0,1,0,0,2048,1780,17,18,0,local_kv,1,1,1760,1760,230686720,0,0,0,0,0,13636172807,0,0,,-1,0,,0,,0,0,,
1,55,meta-llama/Llama-3.1-8B,3670,400,1434955632,18815440721,17380485089,2264838642,2527760945,37224872,"[275027539, 253188768, 29836307, 28793514, 201897105, 28800490, 28802378, 28804234, 28806090, 28807978, 28809866, 28811722, 28813610, 26733443, 38192185, 28830442, 28832298, 28834154, 28836042, 28837930, 28839786, 28841642, 28843498, 28845354, 28847210, 26648227, 209290542, 28751082, 28752970, 28754858, 28756746, 28758602, 28760490, 28762378, 28764266, 28766154, 28768042, 28769898, 28771786, 28773674, 28775562, 28777450, 28779306, 28781194, 28783082, 28784938, 28786826, 28788714, 28790570, 28792458, 28794346, 28796202, 28798090, 28799946, 28801834, 28803690, 28805578, 28807434, 28809322, 28811178, 28813066, 28814922, 28816810, 28818666, 28820522, 28822410, 28824266, 28826122, 28828010, 28829866, 28831722, 28833610, 28835466, 28837322, 28839178, 28841066, 28842922, 28844778, 28846634, 28848490, 28850346, 28852234, 28854090, 28855946, 28857834, 28859690, 28861546, 28863402, 28865258, 28867114, 28868970, 28887063, 28872682, 28874538, 28876394, 28878250, 28880106, 29025299, 28883818, 28885642, 28887498, 28889354, 28891210, 28893066, 28894922, 28896778, 28898634, 28900490, 28902314, 28904170, 28906026, 28907882, 28909706, 28911562, 28913386, 28915242, 28917098, 28918922, 28920778, 28922634, 28924490, 28926314, 28928170, 28930026, 28931850, 28933674, 28935530, 28937354, 28939210, 28941034, 28942890, 28944746, 28946570, 28948426, 28950250, 28952074, 28953930, 28955754, 28957578, 28959434, 28961258, 28963114, 28964938, 28966762, 28968618, 28970442, 28972266, 28974090, 28975914, 28977738, 28979562, 28981418, 28983274, 28985098, 28986922, 28988746, 28990570, 28992394, 28994218, 26882435, 257176525, 66638500, 29135274, 29137066, 29138858, 29140650, 29142442, 29144202, 29146026, 29147818, 26982915, 207231481, 29072842, 29074666, 29076458, 29078250, 29080074, 29081898, 29083690, 26473891, 259618427, 276754106, 29319603, 26610275, 269520741, 198673150, 29361491, 29363571, 29365715, 29367795, 29369907, 29372019, 29374099, 29376211, 29378323, 29380435, 29382515, 29384627, 29386739, 29388819, 29390931, 29393043, 29395123, 29397235, 29399315, 29401427, 29403539, 29405619, 29407699, 28402666, 219015269, 28406538, 218821025, 29437331, 29439411, 29441523, 29443571, 29445683, 29447763, 29449843, 29451955, 29454003, 29456083, 29458195, 29460275, 28312746, 240089218, 29375891, 29378003, 29380115, 29382195, 29384307, 29386419, 29388499, 29390611, 29392691, 29394835, 29476702, 29398995, 28372298, 227183488, 29424531, 29426611, 29428691, 29430803, 29432883, 29434963, 29437043, 29439155, 29441235, 29443315, 29445395, 29447507, 29449587, 29451667, 29453779, 29455859, 29457907, 29459987, 29462099, 29464179, 29466259, 29468339, 29470419, 29472499, 29474579, 29476659, 29478739, 29480819, 29482899, 29484979, 29487059, 29489107, 29491219, 28422186, 222512857, 29468019, 29470099, 29472179, 29474227, 29476339, 29478419, 29480499, 29482547, 29484659, 28420906, 209491843, 29430067, 29432147, 29434227, 28330538, 28332490, 26283587, 259134423, 91398639, 26495459, 26497219, 26498947, 26500707, 26502467, 26504195, 26505955, 26507683, 26017950, 26019646, 26021374, 26023038, 26024734, 26026430, 26028126, 26029790, 26031518, 26033182, 26034878, 25547697, 25549297, 25550897, 25552497, 25554097, 25555697, 25557297, 25558897, 25560465, 25562097, 25643484, 25565297, 25566897, 25568465, 25570097, 25571665, 25653052, 25574865, 25576433, 25578033, 25579633, 25581233, 25582801, 25584401, 25586001, 25587601, 25589201, 25590769, 25592369, 25593937, 25595537, 25597137, 25598705, 25600305, 25601905, 25603473, 25605041, 25606641, 25608241, 25609809, 25611409, 25612977, 25614577, 25616145, 25617713, 25619313, 25620913, 25622481, 25624081, 25625649, 25627217, 25628817, 25630385, 25631953, 25633553, 25635121, 25636689, 25638289, 25639825, 25641425, 25642993, 25644561, 25646161, 25647729, 25649297, 25650897, 25652433, 25654001, 25655601, 25657169, 25658737, 25660305, 25661873, 25663441, 25665009, 25666577, 25668177, 25669745, 25671281, 25672881, 25674417, 25675985, 25677585, 25679121, 25680689]",9883,1,189.75520389167204,104.47876641324156,280.62430400804567,124.72191289246473,93.09660753936643,100.0,15180,100,465,1214400,1214865,465,8000,8465,1223330,1433740767,1434955632,3413445205,3962716577,3962725042,18815440721,1978489573,549271372,2527760945,2528984275,0,14852724144,14852724144,17381699954,queueing,decode,0.0004837238460092837,0.7823257710845197,0.21719050506947102,0.8545031239716598,1,0,0,0,,,,,,,,,-1,1434964835,0,12,0,1,7,8,128,534773760,4820819968,7887388672,9709281280,1821892608,0.8674341786089443,0.0703125,1,12,11,17,9,36,8,37216256,9709281280,0.05507861442860578,1.051245554604017,0,9,7,128,534773760,4126662656,9672065024,9709281280,37216256,1.051245554604017,0.0625,0,1,7,8,128,534773760,4581744640,7887388672,9709281280,1821892608,0.8674341786089443,0.0703125,1,,,,,,,,0,0,,,-1,,,,,,,,,,,,,,,,,,,1434955632,7,8,5,2048,2043,5,0,28907,3,0,0,2048,2035,13,16,0,local_kv,1,1,1824,1824,239075328,0,0,0,0,0,1434955632,0,0,,-1,0,,0,,0,0,,
1,4,meta-llama/Llama-3.1-8B,3351,475,103914916,20404082013,20300167097,370876464,619952768,41519439,"[251676751, 262248026, 279837076, 269386162, 258617298, 291084608, 266050691, 265561208, 270222869, 274892832, 286349069, 262922303, 275027539, 253188768, 29836307, 28793514, 201897105, 28800490, 28802378, 28804234, 28806090, 28807978, 28809866, 28811722, 28813610, 26733443, 38192185, 28830442, 28832298, 28834154, 28836042, 28837930, 28839786, 28841642, 28843498, 28845354, 28847210, 26648227, 209290542, 28751082, 28752970, 28754858, 28756746, 28758602, 28760490, 28762378, 28764266, 28766154, 28768042, 28769898, 28771786, 28773674, 28775562, 28777450, 28779306, 28781194, 28783082, 28784938, 28786826, 28788714, 28790570, 28792458, 28794346, 28796202, 28798090, 28799946, 28801834, 28803690, 28805578, 28807434, 28809322, 28811178, 28813066, 28814922, 28816810, 28818666, 28820522, 28822410, 28824266, 28826122, 28828010, 28829866, 28831722, 28833610, 28835466, 28837322, 28839178, 28841066, 28842922, 28844778, 28846634, 28848490, 28850346, 28852234, 28854090, 28855946, 28857834, 28859690, 28861546, 28863402, 28865258, 28867114, 28868970, 28887063, 28872682, 28874538, 28876394, 28878250, 28880106, 29025299, 28883818, 28885642, 28887498, 28889354, 28891210, 28893066, 28894922, 28896778, 28898634, 28900490, 28902314, 28904170, 28906026, 28907882, 28909706, 28911562, 28913386, 28915242, 28917098, 28918922, 28920778, 28922634, 28924490, 28926314, 28928170, 28930026, 28931850, 28933674, 28935530, 28937354, 28939210, 28941034, 28942890, 28944746, 28946570, 28948426, 28950250, 28952074, 28953930, 28955754, 28957578, 28959434, 28961258, 28963114, 28964938, 28966762, 28968618, 28970442, 28972266, 28974090, 28975914, 28977738, 28979562, 28981418, 28983274, 28985098, 28986922, 28988746, 28990570, 28992394, 28994218, 26882435, 257176525, 66638500, 29135274, 29137066, 29138858, 29140650, 29142442, 29144202, 29146026, 29147818, 26982915, 207231481, 29072842, 29074666, 29076458, 29078250, 29080074, 29081898, 29083690, 26473891, 259618427, 276754106, 29319603, 26610275, 269520741, 198673150, 29361491, 29363571, 29365715, 29367795, 29369907, 29372019, 29374099, 29376211, 29378323, 29380435, 29382515, 29384627, 29386739, 29388819, 29390931, 29393043, 29395123, 29397235, 29399315, 29401427, 29403539, 29405619, 29407699, 28402666, 219015269, 28406538, 218821025, 29437331, 29439411, 29441523, 29443571, 29445683, 29447763, 29449843, 29451955, 29454003, 29456083, 29458195, 29460275, 28312746, 240089218, 29375891, 29378003, 29380115, 29382195, 29384307, 29386419, 29388499, 29390611, 29392691, 29394835, 29476702, 29398995, 28372298, 227183488, 29424531, 29426611, 29428691, 29430803, 29432883, 29434963, 29437043, 29439155, 29441235, 29443315, 29445395, 29447507, 29449587, 29451667, 29453779, 29455859, 29457907, 29459987, 29462099, 29464179, 29466259, 29468339, 29470419, 29472499, 29474579, 29476659, 29478739, 29480819, 29482899, 29484979, 29487059, 29489107, 29491219, 28422186, 222512857, 29468019, 29470099, 29472179, 29474227, 29476339, 29478419, 29480499, 29482547, 29484659, 28420906, 209491843, 29430067, 29432147, 29434227, 28330538, 28332490, 26283587, 259134423, 91398639, 26495459, 26497219, 26498947, 26500707, 26502467, 26504195, 26505955, 26507683, 26017950, 26019646, 26021374, 26023038, 26024734, 26026430, 26028126, 26029790, 26031518, 26033182, 26034878, 25547697, 25549297, 25550897, 25552497, 25554097, 25555697, 25557297, 25558897, 25560465, 25562097, 25643484, 25565297, 25566897, 25568465, 25570097, 25571665, 25653052, 25574865, 25576433, 25578033, 25579633, 25581233, 25582801, 25584401, 25586001, 25587601, 25589201, 25590769, 25592369, 25593937, 25595537, 25597137, 25598705, 25600305, 25601905, 25603473, 25605041, 25606641, 25608241, 25609809, 25611409, 25612977, 25614577, 25616145, 25617713, 25619313, 25620913, 25622481, 25624081, 25625649, 25627217, 25628817, 25630385, 25631953, 25633553, 25635121, 25636689, 25638289, 25639825, 25641425, 25642993, 25644561, 25646161, 25647729, 25649297, 25650897, 25652433, 25654001, 25655601, 25657169, 25658737, 25660305, 25661873, 25663441, 25665009, 25666577, 25668177, 25669745, 25671281, 25672881, 25674417, 25675985, 25677585, 25679121, 25680689, 25170804, 25172308, 25173780, 25175252, 25176756, 25178228, 25179700, 25181172, 25182676, 25184148, 25185620, 25187092, 25188564, 25190036, 25191540, 25193012, 25194484, 25195956, 25197428, 25198900, 25200404, 25201876, 25203316, 25204820, 25206292, 25207732, 25209236, 25210708, 25212180, 25213652, 25215124, 25216564, 25218068, 25219540, 25220980, 25222484, 25223924, 25225396, 25226900, 25228340, 25229812, 25231284, 25232756, 25234196, 25235700, 25237140, 25238612, 25240084, 25241556, 25242996, 25244468, 25245940, 25247380, 25248884, 25250324, 25251764, 25253268, 25254708, 25256148, 25257652, 25259092, 25260532, 25262004]",26547,1,195.62655445191444,131.41566121959048,280.62430400804567,124.72191289246473,85.26091540837281,100.0,13904,100,426,1112320,1112746,426,8000,8426,1121172,102802170,103914916,231523785,723867684,723876110,20404082013,127608869,492343899,619952768,621073940,0,19680214329,19680214329,20301279843,prefill,decode,0.0018052150119195148,0.20546485817775578,0.7927299268103247,0.9694071660984994,1,0,0,0,,,,,,,,,-1,104682015,0,12,0,1,1,1,128,503316480,9302433792,931135488,9709281280,8778145792,0.14774028340849552,0.015625,1,12,12,1,1,3,1,8778145792,9709281280,0.05183869593280544,0.14774028340849552,0,0,0,128,503316480,9709281280,0,9709281280,9709281280,0.05183869593280544,0.0078125,1,1,1,1,128,503316480,9084329984,931135488,9709281280,8778145792,0.14774028340849552,0.015625,1,,,,,,,,0,0,,,-1,,,,,,,,,,,,,,,,,,,103914916,1,1,0,2048,1597,0,451,3070,2,0,0,2048,2047,1,3,0,local_kv,1,1,1664,1664,218103808,0,0,0,0,0,103914916,0,0,,-1,0,,0,,0,0,,
1,68,meta-llama/Llama-3.1-8B,4772,311,9382601986,20650996787,11268394801,284058959,350697459,35218378,"[29135274, 29137066, 29138858, 29140650, 29142442, 29144202, 29146026, 29147818, 26982915, 207231481, 29072842, 29074666, 29076458, 29078250, 29080074, 29081898, 29083690, 26473891, 259618427, 276754106, 29319603, 26610275, 269520741, 198673150, 29361491, 29363571, 29365715, 29367795, 29369907, 29372019, 29374099, 29376211, 29378323, 29380435, 29382515, 29384627, 29386739, 29388819, 29390931, 29393043, 29395123, 29397235, 29399315, 29401427, 29403539, 29405619, 29407699, 28402666, 219015269, 28406538, 218821025, 29437331, 29439411, 29441523, 29443571, 29445683, 29447763, 29449843, 29451955, 29454003, 29456083, 29458195, 29460275, 28312746, 240089218, 29375891, 29378003, 29380115, 29382195, 29384307, 29386419, 29388499, 29390611, 29392691, 29394835, 29476702, 29398995, 28372298, 227183488, 29424531, 29426611, 29428691, 29430803, 29432883, 29434963, 29437043, 29439155, 29441235, 29443315, 29445395, 29447507, 29449587, 29451667, 29453779, 29455859, 29457907, 29459987, 29462099, 29464179, 29466259, 29468339, 29470419, 29472499, 29474579, 29476659, 29478739, 29480819, 29482899, 29484979, 29487059, 29489107, 29491219, 28422186, 222512857, 29468019, 29470099, 29472179, 29474227, 29476339, 29478419, 29480499, 29482547, 29484659, 28420906, 209491843, 29430067, 29432147, 29434227, 28330538, 28332490, 26283587, 259134423, 91398639, 26495459, 26497219, 26498947, 26500707, 26502467, 26504195, 26505955, 26507683, 26017950, 26019646, 26021374, 26023038, 26024734, 26026430, 26028126, 26029790, 26031518, 26033182, 26034878, 25547697, 25549297, 25550897, 25552497, 25554097, 25555697, 25557297, 25558897, 25560465, 25562097, 25643484, 25565297, 25566897, 25568465, 25570097, 25571665, 25653052, 25574865, 25576433, 25578033, 25579633, 25581233, 25582801, 25584401, 25586001, 25587601, 25589201, 25590769, 25592369, 25593937, 25595537, 25597137, 25598705, 25600305, 25601905, 25603473, 25605041, 25606641, 25608241, 25609809, 25611409, 25612977, 25614577, 25616145, 25617713, 25619313, 25620913, 25622481, 25624081, 25625649, 25627217, 25628817, 25630385, 25631953, 25633553, 25635121, 25636689, 25638289, 25639825, 25641425, 25642993, 25644561, 25646161, 25647729, 25649297, 25650897, 25652433, 25654001, 25655601, 25657169, 25658737, 25660305, 25661873, 25663441, 25665009, 25666577, 25668177, 25669745, 25671281, 25672881, 25674417, 25675985, 25677585, 25679121, 25680689, 25170804, 25172308, 25173780, 25175252, 25176756, 25178228, 25179700, 25181172, 25182676, 25184148, 25185620, 25187092, 25188564, 25190036, 25191540, 25193012, 25194484, 25195956, 25197428, 25198900, 25200404, 25201876, 25203316, 25204820, 25206292, 25207732, 25209236, 25210708, 25212180, 25213652, 25215124, 25216564, 25218068, 25219540, 25220980, 25222484, 25223924, 25225396, 25226900, 25228340, 25229812, 25231284, 25232756, 25234196, 25235700, 25237140, 25238612, 25240084, 25241556, 25242996, 25244468, 25245940, 25247380, 25248884, 25250324, 25251764, 25253268, 25254708, 25256148, 25257652, 25259092, 25260532, 25262004, 24685359, 24686703, 24688079, 24689455, 24690799, 24692143, 24693519, 24694895, 24696239, 24697583]",17004,1,279.5021925983168,64.46493363864496,280.62430400804567,124.72191289246473,60.26742638284058,100.0,19588,100,301,1567040,1567341,301,8000,8301,1575642,1706231320,9382601986,9409484420,9733299445,9733307746,20650996787,26882434,323815025,350697459,8027076426,0,10917697342,10917697342,18944765467,prefill,decode,0.004472785448355877,0.07631134458943546,0.9192158699622087,0.968742322548077,1,0,0,0,,,,,,,,,1707801870,9382602088,7674800218,12,446037,1,9,9,128,666894336,3738689536,9640607744,9709281280,68673536,1.061613293790578,0.078125,0,12,10,19,9,41,9,37216256,9709281280,0.06868627211096721,1.0648532122863785,0,9,7,128,666894336,4126662656,9672065024,9709281280,37216256,1.0648532122863785,0.0625,0,1,0,16,128,666894336,163045376,8931770368,9709281280,777510912,0.9886071303518771,0.1328125,1,npu_memory,1,,,,,,0,0,,,-1,,,,,,,,,,,,,,,,,,,9382601986,0,16,16,2048,0,16,2032,0,1,0,0,2048,2032,16,17,0,local_kv,1,1,2384,2384,312475648,0,0,0,0,0,9382601986,0,0,,-1,0,,0,,0,0,,
1,94,meta-llama/Llama-3.1-8B,5075,197,15762933612,21106512197,5343578585,285418009,376816648,25340622,"[26495459, 26497219, 26498947, 26500707, 26502467, 26504195, 26505955, 26507683, 26017950, 26019646, 26021374, 26023038, 26024734, 26026430, 26028126, 26029790, 26031518, 26033182, 26034878, 25547697, 25549297, 25550897, 25552497, 25554097, 25555697, 25557297, 25558897, 25560465, 25562097, 25643484, 25565297, 25566897, 25568465, 25570097, 25571665, 25653052, 25574865, 25576433, 25578033, 25579633, 25581233, 25582801, 25584401, 25586001, 25587601, 25589201, 25590769, 25592369, 25593937, 25595537, 25597137, 25598705, 25600305, 25601905, 25603473, 25605041, 25606641, 25608241, 25609809, 25611409, 25612977, 25614577, 25616145, 25617713, 25619313, 25620913, 25622481, 25624081, 25625649, 25627217, 25628817, 25630385, 25631953, 25633553, 25635121, 25636689, 25638289, 25639825, 25641425, 25642993, 25644561, 25646161, 25647729, 25649297, 25650897, 25652433, 25654001, 25655601, 25657169, 25658737, 25660305, 25661873, 25663441, 25665009, 25666577, 25668177, 25669745, 25671281, 25672881, 25674417, 25675985, 25677585, 25679121, 25680689, 25170804, 25172308, 25173780, 25175252, 25176756, 25178228, 25179700, 25181172, 25182676, 25184148, 25185620, 25187092, 25188564, 25190036, 25191540, 25193012, 25194484, 25195956, 25197428, 25198900, 25200404, 25201876, 25203316, 25204820, 25206292, 25207732, 25209236, 25210708, 25212180, 25213652, 25215124, 25216564, 25218068, 25219540, 25220980, 25222484, 25223924, 25225396, 25226900, 25228340, 25229812, 25231284, 25232756, 25234196, 25235700, 25237140, 25238612, 25240084, 25241556, 25242996, 25244468, 25245940, 25247380, 25248884, 25250324, 25251764, 25253268, 25254708, 25256148, 25257652, 25259092, 25260532, 25262004, 24685359, 24686703, 24688079, 24689455, 24690799, 24692143, 24693519, 24694895, 24696239, 24697583, 23958717, 23959997, 23961277, 23962557, 23963869, 23965149, 23966429, 23967709, 23969021, 24050088, 23971581, 23972893, 23974173, 23975453, 23976733, 23978045, 23979293, 23980573, 23981853]",6545,1,340.55633445271246,23.02914088152609,280.62430400804567,124.72191289246473,118.03926529968412,100.0,20800,100,590,1664000,1664590,590,8000,8590,1673180,2209242262,15762933612,15789217198,16139750260,16139758850,21106512197,26283586,350533062,376816648,13930516588,0,4966761937,4966761937,18897269935,prefill,decode,0.004420673625078241,0.06944330879085078,0.9261360175840709,0.9291913936630074,1,0,0,0,,,,,,,,,2212867286,15762933714,13550066428,12,650124,1,8,10,128,692060160,3203915776,9640607744,9709281280,68673536,1.0642052285872183,0.0859375,0,12,10,17,8,52,10,37216256,9027706880,0.14147644098328152,1.0674451470830186,2,0,8,128,692060160,5871493120,4219469824,9709281280,5489811456,0.5058592744776265,0.0703125,1,1,0,16,128,692060160,108519424,8279556096,9709281280,1429725184,0.924024755002257,0.1328125,1,npu_memory,1,,,,,,0,0,,,-1,,,,,,,,,,,,,,,,,,,15762933612,0,16,16,2048,0,16,2032,0,1,0,0,2048,2032,16,17,0,local_kv,1,1,2528,2528,331350016,0,0,0,0,0,15762933612,0,0,,-1,0,,0,,0,0,,
1,97,meta-llama/Llama-3.1-8B,3465,224,14863839364,21291431589,6427592225,28422185,250935042,27698014,"[29468019, 29470099, 29472179, 29474227, 29476339, 29478419, 29480499, 29482547, 29484659, 28420906, 209491843, 29430067, 29432147, 29434227, 28330538, 28332490, 26283587, 259134423, 91398639, 26495459, 26497219, 26498947, 26500707, 26502467, 26504195, 26505955, 26507683, 26017950, 26019646, 26021374, 26023038, 26024734, 26026430, 26028126, 26029790, 26031518, 26033182, 26034878, 25547697, 25549297, 25550897, 25552497, 25554097, 25555697, 25557297, 25558897, 25560465, 25562097, 25643484, 25565297, 25566897, 25568465, 25570097, 25571665, 25653052, 25574865, 25576433, 25578033, 25579633, 25581233, 25582801, 25584401, 25586001, 25587601, 25589201, 25590769, 25592369, 25593937, 25595537, 25597137, 25598705, 25600305, 25601905, 25603473, 25605041, 25606641, 25608241, 25609809, 25611409, 25612977, 25614577, 25616145, 25617713, 25619313, 25620913, 25622481, 25624081, 25625649, 25627217, 25628817, 25630385, 25631953, 25633553, 25635121, 25636689, 25638289, 25639825, 25641425, 25642993, 25644561, 25646161, 25647729, 25649297, 25650897, 25652433, 25654001, 25655601, 25657169, 25658737, 25660305, 25661873, 25663441, 25665009, 25666577, 25668177, 25669745, 25671281, 25672881, 25674417, 25675985, 25677585, 25679121, 25680689, 25170804, 25172308, 25173780, 25175252, 25176756, 25178228, 25179700, 25181172, 25182676, 25184148, 25185620, 25187092, 25188564, 25190036, 25191540, 25193012, 25194484, 25195956, 25197428, 25198900, 25200404, 25201876, 25203316, 25204820, 25206292, 25207732, 25209236, 25210708, 25212180, 25213652, 25215124, 25216564, 25218068, 25219540, 25220980, 25222484, 25223924, 25225396, 25226900, 25228340, 25229812, 25231284, 25232756, 25234196, 25235700, 25237140, 25238612, 25240084, 25241556, 25242996, 25244468, 25245940, 25247380, 25248884, 25250324, 25251764, 25253268, 25254708, 25256148, 25257652, 25259092, 25260532, 25262004, 24685359, 24686703, 24688079, 24689455, 24690799, 24692143, 24693519, 24694895, 24696239, 24697583, 23958717, 23959997, 23961277, 23962557, 23963869, 23965149, 23966429, 23967709, 23969021, 24050088, 23971581, 23972893, 23974173, 23975453, 23976733, 23978045, 23979293, 23980573, 23981853, 23110704, 23111920, 23113104, 23114320, 23115536, 23116720, 23117936, 23119152]",10504,1,189.27004911399385,180.73618776758084,280.62430400804567,124.72191289246473,107.15968867551106,100.0,14360,100,536,1148800,1149336,536,8000,8536,1157872,2258370492,14863839364,14892261549,15114774406,15114782942,21291431589,28422185,222512857,250935042,12856412450,0,6176657183,6176657183,19033061097,prefill,decode,0.004593036676945232,0.11274487866009593,0.8826620846629588,0.9607866365628926,1,0,0,0,,,,,,,,,2264599560,14863839467,12599239907,12,622054,1,8,10,128,484442112,3203915776,9640607744,9709281280,68673536,1.0428217665149362,0.0859375,0,12,10,16,8,53,10,37216256,9027706880,0.12009297891099927,1.0460616850107365,0,7,9,128,484442112,3321356288,9672065024,9709281280,37216256,1.0460616850107365,0.078125,0,1,0,17,128,484442112,188211200,9105833984,9709281280,603447296,0.9877431520863303,0.140625,1,npu_memory,1,,,,,,0,0,,,-1,,,,,,,,,,,,,,,,,,,14863839364,0,17,17,2048,0,17,2031,0,1,0,0,2048,1737,17,18,0,local_kv,1,1,1728,1728,226492416,0,0,0,0,0,14863839364,0,0,,-1,0,,0,,0,0,,
1,61,meta-llama/Llama-3.1-8B,3087,530,4520769192,22077572375,17556803183,28793513,230690618,32752575,"[28800490, 28802378, 28804234, 28806090, 28807978, 28809866, 28811722, 28813610, 26733443, 38192185, 28830442, 28832298, 28834154, 28836042, 28837930, 28839786, 28841642, 28843498, 28845354, 28847210, 26648227, 209290542, 28751082, 28752970, 28754858, 28756746, 28758602, 28760490, 28762378, 28764266, 28766154, 28768042, 28769898, 28771786, 28773674, 28775562, 28777450, 28779306, 28781194, 28783082, 28784938, 28786826, 28788714, 28790570, 28792458, 28794346, 28796202, 28798090, 28799946, 28801834, 28803690, 28805578, 28807434, 28809322, 28811178, 28813066, 28814922, 28816810, 28818666, 28820522, 28822410, 28824266, 28826122, 28828010, 28829866, 28831722, 28833610, 28835466, 28837322, 28839178, 28841066, 28842922, 28844778, 28846634, 28848490, 28850346, 28852234, 28854090, 28855946, 28857834, 28859690, 28861546, 28863402, 28865258, 28867114, 28868970, 28887063, 28872682, 28874538, 28876394, 28878250, 28880106, 29025299, 28883818, 28885642, 28887498, 28889354, 28891210, 28893066, 28894922, 28896778, 28898634, 28900490, 28902314, 28904170, 28906026, 28907882, 28909706, 28911562, 28913386, 28915242, 28917098, 28918922, 28920778, 28922634, 28924490, 28926314, 28928170, 28930026, 28931850, 28933674, 28935530, 28937354, 28939210, 28941034, 28942890, 28944746, 28946570, 28948426, 28950250, 28952074, 28953930, 28955754, 28957578, 28959434, 28961258, 28963114, 28964938, 28966762, 28968618, 28970442, 28972266, 28974090, 28975914, 28977738, 28979562, 28981418, 28983274, 28985098, 28986922, 28988746, 28990570, 28992394, 28994218, 26882435, 257176525, 66638500, 29135274, 29137066, 29138858, 29140650, 29142442, 29144202, 29146026, 29147818, 26982915, 207231481, 29072842, 29074666, 29076458, 29078250, 29080074, 29081898, 29083690, 26473891, 259618427, 276754106, 29319603, 26610275, 269520741, 198673150, 29361491, 29363571, 29365715, 29367795, 29369907, 29372019, 29374099, 29376211, 29378323, 29380435, 29382515, 29384627, 29386739, 29388819, 29390931, 29393043, 29395123, 29397235, 29399315, 29401427, 29403539, 29405619, 29407699, 28402666, 219015269, 28406538, 218821025, 29437331, 29439411, 29441523, 29443571, 29445683, 29447763, 29449843, 29451955, 29454003, 29456083, 29458195, 29460275, 28312746, 240089218, 29375891, 29378003, 29380115, 29382195, 29384307, 29386419, 29388499, 29390611, 29392691, 29394835, 29476702, 29398995, 28372298, 227183488, 29424531, 29426611, 29428691, 29430803, 29432883, 29434963, 29437043, 29439155, 29441235, 29443315, 29445395, 29447507, 29449587, 29451667, 29453779, 29455859, 29457907, 29459987, 29462099, 29464179, 29466259, 29468339, 29470419, 29472499, 29474579, 29476659, 29478739, 29480819, 29482899, 29484979, 29487059, 29489107, 29491219, 28422186, 222512857, 29468019, 29470099, 29472179, 29474227, 29476339, 29478419, 29480499, 29482547, 29484659, 28420906, 209491843, 29430067, 29432147, 29434227, 28330538, 28332490, 26283587, 259134423, 91398639, 26495459, 26497219, 26498947, 26500707, 26502467, 26504195, 26505955, 26507683, 26017950, 26019646, 26021374, 26023038, 26024734, 26026430, 26028126, 26029790, 26031518, 26033182, 26034878, 25547697, 25549297, 25550897, 25552497, 25554097, 25555697, 25557297, 25558897, 25560465, 25562097, 25643484, 25565297, 25566897, 25568465, 25570097, 25571665, 25653052, 25574865, 25576433, 25578033, 25579633, 25581233, 25582801, 25584401, 25586001, 25587601, 25589201, 25590769, 25592369, 25593937, 25595537, 25597137, 25598705, 25600305, 25601905, 25603473, 25605041, 25606641, 25608241, 25609809, 25611409, 25612977, 25614577, 25616145, 25617713, 25619313, 25620913, 25622481, 25624081, 25625649, 25627217, 25628817, 25630385, 25631953, 25633553, 25635121, 25636689, 25638289, 25639825, 25641425, 25642993, 25644561, 25646161, 25647729, 25649297, 25650897, 25652433, 25654001, 25655601, 25657169, 25658737, 25660305, 25661873, 25663441, 25665009, 25666577, 25668177, 25669745, 25671281, 25672881, 25674417, 25675985, 25677585, 25679121, 25680689, 25170804, 25172308, 25173780, 25175252, 25176756, 25178228, 25179700, 25181172, 25182676, 25184148, 25185620, 25187092, 25188564, 25190036, 25191540, 25193012, 25194484, 25195956, 25197428, 25198900, 25200404, 25201876, 25203316, 25204820, 25206292, 25207732, 25209236, 25210708, 25212180, 25213652, 25215124, 25216564, 25218068, 25219540, 25220980, 25222484, 25223924, 25225396, 25226900, 25228340, 25229812, 25231284, 25232756, 25234196, 25235700, 25237140, 25238612, 25240084, 25241556, 25242996, 25244468, 25245940, 25247380, 25248884, 25250324, 25251764, 25253268, 25254708, 25256148, 25257652, 25259092, 25260532, 25262004, 24685359, 24686703, 24688079, 24689455, 24690799, 24692143, 24693519, 24694895, 24696239, 24697583, 23958717, 23959997, 23961277, 23962557, 23963869, 23965149, 23966429, 23967709, 23969021, 24050088, 23971581, 23972893, 23974173, 23975453, 23976733, 23978045, 23979293, 23980573, 23981853, 23110704, 23111920, 23113104, 23114320, 23115536, 23116720, 23117936, 23119152, 22443014, 22444102, 22445158, 22446246, 22447302, 22448358, 22449446, 22450502, 22451590, 22452646, 22453702, 22454790, 22455846, 22456934, 22457990, 22459046, 22460134, 22461190, 22462246, 22463334, 22464390, 22465446, 22466502, 22467590, 22468646, 22469702, 22470758, 22471814, 22472870, 22473926, 22474982, 22476038, 22477126, 22478182, 22479238]",16752,1,200.21741124379622,109.92082958254133,280.62430400804567,124.72191289246473,81.75781596366676,100.0,12848,100,409,1027840,1028249,409,8000,8409,1036658,1579751746,4520769192,4549562705,4751459810,4751468219,22077572375,28793513,201897105,230690618,3171716473,0,17326112565,17326112565,20497820629,prefill,decode,0.004473612333836781,0.12425603708386923,0.871270350582294,0.9868020623209648,1,0,0,0,,,,,,,,,1580814348,4521099007,2940284659,12,18615,1,9,9,128,476053504,3738689536,9640607744,9709281280,68673536,1.0419577882493893,0.078125,0,12,10,18,9,39,9,37216256,9709281280,0.04903076656977848,1.0451977067451896,0,9,7,128,476053504,4126662656,9672065024,9709281280,37216256,1.0451977067451896,0.0625,0,1,0,17,128,476053504,618127360,9223274496,9709281280,486006784,0.9989748695384382,0.140625,1,npu_memory,1,,,,,,0,0,,,-1,,,,,,,,,,,,,,,,,,,4520769192,0,17,17,2048,0,17,2031,0,1,0,0,2048,1551,16,17,0,local_kv,1,1,1536,1536,201326592,0,0,0,0,0,4520769192,0,0,,-1,0,,0,,0,0,,
1,81,meta-llama/Llama-3.1-8B,3285,367,10996360083,22447192929,11450832846,26610274,296131015,30477327,"[198673150, 29361491, 29363571, 29365715, 29367795, 29369907, 29372019, 29374099, 29376211, 29378323, 29380435, 29382515, 29384627, 29386739, 29388819, 29390931, 29393043, 29395123, 29397235, 29399315, 29401427, 29403539, 29405619, 29407699, 28402666, 219015269, 28406538, 218821025, 29437331, 29439411, 29441523, 29443571, 29445683, 29447763, 29449843, 29451955, 29454003, 29456083, 29458195, 29460275, 28312746, 240089218, 29375891, 29378003, 29380115, 29382195, 29384307, 29386419, 29388499, 29390611, 29392691, 29394835, 29476702, 29398995, 28372298, 227183488, 29424531, 29426611, 29428691, 29430803, 29432883, 29434963, 29437043, 29439155, 29441235, 29443315, 29445395, 29447507, 29449587, 29451667, 29453779, 29455859, 29457907, 29459987, 29462099, 29464179, 29466259, 29468339, 29470419, 29472499, 29474579, 29476659, 29478739, 29480819, 29482899, 29484979, 29487059, 29489107, 29491219, 28422186, 222512857, 29468019, 29470099, 29472179, 29474227, 29476339, 29478419, 29480499, 29482547, 29484659, 28420906, 209491843, 29430067, 29432147, 29434227, 28330538, 28332490, 26283587, 259134423, 91398639, 26495459, 26497219, 26498947, 26500707, 26502467, 26504195, 26505955, 26507683, 26017950, 26019646, 26021374, 26023038, 26024734, 26026430, 26028126, 26029790, 26031518, 26033182, 26034878, 25547697, 25549297, 25550897, 25552497, 25554097, 25555697, 25557297, 25558897, 25560465, 25562097, 25643484, 25565297, 25566897, 25568465, 25570097, 25571665, 25653052, 25574865, 25576433, 25578033, 25579633, 25581233, 25582801, 25584401, 25586001, 25587601, 25589201, 25590769, 25592369, 25593937, 25595537, 25597137, 25598705, 25600305, 25601905, 25603473, 25605041, 25606641, 25608241, 25609809, 25611409, 25612977, 25614577, 25616145, 25617713, 25619313, 25620913, 25622481, 25624081, 25625649, 25627217, 25628817, 25630385, 25631953, 25633553, 25635121, 25636689, 25638289, 25639825, 25641425, 25642993, 25644561, 25646161, 25647729, 25649297, 25650897, 25652433, 25654001, 25655601, 25657169, 25658737, 25660305, 25661873, 25663441, 25665009, 25666577, 25668177, 25669745, 25671281, 25672881, 25674417, 25675985, 25677585, 25679121, 25680689, 25170804, 25172308, 25173780, 25175252, 25176756, 25178228, 25179700, 25181172, 25182676, 25184148, 25185620, 25187092, 25188564, 25190036, 25191540, 25193012, 25194484, 25195956, 25197428, 25198900, 25200404, 25201876, 25203316, 25204820, 25206292, 25207732, 25209236, 25210708, 25212180, 25213652, 25215124, 25216564, 25218068, 25219540, 25220980, 25222484, 25223924, 25225396, 25226900, 25228340, 25229812, 25231284, 25232756, 25234196, 25235700, 25237140, 25238612, 25240084, 25241556, 25242996, 25244468, 25245940, 25247380, 25248884, 25250324, 25251764, 25253268, 25254708, 25256148, 25257652, 25259092, 25260532, 25262004, 24685359, 24686703, 24688079, 24689455, 24690799, 24692143, 24693519, 24694895, 24696239, 24697583, 23958717, 23959997, 23961277, 23962557, 23963869, 23965149, 23966429, 23967709, 23969021, 24050088, 23971581, 23972893, 23974173, 23975453, 23976733, 23978045, 23979293, 23980573, 23981853, 23110704, 23111920, 23113104, 23114320, 23115536, 23116720, 23117936, 23119152, 22443014, 22444102, 22445158, 22446246, 22447302, 22448358, 22449446, 22450502, 22451590, 22452646, 22453702, 22454790, 22455846, 22456934, 22457990, 22459046, 22460134, 22461190, 22462246, 22463334, 22464390, 22465446, 22466502, 22467590, 22468646, 22469702, 22470758, 22471814, 22472870, 22473926, 22474982, 22476038, 22477126, 22478182, 22479238, 21735114, 21736042, 21736938, 21737866, 21738762, 21739690, 21740586, 21741450, 21742378, 21743274, 21744202, 21745098, 21746026, 21746922, 21747818, 21748746, 21749642]",14787,1,335.4516843930711,87.43489941645092,280.62430400804567,124.72191289246473,66.3050753249305,100.0,13640,100,332,1091200,1091532,332,8000,8332,1099864,2024612155,10996360083,11022970357,11292491098,11292499430,22447192929,26610274,269520741,296131015,9267887275,0,11154701831,11154701831,20422580774,prefill,decode,0.003700369233843971,0.08952728629517662,0.9067723444709794,0.9740453522975686,1,0,0,0,,,,,,,,,2029182304,10996360185,8967177881,12,506269,1,9,9,128,480247808,3472351232,9640607744,9709281280,68673536,1.0423897773821627,0.078125,0,12,10,17,9,47,9,37216256,9027706880,0.1196609897782259,1.0456296958779632,2,0,7,128,480247808,6081208320,3760193536,9709281280,5949087744,0.4367410132338858,0.0625,1,1,0,16,128,480247808,95936512,8678014976,9709281280,1031266304,0.9432482714106724,0.1328125,1,npu_memory,1,,,,,,0,0,,,-1,,,,,,,,,,,,,,,,,,,10996360083,0,16,16,2048,0,16,2032,0,2,0,0,2048,2032,16,18,0,local_kv,1,1,1632,1632,213909504,0,0,0,0,0,10996360083,0,0,,-1,0,,0,,0,0,,
1,7,meta-llama/Llama-3.1-8B,3250,611,189036542,23471267217,23282230675,534831142,786507893,36878234,"[262248026, 279837076, 269386162, 258617298, 291084608, 266050691, 265561208, 270222869, 274892832, 286349069, 262922303, 275027539, 253188768, 29836307, 28793514, 201897105, 28800490, 28802378, 28804234, 28806090, 28807978, 28809866, 28811722, 28813610, 26733443, 38192185, 28830442, 28832298, 28834154, 28836042, 28837930, 28839786, 28841642, 28843498, 28845354, 28847210, 26648227, 209290542, 28751082, 28752970, 28754858, 28756746, 28758602, 28760490, 28762378, 28764266, 28766154, 28768042, 28769898, 28771786, 28773674, 28775562, 28777450, 28779306, 28781194, 28783082, 28784938, 28786826, 28788714, 28790570, 28792458, 28794346, 28796202, 28798090, 28799946, 28801834, 28803690, 28805578, 28807434, 28809322, 28811178, 28813066, 28814922, 28816810, 28818666, 28820522, 28822410, 28824266, 28826122, 28828010, 28829866, 28831722, 28833610, 28835466, 28837322, 28839178, 28841066, 28842922, 28844778, 28846634, 28848490, 28850346, 28852234, 28854090, 28855946, 28857834, 28859690, 28861546, 28863402, 28865258, 28867114, 28868970, 28887063, 28872682, 28874538, 28876394, 28878250, 28880106, 29025299, 28883818, 28885642, 28887498, 28889354, 28891210, 28893066, 28894922, 28896778, 28898634, 28900490, 28902314, 28904170, 28906026, 28907882, 28909706, 28911562, 28913386, 28915242, 28917098, 28918922, 28920778, 28922634, 28924490, 28926314, 28928170, 28930026, 28931850, 28933674, 28935530, 28937354, 28939210, 28941034, 28942890, 28944746, 28946570, 28948426, 28950250, 28952074, 28953930, 28955754, 28957578, 28959434, 28961258, 28963114, 28964938, 28966762, 28968618, 28970442, 28972266, 28974090, 28975914, 28977738, 28979562, 28981418, 28983274, 28985098, 28986922, 28988746, 28990570, 28992394, 28994218, 26882435, 257176525, 66638500, 29135274, 29137066, 29138858, 29140650, 29142442, 29144202, 29146026, 29147818, 26982915, 207231481, 29072842, 29074666, 29076458, 29078250, 29080074, 29081898, 29083690, 26473891, 259618427, 276754106, 29319603, 26610275, 269520741, 198673150, 29361491, 29363571, 29365715, 29367795, 29369907, 29372019, 29374099, 29376211, 29378323, 29380435, 29382515, 29384627, 29386739, 29388819, 29390931, 29393043, 29395123, 29397235, 29399315, 29401427, 29403539, 29405619, 29407699, 28402666, 219015269, 28406538, 218821025, 29437331, 29439411, 29441523, 29443571, 29445683, 29447763, 29449843, 29451955, 29454003, 29456083, 29458195, 29460275, 28312746, 240089218, 29375891, 29378003, 29380115, 29382195, 29384307, 29386419, 29388499, 29390611, 29392691, 29394835, 29476702, 29398995, 28372298, 227183488, 29424531, 29426611, 29428691, 29430803, 29432883, 29434963, 29437043, 29439155, 29441235, 29443315, 29445395, 29447507, 29449587, 29451667, 29453779, 29455859, 29457907, 29459987, 29462099, 29464179, 29466259, 29468339, 29470419, 29472499, 29474579, 29476659, 29478739, 29480819, 29482899, 29484979, 29487059, 29489107, 29491219, 28422186, 222512857, 29468019, 29470099, 29472179, 29474227, 29476339, 29478419, 29480499, 29482547, 29484659, 28420906, 209491843, 29430067, 29432147, 29434227, 28330538, 28332490, 26283587, 259134423, 91398639, 26495459, 26497219, 26498947, 26500707, 26502467, 26504195, 26505955, 26507683, 26017950, 26019646, 26021374, 26023038, 26024734, 26026430, 26028126, 26029790, 26031518, 26033182, 26034878, 25547697, 25549297, 25550897, 25552497, 25554097, 25555697, 25557297, 25558897, 25560465, 25562097, 25643484, 25565297, 25566897, 25568465, 25570097, 25571665, 25653052, 25574865, 25576433, 25578033, 25579633, 25581233, 25582801, 25584401, 25586001, 25587601, 25589201, 25590769, 25592369, 25593937, 25595537, 25597137, 25598705, 25600305, 25601905, 25603473, 25605041, 25606641, 25608241, 25609809, 25611409, 25612977, 25614577, 25616145, 25617713, 25619313, 25620913, 25622481, 25624081, 25625649, 25627217, 25628817, 25630385, 25631953, 25633553, 25635121, 25636689, 25638289, 25639825, 25641425, 25642993, 25644561, 25646161, 25647729, 25649297, 25650897, 25652433, 25654001, 25655601, 25657169, 25658737, 25660305, 25661873, 25663441, 25665009, 25666577, 25668177, 25669745, 25671281, 25672881, 25674417, 25675985, 25677585, 25679121, 25680689, 25170804, 25172308, 25173780, 25175252, 25176756, 25178228, 25179700, 25181172, 25182676, 25184148, 25185620, 25187092, 25188564, 25190036, 25191540, 25193012, 25194484, 25195956, 25197428, 25198900, 25200404, 25201876, 25203316, 25204820, 25206292, 25207732, 25209236, 25210708, 25212180, 25213652, 25215124, 25216564, 25218068, 25219540, 25220980, 25222484, 25223924, 25225396, 25226900, 25228340, 25229812, 25231284, 25232756, 25234196, 25235700, 25237140, 25238612, 25240084, 25241556, 25242996, 25244468, 25245940, 25247380, 25248884, 25250324, 25251764, 25253268, 25254708, 25256148, 25257652, 25259092, 25260532, 25262004, 24685359, 24686703, 24688079, 24689455, 24690799, 24692143, 24693519, 24694895, 24696239, 24697583, 23958717, 23959997, 23961277, 23962557, 23963869, 23965149, 23966429, 23967709, 23969021, 24050088, 23971581, 23972893, 23974173, 23975453, 23976733, 23978045, 23979293, 23980573, 23981853, 23110704, 23111920, 23113104, 23114320, 23115536, 23116720, 23117936, 23119152, 22443014, 22444102, 22445158, 22446246, 22447302, 22448358, 22449446, 22450502, 22451590, 22452646, 22453702, 22454790, 22455846, 22456934, 22457990, 22459046, 22460134, 22461190, 22462246, 22463334, 22464390, 22465446, 22466502, 22467590, 22468646, 22469702, 22470758, 22471814, 22472870, 22473926, 22474982, 22476038, 22477126, 22478182, 22479238, 21735114, 21736042, 21736938, 21737866, 21738762, 21739690, 21740586, 21741450, 21742378, 21743274, 21744202, 21745098, 21746026, 21746922, 21747818, 21748746, 21749642, 21315609, 21316409, 21317241, 21318073, 21318905, 21319705, 21320537, 21321337, 21322169, 21322969, 21323801, 21324633, 21325465, 21326265, 21327097, 21327929, 21328729, 21329561, 21330393, 21331193, 21332025, 21332857, 21333657, 21334489, 21335321, 21336121, 21336953, 21337753, 21338585, 21339417, 21340217, 21341049, 21341849, 21342681, 21343481, 21344313, 21345145, 21345945, 21346777, 21347577, 21348409, 21349209, 21350041, 21350841, 21351673, 21352473, 21353305, 21354105]",1413,1,306.7999392063123,109.60628176252733,280.62430400804567,124.72191289246473,30.226580727714904,100.0,13500,100,151,1080000,1080151,151,8000,8151,1088302,187956391,189036542,474791380,975544435,975552586,23471267217,285754838,500753055,786507893,787596195,0,22495722782,22495722782,23283310826,prefill,decode,0.0013818020032460923,0.36281896714851447,0.6357992308482394,0.9661733709108219,1,0,0,0,,,,,,,,,-1,189198033,0,12,0,1,2,1,128,507510784,9084329984,1434451968,9709281280,8274829312,0.20001096847407432,0.015625,1,12,12,2,2,5,1,8274829312,9709281280,0.05227068506557882,0.20001096847407432,2,0,1,128,507510784,9369542656,706740224,9709281280,9002541056,0.12506085393789312,0.015625,1,1,2,1,128,507510784,8880906240,1434451968,9709281280,8274829312,0.20001096847407432,0.015625,1,,,,,,,,0,0,,,-1,,,,,,,,,,,,,,,,,,,189036542,2,1,0,2048,1597,0,451,6421,4,0,0,2048,2046,2,4,0,local_kv,1,1,1616,1616,211812352,0,0,0,0,0,189036542,0,0,,-1,0,,0,,0,0,,
1,1,meta-llama/Llama-3.1-8B,3070,632,48583722,23867145973,23818562251,182940063,426207658,37071877,"[249076304, 251676751, 262248026, 279837076, 269386162, 258617298, 291084608, 266050691, 265561208, 270222869, 274892832, 286349069, 262922303, 275027539, 253188768, 29836307, 28793514, 201897105, 28800490, 28802378, 28804234, 28806090, 28807978, 28809866, 28811722, 28813610, 26733443, 38192185, 28830442, 28832298, 28834154, 28836042, 28837930, 28839786, 28841642, 28843498, 28845354, 28847210, 26648227, 209290542, 28751082, 28752970, 28754858, 28756746, 28758602, 28760490, 28762378, 28764266, 28766154, 28768042, 28769898, 28771786, 28773674, 28775562, 28777450, 28779306, 28781194, 28783082, 28784938, 28786826, 28788714, 28790570, 28792458, 28794346, 28796202, 28798090, 28799946, 28801834, 28803690, 28805578, 28807434, 28809322, 28811178, 28813066, 28814922, 28816810, 28818666, 28820522, 28822410, 28824266, 28826122, 28828010, 28829866, 28831722, 28833610, 28835466, 28837322, 28839178, 28841066, 28842922, 28844778, 28846634, 28848490, 28850346, 28852234, 28854090, 28855946, 28857834, 28859690, 28861546, 28863402, 28865258, 28867114, 28868970, 28887063, 28872682, 28874538, 28876394, 28878250, 28880106, 29025299, 28883818, 28885642, 28887498, 28889354, 28891210, 28893066, 28894922, 28896778, 28898634, 28900490, 28902314, 28904170, 28906026, 28907882, 28909706, 28911562, 28913386, 28915242, 28917098, 28918922, 28920778, 28922634, 28924490, 28926314, 28928170, 28930026, 28931850, 28933674, 28935530, 28937354, 28939210, 28941034, 28942890, 28944746, 28946570, 28948426, 28950250, 28952074, 28953930, 28955754, 28957578, 28959434, 28961258, 28963114, 28964938, 28966762, 28968618, 28970442, 28972266, 28974090, 28975914, 28977738, 28979562, 28981418, 28983274, 28985098, 28986922, 28988746, 28990570, 28992394, 28994218, 26882435, 257176525, 66638500, 29135274, 29137066, 29138858, 29140650, 29142442, 29144202, 29146026, 29147818, 26982915, 207231481, 29072842, 29074666, 29076458, 29078250, 29080074, 29081898, 29083690, 26473891, 259618427, 276754106, 29319603, 26610275, 269520741, 198673150, 29361491, 29363571, 29365715, 29367795, 29369907, 29372019, 29374099, 29376211, 29378323, 29380435, 29382515, 29384627, 29386739, 29388819, 29390931, 29393043, 29395123, 29397235, 29399315, 29401427, 29403539, 29405619, 29407699, 28402666, 219015269, 28406538, 218821025, 29437331, 29439411, 29441523, 29443571, 29445683, 29447763, 29449843, 29451955, 29454003, 29456083, 29458195, 29460275, 28312746, 240089218, 29375891, 29378003, 29380115, 29382195, 29384307, 29386419, 29388499, 29390611, 29392691, 29394835, 29476702, 29398995, 28372298, 227183488, 29424531, 29426611, 29428691, 29430803, 29432883, 29434963, 29437043, 29439155, 29441235, 29443315, 29445395, 29447507, 29449587, 29451667, 29453779, 29455859, 29457907, 29459987, 29462099, 29464179, 29466259, 29468339, 29470419, 29472499, 29474579, 29476659, 29478739, 29480819, 29482899, 29484979, 29487059, 29489107, 29491219, 28422186, 222512857, 29468019, 29470099, 29472179, 29474227, 29476339, 29478419, 29480499, 29482547, 29484659, 28420906, 209491843, 29430067, 29432147, 29434227, 28330538, 28332490, 26283587, 259134423, 91398639, 26495459, 26497219, 26498947, 26500707, 26502467, 26504195, 26505955, 26507683, 26017950, 26019646, 26021374, 26023038, 26024734, 26026430, 26028126, 26029790, 26031518, 26033182, 26034878, 25547697, 25549297, 25550897, 25552497, 25554097, 25555697, 25557297, 25558897, 25560465, 25562097, 25643484, 25565297, 25566897, 25568465, 25570097, 25571665, 25653052, 25574865, 25576433, 25578033, 25579633, 25581233, 25582801, 25584401, 25586001, 25587601, 25589201, 25590769, 25592369, 25593937, 25595537, 25597137, 25598705, 25600305, 25601905, 25603473, 25605041, 25606641, 25608241, 25609809, 25611409, 25612977, 25614577, 25616145, 25617713, 25619313, 25620913, 25622481, 25624081, 25625649, 25627217, 25628817, 25630385, 25631953, 25633553, 25635121, 25636689, 25638289, 25639825, 25641425, 25642993, 25644561, 25646161, 25647729, 25649297, 25650897, 25652433, 25654001, 25655601, 25657169, 25658737, 25660305, 25661873, 25663441, 25665009, 25666577, 25668177, 25669745, 25671281, 25672881, 25674417, 25675985, 25677585, 25679121, 25680689, 25170804, 25172308, 25173780, 25175252, 25176756, 25178228, 25179700, 25181172, 25182676, 25184148, 25185620, 25187092, 25188564, 25190036, 25191540, 25193012, 25194484, 25195956, 25197428, 25198900, 25200404, 25201876, 25203316, 25204820, 25206292, 25207732, 25209236, 25210708, 25212180, 25213652, 25215124, 25216564, 25218068, 25219540, 25220980, 25222484, 25223924, 25225396, 25226900, 25228340, 25229812, 25231284, 25232756, 25234196, 25235700, 25237140, 25238612, 25240084, 25241556, 25242996, 25244468, 25245940, 25247380, 25248884, 25250324, 25251764, 25253268, 25254708, 25256148, 25257652, 25259092, 25260532, 25262004, 24685359, 24686703, 24688079, 24689455, 24690799, 24692143, 24693519, 24694895, 24696239, 24697583, 23958717, 23959997, 23961277, 23962557, 23963869, 23965149, 23966429, 23967709, 23969021, 24050088, 23971581, 23972893, 23974173, 23975453, 23976733, 23978045, 23979293, 23980573, 23981853, 23110704, 23111920, 23113104, 23114320, 23115536, 23116720, 23117936, 23119152, 22443014, 22444102, 22445158, 22446246, 22447302, 22448358, 22449446, 22450502, 22451590, 22452646, 22453702, 22454790, 22455846, 22456934, 22457990, 22459046, 22460134, 22461190, 22462246, 22463334, 22464390, 22465446, 22466502, 22467590, 22468646, 22469702, 22470758, 22471814, 22472870, 22473926, 22474982, 22476038, 22477126, 22478182, 22479238, 21735114, 21736042, 21736938, 21737866, 21738762, 21739690, 21740586, 21741450, 21742378, 21743274, 21744202, 21745098, 21746026, 21746922, 21747818, 21748746, 21749642, 21315609, 21316409, 21317241, 21318073, 21318905, 21319705, 21320537, 21321337, 21322169, 21322969, 21323801, 21324633, 21325465, 21326265, 21327097, 21327929, 21328729, 21329561, 21330393, 21331193, 21332025, 21332857, 21333657, 21334489, 21335321, 21336121, 21336953, 21337753, 21338585, 21339417, 21340217, 21341049, 21341849, 21342681, 21343481, 21344313, 21345145, 21345945, 21346777, 21347577, 21348409, 21349209, 21350041, 21350841, 21351673, 21352473, 21353305, 21354105, 20829196, 20829932, 20830636, 20831372, 20832108, 20832812, 20833548, 20834284, 20834988, 20835724, 20836460, 20837164, 20837900, 20838636, 20839340, 20840076, 20840812, 20841516, 20842252]",22153,1,237.63929656057888,108.75789224529055,280.62430400804567,124.72191289246473,45.85368927885932,100.0,12780,100,229,1022400,1022629,229,8000,8229,1030858,47561093,48583722,231523785,474791380,474799609,23867145973,182940063,243267595,426207658,427238516,0,23392354593,23392354593,23819584880,prefill,decode,0.0024128395764767612,0.4281918791235573,0.569395281299966,0.9820635678348942,1,0,0,0,,,,,,,,,-1,49070648,0,12,0,1,0,1,128,486539264,9501663232,444596224,9709281280,9264685056,0.09590158747569007,0.015625,1,12,12,0,0,1,1,9264685056,9709281280,0.05011073940171193,0.09590158747569007,0,0,0,128,486539264,9709281280,0,9709281280,9709281280,0.05011073940171193,0.0078125,1,1,0,1,128,486539264,9302433792,444596224,9709281280,9264685056,0.09590158747569007,0.015625,1,,,,,,,,0,0,,,-1,,,,,,,,,,,,,,,,,,,48583722,0,1,0,2048,1597,0,451,0,3,0,0,2048,2047,1,3,0,local_kv,1,1,1520,1520,199229440,0,0,0,0,0,48583722,0,0,,-1,0,,0,,0,0,,
1,67,meta-llama/Llama-3.1-8B,3255,696,5335230163,25980355821,20645125658,26648226,235938768,29365736,"[28751082, 28752970, 28754858, 28756746, 28758602, 28760490, 28762378, 28764266, 28766154, 28768042, 28769898, 28771786, 28773674, 28775562, 28777450, 28779306, 28781194, 28783082, 28784938, 28786826, 28788714, 28790570, 28792458, 28794346, 28796202, 28798090, 28799946, 28801834, 28803690, 28805578, 28807434, 28809322, 28811178, 28813066, 28814922, 28816810, 28818666, 28820522, 28822410, 28824266, 28826122, 28828010, 28829866, 28831722, 28833610, 28835466, 28837322, 28839178, 28841066, 28842922, 28844778, 28846634, 28848490, 28850346, 28852234, 28854090, 28855946, 28857834, 28859690, 28861546, 28863402, 28865258, 28867114, 28868970, 28887063, 28872682, 28874538, 28876394, 28878250, 28880106, 29025299, 28883818, 28885642, 28887498, 28889354, 28891210, 28893066, 28894922, 28896778, 28898634, 28900490, 28902314, 28904170, 28906026, 28907882, 28909706, 28911562, 28913386, 28915242, 28917098, 28918922, 28920778, 28922634, 28924490, 28926314, 28928170, 28930026, 28931850, 28933674, 28935530, 28937354, 28939210, 28941034, 28942890, 28944746, 28946570, 28948426, 28950250, 28952074, 28953930, 28955754, 28957578, 28959434, 28961258, 28963114, 28964938, 28966762, 28968618, 28970442, 28972266, 28974090, 28975914, 28977738, 28979562, 28981418, 28983274, 28985098, 28986922, 28988746, 28990570, 28992394, 28994218, 26882435, 257176525, 66638500, 29135274, 29137066, 29138858, 29140650, 29142442, 29144202, 29146026, 29147818, 26982915, 207231481, 29072842, 29074666, 29076458, 29078250, 29080074, 29081898, 29083690, 26473891, 259618427, 276754106, 29319603, 26610275, 269520741, 198673150, 29361491, 29363571, 29365715, 29367795, 29369907, 29372019, 29374099, 29376211, 29378323, 29380435, 29382515, 29384627, 29386739, 29388819, 29390931, 29393043, 29395123, 29397235, 29399315, 29401427, 29403539, 29405619, 29407699, 28402666, 219015269, 28406538, 218821025, 29437331, 29439411, 29441523, 29443571, 29445683, 29447763, 29449843, 29451955, 29454003, 29456083, 29458195, 29460275, 28312746, 240089218, 29375891, 29378003, 29380115, 29382195, 29384307, 29386419, 29388499, 29390611, 29392691, 29394835, 29476702, 29398995, 28372298, 227183488, 29424531, 29426611, 29428691, 29430803, 29432883, 29434963, 29437043, 29439155, 29441235, 29443315, 29445395, 29447507, 29449587, 29451667, 29453779, 29455859, 29457907, 29459987, 29462099, 29464179, 29466259, 29468339, 29470419, 29472499, 29474579, 29476659, 29478739, 29480819, 29482899, 29484979, 29487059, 29489107, 29491219, 28422186, 222512857, 29468019, 29470099, 29472179, 29474227, 29476339, 29478419, 29480499, 29482547, 29484659, 28420906, 209491843, 29430067, 29432147, 29434227, 28330538, 28332490, 26283587, 259134423, 91398639, 26495459, 26497219, 26498947, 26500707, 26502467, 26504195, 26505955, 26507683, 26017950, 26019646, 26021374, 26023038, 26024734, 26026430, 26028126, 26029790, 26031518, 26033182, 26034878, 25547697, 25549297, 25550897, 25552497, 25554097, 25555697, 25557297, 25558897, 25560465, 25562097, 25643484, 25565297, 25566897, 25568465, 25570097, 25571665, 25653052, 25574865, 25576433, 25578033, 25579633, 25581233, 25582801, 25584401, 25586001, 25587601, 25589201, 25590769, 25592369, 25593937, 25595537, 25597137, 25598705, 25600305, 25601905, 25603473, 25605041, 25606641, 25608241, 25609809, 25611409, 25612977, 25614577, 25616145, 25617713, 25619313, 25620913, 25622481, 25624081, 25625649, 25627217, 25628817, 25630385, 25631953, 25633553, 25635121, 25636689, 25638289, 25639825, 25641425, 25642993, 25644561, 25646161, 25647729, 25649297, 25650897, 25652433, 25654001, 25655601, 25657169, 25658737, 25660305, 25661873, 25663441, 25665009, 25666577, 25668177, 25669745, 25671281, 25672881, 25674417, 25675985, 25677585, 25679121, 25680689, 25170804, 25172308, 25173780, 25175252, 25176756, 25178228, 25179700, 25181172, 25182676, 25184148, 25185620, 25187092, 25188564, 25190036, 25191540, 25193012, 25194484, 25195956, 25197428, 25198900, 25200404, 25201876, 25203316, 25204820, 25206292, 25207732, 25209236, 25210708, 25212180, 25213652, 25215124, 25216564, 25218068, 25219540, 25220980, 25222484, 25223924, 25225396, 25226900, 25228340, 25229812, 25231284, 25232756, 25234196, 25235700, 25237140, 25238612, 25240084, 25241556, 25242996, 25244468, 25245940, 25247380, 25248884, 25250324, 25251764, 25253268, 25254708, 25256148, 25257652, 25259092, 25260532, 25262004, 24685359, 24686703, 24688079, 24689455, 24690799, 24692143, 24693519, 24694895, 24696239, 24697583, 23958717, 23959997, 23961277, 23962557, 23963869, 23965149, 23966429, 23967709, 23969021, 24050088, 23971581, 23972893, 23974173, 23975453, 23976733, 23978045, 23979293, 23980573, 23981853, 23110704, 23111920, 23113104, 23114320, 23115536, 23116720, 23117936, 23119152, 22443014, 22444102, 22445158, 22446246, 22447302, 22448358, 22449446, 22450502, 22451590, 22452646, 22453702, 22454790, 22455846, 22456934, 22457990, 22459046, 22460134, 22461190, 22462246, 22463334, 22464390, 22465446, 22466502, 22467590, 22468646, 22469702, 22470758, 22471814, 22472870, 22473926, 22474982, 22476038, 22477126, 22478182, 22479238, 21735114, 21736042, 21736938, 21737866, 21738762, 21739690, 21740586, 21741450, 21742378, 21743274, 21744202, 21745098, 21746026, 21746922, 21747818, 21748746, 21749642, 21315609, 21316409, 21317241, 21318073, 21318905, 21319705, 21320537, 21321337, 21322169, 21322969, 21323801, 21324633, 21325465, 21326265, 21327097, 21327929, 21328729, 21329561, 21330393, 21331193, 21332025, 21332857, 21333657, 21334489, 21335321, 21336121, 21336953, 21337753, 21338585, 21339417, 21340217, 21341049, 21341849, 21342681, 21343481, 21344313, 21345145, 21345945, 21346777, 21347577, 21348409, 21349209, 21350041, 21350841, 21351673, 21352473, 21353305, 21354105, 20829196, 20829932, 20830636, 20831372, 20832108, 20832812, 20833548, 20834284, 20834988, 20835724, 20836460, 20837164, 20837900, 20838636, 20839340, 20840076, 20840812, 20841516, 20842252, 20288067, 20288675, 20289315, 20289923, 20290531, 20291139, 20291715, 20292323, 20292931, 20293539, 20294179, 20294787, 20295395, 20296003, 20296611, 20297219, 20297827, 20298435, 20299043, 20299651, 20300259, 20300867, 20301507, 20302115, 20302723, 20303331, 20303939, 20304547, 20305155, 20305763, 20306371, 20306979, 20307587, 20308195, 20308803, 20309411, 20310019, 20310627, 20311235, 20311843, 20312451, 20313059, 20313635, 20314243, 20314851, 20315459, 20316067, 20316675, 20317283, 20317891, 20318499, 20319107, 20319715, 20320323, 20320931, 20321507, 20322115, 20322723, 20323331, 20323939, 20324547, 20325155, 20325731, 20326339, 20326947, 20327555, 20328163, 20328771, 20329347, 20329955, 20330563, 20331171, 20331779, 20332355, 20332963, 20333539, 20334147, 20334755, 20335331, 20335939, 20336547, 20337155, 20337731, 20338339, 20338947, 20339555, 20340131, 20340739, 20341347, 20341955, 20342531, 20343139, 20343747, 20344323, 20344931, 20345539, 20346115, 20346723, 20347331, 20347939, 20348515, 20349123, 20349699, 20350307]",10871,1,251.24183120517716,89.63184398794603,280.62430400804567,124.72191289246473,45.76726607232704,100.0,13520,100,229,1081600,1081829,229,8000,8229,1090058,1699103565,5335230163,5361878389,5571168931,5571177160,25980355821,26648226,209290542,235938768,3872073595,0,20409186890,20409186890,24281252256,prefill,decode,0.004598841492806449,0.11242609791266485,0.8829750605945287,0.9885195025926077,1,0,0,0,,,,,,,,,1700188130,5335847179,3635659049,12,8734,1,9,9,128,517996544,3738689536,9640607744,9709281280,68673536,1.0462776795771231,0.078125,0,12,10,19,9,41,9,37216256,9709281280,0.05335065789751227,1.0495175980729234,0,9,7,128,517996544,4126662656,9672065024,9709281280,37216256,1.0495175980729234,0.0625,0,1,0,16,128,517996544,158851072,8847884288,9709281280,861396992,0.9646317334829546,0.1328125,1,npu_memory,1,,,,,,0,0,,,-1,,,,,,,,,,,,,,,,,,,5335230163,0,16,16,2048,0,16,2032,0,1,0,0,2048,1639,16,17,0,local_kv,1,1,1616,1616,211812352,0,0,0,0,0,5335230163,0,0,,-1,0,,0,,0,0,,
1,9,meta-llama/Llama-3.1-8B,3112,767,237698372,26646779955,26409081583,737846063,1000094089,33171001,"[279837076, 269386162, 258617298, 291084608, 266050691, 265561208, 270222869, 274892832, 286349069, 262922303, 275027539, 253188768, 29836307, 28793514, 201897105, 28800490, 28802378, 28804234, 28806090, 28807978, 28809866, 28811722, 28813610, 26733443, 38192185, 28830442, 28832298, 28834154, 28836042, 28837930, 28839786, 28841642, 28843498, 28845354, 28847210, 26648227, 209290542, 28751082, 28752970, 28754858, 28756746, 28758602, 28760490, 28762378, 28764266, 28766154, 28768042, 28769898, 28771786, 28773674, 28775562, 28777450, 28779306, 28781194, 28783082, 28784938, 28786826, 28788714, 28790570, 28792458, 28794346, 28796202, 28798090, 28799946, 28801834, 28803690, 28805578, 28807434, 28809322, 28811178, 28813066, 28814922, 28816810, 28818666, 28820522, 28822410, 28824266, 28826122, 28828010, 28829866, 28831722, 28833610, 28835466, 28837322, 28839178, 28841066, 28842922, 28844778, 28846634, 28848490, 28850346, 28852234, 28854090, 28855946, 28857834, 28859690, 28861546, 28863402, 28865258, 28867114, 28868970, 28887063, 28872682, 28874538, 28876394, 28878250, 28880106, 29025299, 28883818, 28885642, 28887498, 28889354, 28891210, 28893066, 28894922, 28896778, 28898634, 28900490, 28902314, 28904170, 28906026, 28907882, 28909706, 28911562, 28913386, 28915242, 28917098, 28918922, 28920778, 28922634, 28924490, 28926314, 28928170, 28930026, 28931850, 28933674, 28935530, 28937354, 28939210, 28941034, 28942890, 28944746, 28946570, 28948426, 28950250, 28952074, 28953930, 28955754, 28957578, 28959434, 28961258, 28963114, 28964938, 28966762, 28968618, 28970442, 28972266, 28974090, 28975914, 28977738, 28979562, 28981418, 28983274, 28985098, 28986922, 28988746, 28990570, 28992394, 28994218, 26882435, 257176525, 66638500, 29135274, 29137066, 29138858, 29140650, 29142442, 29144202, 29146026, 29147818, 26982915, 207231481, 29072842, 29074666, 29076458, 29078250, 29080074, 29081898, 29083690, 26473891, 259618427, 276754106, 29319603, 26610275, 269520741, 198673150, 29361491, 29363571, 29365715, 29367795, 29369907, 29372019, 29374099, 29376211, 29378323, 29380435, 29382515, 29384627, 29386739, 29388819, 29390931, 29393043, 29395123, 29397235, 29399315, 29401427, 29403539, 29405619, 29407699, 28402666, 219015269, 28406538, 218821025, 29437331, 29439411, 29441523, 29443571, 29445683, 29447763, 29449843, 29451955, 29454003, 29456083, 29458195, 29460275, 28312746, 240089218, 29375891, 29378003, 29380115, 29382195, 29384307, 29386419, 29388499, 29390611, 29392691, 29394835, 29476702, 29398995, 28372298, 227183488, 29424531, 29426611, 29428691, 29430803, 29432883, 29434963, 29437043, 29439155, 29441235, 29443315, 29445395, 29447507, 29449587, 29451667, 29453779, 29455859, 29457907, 29459987, 29462099, 29464179, 29466259, 29468339, 29470419, 29472499, 29474579, 29476659, 29478739, 29480819, 29482899, 29484979, 29487059, 29489107, 29491219, 28422186, 222512857, 29468019, 29470099, 29472179, 29474227, 29476339, 29478419, 29480499, 29482547, 29484659, 28420906, 209491843, 29430067, 29432147, 29434227, 28330538, 28332490, 26283587, 259134423, 91398639, 26495459, 26497219, 26498947, 26500707, 26502467, 26504195, 26505955, 26507683, 26017950, 26019646, 26021374, 26023038, 26024734, 26026430, 26028126, 26029790, 26031518, 26033182, 26034878, 25547697, 25549297, 25550897, 25552497, 25554097, 25555697, 25557297, 25558897, 25560465, 25562097, 25643484, 25565297, 25566897, 25568465, 25570097, 25571665, 25653052, 25574865, 25576433, 25578033, 25579633, 25581233, 25582801, 25584401, 25586001, 25587601, 25589201, 25590769, 25592369, 25593937, 25595537, 25597137, 25598705, 25600305, 25601905, 25603473, 25605041, 25606641, 25608241, 25609809, 25611409, 25612977, 25614577, 25616145, 25617713, 25619313, 25620913, 25622481, 25624081, 25625649, 25627217, 25628817, 25630385, 25631953, 25633553, 25635121, 25636689, 25638289, 25639825, 25641425, 25642993, 25644561, 25646161, 25647729, 25649297, 25650897, 25652433, 25654001, 25655601, 25657169, 25658737, 25660305, 25661873, 25663441, 25665009, 25666577, 25668177, 25669745, 25671281, 25672881, 25674417, 25675985, 25677585, 25679121, 25680689, 25170804, 25172308, 25173780, 25175252, 25176756, 25178228, 25179700, 25181172, 25182676, 25184148, 25185620, 25187092, 25188564, 25190036, 25191540, 25193012, 25194484, 25195956, 25197428, 25198900, 25200404, 25201876, 25203316, 25204820, 25206292, 25207732, 25209236, 25210708, 25212180, 25213652, 25215124, 25216564, 25218068, 25219540, 25220980, 25222484, 25223924, 25225396, 25226900, 25228340, 25229812, 25231284, 25232756, 25234196, 25235700, 25237140, 25238612, 25240084, 25241556, 25242996, 25244468, 25245940, 25247380, 25248884, 25250324, 25251764, 25253268, 25254708, 25256148, 25257652, 25259092, 25260532, 25262004, 24685359, 24686703, 24688079, 24689455, 24690799, 24692143, 24693519, 24694895, 24696239, 24697583, 23958717, 23959997, 23961277, 23962557, 23963869, 23965149, 23966429, 23967709, 23969021, 24050088, 23971581, 23972893, 23974173, 23975453, 23976733, 23978045, 23979293, 23980573, 23981853, 23110704, 23111920, 23113104, 23114320, 23115536, 23116720, 23117936, 23119152, 22443014, 22444102, 22445158, 22446246, 22447302, 22448358, 22449446, 22450502, 22451590, 22452646, 22453702, 22454790, 22455846, 22456934, 22457990, 22459046, 22460134, 22461190, 22462246, 22463334, 22464390, 22465446, 22466502, 22467590, 22468646, 22469702, 22470758, 22471814, 22472870, 22473926, 22474982, 22476038, 22477126, 22478182, 22479238, 21735114, 21736042, 21736938, 21737866, 21738762, 21739690, 21740586, 21741450, 21742378, 21743274, 21744202, 21745098, 21746026, 21746922, 21747818, 21748746, 21749642, 21315609, 21316409, 21317241, 21318073, 21318905, 21319705, 21320537, 21321337, 21322169, 21322969, 21323801, 21324633, 21325465, 21326265, 21327097, 21327929, 21328729, 21329561, 21330393, 21331193, 21332025, 21332857, 21333657, 21334489, 21335321, 21336121, 21336953, 21337753, 21338585, 21339417, 21340217, 21341049, 21341849, 21342681, 21343481, 21344313, 21345145, 21345945, 21346777, 21347577, 21348409, 21349209, 21350041, 21350841, 21351673, 21352473, 21353305, 21354105, 20829196, 20829932, 20830636, 20831372, 20832108, 20832812, 20833548, 20834284, 20834988, 20835724, 20836460, 20837164, 20837900, 20838636, 20839340, 20840076, 20840812, 20841516, 20842252, 20288067, 20288675, 20289315, 20289923, 20290531, 20291139, 20291715, 20292323, 20292931, 20293539, 20294179, 20294787, 20295395, 20296003, 20296611, 20297219, 20297827, 20298435, 20299043, 20299651, 20300259, 20300867, 20301507, 20302115, 20302723, 20303331, 20303939, 20304547, 20305155, 20305763, 20306371, 20306979, 20307587, 20308195, 20308803, 20309411, 20310019, 20310627, 20311235, 20311843, 20312451, 20313059, 20313635, 20314243, 20314851, 20315459, 20316067, 20316675, 20317283, 20317891, 20318499, 20319107, 20319715, 20320323, 20320931, 20321507, 20322115, 20322723, 20323331, 20323939, 20324547, 20325155, 20325731, 20326339, 20326947, 20327555, 20328163, 20328771, 20329347, 20329955, 20330563, 20331171, 20331779, 20332355, 20332963, 20333539, 20334147, 20334755, 20335331, 20335939, 20336547, 20337155, 20337731, 20338339, 20338947, 20339555, 20340131, 20340739, 20341347, 20341955, 20342531, 20343139, 20343747, 20344323, 20344931, 20345539, 20346115, 20346723, 20347331, 20347939, 20348515, 20349123, 20349699, 20350307, 19592915, 19593363, 19593843, 19594355, 19594803, 19595283, 19595763, 19596243, 19596691, 19597171, 19597651, 19598099, 19598611, 19599091, 19599539, 19600019, 19600499, 19600947, 19601427, 19601875, 19602355, 19602835, 19603283, 19603795, 19604275, 19604723, 19605203, 19605651, 19606131, 19606611, 19607059, 19607539, 19607987, 19608499]",16514,1,276.13435480102515,184.15023428076668,280.62430400804567,124.72191289246473,59.597693134155215,100.0,12948,100,298,1035840,1036138,298,8000,8298,1044436,236662234,237698372,723867684,1237792461,1237800759,26646779955,486169312,513924777,1000094089,1001138525,0,25408987494,25408987494,26410117721,prefill,decode,0.001043248235802333,0.48561642555909035,0.5133403262051073,0.9620926259768787,1,0,0,0,,,,,,,,,-1,237700681,0,12,0,1,1,3,128,509607936,8673288192,1941962752,9709281280,7767318528,0.2524976481060398,0.03125,1,12,12,2,1,7,3,7767318528,9709281280,0.05248667963196551,0.2524976481060398,5,0,0,128,509607936,9709281280,0,9709281280,9709281280,0.05248667963196551,0.0078125,1,1,1,3,128,509607936,8469864448,1941962752,9709281280,7767318528,0.2524976481060398,0.03125,1,,,,,,,,0,0,,,-1,,,,,,,,,,,,,,,,,,,237698372,1,3,1,2048,2047,1,0,3250,6,0,0,2048,2045,3,5,0,local_kv,1,1,1552,1552,203423744,0,0,0,0,0,237698372,0,0,,-1,0,,0,,0,0,,
1,54,meta-llama/Llama-3.1-8B,3310,772,1274921078,26913893223,25638972145,2138524127,2424873196,30109077,"[262922303, 275027539, 253188768, 29836307, 28793514, 201897105, 28800490, 28802378, 28804234, 28806090, 28807978, 28809866, 28811722, 28813610, 26733443, 38192185, 28830442, 28832298, 28834154, 28836042, 28837930, 28839786, 28841642, 28843498, 28845354, 28847210, 26648227, 209290542, 28751082, 28752970, 28754858, 28756746, 28758602, 28760490, 28762378, 28764266, 28766154, 28768042, 28769898, 28771786, 28773674, 28775562, 28777450, 28779306, 28781194, 28783082, 28784938, 28786826, 28788714, 28790570, 28792458, 28794346, 28796202, 28798090, 28799946, 28801834, 28803690, 28805578, 28807434, 28809322, 28811178, 28813066, 28814922, 28816810, 28818666, 28820522, 28822410, 28824266, 28826122, 28828010, 28829866, 28831722, 28833610, 28835466, 28837322, 28839178, 28841066, 28842922, 28844778, 28846634, 28848490, 28850346, 28852234, 28854090, 28855946, 28857834, 28859690, 28861546, 28863402, 28865258, 28867114, 28868970, 28887063, 28872682, 28874538, 28876394, 28878250, 28880106, 29025299, 28883818, 28885642, 28887498, 28889354, 28891210, 28893066, 28894922, 28896778, 28898634, 28900490, 28902314, 28904170, 28906026, 28907882, 28909706, 28911562, 28913386, 28915242, 28917098, 28918922, 28920778, 28922634, 28924490, 28926314, 28928170, 28930026, 28931850, 28933674, 28935530, 28937354, 28939210, 28941034, 28942890, 28944746, 28946570, 28948426, 28950250, 28952074, 28953930, 28955754, 28957578, 28959434, 28961258, 28963114, 28964938, 28966762, 28968618, 28970442, 28972266, 28974090, 28975914, 28977738, 28979562, 28981418, 28983274, 28985098, 28986922, 28988746, 28990570, 28992394, 28994218, 26882435, 257176525, 66638500, 29135274, 29137066, 29138858, 29140650, 29142442, 29144202, 29146026, 29147818, 26982915, 207231481, 29072842, 29074666, 29076458, 29078250, 29080074, 29081898, 29083690, 26473891, 259618427, 276754106, 29319603, 26610275, 269520741, 198673150, 29361491, 29363571, 29365715, 29367795, 29369907, 29372019, 29374099, 29376211, 29378323, 29380435, 29382515, 29384627, 29386739, 29388819, 29390931, 29393043, 29395123, 29397235, 29399315, 29401427, 29403539, 29405619, 29407699, 28402666, 219015269, 28406538, 218821025, 29437331, 29439411, 29441523, 29443571, 29445683, 29447763, 29449843, 29451955, 29454003, 29456083, 29458195, 29460275, 28312746, 240089218, 29375891, 29378003, 29380115, 29382195, 29384307, 29386419, 29388499, 29390611, 29392691, 29394835, 29476702, 29398995, 28372298, 227183488, 29424531, 29426611, 29428691, 29430803, 29432883, 29434963, 29437043, 29439155, 29441235, 29443315, 29445395, 29447507, 29449587, 29451667, 29453779, 29455859, 29457907, 29459987, 29462099, 29464179, 29466259, 29468339, 29470419, 29472499, 29474579, 29476659, 29478739, 29480819, 29482899, 29484979, 29487059, 29489107, 29491219, 28422186, 222512857, 29468019, 29470099, 29472179, 29474227, 29476339, 29478419, 29480499, 29482547, 29484659, 28420906, 209491843, 29430067, 29432147, 29434227, 28330538, 28332490, 26283587, 259134423, 91398639, 26495459, 26497219, 26498947, 26500707, 26502467, 26504195, 26505955, 26507683, 26017950, 26019646, 26021374, 26023038, 26024734, 26026430, 26028126, 26029790, 26031518, 26033182, 26034878, 25547697, 25549297, 25550897, 25552497, 25554097, 25555697, 25557297, 25558897, 25560465, 25562097, 25643484, 25565297, 25566897, 25568465, 25570097, 25571665, 25653052, 25574865, 25576433, 25578033, 25579633, 25581233, 25582801, 25584401, 25586001, 25587601, 25589201, 25590769, 25592369, 25593937, 25595537, 25597137, 25598705, 25600305, 25601905, 25603473, 25605041, 25606641, 25608241, 25609809, 25611409, 25612977, 25614577, 25616145, 25617713, 25619313, 25620913, 25622481, 25624081, 25625649, 25627217, 25628817, 25630385, 25631953, 25633553, 25635121, 25636689, 25638289, 25639825, 25641425, 25642993, 25644561, 25646161, 25647729, 25649297, 25650897, 25652433, 25654001, 25655601, 25657169, 25658737, 25660305, 25661873, 25663441, 25665009, 25666577, 25668177, 25669745, 25671281, 25672881, 25674417, 25675985, 25677585, 25679121, 25680689, 25170804, 25172308, 25173780, 25175252, 25176756, 25178228, 25179700, 25181172, 25182676, 25184148, 25185620, 25187092, 25188564, 25190036, 25191540, 25193012, 25194484, 25195956, 25197428, 25198900, 25200404, 25201876, 25203316, 25204820, 25206292, 25207732, 25209236, 25210708, 25212180, 25213652, 25215124, 25216564, 25218068, 25219540, 25220980, 25222484, 25223924, 25225396, 25226900, 25228340, 25229812, 25231284, 25232756, 25234196, 25235700, 25237140, 25238612, 25240084, 25241556, 25242996, 25244468, 25245940, 25247380, 25248884, 25250324, 25251764, 25253268, 25254708, 25256148, 25257652, 25259092, 25260532, 25262004, 24685359, 24686703, 24688079, 24689455, 24690799, 24692143, 24693519, 24694895, 24696239, 24697583, 23958717, 23959997, 23961277, 23962557, 23963869, 23965149, 23966429, 23967709, 23969021, 24050088, 23971581, 23972893, 23974173, 23975453, 23976733, 23978045, 23979293, 23980573, 23981853, 23110704, 23111920, 23113104, 23114320, 23115536, 23116720, 23117936, 23119152, 22443014, 22444102, 22445158, 22446246, 22447302, 22448358, 22449446, 22450502, 22451590, 22452646, 22453702, 22454790, 22455846, 22456934, 22457990, 22459046, 22460134, 22461190, 22462246, 22463334, 22464390, 22465446, 22466502, 22467590, 22468646, 22469702, 22470758, 22471814, 22472870, 22473926, 22474982, 22476038, 22477126, 22478182, 22479238, 21735114, 21736042, 21736938, 21737866, 21738762, 21739690, 21740586, 21741450, 21742378, 21743274, 21744202, 21745098, 21746026, 21746922, 21747818, 21748746, 21749642, 21315609, 21316409, 21317241, 21318073, 21318905, 21319705, 21320537, 21321337, 21322169, 21322969, 21323801, 21324633, 21325465, 21326265, 21327097, 21327929, 21328729, 21329561, 21330393, 21331193, 21332025, 21332857, 21333657, 21334489, 21335321, 21336121, 21336953, 21337753, 21338585, 21339417, 21340217, 21341049, 21341849, 21342681, 21343481, 21344313, 21345145, 21345945, 21346777, 21347577, 21348409, 21349209, 21350041, 21350841, 21351673, 21352473, 21353305, 21354105, 20829196, 20829932, 20830636, 20831372, 20832108, 20832812, 20833548, 20834284, 20834988, 20835724, 20836460, 20837164, 20837900, 20838636, 20839340, 20840076, 20840812, 20841516, 20842252, 20288067, 20288675, 20289315, 20289923, 20290531, 20291139, 20291715, 20292323, 20292931, 20293539, 20294179, 20294787, 20295395, 20296003, 20296611, 20297219, 20297827, 20298435, 20299043, 20299651, 20300259, 20300867, 20301507, 20302115, 20302723, 20303331, 20303939, 20304547, 20305155, 20305763, 20306371, 20306979, 20307587, 20308195, 20308803, 20309411, 20310019, 20310627, 20311235, 20311843, 20312451, 20313059, 20313635, 20314243, 20314851, 20315459, 20316067, 20316675, 20317283, 20317891, 20318499, 20319107, 20319715, 20320323, 20320931, 20321507, 20322115, 20322723, 20323331, 20323939, 20324547, 20325155, 20325731, 20326339, 20326947, 20327555, 20328163, 20328771, 20329347, 20329955, 20330563, 20331171, 20331779, 20332355, 20332963, 20333539, 20334147, 20334755, 20335331, 20335939, 20336547, 20337155, 20337731, 20338339, 20338947, 20339555, 20340131, 20340739, 20341347, 20341955, 20342531, 20343139, 20343747, 20344323, 20344931, 20345539, 20346115, 20346723, 20347331, 20347939, 20348515, 20349123, 20349699, 20350307, 19592915, 19593363, 19593843, 19594355, 19594803, 19595283, 19595763, 19596243, 19596691, 19597171, 19597651, 19598099, 19598611, 19599091, 19599539, 19600019, 19600499, 19600947, 19601427, 19601875, 19602355, 19602835, 19603283, 19603795, 19604275, 19604723, 19605203, 19605651, 19606131, 19606611, 19607059, 19607539, 19607987, 19608499, 19077190, 19077542, 19077894, 19078246, 19078598, 19079014, 19079366, 19079718, 19080070, 19080422, 19080774, 19081126, 19081478, 19081830]",18370,1,269.836782093724,241.80494729256972,280.62430400804567,124.72191289246473,117.57894187901225,100.0,13740,100,588,1099200,1099788,588,8000,8588,1108376,1273821290,1274921078,3413445205,3699794274,3699802862,26913893223,2138524127,286349069,2424873196,2425981572,0,23214098949,23214098949,25640071933,queueing,decode,0.000456877336906663,0.8815088093340224,0.11803431332907091,0.9053832311480828,1,0,0,0,,,,,,,,,-1,1274932559,0,12,0,1,6,8,128,536870912,5036826624,7350517760,9709281280,2358763520,0.8123555641803386,0.0703125,1,12,11,19,10,33,8,37216256,9709281280,0.05529460899499247,1.0514615491704036,5,1,2,128,536870912,8822185984,1568669696,9709281280,8140611584,0.21685854465223608,0.0234375,1,1,6,8,128,536870912,4820819968,7350517760,9709281280,2358763520,0.8123555641803386,0.0703125,1,,,,,,,,0,0,,,-1,,,,,,,,,,,,,,,,,,,1274921078,6,8,5,2048,2043,5,0,25597,4,0,0,2048,2035,13,16,0,local_kv,1,1,1648,1648,216006656,0,0,0,0,0,1274921078,0,0,,-1,0,,0,,0,0,,
1,66,meta-llama/Llama-3.1-8B,3310,772,4981916179,27206438423,22224522244,26733442,64925627,28741370,"[28830442, 28832298, 28834154, 28836042, 28837930, 28839786, 28841642, 28843498, 28845354, 28847210, 26648227, 209290542, 28751082, 28752970, 28754858, 28756746, 28758602, 28760490, 28762378, 28764266, 28766154, 28768042, 28769898, 28771786, 28773674, 28775562, 28777450, 28779306, 28781194, 28783082, 28784938, 28786826, 28788714, 28790570, 28792458, 28794346, 28796202, 28798090, 28799946, 28801834, 28803690, 28805578, 28807434, 28809322, 28811178, 28813066, 28814922, 28816810, 28818666, 28820522, 28822410, 28824266, 28826122, 28828010, 28829866, 28831722, 28833610, 28835466, 28837322, 28839178, 28841066, 28842922, 28844778, 28846634, 28848490, 28850346, 28852234, 28854090, 28855946, 28857834, 28859690, 28861546, 28863402, 28865258, 28867114, 28868970, 28887063, 28872682, 28874538, 28876394, 28878250, 28880106, 29025299, 28883818, 28885642, 28887498, 28889354, 28891210, 28893066, 28894922, 28896778, 28898634, 28900490, 28902314, 28904170, 28906026, 28907882, 28909706, 28911562, 28913386, 28915242, 28917098, 28918922, 28920778, 28922634, 28924490, 28926314, 28928170, 28930026, 28931850, 28933674, 28935530, 28937354, 28939210, 28941034, 28942890, 28944746, 28946570, 28948426, 28950250, 28952074, 28953930, 28955754, 28957578, 28959434, 28961258, 28963114, 28964938, 28966762, 28968618, 28970442, 28972266, 28974090, 28975914, 28977738, 28979562, 28981418, 28983274, 28985098, 28986922, 28988746, 28990570, 28992394, 28994218, 26882435, 257176525, 66638500, 29135274, 29137066, 29138858, 29140650, 29142442, 29144202, 29146026, 29147818, 26982915, 207231481, 29072842, 29074666, 29076458, 29078250, 29080074, 29081898, 29083690, 26473891, 259618427, 276754106, 29319603, 26610275, 269520741, 198673150, 29361491, 29363571, 29365715, 29367795, 29369907, 29372019, 29374099, 29376211, 29378323, 29380435, 29382515, 29384627, 29386739, 29388819, 29390931, 29393043, 29395123, 29397235, 29399315, 29401427, 29403539, 29405619, 29407699, 28402666, 219015269, 28406538, 218821025, 29437331, 29439411, 29441523, 29443571, 29445683, 29447763, 29449843, 29451955, 29454003, 29456083, 29458195, 29460275, 28312746, 240089218, 29375891, 29378003, 29380115, 29382195, 29384307, 29386419, 29388499, 29390611, 29392691, 29394835, 29476702, 29398995, 28372298, 227183488, 29424531, 29426611, 29428691, 29430803, 29432883, 29434963, 29437043, 29439155, 29441235, 29443315, 29445395, 29447507, 29449587, 29451667, 29453779, 29455859, 29457907, 29459987, 29462099, 29464179, 29466259, 29468339, 29470419, 29472499, 29474579, 29476659, 29478739, 29480819, 29482899, 29484979, 29487059, 29489107, 29491219, 28422186, 222512857, 29468019, 29470099, 29472179, 29474227, 29476339, 29478419, 29480499, 29482547, 29484659, 28420906, 209491843, 29430067, 29432147, 29434227, 28330538, 28332490, 26283587, 259134423, 91398639, 26495459, 26497219, 26498947, 26500707, 26502467, 26504195, 26505955, 26507683, 26017950, 26019646, 26021374, 26023038, 26024734, 26026430, 26028126, 26029790, 26031518, 26033182, 26034878, 25547697, 25549297, 25550897, 25552497, 25554097, 25555697, 25557297, 25558897, 25560465, 25562097, 25643484, 25565297, 25566897, 25568465, 25570097, 25571665, 25653052, 25574865, 25576433, 25578033, 25579633, 25581233, 25582801, 25584401, 25586001, 25587601, 25589201, 25590769, 25592369, 25593937, 25595537, 25597137, 25598705, 25600305, 25601905, 25603473, 25605041, 25606641, 25608241, 25609809, 25611409, 25612977, 25614577, 25616145, 25617713, 25619313, 25620913, 25622481, 25624081, 25625649, 25627217, 25628817, 25630385, 25631953, 25633553, 25635121, 25636689, 25638289, 25639825, 25641425, 25642993, 25644561, 25646161, 25647729, 25649297, 25650897, 25652433, 25654001, 25655601, 25657169, 25658737, 25660305, 25661873, 25663441, 25665009, 25666577, 25668177, 25669745, 25671281, 25672881, 25674417, 25675985, 25677585, 25679121, 25680689, 25170804, 25172308, 25173780, 25175252, 25176756, 25178228, 25179700, 25181172, 25182676, 25184148, 25185620, 25187092, 25188564, 25190036, 25191540, 25193012, 25194484, 25195956, 25197428, 25198900, 25200404, 25201876, 25203316, 25204820, 25206292, 25207732, 25209236, 25210708, 25212180, 25213652, 25215124, 25216564, 25218068, 25219540, 25220980, 25222484, 25223924, 25225396, 25226900, 25228340, 25229812, 25231284, 25232756, 25234196, 25235700, 25237140, 25238612, 25240084, 25241556, 25242996, 25244468, 25245940, 25247380, 25248884, 25250324, 25251764, 25253268, 25254708, 25256148, 25257652, 25259092, 25260532, 25262004, 24685359, 24686703, 24688079, 24689455, 24690799, 24692143, 24693519, 24694895, 24696239, 24697583, 23958717, 23959997, 23961277, 23962557, 23963869, 23965149, 23966429, 23967709, 23969021, 24050088, 23971581, 23972893, 23974173, 23975453, 23976733, 23978045, 23979293, 23980573, 23981853, 23110704, 23111920, 23113104, 23114320, 23115536, 23116720, 23117936, 23119152, 22443014, 22444102, 22445158, 22446246, 22447302, 22448358, 22449446, 22450502, 22451590, 22452646, 22453702, 22454790, 22455846, 22456934, 22457990, 22459046, 22460134, 22461190, 22462246, 22463334, 22464390, 22465446, 22466502, 22467590, 22468646, 22469702, 22470758, 22471814, 22472870, 22473926, 22474982, 22476038, 22477126, 22478182, 22479238, 21735114, 21736042, 21736938, 21737866, 21738762, 21739690, 21740586, 21741450, 21742378, 21743274, 21744202, 21745098, 21746026, 21746922, 21747818, 21748746, 21749642, 21315609, 21316409, 21317241, 21318073, 21318905, 21319705, 21320537, 21321337, 21322169, 21322969, 21323801, 21324633, 21325465, 21326265, 21327097, 21327929, 21328729, 21329561, 21330393, 21331193, 21332025, 21332857, 21333657, 21334489, 21335321, 21336121, 21336953, 21337753, 21338585, 21339417, 21340217, 21341049, 21341849, 21342681, 21343481, 21344313, 21345145, 21345945, 21346777, 21347577, 21348409, 21349209, 21350041, 21350841, 21351673, 21352473, 21353305, 21354105, 20829196, 20829932, 20830636, 20831372, 20832108, 20832812, 20833548, 20834284, 20834988, 20835724, 20836460, 20837164, 20837900, 20838636, 20839340, 20840076, 20840812, 20841516, 20842252, 20288067, 20288675, 20289315, 20289923, 20290531, 20291139, 20291715, 20292323, 20292931, 20293539, 20294179, 20294787, 20295395, 20296003, 20296611, 20297219, 20297827, 20298435, 20299043, 20299651, 20300259, 20300867, 20301507, 20302115, 20302723, 20303331, 20303939, 20304547, 20305155, 20305763, 20306371, 20306979, 20307587, 20308195, 20308803, 20309411, 20310019, 20310627, 20311235, 20311843, 20312451, 20313059, 20313635, 20314243, 20314851, 20315459, 20316067, 20316675, 20317283, 20317891, 20318499, 20319107, 20319715, 20320323, 20320931, 20321507, 20322115, 20322723, 20323331, 20323939, 20324547, 20325155, 20325731, 20326339, 20326947, 20327555, 20328163, 20328771, 20329347, 20329955, 20330563, 20331171, 20331779, 20332355, 20332963, 20333539, 20334147, 20334755, 20335331, 20335939, 20336547, 20337155, 20337731, 20338339, 20338947, 20339555, 20340131, 20340739, 20341347, 20341955, 20342531, 20343139, 20343747, 20344323, 20344931, 20345539, 20346115, 20346723, 20347331, 20347939, 20348515, 20349123, 20349699, 20350307, 19592915, 19593363, 19593843, 19594355, 19594803, 19595283, 19595763, 19596243, 19596691, 19597171, 19597651, 19598099, 19598611, 19599091, 19599539, 19600019, 19600499, 19600947, 19601427, 19601875, 19602355, 19602835, 19603283, 19603795, 19604275, 19604723, 19605203, 19605651, 19606131, 19606611, 19607059, 19607539, 19607987, 19608499, 19077190, 19077542, 19077894, 19078246, 19078598, 19079014, 19079366, 19079718, 19080070, 19080422, 19080774, 19081126, 19081478, 19081830, 18282511, 18282735, 18282927, 18283151, 18283343, 18283535, 18283759, 18283951, 18284207, 18284399, 18284591, 18284815, 18285007, 18285231, 18285423, 18285615]",2794,1,224.06551147229607,49.47221046998226,280.62430400804567,124.72191289246473,94.1350876547854,100.0,13740,100,471,1099200,1099671,471,8000,8471,1108142,1657840059,4981916179,5008649621,5046841806,5046850277,27206438423,26733442,38192185,64925627,3389010218,0,22159596617,22159596617,25548598364,prefill,decode,0.01678144405175479,0.40484501195138506,0.5783735439968601,0.9970289360592627,1,0,0,0,,,,,,,,,1658940332,4982476324,3323535992,12,12129,1,9,9,128,536870912,3738689536,9640607744,9709281280,68673536,1.0482216306746033,0.078125,0,12,10,19,9,41,9,37216256,9709281280,0.05529460899499247,1.0514615491704036,0,9,7,128,536870912,4126662656,9672065024,9709281280,37216256,1.0514615491704036,0.0625,0,1,0,16,128,536870912,391634944,8879341568,9709281280,829939712,0.9698156030762352,0.1328125,1,npu_memory,1,,,,,,0,0,,,-1,,,,,,,,,,,,,,,,,,,4981916179,0,16,16,2048,0,16,2032,0,1,0,0,2048,14,16,17,0,local_kv,1,1,1648,1648,216006656,0,0,0,0,0,4981916179,0,0,,-1,0,,0,,0,0,,
1,99,meta-llama/Llama-3.1-8B,3093,772,15380061394,31867569969,16487508575,28420905,237912748,21075999,"[29430067, 29432147, 29434227, 28330538, 28332490, 26283587, 259134423, 91398639, 26495459, 26497219, 26498947, 26500707, 26502467, 26504195, 26505955, 26507683, 26017950, 26019646, 26021374, 26023038, 26024734, 26026430, 26028126, 26029790, 26031518, 26033182, 26034878, 25547697, 25549297, 25550897, 25552497, 25554097, 25555697, 25557297, 25558897, 25560465, 25562097, 25643484, 25565297, 25566897, 25568465, 25570097, 25571665, 25653052, 25574865, 25576433, 25578033, 25579633, 25581233, 25582801, 25584401, 25586001, 25587601, 25589201, 25590769, 25592369, 25593937, 25595537, 25597137, 25598705, 25600305, 25601905, 25603473, 25605041, 25606641, 25608241, 25609809, 25611409, 25612977, 25614577, 25616145, 25617713, 25619313, 25620913, 25622481, 25624081, 25625649, 25627217, 25628817, 25630385, 25631953, 25633553, 25635121, 25636689, 25638289, 25639825, 25641425, 25642993, 25644561, 25646161, 25647729, 25649297, 25650897, 25652433, 25654001, 25655601, 25657169, 25658737, 25660305, 25661873, 25663441, 25665009, 25666577, 25668177, 25669745, 25671281, 25672881, 25674417, 25675985, 25677585, 25679121, 25680689, 25170804, 25172308, 25173780, 25175252, 25176756, 25178228, 25179700, 25181172, 25182676, 25184148, 25185620, 25187092, 25188564, 25190036, 25191540, 25193012, 25194484, 25195956, 25197428, 25198900, 25200404, 25201876, 25203316, 25204820, 25206292, 25207732, 25209236, 25210708, 25212180, 25213652, 25215124, 25216564, 25218068, 25219540, 25220980, 25222484, 25223924, 25225396, 25226900, 25228340, 25229812, 25231284, 25232756, 25234196, 25235700, 25237140, 25238612, 25240084, 25241556, 25242996, 25244468, 25245940, 25247380, 25248884, 25250324, 25251764, 25253268, 25254708, 25256148, 25257652, 25259092, 25260532, 25262004, 24685359, 24686703, 24688079, 24689455, 24690799, 24692143, 24693519, 24694895, 24696239, 24697583, 23958717, 23959997, 23961277, 23962557, 23963869, 23965149, 23966429, 23967709, 23969021, 24050088, 23971581, 23972893, 23974173, 23975453, 23976733, 23978045, 23979293, 23980573, 23981853, 23110704, 23111920, 23113104, 23114320, 23115536, 23116720, 23117936, 23119152, 22443014, 22444102, 22445158, 22446246, 22447302, 22448358, 22449446, 22450502, 22451590, 22452646, 22453702, 22454790, 22455846, 22456934, 22457990, 22459046, 22460134, 22461190, 22462246, 22463334, 22464390, 22465446, 22466502, 22467590, 22468646, 22469702, 22470758, 22471814, 22472870, 22473926, 22474982, 22476038, 22477126, 22478182, 22479238, 21735114, 21736042, 21736938, 21737866, 21738762, 21739690, 21740586, 21741450, 21742378, 21743274, 21744202, 21745098, 21746026, 21746922, 21747818, 21748746, 21749642, 21315609, 21316409, 21317241, 21318073, 21318905, 21319705, 21320537, 21321337, 21322169, 21322969, 21323801, 21324633, 21325465, 21326265, 21327097, 21327929, 21328729, 21329561, 21330393, 21331193, 21332025, 21332857, 21333657, 21334489, 21335321, 21336121, 21336953, 21337753, 21338585, 21339417, 21340217, 21341049, 21341849, 21342681, 21343481, 21344313, 21345145, 21345945, 21346777, 21347577, 21348409, 21349209, 21350041, 21350841, 21351673, 21352473, 21353305, 21354105, 20829196, 20829932, 20830636, 20831372, 20832108, 20832812, 20833548, 20834284, 20834988, 20835724, 20836460, 20837164, 20837900, 20838636, 20839340, 20840076, 20840812, 20841516, 20842252, 20288067, 20288675, 20289315, 20289923, 20290531, 20291139, 20291715, 20292323, 20292931, 20293539, 20294179, 20294787, 20295395, 20296003, 20296611, 20297219, 20297827, 20298435, 20299043, 20299651, 20300259, 20300867, 20301507, 20302115, 20302723, 20303331, 20303939, 20304547, 20305155, 20305763, 20306371, 20306979, 20307587, 20308195, 20308803, 20309411, 20310019, 20310627, 20311235, 20311843, 20312451, 20313059, 20313635, 20314243, 20314851, 20315459, 20316067, 20316675, 20317283, 20317891, 20318499, 20319107, 20319715, 20320323, 20320931, 20321507, 20322115, 20322723, 20323331, 20323939, 20324547, 20325155, 20325731, 20326339, 20326947, 20327555, 20328163, 20328771, 20329347, 20329955, 20330563, 20331171, 20331779, 20332355, 20332963, 20333539, 20334147, 20334755, 20335331, 20335939, 20336547, 20337155, 20337731, 20338339, 20338947, 20339555, 20340131, 20340739, 20341347, 20341955, 20342531, 20343139, 20343747, 20344323, 20344931, 20345539, 20346115, 20346723, 20347331, 20347939, 20348515, 20349123, 20349699, 20350307, 19592915, 19593363, 19593843, 19594355, 19594803, 19595283, 19595763, 19596243, 19596691, 19597171, 19597651, 19598099, 19598611, 19599091, 19599539, 19600019, 19600499, 19600947, 19601427, 19601875, 19602355, 19602835, 19603283, 19603795, 19604275, 19604723, 19605203, 19605651, 19606131, 19606611, 19607059, 19607539, 19607987, 19608499, 19077190, 19077542, 19077894, 19078246, 19078598, 19079014, 19079366, 19079718, 19080070, 19080422, 19080774, 19081126, 19081478, 19081830, 18282511, 18282735, 18282927, 18283151, 18283343, 18283535, 18283759, 18283951, 18284207, 18284399, 18284591, 18284815, 18285007, 18285231, 18285423, 18285615, 17128838, 17128902, 17128934, 17128998, 17129062, 17129126, 17129190, 17129222, 17129286, 17129350, 17129414, 17129478, 17129510, 17129574, 17129638, 17129702, 17129734, 17129798, 17129862, 17129926, 17129990, 17130022, 17130086, 17130150, 17130214, 17130246, 17130310, 17130374, 17130438, 17130502, 17130534, 17130598, 17130662, 17130726, 17130758, 17130822, 17130886, 17130950, 17130982, 17131046, 17131110, 17131174, 17131238, 17131270, 17131334, 17131398, 17131462, 17131494, 17131558, 17131622, 17131686, 17131718, 17131782, 17131846, 17131910, 17131942, 17132006, 17132070, 17132134, 17132166, 17132230, 17132294, 17132358, 17132390, 17132454, 17132518, 17132582, 17132646, 17132678, 17132742, 17132806, 17132870, 17132902, 17132966, 17133030, 17133094, 17133126, 17133190, 17133254, 17133318, 17133350, 17133414, 17133478, 17133542, 17133574, 17133638, 17133702, 17133734, 17133798, 17133862, 17133926, 17133958, 17134022, 17134086, 17134150, 17134182, 17134246, 17134310, 17134374, 17134406, 17134470, 17134534, 17134598, 17134630, 17134694, 17134758, 17134822, 17134854, 17134918, 17134982, 17135014, 17135078, 17135142, 17135206, 17135238, 17135302, 17135366, 17135430, 17135462, 17135526, 17135590, 17135654, 17135686, 17135750, 17135814, 17135846, 17135910, 17135974, 17136038, 17136070, 17136134, 17136198, 17136262, 17136294, 17136358, 17136422, 17136454, 17136518, 17136582, 17136646, 17136678, 17136742, 17136806, 17136838, 17136902, 17136966, 17137030, 17137062, 17137126, 17137190, 17137222, 17137286, 17137350, 17137414, 17137446, 17137510, 17137574, 17137606, 17137670, 17137734, 17137798, 17137830, 17137894, 17137958, 17137990, 17138054, 17138118, 17138182, 17138214, 17138278, 17138342, 17138374, 17138438, 17138502, 17138534, 17138598, 17138662, 17138726, 17138758, 17138822, 17138886, 17138918, 17138982, 17139046, 17139078, 17139142, 17139206, 17139270, 17139302, 17139366, 17139430, 17139462, 17139526, 17139590, 17139622, 17139686, 17139750, 17139814, 17139846, 17139910, 17139974, 17140006, 17140070, 17140134, 17140166, 17140230, 17140294, 17140326, 17140390, 17140454, 17140518, 17140550, 17140614, 17140678, 17140710, 17140774, 17140838, 17140870, 17140934, 17140998, 17141030, 17141094, 17141158, 17141190, 17141254, 17141318, 17141350, 17141414, 17141478, 17141542, 17141574, 17141638, 17141702, 17141734, 17141798, 17141862, 17141894, 17141958, 17142022, 17142054, 17142118, 17142182, 17142214, 17142278, 17142342, 17142374, 17142438, 17142502, 17158771, 17142598, 17142662, 17142694, 17142758, 17142822, 17142854, 17142918, 17142982, 17143014, 17143078, 17143142, 17143174, 17143238, 17143302, 17143334, 17159635, 17143462, 17143494, 17143558, 17143622, 17143654, 17143718, 17143782]",11059,1,266.02215297142527,161.57182748779522,280.62430400804567,124.72191289246473,39.63759604945064,100.0,12872,100,198,1029760,1029958,198,8000,8198,1038156,2276414296,15380061394,15408482299,15617974142,15617982340,31867569969,28420905,209491843,237912748,13341568044,0,16249595827,16249595827,29591155673,prefill,decode,0.004344641441490425,0.11894035353806404,0.8767150050204455,0.9855080676363824,1,0,0,0,,,,,,,,,2278220954,15380061497,13101840543,12,638857,1,8,10,128,507510784,3203915776,9640607744,9709281280,68673536,1.0451977067451896,0.0859375,0,12,10,17,8,53,10,37216256,8669093888,0.15940398999337674,1.04843762524099,0,7,9,128,507510784,3321356288,9672065024,9709281280,37216256,1.04843762524099,0.078125,0,1,0,17,128,507510784,18341888,9101639680,9709281280,607641600,0.9896871031838105,0.140625,1,npu_memory,1,,,,,,0,0,,,-1,,,,,,,,,,,,,,,,,,,15380061394,0,17,17,2048,0,17,2031,0,1,0,0,2048,1557,17,18,0,local_kv,1,1,1536,1536,201326592,0,0,0,0,0,15380061394,0,0,,-1,0,,0,,0,0,,
2,39,meta-llama/Llama-3.1-8B,3178,71,940996488,3470585078,2529588590,585330618,829590956,24285680,"[21545305, 21546073, 21546841, 21547609, 21548377, 21549209, 21549977, 21550745, 21551513, 21552281, 21553049, 21553881, 21554649, 21555417, 21556185, 21556953, 21557721, 21558521, 21559289, 192566803, 21937418, 21938282, 21939146, 21940010, 21940874, 21941770, 21942666, 21943530, 21944394, 21945258, 21946122, 21947018, 21947882, 21948746, 21949610, 21950506, 21951370, 21952266, 21953130, 21953994, 21954858, 21955722, 21956586, 21957482, 21958346, 21959210, 21960074, 21960938, 21961802, 21962698, 21963562, 21964426, 21965258, 21966122, 21967018, 21967882, 21968746, 21969610, 21970474, 21971338, 21972234, 21973098, 21973962, 21974794, 21975658, 21976522, 21977418, 21978282, 21979146, 21979978]",12701,2,436.94107225400853,97.38638509298846,467.7071733467427,124.72191289246473,41.155607838109724,100.0,13212,100,206,1056960,1057166,206,8000,8206,1065372,939939322,940996488,1251396264,1770587444,1770595650,3470585078,310399776,519191180,829590956,830656328,0,1699997634,1699997634,2530645756,prefill,decode,0.0012825665249130566,0.37368014368512703,0.6250372897899599,0.6717621846079957,2,0,0,0,,,,,,,,,-1,941018246,0,12,0,2,1,4,128,427819008,7526146048,2908749824,9709281280,6800531456,0.34364735512122274,0.0390625,1,12,12,15,7,24,5,1966596096,9709281280,0.044062891542884626,0.8415148306425416,1,7,5,128,427819008,6056042496,6381633536,9709281280,3327647744,0.7013343570575803,0.046875,1,2,1,4,128,427819008,7318528000,2908749824,9709281280,6800531456,0.34364735512122274,0.0390625,1,,,,,,,,0,0,,,-1,,,,,,,,,,,,,,,,,,,940996488,1,4,3,2048,1880,3,165,5649,2,0,0,2048,2044,4,6,0,local_kv,2,2,1584,1584,207618048,0,0,0,0,0,940996488,0,0,,-1,0,,0,,0,0,,
2,12,meta-llama/Llama-3.1-8B,3283,113,366859968,4269941587,3903081619,22008411,213646778,32941382,"[204987026, 221609581, 244292911, 274930842, 244260338, 21545305, 21546073, 21546841, 21547609, 21548377, 21549209, 21549977, 21550745, 21551513, 21552281, 21553049, 21553881, 21554649, 21555417, 21556185, 21556953, 21557721, 21558521, 21559289, 192566803, 21937418, 21938282, 21939146, 21940010, 21940874, 21941770, 21942666, 21943530, 21944394, 21945258, 21946122, 21947018, 21947882, 21948746, 21949610, 21950506, 21951370, 21952266, 21953130, 21953994, 21954858, 21955722, 21956586, 21957482, 21958346, 21959210, 21960074, 21960938, 21961802, 21962698, 21963562, 21964426, 21965258, 21966122, 21967018, 21967882, 21968746, 21969610, 21970474, 21971338, 21972234, 21973098, 21973962, 21974794, 21975658, 21976522, 21977418, 21978282, 21979146, 21979978, 21590457, 21591193, 21591961, 21592729, 21593497, 21594297, 21595065, 21595801, 21596569, 21597337, 21598105, 21598873, 21599673, 21600409, 21601177, 21601945, 21602713, 21603449, 21604249, 21605017, 21605785, 21606521, 21607289, 21608057, 21608857, 21609593, 21610361, 21611129, 21611865, 21612633, 21613433, 21614169, 21614937, 21615705, 21616441, 21617209, 21618009]",25292,2,506.61968784670114,131.23725612380198,467.7071733467427,124.72191289246473,39.45419473429419,100.0,13632,100,197,1090560,1090757,197,8000,8197,1098954,365769211,366859968,388868379,580506746,580514943,4269941587,22008411,191638367,213646778,214745732,0,3689434841,3689434841,3904172376,prefill,decode,0.005117466083097754,0.10248590644865528,0.892396627468247,0.9449959529318113,2,0,0,0,,,,,,,,,-1,366899097,0,12,0,2,0,1,128,446693376,9101107200,706740224,9709281280,9002541056,0.11879701151267913,0.015625,1,12,12,3,2,9,3,7257710592,9709281280,0.04600684264036483,0.29850449074640467,3,0,1,128,446693376,9315016704,425721856,9709281280,9283559424,0.08985373961686276,0.015625,1,2,0,1,128,446693376,8887197696,706740224,9709281280,9002541056,0.11879701151267913,0.015625,1,,,,,,,,0,0,,,-1,,,,,,,,,,,,,,,,,,,366859968,0,1,0,2048,551,0,1497,0,1,0,0,2048,1651,1,2,0,local_kv,2,2,1632,1632,213909504,0,0,0,0,0,366859968,0,0,,-1,0,,0,,0,0,,
2,22,meta-llama/Llama-3.1-8B,3510,148,539070393,5033160387,4494089994,41436353,246423379,28895691,"[221609581, 244292911, 274930842, 244260338, 21545305, 21546073, 21546841, 21547609, 21548377, 21549209, 21549977, 21550745, 21551513, 21552281, 21553049, 21553881, 21554649, 21555417, 21556185, 21556953, 21557721, 21558521, 21559289, 192566803, 21937418, 21938282, 21939146, 21940010, 21940874, 21941770, 21942666, 21943530, 21944394, 21945258, 21946122, 21947018, 21947882, 21948746, 21949610, 21950506, 21951370, 21952266, 21953130, 21953994, 21954858, 21955722, 21956586, 21957482, 21958346, 21959210, 21960074, 21960938, 21961802, 21962698, 21963562, 21964426, 21965258, 21966122, 21967018, 21967882, 21968746, 21969610, 21970474, 21971338, 21972234, 21973098, 21973962, 21974794, 21975658, 21976522, 21977418, 21978282, 21979146, 21979978, 21590457, 21591193, 21591961, 21592729, 21593497, 21594297, 21595065, 21595801, 21596569, 21597337, 21598105, 21598873, 21599673, 21600409, 21601177, 21601945, 21602713, 21603449, 21604249, 21605017, 21605785, 21606521, 21607289, 21608057, 21608857, 21609593, 21610361, 21611129, 21611865, 21612633, 21613433, 21614169, 21614937, 21615705, 21616441, 21617209, 21618009, 21179084, 21180268, 21181516, 21182764, 21183980, 21185228, 21186412, 21187660, 21188908, 21190124, 21191372, 21192556, 21193804, 21195020, 21196268, 21197452, 21198700, 21199916, 21201164, 21202380, 21203596, 21204812, 21206028, 21207276, 21208492, 21209708, 21210924, 21212172, 21213388, 21214604, 21215820, 21217036, 21218252, 21219500, 21220716, 21221900]",25599,2,546.1067169606243,203.31902833608498,467.7071733467427,124.72191289246473,111.01349014837204,100.0,14540,100,555,1163200,1163755,555,8000,8555,1172310,537906638,539070393,580506746,785493772,785502327,5033160387,41436353,204987026,246423379,247595689,0,4247666615,4247666615,4495253749,prefill,decode,0.004734775491183936,0.16735490495555438,0.8279103195532617,0.9449207471653694,2,0,0,0,,,,,,,,,-1,539079799,0,12,0,2,0,2,128,480247808,8815894528,1153433600,9709281280,8555847680,0.168259767215231,0.0234375,1,12,12,8,4,14,4,5812772864,9709281280,0.04946275570255186,0.4507806600490206,3,0,1,128,480247808,9312919552,425721856,9709281280,9283559424,0.0933096526790498,0.015625,1,2,0,2,128,480247808,8587304960,1153433600,9709281280,8555847680,0.168259767215231,0.0234375,1,,,,,,,,0,0,,,-1,,,,,,,,,,,,,,,,,,,539070393,0,2,1,2048,1651,1,396,0,1,0,0,2048,1766,2,3,0,local_kv,2,2,1744,1744,228589568,0,0,0,0,0,539070393,0,0,,-1,0,,0,,0,0,,
2,30,meta-llama/Llama-3.1-8B,3752,152,704339751,5136560946,4432221195,81154021,302763602,27347401,"[244292911, 274930842, 244260338, 21545305, 21546073, 21546841, 21547609, 21548377, 21549209, 21549977, 21550745, 21551513, 21552281, 21553049, 21553881, 21554649, 21555417, 21556185, 21556953, 21557721, 21558521, 21559289, 192566803, 21937418, 21938282, 21939146, 21940010, 21940874, 21941770, 21942666, 21943530, 21944394, 21945258, 21946122, 21947018, 21947882, 21948746, 21949610, 21950506, 21951370, 21952266, 21953130, 21953994, 21954858, 21955722, 21956586, 21957482, 21958346, 21959210, 21960074, 21960938, 21961802, 21962698, 21963562, 21964426, 21965258, 21966122, 21967018, 21967882, 21968746, 21969610, 21970474, 21971338, 21972234, 21973098, 21973962, 21974794, 21975658, 21976522, 21977418, 21978282, 21979146, 21979978, 21590457, 21591193, 21591961, 21592729, 21593497, 21594297, 21595065, 21595801, 21596569, 21597337, 21598105, 21598873, 21599673, 21600409, 21601177, 21601945, 21602713, 21603449, 21604249, 21605017, 21605785, 21606521, 21607289, 21608057, 21608857, 21609593, 21610361, 21611129, 21611865, 21612633, 21613433, 21614169, 21614937, 21615705, 21616441, 21617209, 21618009, 21179084, 21180268, 21181516, 21182764, 21183980, 21185228, 21186412, 21187660, 21188908, 21190124, 21191372, 21192556, 21193804, 21195020, 21196268, 21197452, 21198700, 21199916, 21201164, 21202380, 21203596, 21204812, 21206028, 21207276, 21208492, 21209708, 21210924, 21212172, 21213388, 21214604, 21215820, 21217036, 21218252, 21219500, 21220716, 21221900, 20678147, 20679139, 20680099, 20681091, 20682083]",6510,2,529.9430409911927,248.19840424527493,467.7071733467427,124.72191289246473,138.27417379343876,100.0,15508,100,691,1240640,1241331,691,8000,8691,1250022,703098420,704339751,785493772,1007103353,1007112044,5136560946,81154021,221609581,302763602,304013624,0,4129457593,4129457593,4433462526,prefill,decode,0.004111730203249049,0.2669420532285093,0.7289462165682417,0.931427631054811,2,0,0,0,,,,,,,,,-1,704344593,0,12,0,2,0,3,128,511705088,8371298304,1633681408,9709281280,8075599872,0.22096244141358318,0.03125,1,12,12,11,6,19,4,4292337664,9709281280,0.0527026741983522,0.6106166391751707,6,0,3,128,511705088,8794923008,1440743424,9709281280,8268537856,0.20109094130600777,0.03125,1,2,0,3,128,511705088,8125931520,1633681408,9709281280,8075599872,0.22096244141358318,0.03125,1,,,,,,,,0,0,,,-1,,,,,,,,,,,,,,,,,,,704339751,0,3,2,2048,1766,2,280,0,1,0,0,2048,1880,3,4,0,local_kv,2,2,1872,1872,245366784,0,0,0,0,0,704339751,0,0,,-1,0,,0,,0,0,,
2,46,meta-llama/Llama-3.1-8B,3075,150,1141817829,5156548901,4014731072,384509277,628769615,22724573,"[21545305, 21546073, 21546841, 21547609, 21548377, 21549209, 21549977, 21550745, 21551513, 21552281, 21553049, 21553881, 21554649, 21555417, 21556185, 21556953, 21557721, 21558521, 21559289, 192566803, 21937418, 21938282, 21939146, 21940010, 21940874, 21941770, 21942666, 21943530, 21944394, 21945258, 21946122, 21947018, 21947882, 21948746, 21949610, 21950506, 21951370, 21952266, 21953130, 21953994, 21954858, 21955722, 21956586, 21957482, 21958346, 21959210, 21960074, 21960938, 21961802, 21962698, 21963562, 21964426, 21965258, 21966122, 21967018, 21967882, 21968746, 21969610, 21970474, 21971338, 21972234, 21973098, 21973962, 21974794, 21975658, 21976522, 21977418, 21978282, 21979146, 21979978, 21590457, 21591193, 21591961, 21592729, 21593497, 21594297, 21595065, 21595801, 21596569, 21597337, 21598105, 21598873, 21599673, 21600409, 21601177, 21601945, 21602713, 21603449, 21604249, 21605017, 21605785, 21606521, 21607289, 21608057, 21608857, 21609593, 21610361, 21611129, 21611865, 21612633, 21613433, 21614169, 21614937, 21615705, 21616441, 21617209, 21618009, 21179084, 21180268, 21181516, 21182764, 21183980, 21185228, 21186412, 21187660, 21188908, 21190124, 21191372, 21192556, 21193804, 21195020, 21196268, 21197452, 21198700, 21199916, 21201164, 21202380, 21203596, 21204812, 21206028, 21207276, 21208492, 21209708, 21210924, 21212172, 21213388, 21214604, 21215820, 21217036, 21218252, 21219500, 21220716, 21221900, 20678147, 20679139, 20680099, 20681091, 20682083, 19987955]",15936,2,479.95220728085775,238.21653585184495,467.7071733467427,124.72191289246473,114.15327545339865,100.0,12800,100,571,1024000,1024571,571,8000,8571,1033142,1140793258,1141817829,1526327106,1770587444,1770596015,5156548901,384509277,244260338,628769615,629802757,0,3385961457,3385961457,4015755643,queueing,decode,0.001640421526449431,0.6105233308783372,0.38783624759521335,0.8431673964312089,2,0,0,0,,,,,,,,,-1,1141818672,0,12,0,2,1,5,128,423624704,7073161216,3336568832,9709281280,6372712448,0.387278257531334,0.046875,1,12,12,17,10,28,6,519561216,9709281280,0.04363090241011124,0.9901190923165839,6,0,2,128,423624704,8356618240,1040187392,9709281280,8669093888,0.15076420733790916,0.0234375,1,2,1,5,128,423624704,6871834624,3336568832,9709281280,6372712448,0.387278257531334,0.046875,1,,,,,,,,0,0,,,-1,,,,,,,,,,,,,,,,,,,1141817829,1,5,4,2048,2044,4,0,3178,1,0,0,2048,1878,5,7,0,local_kv,2,2,1536,1536,201326592,0,0,0,0,0,1141817829,0,0,,-1,0,,0,,0,0,,
2,37,meta-llama/Llama-3.1-8B,5649,165,906212805,5430675993,4524463188,345183459,620114301,23807005,"[244260338, 21545305, 21546073, 21546841, 21547609, 21548377, 21549209, 21549977, 21550745, 21551513, 21552281, 21553049, 21553881, 21554649, 21555417, 21556185, 21556953, 21557721, 21558521, 21559289, 192566803, 21937418, 21938282, 21939146, 21940010, 21940874, 21941770, 21942666, 21943530, 21944394, 21945258, 21946122, 21947018, 21947882, 21948746, 21949610, 21950506, 21951370, 21952266, 21953130, 21953994, 21954858, 21955722, 21956586, 21957482, 21958346, 21959210, 21960074, 21960938, 21961802, 21962698, 21963562, 21964426, 21965258, 21966122, 21967018, 21967882, 21968746, 21969610, 21970474, 21971338, 21972234, 21973098, 21973962, 21974794, 21975658, 21976522, 21977418, 21978282, 21979146, 21979978, 21590457, 21591193, 21591961, 21592729, 21593497, 21594297, 21595065, 21595801, 21596569, 21597337, 21598105, 21598873, 21599673, 21600409, 21601177, 21601945, 21602713, 21603449, 21604249, 21605017, 21605785, 21606521, 21607289, 21608057, 21608857, 21609593, 21610361, 21611129, 21611865, 21612633, 21613433, 21614169, 21614937, 21615705, 21616441, 21617209, 21618009, 21179084, 21180268, 21181516, 21182764, 21183980, 21185228, 21186412, 21187660, 21188908, 21190124, 21191372, 21192556, 21193804, 21195020, 21196268, 21197452, 21198700, 21199916, 21201164, 21202380, 21203596, 21204812, 21206028, 21207276, 21208492, 21209708, 21210924, 21212172, 21213388, 21214604, 21215820, 21217036, 21218252, 21219500, 21220716, 21221900, 20678147, 20679139, 20680099, 20681091, 20682083, 19987955, 19577190, 19577670, 19578182, 19578694, 19579238, 19579750, 19580262, 19580742, 19581286, 19581798, 19582310, 19582822, 19583334, 19583814]",3692,2,475.2858169584948,5.096337939163263,467.7071733467427,124.72191289246473,119.86539960264554,100.0,23096,100,599,1847680,1848279,599,8000,8599,1856878,904364526,906212805,1007103353,1526327106,1526335705,5430675993,100890548,519223753,620114301,621971179,0,3904348887,3904348887,4526311467,prefill,decode,0.002985472740047976,0.16221096958577882,0.8348035576741732,0.8625878926079462,2,0,0,0,,,,,,,,,-1,906220190,0,12,0,2,0,4,128,763363328,7895244800,2145386496,9709281280,7563894784,0.2995844635783381,0.0390625,1,12,12,14,7,23,5,1966596096,9709281280,0.07862202216475492,0.876073961264412,3,0,2,128,763363328,8627150848,1317011456,9709281280,8392269824,0.2142666098555958,0.0234375,1,2,0,4,128,763363328,7526146048,2145386496,9709281280,7563894784,0.2995844635783381,0.0390625,1,,,,,,,,0,0,,,-1,,,,,,,,,,,,,,,,,,,906212805,0,4,3,2048,1880,3,165,0,2,0,0,2048,2044,4,5,0,local_kv,2,2,2816,2816,369098752,0,0,0,0,0,906212805,0,0,,-1,0,,0,,0,0,,
2,3,meta-llama/Llama-3.1-8B,5191,197,77571877,5928910638,5851338761,235723811,311296502,28265521,"[191638367, 204987026, 221609581, 244292911, 274930842, 244260338, 21545305, 21546073, 21546841, 21547609, 21548377, 21549209, 21549977, 21550745, 21551513, 21552281, 21553049, 21553881, 21554649, 21555417, 21556185, 21556953, 21557721, 21558521, 21559289, 192566803, 21937418, 21938282, 21939146, 21940010, 21940874, 21941770, 21942666, 21943530, 21944394, 21945258, 21946122, 21947018, 21947882, 21948746, 21949610, 21950506, 21951370, 21952266, 21953130, 21953994, 21954858, 21955722, 21956586, 21957482, 21958346, 21959210, 21960074, 21960938, 21961802, 21962698, 21963562, 21964426, 21965258, 21966122, 21967018, 21967882, 21968746, 21969610, 21970474, 21971338, 21972234, 21973098, 21973962, 21974794, 21975658, 21976522, 21977418, 21978282, 21979146, 21979978, 21590457, 21591193, 21591961, 21592729, 21593497, 21594297, 21595065, 21595801, 21596569, 21597337, 21598105, 21598873, 21599673, 21600409, 21601177, 21601945, 21602713, 21603449, 21604249, 21605017, 21605785, 21606521, 21607289, 21608057, 21608857, 21609593, 21610361, 21611129, 21611865, 21612633, 21613433, 21614169, 21614937, 21615705, 21616441, 21617209, 21618009, 21179084, 21180268, 21181516, 21182764, 21183980, 21185228, 21186412, 21187660, 21188908, 21190124, 21191372, 21192556, 21193804, 21195020, 21196268, 21197452, 21198700, 21199916, 21201164, 21202380, 21203596, 21204812, 21206028, 21207276, 21208492, 21209708, 21210924, 21212172, 21213388, 21214604, 21215820, 21217036, 21218252, 21219500, 21220716, 21221900, 20678147, 20679139, 20680099, 20681091, 20682083, 19987955, 19577190, 19577670, 19578182, 19578694, 19579238, 19579750, 19580262, 19580742, 19581286, 19581798, 19582310, 19582822, 19583334, 19583814, 18448303, 18448623, 18449007, 18449391, 18449775, 18450159, 18450543, 18450895, 18451279, 18451631, 18452015, 18452399, 18452751, 18453135, 18453519, 18453903, 18454255, 18454607, 18454991, 18455375, 18455759, 18456143, 18456495, 18456847, 18457231, 18457615, 18457999]",8212,2,553.3599105860208,114.88376234358476,467.7071733467427,124.72191289246473,86.21589530245126,100.0,21264,100,431,1701120,1701551,431,8000,8431,1709982,75870326,77571877,77876056,388868379,388876810,5928910638,304179,310992323,311296502,313006484,0,5540042259,5540042259,5853040312,prefill,decode,0.005463088106507084,0.0009717977599467237,0.9935651141335462,0.9465224880666947,2,0,0,0,,,,,,,,,-1,77876056,0,12,0,2,0,0,128,706740224,9709281280,0,9709281280,9709281280,0.0727901688723143,0.0078125,1,12,12,1,1,2,1,8778145792,9709281280,0.0727901688723143,0.16869175634800437,3,0,1,128,706740224,9512148992,425721856,9709281280,9283559424,0.11663706584881224,0.015625,1,2,0,0,128,706740224,9369542656,0,9709281280,9709281280,0.0727901688723143,0.0078125,1,,,,,,,,0,0,,,-1,,,,,,,,,,,,,,,,,,,77571877,0,0,0,2048,0,0,2048,0,1,0,0,2048,2048,0,1,0,local_kv,2,2,2592,2592,339738624,0,0,0,0,0,77571877,0,0,,-1,0,,0,,0,0,,
2,90,meta-llama/Llama-3.1-8B,3115,376,2178077689,9437841756,7259764067,2003350,194570153,18840517,"[21937418, 21938282, 21939146, 21940010, 21940874, 21941770, 21942666, 21943530, 21944394, 21945258, 21946122, 21947018, 21947882, 21948746, 21949610, 21950506, 21951370, 21952266, 21953130, 21953994, 21954858, 21955722, 21956586, 21957482, 21958346, 21959210, 21960074, 21960938, 21961802, 21962698, 21963562, 21964426, 21965258, 21966122, 21967018, 21967882, 21968746, 21969610, 21970474, 21971338, 21972234, 21973098, 21973962, 21974794, 21975658, 21976522, 21977418, 21978282, 21979146, 21979978, 21590457, 21591193, 21591961, 21592729, 21593497, 21594297, 21595065, 21595801, 21596569, 21597337, 21598105, 21598873, 21599673, 21600409, 21601177, 21601945, 21602713, 21603449, 21604249, 21605017, 21605785, 21606521, 21607289, 21608057, 21608857, 21609593, 21610361, 21611129, 21611865, 21612633, 21613433, 21614169, 21614937, 21615705, 21616441, 21617209, 21618009, 21179084, 21180268, 21181516, 21182764, 21183980, 21185228, 21186412, 21187660, 21188908, 21190124, 21191372, 21192556, 21193804, 21195020, 21196268, 21197452, 21198700, 21199916, 21201164, 21202380, 21203596, 21204812, 21206028, 21207276, 21208492, 21209708, 21210924, 21212172, 21213388, 21214604, 21215820, 21217036, 21218252, 21219500, 21220716, 21221900, 20678147, 20679139, 20680099, 20681091, 20682083, 19987955, 19577190, 19577670, 19578182, 19578694, 19579238, 19579750, 19580262, 19580742, 19581286, 19581798, 19582310, 19582822, 19583334, 19583814, 18448303, 18448623, 18449007, 18449391, 18449775, 18450159, 18450543, 18450895, 18451279, 18451631, 18452015, 18452399, 18452751, 18453135, 18453519, 18453903, 18454255, 18454607, 18454991, 18455375, 18455759, 18456143, 18456495, 18456847, 18457231, 18457615, 18457999, 17110502, 17110566, 17110630, 17110662, 17110726, 17110790, 17110854, 17110918, 17110982, 17111046, 17111110, 17111174, 17111238, 17111302, 17111366, 17111430, 17111494, 17111558, 17111622, 17111686, 17111750, 17111782, 17111846, 17111910, 17111974, 17112038, 17112102, 17112166, 17112230, 17112294, 17112358, 17112422, 17112486, 17112550, 17112614, 17112678, 17112742, 17112774, 17112838, 17112902, 17112966, 17113030, 17113094, 17113158, 17113222, 17113286, 17113350, 17113414, 17113478, 17113542, 17113606, 17113638, 17113702, 17113766, 17113830, 17113894, 17113958, 17114022, 17114086, 17114150, 17114214, 17114278, 17114342, 17114406, 17114438, 17114502, 17114566, 17114630, 17114694, 17114758, 17114822, 17114886, 17114950, 17115014, 17115078, 17115110, 17115174, 17115238, 17115302, 17115366, 17115430, 17115494, 17115558, 17115622, 17115686, 17115750, 17115782, 17115846, 17115910, 17115974, 17116038, 17116102, 17116166, 17116230, 17116294, 17116358, 17116390, 17116454, 17116518, 17116582, 17116646, 17116710, 17116774, 17116838, 17116902, 17116966, 17116998, 17117062, 17117126, 17117190, 17117254, 17117318, 17117382, 17117446, 17117510, 17117542, 17117606, 17117670, 17117734, 17117798, 17117862, 17117926, 17117990, 17118022, 17118086, 17118150, 17118214, 17118278, 17118342, 17118406, 17118470, 17118534, 17118566, 17118630, 17118694, 17118758, 17118822, 17118886, 17118950, 17119014, 17119046, 17119110, 17119174, 17119238, 17119302, 17119366, 17119430, 17119494, 17119526, 17119590, 17119654, 17119718, 17119782, 17119846, 17119910, 17119942, 17120006, 17120070, 17120134, 17120198, 17120262, 17120326, 17120390, 17120422, 17120486, 17120550, 17120614, 17120678, 17120742, 17120806, 17120838, 17120902, 17120966, 17121030, 17121094, 17121158, 17121222, 17121254, 17121318, 17121382, 17121446, 17121510, 17121574, 17121606, 17121670, 17121734, 17121798, 17121862, 17121926, 17121990, 17122022, 17122086, 17122150, 17122214, 17122278, 17122342, 17122374, 17122438, 17122502, 17122566, 17122630, 17122694, 17122758, 17122790, 17122854]",13951,2,383.7178656772021,68.89175820152005,467.7071733467427,124.72191289246473,100.85241680606154,100.0,12960,100,504,1036800,1037304,504,8000,8504,1045808,2177040385,2178077689,2180081039,2372647842,2372656346,9437841756,2003350,192566803,194570153,195615961,0,7065193914,7065193914,7260801371,prefill,decode,0.005346230413171654,0.010241239977345202,0.9844125296094831,0.9730586581431455,2,0,0,0,,,,,,,,,-1,2178379786,0,12,0,2,0,7,128,459276288,6077014016,3760193536,9709281280,5949087744,0.43458106757001896,0.0625,1,12,10,17,8,50,10,37216256,9027706880,0.117501044114359,1.0434697502140962,1,8,10,128,459276288,3203915776,9640607744,9709281280,68673536,1.0402298317182959,0.0859375,0,2,0,7,128,459276288,5873590272,3760193536,9709281280,5949087744,0.43458106757001896,0.0625,1,,,,,,,,0,0,,,-1,,,,,,,,,,,,,,,,,,,2178077689,0,7,7,2048,0,7,2041,0,1,0,0,2048,1563,7,8,0,local_kv,2,2,1552,1552,203423744,0,0,0,0,0,2178077689,0,0,,-1,0,,0,,0,0,,
3,47,meta-llama/Llama-3.1-8B,3474,44,1165952174,2499552939,1333600765,421921277,468852972,20110413,"[20096371, 20097043, 20097715, 20098387, 20099027, 20099731, 20100403, 20101043, 20101747, 20102419, 20103059, 20103731, 20104403, 20105075, 20105747, 20106419, 20107091, 20107763, 20108403, 20109075, 20109779, 20110419, 20111091, 20111763, 20112435, 20113107, 20113747, 20114419, 20115091, 20115763, 20116435, 20117107, 20117747, 20118419, 20119091, 20119763, 20120435, 20121107, 20121747, 20122419, 20123091, 20123731, 20124435]",22329,3,631.9193959121844,139.06469951609674,654.7900426854399,124.72191289246473,26.995962882587765,100.0,14396,100,135,1151680,1151815,135,8000,8135,1159950,1164800359,1165952174,1313530939,1634805146,1634813281,2499552939,147578765,321274207,468852972,470012922,0,864747793,864747793,1334752580,prefill,decode,0.0024679108716079085,0.3139887396542685,0.6835433494741237,0.6478672793422752,3,0,0,0,,,,,,,,,-1,1165955077,0,12,0,3,0,3,128,461373440,8130125824,2030043136,9709281280,7679238144,0.25660154486738695,0.03125,1,12,12,18,10,28,6,519561216,9709281280,0.04751880460507165,0.9940069945115443,2,2,5,128,461373440,6871834624,3760193536,9709281280,5949087744,0.4347970621364056,0.046875,1,3,0,3,128,461373440,7903633408,2030043136,9709281280,7679238144,0.25660154486738695,0.03125,1,,,,,,,,0,0,,,-1,,,,,,,,,,,,,,,,,,,1165952174,0,3,2,2048,2046,2,0,0,1,0,0,2048,2046,2,4,0,local_kv,3,3,1728,1728,226492416,0,0,0,0,0,1165952174,0,0,,-1,0,,0,,0,0,,
3,2,meta-llama/Llama-3.1-8B,3009,229,50492273,5533187591,5482695318,1430282,171377694,23295252,"[17092454, 17092550, 17092614, 17092678, 17092742, 17092806, 17092870, 17092934, 17092998, 17093094, 17093158, 17093222, 17093286, 17093350, 17093414, 17093478, 17093542, 17093638, 17093702, 17093766, 17093830, 17093894, 17093958, 243360082, 157955992, 18607631, 18607983, 18608335, 241376971, 274342512, 46931695, 20096371, 20097043, 20097715, 20098387, 20099027, 20099731, 20100403, 20101043, 20101747, 20102419, 20103059, 20103731, 20104403, 20105075, 20105747, 20106419, 20107091, 20107763, 20108403, 20109075, 20109779, 20110419, 20111091, 20111763, 20112435, 20113107, 20113747, 20114419, 20115091, 20115763, 20116435, 20117107, 20117747, 20118419, 20119091, 20119763, 20120435, 20121107, 20121747, 20122419, 20123091, 20123731, 20124435, 19661254, 19661766, 19662246, 19662758, 19663270, 19663750, 19664230, 19664742, 19665254, 19665734, 19666214, 19666726, 19667238, 19667718, 19668198, 19668710, 19669222, 19669702, 19670214, 19670694, 19671174, 19671686, 19672198, 19672678, 19673158, 19673670, 19674150, 19674662, 19675142, 19675654, 19676134, 19676646, 19677126, 19677606, 19678118, 19678598, 19679110, 19679622, 19680070, 19680582, 19681094, 19681574, 19682086, 19682534, 19683046, 19683558, 19684038, 19684518, 19685030, 19685510, 19686022, 19686502, 19686982, 19687494, 19687974, 19688486, 19688966, 19689446, 19689926, 19690438, 19690950, 19691430, 19691910, 19692390, 19692902, 19693382, 19693862, 19694342, 19694854, 19695366, 19695846, 19696326, 19696806, 19697318, 19697798, 19698310, 19698758, 19699270, 19699750, 19700262, 19700742, 19701222, 19701702, 19702214, 19702694, 19703206, 19703654, 19704166, 19704646, 19705158, 19705606, 19706118, 19706598, 19707110, 19707590, 19708038, 19708550, 19709030, 19709542, 19710022, 19710502, 19710982, 19711494, 19711974, 19712454, 19712934, 19713414, 19713926, 19714406, 19714918, 19715366, 19715846, 19716358, 19716838, 19717318, 19717798, 19718278, 19718790, 19719270, 19719750, 19720230, 19720710, 19721222, 19721702, 19722150, 19722662, 19723142, 19723654, 19724134, 19724582, 19725094, 19725574, 19726054, 19726566, 19727014, 19727494, 19728006, 19728486, 19728966, 19729446, 19729926, 19730406, 19730918, 19731398, 19731846, 19732358, 19732838, 19733318, 19733798, 19734278, 19734758, 19735238, 19735750, 19736230]",4896,3,580.1359894854751,59.08900233668413,654.7900426854399,124.72191289246473,99.40274949520393,100.0,12536,100,497,1002880,1003377,497,8000,8497,1011874,49488896,50492273,51922555,221869967,221878464,5533187591,1430282,169947412,171377694,172389568,0,5311317624,5311317624,5483698695,prefill,decode,0.00586969392486673,0.008296801347051349,0.985833504728082,0.9685633163908727,3,0,0,0,,,,,,,,,-1,51922555,0,12,0,3,0,0,128,425721856,9709281280,0,9709281280,9709281280,0.043846896976497934,0.0078125,1,12,12,1,1,1,1,8778145792,9709281280,0.043846896976497934,0.139748484452188,2,0,0,128,425721856,9709281280,0,9709281280,9709281280,0.043846896976497934,0.0078125,1,3,0,0,128,425721856,9512148992,0,9709281280,9709281280,0.043846896976497934,0.0078125,1,,,,,,,,0,0,,,-1,,,,,,,,,,,,,,,,,,,50492273,0,0,0,2048,0,0,2048,0,1,0,0,2048,1505,0,1,0,local_kv,3,3,1504,1504,197132288,0,0,0,0,0,50492273,0,0,,-1,0,,0,,0,0,,
3,44,meta-llama/Llama-3.1-8B,5220,206,1054847205,5666070032,4611222827,258683734,533026246,19893641,"[46931695, 20096371, 20097043, 20097715, 20098387, 20099027, 20099731, 20100403, 20101043, 20101747, 20102419, 20103059, 20103731, 20104403, 20105075, 20105747, 20106419, 20107091, 20107763, 20108403, 20109075, 20109779, 20110419, 20111091, 20111763, 20112435, 20113107, 20113747, 20114419, 20115091, 20115763, 20116435, 20117107, 20117747, 20118419, 20119091, 20119763, 20120435, 20121107, 20121747, 20122419, 20123091, 20123731, 20124435, 19661254, 19661766, 19662246, 19662758, 19663270, 19663750, 19664230, 19664742, 19665254, 19665734, 19666214, 19666726, 19667238, 19667718, 19668198, 19668710, 19669222, 19669702, 19670214, 19670694, 19671174, 19671686, 19672198, 19672678, 19673158, 19673670, 19674150, 19674662, 19675142, 19675654, 19676134, 19676646, 19677126, 19677606, 19678118, 19678598, 19679110, 19679622, 19680070, 19680582, 19681094, 19681574, 19682086, 19682534, 19683046, 19683558, 19684038, 19684518, 19685030, 19685510, 19686022, 19686502, 19686982, 19687494, 19687974, 19688486, 19688966, 19689446, 19689926, 19690438, 19690950, 19691430, 19691910, 19692390, 19692902, 19693382, 19693862, 19694342, 19694854, 19695366, 19695846, 19696326, 19696806, 19697318, 19697798, 19698310, 19698758, 19699270, 19699750, 19700262, 19700742, 19701222, 19701702, 19702214, 19702694, 19703206, 19703654, 19704166, 19704646, 19705158, 19705606, 19706118, 19706598, 19707110, 19707590, 19708038, 19708550, 19709030, 19709542, 19710022, 19710502, 19710982, 19711494, 19711974, 19712454, 19712934, 19713414, 19713926, 19714406, 19714918, 19715366, 19715846, 19716358, 19716838, 19717318, 19717798, 19718278, 19718790, 19719270, 19719750, 19720230, 19720710, 19721222, 19721702, 19722150, 19722662, 19723142, 19723654, 19724134, 19724582, 19725094, 19725574, 19726054, 19726566, 19727014, 19727494, 19728006, 19728486, 19728966, 19729446, 19729926, 19730406, 19730918, 19731398, 19731846, 19732358, 19732838, 19733318, 19733798, 19734278, 19734758, 19735238, 19735750, 19736230, 18982383, 18982671, 18982927, 18983215, 18983471, 18983759, 18984015]",14191,3,672.2310761053119,122.23335375588672,654.7900426854399,124.72191289246473,17.617677864274263,100.0,21380,100,88,1710400,1710488,88,8000,8088,1718576,1053136717,1054847205,1072153968,1587873451,1587881539,5666070032,17306763,515719483,533026246,534744822,0,4078196581,4078196581,4612933315,prefill,decode,0.00321382448094093,0.03236452657039473,0.9644216489486643,0.8840772567255609,3,0,0,0,,,,,,,,,-1,1055013211,0,12,0,3,0,2,128,713031680,8471961600,1317011456,9709281280,8392269824,0.20908274026231527,0.0234375,1,12,11,17,10,27,6,519561216,9709281280,0.07343815257147437,1.019926342477947,2,1,5,128,713031680,7073161216,3336568832,9709281280,6372712448,0.4170855076926971,0.046875,1,3,0,2,128,713031680,8130125824,1317011456,9709281280,8392269824,0.20908274026231527,0.0234375,1,,,,,,,,0,0,,,-1,,,,,,,,,,,,,,,,,,,1054847205,0,2,2,2048,0,2,2046,0,1,0,0,2048,2046,2,3,0,local_kv,3,3,2608,2608,341835776,0,0,0,0,0,1054847205,0,0,,-1,0,,0,,0,0,,
3,27,meta-llama/Llama-3.1-8B,6419,367,598506060,8390552632,7792046572,259867967,417823959,20148149,"[18607631, 18607983, 18608335, 241376971, 274342512, 46931695, 20096371, 20097043, 20097715, 20098387, 20099027, 20099731, 20100403, 20101043, 20101747, 20102419, 20103059, 20103731, 20104403, 20105075, 20105747, 20106419, 20107091, 20107763, 20108403, 20109075, 20109779, 20110419, 20111091, 20111763, 20112435, 20113107, 20113747, 20114419, 20115091, 20115763, 20116435, 20117107, 20117747, 20118419, 20119091, 20119763, 20120435, 20121107, 20121747, 20122419, 20123091, 20123731, 20124435, 19661254, 19661766, 19662246, 19662758, 19663270, 19663750, 19664230, 19664742, 19665254, 19665734, 19666214, 19666726, 19667238, 19667718, 19668198, 19668710, 19669222, 19669702, 19670214, 19670694, 19671174, 19671686, 19672198, 19672678, 19673158, 19673670, 19674150, 19674662, 19675142, 19675654, 19676134, 19676646, 19677126, 19677606, 19678118, 19678598, 19679110, 19679622, 19680070, 19680582, 19681094, 19681574, 19682086, 19682534, 19683046, 19683558, 19684038, 19684518, 19685030, 19685510, 19686022, 19686502, 19686982, 19687494, 19687974, 19688486, 19688966, 19689446, 19689926, 19690438, 19690950, 19691430, 19691910, 19692390, 19692902, 19693382, 19693862, 19694342, 19694854, 19695366, 19695846, 19696326, 19696806, 19697318, 19697798, 19698310, 19698758, 19699270, 19699750, 19700262, 19700742, 19701222, 19701702, 19702214, 19702694, 19703206, 19703654, 19704166, 19704646, 19705158, 19705606, 19706118, 19706598, 19707110, 19707590, 19708038, 19708550, 19709030, 19709542, 19710022, 19710502, 19710982, 19711494, 19711974, 19712454, 19712934, 19713414, 19713926, 19714406, 19714918, 19715366, 19715846, 19716358, 19716838, 19717318, 19717798, 19718278, 19718790, 19719270, 19719750, 19720230, 19720710, 19721222, 19721702, 19722150, 19722662, 19723142, 19723654, 19724134, 19724582, 19725094, 19725574, 19726054, 19726566, 19727014, 19727494, 19728006, 19728486, 19728966, 19729446, 19729926, 19730406, 19730918, 19731398, 19731846, 19732358, 19732838, 19733318, 19733798, 19734278, 19734758, 19735238, 19735750, 19736230, 18982383, 18982671, 18982927, 18983215, 18983471, 18983759, 18984015, 17457382, 17457446, 17457542, 17457638, 17457734, 17457830, 17457926, 17458022, 17458118, 17458214, 17458310, 17458406, 17458502, 17458598, 17458694, 17458790, 17458886, 17458982, 17459078, 17459174, 17459238, 17459334, 17459430, 17459526, 17459622, 17459718, 17459814, 17459910, 17460006, 17460102, 17460198, 17460294, 17460390, 17460486, 17460582, 17460678, 17460774, 17460838, 17460934, 17461030, 17461126, 17461222, 17461318, 17461414, 17461510, 17461606, 17461702, 17461798, 17461894, 17461990, 17462086, 17462182, 17462246, 17462342, 17462438, 17462534, 17462630, 17462726, 17462822, 17462918, 17463014, 17463110, 17463206, 17463302, 17463398, 17463494, 17463558, 17463654, 17463750, 17463846, 17463942, 17464038, 17464134, 17464230, 17464326, 17464422, 17464518, 17464614, 17464678, 17464774, 17464870, 17464966, 17465062, 17465158, 17465254, 17465350, 17465446, 17465542, 17465638, 17465734, 17465798, 17465894, 17465990, 17466086, 17466182, 17466278, 17466374, 17466470, 17466566, 17466662, 17466758, 17466822, 17466918, 17467014, 17467110, 17467206, 17467302, 17467398, 17467494, 17467590, 17467686, 17467782, 17467846, 17467942, 17468038, 17468134, 17468230, 17468326, 17468422, 17468518, 17468614, 17468710, 17468774, 17468870, 17468966, 17469062, 17469158, 17469254, 17469350, 17469446, 17469542, 17469638, 17469702, 17469798, 17469894, 17469990, 17470086, 17470182, 17470278, 17470374, 17470470, 17470534, 17470630, 17470726, 17470822, 17470918, 17471014, 17471110, 17471206, 17471302, 17471366, 17471462, 17471558, 17471654, 17471750, 17471846]",7951,3,619.816998099087,150.71966706139588,654.7900426854399,124.72191289246473,43.57748351462261,100.0,26176,100,218,2094080,2094298,218,8000,8218,2102516,596411762,598506060,615013945,1016330019,1016338237,8390552632,16507885,401316074,417823959,419926475,0,7374222613,7374222613,7794140870,prefill,decode,0.005006866975939062,0.03931136992493745,0.9556817630991234,0.9461228582801263,3,0,0,0,,,,,,,,,-1,598518062,0,12,0,3,0,1,128,891289600,9312919552,425721856,9709281280,9283559424,0.1356445876908409,0.015625,1,12,12,12,5,15,4,4812431360,9709281280,0.09179769071434296,0.5961450032272626,2,0,3,128,891289600,8371298304,1633681408,9709281280,8075599872,0.26005745792957397,0.03125,1,3,0,1,128,891289600,8893489152,425721856,9709281280,9283559424,0.1356445876908409,0.015625,1,,,,,,,,0,0,,,-1,,,,,,,,,,,,,,,,,,,598506060,0,1,1,2048,0,1,2047,0,1,0,0,2048,2047,1,2,0,local_kv,3,3,3200,3200,419430400,0,0,0,0,0,598506060,0,0,,-1,0,,0,,0,0,,
4,48,meta-llama/Llama-3.1-8B,3500,88,1169742840,3290587907,2120845067,82479495,283931029,21113954,"[18224687, 18224911, 18225135, 18225359, 18225583, 18225807, 18226031, 18226255, 18226479, 18226703, 18226927, 18227151, 18227375, 18227599, 18227823, 18228015, 18228239, 18228463, 18228687, 18228911, 18229135, 18229359, 18229583, 18229807, 18230031, 18230255, 18230479, 18230703, 18230927, 18231119, 18231343, 18231567, 18231791, 18232015, 18232239, 229069879, 19007238, 19007590, 19007974, 19008358, 19008742, 19009126, 19009478, 19009862, 19010246, 19010630, 19011014, 19011366, 19011750, 19012134, 19012518, 19012870, 19013254, 19013638, 19014022, 19014374, 19014758, 19015142, 19015526, 19015878, 19016262, 19016646, 19017030, 19017382, 19017766, 19018150, 19018534, 19018886, 19019238, 19019622, 19019974, 19020358, 19020742, 19021126, 19021478, 19021862, 19022246, 19022598, 19022982, 19023366, 19023718, 19024102, 19024486, 19024838, 19025222, 19025606, 19025958]",10505,4,142.98321303914224,274.47771148821084,93.54143466934855,374.16573867739424,111.27529920534552,100.0,14500,100,556,1160000,1160556,556,8000,8556,1169112,1168582284,1169742840,1252222335,1453673869,1453682425,3290587907,82479495,201451534,283931029,285100141,0,1836914038,1836914038,2122005623,prefill,decode,0.004100706495266167,0.289300084912971,0.7065992085917628,0.8656464486328957,4,0,0,0,,,,,,,,,-1,1169833093,0,12,0,4,0,1,128,471859200,9478594560,482344960,9709281280,9226936320,0.09827752770594365,0.015625,1,12,12,19,10,28,6,519561216,9709281280,0.0485987774370051,0.9950869673434778,0,10,5,128,471859200,4890025984,9189720064,9709281280,519561216,0.9950869673434778,0.046875,1,4,0,1,128,471859200,9250004992,482344960,9709281280,9226936320,0.09827752770594365,0.015625,1,,,,,,,,0,0,,,-1,,,,,,,,,,,,,,,,,,,1169742840,0,1,0,2048,1780,0,268,0,1,0,0,2048,1756,1,2,0,local_kv,4,4,1744,1744,228589568,0,0,0,0,0,1169742840,0,0,,-1,0,,0,,0,0,,
4,43,meta-llama/Llama-3.1-8B,3540,130,1051369421,4040152842,2988783421,59274,200852914,21611864,"[201451534, 18224687, 18224911, 18225135, 18225359, 18225583, 18225807, 18226031, 18226255, 18226479, 18226703, 18226927, 18227151, 18227375, 18227599, 18227823, 18228015, 18228239, 18228463, 18228687, 18228911, 18229135, 18229359, 18229583, 18229807, 18230031, 18230255, 18230479, 18230703, 18230927, 18231119, 18231343, 18231567, 18231791, 18232015, 18232239, 229069879, 19007238, 19007590, 19007974, 19008358, 19008742, 19009126, 19009478, 19009862, 19010246, 19010630, 19011014, 19011366, 19011750, 19012134, 19012518, 19012870, 19013254, 19013638, 19014022, 19014374, 19014758, 19015142, 19015526, 19015878, 19016262, 19016646, 19017030, 19017382, 19017766, 19018150, 19018534, 19018886, 19019238, 19019622, 19019974, 19020358, 19020742, 19021126, 19021478, 19021862, 19022246, 19022598, 19022982, 19023366, 19023718, 19024102, 19024486, 19024838, 19025222, 19025606, 19025958, 18277903, 18278127, 18278319, 18278511, 18278735, 18278927, 18279183, 18279375, 18279599, 18279791, 18280015, 18280207, 18280431, 18280623, 18280847, 18281039, 18281263, 18281455, 18281647, 18281871, 18282063, 18282287, 18282479, 18282703, 18282895, 18283119, 18283311, 18283503, 18283727, 18283919, 18284143, 18284335, 18284591, 18284783, 18284975, 18285199, 18285391, 18285615, 18285807, 18285999, 18286223]",25326,4,163.38105250872792,270.2799687303001,93.54143466934855,374.16573867739424,125.17917325757959,100.0,14660,100,626,1172800,1173426,626,8000,8626,1182052,1050195995,1051369421,1051428695,1252222335,1252230961,4040152842,59274,200793640,200852914,202034966,0,2787930507,2787930507,2989956847,prefill,decode,0.0058507298187186075,0.0002933848589357547,0.9938558853223456,0.9324289969819327,4,0,0,0,,,,,,,,,-1,1051428695,0,12,0,4,0,0,128,482344960,9709281280,0,9709281280,9709281280,0.049678750268938546,0.0078125,1,12,12,17,10,26,6,519561216,9709281280,0.049678750268938546,0.9961669401754112,5,0,1,128,482344960,9277267968,480247808,9709281280,9229033472,0.0991415059714904,0.015625,1,4,0,0,128,482344960,9478594560,0,9709281280,9709281280,0.049678750268938546,0.0078125,1,,,,,,,,0,0,,,-1,,,,,,,,,,,,,,,,,,,1051369421,0,0,0,2048,0,0,2048,0,1,0,0,2048,1780,0,1,0,local_kv,4,4,1760,1760,230686720,0,0,0,0,0,1051369421,0,0,,-1,0,,0,,0,0,,
4,84,meta-llama/Llama-3.1-8B,3893,325,2086287626,8021083130,5934795504,5382736,234452615,17593650,"[19007238, 19007590, 19007974, 19008358, 19008742, 19009126, 19009478, 19009862, 19010246, 19010630, 19011014, 19011366, 19011750, 19012134, 19012518, 19012870, 19013254, 19013638, 19014022, 19014374, 19014758, 19015142, 19015526, 19015878, 19016262, 19016646, 19017030, 19017382, 19017766, 19018150, 19018534, 19018886, 19019238, 19019622, 19019974, 19020358, 19020742, 19021126, 19021478, 19021862, 19022246, 19022598, 19022982, 19023366, 19023718, 19024102, 19024486, 19024838, 19025222, 19025606, 19025958, 18277903, 18278127, 18278319, 18278511, 18278735, 18278927, 18279183, 18279375, 18279599, 18279791, 18280015, 18280207, 18280431, 18280623, 18280847, 18281039, 18281263, 18281455, 18281647, 18281871, 18282063, 18282287, 18282479, 18282703, 18282895, 18283119, 18283311, 18283503, 18283727, 18283919, 18284143, 18284335, 18284591, 18284783, 18284975, 18285199, 18285391, 18285615, 18285807, 18285999, 18286223, 17150150, 17150214, 17150246, 17150310, 17150374, 17150406, 17150470, 17150502, 17150566, 17150630, 17150662, 17150726, 17150758, 17150822, 17150886, 17150918, 17150982, 17151046, 17151078, 17151142, 17151174, 17151238, 17151302, 17151334, 17151398, 17151430, 17151494, 17151558, 17151590, 17151654, 17151686, 17151750, 17151814, 17151846, 17151910, 17151942, 17152006, 17152070, 17152102, 17152166, 17152198, 17152262, 17152294, 17152358, 17152422, 17152454, 17152518, 17152550, 17152614, 17152678, 17152710, 17152774, 17152806, 17152870, 17152934, 17152966, 17153030, 17153062, 17153126, 17153190, 17153222, 17153286, 17153318, 17153382, 17153414, 17153478, 17153542, 17153574, 17153638, 17153670, 17153734, 17153798, 17153830, 17153894, 17153926, 17153990, 17154022, 17154086, 17154150, 17154182, 17154246, 17154278, 17154342, 17154374, 17154438, 17154502, 17154534, 17154598, 17154630, 17154694, 17154758, 17154790, 17154854, 17154886, 17154950, 17154982, 17155046, 17155110, 17155142, 17155206, 17155238, 17155302, 17155334, 17155398, 17155462, 17155494, 17155558, 17155590, 17155654, 17155686, 17155750, 17155814, 17155942, 17156102, 17156262, 17156422, 17156550, 17156710, 17156870, 17157030, 17157158, 17157318, 17157478, 17157638, 17157798, 17157926, 17158086, 17158246, 17158406, 17158534, 17158694, 17158854, 17159014, 17159142, 17159302, 17159462, 17159622, 17159750, 17159910, 17160070, 17160230, 17160358, 17160518, 17160678, 17160838, 17160966, 17161126, 17161286, 17161446, 17161574, 17161734, 17161894, 17162022, 17162182, 17162342, 17162502, 17162630, 17162790, 17162950, 17163110, 17163238, 17163398, 17163558, 17163686, 17163846, 17164006, 17164166, 17164294, 17164454, 17164614, 17164742, 17164902, 17165062, 17165222, 17165350, 17165510, 17165670, 17165798, 17165958, 17166118, 17166246, 17166406, 17166566, 17166726, 17166854, 17167014, 17167174, 17167302, 17167462, 17167622, 17167750, 17167910, 17168070, 17168230, 17168358, 17168518, 17168678, 17168806, 17168966, 17169126, 17169254, 17169414, 17169574, 17169702, 17169862, 17170022, 17170150, 17170310, 17170470, 17170598, 17170758, 17170918, 17171046, 17171206, 17171366, 17171494, 17171654, 17171814, 17171942, 17172102, 17172262, 17172390, 17172550, 17172710, 17172838, 17172998, 17173158, 17173286, 17173446, 17173574, 17173734, 17173894]",26070,4,113.63287440585295,255.0448364454395,93.54143466934855,374.16573867739424,120.80337453581546,100.0,16072,100,604,1285760,1286364,604,8000,8604,1294968,2085001262,2086287626,2091670362,2320740241,2320748845,8021083130,5382736,229069879,234452615,235747583,0,5700342889,5700342889,5936081868,prefill,decode,0.005493027684614692,0.02283262433278054,0.9716743479826048,0.9602857159755229,4,0,0,0,,,,,,,,,-1,2090744664,0,12,0,4,0,2,128,553648128,8780242944,954204160,9709281280,8755077120,0.15530009323202962,0.0234375,1,12,10,16,8,48,10,37216256,9027706880,0.12722079960176003,1.0531895057014973,0,8,8,128,553648128,3589791744,9672065024,9709281280,37216256,1.0531895057014973,0.0703125,0,4,0,2,128,553648128,8526487552,954204160,9709281280,8755077120,0.15530009323202962,0.0234375,1,,,,,,,,0,0,,,-1,,,,,,,,,,,,,,,,,,,2086287626,0,2,2,2048,0,2,2046,0,1,0,0,2048,1957,2,3,0,local_kv,4,4,1936,1936,253755392,0,0,0,0,0,2086287626,0,0,,-1,0,,0,,0,0,,
5,65,meta-llama/Llama-3.1-8B,4451,170,1599471304,5868000867,4268529563,469035819,559838331,21944918,"[20411523, 20412099, 189021906, 20898348, 20899052, 20899756, 20900492, 20901196, 20901932, 20902668, 20903372, 20904076, 20904780, 20905516, 20906252, 20906956, 20907660, 20908396, 20909100, 20909836, 20910540, 20911276, 20911980, 20912684, 20913388, 20914124, 20914860, 20915564, 20916268, 20916972, 20917708, 20918412, 20919148, 20919852, 20920556, 20921260, 20921996, 20922700, 20923404, 20924140, 20924844, 20925580, 20926284, 20926988, 20927692, 20928396, 20929132, 20929836, 20930540, 20931244, 20931948, 20932652, 20933388, 20934124, 20934828, 20935532, 20936236, 20936972, 20937676, 20938380, 20939084, 20939788, 20940492, 20941228, 20941900, 20942604, 20943308, 20944012, 20944748, 20945452, 20946156, 20946860, 20947564, 20948300, 20949004, 20949708, 20950412, 20951116, 20951788, 20952524, 20953228, 20953932, 20954636, 20955340, 20956076, 20956780, 20957452, 20958156, 20958860, 20959564, 20960300, 20961004, 20961676, 20962380, 20963084, 20963820, 20964524, 20965196, 20965900, 20966604, 20967308, 20968012, 20968716, 20969420, 20970124, 20970796, 20971532, 20972236, 20972940, 20973612, 20974316, 20975052, 20975724, 20976428, 20977132, 20977804, 20978508, 20979244, 20979916, 20980620, 20981324, 20981996, 20982732, 20983436, 20984108, 20984812, 20985516, 20986188, 20986924, 20987596, 20988300, 20989004, 20989676, 20990412, 20991084, 20991788, 20992492, 20993164, 20993868, 20994572, 20995276, 20995948, 20996652, 20997324, 20998060, 20998732, 20999436, 21000108, 21000812, 21001516, 21002220, 21002892, 21003596, 21004268, 21004972, 21005676, 21006380, 21007052, 21007756, 21008428, 21009164, 21009836, 21010508, 21011212, 21011884, 21012588, 21013292, 21013964, 21014668]",5945,5,266.8322924881743,263.32159750989734,280.62430400804567,374.16573867739424,111.6988953075376,100.0,18304,100,558,1464320,1464878,558,8000,8558,1473436,1598006426,1599471304,1791827972,2159309635,2159318193,5868000867,192356668,367481663,559838331,561311767,0,3708691232,3708691232,4269994441,prefill,decode,0.0026249868373060493,0.34269131578707845,0.6546836973756155,0.8685453459560908,5,0,0,0,,,,,,,,,-1,1599474495,0,12,0,5,0,4,128,606076928,8039948288,2445279232,9709281280,7264002048,0.31427209409263296,0.0390625,1,12,10,19,9,40,9,37216256,9709281280,0.06242242968575322,1.0585893698611644,1,9,9,128,606076928,3738689536,9640607744,9709281280,68673536,1.055349451365364,0.078125,0,5,0,4,128,606076928,7748444160,2445279232,9709281280,7264002048,0.31427209409263296,0.0390625,1,,,,,,,,0,0,,,-1,,,,,,,,,,,,,,,,,,,1599471304,0,4,3,2048,2045,3,0,0,1,0,0,2048,2045,3,5,0,local_kv,5,5,2224,2224,291504128,0,0,0,0,0,1599471304,0,0,,-1,0,,0,,0,0,,
5,11,meta-llama/Llama-3.1-8B,3281,368,359213096,9090923933,8731710837,20480,187768718,23280496,"[17110246, 17110310, 17110374, 17110438, 17110502, 17110566, 17110630, 17110662, 17110726, 17110790, 17110854, 17110918, 17110982, 17111046, 17111110, 17111174, 17111238, 17111302, 17111366, 17111430, 17111494, 17111558, 17111622, 17111686, 17111750, 17111782, 17111846, 17111910, 17111974, 17112038, 17112102, 17112166, 17112230, 17112294, 200263055, 203878717, 18903078, 240018192, 276679151, 90802512, 20411523, 20412099, 189021906, 20898348, 20899052, 20899756, 20900492, 20901196, 20901932, 20902668, 20903372, 20904076, 20904780, 20905516, 20906252, 20906956, 20907660, 20908396, 20909100, 20909836, 20910540, 20911276, 20911980, 20912684, 20913388, 20914124, 20914860, 20915564, 20916268, 20916972, 20917708, 20918412, 20919148, 20919852, 20920556, 20921260, 20921996, 20922700, 20923404, 20924140, 20924844, 20925580, 20926284, 20926988, 20927692, 20928396, 20929132, 20929836, 20930540, 20931244, 20931948, 20932652, 20933388, 20934124, 20934828, 20935532, 20936236, 20936972, 20937676, 20938380, 20939084, 20939788, 20940492, 20941228, 20941900, 20942604, 20943308, 20944012, 20944748, 20945452, 20946156, 20946860, 20947564, 20948300, 20949004, 20949708, 20950412, 20951116, 20951788, 20952524, 20953228, 20953932, 20954636, 20955340, 20956076, 20956780, 20957452, 20958156, 20958860, 20959564, 20960300, 20961004, 20961676, 20962380, 20963084, 20963820, 20964524, 20965196, 20965900, 20966604, 20967308, 20968012, 20968716, 20969420, 20970124, 20970796, 20971532, 20972236, 20972940, 20973612, 20974316, 20975052, 20975724, 20976428, 20977132, 20977804, 20978508, 20979244, 20979916, 20980620, 20981324, 20981996, 20982732, 20983436, 20984108, 20984812, 20985516, 20986188, 20986924, 20987596, 20988300, 20989004, 20989676, 20990412, 20991084, 20991788, 20992492, 20993164, 20993868, 20994572, 20995276, 20995948, 20996652, 20997324, 20998060, 20998732, 20999436, 21000108, 21000812, 21001516, 21002220, 21002892, 21003596, 21004268, 21004972, 21005676, 21006380, 21007052, 21007756, 21008428, 21009164, 21009836, 21010508, 21011212, 21011884, 21012588, 21013292, 21013964, 21014668, 20351331, 20351939, 20352515, 20353123, 20353731, 20354371, 20354979, 20355555, 20356163, 20356771, 20357379, 20357955, 20358563, 20359203, 20359811, 20360387, 20360995, 20361603, 20362211, 20362787, 20363395, 20364035, 20364611, 20365219, 20365827, 20366403, 20367011, 20367619, 20368227, 20368835, 20369443, 20370019, 20370627, 20371235, 20371811, 20372419, 20373027, 20373635, 20374243, 20374851, 20375427, 20376035, 20376611, 20377219, 20377859, 20378435, 20379043, 20379619, 20380227, 20380803, 20381411, 20382019, 20382627, 20383235, 20383811, 20384419, 20384995, 20385603, 20386179, 20386787, 20387395, 20388003, 20388579, 20389187, 20389763, 20390371, 20390947, 20391555, 20392163, 20392771, 20393347, 20393955, 20394531, 20395139, 20395715, 20396323, 20396931, 20397539, 20398115, 20398691, 20399299, 20399875, 20400483, 20401059, 20401667, 20402275, 20402851, 20403459, 20404035, 20404611, 20405219, 20405795, 20406435, 20407011, 20407587, 20408195, 20408771, 20409347, 20409955, 20410531, 20411139, 20411747, 20412323, 20412899, 20413507, 20414083, 20414659, 20415267, 20415875, 20416451, 20417027, 20417635, 20418211, 20418787, 20419363, 20420003, 20420579, 20421155, 20421731, 20422339, 20422915, 20423491, 20424067, 20424707, 20425283, 20425859, 20426435, 20427011, 20427619, 20428195, 20428771, 20429379, 20429955, 20430563, 20431139, 20431715, 20432291, 20432867, 20433443, 20434083, 20434659, 20435235, 20435811, 20436387, 20436963, 20437539, 20438115, 20438755, 20439331, 20439907, 20440483, 20441059, 20441635, 20442211, 20442787, 20443395, 20443971, 20444547]",25332,5,200.07014209801483,348.760147838251,280.62430400804567,374.16573867739424,84.46547843298718,100.0,13624,100,422,1089920,1090342,422,8000,8422,1098764,358122754,359213096,359233576,546981814,546990236,9090923933,20480,187748238,187768718,188867482,0,8543942119,8543942119,8732801179,prefill,decode,0.0058176451995055455,0.00010843581850686186,0.9940739189819876,0.9783726554649294,5,0,0,0,,,,,,,,,-1,359233576,0,12,0,5,0,0,128,480247808,9709281280,0,9709281280,9709281280,0.04946275570255186,0.0078125,1,12,12,3,2,8,3,7257710592,9709281280,0.04946275570255186,0.3019604038085917,4,0,0,128,480247808,9709281280,0,9709281280,9709281280,0.04946275570255186,0.0078125,1,5,0,0,128,480247808,9495371776,0,9709281280,9709281280,0.04946275570255186,0.0078125,1,,,,,,,,0,0,,,-1,,,,,,,,,,,,,,,,,,,359213096,0,0,0,2048,0,0,2048,0,1,0,0,2048,1649,0,1,0,local_kv,5,5,1632,1632,213909504,0,0,0,0,0,359213096,0,0,,-1,0,,0,,0,0,,
5,91,meta-llama/Llama-3.1-8B,3066,375,2185739576,10078388019,7892648443,14393681,203415587,20559446,"[20898348, 20899052, 20899756, 20900492, 20901196, 20901932, 20902668, 20903372, 20904076, 20904780, 20905516, 20906252, 20906956, 20907660, 20908396, 20909100, 20909836, 20910540, 20911276, 20911980, 20912684, 20913388, 20914124, 20914860, 20915564, 20916268, 20916972, 20917708, 20918412, 20919148, 20919852, 20920556, 20921260, 20921996, 20922700, 20923404, 20924140, 20924844, 20925580, 20926284, 20926988, 20927692, 20928396, 20929132, 20929836, 20930540, 20931244, 20931948, 20932652, 20933388, 20934124, 20934828, 20935532, 20936236, 20936972, 20937676, 20938380, 20939084, 20939788, 20940492, 20941228, 20941900, 20942604, 20943308, 20944012, 20944748, 20945452, 20946156, 20946860, 20947564, 20948300, 20949004, 20949708, 20950412, 20951116, 20951788, 20952524, 20953228, 20953932, 20954636, 20955340, 20956076, 20956780, 20957452, 20958156, 20958860, 20959564, 20960300, 20961004, 20961676, 20962380, 20963084, 20963820, 20964524, 20965196, 20965900, 20966604, 20967308, 20968012, 20968716, 20969420, 20970124, 20970796, 20971532, 20972236, 20972940, 20973612, 20974316, 20975052, 20975724, 20976428, 20977132, 20977804, 20978508, 20979244, 20979916, 20980620, 20981324, 20981996, 20982732, 20983436, 20984108, 20984812, 20985516, 20986188, 20986924, 20987596, 20988300, 20989004, 20989676, 20990412, 20991084, 20991788, 20992492, 20993164, 20993868, 20994572, 20995276, 20995948, 20996652, 20997324, 20998060, 20998732, 20999436, 21000108, 21000812, 21001516, 21002220, 21002892, 21003596, 21004268, 21004972, 21005676, 21006380, 21007052, 21007756, 21008428, 21009164, 21009836, 21010508, 21011212, 21011884, 21012588, 21013292, 21013964, 21014668, 20351331, 20351939, 20352515, 20353123, 20353731, 20354371, 20354979, 20355555, 20356163, 20356771, 20357379, 20357955, 20358563, 20359203, 20359811, 20360387, 20360995, 20361603, 20362211, 20362787, 20363395, 20364035, 20364611, 20365219, 20365827, 20366403, 20367011, 20367619, 20368227, 20368835, 20369443, 20370019, 20370627, 20371235, 20371811, 20372419, 20373027, 20373635, 20374243, 20374851, 20375427, 20376035, 20376611, 20377219, 20377859, 20378435, 20379043, 20379619, 20380227, 20380803, 20381411, 20382019, 20382627, 20383235, 20383811, 20384419, 20384995, 20385603, 20386179, 20386787, 20387395, 20388003, 20388579, 20389187, 20389763, 20390371, 20390947, 20391555, 20392163, 20392771, 20393347, 20393955, 20394531, 20395139, 20395715, 20396323, 20396931, 20397539, 20398115, 20398691, 20399299, 20399875, 20400483, 20401059, 20401667, 20402275, 20402851, 20403459, 20404035, 20404611, 20405219, 20405795, 20406435, 20407011, 20407587, 20408195, 20408771, 20409347, 20409955, 20410531, 20411139, 20411747, 20412323, 20412899, 20413507, 20414083, 20414659, 20415267, 20415875, 20416451, 20417027, 20417635, 20418211, 20418787, 20419363, 20420003, 20420579, 20421155, 20421731, 20422339, 20422915, 20423491, 20424067, 20424707, 20425283, 20425859, 20426435, 20427011, 20427619, 20428195, 20428771, 20429379, 20429955, 20430563, 20431139, 20431715, 20432291, 20432867, 20433443, 20434083, 20434659, 20435235, 20435811, 20436387, 20436963, 20437539, 20438115, 20438755, 20439331, 20439907, 20440483, 20441059, 20441635, 20442211, 20442787, 20443395, 20443971, 20444547, 19733395, 19733843, 19734291, 19734707, 19735155, 19735603, 19736051, 19736499, 19736979, 19737427, 19738131, 19738899, 19739635, 19740403, 19741171, 19741907, 19742675, 19743379, 19744147, 19744915, 19745651, 19746419, 19747155, 19747923, 19748627, 19749395, 19750131, 19750899, 19751635, 19752403, 19753139, 19753875, 19754643, 19755379, 19756115, 19756883, 19757619, 19758387, 19759091, 19759859, 19760595, 19761363, 19762099, 19762867, 19763603, 19764339, 19765075, 19765811, 19766579, 19767315]",25137,5,194.9470503680157,441.7186248883378,280.62430400804567,374.16573867739424,109.10538129133097,100.0,12764,100,546,1021120,1021666,546,8000,8546,1030212,2184717910,2185739576,2200133257,2389155163,2389163709,10078388019,14393681,189021906,203415587,204445799,0,7689232856,7689232856,7893670109,prefill,decode,0.0050390470483573,0.07040340799568105,0.9245575449559617,0.9741000605756227,5,0,0,0,,,,,,,,,-1,2194784110,0,12,0,5,0,5,128,452984832,7125590016,3051356160,9709281280,6657925120,0.3609269204321579,0.046875,1,12,10,17,8,51,10,37216256,9027706880,0.11685306041519893,1.0428217665149362,4,0,3,128,452984832,8526487552,1507852288,9709281280,8201428992,0.20195491957155454,0.03125,1,5,0,5,128,452984832,6926360576,3051356160,9709281280,6657925120,0.3609269204321579,0.046875,1,,,,,,,,0,0,,,-1,,,,,,,,,,,,,,,,,,,2185739576,0,5,5,2048,0,5,2043,0,1,0,0,2048,1546,5,6,0,local_kv,5,5,1520,1520,199229440,0,0,0,0,0,2185739576,0,0,,-1,0,,0,,0,0,,
5,49,meta-llama/Llama-3.1-8B,3498,598,1169752932,14266955587,13097202655,159275053,363153770,21330065,"[18903078, 240018192, 276679151, 90802512, 20411523, 20412099, 189021906, 20898348, 20899052, 20899756, 20900492, 20901196, 20901932, 20902668, 20903372, 20904076, 20904780, 20905516, 20906252, 20906956, 20907660, 20908396, 20909100, 20909836, 20910540, 20911276, 20911980, 20912684, 20913388, 20914124, 20914860, 20915564, 20916268, 20916972, 20917708, 20918412, 20919148, 20919852, 20920556, 20921260, 20921996, 20922700, 20923404, 20924140, 20924844, 20925580, 20926284, 20926988, 20927692, 20928396, 20929132, 20929836, 20930540, 20931244, 20931948, 20932652, 20933388, 20934124, 20934828, 20935532, 20936236, 20936972, 20937676, 20938380, 20939084, 20939788, 20940492, 20941228, 20941900, 20942604, 20943308, 20944012, 20944748, 20945452, 20946156, 20946860, 20947564, 20948300, 20949004, 20949708, 20950412, 20951116, 20951788, 20952524, 20953228, 20953932, 20954636, 20955340, 20956076, 20956780, 20957452, 20958156, 20958860, 20959564, 20960300, 20961004, 20961676, 20962380, 20963084, 20963820, 20964524, 20965196, 20965900, 20966604, 20967308, 20968012, 20968716, 20969420, 20970124, 20970796, 20971532, 20972236, 20972940, 20973612, 20974316, 20975052, 20975724, 20976428, 20977132, 20977804, 20978508, 20979244, 20979916, 20980620, 20981324, 20981996, 20982732, 20983436, 20984108, 20984812, 20985516, 20986188, 20986924, 20987596, 20988300, 20989004, 20989676, 20990412, 20991084, 20991788, 20992492, 20993164, 20993868, 20994572, 20995276, 20995948, 20996652, 20997324, 20998060, 20998732, 20999436, 21000108, 21000812, 21001516, 21002220, 21002892, 21003596, 21004268, 21004972, 21005676, 21006380, 21007052, 21007756, 21008428, 21009164, 21009836, 21010508, 21011212, 21011884, 21012588, 21013292, 21013964, 21014668, 20351331, 20351939, 20352515, 20353123, 20353731, 20354371, 20354979, 20355555, 20356163, 20356771, 20357379, 20357955, 20358563, 20359203, 20359811, 20360387, 20360995, 20361603, 20362211, 20362787, 20363395, 20364035, 20364611, 20365219, 20365827, 20366403, 20367011, 20367619, 20368227, 20368835, 20369443, 20370019, 20370627, 20371235, 20371811, 20372419, 20373027, 20373635, 20374243, 20374851, 20375427, 20376035, 20376611, 20377219, 20377859, 20378435, 20379043, 20379619, 20380227, 20380803, 20381411, 20382019, 20382627, 20383235, 20383811, 20384419, 20384995, 20385603, 20386179, 20386787, 20387395, 20388003, 20388579, 20389187, 20389763, 20390371, 20390947, 20391555, 20392163, 20392771, 20393347, 20393955, 20394531, 20395139, 20395715, 20396323, 20396931, 20397539, 20398115, 20398691, 20399299, 20399875, 20400483, 20401059, 20401667, 20402275, 20402851, 20403459, 20404035, 20404611, 20405219, 20405795, 20406435, 20407011, 20407587, 20408195, 20408771, 20409347, 20409955, 20410531, 20411139, 20411747, 20412323, 20412899, 20413507, 20414083, 20414659, 20415267, 20415875, 20416451, 20417027, 20417635, 20418211, 20418787, 20419363, 20420003, 20420579, 20421155, 20421731, 20422339, 20422915, 20423491, 20424067, 20424707, 20425283, 20425859, 20426435, 20427011, 20427619, 20428195, 20428771, 20429379, 20429955, 20430563, 20431139, 20431715, 20432291, 20432867, 20433443, 20434083, 20434659, 20435235, 20435811, 20436387, 20436963, 20437539, 20438115, 20438755, 20439331, 20439907, 20440483, 20441059, 20441635, 20442211, 20442787, 20443395, 20443971, 20444547, 19733395, 19733843, 19734291, 19734707, 19735155, 19735603, 19736051, 19736499, 19736979, 19737427, 19738131, 19738899, 19739635, 19740403, 19741171, 19741907, 19742675, 19743379, 19744147, 19744915, 19745651, 19746419, 19747155, 19747923, 19748627, 19749395, 19750131, 19750899, 19751635, 19752403, 19753139, 19753875, 19754643, 19755379, 19756115, 19756883, 19757619, 19758387, 19759091, 19759859, 19760595, 19761363, 19762099, 19762867, 19763603, 19764339, 19765075, 19765811, 19766579, 19767315, 19331526, 19332102, 19332678, 19333222, 19333798, 19334374, 19334950, 19335526, 19336070, 19336646, 19337190, 19337766, 19338310, 19338886, 19339462, 19340038, 19340582, 19341158, 19341734, 19342310, 19342854, 19343430, 19343974, 19344550, 19345094, 19345670, 19346246, 19346790, 19347366, 19347942, 19348486, 19349062, 19349638, 19350150, 19350726, 19351302, 19351846, 19352422, 19352998, 19353542, 19354118, 19354694, 19355238, 19355814, 19356358, 19356902, 19357478, 19358054, 19358598, 19359174, 19359718, 19360294, 19360870, 19361414, 19361990, 19362534, 19363078, 19363622, 19364198, 19364774, 19365318, 19365894, 19366438, 19367014, 19367558, 19368134, 19368710, 19369254, 19369798, 19370342, 19370918, 19371462, 19372038, 19372582, 19373158, 19373702, 19374278, 19374822, 19375398, 19375910, 19376486, 19377030, 19377606, 19378150, 19378726, 19379270, 19379846, 19380390, 19380966, 19381510, 19382054, 19382598, 19383142, 19383718, 19384262, 19384838, 19385382, 19385926, 19386502, 19387046, 19387622, 19388166, 19388710, 19389254, 19389798, 19390374, 19390918, 19391462, 19392038, 19392582, 19393158, 19393702, 19394246, 19394822, 19395334, 19395878, 19396454, 19396998, 19397542, 19398118, 19398662, 19399206, 19399782, 19400326, 19400870, 19401446, 19401958, 19402502, 19403078, 19403622, 19404166, 19404742, 19405286, 19405830, 19406374, 19406950, 19407494, 19408038, 19408550, 19409126, 19409670, 19410214, 19410758, 19411334, 19411878, 19412422, 19412966, 19413542, 19414086, 19414630, 19415142, 19415718, 19416262, 19416806, 19417350, 19417894, 19418470, 19419014, 19419558, 19420102, 19420646, 19421190, 19421734, 19422278, 19422822, 19423366, 19423910, 19424454, 19425030, 19425574, 19426118, 19426662, 19427206, 19427750, 19428294, 19428838, 19429382, 19429926, 19430470, 19431014, 19431558, 19432102, 19432646, 19433190, 19433734, 19434310, 19434822, 19435366, 19435910, 19436454, 19436998, 19437542, 19438086, 19438630, 19439174, 19439718, 19440262, 19440806, 19441350, 19441862, 19442406, 19442950, 19443494, 19444038, 19444614, 19445158, 19445702, 19446246, 19446790, 19447334, 19447878, 19448390, 19448902, 19449446, 19449990, 19450534]",6644,5,252.34378692744917,278.45461269132085,280.62430400804567,374.16573867739424,99.80184008257525,100.0,14492,100,499,1159360,1159859,499,8000,8499,1168358,1168593073,1169752932,1329027985,1532906702,1532915201,14266955587,159275053,203878717,363153770,364322128,0,12734048885,12734048885,13098362514,prefill,decode,0.0032069366920254704,0.43718193532290744,0.5596111279850671,0.9721856918208827,5,0,0,0,,,,,,,,,-1,1169833093,0,12,0,5,0,2,128,536870912,9050775552,1031798784,9709281280,8677482496,0.1615639356572436,0.0234375,1,12,11,20,10,28,6,519561216,9709281280,0.05529460899499247,1.0017827989014652,1,6,6,128,536870912,5783412736,6381633536,9709281280,3327647744,0.7125660745096881,0.0546875,1,5,0,2,128,536870912,8822185984,1031798784,9709281280,8677482496,0.1615639356572436,0.0234375,1,,,,,,,,0,0,,,-1,,,,,,,,,,,,,,,,,,,1169752932,0,2,1,2048,1740,1,307,0,1,0,0,2048,1754,2,3,0,local_kv,5,5,1744,1744,228589568,0,0,0,0,0,1169752932,0,0,,-1,0,,0,,0,0,,
5,45,meta-llama/Llama-3.1-8B,3452,745,1118426590,16990162673,15871736083,10338340,210601395,21049912,"[203878717, 18903078, 240018192, 276679151, 90802512, 20411523, 20412099, 189021906, 20898348, 20899052, 20899756, 20900492, 20901196, 20901932, 20902668, 20903372, 20904076, 20904780, 20905516, 20906252, 20906956, 20907660, 20908396, 20909100, 20909836, 20910540, 20911276, 20911980, 20912684, 20913388, 20914124, 20914860, 20915564, 20916268, 20916972, 20917708, 20918412, 20919148, 20919852, 20920556, 20921260, 20921996, 20922700, 20923404, 20924140, 20924844, 20925580, 20926284, 20926988, 20927692, 20928396, 20929132, 20929836, 20930540, 20931244, 20931948, 20932652, 20933388, 20934124, 20934828, 20935532, 20936236, 20936972, 20937676, 20938380, 20939084, 20939788, 20940492, 20941228, 20941900, 20942604, 20943308, 20944012, 20944748, 20945452, 20946156, 20946860, 20947564, 20948300, 20949004, 20949708, 20950412, 20951116, 20951788, 20952524, 20953228, 20953932, 20954636, 20955340, 20956076, 20956780, 20957452, 20958156, 20958860, 20959564, 20960300, 20961004, 20961676, 20962380, 20963084, 20963820, 20964524, 20965196, 20965900, 20966604, 20967308, 20968012, 20968716, 20969420, 20970124, 20970796, 20971532, 20972236, 20972940, 20973612, 20974316, 20975052, 20975724, 20976428, 20977132, 20977804, 20978508, 20979244, 20979916, 20980620, 20981324, 20981996, 20982732, 20983436, 20984108, 20984812, 20985516, 20986188, 20986924, 20987596, 20988300, 20989004, 20989676, 20990412, 20991084, 20991788, 20992492, 20993164, 20993868, 20994572, 20995276, 20995948, 20996652, 20997324, 20998060, 20998732, 20999436, 21000108, 21000812, 21001516, 21002220, 21002892, 21003596, 21004268, 21004972, 21005676, 21006380, 21007052, 21007756, 21008428, 21009164, 21009836, 21010508, 21011212, 21011884, 21012588, 21013292, 21013964, 21014668, 20351331, 20351939, 20352515, 20353123, 20353731, 20354371, 20354979, 20355555, 20356163, 20356771, 20357379, 20357955, 20358563, 20359203, 20359811, 20360387, 20360995, 20361603, 20362211, 20362787, 20363395, 20364035, 20364611, 20365219, 20365827, 20366403, 20367011, 20367619, 20368227, 20368835, 20369443, 20370019, 20370627, 20371235, 20371811, 20372419, 20373027, 20373635, 20374243, 20374851, 20375427, 20376035, 20376611, 20377219, 20377859, 20378435, 20379043, 20379619, 20380227, 20380803, 20381411, 20382019, 20382627, 20383235, 20383811, 20384419, 20384995, 20385603, 20386179, 20386787, 20387395, 20388003, 20388579, 20389187, 20389763, 20390371, 20390947, 20391555, 20392163, 20392771, 20393347, 20393955, 20394531, 20395139, 20395715, 20396323, 20396931, 20397539, 20398115, 20398691, 20399299, 20399875, 20400483, 20401059, 20401667, 20402275, 20402851, 20403459, 20404035, 20404611, 20405219, 20405795, 20406435, 20407011, 20407587, 20408195, 20408771, 20409347, 20409955, 20410531, 20411139, 20411747, 20412323, 20412899, 20413507, 20414083, 20414659, 20415267, 20415875, 20416451, 20417027, 20417635, 20418211, 20418787, 20419363, 20420003, 20420579, 20421155, 20421731, 20422339, 20422915, 20423491, 20424067, 20424707, 20425283, 20425859, 20426435, 20427011, 20427619, 20428195, 20428771, 20429379, 20429955, 20430563, 20431139, 20431715, 20432291, 20432867, 20433443, 20434083, 20434659, 20435235, 20435811, 20436387, 20436963, 20437539, 20438115, 20438755, 20439331, 20439907, 20440483, 20441059, 20441635, 20442211, 20442787, 20443395, 20443971, 20444547, 19733395, 19733843, 19734291, 19734707, 19735155, 19735603, 19736051, 19736499, 19736979, 19737427, 19738131, 19738899, 19739635, 19740403, 19741171, 19741907, 19742675, 19743379, 19744147, 19744915, 19745651, 19746419, 19747155, 19747923, 19748627, 19749395, 19750131, 19750899, 19751635, 19752403, 19753139, 19753875, 19754643, 19755379, 19756115, 19756883, 19757619, 19758387, 19759091, 19759859, 19760595, 19761363, 19762099, 19762867, 19763603, 19764339, 19765075, 19765811, 19766579, 19767315, 19331526, 19332102, 19332678, 19333222, 19333798, 19334374, 19334950, 19335526, 19336070, 19336646, 19337190, 19337766, 19338310, 19338886, 19339462, 19340038, 19340582, 19341158, 19341734, 19342310, 19342854, 19343430, 19343974, 19344550, 19345094, 19345670, 19346246, 19346790, 19347366, 19347942, 19348486, 19349062, 19349638, 19350150, 19350726, 19351302, 19351846, 19352422, 19352998, 19353542, 19354118, 19354694, 19355238, 19355814, 19356358, 19356902, 19357478, 19358054, 19358598, 19359174, 19359718, 19360294, 19360870, 19361414, 19361990, 19362534, 19363078, 19363622, 19364198, 19364774, 19365318, 19365894, 19366438, 19367014, 19367558, 19368134, 19368710, 19369254, 19369798, 19370342, 19370918, 19371462, 19372038, 19372582, 19373158, 19373702, 19374278, 19374822, 19375398, 19375910, 19376486, 19377030, 19377606, 19378150, 19378726, 19379270, 19379846, 19380390, 19380966, 19381510, 19382054, 19382598, 19383142, 19383718, 19384262, 19384838, 19385382, 19385926, 19386502, 19387046, 19387622, 19388166, 19388710, 19389254, 19389798, 19390374, 19390918, 19391462, 19392038, 19392582, 19393158, 19393702, 19394246, 19394822, 19395334, 19395878, 19396454, 19396998, 19397542, 19398118, 19398662, 19399206, 19399782, 19400326, 19400870, 19401446, 19401958, 19402502, 19403078, 19403622, 19404166, 19404742, 19405286, 19405830, 19406374, 19406950, 19407494, 19408038, 19408550, 19409126, 19409670, 19410214, 19410758, 19411334, 19411878, 19412422, 19412966, 19413542, 19414086, 19414630, 19415142, 19415718, 19416262, 19416806, 19417350, 19417894, 19418470, 19419014, 19419558, 19420102, 19420646, 19421190, 19421734, 19422278, 19422822, 19423366, 19423910, 19424454, 19425030, 19425574, 19426118, 19426662, 19427206, 19427750, 19428294, 19428838, 19429382, 19429926, 19430470, 19431014, 19431558, 19432102, 19432646, 19433190, 19433734, 19434310, 19434822, 19435366, 19435910, 19436454, 19436998, 19437542, 19438086, 19438630, 19439174, 19439718, 19440262, 19440806, 19441350, 19441862, 19442406, 19442950, 19443494, 19444038, 19444614, 19445158, 19445702, 19446246, 19446790, 19447334, 19447878, 19448390, 19448902, 19449446, 19449990, 19450534, 18628015, 18628367, 18628687, 18629039, 18629359, 18629711, 18630063, 18630383, 18630735, 18631055, 18631375, 18631695, 18632047, 18632367, 18632719, 18633039, 18633391, 18633743, 18634063, 18634415, 18634735, 18635087, 18635375, 18635727, 18636047, 18636399, 18636719, 18637071, 18637391, 18637743, 18638063, 18638415, 18638735, 18639055, 18639375, 18639727, 18640047, 18640399, 18640719, 18641071, 18641391, 18641743, 18642063, 18642415, 18642703, 18643023, 18643375, 18643695, 18644047, 18644367, 18644719, 18645039, 18645391, 18645711, 18646063, 18646383, 18646703, 18647023, 18647343, 18647695, 18648015, 18648367, 18648687, 18649039, 18649359, 18649679, 18650031, 18650351, 18650671, 18650991, 18651311, 18651663, 18651983, 18652335, 18652655, 18653007, 18653327, 18653647, 18653999, 18654319, 18654639, 18654959, 18655279, 18655631, 18655951, 18656271, 18656623, 18656943, 18657295, 18657615, 18657935, 18658287, 18658575, 18658895, 18659247, 18659567, 18659919, 18660239, 18660559, 18660911, 18661231, 18661551, 18661903, 18662223, 18662511, 18662863, 18663183, 18663503, 18663855, 18664175, 18664495, 18664847, 18665167, 18665487, 18665839, 18666127, 18666447, 18666799, 18667119, 18667439, 18667791, 18668111, 18668431, 18668783, 18669103, 18669423, 18669743, 18670063, 18670383, 18670703, 18671055, 18671375, 18671695, 18672015, 18672367, 18672687, 18673007, 18673359, 18673679, 18673999, 18674287, 18674639, 18674959, 18675279, 18675599, 18675951]",21590,5,291.31242668054176,289.7266600786329,280.62430400804567,374.16573867739424,85.1128307652267,100.0,14308,100,426,1144640,1145066,426,8000,8426,1153492,1117281524,1118426590,1128764930,1329027985,1329036411,16990162673,10338340,200263055,210601395,211754887,0,15661134688,15661134688,15872881149,prefill,decode,0.005447298130125328,0.04882220262524567,0.945730499244629,0.986659335970338,5,0,0,0,,,,,,,,,-1,1118429073,0,12,0,5,0,1,128,551550976,9275170816,480247808,9709281280,9229033472,0.10626932666225115,0.015625,1,12,11,17,10,27,6,519561216,9709281280,0.05680657095969929,1.003294760866172,1,6,6,128,551550976,5783412736,6381633536,9709281280,3327647744,0.7140780364743949,0.0546875,1,5,0,1,128,551550976,9050775552,480247808,9709281280,9229033472,0.10626932666225115,0.015625,1,,,,,,,,0,0,,,-1,,,,,,,,,,,,,,,,,,,1118426590,0,1,1,2048,0,1,2047,0,1,0,0,2048,1740,1,2,0,local_kv,5,5,1712,1712,224395264,0,0,0,0,0,1118426590,0,0,,-1,0,,0,,0,0,,
5,58,meta-llama/Llama-3.1-8B,5017,1663,1547441069,33048313293,31500872224,244386903,521066054,18640075,"[90802512, 20411523, 20412099, 189021906, 20898348, 20899052, 20899756, 20900492, 20901196, 20901932, 20902668, 20903372, 20904076, 20904780, 20905516, 20906252, 20906956, 20907660, 20908396, 20909100, 20909836, 20910540, 20911276, 20911980, 20912684, 20913388, 20914124, 20914860, 20915564, 20916268, 20916972, 20917708, 20918412, 20919148, 20919852, 20920556, 20921260, 20921996, 20922700, 20923404, 20924140, 20924844, 20925580, 20926284, 20926988, 20927692, 20928396, 20929132, 20929836, 20930540, 20931244, 20931948, 20932652, 20933388, 20934124, 20934828, 20935532, 20936236, 20936972, 20937676, 20938380, 20939084, 20939788, 20940492, 20941228, 20941900, 20942604, 20943308, 20944012, 20944748, 20945452, 20946156, 20946860, 20947564, 20948300, 20949004, 20949708, 20950412, 20951116, 20951788, 20952524, 20953228, 20953932, 20954636, 20955340, 20956076, 20956780, 20957452, 20958156, 20958860, 20959564, 20960300, 20961004, 20961676, 20962380, 20963084, 20963820, 20964524, 20965196, 20965900, 20966604, 20967308, 20968012, 20968716, 20969420, 20970124, 20970796, 20971532, 20972236, 20972940, 20973612, 20974316, 20975052, 20975724, 20976428, 20977132, 20977804, 20978508, 20979244, 20979916, 20980620, 20981324, 20981996, 20982732, 20983436, 20984108, 20984812, 20985516, 20986188, 20986924, 20987596, 20988300, 20989004, 20989676, 20990412, 20991084, 20991788, 20992492, 20993164, 20993868, 20994572, 20995276, 20995948, 20996652, 20997324, 20998060, 20998732, 20999436, 21000108, 21000812, 21001516, 21002220, 21002892, 21003596, 21004268, 21004972, 21005676, 21006380, 21007052, 21007756, 21008428, 21009164, 21009836, 21010508, 21011212, 21011884, 21012588, 21013292, 21013964, 21014668, 20351331, 20351939, 20352515, 20353123, 20353731, 20354371, 20354979, 20355555, 20356163, 20356771, 20357379, 20357955, 20358563, 20359203, 20359811, 20360387, 20360995, 20361603, 20362211, 20362787, 20363395, 20364035, 20364611, 20365219, 20365827, 20366403, 20367011, 20367619, 20368227, 20368835, 20369443, 20370019, 20370627, 20371235, 20371811, 20372419, 20373027, 20373635, 20374243, 20374851, 20375427, 20376035, 20376611, 20377219, 20377859, 20378435, 20379043, 20379619, 20380227, 20380803, 20381411, 20382019, 20382627, 20383235, 20383811, 20384419, 20384995, 20385603, 20386179, 20386787, 20387395, 20388003, 20388579, 20389187, 20389763, 20390371, 20390947, 20391555, 20392163, 20392771, 20393347, 20393955, 20394531, 20395139, 20395715, 20396323, 20396931, 20397539, 20398115, 20398691, 20399299, 20399875, 20400483, 20401059, 20401667, 20402275, 20402851, 20403459, 20404035, 20404611, 20405219, 20405795, 20406435, 20407011, 20407587, 20408195, 20408771, 20409347, 20409955, 20410531, 20411139, 20411747, 20412323, 20412899, 20413507, 20414083, 20414659, 20415267, 20415875, 20416451, 20417027, 20417635, 20418211, 20418787, 20419363, 20420003, 20420579, 20421155, 20421731, 20422339, 20422915, 20423491, 20424067, 20424707, 20425283, 20425859, 20426435, 20427011, 20427619, 20428195, 20428771, 20429379, 20429955, 20430563, 20431139, 20431715, 20432291, 20432867, 20433443, 20434083, 20434659, 20435235, 20435811, 20436387, 20436963, 20437539, 20438115, 20438755, 20439331, 20439907, 20440483, 20441059, 20441635, 20442211, 20442787, 20443395, 20443971, 20444547, 19733395, 19733843, 19734291, 19734707, 19735155, 19735603, 19736051, 19736499, 19736979, 19737427, 19738131, 19738899, 19739635, 19740403, 19741171, 19741907, 19742675, 19743379, 19744147, 19744915, 19745651, 19746419, 19747155, 19747923, 19748627, 19749395, 19750131, 19750899, 19751635, 19752403, 19753139, 19753875, 19754643, 19755379, 19756115, 19756883, 19757619, 19758387, 19759091, 19759859, 19760595, 19761363, 19762099, 19762867, 19763603, 19764339, 19765075, 19765811, 19766579, 19767315, 19331526, 19332102, 19332678, 19333222, 19333798, 19334374, 19334950, 19335526, 19336070, 19336646, 19337190, 19337766, 19338310, 19338886, 19339462, 19340038, 19340582, 19341158, 19341734, 19342310, 19342854, 19343430, 19343974, 19344550, 19345094, 19345670, 19346246, 19346790, 19347366, 19347942, 19348486, 19349062, 19349638, 19350150, 19350726, 19351302, 19351846, 19352422, 19352998, 19353542, 19354118, 19354694, 19355238, 19355814, 19356358, 19356902, 19357478, 19358054, 19358598, 19359174, 19359718, 19360294, 19360870, 19361414, 19361990, 19362534, 19363078, 19363622, 19364198, 19364774, 19365318, 19365894, 19366438, 19367014, 19367558, 19368134, 19368710, 19369254, 19369798, 19370342, 19370918, 19371462, 19372038, 19372582, 19373158, 19373702, 19374278, 19374822, 19375398, 19375910, 19376486, 19377030, 19377606, 19378150, 19378726, 19379270, 19379846, 19380390, 19380966, 19381510, 19382054, 19382598, 19383142, 19383718, 19384262, 19384838, 19385382, 19385926, 19386502, 19387046, 19387622, 19388166, 19388710, 19389254, 19389798, 19390374, 19390918, 19391462, 19392038, 19392582, 19393158, 19393702, 19394246, 19394822, 19395334, 19395878, 19396454, 19396998, 19397542, 19398118, 19398662, 19399206, 19399782, 19400326, 19400870, 19401446, 19401958, 19402502, 19403078, 19403622, 19404166, 19404742, 19405286, 19405830, 19406374, 19406950, 19407494, 19408038, 19408550, 19409126, 19409670, 19410214, 19410758, 19411334, 19411878, 19412422, 19412966, 19413542, 19414086, 19414630, 19415142, 19415718, 19416262, 19416806, 19417350, 19417894, 19418470, 19419014, 19419558, 19420102, 19420646, 19421190, 19421734, 19422278, 19422822, 19423366, 19423910, 19424454, 19425030, 19425574, 19426118, 19426662, 19427206, 19427750, 19428294, 19428838, 19429382, 19429926, 19430470, 19431014, 19431558, 19432102, 19432646, 19433190, 19433734, 19434310, 19434822, 19435366, 19435910, 19436454, 19436998, 19437542, 19438086, 19438630, 19439174, 19439718, 19440262, 19440806, 19441350, 19441862, 19442406, 19442950, 19443494, 19444038, 19444614, 19445158, 19445702, 19446246, 19446790, 19447334, 19447878, 19448390, 19448902, 19449446, 19449990, 19450534, 18628015, 18628367, 18628687, 18629039, 18629359, 18629711, 18630063, 18630383, 18630735, 18631055, 18631375, 18631695, 18632047, 18632367, 18632719, 18633039, 18633391, 18633743, 18634063, 18634415, 18634735, 18635087, 18635375, 18635727, 18636047, 18636399, 18636719, 18637071, 18637391, 18637743, 18638063, 18638415, 18638735, 18639055, 18639375, 18639727, 18640047, 18640399, 18640719, 18641071, 18641391, 18641743, 18642063, 18642415, 18642703, 18643023, 18643375, 18643695, 18644047, 18644367, 18644719, 18645039, 18645391, 18645711, 18646063, 18646383, 18646703, 18647023, 18647343, 18647695, 18648015, 18648367, 18648687, 18649039, 18649359, 18649679, 18650031, 18650351, 18650671, 18650991, 18651311, 18651663, 18651983, 18652335, 18652655, 18653007, 18653327, 18653647, 18653999, 18654319, 18654639, 18654959, 18655279, 18655631, 18655951, 18656271, 18656623, 18656943, 18657295, 18657615, 18657935, 18658287, 18658575, 18658895, 18659247, 18659567, 18659919, 18660239, 18660559, 18660911, 18661231, 18661551, 18661903, 18662223, 18662511, 18662863, 18663183, 18663503, 18663855, 18664175, 18664495, 18664847, 18665167, 18665487, 18665839, 18666127, 18666447, 18666799, 18667119, 18667439, 18667791, 18668111, 18668431, 18668783, 18669103, 18669423, 18669743, 18670063, 18670383, 18670703, 18671055, 18671375, 18671695, 18672015, 18672367, 18672687, 18673007, 18673359, 18673679, 18673999, 18674287, 18674639, 18674959, 18675279, 18675599, 18675951, 17369030, 17369126, 17369254, 17369350, 17369446, 17369574, 17369670, 17369798, 17369894, 17369990, 17370118, 17370214, 17370342, 17370438, 17370534, 17370662, 17370758, 17370854, 17370982, 17371078, 17371206, 17371302, 17371398, 17371526, 17371622, 17371750, 17371846, 17371942, 17372070, 17372166, 17372294, 17372390, 17372486, 17372614, 17372710, 17372806, 17372934, 17373030, 17373158, 17373254, 17373350, 17373478, 17373574, 17373670, 17373798, 17373894, 17374022, 17374118, 17374214, 17374342, 17374438, 17374534, 17374662, 17374758, 17374886, 17374982, 17375078, 17375206, 17375302, 17375398, 17375526, 17375622, 17375718, 17375846, 17375942, 17376070, 17376166, 17376262, 17376390, 17376486, 17376582, 17376710, 17376806, 17376902, 17377030, 17377126, 17377222, 17377350, 17377446, 17377574, 17377670, 17377766, 17377894, 17377990, 17378086, 17378214, 17378310, 17378406, 17378534, 17378630, 17378726, 17378854, 17378950, 17379046, 17379174, 17379270, 17379366, 17379494, 17379590, 17379718, 17379814, 17379910, 17380038, 17380134, 17380230, 17380358, 17380454, 17380550, 17380678, 17380774, 17380870, 17380998, 17381094, 17381190, 17381318, 17381414, 17381510, 17381638, 17381734, 17381830, 17381958, 17382054, 17382150, 17382278, 17382374, 17382470, 17382598, 17382694, 17382790, 17382918, 17383014, 17383110, 17383238, 17383334, 17383430, 17383526, 17383654, 17383750, 17383846, 17383974, 17384070, 17384166, 17384294, 17384390, 17384486, 17384614, 17384710, 17384806, 17384934, 17385030, 17385126, 17385254, 17385350, 17385446, 17385574, 17385670, 17385766, 17385862, 17385990, 17386086, 17386182, 17386310, 17386406, 17386502, 17386630, 17386726, 17386822, 17386950, 17387046, 17387142, 17387238, 17387366, 17387462, 17387558, 17387686, 17387782, 17387878, 17388006, 17388102, 17388198, 17388294, 17388422, 17388518, 17388614, 17388742, 17388838, 17388934, 17389030, 17389158, 17389254, 17389350, 17389478, 17389574, 17389670, 17389798, 17389894, 17389990, 17390086, 17390214, 17390310, 17390406, 17390534, 17390630, 17390726, 17390822, 17390950, 17391046, 17391142, 17391270, 17391366, 17391462, 17391558, 17391686, 17391782, 17391878, 17391974, 17392102, 17392198, 17392294, 17392422, 17392518, 17392614, 17392710, 17392838, 17392934, 17393030, 17393126, 17393254, 17393350, 17393446, 17393574, 17393670, 17393766, 17393862, 17393990, 17394086, 17394182, 17394278, 17394406, 17394502, 17394598, 17394726, 17394822, 17394918, 17395014, 17395142, 17395238, 17395334, 17395430, 17395558, 17395654, 17395750, 17395846, 17395974, 17396070, 17396166, 17396262, 17396390, 17396486, 17396582, 17396678, 17396806, 17396902, 17396998, 17397094, 17397222, 17397318, 17397414, 17397510, 17397638, 17397734, 17397830, 17397926, 17398054, 17398150, 17398246, 17398342, 17398470, 17398566, 17398662, 17398758, 17398886, 17398982, 17399078, 17399174, 17399302, 17399398, 17399494, 17399590, 17399718, 17399814, 17399910, 17400006, 17400102, 17400230, 17400326, 17400422, 17400518, 17400646, 17400742, 17400838, 17400934, 17401062, 17401158, 17401254, 17401350, 17401446, 17401574, 17401670, 17401766, 17401862, 17401990, 17402086, 17402182, 17402278, 17402406, 17402502, 17402598, 17402694, 17402790, 17402918, 17403014, 17403110, 17403206, 17403334, 17403430, 17403526, 17403622, 17403718, 17403846, 17403942, 17404038, 17404134, 17404230, 17404358, 17404454, 17404550, 17404646, 17404774, 17404870, 17404966, 17405062, 17405158, 17405286, 17405382, 17405478, 17405574, 17405670, 17405798, 17405894, 17405990, 17406086, 17406182, 17406310, 17406406, 17406502, 17406598, 17406694, 17406822, 17406918, 17407014, 17407110, 17407206, 17407334, 17407430, 17407526, 17407622, 17407718, 17407846, 17407942, 17408038, 17408134, 17408230, 17408358, 17408454, 17408550, 17408646, 17408742, 17408870, 17408966, 17409062, 17409158, 17409254, 17409382, 17409478, 17409574, 17409670, 17409766, 17409862, 17409990, 17410086, 17410182, 17410278, 17410374, 17410502, 17410598, 17410694, 17410790, 17410886, 17410982, 17411110, 17411206, 17411302, 17411398, 17411494, 17411622, 17411718, 17411814, 17411910, 17412006, 17412102, 17412230, 17412326, 17412422, 17412518, 17412614, 17412710, 17412838, 17412934, 17413030, 17413126, 17413222, 17413318, 17413446, 17413542, 17413638, 17413734, 17413830, 17413926, 17414054, 17414150, 17414246, 17414342, 17414438, 17414534, 17414662, 17414758, 17414854, 17414950, 17415046, 17415142, 17415270, 17415366, 17415462, 17415558, 17415654, 17415750, 17415878, 17415974, 17416070, 17416166, 17416262, 17416358, 17416454, 17416582, 17416678, 17416774, 17416870, 17416966, 17417062, 17417158, 17417286, 17417382, 17417478, 17417574, 17417670, 17417766, 17417894, 17417990, 17418086, 17418182, 17418278, 17418374, 17418470, 17418598, 17418694, 17418790, 17418886, 17418982, 17419078, 17419174, 17419270, 17419398, 17419494, 17419590, 17419686, 17419782, 17419878, 17419974, 17420102, 17420198, 17420294, 17420390, 17420486, 17420582, 17420678, 17420774, 17420902, 17420998, 17421094, 17421190, 17421286, 17421382, 17421478, 17421606, 17421702, 17421798, 17421894, 17421990, 17422086, 17422182, 17422278, 17422406, 17422502, 17422598, 17422694, 17422790, 17422886, 17422982, 17423078, 17423174, 17423302, 17423398, 17423494, 17423590, 17423686, 17423782, 17423878, 17423974, 17424102, 17424198, 17424294, 17424390, 17424486, 17424582, 17424678, 17424774, 17424870, 17424998, 17425094, 17425190, 17425286, 17425382, 17425478, 17425574, 17425670, 17425766, 17425862, 17425990, 17426086, 17426182, 17426278, 17426374, 17426470, 17426566, 17426662, 17426758, 17426886, 17426982, 17427078, 17427174, 17427270, 17427366, 17427462, 17427558, 17427654, 17427750, 17427878, 17427974, 17428070, 17428166, 17428262, 17428358, 17428454, 17428550, 17428646, 17428742, 17428838, 17428966, 17429062, 17429158, 17429254, 17429350, 17429446, 17429542, 17429638, 17429734, 17429830, 17429926, 17430022, 17430150, 17430246, 17430342, 17430438, 17430534, 17430630, 17430726, 17430822, 17430918, 17431014, 17431110, 17431206, 17431334, 17431430, 17431526, 17431622, 17431718, 17431814, 17431910, 17432006, 17432102, 17432198, 17432294, 17432390, 17432486, 17432614, 17432710, 17432806, 17432902, 17432998, 17433094, 17433190, 17433286, 17433382, 17433478, 17433574, 17433670, 17433766, 17433862, 17433958, 17434086, 17434182, 17434278, 17434374, 17434470, 17434566, 17434662, 17434758, 17434854, 17434950, 17435046, 17435142, 17435238, 17435334, 17435430, 17435526, 17435654, 17435750, 17435846, 17435942, 17436038, 17436134, 17436230, 17436326, 17436422, 17436518, 17436614, 17436710, 17436806, 17436902, 17436998, 17437094, 17437190, 17437286, 17437382, 17437510, 17437606, 17437702, 17437798, 17437894, 17437990, 17438086, 17438182, 17438278, 17438374, 17438470, 17438566, 17438662, 17438758, 17438854, 17438950, 17439046, 17439142, 17439238, 17439334, 17439430, 17439526, 17439622, 17439718, 17439846, 17439942, 17440038, 17440134, 17440230, 17440326, 17440422, 17440518, 17440614, 17440710, 17440806, 17440902, 17440998, 17441094, 17441190, 17441286, 17441382, 17441478, 17441574, 17441670, 17441766, 17441862, 17441958, 17442054, 17442150, 17442246, 17442342, 17442438, 17442534, 17442630, 17442726, 17442822, 17442918, 17443014, 17443142, 17443238, 17443334, 17443430, 17443526, 17443622, 17443718, 17443814, 17443910, 17444006, 17444102, 17444198, 17444294, 17444390, 17444486, 17444582, 17444678, 17444774, 17444870, 17444966, 17445062, 17445158, 17445254, 17445350, 17445446, 17445542, 17445638, 17445734, 17445830, 17445926, 17446022, 17446118, 17446214, 17446310, 17446406, 17446502, 17446598, 17446694, 17446790, 17446886, 17446982, 17447078, 17447174, 17447270, 17447366, 17447462, 17447558, 17447654, 17447750, 17447846, 17447942, 17448038, 17448134, 17448230, 17448326, 17448422, 17448518, 17448614, 17448710, 17448806, 17448902, 17448998, 17449094, 17449190, 17449286, 17449382, 17449478, 17449574, 17449670, 17449766, 17449862, 17449958, 17450054, 17450150, 17450246, 17450342, 17450438, 17450534, 17450630, 17450726, 17450822, 17450918, 17451014, 17451110, 17451206, 17451302, 17451398, 17451494, 17451590, 17451686, 17451782, 17451846, 17451942, 17452038, 17452134, 17452230, 17452326, 17452422, 17452518, 17452614, 17452710, 17452806, 17452902, 17452998, 17453094, 17453190, 17453286, 17453382, 17453478, 17453574, 17453670, 17453766, 17453862, 17453958, 17454054, 17454150, 17454246, 17454342, 17454438, 17454534, 17454630, 17454726, 17454822, 17454918, 17455014, 17455110, 17455174, 17455270, 17455366, 17455462, 17455558, 17455654, 17455750, 17455846, 17455942, 17456038, 17456134, 17456230, 17456326, 17456422, 17456518, 17456614, 17456710, 17456806, 17456902, 17456998, 17457094, 17457190, 17457286, 17457382, 17457446, 17457542, 17457638, 17457734, 17457830, 17457926, 17458022, 17458118, 17458214, 17458310, 17458406, 17458502, 17458598, 17458694, 17458790, 17458886, 17458982, 17459078, 17459174, 17459238, 17459334, 17459430, 17459526, 17459622, 17459718, 17459814, 17459910, 17460006, 17460102, 17460198, 17460294, 17460390, 17460486, 17460582, 17460678, 17460774, 17460838, 17460934, 17461030, 17461126, 17461222, 17461318, 17461414, 17461510, 17461606, 17461702, 17461798, 17461894, 17461990]",21149,5,189.37974839068468,336.8487202265887,280.62430400804567,374.16573867739424,98.58057007274529,100.0,20568,100,493,1645440,1645933,493,8000,8493,1654426,1545795136,1547441069,1551809780,2068507123,2068515616,33048313293,4368711,516697343,521066054,522720480,0,30979806170,30979806170,31502518157,prefill,decode,0.0031650299984419972,0.008357642692706434,0.9884773273088515,0.9834070299881803,5,0,0,0,,,,,,,,,-1,1547442110,0,12,0,5,0,3,128,876609536,8367104000,1568669696,9709281280,8140611584,0.2518496644068798,0.03125,1,12,10,17,9,38,9,37216256,9709281280,0.09028572874963614,1.0864526689250473,4,0,2,128,876609536,8786534400,954204160,9709281280,8755077120,0.18856325645557978,0.0234375,1,5,0,3,128,876609536,8039948288,1568669696,9709281280,8140611584,0.2518496644068798,0.03125,1,,,,,,,,0,0,,,-1,,,,,,,,,,,,,,,,,,,1547441069,0,3,3,2048,0,3,2045,0,1,0,0,2048,2045,3,4,0,local_kv,5,5,2496,2496,327155712,0,0,0,0,0,1547441069,0,0,,-1,0,,0,,0,0,,
6,24,meta-llama/Llama-3.1-8B,3040,6,563774242,1117487993,553713751,72323774,317081289,47326492,"[161016630, 18903334, 18903750, 18904166, 18904582]",2857,6,376.50916212736433,291.3988551792337,467.7071733467427,374.16573867739424,123.1561377048174,100.0,12660,100,616,1012800,1013416,616,8000,8616,1022032,562760826,563774242,636098016,880855531,880864147,1117487993,72323774,244757515,317081289,318103321,0,236632462,236632462,554727167,prefill,prefill,0.0032128932096248063,0.2273593805076936,0.7694277262826816,0.42656787114091754,6,0,0,0,,,,,,,,,-1,563787080,0,12,0,6,0,1,128,400556032,9472303104,534773760,9709281280,9174507520,0.09633357660846344,0.015625,1,12,12,10,5,14,4,4812431360,9709281280,0.04125496217985766,0.5456022746927772,5,0,1,128,400556032,9279365120,480247808,9709281280,9229033472,0.09071771788240952,0.015625,1,6,0,1,128,400556032,9273073664,534773760,9709281280,9174507520,0.09633357660846344,0.015625,1,,,,,,,,0,0,,,-1,,,,,,,,,,,,,,,,,,,563774242,0,1,0,2048,1824,0,224,0,2,0,0,2048,2047,1,3,0,local_kv,6,6,1520,1520,199229440,0,0,0,0,0,563774242,0,0,,-1,0,,0,,0,0,,
6,26,meta-llama/Llama-3.1-8B,3655,189,581339405,4479615873,3898276468,299516126,460532756,18285870,"[18903334, 18903750, 18904166, 18904582, 18253039, 18253263, 18253487, 18253679, 18253903, 18254127, 18254351, 18254543, 18254767, 18254991, 18255183, 18255407, 18255631, 18255855, 18256047, 18256271, 18256495, 18256687, 18256911, 18257135, 18257327, 18257551, 18257775, 18257967, 18258191, 18258415, 18258607, 18258831, 18259055, 18259279, 18259471, 18259695, 18259919, 18260111, 18260335, 18260559, 18260751, 18260975, 18261167, 18261391, 18261615, 18261807, 18262031, 18262255, 18262447, 18262671, 18262895, 18263087, 18263311, 18263567, 18263727, 18263951, 18264143, 18264367, 18264623, 18264783, 18265007, 18265263, 18265423, 18265647, 18265839, 18266063, 18266319, 18266479, 18266735, 18266895, 18267119, 18267375, 18267535, 18267791, 18268015, 18268175, 18268431, 18268591, 18268847, 18269007, 18269263, 18269487, 18269647, 18269903, 18270063, 18270319, 18270543, 18270735, 18270959, 18271151, 18271375, 18271535, 18271791, 18272015, 18272207, 18272431, 18272623, 18272847, 18273039, 18273263, 18273455, 18273679, 18273903, 18274095, 18274319, 18274511, 18274735, 18274927, 18275151, 18275343, 18275567, 18275759, 18275983, 18276175, 18276399, 18276623, 18276815, 18277039, 18277231, 18277455, 18277647, 18277871, 18278063, 18278287, 18278479, 18278703, 18278895, 18279119, 18279311, 18279535, 18279727, 18279951, 18280143, 18280367, 18280559, 18280783, 18280975, 18281199, 18281391, 18281615, 18281807, 18282031, 18282223, 18282447, 18282639, 18282831, 18283055, 18283247, 18283471, 18283663, 18283887, 18284079, 18284303, 18284495, 18284719, 18284911, 18285135, 18285327, 18285551, 18285743, 18285935, 18286159, 18286351, 18286575, 18286767, 18286991, 18287183, 18287407, 18287599, 18287791, 18288015, 18288207, 18288431, 18288623, 18288847, 18289039, 18289231, 18289455, 18289647, 18289871, 18290063, 18290255, 18290479, 18290671, 18290895, 18291087, 18291279, 18291503]",8749,6,492.81729566550615,457.2425863841817,467.7071733467427,374.16573867739424,86.78871394230947,100.0,15120,100,434,1209600,1210034,434,8000,8434,1218468,580129371,581339405,636098016,1041872161,1041880595,4479615873,54758611,405774145,460532756,461751224,0,3437743712,3437743712,3899486502,prefill,decode,0.002638797553030417,0.11858898938186681,0.8787722130651028,0.8815869153368737,6,0,0,0,,,,,,,,,-1,581384593,0,12,0,6,1,1,128,505413632,9273073664,935329792,9709281280,8773951488,0.14838826710765557,0.015625,1,12,12,11,5,15,4,4812431360,9709281280,0.05205469049919213,0.5564020030121117,10,0,1,128,505413632,9268879360,488636416,9709281280,9220644864,0.10238142446729075,0.015625,1,6,1,1,128,505413632,9033998336,935329792,9709281280,8773951488,0.14838826710765557,0.015625,1,,,,,,,,0,0,,,-1,,,,,,,,,,,,,,,,,,,581339405,1,1,0,2048,1824,0,224,3040,1,0,0,2048,2047,1,3,0,local_kv,6,6,1824,1824,239075328,0,0,0,0,0,581339405,0,0,,-1,0,,0,,0,0,,
6,14,meta-llama/Llama-3.1-8B,3632,447,423699087,8869576353,8445877266,14342,212398929,18460713,"[244757515, 161016630, 18903334, 18903750, 18904166, 18904582, 18253039, 18253263, 18253487, 18253679, 18253903, 18254127, 18254351, 18254543, 18254767, 18254991, 18255183, 18255407, 18255631, 18255855, 18256047, 18256271, 18256495, 18256687, 18256911, 18257135, 18257327, 18257551, 18257775, 18257967, 18258191, 18258415, 18258607, 18258831, 18259055, 18259279, 18259471, 18259695, 18259919, 18260111, 18260335, 18260559, 18260751, 18260975, 18261167, 18261391, 18261615, 18261807, 18262031, 18262255, 18262447, 18262671, 18262895, 18263087, 18263311, 18263567, 18263727, 18263951, 18264143, 18264367, 18264623, 18264783, 18265007, 18265263, 18265423, 18265647, 18265839, 18266063, 18266319, 18266479, 18266735, 18266895, 18267119, 18267375, 18267535, 18267791, 18268015, 18268175, 18268431, 18268591, 18268847, 18269007, 18269263, 18269487, 18269647, 18269903, 18270063, 18270319, 18270543, 18270735, 18270959, 18271151, 18271375, 18271535, 18271791, 18272015, 18272207, 18272431, 18272623, 18272847, 18273039, 18273263, 18273455, 18273679, 18273903, 18274095, 18274319, 18274511, 18274735, 18274927, 18275151, 18275343, 18275567, 18275759, 18275983, 18276175, 18276399, 18276623, 18276815, 18277039, 18277231, 18277455, 18277647, 18277871, 18278063, 18278287, 18278479, 18278703, 18278895, 18279119, 18279311, 18279535, 18279727, 18279951, 18280143, 18280367, 18280559, 18280783, 18280975, 18281199, 18281391, 18281615, 18281807, 18282031, 18282223, 18282447, 18282639, 18282831, 18283055, 18283247, 18283471, 18283663, 18283887, 18284079, 18284303, 18284495, 18284719, 18284911, 18285135, 18285327, 18285551, 18285743, 18285935, 18286159, 18286351, 18286575, 18286767, 18286991, 18287183, 18287407, 18287599, 18287791, 18288015, 18288207, 18288431, 18288623, 18288847, 18289039, 18289231, 18289455, 18289647, 18289871, 18290063, 18290255, 18290479, 18290671, 18290895, 18291087, 18291279, 18291503, 17141574, 17141638, 17141702, 17141734, 17141798, 17141862, 17141894, 17141958, 17142022, 17142054, 17142118, 17142182, 17142214, 17142278, 17142342, 17142374, 17142438, 17142502, 17142534, 17142598, 17142662, 17142694, 17142758, 17142822, 17142854, 17142918, 17142982, 17143014, 17143078, 17143142, 17143174, 17143238, 17143302, 17143334, 17143398, 17143462, 17143494, 17143558, 17143622, 17143654, 17143718, 17143782, 17143814, 17143878, 17143942, 17143974, 17144038, 17144102, 17144134, 17144198, 17144262, 17144294, 17144358, 17144422, 17144454, 17144518, 17144582, 17144614, 17144678, 17144742, 17144774, 17144838, 17144870, 17144934, 17144998, 17145030, 17145094, 17145158, 17145190, 17145254, 17145318, 17145350, 17145414, 17145478, 17145510, 17145574, 17145638, 17145670, 17145734, 17145766, 17145830, 17145894, 17145926, 17145990, 17146054, 17146086, 17146150, 17146214, 17146246, 17146310, 17146374, 17146406, 17146470, 17146502, 17146566, 17146630, 17146662, 17146726, 17146790, 17146822, 17146886, 17146950, 17146982, 17147046, 17147078, 17147142, 17147206, 17147238, 17147302, 17147366, 17147398, 17147462, 17147526, 17147558, 17147622, 17147654, 17147718, 17147782, 17147814, 17147878, 17147942, 17147974, 17148038, 17148070, 17148134, 17148198, 17148230, 17148294, 17148358, 17148390, 17148454, 17148486, 17148550, 17148614, 17148646, 17148710, 17148774, 17148806, 17148870, 17148902, 17148966, 17149030, 17149062, 17149126, 17149190, 17149222, 17149286, 17149318, 17149382, 17149446, 17149478, 17149542, 17149574, 17149638, 17149702, 17149734, 17149798, 17149862, 17149894, 17149958, 17149990, 17150054, 17150118, 17150150, 17150214, 17150246, 17150310, 17150374, 17150406, 17150470, 17150502, 17150566, 17150630, 17150662, 17150726, 17150758, 17150822, 17150886, 17150918, 17150982, 17151046, 17151078, 17151142, 17151174, 17151238, 17151302, 17151334, 17151398, 17151430, 17151494, 17151558, 17151590, 17151654, 17151686, 17151750, 17151814, 17151846, 17151910, 17151942, 17152006, 17152070, 17152102, 17152166, 17152198, 17152262, 17152294, 17152358, 17152422, 17152454, 17152518, 17152550, 17152614, 17152678, 17152710, 17152774, 17152806, 17152870, 17152934, 17152966, 17153030, 17153062, 17153126, 17153190, 17153222, 17153286, 17153318, 17153382, 17153414, 17153478, 17153542, 17153574, 17153638, 17153670, 17153734, 17153798, 17153830, 17153894, 17153926, 17153990, 17154022, 17154086, 17154150, 17154182, 17154246, 17154278, 17154342, 17154374, 17154438, 17154502, 17154534, 17154598, 17154630, 17154694, 17154758, 17154790, 17154854]",10064,6,554.290877761144,298.02568272690024,467.7071733467427,374.16573867739424,115.29980915103359,100.0,15028,100,576,1202240,1202816,576,8000,8576,1211392,422496271,423699087,423713429,636098016,636106592,8869576353,14342,212384587,212398929,213610321,0,8233478337,8233478337,8447080082,prefill,decode,0.005671036840958635,6.714095055360176e-05,0.9942618222084878,0.974711959392341,6,0,0,0,,,,,,,,,-1,423713429,0,12,0,6,0,0,128,534773760,9709281280,0,9709281280,9709281280,0.05507861442860578,0.0078125,1,12,12,3,2,11,3,7257710592,9709281280,0.05507861442860578,0.3075762625346456,7,0,1,128,534773760,9472303104,499122176,9709281280,9210159104,0.10648532122863784,0.015625,1,6,0,0,128,534773760,9472303104,0,9709281280,9709281280,0.05507861442860578,0.0078125,1,,,,,,,,0,0,,,-1,,,,,,,,,,,,,,,,,,,423699087,0,0,0,2048,0,0,2048,0,1,0,0,2048,1824,0,1,0,local_kv,6,6,1808,1808,236978176,0,0,0,0,0,423699087,0,0,,-1,0,,0,,0,0,,
7,86,meta-llama/Llama-3.1-8B,5969,55,2120264176,3734350086,1614085910,255889009,532580788,20027872,"[20009683, 20010355, 20011059, 20011731, 20012435, 20013139, 20013811, 20014483, 20015187, 20015859, 20016563, 20017267, 20017939, 20018611, 20019315, 20019987, 20020691, 20021395, 20022067, 20022739, 20023443, 20024147, 20024787, 20025491, 20026195, 20026867, 20027539, 20028243, 20028915, 20029619, 20030291, 20030963, 20031667, 20032339, 20033011, 20033715, 20034387, 20035059, 20035763, 20036467, 20037107, 20037811, 20038515, 20039187, 20039859, 20040531, 20041235, 20041907, 20042579, 20043283, 20043955, 20044627, 20045331, 20045971]",14646,7,700.338413365992,395.4111373715664,654.7900426854399,374.16573867739424,50.25953677987205,100.0,24376,100,251,1950080,1950331,251,8000,8251,1958582,2118313845,2120264176,2127526262,2652844964,2652853215,3734350086,7262086,525318702,532580788,534539370,0,1081505122,1081505122,1616036241,prefill,decode,0.003664055652252518,0.013585689675205776,0.9827502546725417,0.669229793705457,7,0,0,0,,,,,,,,,-1,2121723634,0,12,0,7,0,2,128,790626304,8612470784,1126170624,9709281280,8583110656,0.19741903367743405,0.0234375,1,12,10,16,8,49,10,37216256,9027706880,0.15162818560345592,1.077596891703193,11,0,1,128,790626304,9092718592,681574400,9709281280,9027706880,0.15162818560345592,0.015625,1,7,0,2,128,790626304,8612470784,1126170624,9709281280,8583110656,0.19741903367743405,0.0234375,1,,,,,,,,0,0,,,-1,,,,,,,,,,,,,,,,,,,2120264176,0,2,2,2048,0,2,2046,0,1,0,0,2048,2046,2,3,0,local_kv,7,7,2976,2976,390070272,0,0,0,0,0,2120264176,0,0,,-1,0,,0,,0,0,,
7,10,meta-llama/Llama-3.1-8B,3636,166,256318234,4308575066,4052256832,109120,212600173,23270646,"[17131334, 17131398, 17131462, 17131494, 17131558, 17131622, 17131686, 17131718, 17131782, 17131846, 17131910, 17131942, 17132006, 17132070, 17132134, 17132166, 17132230, 17132294, 17132358, 17132390, 17132454, 17132518, 17132582, 17132646, 17132678, 17132742, 234368402, 41362052, 18371503, 18371887, 18372303, 18372687, 18373039, 18373455, 18373839, 18374223, 18374639, 18375023, 18375407, 18375823, 18376207, 18376591, 18376975, 18377391, 18377775, 18378127, 18378543, 18378927, 18379311, 18379695, 18380111, 18380495, 18380879, 18381263, 18381679, 18382063, 18382447, 18382831, 18383215, 18383599, 18383983, 18384367, 18384783, 18385167, 18385551, 18385935, 18386351, 18386735, 18387119, 18387503, 18387887, 18388303, 18388655, 18389039, 18389423, 18389807, 18390223, 18390607, 18390991, 248626923, 276691779, 20009683, 20010355, 20011059, 20011731, 20012435, 20013139, 20013811, 20014483, 20015187, 20015859, 20016563, 20017267, 20017939, 20018611, 20019315, 20019987, 20020691, 20021395, 20022067, 20022739, 20023443, 20024147, 20024787, 20025491, 20026195, 20026867, 20027539, 20028243, 20028915, 20029619, 20030291, 20030963, 20031667, 20032339, 20033011, 20033715, 20034387, 20035059, 20035763, 20036467, 20037107, 20037811, 20038515, 20039187, 20039859, 20040531, 20041235, 20041907, 20042579, 20043283, 20043955, 20044627, 20045331, 20045971, 19135622, 19135974, 19136358, 19136710, 19137062, 19137446, 19137798, 19138118, 19138502, 19138854, 19139206, 19139590, 19139942, 19140294, 19140678, 19141030, 19141382, 19141734, 19142086, 19142438, 19142822, 19143174, 19143526, 19143878, 19144230, 19144582, 19144934, 19145318, 19145670, 19146022]",14646,7,700.338413365992,395.4111373715664,654.7900426854399,374.16573867739424,50.25953677987205,100.0,15044,100,251,1203520,1203771,251,8000,8251,1212022,255114463,256318234,256427354,468918407,468926658,4308575066,109120,212491053,212600173,213812195,0,3839656659,3839656659,4053460603,prefill,decode,0.005668628957295911,0.0005103544257613556,0.9938210166169428,0.9472520444337427,7,0,0,0,,,,,,,,,-1,256427354,0,12,0,7,0,0,128,499122176,9709281280,0,9709281280,9709281280,0.051406706800032065,0.0078125,1,12,12,3,2,7,3,7257710592,9709281280,0.051406706800032065,0.30390435490607187,11,0,0,128,499122176,9709281280,0,9709281280,9709281280,0.051406706800032065,0.0078125,1,7,0,0,128,499122176,9472303104,0,9709281280,9709281280,0.051406706800032065,0.0078125,1,,,,,,,,0,0,,,-1,,,,,,,,,,,,,,,,,,,256318234,0,0,0,2048,0,0,2048,0,1,0,0,2048,1828,0,1,0,local_kv,7,7,1808,1808,236978176,0,0,0,0,0,256318234,0,0,,-1,0,,0,,0,0,,
7,36,meta-llama/Llama-3.1-8B,4612,157,901537715,4657450423,3755912708,247182114,288544166,22226721,"[18371503, 18371887, 18372303, 18372687, 18373039, 18373455, 18373839, 18374223, 18374639, 18375023, 18375407, 18375823, 18376207, 18376591, 18376975, 18377391, 18377775, 18378127, 18378543, 18378927, 18379311, 18379695, 18380111, 18380495, 18380879, 18381263, 18381679, 18382063, 18382447, 18382831, 18383215, 18383599, 18383983, 18384367, 18384783, 18385167, 18385551, 18385935, 18386351, 18386735, 18387119, 18387503, 18387887, 18388303, 18388655, 18389039, 18389423, 18389807, 18390223, 18390607, 18390991, 248626923, 276691779, 20009683, 20010355, 20011059, 20011731, 20012435, 20013139, 20013811, 20014483, 20015187, 20015859, 20016563, 20017267, 20017939, 20018611, 20019315, 20019987, 20020691, 20021395, 20022067, 20022739, 20023443, 20024147, 20024787, 20025491, 20026195, 20026867, 20027539, 20028243, 20028915, 20029619, 20030291, 20030963, 20031667, 20032339, 20033011, 20033715, 20034387, 20035059, 20035763, 20036467, 20037107, 20037811, 20038515, 20039187, 20039859, 20040531, 20041235, 20041907, 20042579, 20043283, 20043955, 20044627, 20045331, 20045971, 19135622, 19135974, 19136358, 19136710, 19137062, 19137446, 19137798, 19138118, 19138502, 19138854, 19139206, 19139590, 19139942, 19140294, 19140678, 19141030, 19141382, 19141734, 19142086, 19142438, 19142822, 19143174, 19143526, 19143878, 19144230, 19144582, 19144934, 19145318, 19145670, 19146022, 18358511, 18358703, 18359087, 18359471, 18359887, 18360271, 18360687, 18361039, 18361455, 18361839, 18362255, 18362639, 18363023, 18363439, 18363823, 18364239, 18364623, 18364975, 18365391]",5323,7,564.599687965104,317.57799124060625,654.7900426854399,374.16573867739424,106.47287562825437,100.0,18948,100,532,1515840,1516372,532,8000,8532,1524904,900021343,901537715,914351427,1190081881,1190090413,4657450423,12813712,275730454,288544166,290069070,0,3467368542,3467368542,3757429080,prefill,decode,0.00525703757384405,0.04417469259993835,0.9505682698262176,0.922801360939802,7,0,0,0,,,,,,,,,-1,901553475,0,12,0,7,0,1,128,627048448,9231130624,499122176,9709281280,9210159104,0.11598908214965217,0.015625,1,12,12,15,9,21,5,1966596096,9709281280,0.06458237534962011,0.8620343144492771,6,0,3,128,627048448,8528584704,1440743424,9709281280,8268537856,0.21297064245727568,0.03125,1,7,0,1,128,627048448,8929140736,499122176,9709281280,9210159104,0.11598908214965217,0.015625,1,,,,,,,,0,0,,,-1,,,,,,,,,,,,,,,,,,,901537715,0,1,1,2048,0,1,2047,0,1,0,0,2048,2047,1,2,0,local_kv,7,7,2304,2304,301989888,0,0,0,0,0,901537715,0,0,,-1,0,,0,,0,0,,
7,88,meta-llama/Llama-3.1-8B,3357,366,2133766050,9145170875,7011404825,242387135,519078914,17787194,"[20009683, 20010355, 20011059, 20011731, 20012435, 20013139, 20013811, 20014483, 20015187, 20015859, 20016563, 20017267, 20017939, 20018611, 20019315, 20019987, 20020691, 20021395, 20022067, 20022739, 20023443, 20024147, 20024787, 20025491, 20026195, 20026867, 20027539, 20028243, 20028915, 20029619, 20030291, 20030963, 20031667, 20032339, 20033011, 20033715, 20034387, 20035059, 20035763, 20036467, 20037107, 20037811, 20038515, 20039187, 20039859, 20040531, 20041235, 20041907, 20042579, 20043283, 20043955, 20044627, 20045331, 20045971, 19135622, 19135974, 19136358, 19136710, 19137062, 19137446, 19137798, 19138118, 19138502, 19138854, 19139206, 19139590, 19139942, 19140294, 19140678, 19141030, 19141382, 19141734, 19142086, 19142438, 19142822, 19143174, 19143526, 19143878, 19144230, 19144582, 19144934, 19145318, 19145670, 19146022, 18358511, 18358703, 18359087, 18359471, 18359887, 18360271, 18360687, 18361039, 18361455, 18361839, 18362255, 18362639, 18363023, 18363439, 18363823, 18364239, 18364623, 18364975, 18365391, 17121158, 17121222, 17121254, 17121318, 17121382, 17121446, 17121510, 17121574, 17121606, 17121670, 17121734, 17121798, 17121862, 17121926, 17121990, 17122022, 17122086, 17122150, 17122214, 17122278, 17122342, 17122374, 17122438, 17122502, 17122566, 17122630, 17122694, 17122758, 17122790, 17122854, 17122918, 17122982, 17123046, 17123110, 17123142, 17123206, 17123270, 17123334, 17123398, 17123462, 17123494, 17123558, 17123622, 17123686, 17123750, 17123814, 17123846, 17123910, 17123974, 17124038, 17124102, 17124166, 17124198, 17124262, 17124326, 17124390, 17124454, 17124518, 17124550, 17124614, 17124678, 17124742, 17124806, 17124838, 17124902, 17124966, 17125030, 17125094, 17125158, 17125190, 17125254, 17125318, 17125382, 17125446, 17125478, 17125542, 17125606, 17125670, 17125734, 17125798, 17125830, 17125894, 17125958, 17126022, 17126086, 17126118, 17126182, 17126246, 17126310, 17126374, 17126406, 17126470, 17126534, 17126598, 17126662, 17126694, 17126758, 17126822, 17126886, 17126950, 17126982, 17127046, 17127110, 17127174, 17127238, 17127302, 17127334, 17127398, 17127462, 17127526, 17127558, 17127622, 17127686, 17127750, 17127814, 17127846, 17127910, 17127974, 17128038, 17128102, 17128134, 17128198, 17128262, 17128326, 17128390, 17128422, 17128486, 17128550, 17128614, 17128678, 17128710, 17128774, 17128838, 17128902, 17128934, 17128998, 17129062, 17129126, 17129190, 17129222, 17129286, 17129350, 17129414, 17129478, 17129510, 17129574, 17129638, 17129702, 17129734, 17129798, 17129862, 17129926, 17129990, 17130022, 17130086, 17130150, 17130214, 17130246, 17130310, 17130374, 17130438, 17130502, 17130534, 17130598, 17130662, 17130726, 17130758, 17130822, 17130886, 17130950, 17130982, 17131046, 17131110, 17131174, 17131238, 17131270, 17131334, 17131398, 17131462, 17131494, 17131558, 17131622, 17131686, 17131718, 17131782, 17131846, 17131910, 17131942, 17132006, 17132070, 17132134, 17132166, 17132230, 17132294, 17132358, 17132390, 17132454, 17132518, 17132582, 17132646, 17132678, 17132742, 17132806, 17132870, 17132902, 17132966, 17133030, 17133094, 17133126, 17133190, 17133254, 17133318, 17133350, 17133414, 17133478, 17133542, 17133574, 17133638, 17133702, 17133734, 17133798, 17133862, 17133926, 17133958, 17134022, 17134086, 17134150, 17134182, 17134246, 17134310, 17134374, 17134406, 17134470, 17134534, 17134598, 17134630, 17134694, 17134758, 17134822, 17134854, 17134918, 17134982, 17135014, 17135078, 17135142, 17135206, 17135238, 17135302, 17135366, 17135430, 17135462, 17135526, 17135590, 17135654, 17135686, 17135750, 17135814, 17135846, 17135910, 17135974, 17136038, 17136070]",2500,7,641.0228080747592,316.5665523496578,654.7900426854399,374.16573867739424,59.22164312515169,100.0,13928,100,296,1114240,1114536,296,8000,8296,1122832,2132651514,2133766050,2376153185,2652844964,2652853260,9145170875,242387135,276691779,519078914,520201746,0,6492325911,6492325911,7012519361,prefill,decode,0.0021584548853090546,0.4659483303618131,0.5318932147528779,0.9258182254039701,7,0,0,0,,,,,,,,,-1,2136963229,0,12,0,7,0,3,128,488636416,8612470784,1916796928,9709281280,7792484352,0.24774576764553266,0.03125,1,12,10,16,8,50,10,37216256,9027706880,0.12052496804377265,1.0464936741435098,6,0,2,128,488636416,8341938176,1040187392,9709281280,8669093888,0.15746003889589652,0.0234375,1,7,0,3,128,488636416,8394366976,1916796928,9709281280,7792484352,0.24774576764553266,0.03125,1,,,,,,,,0,0,,,-1,,,,,,,,,,,,,,,,,,,2133766050,0,3,2,2048,2046,2,0,0,1,0,0,2048,1984,2,4,0,local_kv,7,7,1664,1664,218103808,0,0,0,0,0,2133766050,0,0,,-1,0,,0,,0,0,,
8,21,meta-llama/Llama-3.1-8B,3356,127,521189845,3675466144,3154276299,111508,194773470,23488117,"[17114886, 17114950, 17115014, 17115078, 17115110, 17115174, 17115238, 17115302, 17115366, 17115430, 17115494, 17115558, 17115622, 17115686, 17115750, 17115782, 17115846, 17115910, 17115974, 17116038, 17116102, 17116166, 17116230, 17116294, 17116358, 17116390, 17116454, 17116518, 17116582, 17116646, 17116710, 17116774, 17116838, 17116902, 17116966, 17116998, 17117062, 17117126, 17117190, 17117254, 17117318, 17117382, 17117446, 17117510, 17117542, 17117606, 17117670, 17117734, 17117798, 17117862, 17117926, 17117990, 237597074, 275670027, 168084430, 19532422, 19532966, 19533478, 19534022, 19534534, 19535078, 19535590, 19536070, 19536614, 19537126, 19537670, 19538182, 19538726, 19539238, 19539750, 19540262, 19540806, 19541318, 19541830, 19542374, 19542886, 19543398, 19543910, 19544422, 19544966, 19545478, 19546022, 19546534, 19547014, 19547558, 19548070, 19548614, 19549126, 19549638, 19550182, 19550662, 19551206, 19551718, 19552230, 19552774, 19553286, 19553798, 19554310, 19554822, 19555334, 19555878, 19556390, 19556902, 19557446, 19557926, 19558438, 19558982, 19559494, 19560006, 19560550, 19561062, 19561542, 19562054, 19562598, 19563110, 19563622, 19564166, 19564678, 19565190, 19565670, 19566214, 19566726, 19567238, 19567750, 19568294, 19568806]",20787,8,107.44288890476318,667.3389084832443,93.54143466934855,623.6095644623236,45.88579255455171,100.0,13924,100,229,1113920,1114149,229,8000,8229,1122378,520075696,521189845,521301353,715963315,715971544,3675466144,111508,194661962,194773470,195895848,0,2959502829,2959502829,3155390448,prefill,decode,0.005729462933793268,0.0005692208443335664,0.9937013162218732,0.9379172434127252,8,0,0,0,,,,,,,,,-1,521301353,0,12,0,8,0,0,128,457179136,9709281280,0,9709281280,9709281280,0.047086815472298274,0.0078125,1,12,12,8,4,13,4,5812772864,9709281280,0.047086815472298274,0.44840471981876706,9,0,0,128,457179136,9709281280,0,9709281280,9709281280,0.047086815472298274,0.0078125,1,8,0,0,128,457179136,9491177472,0,9709281280,9709281280,0.047086815472298274,0.0078125,1,,,,,,,,0,0,,,-1,,,,,,,,,,,,,,,,,,,521189845,0,0,0,2048,0,0,2048,0,1,0,0,2048,1692,0,1,0,local_kv,8,8,1664,1664,218103808,0,0,0,0,0,521189845,0,0,,-1,0,,0,,0,0,,
8,71,meta-llama/Llama-3.1-8B,5551,181,1750238433,5727667075,3977428642,369046535,537130965,19112764,"[19532422, 19532966, 19533478, 19534022, 19534534, 19535078, 19535590, 19536070, 19536614, 19537126, 19537670, 19538182, 19538726, 19539238, 19539750, 19540262, 19540806, 19541318, 19541830, 19542374, 19542886, 19543398, 19543910, 19544422, 19544966, 19545478, 19546022, 19546534, 19547014, 19547558, 19548070, 19548614, 19549126, 19549638, 19550182, 19550662, 19551206, 19551718, 19552230, 19552774, 19553286, 19553798, 19554310, 19554822, 19555334, 19555878, 19556390, 19556902, 19557446, 19557926, 19558438, 19558982, 19559494, 19560006, 19560550, 19561062, 19561542, 19562054, 19562598, 19563110, 19563622, 19564166, 19564678, 19565190, 19565670, 19566214, 19566726, 19567238, 19567750, 19568294, 19568806, 18811471, 18811791, 18812079, 18812367, 18812687, 18812975, 18813263, 18813551, 18813839, 18814159, 18814447, 18814735, 18815055, 18815343, 18815631, 18815951, 18816239, 18816527, 18816847, 18817135, 18817423, 18817743, 18818031, 18818319, 18818639, 18818927, 18819215, 18819535, 18819823, 18820111, 18820431, 18820719, 18821007, 18821327, 18821615, 18821903, 18822223, 18822511, 18822799, 18823119, 18823407, 18823695, 18824015, 18824303, 18824591, 18824879, 18825199, 18825487, 18825775, 18826095, 18826383, 18826671, 18826991, 18827279, 18827567, 18827855, 18828175, 18828463, 18828751, 18829071, 18829359, 18829647, 18829935, 18830223, 18830511, 18830799, 18831087, 18831407, 18831695, 18831983, 18832271, 18832591, 18832879, 18833167, 18833455, 18833775, 18834063, 18834351, 18834639, 18834959, 18835247, 18835535, 18835823, 18836143, 18836431, 18836719, 18837007, 18837327, 18837615, 18837903, 18838191, 18838511, 18838799, 18839087, 18839375, 18839663, 18839983, 18840271, 18840559, 18840847, 18841135, 18841455, 18841743, 18842031, 18842319, 18842607, 18842927, 18843215, 18843503]",12519,8,99.33646608712296,563.4769127343138,93.54143466934855,623.6095644623236,60.411242273066314,100.0,22704,100,302,1816320,1816622,302,8000,8302,1824924,1748421811,1750238433,1843614941,2287369398,2287377700,5727667075,93376508,443754457,537130965,538955889,0,3440297677,3440297677,3979245264,prefill,decode,0.0033860359210213585,0.17325445348274132,0.8233595105962374,0.8645585459531885,8,0,0,0,,,,,,,,,-1,1750251499,0,12,0,8,0,2,128,752877568,8922849280,1163919360,9709281280,8545361920,0.19741903367743405,0.0234375,1,12,10,19,9,42,9,37216256,9709281280,0.07754204933282147,1.0737089895082328,4,0,2,128,752877568,8784437248,954204160,9709281280,8755077120,0.1758195770387651,0.0234375,1,8,0,2,128,752877568,8560041984,1163919360,9709281280,8545361920,0.19741903367743405,0.0234375,1,,,,,,,,0,0,,,-1,,,,,,,,,,,,,,,,,,,1750238433,0,2,1,2048,2047,1,0,0,1,0,0,2048,2047,1,3,0,local_kv,8,8,2768,2768,362807296,0,0,0,0,0,1750238433,0,0,,-1,0,,0,,0,0,,
8,63,meta-llama/Llama-3.1-8B,5191,197,1589623027,5987564317,4397941290,253991914,529661941,19736119,"[168084430, 19532422, 19532966, 19533478, 19534022, 19534534, 19535078, 19535590, 19536070, 19536614, 19537126, 19537670, 19538182, 19538726, 19539238, 19539750, 19540262, 19540806, 19541318, 19541830, 19542374, 19542886, 19543398, 19543910, 19544422, 19544966, 19545478, 19546022, 19546534, 19547014, 19547558, 19548070, 19548614, 19549126, 19549638, 19550182, 19550662, 19551206, 19551718, 19552230, 19552774, 19553286, 19553798, 19554310, 19554822, 19555334, 19555878, 19556390, 19556902, 19557446, 19557926, 19558438, 19558982, 19559494, 19560006, 19560550, 19561062, 19561542, 19562054, 19562598, 19563110, 19563622, 19564166, 19564678, 19565190, 19565670, 19566214, 19566726, 19567238, 19567750, 19568294, 19568806, 18811471, 18811791, 18812079, 18812367, 18812687, 18812975, 18813263, 18813551, 18813839, 18814159, 18814447, 18814735, 18815055, 18815343, 18815631, 18815951, 18816239, 18816527, 18816847, 18817135, 18817423, 18817743, 18818031, 18818319, 18818639, 18818927, 18819215, 18819535, 18819823, 18820111, 18820431, 18820719, 18821007, 18821327, 18821615, 18821903, 18822223, 18822511, 18822799, 18823119, 18823407, 18823695, 18824015, 18824303, 18824591, 18824879, 18825199, 18825487, 18825775, 18826095, 18826383, 18826671, 18826991, 18827279, 18827567, 18827855, 18828175, 18828463, 18828751, 18829071, 18829359, 18829647, 18829935, 18830223, 18830511, 18830799, 18831087, 18831407, 18831695, 18831983, 18832271, 18832591, 18832879, 18833167, 18833455, 18833775, 18834063, 18834351, 18834639, 18834959, 18835247, 18835535, 18835823, 18836143, 18836431, 18836719, 18837007, 18837327, 18837615, 18837903, 18838191, 18838511, 18838799, 18839087, 18839375, 18839663, 18839983, 18840271, 18840559, 18840847, 18841135, 18841455, 18841743, 18842031, 18842319, 18842607, 18842927, 18843215, 18843503, 17325670, 17325798, 17325894, 17326022, 17326118, 17326246, 17326374, 17326470, 17326598, 17326726, 17326822, 17326950, 17327078, 17327174, 17327302]",11955,8,145.1014122822886,673.2643037603258,93.54143466934855,623.6095644623236,71.5822912891131,100.0,21264,100,358,1701120,1701478,358,8000,8358,1709836,1587921549,1589623027,1606017867,2119284968,2119293326,5987564317,16394840,513267101,529661941,531371777,0,3868279349,3868279349,4399642768,prefill,decode,0.003217777221163931,0.03085380276039764,0.9659284200184385,0.8792241107800964,8,0,0,0,,,,,,,,,-1,1589660656,0,12,0,8,0,1,128,706740224,9264685056,457179136,9709281280,9252102144,0.11987698434461258,0.015625,1,12,10,18,9,39,9,37216256,9709281280,0.0727901688723143,1.0689571090477255,9,0,0,128,706740224,9709281280,0,9709281280,9709281280,0.0727901688723143,0.0078125,1,8,0,1,128,706740224,8924946432,457179136,9709281280,9252102144,0.11987698434461258,0.015625,1,,,,,,,,0,0,,,-1,,,,,,,,,,,,,,,,,,,1589623027,0,1,1,2048,0,1,2047,0,1,0,0,2048,2047,1,2,0,local_kv,8,8,2592,2592,339738624,0,0,0,0,0,1589623027,0,0,,-1,0,,0,,0,0,,
9,72,meta-llama/Llama-3.1-8B,4051,206,1787412904,5954366992,4166954088,17749,229487783,19207152,"[202540781, 18279343, 18279535, 18279759, 18279951, 18280207, 18280399, 18280623, 18280815, 18281007, 18281231, 18281423, 18281647, 18281839, 18282063, 18282255, 18282447, 18282671, 18282863, 18283087, 18283279, 18283471, 18283727, 18283919, 18284143, 18284335, 18284527, 18284751, 18284943, 18285167, 18285359, 18285551, 18285775, 18285967, 18286191, 18286383, 18286575, 18286799, 18286991, 18287247, 18287439, 18287631, 18287855, 18288047, 18288271, 18288463, 18298607, 18298831, 18299055, 18299247, 18299471, 18299695, 18299887, 18300111, 18300335, 18300559, 18300783, 18300975, 18301199, 18301423, 18301615, 18301839, 18302063, 18302255, 18302479, 18302703, 18302895, 18303151, 18303343, 18303535, 18303791, 18303983, 18304175, 18304431, 18304623, 18304815, 18305071, 18305263, 18305487, 18305711, 18305903, 18306127, 18306351, 18306543, 18306767, 18306959, 18307183, 18307407, 18307599, 18307823, 18308047, 18308239, 18308495, 18308687, 18308879, 18309103, 18309327, 18309519, 18309743, 18309967, 18310159, 18310383, 18310575, 18310799, 18311023, 18311215, 18311471, 18311663, 18311855, 18312079, 18312303, 18312495, 18312719, 18312911, 18313135, 18313359, 18313551, 18313743, 18313999, 18314191, 18314383, 18314607, 18314831, 18315055, 18315247, 18315439, 18315695, 18315887, 18316079, 18316303, 18316527, 18316719, 18316943, 18317135, 18317359, 18317583, 18317775, 18317999, 18318191, 18318415, 18318639, 18318831, 18319023, 18319279, 18319471, 18319663, 18319887, 18320079, 18320303, 18320527, 18320719, 18320911, 18321135, 18321359, 18321583, 18321775, 18321967, 18322191, 18322415, 18322607, 18322831, 18323023, 18323215, 18323471, 18323663, 18323855, 18324079, 18324271, 18324463, 18324719, 18324911, 18325135, 18325327, 18325519, 18325743, 18325967, 18326159, 18326383, 18326575, 18326767, 18326991, 18327215, 18327407, 18327631, 18327823, 18328015, 18328239, 18328463, 18328655, 18328879, 18329071, 18329295, 18329487, 18329679, 18329903, 18330127, 18330319, 18330543, 18330735, 18330927, 18331151, 18331343, 18331567, 18331791, 18331983]",10903,9,275.68085128221963,610.8552526917784,280.62430400804567,623.6095644623236,13.678822814582572,100.0,16704,100,68,1336320,1336388,68,8000,8068,1344456,1786076516,1787412904,1787430653,2016900687,2016908755,5954366992,17749,229470034,229487783,230832239,0,3937466305,3937466305,4168290476,prefill,decode,0.005824385734957932,7.689133925525887e-05,0.9940987229257868,0.9446219514837131,9,0,0,0,,,,,,,,,-1,1787430653,0,12,0,9,0,0,128,559939584,9709281280,0,9709281280,9709281280,0.05767054922524605,0.0078125,1,12,10,20,9,42,9,37216256,9709281280,0.05767054922524605,1.0538374894006572,8,1,2,128,559939584,8560041984,1916796928,9709281280,7792484352,0.2550895829026801,0.0234375,1,9,0,0,128,559939584,9445040128,0,9709281280,9709281280,0.05767054922524605,0.0078125,1,,,,,,,,0,0,,,-1,,,,,,,,,,,,,,,,,,,1787412904,0,0,0,2048,0,0,2048,0,1,0,0,2048,2035,0,1,0,local_kv,9,9,2016,2016,264241152,0,0,0,0,0,1787412904,0,0,,-1,0,,0,,0,0,,
9,73,meta-llama/Llama-3.1-8B,3558,244,1829810243,6622802170,4792991927,187090444,389631225,18120825,"[18279343, 18279535, 18279759, 18279951, 18280207, 18280399, 18280623, 18280815, 18281007, 18281231, 18281423, 18281647, 18281839, 18282063, 18282255, 18282447, 18282671, 18282863, 18283087, 18283279, 18283471, 18283727, 18283919, 18284143, 18284335, 18284527, 18284751, 18284943, 18285167, 18285359, 18285551, 18285775, 18285967, 18286191, 18286383, 18286575, 18286799, 18286991, 18287247, 18287439, 18287631, 18287855, 18288047, 18288271, 18288463, 18298607, 18298831, 18299055, 18299247, 18299471, 18299695, 18299887, 18300111, 18300335, 18300559, 18300783, 18300975, 18301199, 18301423, 18301615, 18301839, 18302063, 18302255, 18302479, 18302703, 18302895, 18303151, 18303343, 18303535, 18303791, 18303983, 18304175, 18304431, 18304623, 18304815, 18305071, 18305263, 18305487, 18305711, 18305903, 18306127, 18306351, 18306543, 18306767, 18306959, 18307183, 18307407, 18307599, 18307823, 18308047, 18308239, 18308495, 18308687, 18308879, 18309103, 18309327, 18309519, 18309743, 18309967, 18310159, 18310383, 18310575, 18310799, 18311023, 18311215, 18311471, 18311663, 18311855, 18312079, 18312303, 18312495, 18312719, 18312911, 18313135, 18313359, 18313551, 18313743, 18313999, 18314191, 18314383, 18314607, 18314831, 18315055, 18315247, 18315439, 18315695, 18315887, 18316079, 18316303, 18316527, 18316719, 18316943, 18317135, 18317359, 18317583, 18317775, 18317999, 18318191, 18318415, 18318639, 18318831, 18319023, 18319279, 18319471, 18319663, 18319887, 18320079, 18320303, 18320527, 18320719, 18320911, 18321135, 18321359, 18321583, 18321775, 18321967, 18322191, 18322415, 18322607, 18322831, 18323023, 18323215, 18323471, 18323663, 18323855, 18324079, 18324271, 18324463, 18324719, 18324911, 18325135, 18325327, 18325519, 18325743, 18325967, 18326159, 18326383, 18326575, 18326767, 18326991, 18327215, 18327407, 18327631, 18327823, 18328015, 18328239, 18328463, 18328655, 18328879, 18329071, 18329295, 18329487, 18329679, 18329903, 18330127, 18330319, 18330543, 18330735, 18330927, 18331151, 18331343, 18331567, 18331791, 18331983, 17138342, 17138374, 17138438, 17138502, 17138534, 17138598, 17138662, 17138726, 17138758, 17138822, 17138886, 17138918, 17138982, 17139046, 17139078, 17139142, 17139206, 17139270, 17139302, 17139366, 17139430, 17139462, 17139526, 17139590, 17139622, 17139686, 17139750, 17139814, 17139846, 17139910, 17139974, 17140006, 17140070, 17140134, 17140166, 17140230, 17140294, 17140326, 17140390]",10201,9,234.5131457193416,645.8949985338705,280.62430400804567,623.6095644623236,51.214055594955425,100.0,14732,100,256,1178560,1178816,256,8000,8256,1187072,1828631427,1829810243,2016900687,2219441468,2219449724,6622802170,187090444,202540781,389631225,390818297,0,4403360702,4403360702,4794170743,prefill,decode,0.0030374012913730085,0.478714649329737,0.51824794937889,0.9184806622611464,9,0,0,0,,,,,,,,,-1,1833316966,0,12,0,9,0,1,128,499122176,9445040128,559939584,9709281280,9149341696,0.10907725602527811,0.015625,1,12,10,19,9,44,9,37216256,9149341696,0.10907725602527811,1.0475736469754433,8,1,2,128,499122176,8560041984,1916796928,9709281280,7792484352,0.2488257404774661,0.0234375,1,9,0,1,128,499122176,9212256256,559939584,9709281280,9149341696,0.10907725602527811,0.015625,1,,,,,,,,0,0,,,-1,,,,,,,,,,,,,,,,,,,1829810243,0,1,0,2048,2035,0,13,0,1,0,0,2048,1782,1,2,0,local_kv,9,9,1776,1776,232783872,0,0,0,0,0,1829810243,0,0,,-1,0,,0,,0,0,,
10,69,meta-llama/Llama-3.1-8B,5567,156,1729058109,4948218136,3219160027,244801672,344340070,18547225,"[18519919, 18520271, 18520655, 18521007, 18521359, 18521743, 18522095, 18522415, 18522799, 18523151, 18523503, 18523887, 18524239, 18524591, 18524943, 18525295, 18525647, 18525999, 18526383, 18526735, 18527087, 18527471, 18527791, 18528143, 18528495, 18528879, 18529231, 18529583, 18529935, 18530319, 18530639, 18530991, 18531343, 18531727, 18532079, 18532431, 18532783, 18533167, 18533487, 18533839, 18534191, 18534575, 18534927, 18535279, 18535631, 18535983, 18536335, 18536687, 18537039, 18537391, 18537775, 18538127, 18538479, 18538831, 18539151, 18539535, 18539887, 18540239, 18540591, 18540943, 18541295, 18541679, 18541999, 18542351, 18542703, 18543055, 18543439, 18543791, 18544143, 18544495, 18544815, 18545167, 18545519, 18545903, 18546255, 18546607, 18546959, 18547311, 18547631, 18547983, 18548367, 18548719, 18549071, 18549423, 18549775, 18550127, 18550447, 18550799, 18551183, 18551535, 18551887, 18552239, 18552591, 18552943, 18553263, 18553615, 18553967, 18554351, 18554703, 18555055, 18555407, 18555759, 18556079, 18556431, 18556783, 18557135, 18557487, 18557839, 18558191, 18558543, 18558895, 18559247, 18559599, 18559951, 18560303, 18560655, 18561007, 18561359, 18561679, 18562031, 18562383, 18562735, 18563087, 18563439, 18563791, 18564143, 18564463, 18564815, 18565167, 18565519, 18565871, 18566223, 18566575, 18566927, 18567279, 18567599, 18567951, 18568303, 18568655, 18569007, 18569359, 18569711, 18570063, 18570383, 18570735, 18571087, 18571439, 18571791, 18572143, 18572495, 18572847, 18573167, 18573519, 18573871, 18574223]",25665,10,511.89892628092116,670.8862281160181,467.7071733467427,623.6095644623236,64.71471203381824,100.0,22768,100,324,1821440,1821764,324,8000,8324,1830088,1727236345,1729058109,1734424723,2073398179,2073406503,4948218136,5366614,338973456,344340070,346170158,0,2874819957,2874819957,3220981791,prefill,decode,0.005286671764467924,0.01550282101439836,0.9792105072211337,0.8925267865964873,10,0,0,0,,,,,,,,,-1,1729074444,0,12,0,10,0,1,128,750780416,9260490752,488636416,9709281280,9220644864,0.1276527887345334,0.015625,1,12,10,19,9,41,9,37216256,9709281280,0.07732605476643478,1.073492994941846,11,0,1,128,750780416,9403097088,681574400,9709281280,9027706880,0.1475242888421088,0.015625,1,10,0,1,128,750780416,8897683456,488636416,9709281280,9220644864,0.1276527887345334,0.015625,1,,,,,,,,0,0,,,-1,,,,,,,,,,,,,,,,,,,1729058109,0,1,1,2048,0,1,2047,0,1,0,0,2048,2047,1,2,0,local_kv,10,10,2768,2768,362807296,0,0,0,0,0,1729058109,0,0,,-1,0,,0,,0,0,,
10,6,meta-llama/Llama-3.1-8B,3359,367,170284444,7158333374,6988048930,4249,194743479,18560943,"[17115078, 17115110, 17115174, 17115238, 17115302, 17115366, 17115430, 17115494, 17115558, 17115622, 17115686, 17115750, 17115782, 17115846, 17115910, 17115974, 17116038, 17116102, 17116166, 17116230, 17116294, 17116358, 17116390, 17116454, 17116518, 17116582, 17116646, 17116710, 17116774, 17116838, 17116902, 17116966, 17116998, 17117062, 17117126, 17117190, 17117254, 17117318, 17117382, 17117446, 17117510, 17117542, 17117606, 17117670, 17117734, 17117798, 17117862, 17117926, 17117990, 17118022, 17118086, 17118150, 17118214, 17118278, 17118342, 17118406, 17118470, 17118534, 17118566, 17118630, 17118694, 17118758, 17118822, 17118886, 17118950, 17119014, 17119046, 17119110, 17119174, 17119238, 17119302, 17119366, 17119430, 17119494, 17119526, 17119590, 17119654, 17119718, 17119782, 17119846, 239435058, 99538398, 18519919, 18520271, 18520655, 18521007, 18521359, 18521743, 18522095, 18522415, 18522799, 18523151, 18523503, 18523887, 18524239, 18524591, 18524943, 18525295, 18525647, 18525999, 18526383, 18526735, 18527087, 18527471, 18527791, 18528143, 18528495, 18528879, 18529231, 18529583, 18529935, 18530319, 18530639, 18530991, 18531343, 18531727, 18532079, 18532431, 18532783, 18533167, 18533487, 18533839, 18534191, 18534575, 18534927, 18535279, 18535631, 18535983, 18536335, 18536687, 18537039, 18537391, 18537775, 18538127, 18538479, 18538831, 18539151, 18539535, 18539887, 18540239, 18540591, 18540943, 18541295, 18541679, 18541999, 18542351, 18542703, 18543055, 18543439, 18543791, 18544143, 18544495, 18544815, 18545167, 18545519, 18545903, 18546255, 18546607, 18546959, 18547311, 18547631, 18547983, 18548367, 18548719, 18549071, 18549423, 18549775, 18550127, 18550447, 18550799, 18551183, 18551535, 18551887, 18552239, 18552591, 18552943, 18553263, 18553615, 18553967, 18554351, 18554703, 18555055, 18555407, 18555759, 18556079, 18556431, 18556783, 18557135, 18557487, 18557839, 18558191, 18558543, 18558895, 18559247, 18559599, 18559951, 18560303, 18560655, 18561007, 18561359, 18561679, 18562031, 18562383, 18562735, 18563087, 18563439, 18563791, 18564143, 18564463, 18564815, 18565167, 18565519, 18565871, 18566223, 18566575, 18566927, 18567279, 18567599, 18567951, 18568303, 18568655, 18569007, 18569359, 18569711, 18570063, 18570383, 18570735, 18571087, 18571439, 18571791, 18572143, 18572495, 18572847, 18573167, 18573519, 18573871, 18574223, 17129062, 17129126, 17129190, 17129222, 17129286, 17129350, 17129414, 17129478, 17129510, 17129574, 17129638, 17129702, 17129734, 17129798, 17129862, 17129926, 17129990, 17130022, 17130086, 17130150, 17130214, 17130246, 17130310, 17130374, 17130438, 17130502, 17130534, 17130598, 17130662, 17130726, 17130758, 17130822, 17130886, 17130950, 17130982, 17131046, 17131110, 17131174, 17131238, 17131270, 17131334, 17131398, 17131462, 17131494, 17131558, 17131622, 17131686, 17131718, 17131782, 17131846, 17131910, 17131942, 17132006, 17132070, 17132134, 17132166, 17132230, 17132294, 17132358, 17132390, 17132454, 17132518, 17132582, 17132646, 17132678, 17132742, 17132806, 17132870, 17132902, 17132966, 17133030, 17133094, 17133126, 17133190, 17133254, 17133318, 17133350, 17133414, 17133478, 17133542, 17133574, 17133638, 17133702, 17133734, 17133798, 17133862, 17133926, 17133958, 17134022, 17134086, 17134150, 17134182, 17134246, 17134310, 17134374, 17134406, 17134470, 17134534, 17134598, 17134630, 17134694, 17134758, 17134822, 17134854, 17134918, 17134982, 17135014, 17135078, 17135142, 17135206, 17135238, 17135302, 17135366, 17135430, 17135462, 17135526, 17135590, 17135654, 17135686, 17135750, 17135814, 17135846, 17135910, 17135974, 17136038, 17136070, 17136134, 17136198, 17136262]",13994,10,397.358981951712,748.3314773547884,467.7071733467427,623.6095644623236,143.19365763925242,100.0,13936,100,716,1114880,1115596,716,8000,8716,1124312,169168848,170284444,170288693,365027923,365036639,7158333374,4249,194739230,194743479,195867791,0,6793305451,6793305451,6989164526,prefill,decode,0.005740157655630068,2.1693204269608576e-05,0.9942381491401003,0.9719755421395233,10,0,0,0,,,,,,,,,-1,170288693,0,12,0,10,0,0,128,488636416,9709281280,0,9709281280,9709281280,0.050326733968098614,0.0078125,1,12,12,2,2,4,1,8274829312,9709281280,0.050326733968098614,0.19806701737659413,9,0,0,128,488636416,9709281280,0,9709281280,9709281280,0.050326733968098614,0.0078125,1,10,0,0,128,488636416,9491177472,0,9709281280,9709281280,0.050326733968098614,0.0078125,1,,,,,,,,0,0,,,-1,,,,,,,,,,,,,,,,,,,170284444,0,0,0,2048,0,0,2048,0,1,0,0,2048,1695,0,1,0,local_kv,10,10,1664,1664,218103808,0,0,0,0,0,170284444,0,0,,-1,0,,0,,0,0,,
11,98,meta-llama/Llama-3.1-8B,4196,104,2265086108,4445419450,2180333342,249929540,274147989,18506653,"[18488175, 18488559, 18488911, 18489295, 18489647, 18489999, 18490383, 18490735, 18491087, 18491439, 18491823, 18492175, 18492527, 18492911, 18493263, 18493647, 18493999, 18494383, 18494735, 18495087, 18495471, 18495823, 18496175, 18496559, 18496911, 18497295, 18497647, 18497999, 18498383, 18498735, 18499119, 18499471, 18499823, 18500175, 18500527, 18500879, 18501263, 18501615, 18501967, 18502351, 18502703, 18503055, 18503439, 18503791, 18504143, 18504527, 18504879, 18505231, 18505615, 18505967, 18506319, 18506703, 18507055, 18507407, 18507791, 18508143, 18508495, 18508879, 18509231, 18509583, 18509935, 18510287, 18510639, 18510991, 18511375, 18511727, 18512079, 18512463, 18512815, 18513167, 18513519, 18513903, 18514255, 18514607, 18514959, 18515343, 18515695, 18516047, 18516399, 18516783, 18517135, 18517487, 18517839, 18518223, 18518575, 18518927, 18519279, 18519631, 18519983, 18520335, 18520687, 18521039, 18521423, 18521775, 18522127, 18522479, 18522863, 18523215, 18523567, 18523919, 18524271, 18524655, 18525007]",7064,11,593.6809602480303,555.7867361545733,654.7900426854399,623.6095644623236,91.29214640923229,100.0,17284,100,456,1382720,1383176,456,8000,8456,1391632,2263702932,2265086108,2281843918,2539234097,2539242553,4445419450,16757810,257390179,274147989,275539621,0,1906185353,1906185353,2181716518,prefill,decode,0.005050569478717545,0.060818149996656926,0.9341312805246256,0.8737056117138254,11,0,0,0,,,,,,,,,-1,2267847978,0,12,0,11,0,1,128,564133888,9092718592,681574400,9709281280,9027706880,0.12830077243369348,0.015625,1,12,10,16,8,53,10,37216256,9027706880,0.12830077243369348,1.0542694785334306,10,0,2,128,564133888,8528584704,1239416832,9709281280,8469864448,0.18575532709255282,0.0234375,1,11,0,1,128,564133888,8817991680,681574400,9709281280,9027706880,0.12830077243369348,0.015625,1,,,,,,,,0,0,,,-1,,,,,,,,,,,,,,,,,,,2265086108,0,1,1,2048,0,1,2047,0,1,0,0,2048,2047,1,2,0,local_kv,11,11,2096,2096,274726912,0,0,0,0,0,2265086108,0,0,,-1,0,,0,,0,0,,
11,64,meta-llama/Llama-3.1-8B,4695,492,1589753434,10701193302,9111439868,233032273,278262724,17990177,"[17241286, 17241414, 17241574, 17241702, 17241830, 17241958, 17242086, 17242214, 17242342, 17242502, 17242630, 17242758, 17242886, 17243014, 17243142, 17243302, 17243430, 17243558, 17243686, 17243814, 17243942, 17244102, 17244230, 17244358, 233171730, 24218449, 18488175, 18488559, 18488911, 18489295, 18489647, 18489999, 18490383, 18490735, 18491087, 18491439, 18491823, 18492175, 18492527, 18492911, 18493263, 18493647, 18493999, 18494383, 18494735, 18495087, 18495471, 18495823, 18496175, 18496559, 18496911, 18497295, 18497647, 18497999, 18498383, 18498735, 18499119, 18499471, 18499823, 18500175, 18500527, 18500879, 18501263, 18501615, 18501967, 18502351, 18502703, 18503055, 18503439, 18503791, 18504143, 18504527, 18504879, 18505231, 18505615, 18505967, 18506319, 18506703, 18507055, 18507407, 18507791, 18508143, 18508495, 18508879, 18509231, 18509583, 18509935, 18510287, 18510639, 18510991, 18511375, 18511727, 18512079, 18512463, 18512815, 18513167, 18513519, 18513903, 18514255, 18514607, 18514959, 18515343, 18515695, 18516047, 18516399, 18516783, 18517135, 18517487, 18517839, 18518223, 18518575, 18518927, 18519279, 18519631, 18519983, 18520335, 18520687, 18521039, 18521423, 18521775, 18522127, 18522479, 18522863, 18523215, 18523567, 18523919, 18524271, 18524655, 18525007, 17258278, 17258406, 17258534, 17258662, 17258790, 17258918, 17259046, 17259174, 17259302, 17259430, 17259558, 17259686, 17259814, 17259942, 17260070, 17260230, 17260358, 17260486, 17260614, 17260742, 17260870, 17260998, 17261126, 17261254, 17261382, 17261510, 17261638, 17261766, 17261894, 17262022, 17262150, 17262278, 17262406, 17262534, 17262662, 17262790, 17262918, 17263046, 17263174, 17263302, 17263430, 17263558, 17263686, 17263814, 17263942, 17264070, 17264230, 17264358, 17264486, 17264614, 17264742, 17264870, 17264998, 17265126, 17265254, 17265382, 17265510, 17265638, 17265766, 17265894, 17266022, 17266150, 17266278, 17266406, 17266534, 17266662, 17266790, 17266918, 17267046, 17267174, 17267302, 17267430, 17267558, 17267686, 17267814, 17267942, 17268070, 17268198, 17268326, 17268454, 17268582, 17268710, 17268838, 17268966, 17269094, 17269222, 17269350, 17269478, 17269606, 17269734, 17269862, 17269990, 17270118, 17270246, 17270342, 17270470, 17270598, 17270726, 17270854, 17270982, 17271110, 17271238, 17271366, 17271494, 17271622, 17271750, 17271878, 17272006, 17272134, 17272262, 17272390, 17272518, 17272646, 17272774, 17272902, 17273030, 17273158, 17273286, 17273414, 17273542, 17273670, 17273798, 17273926, 17274054, 17274182, 17274278, 17274406, 17274534, 17274662, 17274790, 17274918, 17275046, 17275174, 17275302, 17275430, 17275558, 17275686, 17275814, 17275942, 17276070, 17276198, 17276326, 17276454, 17276582, 17276710, 17276806, 17276934, 17277062, 17277190, 17277318, 17277446, 17277574, 17277702, 17277830, 17277958, 17278086, 17278214, 17278342, 17278470, 17278598, 17278694, 17278822, 17278950, 17279078, 17279206, 17279334, 17279462, 17279590, 17279718, 17279846, 17279974, 17280102, 17280230, 17280326, 17280454, 17280582, 17280710, 17280838, 17280966, 17281094, 17281222, 17281350, 17281478, 17281606, 17281702, 17281830, 17281958, 17282086, 17282214, 17282342, 17282470, 17282598, 17282726, 17282854, 17282982, 17283078, 17283206, 17283334, 17283462, 17283590, 17283718, 17283846, 17283974, 17284102, 17284198, 17284326, 17284454, 17284582, 17284710, 17284838, 17284966, 17285094, 17285222, 17285318, 17285446, 17285574, 17285702, 17285830, 17285958, 17286086, 17286214, 17286342, 17286438, 17286566, 17286694, 17286822, 17286950, 17287078, 17287206, 17287334, 17287430, 17287558, 17287686, 17287814, 17287942, 17288070, 17288198, 17288326, 17288422, 17288550, 17288678, 17288806, 17288934, 17289062, 17289190, 17289286, 17289414, 17289542, 17289670, 17289798, 17289926, 17290054, 17290150, 17290278, 17290406, 17290534, 17290662, 17290790, 17290918, 17291014, 17291142, 17291270, 17291398, 17291526, 17291654, 17291782, 17291878, 17292006, 17292134, 17292262, 17292390, 17292518, 17292614, 17292742, 17292870, 17292998, 17293126, 17293254, 17293350, 17293478, 17293606, 17293734, 17293862, 17293990, 17294086, 17294214, 17294342, 17294470, 17294598, 17294726, 17294822, 17294950, 17295078, 17295206, 17295334, 17295462, 17295558, 17295686, 17295814, 17295942, 17296070, 17296198, 17296294, 17296422, 17296550, 17296678, 17296806, 17296902, 17297030, 17297158, 17297286, 17297414, 17297510, 17297638, 17297766, 17297894, 17298022, 17298150, 17298246, 17298374, 17298502, 17298630, 17298758, 17298854, 17298982, 17299110, 17299238, 17299366, 17299462, 17299590, 17299718, 17299846, 17299974, 17300070, 17300198, 17300326, 17300454, 17300582, 17300678, 17300806, 17300934, 17301062, 17301158, 17301286, 17301414, 17301542, 17301670, 17301766, 17301894, 17302022, 17302150, 17302278, 17302374, 17302502, 17302630, 17302758, 17302854, 17302982, 17303110, 17303238, 17303366, 17303462]",4444,11,615.5566175712056,577.4830460026068,654.7900426854399,623.6095644623236,60.55507700770289,100.0,19280,100,303,1542400,1542703,303,8000,8303,1551006,1588210731,1589753434,1589772507,1868016158,1868024461,10701193302,19073,278243651,278262724,279813730,0,8833177144,8833177144,9112982571,prefill,decode,0.005542994620028116,6.816320271346227e-05,0.9943888421772584,0.9692950718519506,11,0,0,0,,,,,,,,,-1,1589772507,0,12,0,11,0,0,128,681574400,9709281280,0,9709281280,9709281280,0.07019823407567403,0.0078125,1,12,10,19,9,39,9,37216256,9709281280,0.07019823407567403,1.0663651742510853,10,0,1,128,681574400,9260490752,488636416,9709281280,9220644864,0.12052496804377265,0.015625,1,11,0,0,128,681574400,9403097088,0,9709281280,9709281280,0.07019823407567403,0.0078125,1,,,,,,,,0,0,,,-1,,,,,,,,,,,,,,,,,,,1589753434,0,0,0,2048,0,0,2048,0,1,0,0,2048,2048,0,1,0,local_kv,11,11,2336,2336,306184192,0,0,0,0,0,1589753434,0,0,,-1,0,,0,,0,0,,
