test_scenario,actual_positive,actual_ms,probability,positive_prediction_ms,expected_prediction_ms,hard_prediction_ms
2026-07-16_ttft_component_regression/phase1/input4000_rate2p5_reuse00_seed1,0,0.0,8.388024220932741e-16,0.029473762998666192,2.4722663791484324e-17,0.0
2026-07-16_ttft_component_regression/phase1/input4000_rate2p5_reuse00_seed1,0,0.0,1.013901504973274e-14,0.3062974786229275,3.1055547454530543e-15,0.0
2026-07-16_ttft_component_regression/phase1/input4000_rate2p5_reuse00_seed1,0,0.0,1.7176883014438157e-14,0.9744295495737862,1.6737662378840593e-14,0.0
2026-07-16_ttft_component_regression/phase1/input4000_rate2p5_reuse00_seed1,0,0.0,1.3029538369252472e-14,0.5768679185576145,7.516322678837249e-15,0.0
2026-07-16_ttft_component_regression/phase1/input4000_rate2p5_reuse00_seed1,0,0.0,1.3162360600589974e-13,1.9670553438814984,2.5891091757485795e-13,0.0
2026-07-16_ttft_component_regression/phase1/input4000_rate2p5_reuse00_seed1,0,0.0,2.370388133824716e-13,2.2225566678529494,5.268321952231632e-13,0.0
2026-07-16_ttft_component_regression/phase1/input4000_rate2p5_reuse00_seed1,0,0.0,2.7758142108719826e-12,1.5138923479665407,4.202283893215876e-12,0.0
2026-07-16_ttft_component_regression/phase1/input4000_rate2p5_reuse00_seed1,0,0.0,2.6308893358556162e-11,1.1483275799364043,3.021122784123574e-11,0.0
2026-07-16_ttft_component_regression/phase1/input4000_rate2p5_reuse00_seed1,0,0.0,5.2309604893467295e-11,1.1579468423500976,6.057174181097167e-11,0.0
2026-07-16_ttft_component_regression/phase1/input4000_rate2p5_reuse00_seed1,0,0.0,5.756648462224619e-11,1.119405293366608,6.444022760664984e-11,0.0
2026-07-16_ttft_component_regression/phase1/input4000_rate2p5_reuse00_seed1,0,0.0,1.0083138150632765e-10,0.7332892468456343,7.393856780317982e-11,0.0
2026-07-16_ttft_component_regression/phase1/input4000_rate2p5_reuse00_seed1,0,0.0,1.6462812366090625e-11,1.2866159521060538,2.1181317006741007e-11,0.0
2026-07-16_ttft_component_regression/phase1/input4000_rate2p5_reuse00_seed1,0,0.0,8.276479672207786e-12,1.328915212047201,1.0998739738596359e-11,0.0
2026-07-16_ttft_component_regression/phase1/input4000_rate2p5_reuse00_seed1,0,0.0,3.272785775942244e-13,0.63828015607076,2.088954215854579e-13,0.0
2026-07-16_ttft_component_regression/phase1/input4000_rate2p5_reuse00_seed1,0,0.0,3.703605165484804e-13,1.1521860008174525,4.2672420242267956e-13,0.0
2026-07-16_ttft_component_regression/phase1/input4000_rate2p5_reuse00_seed1,0,0.0,2.0184728294874755e-10,0.8225737424574101,1.6603427494001104e-10,0.0
2026-07-16_ttft_component_regression/phase1/input4000_rate2p5_reuse00_seed1,0,0.0,9.429228171036115e-12,1.025466233808544,9.66935510027383e-12,0.0
2026-07-16_ttft_component_regression/phase1/input4000_rate2p5_reuse00_seed1,0,0.0,3.034082071111233e-12,1.2664089308853628,3.842388631894423e-12,0.0
2026-07-16_ttft_component_regression/phase1/input4000_rate2p5_reuse00_seed1,0,0.0,3.8960564130326935e-11,1.3136365352710515,5.1180020476368284e-11,0.0
2026-07-16_ttft_component_regression/phase1/input4000_rate2p5_reuse00_seed1,0,0.0,6.709334852034845e-11,0.9478644907845114,6.359540263026784e-11,0.0
2026-07-16_ttft_component_regression/phase1/input4000_rate2p5_reuse00_seed1,0,0.0,3.4172059549291217e-15,0.39669886295176127,1.3556017167923701e-15,0.0
2026-07-16_ttft_component_regression/phase1/input4000_rate2p5_reuse00_seed1,0,0.0,4.9867089501728164e-14,1.004097626100611,5.0071426189231945e-14,0.0
2026-07-16_ttft_component_regression/phase1/input4000_rate2p5_reuse00_seed1,0,0.0,2.8309658300569737e-14,0.47506128875067005,1.3448822756359763e-14,0.0
2026-07-16_ttft_component_regression/phase1/input4000_rate2p5_reuse00_seed1,0,0.0,2.5330402257153747e-14,0.6986055347575828,1.7695959214483576e-14,0.0
2026-07-16_ttft_component_regression/phase1/input4000_rate2p5_reuse00_seed1,0,0.0,8.892444962745413e-16,0.30098689731293843,2.67650941886281e-16,0.0
2026-07-16_ttft_component_regression/phase1/input4000_rate2p5_reuse00_seed1,0,0.0,5.964496383100125e-15,0.23788685076897867,1.4188752609986525e-15,0.0
2026-07-16_ttft_component_regression/phase1/input4000_rate2p5_reuse00_seed1,0,0.0,7.945673433667784e-14,0.29768554254591173,2.3653121069940315e-14,0.0
2026-07-16_ttft_component_regression/phase1/input4000_rate2p5_reuse00_seed1,0,0.0,1.8296068809775805e-13,0.2781513224104794,5.0890757343522665e-14,0.0
2026-07-16_ttft_component_regression/phase1/input4000_rate2p5_reuse00_seed1,0,0.0,2.057220991722291e-14,0.024276319311739,4.994175368986272e-16,0.0
2026-07-16_ttft_component_regression/phase1/input4000_rate2p5_reuse00_seed1,0,0.0,1.4878437952261501e-10,0.6234704476862061,9.276266370967917e-11,0.0
2026-07-16_ttft_component_regression/phase1/input4000_rate2p5_reuse00_seed1,0,0.0,2.2322263729760955e-11,0.7540330073994304,1.6831723652114878e-11,0.0
2026-07-16_ttft_component_regression/phase1/input4000_rate2p5_reuse00_seed1,0,0.0,1.7696627310139414e-12,1.0565880381185648,1.869804473093562e-12,0.0
2026-07-16_ttft_component_regression/phase1/input4000_rate2p5_reuse00_seed1,0,0.0,6.419355241942645e-11,1.1523991443454658,7.397659488064284e-11,0.0
2026-07-16_ttft_component_regression/phase1/input4000_rate2p5_reuse00_seed1,0,0.0,2.5644789638419024e-11,2.2128544280081086,5.6748186306712e-11,0.0
2026-07-16_ttft_component_regression/phase1/input4000_rate2p5_reuse00_seed1,0,0.0,1.6163722613063935e-12,0.8715218803124373,1.4087037924586144e-12,0.0
2026-07-16_ttft_component_regression/phase1/input4000_rate2p5_reuse00_seed1,0,0.0,2.3172312675267542e-11,1.5163686738790958,3.513776904210721e-11,0.0
2026-07-16_ttft_component_regression/phase1/input4000_rate2p5_reuse00_seed1,0,0.0,1.7170652842469953e-10,1.2137327885939946,2.0840584356470456e-10,0.0
2026-07-16_ttft_component_regression/phase1/input4000_rate2p5_reuse00_seed1,0,0.0,1.3744370440719234e-11,1.430148391624687,1.9656489279688505e-11,0.0
2026-07-16_ttft_component_regression/phase1/input4000_rate2p5_reuse00_seed1,0,0.0,2.1874440129978433e-12,1.2804938016384348,2.8010085000748424e-12,0.0
2026-07-16_ttft_component_regression/phase1/input4000_rate2p5_reuse00_seed1,0,0.0,1.444043417490512e-10,0.9958128604428582,1.4379970061749073e-10,0.0
2026-07-16_ttft_component_regression/phase1/input4000_rate2p5_reuse00_seed1,0,0.0,1.606949552289794e-11,1.3213343298459352,2.123317609771061e-11,0.0
2026-07-16_ttft_component_regression/phase1/input4000_rate2p5_reuse00_seed1,0,0.0,6.85823646728741e-14,1.2638537475256546,8.6678078605983e-14,0.0
2026-07-16_ttft_component_regression/phase1/input4000_rate2p5_reuse00_seed1,0,0.0,3.5967176215692157e-13,0.4099993902995484,1.4746520319230204e-13,0.0
2026-07-16_ttft_component_regression/phase1/input4000_rate2p5_reuse00_seed1,0,0.0,7.23736677423141e-13,1.3675918426472675,9.897763762685245e-13,0.0
2026-07-16_ttft_component_regression/phase1/input4000_rate2p5_reuse00_seed1,0,0.0,1.7101199084465774e-12,0.45722471375753465,7.819090856305477e-13,0.0
2026-07-16_ttft_component_regression/phase1/input4000_rate2p5_reuse00_seed1,0,0.0,1.3956492689734762e-11,0.46208889418275756,6.449140273669276e-12,0.0
2026-07-16_ttft_component_regression/phase1/input4000_rate2p5_reuse00_seed1,0,0.0,1.12777353623428e-12,1.251150802969588,1.411014765427371e-12,0.0
2026-07-16_ttft_component_regression/phase1/input4000_rate2p5_reuse00_seed1,0,0.0,1.3079243355078005e-11,0.34221707449715366,4.475940397611132e-12,0.0
2026-07-16_ttft_component_regression/phase1/input4000_rate2p5_reuse00_seed1,0,0.0,1.680186397634526e-11,0.36643681239952075,6.156821477862294e-12,0.0
2026-07-16_ttft_component_regression/phase1/input4000_rate2p5_reuse00_seed1,0,0.0,7.969135798753503e-15,0.10942943882521201,8.720580583795035e-16,0.0
2026-07-16_ttft_component_regression/phase1/input4000_rate2p5_reuse00_seed1,0,0.0,4.0104805321019234e-14,1.0907667513922168,4.374498821522544e-14,0.0
2026-07-16_ttft_component_regression/phase1/input4000_rate2p5_reuse00_seed1,0,0.0,4.004268686002119e-13,0.35644935324344446,1.4273189833384325e-13,0.0
2026-07-16_ttft_component_regression/phase1/input4000_rate2p5_reuse00_seed1,0,0.0,4.768859343067651e-12,0.9896451999724707,4.719478758210771e-12,0.0
2026-07-16_ttft_component_regression/phase1/input4000_rate2p5_reuse00_seed1,0,0.0,1.3683963598363262e-11,1.5063492397612754,2.0612828163315465e-11,0.0
2026-07-16_ttft_component_regression/phase1/input4000_rate2p5_reuse00_seed1,0,0.0,4.0930846350702687e-16,0.3074962963048764,1.2586083657465042e-16,0.0
2026-07-16_ttft_component_regression/phase1/input4000_rate2p5_reuse00_seed1,0,0.0,3.885591112546571e-14,0.2197286967534189,8.537758712765251e-15,0.0
2026-07-16_ttft_component_regression/phase1/input4000_rate2p5_reuse00_seed1,0,0.0,4.08327271482742e-15,0.25912028673417453,1.0580587966799123e-15,0.0
2026-07-16_ttft_component_regression/phase1/input4000_rate2p5_reuse00_seed1,0,0.0,3.2890755853625897e-13,0.28415709364387304,9.346141591116539e-14,0.0
2026-07-16_ttft_component_regression/phase1/input4000_rate2p5_reuse00_seed1,0,0.0,5.24384006152083e-12,0.9812215654311295,5.145368954035939e-12,0.0
2026-07-16_ttft_component_regression/phase1/input4000_rate2p5_reuse00_seed1,0,0.0,1.009116176336075e-12,0.8684824511766412,8.763996903463542e-13,0.0
2026-07-16_ttft_component_regression/phase1/input4000_rate2p5_reuse00_seed1,0,0.0,1.5136888499992632e-13,0.8068850388890131,1.221372886597521e-13,0.0
2026-07-16_ttft_component_regression/phase1/input4000_rate2p5_reuse00_seed1,0,0.0,6.619532755422587e-14,1.9112706955048997,1.2651718973373992e-13,0.0
2026-07-16_ttft_component_regression/phase1/input4000_rate2p5_reuse00_seed1,0,0.0,2.48363667676706e-12,0.8988062147314965,2.232308080213314e-12,0.0
2026-07-16_ttft_component_regression/phase1/input4000_rate2p5_reuse00_seed1,0,0.0,3.307049759844898e-13,1.8080361501616766,5.979265516183067e-13,0.0
2026-07-16_ttft_component_regression/phase1/input4000_rate2p5_reuse00_seed1,0,0.0,7.600372242819888e-13,1.2636195158169505,9.603978693500658e-13,0.0
2026-07-16_ttft_component_regression/phase1/input4000_rate2p5_reuse00_seed1,0,0.0,1.2920571745785698e-11,1.0789608811574514,1.3940791475891007e-11,0.0
2026-07-16_ttft_component_regression/phase1/input4000_rate2p5_reuse00_seed1,0,0.0,1.4203384474866444e-10,0.7820237184825781,1.1107383542072777e-10,0.0
2026-07-16_ttft_component_regression/phase1/input4000_rate2p5_reuse00_seed1,0,0.0,9.173192662896653e-10,1.1970106339212492,1.0980409164495673e-09,0.0
2026-07-16_ttft_component_regression/phase1/input4000_rate2p5_reuse00_seed1,0,0.0,8.836818181083972e-10,0.3184925636872125,2.814460877331204e-10,0.0
2026-07-16_ttft_component_regression/phase1/input4000_rate2p5_reuse00_seed1,0,0.0,3.968545514748489e-15,0.3423294410922238,1.358549968012902e-15,0.0
2026-07-16_ttft_component_regression/phase1/input4000_rate2p5_reuse00_seed1,0,0.0,1.686739124550143e-14,0.9175683172004258,1.547698380069594e-14,0.0
2026-07-16_ttft_component_regression/phase1/input4000_rate2p5_reuse00_seed1,0,0.0,2.166234376065484e-15,0.5221401208221782,1.1310778788479878e-15,0.0
2026-07-16_ttft_component_regression/phase1/input4000_rate2p5_reuse00_seed1,0,0.0,3.967280586945006e-14,0.3803294016570387,1.5088734518383794e-14,0.0
2026-07-16_ttft_component_regression/phase1/input4000_rate2p5_reuse00_seed1,0,0.0,4.0076686814411436e-14,1.0674030526676328,4.2777977846507433e-14,0.0
2026-07-16_ttft_component_regression/phase1/input4000_rate2p5_reuse00_seed1,0,0.0,2.4119843646658928e-14,0.949263122476643,2.2896078093675874e-14,0.0
2026-07-16_ttft_component_regression/phase1/input4000_rate2p5_reuse00_seed1,0,0.0,2.2288404820934577e-13,1.8968619614338127,4.227802728586881e-13,0.0
2026-07-16_ttft_component_regression/phase1/input4000_rate2p5_reuse00_seed1,0,0.0,5.979686770520145e-16,0.271821209745791,1.625405691863688e-16,0.0
2026-07-16_ttft_component_regression/phase1/input4000_rate2p5_reuse00_seed1,0,0.0,1.1251449698178519e-14,0.22744051606605853,2.559035525845021e-15,0.0
2026-07-16_ttft_component_regression/phase1/input4000_rate2p5_reuse00_seed1,0,0.0,9.044850124037113e-12,0.9588384208597573,8.672549809844925e-12,0.0
2026-07-16_ttft_component_regression/phase1/input4000_rate2p5_reuse00_seed1,0,0.0,1.026123833129299e-12,1.1332081584302303,1.162811899261822e-12,0.0
2026-07-16_ttft_component_regression/phase1/input4000_rate2p5_reuse00_seed1,0,0.0,1.414611077481505e-13,1.1421944248947382,1.6157608860937135e-13,0.0
2026-07-16_ttft_component_regression/phase1/input4000_rate2p5_reuse00_seed1,0,0.0,1.2248116295643158e-10,0.13236264938647777,1.62119312288502e-11,0.0
2026-07-16_ttft_component_regression/phase1/input4000_rate2p5_reuse00_seed1,0,0.0,2.3007420263483175e-11,0.03879470368345679,8.925660516425892e-13,0.0
2026-07-16_ttft_component_regression/phase1/input4000_rate2p5_reuse00_seed1,0,0.0,1.1219745561528657e-10,1.0859349317054288,1.218391363011091e-10,0.0
2026-07-16_ttft_component_regression/phase1/input4000_rate2p5_reuse00_seed1,0,0.0,2.062883671552673e-09,0.7146982530370903,1.474339356277434e-09,0.0
2026-07-16_ttft_component_regression/phase1/input4000_rate2p5_reuse00_seed1,0,0.0,3.4487871676834597e-12,1.976853964818911,6.8177485862516295e-12,0.0
2026-07-16_ttft_component_regression/phase1/input4000_rate2p5_reuse00_seed1,0,0.0,3.5056268885819566e-11,1.105669873850954,3.8760660396669245e-11,0.0
2026-07-16_ttft_component_regression/phase1/input4000_rate2p5_reuse00_seed1,0,0.0,2.1736032418986536e-11,1.2716995821964718,2.7641703345834144e-11,0.0
2026-07-16_ttft_component_regression/phase1/input4000_rate2p5_reuse00_seed1,0,0.0,5.0045665082553666e-14,0.310999587653091,1.5564181204498883e-14,0.0
2026-07-16_ttft_component_regression/phase1/input4000_rate2p5_reuse00_seed1,0,0.0,3.1426752469195107e-13,1.2119903359171218,3.8088920281924014e-13,0.0
2026-07-16_ttft_component_regression/phase1/input4000_rate2p5_reuse00_seed1,0,0.0,3.342140938007737e-11,1.1101825697860532,3.7103866151446e-11,0.0
2026-07-16_ttft_component_regression/phase1/input4000_rate2p5_reuse00_seed1,0,0.0,3.9382641040230666e-12,1.4256956919526271,5.614766166877359e-12,0.0
2026-07-16_ttft_component_regression/phase1/input4000_rate2p5_reuse00_seed1,0,0.0,2.8350809447904664e-10,1.0896522416339287,3.089252306704568e-10,0.0
2026-07-16_ttft_component_regression/phase1/input4000_rate2p5_reuse00_seed1,0,0.0,3.5957368286028946e-12,1.4337340296799468,5.15533025294142e-12,0.0
2026-07-16_ttft_component_regression/phase1/input4000_rate2p5_reuse00_seed1,0,0.0,2.997111435676676e-11,0.4399981692487943,1.3187235447323629e-11,0.0
2026-07-16_ttft_component_regression/phase1/input4000_rate2p5_reuse00_seed1,0,0.0,2.1560546149780198e-13,1.3909052194037514,2.9988676172924735e-13,0.0
2026-07-16_ttft_component_regression/phase1/input4000_rate2p5_reuse00_seed1,0,0.0,1.833981525468638e-14,1.3025697017875821,2.3888887687136188e-14,0.0
2026-07-16_ttft_component_regression/phase1/input4000_rate2p5_reuse00_seed1,0,0.0,2.1210017459982598e-13,1.5724503844803486,3.3351700109784544e-13,0.0
2026-07-16_ttft_component_regression/phase1/input4000_rate2p5_reuse00_seed1,0,0.0,2.662501402881115e-12,0.20462523744437025,5.448149817605171e-13,0.0
2026-07-16_ttft_component_regression/phase1/input4000_rate2p5_reuse00_seed1,0,0.0,4.130213001012797e-10,0.318145287277611,1.31400780172494e-10,0.0
2026-07-16_ttft_component_regression/phase1/input4000_rate2p5_reuse00_seed1,0,0.0,1.922566542522579e-11,0.4783703929374425,9.196989123949063e-12,0.0
2026-07-16_ttft_component_regression/phase1/input4000_rate2p5_reuse00_seed1,0,0.0,2.2811872386535736e-12,0.3519657178722304,8.02899704053676e-13,0.0
2026-07-16_ttft_component_regression/phase1/input4000_rate2p5_reuse00_seed1,0,0.0,1.860821717745303e-09,0.1852113004383254,3.4464521022748605e-10,0.0
2026-07-16_ttft_component_regression/phase1/input4000_rate2p5_reuse00_seed1,0,0.0,3.0873328160050785e-10,0.1836841776581173,5.670941894648124e-11,0.0
2026-07-16_ttft_component_regression/phase1/input4000_rate2p5_reuse00_seed1,0,0.0,2.1241199659271973e-08,0.37595614013514017,7.985759435739745e-09,0.0
2026-07-16_ttft_component_regression/phase1/input4000_rate2p5_reuse00_seed1,0,0.0,4.2413336407294785e-09,0.45741101372614135,1.9400327201568567e-09,0.0
2026-07-16_ttft_component_regression/phase1/input4000_rate2p5_reuse00_seed1,0,0.0,3.2928746943916793e-10,0.4126236099640542,1.3587178435591766e-10,0.0
2026-07-16_ttft_component_regression/phase1/input4000_rate2p5_reuse00_seed1,0,0.0,3.36690163605246e-07,0.3096777299096758,1.0426544554818993e-07,0.0
2026-07-16_ttft_component_regression/phase1/input4000_rate2p5_reuse00_seed1,0,0.0,3.03006107443638e-08,0.35194585362156094,1.0664174313679759e-08,0.0
2026-07-16_ttft_component_regression/phase1/input4000_rate2p5_reuse00_seed1,0,0.0,1.3856500792796113e-10,2.3543872801030816,3.2623569213297437e-10,0.0
2026-07-16_ttft_component_regression/phase1/input4000_rate2p5_reuse00_seed1,0,0.0,1.2106915758192818e-09,2.400865251970668,2.906707335238125e-09,0.0
2026-07-16_ttft_component_regression/phase1/input4000_rate2p5_reuse00_seed1,0,0.0,1.694736396702295e-15,0.10456643849804599,1.7721254919617062e-16,0.0
2026-07-16_ttft_component_regression/phase1/input4000_rate2p5_reuse00_seed1,0,0.0,2.073457198300705e-14,0.16943604149134261,3.5131837988180128e-15,0.0
2026-07-16_ttft_component_regression/phase1/input4000_rate2p5_reuse00_seed1,0,0.0,1.8382180855472984e-13,0.2238706570521613,4.1152309061663977e-14,0.0
2026-07-16_ttft_component_regression/phase1/input4000_rate2p5_reuse00_seed1,0,0.0,4.5465072921549586e-14,0.20446709665538135,9.296111459494441e-15,0.0
2026-07-16_ttft_component_regression/phase1/input4000_rate2p5_reuse00_seed1,0,0.0,3.562875845368828e-11,0.7470582780986808,2.661675894120618e-11,0.0
2026-07-16_ttft_component_regression/phase1/input4000_rate2p5_reuse00_seed1,0,0.0,4.20451589200926e-10,0.6088092298028229,2.5597480819078867e-10,0.0
2026-07-16_ttft_component_regression/phase1/input4000_rate2p5_reuse00_seed1,0,0.0,3.465513628757626e-08,0.018745388901271896,6.496240071371969e-10,0.0
2026-07-16_ttft_component_regression/phase1/input4000_rate2p5_reuse00_seed1,0,0.0,3.524315008554819e-13,0.1910400948702756,6.732854735870488e-14,0.0
2026-07-16_ttft_component_regression/phase1/input4000_rate2p5_reuse00_seed1,0,0.0,5.171281250401413e-12,0.18160931482999068,9.391528446785782e-13,0.0
2026-07-16_ttft_component_regression/phase1/input4000_rate2p5_reuse00_seed1,0,0.0,3.6807445799202246e-09,0.06312235487517129,2.3233726557858767e-10,0.0
2026-07-16_ttft_component_regression/phase1/input4000_rate2p5_reuse00_seed1,0,0.0,4.3564217523396615e-06,1.8101043344522243,7.885577896611976e-06,0.0
2026-07-16_ttft_component_regression/phase1/input4000_rate2p5_reuse00_seed1,0,0.0,8.875536981997209e-09,2.2763995339126986,2.0204268249043366e-08,0.0
2026-07-16_ttft_component_regression/phase1/input4000_rate2p5_reuse00_seed1,0,0.0,3.750017177139285e-05,1.5324240785887109,5.746616617369507e-05,0.0
2026-07-16_ttft_component_regression/phase1/input4000_rate2p5_reuse00_seed1,0,0.0,1.9145721582155396e-07,2.189237664072338,4.191453479349722e-07,0.0
2026-07-16_ttft_component_regression/phase1/input4000_rate2p5_reuse00_seed1,0,0.0,0.0002555722506101833,1.9085896301505803,0.00048778254726884117,0.0
2026-07-16_ttft_component_regression/phase1/input4000_rate2p5_reuse00_seed1,0,0.0,1.4870387312284735e-08,2.654703134623521,3.9476463810988116e-08,0.0
2026-07-16_ttft_component_regression/phase1/input4000_rate2p5_reuse00_seed1,0,0.0,1.4643082719398447e-08,0.9967584521966182,1.4595616466774642e-08,0.0
2026-07-16_ttft_component_regression/phase1/input4000_rate2p5_reuse00_seed1,0,0.0,1.1436619613557199e-08,1.3959805581947244,1.596529863199431e-08,0.0
2026-07-16_ttft_component_regression/phase1/input4000_rate2p5_reuse00_seed1,0,0.0,1.4230174082964116e-06,1.3896579838235386,1.9775075025589884e-06,0.0
2026-07-16_ttft_component_regression/phase1/input4000_rate2p5_reuse00_seed1,0,0.0,2.0410298661629905e-05,0.4244321194957425,8.662786320496697e-06,0.0
2026-07-16_ttft_component_regression/phase1/input4000_rate2p5_reuse00_seed1,0,0.0,1.9455924949157707e-07,1.3635058576615877,2.6528267634400763e-07,0.0
2026-07-16_ttft_component_regression/phase1/input4000_rate2p5_reuse00_seed1,0,0.0,1.7263467762769456e-06,0.4756129084835346,8.210728113162519e-07,0.0
2026-07-16_ttft_component_regression/phase1/input4000_rate2p5_reuse00_seed1,0,0.0,1.5340411141607489e-07,0.5579555975844456,8.559268265706694e-08,0.0
2026-07-16_ttft_component_regression/phase1/input4000_rate2p5_reuse00_seed1,0,0.0,3.621319044523106e-07,1.16881736442354,4.232660581356269e-07,0.0
2026-07-16_ttft_component_regression/phase1/input4000_rate2p5_reuse00_seed1,0,0.0,1.4363554154966175e-05,1.3176192627162406,1.8925695635651325e-05,0.0
2026-07-16_ttft_component_regression/phase1/input4000_rate2p5_reuse00_seed1,0,0.0,0.0007299830861914633,0.15363247888617518,0.00011214911107657498,0.0
2026-07-16_ttft_component_regression/phase1/input4000_rate2p5_reuse00_seed1,0,0.0,2.006424829143069e-06,0.942598394984992,1.8912528236082936e-06,0.0
2026-07-16_ttft_component_regression/phase1/input4000_rate2p5_reuse00_seed1,0,0.0,2.2414299158521982e-08,1.0373652994979001,2.3251816159615686e-08,0.0
2026-07-16_ttft_component_regression/phase1/input4000_rate2p5_reuse00_seed1,0,0.0,0.0002387504925985858,1.0479680536852358,0.00025020288904493125,0.0
2026-07-16_ttft_component_regression/phase1/input4000_rate2p5_reuse00_seed1,0,0.0,0.0013480766738905522,0.9682117026240706,0.0013052236116953657,0.0
2026-07-16_ttft_component_regression/phase1/input4000_rate2p5_reuse00_seed1,0,0.0,0.00018336897127172548,1.2500217928152415,0.0002292152102157688,0.0
2026-07-16_ttft_component_regression/phase1/input4000_rate2p5_reuse00_seed1,0,0.0,0.0022616598444254827,1.2676826435353246,0.0028670669303589866,0.0
2026-07-16_ttft_component_regression/phase1/input4000_rate2p5_reuse00_seed1,0,0.0,1.7389243470224794e-09,0.38594653223221864,6.71131821547501e-10,0.0
2026-07-16_ttft_component_regression/phase1/input4000_rate2p5_reuse00_seed1,0,0.0,2.020299050608091e-08,1.4068144087085237,2.8421858142956132e-08,0.0
2026-07-16_ttft_component_regression/phase1/input4000_rate2p5_reuse00_seed1,0,0.0,2.94344032925454e-10,1.3464698047589432,3.9632535254509597e-10,0.0
2026-07-16_ttft_component_regression/phase1/input4000_rate2p5_reuse00_seed1,0,0.0,2.703166704551509e-10,0.10530320869038354,2.8465212761428392e-11,0.0
2026-07-16_ttft_component_regression/phase1/input4000_rate2p5_reuse00_seed1,0,0.0,5.261757124332749e-12,0.3931260661348971,2.068533879246202e-12,0.0
2026-07-16_ttft_component_regression/phase1/input4000_rate2p5_reuse00_seed1,0,0.0,3.761035966948812e-09,0.19437534152515876,7.31052650564081e-10,0.0
2026-07-16_ttft_component_regression/phase1/input4000_rate2p5_reuse00_seed1,0,0.0,2.149900887017098e-06,0.8477644862952595,1.8226096210677728e-06,0.0
2026-07-16_ttft_component_regression/phase1/input4000_rate2p5_reuse00_seed1,0,0.0,8.031759317042272e-13,0.35970912599095206,2.8890971241029615e-13,0.0
2026-07-16_ttft_component_regression/phase1/input4000_rate2p5_reuse00_seed1,0,0.0,7.187163168709288e-11,0.2844024193281526,2.0440465932871127e-11,0.0
2026-07-16_ttft_component_regression/phase1/input4000_rate2p5_reuse00_seed1,0,0.0,2.7915832836868977e-07,0.39432614026519397,1.1007942614850904e-07,0.0
2026-07-16_ttft_component_regression/phase1/input4000_rate2p5_reuse00_seed1,0,0.0,2.2322903043131956e-09,0.13633812688856944,3.0434627876157575e-10,0.0
2026-07-16_ttft_component_regression/phase1/input4000_rate2p5_reuse00_seed1,0,0.0,1.8915971060451226e-06,0.4726083746848683,8.939846338465859e-07,0.0
2026-07-16_ttft_component_regression/phase1/input4000_rate2p5_reuse00_seed1,0,0.0,3.083453535729677e-08,0.3925379616452272,1.2103725657430962e-08,0.0
2026-07-16_ttft_component_regression/phase1/input4000_rate2p5_reuse00_seed1,0,0.0,2.5000121077345528e-05,0.33478392691641407,8.369638707659548e-06,0.0
2026-07-16_ttft_component_regression/phase1/input4000_rate2p5_reuse00_seed1,0,0.0,1.7540065469565046e-07,1.3167258238412345,2.3095457155642224e-07,0.0
2026-07-16_ttft_component_regression/phase1/input4000_rate2p5_reuse00_seed1,0,0.0,1.8197331553400864e-09,1.7881965995198656,3.254040640412698e-09,0.0
2026-07-16_ttft_component_regression/phase1/input4000_rate2p5_reuse00_seed1,0,0.0,2.4804154679688126e-08,1.815126370373624,4.5022675253928246e-08,0.0
2026-07-16_ttft_component_regression/phase1/input4000_rate2p5_reuse00_seed1,0,0.0,7.424245176423537e-15,0.3112816488590194,2.31103128005074e-15,0.0
2026-07-16_ttft_component_regression/phase1/input4000_rate2p5_reuse00_seed1,0,0.0,1.0422610195988042e-15,0.2931705820989186,3.0556026981479383e-16,0.0
2026-07-16_ttft_component_regression/phase1/input4000_rate2p5_reuse00_seed1,0,0.0,1.582849157955932e-14,1.0433754339067478,1.651505926991201e-14,0.0
2026-07-16_ttft_component_regression/phase1/input4000_rate2p5_reuse00_seed1,0,0.0,3.0827144894867875e-15,0.3323248778088591,1.0244627160382961e-15,0.0
2026-07-16_ttft_component_regression/phase1/input4000_rate2p5_reuse00_seed1,0,0.0,1.1308882242482527e-13,2.4035045679197324,2.71809501278731e-13,0.0
2026-07-16_ttft_component_regression/phase1/input4000_rate2p5_reuse00_seed1,0,0.0,3.371006850186163e-12,0.773895447291292,2.60880685414683e-12,0.0
2026-07-16_ttft_component_regression/phase1/input4000_rate2p5_reuse00_seed1,0,0.0,3.177882093411958e-11,1.28046297571299,4.069160361795302e-11,0.0
2026-07-16_ttft_component_regression/phase1/input4000_rate2p5_reuse00_seed1,0,0.0,2.3151525218769914e-13,1.474416786689467,3.41349974200189e-13,0.0
2026-07-16_ttft_component_regression/phase1/input4000_rate2p5_reuse00_seed1,0,0.0,3.428752919740303e-14,1.497820240835311,5.1356555240101956e-14,0.0
2026-07-16_ttft_component_regression/phase1/input4000_rate2p5_reuse00_seed1,0,0.0,6.239413567520432e-14,1.3566163126026667,8.464490226772618e-14,0.0
2026-07-16_ttft_component_regression/phase1/input4000_rate2p5_reuse00_seed1,0,0.0,4.3250795266228703e-13,0.49829104602560725,2.1551484014648483e-13,0.0
2026-07-16_ttft_component_regression/phase1/input4000_rate2p5_reuse00_seed1,0,0.0,1.3074220647889397e-12,0.20412573074841844,2.668784843716484e-13,0.0
2026-07-16_ttft_component_regression/phase1/input4000_rate2p5_reuse00_seed1,0,0.0,1.9964983629655906e-13,1.372784033554486,2.7407610756968317e-13,0.0
2026-07-16_ttft_component_regression/phase1/input4000_rate2p5_reuse00_seed1,0,0.0,1.0019115610818031e-11,1.2149911002007947,1.2173136299026757e-11,0.0
2026-07-16_ttft_component_regression/phase1/input4000_rate2p5_reuse00_seed1,0,0.0,1.1996178976841085e-11,0.9815270619022305,1.1774574305192136e-11,0.0
2026-07-16_ttft_component_regression/phase1/input4000_rate2p5_reuse00_seed1,0,0.0,1.4007838543443508e-11,0.1972237563453393,2.7626785358169553e-12,0.0
2026-07-16_ttft_component_regression/phase1/input4000_rate2p5_reuse00_seed1,0,0.0,1.0793510745469847e-10,0.12691464497251204,1.3698545842682994e-11,0.0
2026-07-16_ttft_component_regression/phase1/input4000_rate2p5_reuse00_seed1,0,0.0,1.5437215741577237e-12,0.4381340744552858,6.763570231102511e-13,0.0
2026-07-16_ttft_component_regression/phase1/input4000_rate2p5_reuse00_seed1,0,0.0,1.7980786843674187e-13,0.1478243853225507,2.6579987627819433e-14,0.0
2026-07-16_ttft_component_regression/phase1/input4000_rate2p5_reuse00_seed1,0,0.0,4.2813897815337046e-13,2.111679966547752,9.040925030646981e-13,0.0
2026-07-16_ttft_component_regression/phase1/input4000_rate2p5_reuse00_seed1,0,0.0,1.908506455685581e-11,2.0548966110958777,3.921783448042905e-11,0.0
2026-07-16_ttft_component_regression/phase1/input4000_rate2p5_reuse00_seed1,0,0.0,5.098777695764882e-15,0.13724823739113565,6.997982515929661e-16,0.0
2026-07-16_ttft_component_regression/phase1/input4000_rate2p5_reuse00_seed1,0,0.0,1.9273183357954305e-12,1.1889625553600267,2.291509333519569e-12,0.0
2026-07-16_ttft_component_regression/phase1/input4000_rate2p5_reuse00_seed1,0,0.0,8.097621520433136e-11,2.4859038021632305,2.0129908126123532e-10,0.0
2026-07-16_ttft_component_regression/phase1/input4000_rate2p5_reuse00_seed1,0,0.0,7.870794327636496e-14,0.8838676434932184,6.95674043478786e-14,0.0
2026-07-16_ttft_component_regression/phase1/input4000_rate2p5_reuse00_seed1,0,0.0,1.3681581472098478e-15,0.21678195741948805,2.965920012115709e-16,0.0
2026-07-16_ttft_component_regression/phase1/input4000_rate2p5_reuse00_seed1,0,0.0,1.3439382495184817e-14,0.3105128511275591,4.1731009759736466e-15,0.0
2026-07-16_ttft_component_regression/phase1/input4000_rate2p5_reuse00_seed1,0,0.0,6.552075899320762e-13,0.11656261843173295,7.637271229882794e-14,0.0
2026-07-16_ttft_component_regression/phase1/input4000_rate2p5_reuse00_seed1,0,0.0,1.0843950336012382e-13,0.26571142150802407,2.8813614585442656e-14,0.0
2026-07-16_ttft_component_regression/phase1/input4000_rate2p5_reuse00_seed1,0,0.0,1.1671325272372955e-11,0.05712711417665485,6.667491314277271e-13,0.0
2026-07-16_ttft_component_regression/phase1/input4000_rate2p5_reuse00_seed1,0,0.0,1.1798933415420403e-10,0.7496595707075251,8.845183359010732e-11,0.0
2026-07-16_ttft_component_regression/phase1/input4000_rate2p5_reuse00_seed1,0,0.0,6.195113779538385e-09,0.09191137035496136,5.69401396982277e-10,0.0
2026-07-16_ttft_component_regression/phase1/input4000_rate2p5_reuse00_seed1,0,0.0,8.801107454814718e-10,0.21696585920752282,1.9095398409116096e-10,0.0
2026-07-16_ttft_component_regression/phase1/input4000_rate2p5_reuse00_seed1,0,0.0,5.782717201513382e-08,0.4189514598795267,2.4226778136444826e-08,0.0
2026-07-16_ttft_component_regression/phase1/input4000_rate2p5_reuse00_seed1,0,0.0,5.23759258854788e-07,0.8970428725740393,4.6983451010034886e-07,0.0
2026-07-16_ttft_component_regression/phase1/input4000_rate2p5_reuse00_seed1,0,0.0,2.2406229655656706e-12,2.21263398421056,4.95767851941325e-12,0.0
2026-07-16_ttft_component_regression/phase1/input4000_rate2p5_reuse00_seed1,0,0.0,3.042562569147119e-11,0.763486750501602,2.3229562091159397e-11,0.0
2026-07-16_ttft_component_regression/phase1/input4000_rate2p5_reuse00_seed1,0,0.0,3.347214575961041e-11,2.2873471690635694,7.656241784572803e-11,0.0
2026-07-16_ttft_component_regression/phase1/input4000_rate2p5_reuse00_seed1,0,0.0,2.7355278973824437e-11,1.1815999051199033,3.232299503999944e-11,0.0
2026-07-16_ttft_component_regression/phase1/input4000_rate2p5_reuse00_seed1,0,0.0,1.9670506326156816e-12,1.558301150825117,3.065257264536291e-12,0.0
2026-07-16_ttft_component_regression/phase1/input4000_rate2p5_reuse00_seed1,0,0.0,9.385601815521206e-15,0.44779485590822765,4.202824212593318e-15,0.0
2026-07-16_ttft_component_regression/phase1/input4000_rate2p5_reuse00_seed1,0,0.0,6.355693510032311e-14,0.2981128304760661,1.894713781914096e-14,0.0
2026-07-16_ttft_component_regression/phase1/input4000_rate2p5_reuse00_seed1,0,0.0,4.3312839107961955e-15,0.2026056735360754,8.775426940228299e-16,0.0
2026-07-16_ttft_component_regression/phase1/input4000_rate2p5_reuse00_seed1,0,0.0,3.897788653236585e-14,0.42200967048566485,1.6449045051751346e-14,0.0
2026-07-16_ttft_component_regression/phase1/input4000_rate2p5_reuse00_seed1,0,0.0,2.4320327658481e-13,0.4191397606339529,1.019361631331503e-13,0.0
2026-07-16_ttft_component_regression/phase1/input4000_rate2p5_reuse00_seed1,0,0.0,3.1870736462668176e-13,0.251285421509752,8.008651445847795e-14,0.0
2026-07-16_ttft_component_regression/phase1/input4000_rate2p5_reuse00_seed1,0,0.0,4.252515258787495e-12,0.3971422112856068,1.6888533134006504e-12,0.0
2026-07-16_ttft_component_regression/phase1/input4000_rate2p5_reuse00_seed1,0,0.0,3.5859751142749503e-12,0.5048208936881996,1.810275161931924e-12,0.0
2026-07-16_ttft_component_regression/phase1/input4000_rate2p5_reuse00_seed1,0,0.0,3.2615307456683643e-12,0.38717126678658975,1.2627709904638312e-12,0.0
2026-07-16_ttft_component_regression/phase1/input4000_rate2p5_reuse00_seed1,0,0.0,4.7099788705873236e-11,0.33234000860015406,1.565314418357535e-11,0.0
2026-07-16_ttft_component_regression/phase1/input4000_rate2p5_reuse00_seed1,0,0.0,2.751391174974229e-10,0.3222968340726721,8.867646649896835e-11,0.0
2026-07-16_ttft_component_regression/phase1/input4000_rate2p5_reuse00_seed1,0,0.0,1.7067472510699082e-10,1.3980662872235585,2.3861457925323215e-10,0.0
2026-07-16_ttft_component_regression/phase1/input4000_rate2p5_reuse00_seed1,0,0.0,8.218035937701195e-11,2.324767455744839,1.9105022498109259e-10,0.0
2026-07-16_ttft_component_regression/phase1/input4000_rate2p5_reuse00_seed1,0,0.0,1.4513738418830794e-09,1.7668663391352006,2.5643835867245483e-09,0.0
2026-07-16_ttft_component_regression/phase1/input4000_rate2p5_reuse00_seed1,0,0.0,1.5894885923783022e-09,1.9349120746536002,3.0755206699169312e-09,0.0
2026-07-16_ttft_component_regression/phase1/input4000_rate2p5_reuse00_seed1,0,0.0,2.0321888469272505e-15,0.04079487792413212,8.290289592917999e-17,0.0
2026-07-16_ttft_component_regression/phase1/input4000_rate2p5_reuse00_seed1,0,0.0,2.083609339239502e-14,0.29951887191892357,6.240803188087494e-15,0.0
2026-07-16_ttft_component_regression/phase1/input4000_rate2p5_reuse00_seed1,0,0.0,2.1464855802410953e-13,0.15743142573321123,3.379242852131348e-14,0.0
2026-07-16_ttft_component_regression/phase1/input4000_rate2p5_reuse00_seed1,0,0.0,1.2973349328427933e-12,2.158894874289149,2.800809736750564e-12,0.0
2026-07-16_ttft_component_regression/phase1/input4000_rate2p5_reuse00_seed1,0,0.0,1.1956033642425943e-13,2.318701393026425,2.772247186176384e-13,0.0
2026-07-16_ttft_component_regression/phase1/input4000_rate2p5_reuse00_seed1,0,0.0,2.866512075857091e-13,1.2523436690923957,3.589858250576529e-13,0.0
2026-07-16_ttft_component_regression/phase1/input4000_rate2p5_reuse00_seed1,0,0.0,1.4824177798739087e-11,0.9822810448736613,1.4561508857538365e-11,0.0
2026-07-16_ttft_component_regression/phase1/input4000_rate2p5_reuse00_seed1,0,0.0,1.4914551867419052e-12,1.2641227015754233,1.8853823599428547e-12,0.0
2026-07-16_ttft_component_regression/phase1/input4000_rate2p5_reuse00_seed1,0,0.0,1.5922290297712499e-12,1.3342177283638252,2.1243801991363346e-12,0.0
2026-07-16_ttft_component_regression/phase1/input4000_rate2p5_reuse00_seed1,0,0.0,1.9155475386799025e-12,1.2417155340664163,2.3785651350215246e-12,0.0
2026-07-16_ttft_component_regression/phase1/input4000_rate2p5_reuse00_seed1,0,0.0,3.6019044168375323e-12,0.5490758615818215,1.9777187710104367e-12,0.0
2026-07-16_ttft_component_regression/phase1/input4000_rate2p5_reuse00_seed1,0,0.0,3.634065775447698e-11,0.47625427480531046,1.7307393604806418e-11,0.0
2026-07-16_ttft_component_regression/phase1/input4000_rate2p5_reuse00_seed1,0,0.0,2.369659287659475e-11,1.4461580175756612,3.42690177777138e-11,0.0
2026-07-16_ttft_component_regression/phase1/input4000_rate2p5_reuse00_seed1,0,0.0,3.196549884971447e-11,1.4022632961462942,4.482404577996119e-11,0.0
2026-07-16_ttft_component_regression/phase1/input4000_rate2p5_reuse00_seed1,0,0.0,4.218261745428315e-12,1.2297712708492263,5.1874971074500545e-12,0.0
2026-07-16_ttft_component_regression/phase1/input4000_rate2p5_reuse00_seed1,0,0.0,3.6207778122382177e-10,1.2088580987405346,4.3770065820642044e-10,0.0
2026-07-16_ttft_component_regression/phase1/input4000_rate2p5_reuse00_seed1,0,0.0,6.350661654190553e-11,0.8623447368108975,5.4764596527580115e-11,0.0
2026-07-16_ttft_component_regression/phase1/input4000_rate2p5_reuse00_seed1,0,0.0,1.2552215380028105e-10,0.9226029807543042,1.1580711324683952e-10,0.0
2026-07-16_ttft_component_regression/phase1/input4000_rate2p5_reuse00_seed1,0,0.0,6.562532455207051e-12,1.2717573586325852,8.345948941174734e-12,0.0
2026-07-16_ttft_component_regression/phase1/input4000_rate2p5_reuse00_seed1,0,0.0,6.642588015286302e-10,0.9000684907280206,5.978784169446779e-10,0.0
2026-07-16_ttft_component_regression/phase1/input4000_rate2p5_reuse00_seed1,0,0.0,1.0625623432534983e-07,0.30073888544075955,3.1955381482137886e-08,0.0
2026-07-16_ttft_component_regression/phase1/input4000_rate2p5_reuse00_seed1,0,0.0,8.541330332930797e-11,1.4346294129931578,1.2253643721713163e-10,0.0
2026-07-16_ttft_component_regression/phase1/input4000_rate2p5_reuse00_seed1,0,0.0,1.0807671315652837e-08,1.1002551449772873,1.1891195970270482e-08,0.0
2026-07-16_ttft_component_regression/phase1/input4000_rate2p5_reuse00_seed1,0,0.0,1.155933891317251e-09,0.3380752904972976,3.9079268610275125e-10,0.0
2026-07-16_ttft_component_regression/phase1/input4000_rate2p5_reuse00_seed1,0,0.0,1.187426737732462e-09,0.33605001767278114,3.990347762001267e-10,0.0
2026-07-16_ttft_component_regression/phase1/input4000_rate2p5_reuse00_seed1,0,0.0,5.859938579652086e-14,0.4237962217555724,2.4834198297762694e-14,0.0
2026-07-16_ttft_component_regression/phase1/input4000_rate2p5_reuse00_seed1,0,0.0,5.064930810794708e-14,0.4482101776222649,2.2701535383507782e-14,0.0
2026-07-16_ttft_component_regression/phase1/input4000_rate2p5_reuse00_seed1,0,0.0,2.630309889901865e-13,0.31054594603906466,8.168320731354826e-14,0.0
2026-07-16_ttft_component_regression/phase1/input4000_rate2p5_reuse00_seed1,0,0.0,2.4217438464981954e-12,1.8186496770212908,4.404303664262242e-12,0.0
2026-07-16_ttft_component_regression/phase1/input4000_rate2p5_reuse00_seed1,0,0.0,9.853119495235888e-16,0.2411692448468187,2.376269388051507e-16,0.0
2026-07-16_ttft_component_regression/phase1/input4000_rate2p5_reuse00_seed1,0,0.0,1.1700242929267677e-14,0.2950150971623519,3.4517483046010246e-15,0.0
2026-07-16_ttft_component_regression/phase1/input4000_rate2p5_reuse00_seed1,0,0.0,2.3783353288246206e-14,0.2899498186242413,6.89597897220324e-15,0.0
2026-07-16_ttft_component_regression/phase1/input4000_rate2p5_reuse00_seed1,0,0.0,1.7326181228412588e-13,0.9352069767846035,1.6203565565845883e-13,0.0
2026-07-16_ttft_component_regression/phase1/input4000_rate2p5_reuse00_seed1,0,0.0,1.7113344160548798e-13,1.1000340510053757,1.8825261303177684e-13,0.0
2026-07-16_ttft_component_regression/phase1/input4000_rate2p5_reuse00_seed1,0,0.0,1.9725361569305786e-12,0.19625892847624668,3.871278325398489e-13,0.0
2026-07-16_ttft_component_regression/phase1/input4000_rate2p5_reuse00_seed1,0,0.0,2.132267331518081e-11,0.9379638480756257,1.999989671396645e-11,0.0
2026-07-16_ttft_component_regression/phase1/input4000_rate2p5_reuse00_seed1,0,0.0,1.2216957237693134e-15,0.403403257968201,4.928360352143603e-16,0.0
2026-07-16_ttft_component_regression/phase1/input4000_rate2p5_reuse00_seed1,0,0.0,3.622101002928453e-14,1.5600835222089506,5.650780090445193e-14,0.0
2026-07-16_ttft_component_regression/phase1/input4000_rate2p5_reuse00_seed1,0,0.0,3.2072418608861663e-13,0.5549155794611343,1.7797484757056539e-13,0.0
2026-07-16_ttft_component_regression/phase1/input4000_rate2p5_reuse00_seed1,0,0.0,2.3561471921639397e-12,1.4867175048848962,3.5029252746755267e-12,0.0
2026-07-16_ttft_component_regression/phase1/input4000_rate2p5_reuse00_seed1,0,0.0,1.2063399508303306e-11,1.4323767492702162,1.7279332972851415e-11,0.0
2026-07-16_ttft_component_regression/phase1/input4000_rate2p5_reuse00_seed1,0,0.0,3.3978212341711475e-11,1.5051501275824704,5.114231064115129e-11,0.0
2026-07-16_ttft_component_regression/phase1/input4000_rate2p5_reuse00_seed1,0,0.0,3.5117504862543173e-10,1.342172820610277,4.713376055415469e-10,0.0
2026-07-16_ttft_component_regression/phase1/input4000_rate2p5_reuse00_seed1,0,0.0,3.1892344816986603e-10,1.266004533066735,4.0375853108432436e-10,0.0
2026-07-16_ttft_component_regression/phase1/input4000_rate2p5_reuse00_seed1,0,0.0,3.431198829630063e-10,0.45930287412117515,1.5759594841303e-10,0.0
2026-07-16_ttft_component_regression/phase1/input4000_rate2p5_reuse00_seed1,0,0.0,1.260690561017284e-10,1.4358327386561904,1.8101407808234562e-10,0.0
2026-07-16_ttft_component_regression/phase1/input4000_rate2p5_reuse00_seed1,0,0.0,1.429881339345502e-10,1.3836698140886714,1.978483646981051e-10,0.0
2026-07-16_ttft_component_regression/phase1/input4000_rate2p5_reuse00_seed1,0,0.0,9.949986868668732e-12,1.178621734280578,1.1727270779219319e-11,0.0
2026-07-16_ttft_component_regression/phase1/input4000_rate2p5_reuse00_seed1,0,0.0,1.0272100202626112e-10,1.1310645516769495,1.1618408410464005e-10,0.0
2026-07-16_ttft_component_regression/phase1/input4000_rate2p5_reuse00_seed1,0,0.0,1.3817511025689677e-10,0.3463463317251867,4.785644257319942e-11,0.0
2026-07-16_ttft_component_regression/phase1/input4000_rate2p5_reuse00_seed1,0,0.0,4.24688031459931e-10,0.3621959074434834,1.5382026693501633e-10,0.0
2026-07-16_ttft_component_regression/phase1/input4000_rate2p5_reuse00_seed1,0,0.0,9.433997056137728e-09,0.2762857199398663,2.6064786685655914e-09,0.0
2026-07-16_ttft_component_regression/phase1/input4000_rate2p5_reuse00_seed1,0,0.0,1.7290666102279984e-09,0.0838558945163786,1.4499242727907135e-10,0.0
2026-07-16_ttft_component_regression/phase1/input4000_rate2p5_reuse00_seed1,0,0.0,1.5408048735493842e-10,0.3955359488441781,6.094437176430895e-11,0.0
2026-07-16_ttft_component_regression/phase1/input4000_rate2p5_reuse00_seed1,0,0.0,1.265731873758965e-11,0.4476536352906987,5.666094745915084e-12,0.0
2026-07-16_ttft_component_regression/phase1/input4000_rate2p5_reuse00_seed1,0,0.0,2.8089543287470527e-10,1.2403787076453106,3.48416714012597e-10,0.0
2026-07-16_ttft_component_regression/phase1/input4000_rate2p5_reuse00_seed1,0,0.0,4.613294038782713e-12,0.15206513363216365,7.015211744919571e-13,0.0
2026-07-16_ttft_component_regression/phase1/input4000_rate2p5_reuse00_seed1,0,0.0,2.1217273377643853e-11,0.4983606265528459,1.0573853654225607e-11,0.0
2026-07-16_ttft_component_regression/phase1/input4000_rate2p5_reuse00_seed1,0,0.0,1.584437807550748e-10,1.061051552756679,1.6811701959481092e-10,0.0
2026-07-16_ttft_component_regression/phase1/input4000_rate2p5_reuse00_seed1,0,0.0,4.769512593879111e-16,0.015970690768203514,7.617241075189553e-18,0.0
2026-07-16_ttft_component_regression/phase1/input4000_rate2p5_reuse00_seed1,0,0.0,6.958659739925543e-15,0.20492166021402625,1.4259801067700464e-15,0.0
2026-07-16_ttft_component_regression/phase1/input4000_rate2p5_reuse00_seed1,0,0.0,1.8483750903567777e-15,0.27937393412148964,5.163878207251369e-16,0.0
2026-07-16_ttft_component_regression/phase1/input4000_rate2p5_reuse00_seed1,0,0.0,2.481779848835648e-13,1.034712499002301,2.567928629362286e-13,0.0
2026-07-16_ttft_component_regression/phase1/input4000_rate2p5_reuse00_seed1,0,0.0,2.6086961102731393e-14,1.11409400952758,2.9063327091332036e-14,0.0
2026-07-16_ttft_component_regression/phase1/input4000_rate2p5_reuse00_seed1,0,0.0,2.456543169438545e-13,2.4010718142995957,5.898336564749086e-13,0.0
2026-07-16_ttft_component_regression/phase1/input4000_rate2p5_reuse00_seed1,0,0.0,3.699022335496256e-15,0.4622654591940326,1.7099302584871597e-15,0.0
2026-07-16_ttft_component_regression/phase1/input4000_rate2p5_reuse00_seed1,0,0.0,2.794730144279304e-13,0.7926590045636234,2.2152680141883847e-13,0.0
2026-07-16_ttft_component_regression/phase1/input4000_rate2p5_reuse00_seed1,0,0.0,2.1397707393240328e-14,0.946580026208189,2.025464242508859e-14,0.0
2026-07-16_ttft_component_regression/phase1/input4000_rate2p5_reuse00_seed1,0,0.0,4.45037993383045e-12,0.1504044755771001,6.693570600666182e-13,0.0
2026-07-16_ttft_component_regression/phase1/input4000_rate2p5_reuse00_seed1,0,0.0,3.67038223367812e-12,0.4296212626156222,1.5768742495147418e-12,0.0
2026-07-16_ttft_component_regression/phase1/input4000_rate2p5_reuse00_seed1,0,0.0,1.7339008990882442e-12,0.9235365865153431,1.6013209176998415e-12,0.0
2026-07-16_ttft_component_regression/phase1/input4000_rate2p5_reuse00_seed1,0,0.0,1.6767711886004152e-12,0.15028134796326098,2.519874344488297e-13,0.0
2026-07-16_ttft_component_regression/phase1/input4000_rate2p5_reuse00_seed1,0,0.0,1.9939054709324564e-13,1.3539430597950806,2.699634474256441e-13,0.0
2026-07-16_ttft_component_regression/phase1/input4000_rate2p5_reuse00_seed1,0,0.0,8.254557712101796e-11,1.2191196963215605,1.0063293891246337e-10,0.0
2026-07-16_ttft_component_regression/phase1/input4000_rate2p5_reuse00_seed1,0,0.0,1.1992182200608013e-11,1.4067310320621973,1.6869774843739222e-11,0.0
2026-07-16_ttft_component_regression/phase1/input4000_rate2p5_reuse00_seed1,0,0.0,1.0563668619826314e-09,0.19738509517344877,2.085110735905191e-10,0.0
2026-07-16_ttft_component_regression/phase1/input4000_rate2p5_reuse00_seed1,0,0.0,5.914066771715491e-09,0.37698944825319436,2.2295407692015735e-09,0.0
2026-07-16_ttft_component_regression/phase1/input4000_rate2p5_reuse00_seed1,0,0.0,1.0865649603249469e-10,0.3949671177661171,4.291574306451996e-11,0.0
2026-07-16_ttft_component_regression/phase1/input4000_rate2p5_reuse00_seed1,0,0.0,1.3952126106302612e-12,0.45739967170816387,6.381697900653717e-13,0.0
2026-07-16_ttft_component_regression/phase1/input4000_rate2p5_reuse00_seed1,0,0.0,1.868167529858871e-10,1.134841870921916,2.1200747347806152e-10,0.0
2026-07-16_ttft_component_regression/phase1/input4000_rate2p5_reuse00_seed1,0,0.0,1.1705379660204108e-12,0.25807654787471795,3.020883974268415e-13,0.0
2026-07-16_ttft_component_regression/phase1/input4000_rate2p5_reuse00_seed1,0,0.0,2.0634341607352197e-11,0.4684396809227594,9.665944398599282e-12,0.0
2026-07-16_ttft_component_regression/phase1/input4000_rate2p5_reuse00_seed1,0,0.0,2.696153306813433e-13,0.8199434832146945,2.2106933336694232e-13,0.0
2026-07-16_ttft_component_regression/phase1/input4000_rate2p5_reuse00_seed1,0,0.0,1.6797957270867918e-12,1.1254328619020317,1.8904973125460924e-12,0.0
2026-07-16_ttft_component_regression/phase1/input4000_rate2p5_reuse00_seed1,0,0.0,1.9564662097350253e-13,2.376525942818545,4.649592703683156e-13,0.0
2026-07-16_ttft_component_regression/phase1/input4000_rate2p5_reuse00_seed1,0,0.0,4.138870178990498e-16,0.029100250252334033,1.2044215797054605e-17,0.0
2026-07-16_ttft_component_regression/phase1/input4000_rate2p5_reuse00_seed1,0,0.0,5.0028547758543e-15,0.3058235289446511,1.5299907023493634e-15,0.0
2026-07-16_ttft_component_regression/phase1/input4000_rate2p5_reuse00_seed1,0,0.0,8.475522602694825e-15,0.9737131888174398,8.252728140364265e-15,0.0
2026-07-16_ttft_component_regression/phase1/input4000_rate2p5_reuse00_seed1,0,0.0,6.429114459151524e-15,0.5762958007552648,3.705071665383979e-15,0.0
2026-07-16_ttft_component_regression/phase1/input4000_rate2p5_reuse00_seed1,0,0.0,6.494652416352595e-14,1.965978839525734,1.276834922062388e-13,0.0
2026-07-16_ttft_component_regression/phase1/input4000_rate2p5_reuse00_seed1,0,0.0,1.1696114008872384e-13,2.221387462736234,2.598160102204275e-13,0.0
2026-07-16_ttft_component_regression/phase1/input4000_rate2p5_reuse00_seed1,0,0.0,1.3696592138040708e-12,1.512980259802062,2.072267353141571e-12,0.0
2026-07-16_ttft_component_regression/phase1/input4000_rate2p5_reuse00_seed1,0,0.0,1.2981494962029576e-11,1.1441163865536947,1.4852341108022272e-11,0.0
2026-07-16_ttft_component_regression/phase1/input4000_rate2p5_reuse00_seed1,0,0.0,2.5810924965355967e-11,1.157163898014365,2.98674705442676e-11,0.0
2026-07-16_ttft_component_regression/phase1/input4000_rate2p5_reuse00_seed1,0,0.0,2.8404806691507462e-11,1.1186363326410715,3.177464878676647e-11,0.0
2026-07-16_ttft_component_regression/phase1/input4000_rate2p5_reuse00_seed1,0,0.0,4.975283655032929e-11,0.732660376397405,3.645193195380283e-11,0.0
2026-07-16_ttft_component_regression/phase1/input4000_rate2p5_reuse00_seed1,0,0.0,8.123181499030038e-12,1.2821336831745194,1.0415004614446496e-11,0.0
2026-07-16_ttft_component_regression/phase1/input4000_rate2p5_reuse00_seed1,0,0.0,4.083831186011563e-12,1.328915212047201,5.427065386523528e-12,0.0
2026-07-16_ttft_component_regression/phase1/input4000_rate2p5_reuse00_seed1,0,0.0,1.614877960946995e-13,0.63828015607076,1.0307445569484788e-13,0.0
2026-07-16_ttft_component_regression/phase1/input4000_rate2p5_reuse00_seed1,0,0.0,1.8274554973183605e-13,1.1521860008174525,2.1055686411271106e-13,0.0
2026-07-16_ttft_component_regression/phase1/input4000_rate2p5_reuse00_seed1,0,0.0,9.959672006041876e-11,0.815525201498871,8.122363519589966e-11,0.0
2026-07-16_ttft_component_regression/phase1/input4000_rate2p5_reuse00_seed1,0,0.0,4.652627395947726e-12,1.0222295791392042,4.756053344851175e-12,0.0
2026-07-16_ttft_component_regression/phase1/input4000_rate2p5_reuse00_seed1,0,0.0,1.4970953199459053e-12,1.2664089308853628,1.895934883566174e-12,0.0
2026-07-16_ttft_component_regression/phase1/input4000_rate2p5_reuse00_seed1,0,0.0,1.9224159681897986e-11,1.3099393902038834,2.518248401088753e-11,0.0
2026-07-16_ttft_component_regression/phase1/input4000_rate2p5_reuse00_seed1,0,0.0,3.310561010493177e-11,0.9487925740010767,3.141035702533427e-11,0.0
2026-07-16_ttft_component_regression/phase1/input4000_rate2p5_reuse00_seed1,0,0.0,1.6861386483636282e-15,0.400998900577876,6.761397442156808e-16,0.0
2026-07-16_ttft_component_regression/phase1/input4000_rate2p5_reuse00_seed1,0,0.0,2.4605724091341165e-14,1.010267671360351,2.4858367579894524e-14,0.0
2026-07-16_ttft_component_regression/phase1/input4000_rate2p5_reuse00_seed1,0,0.0,1.3968724628290517e-14,0.47960258194614697,6.699436398222864e-15,0.0
2026-07-16_ttft_component_regression/phase1/input4000_rate2p5_reuse00_seed1,0,0.0,1.2498681902030859e-14,0.7038350569582009,8.797010488418324e-15,0.0
2026-07-16_ttft_component_regression/phase1/input4000_rate2p5_reuse00_seed1,0,0.0,4.3877645444529505e-16,0.2953506873768783,1.2959292742520742e-16,0.0
2026-07-16_ttft_component_regression/phase1/input4000_rate2p5_reuse00_seed1,0,0.0,2.9430382605600973e-15,0.232524006467908,6.843270475337767e-16,0.0
2026-07-16_ttft_component_regression/phase1/input4000_rate2p5_reuse00_seed1,0,0.0,3.920602749874872e-14,0.29206363492802156,1.145065490237252e-14,0.0
2026-07-16_ttft_component_regression/phase1/input4000_rate2p5_reuse00_seed1,0,0.0,9.027758098333875e-14,0.27261404205966466,2.4610936259236692e-14,0.0
2026-07-16_ttft_component_regression/phase1/input4000_rate2p5_reuse00_seed1,0,0.0,1.0150865555423875e-14,0.01983889078720921,2.01381913149698e-16,0.0
2026-07-16_ttft_component_regression/phase1/input4000_rate2p5_reuse00_seed1,0,0.0,7.34140979249211e-11,0.6141751391434417,4.5089113808128673e-11,0.0
2026-07-16_ttft_component_regression/phase1/input4000_rate2p5_reuse00_seed1,0,0.0,1.1014387804121045e-11,0.7400260492671609,8.150933891780096e-12,0.0
2026-07-16_ttft_component_regression/phase1/input4000_rate2p5_reuse00_seed1,0,0.0,8.731978009782833e-13,1.0448128805313626,9.123283097137716e-13,0.0
2026-07-16_ttft_component_regression/phase1/input4000_rate2p5_reuse00_seed1,0,0.0,3.1674774989064455e-11,1.1430743975176665,3.62066243371325e-11,0.0
2026-07-16_ttft_component_regression/phase1/input4000_rate2p5_reuse00_seed1,0,0.0,1.265380884540564e-11,2.2043432531434495,2.7893338154936824e-11,0.0
2026-07-16_ttft_component_regression/phase1/input4000_rate2p5_reuse00_seed1,0,0.0,7.975602804983348e-13,0.8397117119880404,6.697207085509184e-13,0.0
2026-07-16_ttft_component_regression/phase1/input4000_rate2p5_reuse00_seed1,0,0.0,1.1433824150351462e-11,1.5097025599024914,1.726167358926053e-11,0.0
2026-07-16_ttft_component_regression/phase1/input4000_rate2p5_reuse00_seed1,0,0.0,8.47244847390012e-11,1.2010578863002432,1.01759010558502e-10,0.0
2026-07-16_ttft_component_regression/phase1/input4000_rate2p5_reuse00_seed1,0,0.0,6.781831268980491e-12,1.4237106838568268,9.655365633761825e-12,0.0
2026-07-16_ttft_component_regression/phase1/input4000_rate2p5_reuse00_seed1,0,0.0,1.0793419946290235e-12,1.2744525439473562,1.3755701508441726e-12,0.0
2026-07-16_ttft_component_regression/phase1/input4000_rate2p5_reuse00_seed1,0,0.0,7.125287291542398e-11,0.9618901242448264,6.8537434781418e-11,0.0
2026-07-16_ttft_component_regression/phase1/input4000_rate2p5_reuse00_seed1,0,0.0,7.929108698292356e-12,1.3121165923996487,1.0403915085969782e-11,0.0
2026-07-16_ttft_component_regression/phase1/input4000_rate2p5_reuse00_seed1,0,0.0,3.3840329554705975e-14,1.2586760618340191,4.259401273508268e-14,0.0
2026-07-16_ttft_component_regression/phase1/input4000_rate2p5_reuse00_seed1,0,0.0,1.7747143920990985e-13,0.40440045351043535,7.176953050163721e-14,0.0
2026-07-16_ttft_component_regression/phase1/input4000_rate2p5_reuse00_seed1,0,0.0,3.571105748781814e-13,1.3621768963766852,4.86447774550855e-13,0.0
2026-07-16_ttft_component_regression/phase1/input4000_rate2p5_reuse00_seed1,0,0.0,8.438178175392257e-13,0.4521298059562839,3.8151518610646504e-13,0.0
2026-07-16_ttft_component_regression/phase1/input4000_rate2p5_reuse00_seed1,0,0.0,6.886497925589818e-12,0.4569769797039771,3.1469710227737388e-12,0.0
2026-07-16_ttft_component_regression/phase1/input4000_rate2p5_reuse00_seed1,0,0.0,5.564729112403947e-13,1.2491148865905584,6.950985974147635e-13,0.0
2026-07-16_ttft_component_regression/phase1/input4000_rate2p5_reuse00_seed1,0,0.0,6.453640197098889e-12,0.3410031879274149,2.2007118809472316e-12,0.0
2026-07-16_ttft_component_regression/phase1/input4000_rate2p5_reuse00_seed1,0,0.0,8.29047841685999e-12,0.3652010217614156,3.027691188728232e-12,0.0
2026-07-16_ttft_component_regression/phase1/input4000_rate2p5_reuse00_seed1,0,0.0,3.9321796934581224e-15,0.09432712412692269,3.7091120203418915e-16,0.0
2026-07-16_ttft_component_regression/phase1/input4000_rate2p5_reuse00_seed1,0,0.0,1.978875816347267e-14,1.088875884610536,2.154750155059527e-14,0.0
2026-07-16_ttft_component_regression/phase1/input4000_rate2p5_reuse00_seed1,0,0.0,1.975810729278041e-13,0.34890408532959805,6.89368435283161e-14,0.0
2026-07-16_ttft_component_regression/phase1/input4000_rate2p5_reuse00_seed1,0,0.0,2.353079724497479e-12,0.9744731201074738,2.2930129409926932e-12,0.0
2026-07-16_ttft_component_regression/phase1/input4000_rate2p5_reuse00_seed1,0,0.0,6.7520249556160315e-12,1.4722310943091637,9.940541089209373e-12,0.0
2026-07-16_ttft_component_regression/phase1/input4000_rate2p5_reuse00_seed1,0,0.0,2.0196348377130392e-16,0.30702191167264503,6.200721487553295e-17,0.0
2026-07-16_ttft_component_regression/phase1/input4000_rate2p5_reuse00_seed1,0,0.0,1.9172521156217556e-14,0.21733776090897888,4.166912819072351e-15,0.0
2026-07-16_ttft_component_regression/phase1/input4000_rate2p5_reuse00_seed1,0,0.0,2.014793380056016e-15,0.25866345384229905,5.21153414463889e-16,0.0
2026-07-16_ttft_component_regression/phase1/input4000_rate2p5_reuse00_seed1,0,0.0,1.6229157782750703e-13,0.283691176920195,4.6040688718120896e-14,0.0
2026-07-16_ttft_component_regression/phase1/input4000_rate2p5_reuse00_seed1,0,0.0,2.5874476136966247e-12,0.980502740401688,2.536999475875349e-12,0.0
2026-07-16_ttft_component_regression/phase1/input4000_rate2p5_reuse00_seed1,0,0.0,4.979242714814189e-13,0.8678045300514058,4.3210093841412135e-13,0.0
2026-07-16_ttft_component_regression/phase1/input4000_rate2p5_reuse00_seed1,0,0.0,7.46893604085968e-14,0.8062294664815959,6.021676319407463e-14,0.0
2026-07-16_ttft_component_regression/phase1/input4000_rate2p5_reuse00_seed1,0,0.0,3.2662503109968e-14,1.9102144308851707,6.239238478949264e-14,0.0
2026-07-16_ttft_component_regression/phase1/input4000_rate2p5_reuse00_seed1,0,0.0,1.2254911891263126e-12,0.8981172915655956,1.100634827615625e-12,0.0
2026-07-16_ttft_component_regression/phase1/input4000_rate2p5_reuse00_seed1,0,0.0,1.6317847053069183e-13,1.8070173410069954,2.948663259279591e-13,0.0
2026-07-16_ttft_component_regression/phase1/input4000_rate2p5_reuse00_seed1,0,0.0,3.7502221257950154e-13,1.2627982314167139,4.735773867873774e-13,0.0
2026-07-16_ttft_component_regression/phase1/input4000_rate2p5_reuse00_seed1,0,0.0,6.375347481834391e-12,1.0782065944372379,6.8739416967426785e-12,0.0
2026-07-16_ttft_component_regression/phase1/input4000_rate2p5_reuse00_seed1,0,0.0,7.008320779676271e-11,0.7785305610324803,5.4561919084969575e-11,0.0
2026-07-16_ttft_component_regression/phase1/input4000_rate2p5_reuse00_seed1,0,0.0,4.5262927927046575e-10,1.1927040110720533,5.398527569145371e-10,0.0
2026-07-16_ttft_component_regression/phase1/input4000_rate2p5_reuse00_seed1,0,0.0,4.360316839804619e-10,0.3159080289955731,1.3774590986588832e-10,0.0
2026-07-16_ttft_component_regression/phase1/input4000_rate2p5_reuse00_seed1,0,0.0,1.9581839837764044e-15,0.3423294410922238,6.703440287219207e-16,0.0
2026-07-16_ttft_component_regression/phase1/input4000_rate2p5_reuse00_seed1,0,0.0,8.322811282441529e-15,0.9175683172004258,7.636747942806592e-15,0.0
2026-07-16_ttft_component_regression/phase1/input4000_rate2p5_reuse00_seed1,0,0.0,1.0688766059386202e-15,0.5268263563203024,5.63112367662655e-16,0.0
2026-07-16_ttft_component_regression/phase1/input4000_rate2p5_reuse00_seed1,0,0.0,1.9575598353683623e-14,0.38457904237845647,7.528364868844937e-15,0.0
2026-07-16_ttft_component_regression/phase1/input4000_rate2p5_reuse00_seed1,0,0.0,1.9774883758080956e-14,1.0737679972885708,2.1233637329528875e-14,0.0
2026-07-16_ttft_component_regression/phase1/input4000_rate2p5_reuse00_seed1,0,0.0,1.1901360673463861e-14,0.9552643479320236,1.1368945543240284e-14,0.0
2026-07-16_ttft_component_regression/phase1/input4000_rate2p5_reuse00_seed1,0,0.0,1.0997680934257788e-13,1.9057805735715079,2.0959166678846244e-13,0.0
2026-07-16_ttft_component_regression/phase1/input4000_rate2p5_reuse00_seed1,0,0.0,2.9505335943650553e-16,0.2663113530715489,7.857605937984185e-17,0.0
2026-07-16_ttft_component_regression/phase1/input4000_rate2p5_reuse00_seed1,0,0.0,5.55175907932996e-15,0.22212292797438524,1.233172982109148e-15,0.0
2026-07-16_ttft_component_regression/phase1/input4000_rate2p5_reuse00_seed1,0,0.0,4.462965230663617e-12,0.947622936442863,4.229208217123856e-12,0.0
2026-07-16_ttft_component_regression/phase1/input4000_rate2p5_reuse00_seed1,0,0.0,5.063162934477342e-13,1.1239665518905628,5.690825785124602e-13,0.0
2026-07-16_ttft_component_regression/phase1/input4000_rate2p5_reuse00_seed1,0,0.0,6.980060440034323e-14,1.1365195361772669,7.932975053797099e-14,0.0
2026-07-16_ttft_component_regression/phase1/input4000_rate2p5_reuse00_seed1,0,0.0,6.043540403887062e-11,0.12565530931922547,7.594029388336656e-12,0.0
2026-07-16_ttft_component_regression/phase1/input4000_rate2p5_reuse00_seed1,0,0.0,1.135246192869872e-11,0.03429437778277323,3.893256181473443e-13,0.0
2026-07-16_ttft_component_regression/phase1/input4000_rate2p5_reuse00_seed1,0,0.0,5.536115430762013e-11,1.080409080049879,5.981269379599525e-11,0.0
2026-07-16_ttft_component_regression/phase1/input4000_rate2p5_reuse00_seed1,0,0.0,1.017880670698466e-09,0.7048806124742854,7.174843505876711e-10,0.0
2026-07-16_ttft_component_regression/phase1/input4000_rate2p5_reuse00_seed1,0,0.0,1.7017216433893225e-12,1.9639574676063976,3.342108929321891e-12,0.0
2026-07-16_ttft_component_regression/phase1/input4000_rate2p5_reuse00_seed1,0,0.0,1.7297678459091694e-11,1.1000917423466565,1.9029033234614412e-11,0.0
2026-07-16_ttft_component_regression/phase1/input4000_rate2p5_reuse00_seed1,0,0.0,1.072512596768597e-11,1.2368626028560818,1.3265507220351423e-11,0.0
2026-07-16_ttft_component_regression/phase1/input4000_rate2p5_reuse00_seed1,0,0.0,2.4693837945892293e-14,0.305320000166574,7.539522605753186e-15,0.0
2026-07-16_ttft_component_regression/phase1/input4000_rate2p5_reuse00_seed1,0,0.0,1.550678028476466e-13,1.2024074247167744,1.8645467747852725e-13,0.0
2026-07-16_ttft_component_regression/phase1/input4000_rate2p5_reuse00_seed1,0,0.0,1.649099608942183e-11,1.0940913297604649,1.8042655840550156e-11,0.0
2026-07-16_ttft_component_regression/phase1/input4000_rate2p5_reuse00_seed1,0,0.0,1.9432423450190962e-12,1.4118071792792437,2.7434834937773932e-12,0.0
2026-07-16_ttft_component_regression/phase1/input4000_rate2p5_reuse00_seed1,0,0.0,1.398902968093459e-10,1.078441870745854,1.5086355339026377e-10,0.0
2026-07-16_ttft_component_regression/phase1/input4000_rate2p5_reuse00_seed1,0,0.0,1.7742304432419238e-12,1.4206777609994186,2.520609733601942e-12,0.0
2026-07-16_ttft_component_regression/phase1/input4000_rate2p5_reuse00_seed1,0,0.0,1.4788530430641138e-11,0.4342801109421523,6.422364636090229e-12,0.0
2026-07-16_ttft_component_regression/phase1/input4000_rate2p5_reuse00_seed1,0,0.0,1.0638536460039022e-13,1.3865735226669489,1.475111297541708e-13,0.0
2026-07-16_ttft_component_regression/phase1/input4000_rate2p5_reuse00_seed1,0,0.0,9.0493437365607e-15,1.3004872827139498,1.1768556446304327e-14,0.0
2026-07-16_ttft_component_regression/phase1/input4000_rate2p5_reuse00_seed1,0,0.0,1.0465576451475423e-13,1.5701238882433592,1.643225159069873e-13,0.0
2026-07-16_ttft_component_regression/phase1/input4000_rate2p5_reuse00_seed1,0,0.0,1.3137477155132112e-12,0.19792449323260508,2.60022850828445e-13,0.0
2026-07-16_ttft_component_regression/phase1/input4000_rate2p5_reuse00_seed1,0,0.0,2.0379549433926596e-10,0.3108130862499043,6.334230655941215e-11,0.0
2026-07-16_ttft_component_regression/phase1/input4000_rate2p5_reuse00_seed1,0,0.0,9.486445342147801e-12,0.47703337078269265,4.5253509983105394e-12,0.0
2026-07-16_ttft_component_regression/phase1/input4000_rate2p5_reuse00_seed1,0,0.0,1.1255973499940577e-12,0.3507430147351188,3.947954079147765e-13,0.0
2026-07-16_ttft_component_regression/phase1/input4000_rate2p5_reuse00_seed1,0,0.0,9.181780262429207e-10,0.16098182087739887,1.478099705542015e-10,0.0
2026-07-16_ttft_component_regression/phase1/input4000_rate2p5_reuse00_seed1,0,0.0,1.523370628197793e-10,0.16212744213956176,2.4698018338024552e-11,0.0
2026-07-16_ttft_component_regression/phase1/input4000_rate2p5_reuse00_seed1,0,0.0,1.0480962675611998e-08,0.36830236545479766,3.860163345671344e-09,0.0
2026-07-16_ttft_component_regression/phase1/input4000_rate2p5_reuse00_seed1,0,0.0,2.0927847726849644e-09,0.4560929470067068,9.545043744246464e-10,0.0
2026-07-16_ttft_component_regression/phase1/input4000_rate2p5_reuse00_seed1,0,0.0,1.62479035814325e-10,0.4113460484869931,6.683510934419921e-11,0.0
2026-07-16_ttft_component_regression/phase1/input4000_rate2p5_reuse00_seed1,0,0.0,1.6613174672334684e-07,0.29943228110365866,4.9745207885107015e-08,0.0
2026-07-16_ttft_component_regression/phase1/input4000_rate2p5_reuse00_seed1,0,0.0,1.495111278137034e-08,0.34442563648540536,5.1495465358885585e-09,0.0
2026-07-16_ttft_component_regression/phase1/input4000_rate2p5_reuse00_seed1,0,0.0,6.837159313079609e-11,2.357019005447942,1.6115314444204032e-10,0.0
2026-07-16_ttft_component_regression/phase1/input4000_rate2p5_reuse00_seed1,0,0.0,5.97386837496449e-10,2.4035334421737344,1.4358392418371214e-09,0.0
2026-07-16_ttft_component_regression/phase1/input4000_rate2p5_reuse00_seed1,0,0.0,8.362271911490688e-16,0.09308567398192262,7.784077169012111e-17,0.0
2026-07-16_ttft_component_regression/phase1/input4000_rate2p5_reuse00_seed1,0,0.0,1.0230979238285718e-14,0.1572810281385145,1.6091389334613737e-15,0.0
2026-07-16_ttft_component_regression/phase1/input4000_rate2p5_reuse00_seed1,0,0.0,9.070248030241623e-14,0.21114985518630425,1.9151815580893802e-14,0.0
2026-07-16_ttft_component_regression/phase1/input4000_rate2p5_reuse00_seed1,0,0.0,2.243365416506981e-14,0.19194797365638602,4.306094458693294e-15,0.0
2026-07-16_ttft_component_regression/phase1/input4000_rate2p5_reuse00_seed1,0,0.0,1.758015976075588e-11,0.7264801160477922,1.2771636503132658e-11,0.0
2026-07-16_ttft_component_regression/phase1/input4000_rate2p5_reuse00_seed1,0,0.0,2.0746179300254867e-10,0.5862457056142253,1.216235852267715e-10,0.0
2026-07-16_ttft_component_regression/phase1/input4000_rate2p5_reuse00_seed1,0,0.0,1.7099749460615528e-08,0.004257740344467497,7.280629315874906e-11,0.0
2026-07-16_ttft_component_regression/phase1/input4000_rate2p5_reuse00_seed1,0,0.0,1.738989052258215e-13,0.1786605309238457,3.1068870734720796e-14,0.0
2026-07-16_ttft_component_regression/phase1/input4000_rate2p5_reuse00_seed1,0,0.0,2.5516452016318977e-12,0.16745921109093218,4.2729649244924016e-13,0.0
2026-07-16_ttft_component_regression/phase1/input4000_rate2p5_reuse00_seed1,0,0.0,1.8161754908504277e-09,0.05039116579262732,9.151920026795021e-11,0.0
2026-07-16_ttft_component_regression/phase1/input4000_rate2p5_reuse00_seed1,0,0.0,2.1495769914347026e-06,1.7650968679235661,3.7942116149419557e-06,0.0
2026-07-16_ttft_component_regression/phase1/input4000_rate2p5_reuse00_seed1,0,0.0,4.379421724940384e-09,2.247826050773445,9.844178240644172e-09,0.0
2026-07-16_ttft_component_regression/phase1/input4000_rate2p5_reuse00_seed1,0,0.0,1.8503915469429283e-05,1.4969068706472644,2.7698638200064893e-05,0.0
2026-07-16_ttft_component_regression/phase1/input4000_rate2p5_reuse00_seed1,0,0.0,9.446999878626399e-08,2.1453071933760453,2.026671679543984e-07,0.0
2026-07-16_ttft_component_regression/phase1/input4000_rate2p5_reuse00_seed1,0,0.0,0.00012612235054769818,1.8677967062545304,0.00023557091093806993,0.0
2026-07-16_ttft_component_regression/phase1/input4000_rate2p5_reuse00_seed1,0,0.0,7.337437451228207e-09,2.625399922130384,1.9263707713091097e-08,0.0
2026-07-16_ttft_component_regression/phase1/input4000_rate2p5_reuse00_seed1,0,0.0,7.2252794280357995e-09,0.9541678498894467,6.89412933669937e-09,0.0
2026-07-16_ttft_component_regression/phase1/input4000_rate2p5_reuse00_seed1,0,0.0,5.643126783434499e-09,1.375085209696184,7.759780176341181e-09,0.0
2026-07-16_ttft_component_regression/phase1/input4000_rate2p5_reuse00_seed1,0,0.0,7.021544532913502e-07,1.3615108007250805,9.559908719333874e-07,0.0
2026-07-16_ttft_component_regression/phase1/input4000_rate2p5_reuse00_seed1,0,0.0,1.007107844222833e-05,0.40417517191580277,4.07047986076517e-06,0.0
2026-07-16_ttft_component_regression/phase1/input4000_rate2p5_reuse00_seed1,0,0.0,9.600062349877255e-08,1.3356667139095457,1.2822483732187307e-07,0.0
2026-07-16_ttft_component_regression/phase1/input4000_rate2p5_reuse00_seed1,0,0.0,8.518253227826919e-07,0.4579420290552185,3.900866167157224e-07,0.0
2026-07-16_ttft_component_regression/phase1/input4000_rate2p5_reuse00_seed1,0,0.0,7.56936001484108e-08,0.5417623468038363,4.100794245443424e-08,0.0
2026-07-16_ttft_component_regression/phase1/input4000_rate2p5_reuse00_seed1,0,0.0,1.7868537043696173e-07,1.1391758688073568,2.0355406211069025e-07,0.0
2026-07-16_ttft_component_regression/phase1/input4000_rate2p5_reuse00_seed1,0,0.0,7.0874042510707895e-06,1.2911518793451928,9.150915318449158e-06,0.0
2026-07-16_ttft_component_regression/phase1/input4000_rate2p5_reuse00_seed1,0,0.0,0.00036032596114131914,0.1402311032479375,5.0528907059720636e-05,0.0
2026-07-16_ttft_component_regression/phase1/input4000_rate2p5_reuse00_seed1,0,0.0,9.900234087968056e-07,0.8916769051494354,8.8278100918143e-07,0.0
2026-07-16_ttft_component_regression/phase1/input4000_rate2p5_reuse00_seed1,0,0.0,1.1059800613358018e-08,0.9884795066241557,1.0932386253653668e-08,0.0
2026-07-16_ttft_component_regression/phase1/input4000_rate2p5_reuse00_seed1,0,0.0,0.00011781997701883493,0.9988278518229711,0.00011768187454755471,0.0
2026-07-16_ttft_component_regression/phase1/input4000_rate2p5_reuse00_seed1,0,0.0,0.00066563079148462,0.9457345794283992,0.0006295100566392996,0.0
2026-07-16_ttft_component_regression/phase1/input4000_rate2p5_reuse00_seed1,0,0.0,9.04874439350483e-05,1.2028283440587075,0.00010884086234649928,0.0
2026-07-16_ttft_component_regression/phase1/input4000_rate2p5_reuse00_seed1,0,0.0,0.0011172420455573405,1.2503169444570141,0.0013969066606201582,0.0
2026-07-16_ttft_component_regression/phase1/input4000_rate2p5_reuse00_seed1,0,0.0,8.580306804301846e-10,0.37269265446145505,3.1978173189889397e-10,0.0
2026-07-16_ttft_component_regression/phase1/input4000_rate2p5_reuse00_seed1,0,0.0,9.968683158918675e-09,1.3878276821980302,1.3834814443008644e-08,0.0
2026-07-16_ttft_component_regression/phase1/input4000_rate2p5_reuse00_seed1,0,0.0,1.4523703178877274e-10,1.3340141746211105,1.9374825908611965e-10,0.0
2026-07-16_ttft_component_regression/phase1/input4000_rate2p5_reuse00_seed1,0,0.0,1.3338130373920348e-10,0.0924632585633633,1.2332869975156467e-11,0.0
2026-07-16_ttft_component_regression/phase1/input4000_rate2p5_reuse00_seed1,0,0.0,2.596288360339044e-12,0.38339241804585406,9.953972724146916e-13,0.0
2026-07-16_ttft_component_regression/phase1/input4000_rate2p5_reuse00_seed1,0,0.0,1.8557933579311888e-09,0.17781738192343896,3.2999231629823147e-10,0.0
2026-07-16_ttft_component_regression/phase1/input4000_rate2p5_reuse00_seed1,0,0.0,1.06081839126147e-06,0.8034280916493158,8.522912956777001e-07,0.0
2026-07-16_ttft_component_regression/phase1/input4000_rate2p5_reuse00_seed1,0,0.0,3.963079772610901e-13,0.3502089590946601,1.3879060419751658e-13,0.0
2026-07-16_ttft_component_regression/phase1/input4000_rate2p5_reuse00_seed1,0,0.0,3.546333979026687e-11,0.2694819315583416,9.55672930619091e-12,0.0
2026-07-16_ttft_component_regression/phase1/input4000_rate2p5_reuse00_seed1,0,0.0,1.3774402808813835e-07,0.37812870415803,5.208497084647504e-08,0.0
2026-07-16_ttft_component_regression/phase1/input4000_rate2p5_reuse00_seed1,0,0.0,1.1014703270363127e-09,0.12313765414772908,1.3563247218458352e-10,0.0
2026-07-16_ttft_component_regression/phase1/input4000_rate2p5_reuse00_seed1,0,0.0,9.333642999536829e-07,0.4633565263285434,4.3248043982561114e-07,0.0
2026-07-16_ttft_component_regression/phase1/input4000_rate2p5_reuse00_seed1,0,0.0,1.521456513540859e-08,0.3763612982311288,5.726173486384447e-09,0.0
2026-07-16_ttft_component_regression/phase1/input4000_rate2p5_reuse00_seed1,0,0.0,1.2335868770081289e-05,0.3192781734569071,3.938573648915657e-06,0.0
2026-07-16_ttft_component_regression/phase1/input4000_rate2p5_reuse00_seed1,0,0.0,8.654727078489186e-08,1.3021707008541412,1.1269932025497577e-07,0.0
2026-07-16_ttft_component_regression/phase1/input4000_rate2p5_reuse00_seed1,0,0.0,8.979038566084054e-10,1.7687157175218091,1.5881366640067354e-09,0.0
2026-07-16_ttft_component_regression/phase1/input4000_rate2p5_reuse00_seed1,0,0.0,1.2239017759698922e-08,1.742029386121735,2.1320728594661326e-08,0.0
2026-07-16_ttft_component_regression/phase1/input4000_rate2p5_reuse00_seed1,0,0.0,3.663316432197499e-15,0.31080589082857313,1.1385803270960937e-15,0.0
2026-07-16_ttft_component_regression/phase1/input4000_rate2p5_reuse00_seed1,0,0.0,5.142788026263035e-16,0.29270139510945253,1.505301230039378e-16,0.0
2026-07-16_ttft_component_regression/phase1/input4000_rate2p5_reuse00_seed1,0,0.0,7.810191059481214e-15,1.0426340582665536,8.143171200184053e-15,0.0
2026-07-16_ttft_component_regression/phase1/input4000_rate2p5_reuse00_seed1,0,0.0,1.5210918250615174e-15,0.33184148489297993,5.047613698869868e-16,0.0
2026-07-16_ttft_component_regression/phase1/input4000_rate2p5_reuse00_seed1,0,0.0,5.580097796370455e-14,2.4022697114483886,1.340489992314064e-13,0.0
2026-07-16_ttft_component_regression/phase1/input4000_rate2p5_reuse00_seed1,0,0.0,1.6633428037336488e-12,0.7506964342853996,1.2486655117571294e-12,0.0
2026-07-16_ttft_component_regression/phase1/input4000_rate2p5_reuse00_seed1,0,0.0,1.568050005883239e-11,1.2764454937668146,2.0015303640106875e-11,0.0
2026-07-16_ttft_component_regression/phase1/input4000_rate2p5_reuse00_seed1,0,0.0,1.1423567076379907e-13,1.473519021012686,1.6832843374860073e-13,0.0
2026-07-16_ttft_component_regression/phase1/input4000_rate2p5_reuse00_seed1,0,0.0,1.691836222316241e-14,1.497820240835311,2.5340665379636148e-14,0.0
2026-07-16_ttft_component_regression/phase1/input4000_rate2p5_reuse00_seed1,0,0.0,3.078689578000315e-14,1.3566163126026667,4.176600502955047e-14,0.0
2026-07-16_ttft_component_regression/phase1/input4000_rate2p5_reuse00_seed1,0,0.0,2.1341071750642948e-13,0.49829104602560725,1.0634064965935412e-13,0.0
2026-07-16_ttft_component_regression/phase1/input4000_rate2p5_reuse00_seed1,0,0.0,6.451161862180437e-13,0.18937591399785836,1.2216946739985463e-13,0.0
2026-07-16_ttft_component_regression/phase1/input4000_rate2p5_reuse00_seed1,0,0.0,9.851244249225115e-14,1.3739145747438217,1.3534768053371644e-13,0.0
2026-07-16_ttft_component_regression/phase1/input4000_rate2p5_reuse00_seed1,0,0.0,4.943693261900481e-12,1.1935494407745886,5.900542328102421e-12,0.0
2026-07-16_ttft_component_regression/phase1/input4000_rate2p5_reuse00_seed1,0,0.0,5.919227951855021e-12,0.9535847857625253,5.644485718349221e-12,0.0
2026-07-16_ttft_component_regression/phase1/input4000_rate2p5_reuse00_seed1,0,0.0,6.911833310554777e-12,0.19531061664617308,1.3499544260400135e-12,0.0
2026-07-16_ttft_component_regression/phase1/input4000_rate2p5_reuse00_seed1,0,0.0,5.3258000426366765e-11,0.11080263391973852,5.901126724539994e-12,0.0
2026-07-16_ttft_component_regression/phase1/input4000_rate2p5_reuse00_seed1,0,0.0,7.617125344018363e-13,0.4425616792852104,3.3710477835747024e-13,0.0
2026-07-16_ttft_component_regression/phase1/input4000_rate2p5_reuse00_seed1,0,0.0,8.872189743605566e-14,0.13671316255106863,1.2129451186014716e-14,0.0
2026-07-16_ttft_component_regression/phase1/input4000_rate2p5_reuse00_seed1,0,0.0,2.1125495140091368e-13,2.1010498561891255,4.438571852601304e-13,0.0
2026-07-16_ttft_component_regression/phase1/input4000_rate2p5_reuse00_seed1,0,0.0,9.41706920231791e-12,2.037540401238729,1.918765896098371e-11,0.0
2026-07-16_ttft_component_regression/phase1/input4000_rate2p5_reuse00_seed1,0,0.0,2.5158700545521968e-15,0.12623939433664932,3.1760191191638224e-16,0.0
2026-07-16_ttft_component_regression/phase1/input4000_rate2p5_reuse00_seed1,0,0.0,9.509891930862905e-13,1.1858993553574688,1.1277774710329513e-12,0.0
2026-07-16_ttft_component_regression/phase1/input4000_rate2p5_reuse00_seed1,0,0.0,3.9955779037224035e-11,2.4739952696293828,9.885040833244911e-11,0.0
2026-07-16_ttft_component_regression/phase1/input4000_rate2p5_reuse00_seed1,0,0.0,3.8836554437131926e-14,0.8896675349118461,3.455162165055288e-14,0.0
2026-07-16_ttft_component_regression/phase1/input4000_rate2p5_reuse00_seed1,0,0.0,6.750849552268046e-16,0.21151054494593355,1.427875867648226e-16,0.0
2026-07-16_ttft_component_regression/phase1/input4000_rate2p5_reuse00_seed1,0,0.0,6.6313422527507175e-15,0.3048353723088904,2.021467684524941e-15,0.0
2026-07-16_ttft_component_regression/phase1/input4000_rate2p5_reuse00_seed1,0,0.0,3.232965336761333e-13,0.1099488669164732,3.554608755571428e-14,0.0
2026-07-16_ttft_component_regression/phase1/input4000_rate2p5_reuse00_seed1,0,0.0,5.350688253399831e-14,0.25821421472920686,1.3816237656124287e-14,0.0
2026-07-16_ttft_component_regression/phase1/input4000_rate2p5_reuse00_seed1,0,0.0,5.7589366514772135e-12,0.048476792491976166,2.7917477702809696e-13,0.0
2026-07-16_ttft_component_regression/phase1/input4000_rate2p5_reuse00_seed1,0,0.0,5.821901841679033e-11,0.7356875369719912,4.283100626397547e-11,0.0
2026-07-16_ttft_component_regression/phase1/input4000_rate2p5_reuse00_seed1,0,0.0,3.0568309154454596e-09,0.08718092938925859,2.664973601943533e-10,0.0
2026-07-16_ttft_component_regression/phase1/input4000_rate2p5_reuse00_seed1,0,0.0,4.3426962349678895e-10,0.20975738772326524,9.109126179225237e-11,0.0
2026-07-16_ttft_component_regression/phase1/input4000_rate2p5_reuse00_seed1,0,0.0,2.8533437493259292e-08,0.41280419711041033,1.1778722755204982e-08,0.0
2026-07-16_ttft_component_regression/phase1/input4000_rate2p5_reuse00_seed1,0,0.0,2.5843656330816933e-07,0.8888243948094918,2.2970472197902852e-07,0.0
2026-07-16_ttft_component_regression/phase1/input4000_rate2p5_reuse00_seed1,0,0.0,1.1055818784367207e-12,2.1987160272963657,2.43086059560724e-12,0.0
2026-07-16_ttft_component_regression/phase1/input4000_rate2p5_reuse00_seed1,0,0.0,1.5012798191407062e-11,0.7310869993362537,1.0975661581396524e-11,0.0
2026-07-16_ttft_component_regression/phase1/input4000_rate2p5_reuse00_seed1,0,0.0,1.651603074391434e-11,2.2786386554275824,3.763406608731359e-11,0.0
2026-07-16_ttft_component_regression/phase1/input4000_rate2p5_reuse00_seed1,0,0.0,1.3497808947874768e-11,1.169108982193738,1.5780409680895398e-11,0.0
2026-07-16_ttft_component_regression/phase1/input4000_rate2p5_reuse00_seed1,0,0.0,9.705941458285675e-13,1.5515239534951297,1.5059000663751676e-12,0.0
2026-07-16_ttft_component_regression/phase1/input4000_rate2p5_reuse00_seed1,0,0.0,4.631101012941562e-15,0.4420458379032545,2.0471589276803633e-15,0.0
2026-07-16_ttft_component_regression/phase1/input4000_rate2p5_reuse00_seed1,0,0.0,3.1360651379416115e-14,0.29295818166346765,9.187359403895664e-15,0.0
2026-07-16_ttft_component_regression/phase1/input4000_rate2p5_reuse00_seed1,0,0.0,2.1371685802240474e-15,0.18315757091094956,3.9143860578103936e-16,0.0
2026-07-16_ttft_component_regression/phase1/input4000_rate2p5_reuse00_seed1,0,0.0,1.9232707007008186e-14,0.42072362035723243,8.091654121258396e-15,0.0
2026-07-16_ttft_component_regression/phase1/input4000_rate2p5_reuse00_seed1,0,0.0,1.200028471994374e-13,0.4178563060208746,5.014394644274437e-14,0.0
2026-07-16_ttft_component_regression/phase1/input4000_rate2p5_reuse00_seed1,0,0.0,1.5725853580469936e-13,0.23425206584809552,3.683813688449752e-14,0.0
2026-07-16_ttft_component_regression/phase1/input4000_rate2p5_reuse00_seed1,0,0.0,2.09830207051767e-12,0.39587865101765973,8.306729931040975e-13,0.0
2026-07-16_ttft_component_regression/phase1/input4000_rate2p5_reuse00_seed1,0,0.0,1.7694137584942724e-12,0.5034599499873494,8.908289623584544e-13,0.0
2026-07-16_ttft_component_regression/phase1/input4000_rate2p5_reuse00_seed1,0,0.0,1.6093244351205093e-12,0.38591672413274175,6.21065214068482e-13,0.0
2026-07-16_ttft_component_regression/phase1/input4000_rate2p5_reuse00_seed1,0,0.0,2.324026561936491e-11,0.3249288492426838,7.551432763794548e-12,0.0
2026-07-16_ttft_component_regression/phase1/input4000_rate2p5_reuse00_seed1,0,0.0,1.3576082503442406e-10,0.3149415400096444,4.27567233093214e-11,0.0
2026-07-16_ttft_component_regression/phase1/input4000_rate2p5_reuse00_seed1,0,0.0,8.421536603947106e-11,1.3958975020734403,1.175560190906981e-10,0.0
2026-07-16_ttft_component_regression/phase1/input4000_rate2p5_reuse00_seed1,0,0.0,4.0549935214728564e-11,2.3217605721052874,9.414724078298053e-11,0.0
2026-07-16_ttft_component_regression/phase1/input4000_rate2p5_reuse00_seed1,0,0.0,7.161457524362414e-10,1.7338155178157617,1.2416646185918002e-09,0.0
2026-07-16_ttft_component_regression/phase1/input4000_rate2p5_reuse00_seed1,0,0.0,7.842951768927661e-10,1.8762152386063873,1.4715065624516998e-09,0.0
2026-07-16_ttft_component_regression/phase1/input4000_rate2p5_reuse00_seed1,0,0.0,1.0027350416602632e-15,0.04041725766104787,4.0527800544544425e-17,0.0
2026-07-16_ttft_component_regression/phase1/input4000_rate2p5_reuse00_seed1,0,0.0,1.0281072552608344e-14,0.299047381648645,3.0745278273972768e-15,0.0
2026-07-16_ttft_component_regression/phase1/input4000_rate2p5_reuse00_seed1,0,0.0,1.0591320343977323e-13,0.15701148750257823,1.662958961824198e-14,0.0
2026-07-16_ttft_component_regression/phase1/input4000_rate2p5_reuse00_seed1,0,0.0,6.401389319202658e-13,2.157748766887214,1.3812589909874518e-12,0.0
2026-07-16_ttft_component_regression/phase1/input4000_rate2p5_reuse00_seed1,0,0.0,5.899419195542599e-14,2.3231054681888423,1.3704972992303234e-13,0.0
2026-07-16_ttft_component_regression/phase1/input4000_rate2p5_reuse00_seed1,0,0.0,1.4144119086918305e-13,1.25533263665396,1.7755574306528759e-13,0.0
2026-07-16_ttft_component_regression/phase1/input4000_rate2p5_reuse00_seed1,0,0.0,7.314636415402728e-12,0.9536190689500195,6.975376768164257e-12,0.0
2026-07-16_ttft_component_regression/phase1/input4000_rate2p5_reuse00_seed1,0,0.0,7.359229340690927e-13,1.2671273004753496,9.32508040804868e-13,0.0
2026-07-16_ttft_component_regression/phase1/input4000_rate2p5_reuse00_seed1,0,0.0,7.856473796299681e-13,1.3333708295835018,1.0475592983373149e-12,0.0
2026-07-16_ttft_component_regression/phase1/input4000_rate2p5_reuse00_seed1,0,0.0,9.45181174430011e-13,1.2385785123695983,1.1706810929452729e-12,0.0
2026-07-16_ttft_component_regression/phase1/input4000_rate2p5_reuse00_seed1,0,0.0,1.7772736923251857e-12,0.5485138272686294,9.74859195081136e-13,0.0
2026-07-16_ttft_component_regression/phase1/input4000_rate2p5_reuse00_seed1,0,0.0,1.793142946491725e-11,0.47571866155484643,8.53031562481557e-12,0.0
2026-07-16_ttft_component_regression/phase1/input4000_rate2p5_reuse00_seed1,0,0.0,1.169251769171543e-11,1.4502931992075685,1.6957578889909066e-11,0.0
2026-07-16_ttft_component_regression/phase1/input4000_rate2p5_reuse00_seed1,0,0.0,1.5772611816930154e-11,1.406324274621869,2.2181406872336617e-11,0.0
2026-07-16_ttft_component_regression/phase1/input4000_rate2p5_reuse00_seed1,0,0.0,2.081400492597237e-12,1.2297712708492263,2.55964652892751e-12,0.0
2026-07-16_ttft_component_regression/phase1/input4000_rate2p5_reuse00_seed1,0,0.0,1.7865863187630904e-10,1.2057670572253918,2.1542069280541173e-10,0.0
2026-07-16_ttft_component_regression/phase1/input4000_rate2p5_reuse00_seed1,0,0.0,3.1335822889779894e-11,0.8360830965316364,2.6199351834054103e-11,0.0
2026-07-16_ttft_component_regression/phase1/input4000_rate2p5_reuse00_seed1,0,0.0,6.193590832787392e-11,0.9022625595371793,5.588245117516762e-11,0.0
2026-07-16_ttft_component_regression/phase1/input4000_rate2p5_reuse00_seed1,0,0.0,3.2381248744872744e-12,1.2787514519039709,4.140756884696965e-12,0.0
2026-07-16_ttft_component_regression/phase1/input4000_rate2p5_reuse00_seed1,0,0.0,3.2776263793361095e-10,0.873274893268237,2.862268826587899e-10,0.0
2026-07-16_ttft_component_regression/phase1/input4000_rate2p5_reuse00_seed1,0,0.0,5.242960340474924e-08,0.29570846549295987,1.550387756922286e-08,0.0
2026-07-16_ttft_component_regression/phase1/input4000_rate2p5_reuse00_seed1,0,0.0,4.214515417967244e-11,1.4462533066872276,6.09525685931943e-11,0.0
2026-07-16_ttft_component_regression/phase1/input4000_rate2p5_reuse00_seed1,0,0.0,5.332787266631478e-09,1.0659320605237241,5.68438891945517e-09,0.0
2026-07-16_ttft_component_regression/phase1/input4000_rate2p5_reuse00_seed1,0,0.0,5.70367966096179e-10,0.3421948428563171,1.951769765285592e-10,0.0
2026-07-16_ttft_component_regression/phase1/input4000_rate2p5_reuse00_seed1,0,0.0,5.859073588781994e-10,0.3401633347941417,1.9930420107643626e-10,0.0
2026-07-16_ttft_component_regression/phase1/input4000_rate2p5_reuse00_seed1,0,0.0,2.8914467101218854e-14,0.42817968442449017,1.2380587398702191e-14,0.0
2026-07-16_ttft_component_regression/phase1/input4000_rate2p5_reuse00_seed1,0,0.0,2.4991691176969242e-14,0.4526688039013307,1.1312958952550107e-14,0.0
2026-07-16_ttft_component_regression/phase1/input4000_rate2p5_reuse00_seed1,0,0.0,1.2978635824217357e-13,0.3084517197395445,4.0032825398531043e-14,0.0
2026-07-16_ttft_component_regression/phase1/input4000_rate2p5_reuse00_seed1,0,0.0,1.194951650523827e-12,1.7960832001523532,2.146232584500172e-12,0.0
2026-07-16_ttft_component_regression/phase1/input4000_rate2p5_reuse00_seed1,0,0.0,4.861786443950796e-16,0.2357921803701615,1.146371226113252e-16,0.0
2026-07-16_ttft_component_regression/phase1/input4000_rate2p5_reuse00_seed1,0,0.0,5.773205378453924e-15,0.2894047586008724,1.670793108904716e-15,0.0
2026-07-16_ttft_component_regression/phase1/input4000_rate2p5_reuse00_seed1,0,0.0,1.1735327544174992e-14,0.28436142415250204,3.337074453357685e-15,0.0
2026-07-16_ttft_component_regression/phase1/input4000_rate2p5_reuse00_seed1,0,0.0,8.549190239950677e-14,0.9268231623023714,7.923587533315656e-14,0.0
2026-07-16_ttft_component_regression/phase1/input4000_rate2p5_reuse00_seed1,0,0.0,8.444170873057696e-14,1.0880101398327224,9.187343532366906e-14,0.0
2026-07-16_ttft_component_regression/phase1/input4000_rate2p5_reuse00_seed1,0,0.0,9.733008467637461e-13,0.18917311065443457,1.84122348784893e-13,0.0
2026-07-16_ttft_component_regression/phase1/input4000_rate2p5_reuse00_seed1,0,0.0,1.0521163792216375e-11,0.9268678826773891,9.751728807393602e-12,0.0
2026-07-16_ttft_component_regression/phase1/input4000_rate2p5_reuse00_seed1,0,0.0,6.028165710693135e-16,0.39732335400975477,2.3951310186991935e-16,0.0
2026-07-16_ttft_component_regression/phase1/input4000_rate2p5_reuse00_seed1,0,0.0,1.787239215273199e-14,1.5533016031977103,2.7761215383816776e-14,0.0
2026-07-16_ttft_component_regression/phase1/input4000_rate2p5_reuse00_seed1,0,0.0,1.58253688177331e-13,0.5481792851473373,8.675139365697893e-14,0.0
2026-07-16_ttft_component_regression/phase1/input4000_rate2p5_reuse00_seed1,0,0.0,1.162584548413091e-12,1.480129939840373,1.7207761977020158e-12,0.0
2026-07-16_ttft_component_regression/phase1/input4000_rate2p5_reuse00_seed1,0,0.0,5.9523963173437365e-12,1.425933138358592,8.48771916154408e-12,0.0
2026-07-16_ttft_component_regression/phase1/input4000_rate2p5_reuse00_seed1,0,0.0,1.6765737209959858e-11,1.4917107324998953,2.500963013436997e-11,0.0
2026-07-16_ttft_component_regression/phase1/input4000_rate2p5_reuse00_seed1,0,0.0,1.7327893891778472e-10,1.3296077509398907,2.3039302025972644e-10,0.0
2026-07-16_ttft_component_regression/phase1/input4000_rate2p5_reuse00_seed1,0,0.0,1.573651570926852e-10,1.2570065035414961,1.978090258963345e-10,0.0
2026-07-16_ttft_component_regression/phase1/input4000_rate2p5_reuse00_seed1,0,0.0,1.6930430984177815e-10,0.45350815916981646,7.678088589586105e-11,0.0
2026-07-16_ttft_component_regression/phase1/input4000_rate2p5_reuse00_seed1,0,0.0,6.220576420417427e-11,1.4273163148640626,8.878730212720483e-11,0.0
2026-07-16_ttft_component_regression/phase1/input4000_rate2p5_reuse00_seed1,0,0.0,7.055407899957962e-11,1.3782180957064747,9.723890840312481e-11,0.0
2026-07-16_ttft_component_regression/phase1/input4000_rate2p5_reuse00_seed1,0,0.0,4.909583335431535e-12,1.1766514124049043,5.7768681659550974e-12,0.0
2026-07-16_ttft_component_regression/phase1/input4000_rate2p5_reuse00_seed1,0,0.0,5.0685224656797805e-11,1.132736504294182,5.7413004197106426e-11,0.0
2026-07-16_ttft_component_regression/phase1/input4000_rate2p5_reuse00_seed1,0,0.0,6.817920743884407e-11,0.3388572620054802,2.3103019558430372e-11,0.0
2026-07-16_ttft_component_regression/phase1/input4000_rate2p5_reuse00_seed1,0,0.0,2.0955216423616534e-10,0.35461867424400567,7.43111106663911e-11,0.0
2026-07-16_ttft_component_regression/phase1/input4000_rate2p5_reuse00_seed1,0,0.0,4.654980510606178e-09,0.266301492746512,1.239628258680346e-09,0.0
2026-07-16_ttft_component_regression/phase1/input4000_rate2p5_reuse00_seed1,0,0.0,8.531666156816739e-10,0.061698441045033615,5.2639050139226614e-11,0.0
2026-07-16_ttft_component_regression/phase1/input4000_rate2p5_reuse00_seed1,0,0.0,7.60273358219439e-11,0.39427384126256776,2.997558973547704e-11,0.0
2026-07-16_ttft_component_regression/phase1/input4000_rate2p5_reuse00_seed1,0,0.0,6.245451573517007e-12,0.44634439303853074,2.7876222918329852e-12,0.0
2026-07-16_ttft_component_regression/phase1/input4000_rate2p5_reuse00_seed1,0,0.0,1.386011413514845e-10,1.228359733510738,1.702520610547936e-10,0.0
2026-07-16_ttft_component_regression/phase1/input4000_rate2p5_reuse00_seed1,0,0.0,2.2763197412362504e-12,0.13638243260390945,3.104500236941015e-13,0.0
2026-07-16_ttft_component_regression/phase1/input4000_rate2p5_reuse00_seed1,0,0.0,1.0469156710827623e-11,0.49700552544755017,5.2032287320576285e-12,0.0
2026-07-16_ttft_component_regression/phase1/input4000_rate2p5_reuse00_seed1,0,0.0,7.818029872038215e-11,1.0364318428571373,8.102855107788716e-11,0.0
2026-07-16_ttft_component_regression/phase1/input4000_rate2p5_reuse00_seed1,0,0.0,2.353402055499877e-16,0.015602077194413677,3.6717960539400904e-18,0.0
2026-07-16_ttft_component_regression/phase1/input4000_rate2p5_reuse00_seed1,0,0.0,3.433584420446159e-15,0.20448449161916013,7.021147646464014e-16,0.0
2026-07-16_ttft_component_regression/phase1/input4000_rate2p5_reuse00_seed1,0,0.0,9.120365344171414e-16,0.27890975281945474,2.5437588437659705e-16,0.0
2026-07-16_ttft_component_regression/phase1/input4000_rate2p5_reuse00_seed1,0,0.0,1.22457498173801e-13,1.0339742664403704,1.2661790184437888e-13,0.0
2026-07-16_ttft_component_regression/phase1/input4000_rate2p5_reuse00_seed1,0,0.0,1.287198779172996e-14,1.113326975837277,1.4330731241181065e-14,0.0
2026-07-16_ttft_component_regression/phase1/input4000_rate2p5_reuse00_seed1,0,0.0,1.2121225451424197e-13,2.399837840477735,2.9088975511289605e-13,0.0
2026-07-16_ttft_component_regression/phase1/input4000_rate2p5_reuse00_seed1,0,0.0,1.8251942093346542e-15,0.4617349213530882,8.427559047012486e-16,0.0
2026-07-16_ttft_component_regression/phase1/input4000_rate2p5_reuse00_seed1,0,0.0,1.3789928292790282e-13,0.7673800296291305,1.0582115581904992e-13,0.0
2026-07-16_ttft_component_regression/phase1/input4000_rate2p5_reuse00_seed1,0,0.0,1.0558187565509888e-14,0.9218199164432287,9.732747579430262e-15,0.0
2026-07-16_ttft_component_regression/phase1/input4000_rate2p5_reuse00_seed1,0,0.0,2.19593366783362e-12,0.13577156005043872,2.9814533984905247e-13,0.0
2026-07-16_ttft_component_regression/phase1/input4000_rate2p5_reuse00_seed1,0,0.0,1.8110624352496082e-12,0.4296212626156222,7.780709301076603e-13,0.0
2026-07-16_ttft_component_regression/phase1/input4000_rate2p5_reuse00_seed1,0,0.0,8.555519792919052e-13,0.8999744190110704,7.699748954970037e-13,0.0
2026-07-16_ttft_component_regression/phase1/input4000_rate2p5_reuse00_seed1,0,0.0,8.273626883641601e-13,0.13383525253370396,1.1073029433418158e-13,0.0
2026-07-16_ttft_component_regression/phase1/input4000_rate2p5_reuse00_seed1,0,0.0,9.83845024287675e-14,1.3539430597950806,1.33207014254822e-13,0.0
2026-07-16_ttft_component_regression/phase1/input4000_rate2p5_reuse00_seed1,0,0.0,4.073014318621469e-11,1.2160142948870756,4.952843634723448e-11,0.0
2026-07-16_ttft_component_regression/phase1/input4000_rate2p5_reuse00_seed1,0,0.0,5.917255838097618e-12,1.4033630902554646,8.304058438784862e-12,0.0
2026-07-16_ttft_component_regression/phase1/input4000_rate2p5_reuse00_seed1,0,0.0,5.212389938696635e-10,0.1954716976580511,1.0188747101727762e-10,0.0
2026-07-16_ttft_component_regression/phase1/input4000_rate2p5_reuse00_seed1,0,0.0,2.918154982225666e-09,0.3747890465615107,1.0936925235070796e-09,0.0
2026-07-16_ttft_component_regression/phase1/input4000_rate2p5_reuse00_seed1,0,0.0,5.3613952387614466e-11,0.39926182384249365,2.1406004413683568e-11,0.0
2026-07-16_ttft_component_regression/phase1/input4000_rate2p5_reuse00_seed1,0,0.0,6.884343339260193e-13,0.461886589819766,3.1797858681193105e-13,0.0
2026-07-16_ttft_component_regression/phase1/input4000_rate2p5_reuse00_seed1,0,0.0,9.218026409755796e-11,1.131854406559652,1.0433463811665347e-10,0.0
2026-07-16_ttft_component_regression/phase1/input4000_rate2p5_reuse00_seed1,0,0.0,5.775739975631848e-13,0.25606616662762655,1.4789715949979884e-13,0.0
2026-07-16_ttft_component_regression/phase1/input4000_rate2p5_reuse00_seed1,0,0.0,1.0181522953824818e-11,0.4729605880754317,4.815459083744492e-12,0.0
2026-07-16_ttft_component_regression/phase1/input4000_rate2p5_reuse00_seed1,0,0.0,1.330352443631521e-13,0.8023259820254134,1.0673763307765685e-13,0.0
2026-07-16_ttft_component_regression/phase1/input4000_rate2p5_reuse00_seed1,0,0.0,8.288550746301958e-13,1.1319764637623815,9.382444363513939e-13,0.0
2026-07-16_ttft_component_regression/phase1/input4000_rate2p5_reuse00_seed1,0,0.0,9.653715151975591e-14,2.3649910665501643,2.2830950093442236e-13,0.0
2026-07-16_ttft_component_regression/phase1/input4000_rate2p5_reuse00_seed1,0,0.0,3.9213144609920003e-16,0.029100250252334033,1.1411123213296355e-17,0.0
2026-07-16_ttft_component_regression/phase1/input4000_rate2p5_reuse00_seed1,0,0.0,4.739884541047694e-15,0.3058235289446511,1.4495682171334036e-15,0.0
2026-07-16_ttft_component_regression/phase1/input4000_rate2p5_reuse00_seed1,0,0.0,8.03001493381416e-15,0.9737131888174398,7.81893144745585e-15,0.0
2026-07-16_ttft_component_regression/phase1/input4000_rate2p5_reuse00_seed1,0,0.0,6.091174260071306e-15,0.5762958007552648,3.5103181477476504e-15,0.0
2026-07-16_ttft_component_regression/phase1/input4000_rate2p5_reuse00_seed1,0,0.0,6.153267277779632e-14,1.965978839525734,1.2097193262060873e-13,0.0
2026-07-16_ttft_component_regression/phase1/input4000_rate2p5_reuse00_seed1,0,0.0,1.108131905978005e-13,2.221387462736234,2.461590322997548e-13,0.0
2026-07-16_ttft_component_regression/phase1/input4000_rate2p5_reuse00_seed1,0,0.0,1.2976643986043598e-12,1.512980259802062,1.963340618936311e-12,0.0
2026-07-16_ttft_component_regression/phase1/input4000_rate2p5_reuse00_seed1,0,0.0,1.2299135203209518e-11,1.1441163865536947,1.4071642126431415e-11,0.0
2026-07-16_ttft_component_regression/phase1/input4000_rate2p5_reuse00_seed1,0,0.0,2.445419859558244e-11,1.157163898014365,2.8297515769681587e-11,0.0
2026-07-16_ttft_component_regression/phase1/input4000_rate2p5_reuse00_seed1,0,0.0,2.691173543124387e-11,1.1186363326410715,3.010444502781343e-11,0.0
2026-07-16_ttft_component_regression/phase1/input4000_rate2p5_reuse00_seed1,0,0.0,4.7137626696054854e-11,0.732660376397405,3.453587131761192e-11,0.0
2026-07-16_ttft_component_regression/phase1/input4000_rate2p5_reuse00_seed1,0,0.0,7.696194300346983e-12,1.2821336831745194,9.86754994473062e-12,0.0
2026-07-16_ttft_component_regression/phase1/input4000_rate2p5_reuse00_seed1,0,0.0,3.869168539581163e-12,1.328915212047201,5.14179693022386e-12,0.0
2026-07-16_ttft_component_regression/phase1/input4000_rate2p5_reuse00_seed1,0,0.0,1.5299934588775411e-13,0.63828015607076,9.76564463719599e-14,0.0
2026-07-16_ttft_component_regression/phase1/input4000_rate2p5_reuse00_seed1,0,0.0,1.7313970621329642e-13,1.1521860008174525,1.9948914568460663e-13,0.0
2026-07-16_ttft_component_regression/phase1/input4000_rate2p5_reuse00_seed1,0,0.0,9.436151455651475e-11,0.815525201498871,7.695419317244034e-11,0.0
2026-07-16_ttft_component_regression/phase1/input4000_rate2p5_reuse00_seed1,0,0.0,4.4080665254863945e-12,1.0222295791392042,4.506055989165571e-12,0.0
2026-07-16_ttft_component_regression/phase1/input4000_rate2p5_reuse00_seed1,0,0.0,1.4184019487703928e-12,1.2664089308853628,1.7962768955080283e-12,0.0
2026-07-16_ttft_component_regression/phase1/input4000_rate2p5_reuse00_seed1,0,0.0,1.8213660274676483e-11,1.3099393902038834,2.3858791033590408e-11,0.0
2026-07-16_ttft_component_regression/phase1/input4000_rate2p5_reuse00_seed1,0,0.0,3.1365445648339154e-11,0.9487925740010767,2.975930191137858e-11,0.0
2026-07-16_ttft_component_regression/phase1/input4000_rate2p5_reuse00_seed1,0,0.0,1.5975083970085983e-15,0.400998900577876,6.40599110864373e-16,0.0
2026-07-16_ttft_component_regression/phase1/input4000_rate2p5_reuse00_seed1,0,0.0,2.3312347942763778e-14,1.010267671360351,2.3551711470078227e-14,0.0
2026-07-16_ttft_component_regression/phase1/input4000_rate2p5_reuse00_seed1,0,0.0,1.3234472094481341e-14,0.47960258194614697,6.3472869872074825e-15,0.0
2026-07-16_ttft_component_regression/phase1/input4000_rate2p5_reuse00_seed1,0,0.0,1.1841700745909084e-14,0.7038350569582009,8.33460411897889e-15,0.0
2026-07-16_ttft_component_regression/phase1/input4000_rate2p5_reuse00_seed1,0,0.0,4.157125934253864e-16,0.2953506873768783,1.227810002194126e-16,0.0
2026-07-16_ttft_component_regression/phase1/input4000_rate2p5_reuse00_seed1,0,0.0,2.788340293679347e-15,0.232524006467908,6.483560564822249e-16,0.0
2026-07-16_ttft_component_regression/phase1/input4000_rate2p5_reuse00_seed1,0,0.0,3.714520048715127e-14,0.29206363492802156,1.0848762274407517e-14,0.0
2026-07-16_ttft_component_regression/phase1/input4000_rate2p5_reuse00_seed1,0,0.0,8.553222703392193e-14,0.27261404205966466,2.3317286138082378e-14,0.0
2026-07-16_ttft_component_regression/phase1/input4000_rate2p5_reuse00_seed1,0,0.0,9.617295100514106e-15,0.01983889078720921,1.9079646716746156e-16,0.0
2026-07-16_ttft_component_regression/phase1/input4000_rate2p5_reuse00_seed1,0,0.0,6.955515669375354e-11,0.6141751391434417,4.2719048040529965e-11,0.0
2026-07-16_ttft_component_regression/phase1/input4000_rate2p5_reuse00_seed1,0,0.0,1.0435427135294533e-11,0.7400260492671609,7.72248791534734e-12,0.0
2026-07-16_ttft_component_regression/phase1/input4000_rate2p5_reuse00_seed1,0,0.0,8.272990009843397e-13,1.0448128805313626,8.643726522791665e-13,0.0
2026-07-16_ttft_component_regression/phase1/input4000_rate2p5_reuse00_seed1,0,0.0,3.000982099993964e-11,1.1430743975176665,3.430345805911902e-11,0.0
2026-07-16_ttft_component_regression/phase1/input4000_rate2p5_reuse00_seed1,0,0.0,1.1988673591171539e-11,2.2043432531434495,2.6427151744838033e-11,0.0
2026-07-16_ttft_component_regression/phase1/input4000_rate2p5_reuse00_seed1,0,0.0,7.556372937973872e-13,0.8397117119880404,6.345174856166139e-13,0.0
2026-07-16_ttft_component_regression/phase1/input4000_rate2p5_reuse00_seed1,0,0.0,1.0832816214635564e-11,1.5097025599024914,1.6354330370188526e-11,0.0
2026-07-16_ttft_component_regression/phase1/input4000_rate2p5_reuse00_seed1,0,0.0,8.027102393669541e-11,1.2010578863002432,9.641014634056362e-11,0.0
2026-07-16_ttft_component_regression/phase1/input4000_rate2p5_reuse00_seed1,0,0.0,6.425350851076178e-12,1.4237106838568268,9.147840654205709e-12,0.0
2026-07-16_ttft_component_regression/phase1/input4000_rate2p5_reuse00_seed1,0,0.0,1.0226074239727192e-12,1.2744525439473562,1.3032646329414847e-12,0.0
2026-07-16_ttft_component_regression/phase1/input4000_rate2p5_reuse00_seed1,0,0.0,6.750753439183099e-11,0.9618901242448264,6.493483064362021e-11,0.0
2026-07-16_ttft_component_regression/phase1/input4000_rate2p5_reuse00_seed1,0,0.0,7.51232274914891e-12,1.3121165923996487,9.85704332661963e-12,0.0
2026-07-16_ttft_component_regression/phase1/input4000_rate2p5_reuse00_seed1,0,0.0,3.206154527899929e-14,1.2586760618340191,4.035509954808392e-14,0.0
2026-07-16_ttft_component_regression/phase1/input4000_rate2p5_reuse00_seed1,0,0.0,1.6814282422277599e-13,0.40440045351043535,6.799703437021602e-14,0.0
2026-07-16_ttft_component_regression/phase1/input4000_rate2p5_reuse00_seed1,0,0.0,3.3833940203086054e-13,1.3621768963766852,4.608781165803412e-13,0.0
2026-07-16_ttft_component_regression/phase1/input4000_rate2p5_reuse00_seed1,0,0.0,7.994633480305201e-13,0.4521298059562839,3.6146120841420013e-13,0.0
2026-07-16_ttft_component_regression/phase1/input4000_rate2p5_reuse00_seed1,0,0.0,6.524515805857687e-12,0.4569769797039771,2.9815535269917063e-12,0.0
2026-07-16_ttft_component_regression/phase1/input4000_rate2p5_reuse00_seed1,0,0.0,5.272224495163009e-13,1.2491148865905584,6.585614102355506e-13,0.0
2026-07-16_ttft_component_regression/phase1/input4000_rate2p5_reuse00_seed1,0,0.0,6.114410826266658e-12,0.3410031879274149,2.0850335840548296e-12,0.0
2026-07-16_ttft_component_regression/phase1/input4000_rate2p5_reuse00_seed1,0,0.0,7.854697417090469e-12,0.3652010217614156,2.8685435223481913e-12,0.0
2026-07-16_ttft_component_regression/phase1/input4000_rate2p5_reuse00_seed1,0,0.0,3.725488461427732e-15,0.09432712412692269,3.514146125345119e-16,0.0
2026-07-16_ttft_component_regression/phase1/input4000_rate2p5_reuse00_seed1,0,0.0,1.8748581181743104e-14,1.088875884610536,2.041487791946297e-14,0.0
2026-07-16_ttft_component_regression/phase1/input4000_rate2p5_reuse00_seed1,0,0.0,1.871954144449864e-13,0.34890408532959805,6.5313244854823e-14,0.0
2026-07-16_ttft_component_regression/phase1/input4000_rate2p5_reuse00_seed1,0,0.0,2.2293923589047566e-12,0.9744731201074738,2.172482927925679e-12,0.0
2026-07-16_ttft_component_regression/phase1/input4000_rate2p5_reuse00_seed1,0,0.0,6.39711127781819e-12,1.4722310943091637,9.418026136959765e-12,0.0
2026-07-16_ttft_component_regression/phase1/input4000_rate2p5_reuse00_seed1,0,0.0,1.9134746809041082e-16,0.30702191167264503,5.874786544683837e-17,0.0
2026-07-16_ttft_component_regression/phase1/input4000_rate2p5_reuse00_seed1,0,0.0,1.8164736078261913e-14,0.21733776090897888,3.947883066751991e-15,0.0
2026-07-16_ttft_component_regression/phase1/input4000_rate2p5_reuse00_seed1,0,0.0,1.9088877097980482e-15,0.25866345384229905,4.937594880134794e-16,0.0
2026-07-16_ttft_component_regression/phase1/input4000_rate2p5_reuse00_seed1,0,0.0,1.5376087760922219e-13,0.283691176920195,4.3620604333242305e-14,0.0
2026-07-16_ttft_component_regression/phase1/input4000_rate2p5_reuse00_seed1,0,0.0,2.451440926113786e-12,0.980502740401688,2.403644545987419e-12,0.0
2026-07-16_ttft_component_regression/phase1/input4000_rate2p5_reuse00_seed1,0,0.0,4.717513625216628e-13,0.8678045300514058,4.0938796945422194e-13,0.0
2026-07-16_ttft_component_regression/phase1/input4000_rate2p5_reuse00_seed1,0,0.0,7.076338623501135e-14,0.8062294664815959,5.70515271306843e-14,0.0
2026-07-16_ttft_component_regression/phase1/input4000_rate2p5_reuse00_seed1,0,0.0,3.0945630145025137e-14,1.9102144308851707,5.911278927586217e-14,0.0
2026-07-16_ttft_component_regression/phase1/input4000_rate2p5_reuse00_seed1,0,0.0,1.1610744270581853e-12,0.8981172915655956,1.042781019735573e-12,0.0
2026-07-16_ttft_component_regression/phase1/input4000_rate2p5_reuse00_seed1,0,0.0,1.5460115165309062e-13,1.8070173410069954,2.7936696197678707e-13,0.0
2026-07-16_ttft_component_regression/phase1/input4000_rate2p5_reuse00_seed1,0,0.0,3.553095317765995e-13,1.2627982314167139,4.4868424833299054e-13,0.0
2026-07-16_ttft_component_regression/phase1/input4000_rate2p5_reuse00_seed1,0,0.0,6.040233492047394e-12,1.0782065944372379,6.512619583066166e-12,0.0
2026-07-16_ttft_component_regression/phase1/input4000_rate2p5_reuse00_seed1,0,0.0,6.63993515916937e-11,0.7785305610324803,5.169392444687421e-11,0.0
2026-07-16_ttft_component_regression/phase1/input4000_rate2p5_reuse00_seed1,0,0.0,4.288372578882894e-10,1.1927040110720533,5.114759175805033e-10,0.0
2026-07-16_ttft_component_regression/phase1/input4000_rate2p5_reuse00_seed1,0,0.0,4.131120991814981e-10,0.3159080289955731,1.3050542900665075e-10,0.0
2026-07-16_ttft_component_regression/phase1/input4000_rate2p5_reuse00_seed1,0,0.0,1.8552539318201624e-15,0.3423294410922238,6.351080415641468e-16,0.0
2026-07-16_ttft_component_regression/phase1/input4000_rate2p5_reuse00_seed1,0,0.0,7.88533073678228e-15,0.9175683172004258,7.23532965471811e-15,0.0
2026-07-16_ttft_component_regression/phase1/input4000_rate2p5_reuse00_seed1,0,0.0,1.0126921383423227e-15,0.5268263563203024,5.335129093171015e-16,0.0
2026-07-16_ttft_component_regression/phase1/input4000_rate2p5_reuse00_seed1,0,0.0,1.8546625911710456e-14,0.38457904237845647,7.132643632477075e-15,0.0
2026-07-16_ttft_component_regression/phase1/input4000_rate2p5_reuse00_seed1,0,0.0,1.8735436071085517e-14,1.0737679972885708,2.0117511668377545e-14,0.0
2026-07-16_ttft_component_regression/phase1/input4000_rate2p5_reuse00_seed1,0,0.0,1.1275777131458198e-14,0.9552643479320236,1.077134788890924e-14,0.0
2026-07-16_ttft_component_regression/phase1/input4000_rate2p5_reuse00_seed1,0,0.0,1.0419598445921766e-13,1.9057805735715079,1.9857468302653574e-13,0.0
2026-07-16_ttft_component_regression/phase1/input4000_rate2p5_reuse00_seed1,0,0.0,2.795441642493943e-16,0.2663113530715489,7.44457846245115e-17,0.0
2026-07-16_ttft_component_regression/phase1/input4000_rate2p5_reuse00_seed1,0,0.0,5.259936219364612e-15,0.22212292797438524,1.168352434003786e-15,0.0
2026-07-16_ttft_component_regression/phase1/input4000_rate2p5_reuse00_seed1,0,0.0,4.228373768944451e-12,0.947622936442863,4.0069039673051165e-12,0.0
2026-07-16_ttft_component_regression/phase1/input4000_rate2p5_reuse00_seed1,0,0.0,4.797022659494923e-13,1.1239665518905628,5.391693017933405e-13,0.0
2026-07-16_ttft_component_regression/phase1/input4000_rate2p5_reuse00_seed1,0,0.0,6.61316029699218e-14,1.1365195361772669,7.515985873403469e-14,0.0
2026-07-16_ttft_component_regression/phase1/input4000_rate2p5_reuse00_seed1,0,0.0,5.7258675330588246e-11,0.12565530931922547,7.194856559874171e-12,0.0
2026-07-16_ttft_component_regression/phase1/input4000_rate2p5_reuse00_seed1,0,0.0,1.0755730719669997e-11,0.03429437778277323,3.688610926301423e-13,0.0
2026-07-16_ttft_component_regression/phase1/input4000_rate2p5_reuse00_seed1,0,0.0,5.245114864106747e-11,1.080409080049879,5.666869725085516e-11,0.0
2026-07-16_ttft_component_regression/phase1/input4000_rate2p5_reuse00_seed1,0,0.0,9.643767552915233e-10,0.7048806124742854,6.79770477925853e-10,0.0
2026-07-16_ttft_component_regression/phase1/input4000_rate2p5_reuse00_seed1,0,0.0,1.6122722869345496e-12,1.9639574676063976,3.1664341977399534e-12,0.0
2026-07-16_ttft_component_regression/phase1/input4000_rate2p5_reuse00_seed1,0,0.0,1.63884426787776e-11,1.1000917423466565,1.8028790460844757e-11,0.0
2026-07-16_ttft_component_regression/phase1/input4000_rate2p5_reuse00_seed1,0,0.0,1.0161370068227036e-11,1.2368626028560818,1.2568218631171173e-11,0.0
2026-07-16_ttft_component_regression/phase1/input4000_rate2p5_reuse00_seed1,0,0.0,2.339583017755795e-14,0.305320000166574,7.143214873709131e-15,0.0
2026-07-16_ttft_component_regression/phase1/input4000_rate2p5_reuse00_seed1,0,0.0,1.4691681339206706e-13,1.2024074247167744,1.7665386723835027e-13,0.0
2026-07-16_ttft_component_regression/phase1/input4000_rate2p5_reuse00_seed1,0,0.0,1.5624162789624156e-11,1.0940913297604649,1.7094261042893868e-11,0.0
2026-07-16_ttft_component_regression/phase1/input4000_rate2p5_reuse00_seed1,0,0.0,1.8410976858894274e-12,1.4118071792792437,2.5992749306930957e-12,0.0
2026-07-16_ttft_component_regression/phase1/input4000_rate2p5_reuse00_seed1,0,0.0,1.3253709831719903e-10,1.078441870745854,1.4293355625242732e-10,0.0
2026-07-16_ttft_component_regression/phase1/input4000_rate2p5_reuse00_seed1,0,0.0,1.6809697316755159e-12,1.4206777609994186,2.388116314704565e-12,0.0
2026-07-16_ttft_component_regression/phase1/input4000_rate2p5_reuse00_seed1,0,0.0,1.4011185595747041e-11,0.4342801109421523,6.0847792349521115e-12,0.0
2026-07-16_ttft_component_regression/phase1/input4000_rate2p5_reuse00_seed1,0,0.0,1.0079332054506963e-13,1.3865735226669489,1.3975734952947614e-13,0.0
2026-07-16_ttft_component_regression/phase1/input4000_rate2p5_reuse00_seed1,0,0.0,8.573673713370256e-15,1.3004872827139498,1.1149953630376904e-14,0.0
2026-07-16_ttft_component_regression/phase1/input4000_rate2p5_reuse00_seed1,0,0.0,9.915463521930958e-14,1.5701238882433592,1.5568506138789428e-13,0.0
2026-07-16_ttft_component_regression/phase1/input4000_rate2p5_reuse00_seed1,0,0.0,1.2446918342807345e-12,0.19792449323260508,2.46355000530776e-13,0.0
2026-07-16_ttft_component_regression/phase1/input4000_rate2p5_reuse00_seed1,0,0.0,1.930831807923626e-10,0.3108130862499043,6.001277932502247e-11,0.0
2026-07-16_ttft_component_regression/phase1/input4000_rate2p5_reuse00_seed1,0,0.0,8.987799494756385e-12,0.47703337078269265,4.28748028890262e-12,0.0
2026-07-16_ttft_component_regression/phase1/input4000_rate2p5_reuse00_seed1,0,0.0,1.0664314112076833e-12,0.3507430147351188,3.7404336817521e-13,0.0
2026-07-16_ttft_component_regression/phase1/input4000_rate2p5_reuse00_seed1,0,0.0,8.699148841444022e-10,0.16098182087739887,1.4004048205791735e-10,0.0
2026-07-16_ttft_component_regression/phase1/input4000_rate2p5_reuse00_seed1,0,0.0,1.4432961208044747e-10,0.16212744213956176,2.339979083159814e-11,0.0
2026-07-16_ttft_component_regression/phase1/input4000_rate2p5_reuse00_seed1,0,0.0,9.93004098951022e-09,0.36830236545479766,3.6572575854997136e-09,0.0
2026-07-16_ttft_component_regression/phase1/input4000_rate2p5_reuse00_seed1,0,0.0,1.9827795603334946e-09,0.4560929470067068,9.043317729371659e-10,0.0
2026-07-16_ttft_component_regression/phase1/input4000_rate2p5_reuse00_seed1,0,0.0,1.5393848204912587e-10,0.4113460484869931,6.332198630099384e-11,0.0
2026-07-16_ttft_component_regression/phase1/input4000_rate2p5_reuse00_seed1,0,0.0,1.5739919310633708e-07,0.29943228110365866,4.713039943570578e-08,0.0
2026-07-16_ttft_component_regression/phase1/input4000_rate2p5_reuse00_seed1,0,0.0,1.4165221973182276e-08,0.34442563648540536,4.878865594070355e-09,0.0
2026-07-16_ttft_component_regression/phase1/input4000_rate2p5_reuse00_seed1,0,0.0,6.477770629935747e-11,2.357019005447942,1.526822848769104e-10,0.0
2026-07-16_ttft_component_regression/phase1/input4000_rate2p5_reuse00_seed1,0,0.0,5.659857747280283e-10,2.4035334421737344,1.3603657373534257e-09,0.0
2026-07-16_ttft_component_regression/phase1/input4000_rate2p5_reuse00_seed1,0,0.0,7.922717155934969e-16,0.09308567398192262,7.374914662283477e-17,0.0
2026-07-16_ttft_component_regression/phase1/input4000_rate2p5_reuse00_seed1,0,0.0,9.693197684925704e-15,0.1572810281385145,1.5245560978349833e-15,0.0
2026-07-16_ttft_component_regression/phase1/input4000_rate2p5_reuse00_seed1,0,0.0,8.593479193021219e-14,0.21114985518630425,1.814511887152949e-14,0.0
2026-07-16_ttft_component_regression/phase1/input4000_rate2p5_reuse00_seed1,0,0.0,2.1254450776670213e-14,0.19194797365638602,4.079748757761248e-15,0.0
2026-07-16_ttft_component_regression/phase1/input4000_rate2p5_reuse00_seed1,0,0.0,1.6656075623343118e-11,0.7264801160477922,1.2100307751747111e-11,0.0
2026-07-16_ttft_component_regression/phase1/input4000_rate2p5_reuse00_seed1,0,0.0,1.9655676400353344e-10,0.5862457056142253,1.1523055880650022e-10,0.0
2026-07-16_ttft_component_regression/phase1/input4000_rate2p5_reuse00_seed1,0,0.0,1.6200917641702043e-08,0.004257740344467497,6.897930066047001e-11,0.0
2026-07-16_ttft_component_regression/phase1/input4000_rate2p5_reuse00_seed1,0,0.0,1.6475807704097185e-13,0.1786605309238457,2.9435765518131905e-14,0.0
2026-07-16_ttft_component_regression/phase1/input4000_rate2p5_reuse00_seed1,0,0.0,2.4175204332989838e-12,0.16745921109093218,4.0483606455645634e-13,0.0
2026-07-16_ttft_component_regression/phase1/input4000_rate2p5_reuse00_seed1,0,0.0,1.7207099784869242e-09,0.05039116579262732,8.670858180696279e-11,0.0
2026-07-16_ttft_component_regression/phase1/input4000_rate2p5_reuse00_seed1,0,0.0,2.0365867807914604e-06,1.7650968679235661,3.594772948029545e-06,0.0
2026-07-16_ttft_component_regression/phase1/input4000_rate2p5_reuse00_seed1,0,0.0,4.149221647955422e-09,2.247826050773445,9.326728510707321e-09,0.0
2026-07-16_ttft_component_regression/phase1/input4000_rate2p5_reuse00_seed1,0,0.0,1.753129205600877e-05,1.4969068706472644,2.6242711529963333e-05,0.0
2026-07-16_ttft_component_regression/phase1/input4000_rate2p5_reuse00_seed1,0,0.0,8.950427488410957e-08,2.1453071933760453,1.9201416474678715e-07,0.0
2026-07-16_ttft_component_regression/phase1/input4000_rate2p5_reuse00_seed1,0,0.0,0.0001194936430503115,1.8677967062545304,0.00022318983290772637,0.0
2026-07-16_ttft_component_regression/phase1/input4000_rate2p5_reuse00_seed1,0,0.0,6.951752133052034e-09,2.625399922130384,1.825112950878454e-08,0.0
2026-07-16_ttft_component_regression/phase1/input4000_rate2p5_reuse00_seed1,0,0.0,6.845489588063318e-09,0.9541678498894467,6.531746081682971e-09,0.0
2026-07-16_ttft_component_regression/phase1/input4000_rate2p5_reuse00_seed1,0,0.0,5.346501269835467e-09,1.375085209696184,7.351894819772618e-09,0.0
2026-07-16_ttft_component_regression/phase1/input4000_rate2p5_reuse00_seed1,0,0.0,6.6524640640804e-07,1.3615108007250805,9.057401674680928e-07,0.0
2026-07-16_ttft_component_regression/phase1/input4000_rate2p5_reuse00_seed1,0,0.0,9.541706971105017e-06,0.40417517191580277,3.8565210554165844e-06,0.0
2026-07-16_ttft_component_regression/phase1/input4000_rate2p5_reuse00_seed1,0,0.0,9.095444379978876e-08,1.3356667139095457,1.214848230655343e-07,0.0
2026-07-16_ttft_component_regression/phase1/input4000_rate2p5_reuse00_seed1,0,0.0,8.070499826220082e-07,0.4579420290552185,3.6958210659090127e-07,0.0
2026-07-16_ttft_component_regression/phase1/input4000_rate2p5_reuse00_seed1,0,0.0,7.171483936707489e-08,0.5417623468038363,3.8852399676166636e-08,0.0
2026-07-16_ttft_component_regression/phase1/input4000_rate2p5_reuse00_seed1,0,0.0,1.6929294791608357e-07,1.1391758688073568,1.928544410252631e-07,0.0
2026-07-16_ttft_component_regression/phase1/input4000_rate2p5_reuse00_seed1,0,0.0,6.714864185733785e-06,1.2911518793451928,8.669909512957904e-06,0.0
2026-07-16_ttft_component_regression/phase1/input4000_rate2p5_reuse00_seed1,0,0.0,0.0003413922406498188,0.1402311032479375,4.7873810546609466e-05,0.0
2026-07-16_ttft_component_regression/phase1/input4000_rate2p5_reuse00_seed1,0,0.0,9.37983832247256e-07,0.8916769051494354,8.363785206184404e-07,0.0
2026-07-16_ttft_component_regression/phase1/input4000_rate2p5_reuse00_seed1,0,0.0,1.0478452870111392e-08,0.9884795066241557,1.0357735923232178e-08,0.0
2026-07-16_ttft_component_regression/phase1/input4000_rate2p5_reuse00_seed1,0,0.0,0.00011162757491323999,0.9988278518229711,0.00011149673085479928,0.0
2026-07-16_ttft_component_regression/phase1/input4000_rate2p5_reuse00_seed1,0,0.0,0.0006306646169403697,0.9457345794283992,0.0005964413362624731,0.0
2026-07-16_ttft_component_regression/phase1/input4000_rate2p5_reuse00_seed1,0,0.0,8.573146651391704e-05,1.2028283440587075,0.00010312023790065937,0.0
2026-07-16_ttft_component_regression/phase1/input4000_rate2p5_reuse00_seed1,0,0.0,0.0010585774621021287,1.2503169444570141,0.0013235573378865943,0.0
2026-07-16_ttft_component_regression/phase1/input4000_rate2p5_reuse00_seed1,0,0.0,8.12929125532056e-10,0.37269265446145505,3.029727136835714e-10,0.0
2026-07-16_ttft_component_regression/phase1/input4000_rate2p5_reuse00_seed1,0,0.0,9.444688950870347e-09,1.3878276821980302,1.3107600775767738e-08,0.0
2026-07-16_ttft_component_regression/phase1/input4000_rate2p5_reuse00_seed1,0,0.0,1.376027873307516e-10,1.3340141746211105,1.8356406876659677e-10,0.0
2026-07-16_ttft_component_regression/phase1/input4000_rate2p5_reuse00_seed1,0,0.0,1.2637024418817236e-10,0.0924632585633633,1.1684604563086337e-11,0.0
2026-07-16_ttft_component_regression/phase1/input4000_rate2p5_reuse00_seed1,0,0.0,2.4598169674380273e-12,0.38339241804585406,9.43075175096285e-13,0.0
2026-07-16_ttft_component_regression/phase1/input4000_rate2p5_reuse00_seed1,0,0.0,1.7582453706130308e-09,0.17781738192343896,3.126465885814158e-10,0.0
2026-07-16_ttft_component_regression/phase1/input4000_rate2p5_reuse00_seed1,0,0.0,1.005057551988454e-06,0.8034280916493158,8.074914709918166e-07,0.0
2026-07-16_ttft_component_regression/phase1/input4000_rate2p5_reuse00_seed1,0,0.0,3.754764307730662e-13,0.3502089590946601,1.3149520998561371e-13,0.0
2026-07-16_ttft_component_regression/phase1/input4000_rate2p5_reuse00_seed1,0,0.0,3.359924354738392e-11,0.2694819315583416,9.054389050048165e-12,0.0
2026-07-16_ttft_component_regression/phase1/input4000_rate2p5_reuse00_seed1,0,0.0,1.3050364708463813e-07,0.37812870415803,4.934717496001109e-08,0.0
2026-07-16_ttft_component_regression/phase1/input4000_rate2p5_reuse00_seed1,0,0.0,1.0435726019956147e-09,0.12313765414772908,1.2850308214258175e-10,0.0
2026-07-16_ttft_component_regression/phase1/input4000_rate2p5_reuse00_seed1,0,0.0,8.8430294937161e-07,0.4633565263285434,4.09747542842915e-07,0.0
2026-07-16_ttft_component_regression/phase1/input4000_rate2p5_reuse00_seed1,0,0.0,1.4414826208791048e-08,0.3763612982311288,5.425182705716699e-09,0.0
2026-07-16_ttft_component_regression/phase1/input4000_rate2p5_reuse00_seed1,0,0.0,1.1687453307581086e-05,0.3192781734569071,3.731548744407377e-06,0.0
2026-07-16_ttft_component_regression/phase1/input4000_rate2p5_reuse00_seed1,0,0.0,8.199799736528397e-08,1.3021707008541412,1.0677538969778786e-07,0.0
2026-07-16_ttft_component_regression/phase1/input4000_rate2p5_reuse00_seed1,0,0.0,8.50706406675459e-10,1.7687157175218091,1.5046577924833845e-09,0.0
2026-07-16_ttft_component_regression/phase1/input4000_rate2p5_reuse00_seed1,0,0.0,1.1595685606168646e-08,1.742029386121735,2.0200025078174607e-08,0.0
2026-07-16_ttft_component_regression/phase1/input4000_rate2p5_reuse00_seed1,0,0.0,3.4707577381104068e-15,0.31080589082857313,1.0787319506435684e-15,0.0
2026-07-16_ttft_component_regression/phase1/input4000_rate2p5_reuse00_seed1,0,0.0,4.872462335148793e-16,0.29270139510945253,1.4261765231163125e-16,0.0
2026-07-16_ttft_component_regression/phase1/input4000_rate2p5_reuse00_seed1,0,0.0,7.399655901293357e-15,1.0426340582665536,7.715133262141546e-15,0.0
2026-07-16_ttft_component_regression/phase1/input4000_rate2p5_reuse00_seed1,0,0.0,1.4411371007450333e-15,0.33184148489297993,4.782290754455958e-16,0.0
2026-07-16_ttft_component_regression/phase1/input4000_rate2p5_reuse00_seed1,0,0.0,5.286785339083562e-14,2.4022697114483886,1.270028429100984e-13,0.0
2026-07-16_ttft_component_regression/phase1/input4000_rate2p5_reuse00_seed1,0,0.0,1.5759107939595222e-12,0.7506964342853996,1.1830306137772862e-12,0.0
2026-07-16_ttft_component_regression/phase1/input4000_rate2p5_reuse00_seed1,0,0.0,1.485626970095827e-11,1.2764454937668146,1.8963218513972646e-11,0.0
2026-07-16_ttft_component_regression/phase1/input4000_rate2p5_reuse00_seed1,0,0.0,1.0823098293855366e-13,1.473519021012686,1.594804120228583e-13,0.0
2026-07-16_ttft_component_regression/phase1/input4000_rate2p5_reuse00_seed1,0,0.0,1.6029064834831077e-14,1.497820240835311,2.40086577512715e-14,0.0
2026-07-16_ttft_component_regression/phase1/input4000_rate2p5_reuse00_seed1,0,0.0,2.9168612304874445e-14,1.3566163126026667,3.957061526877554e-14,0.0
2026-07-16_ttft_component_regression/phase1/input4000_rate2p5_reuse00_seed1,0,0.0,2.021929890279294e-13,0.49829104602560725,1.0075095600177107e-13,0.0
2026-07-16_ttft_component_regression/phase1/input4000_rate2p5_reuse00_seed1,0,0.0,6.112062762630363e-13,0.18937591399785836,1.1574774720854e-13,0.0
2026-07-16_ttft_component_regression/phase1/input4000_rate2p5_reuse00_seed1,0,0.0,9.333423099217148e-14,1.3739145747438217,1.282332602826509e-13,0.0
2026-07-16_ttft_component_regression/phase1/input4000_rate2p5_reuse00_seed1,0,0.0,4.683832795000232e-12,1.1935494407745886,5.590386013154205e-12,0.0
2026-07-16_ttft_component_regression/phase1/input4000_rate2p5_reuse00_seed1,0,0.0,5.608089445121411e-12,0.9535847857625253,5.3477887720631795e-12,0.0
2026-07-16_ttft_component_regression/phase1/input4000_rate2p5_reuse00_seed1,0,0.0,6.548519460754225e-12,0.19531061664617308,1.2789953739993726e-12,0.0
2026-07-16_ttft_component_regression/phase1/input4000_rate2p5_reuse00_seed1,0,0.0,5.0458545014560834e-11,0.11080263391973852,5.590939691371031e-12,0.0
2026-07-16_ttft_component_regression/phase1/input4000_rate2p5_reuse00_seed1,0,0.0,7.21673849890464e-13,0.4425616792852104,3.193851909037466e-13,0.0
2026-07-16_ttft_component_regression/phase1/input4000_rate2p5_reuse00_seed1,0,0.0,8.405831649146164e-14,0.13671316255106863,1.1491878286266368e-14,0.0
2026-07-16_ttft_component_regression/phase1/input4000_rate2p5_reuse00_seed1,0,0.0,2.0015053868798238e-13,2.1010498561891255,4.205262605265614e-13,0.0
2026-07-16_ttft_component_regression/phase1/input4000_rate2p5_reuse00_seed1,0,0.0,8.922070044786202e-12,2.037540401238729,1.8179078178933723e-11,0.0
2026-07-16_ttft_component_regression/phase1/input4000_rate2p5_reuse00_seed1,0,0.0,2.383625772311259e-15,0.12623939433664932,3.0090747382180133e-16,0.0
2026-07-16_ttft_component_regression/phase1/input4000_rate2p5_reuse00_seed1,0,0.0,9.010013636151627e-13,1.1858993553574688,1.0684969362874219e-12,0.0
2026-07-16_ttft_component_regression/phase1/input4000_rate2p5_reuse00_seed1,0,0.0,3.7855542059406164e-11,2.4739952696293828,9.365443198422699e-11,0.0
2026-07-16_ttft_component_regression/phase1/input4000_rate2p5_reuse00_seed1,0,0.0,3.6795148420570546e-14,0.8896675349118461,3.273544899204451e-14,0.0
2026-07-16_ttft_component_regression/phase1/input4000_rate2p5_reuse00_seed1,0,0.0,6.395997658410932e-16,0.21151054494593355,1.3528209502034112e-16,0.0
2026-07-16_ttft_component_regression/phase1/input4000_rate2p5_reuse00_seed1,0,0.0,6.282772144798496e-15,0.3048353723088904,1.9152111858915753e-15,0.0
2026-07-16_ttft_component_regression/phase1/input4000_rate2p5_reuse00_seed1,0,0.0,3.0630276328262216e-13,0.1099488669164732,3.367764175630902e-14,0.0
2026-07-16_ttft_component_regression/phase1/input4000_rate2p5_reuse00_seed1,0,0.0,5.069434487417155e-14,0.25821421472920686,1.30900004528958e-14,0.0
2026-07-16_ttft_component_regression/phase1/input4000_rate2p5_reuse00_seed1,0,0.0,5.456223702307414e-12,0.048476792491976166,2.6450022420655846e-13,0.0
2026-07-16_ttft_component_regression/phase1/input4000_rate2p5_reuse00_seed1,0,0.0,5.5158791880469623e-11,0.7356875369719912,4.0579635740893364e-11,0.0
2026-07-16_ttft_component_regression/phase1/input4000_rate2p5_reuse00_seed1,0,0.0,2.8961515479070662e-09,0.08718092938925859,2.524891835986779e-10,0.0
2026-07-16_ttft_component_regression/phase1/input4000_rate2p5_reuse00_seed1,0,0.0,4.114426597071315e-10,0.20975738772326524,8.630313749808026e-11,0.0
2026-07-16_ttft_component_regression/phase1/input4000_rate2p5_reuse00_seed1,0,0.0,2.7033604919503325e-08,0.41280419711041033,1.1159585573795609e-08,0.0
2026-07-16_ttft_component_regression/phase1/input4000_rate2p5_reuse00_seed1,0,0.0,2.448520980098076e-07,0.8888243948094918,2.176305178314016e-07,0.0
2026-07-16_ttft_component_regression/phase1/input4000_rate2p5_reuse00_seed1,0,0.0,1.0474680336029012e-12,2.1987160272963657,2.303084753563307e-12,0.0
2026-07-16_ttft_component_regression/phase1/input4000_rate2p5_reuse00_seed1,0,0.0,1.4223664938030153e-11,0.7310869993362537,1.0398736519108745e-11,0.0
2026-07-16_ttft_component_regression/phase1/input4000_rate2p5_reuse00_seed1,0,0.0,1.5647881521655457e-11,2.2786386554275824,3.56558677107951e-11,0.0
2026-07-16_ttft_component_regression/phase1/input4000_rate2p5_reuse00_seed1,0,0.0,1.2788309642501548e-11,1.169108982193738,1.495092767012335e-11,0.0
2026-07-16_ttft_component_regression/phase1/input4000_rate2p5_reuse00_seed1,0,0.0,9.195758009303514e-13,1.5515239534951297,1.4267438821979093e-12,0.0
2026-07-16_ttft_component_regression/phase1/input4000_rate2p5_reuse00_seed1,0,0.0,4.387671656034356e-15,0.4420458379032545,1.9395519936360675e-15,0.0
2026-07-16_ttft_component_regression/phase1/input4000_rate2p5_reuse00_seed1,0,0.0,2.971220899473293e-14,0.29295818166346765,8.704434720301886e-15,0.0
2026-07-16_ttft_component_regression/phase1/input4000_rate2p5_reuse00_seed1,0,0.0,2.0248303756302815e-15,0.18315757091094956,3.708630131071479e-16,0.0
2026-07-16_ttft_component_regression/phase1/input4000_rate2p5_reuse00_seed1,0,0.0,1.822175831786982e-14,0.42072362035723243,7.666324128768704e-15,0.0
2026-07-16_ttft_component_regression/phase1/input4000_rate2p5_reuse00_seed1,0,0.0,1.1369501330871547e-13,0.4178563060208746,4.750817827417402e-14,0.0
2026-07-16_ttft_component_regression/phase1/input4000_rate2p5_reuse00_seed1,0,0.0,1.4899239258473407e-13,0.23425206584809552,3.4901775758624426e-14,0.0
2026-07-16_ttft_component_regression/phase1/input4000_rate2p5_reuse00_seed1,0,0.0,1.988006846510513e-12,0.39587865101765973,7.870094686104537e-13,0.0
2026-07-16_ttft_component_regression/phase1/input4000_rate2p5_reuse00_seed1,0,0.0,1.6764062313147442e-12,0.5034599499873494,8.440033973762021e-13,0.0
2026-07-16_ttft_component_regression/phase1/input4000_rate2p5_reuse00_seed1,0,0.0,1.524731848778497e-12,0.38591672413274175,5.884195202614565e-13,0.0
2026-07-16_ttft_component_regression/phase1/input4000_rate2p5_reuse00_seed1,0,0.0,2.2018663478072663e-11,0.3249288492426838,7.15449898579206e-12,0.0
2026-07-16_ttft_component_regression/phase1/input4000_rate2p5_reuse00_seed1,0,0.0,1.2862468824217618e-10,0.3149415400096444,4.050925739825137e-11,0.0
2026-07-16_ttft_component_regression/phase1/input4000_rate2p5_reuse00_seed1,0,0.0,7.978866657043135e-11,1.3958975020734403,1.1137680035943573e-10,0.0
2026-07-16_ttft_component_regression/phase1/input4000_rate2p5_reuse00_seed1,0,0.0,3.841846699065258e-11,2.3217605721052874,8.919848189962564e-11,0.0
2026-07-16_ttft_component_regression/phase1/input4000_rate2p5_reuse00_seed1,0,0.0,6.785022418840138e-10,1.7338155178157617,1.1763977158512866e-09,0.0
2026-07-16_ttft_component_regression/phase1/input4000_rate2p5_reuse00_seed1,0,0.0,7.430694575959862e-10,1.8762152386063873,1.394158239684572e-09,0.0
2026-07-16_ttft_component_regression/phase1/input4000_rate2p5_reuse00_seed1,0,0.0,9.50027241580421e-16,0.04041725766104787,3.8397495807970445e-17,0.0
2026-07-16_ttft_component_regression/phase1/input4000_rate2p5_reuse00_seed1,0,0.0,9.740657892508306e-15,0.299047381648645,2.9129182382898177e-15,0.0
2026-07-16_ttft_component_regression/phase1/input4000_rate2p5_reuse00_seed1,0,0.0,1.0034597808034468e-13,0.15701148750257823,1.5755471283296027e-14,0.0
2026-07-16_ttft_component_regression/phase1/input4000_rate2p5_reuse00_seed1,0,0.0,6.064906465356326e-13,2.157748766887214,1.3086544446908905e-12,0.0
2026-07-16_ttft_component_regression/phase1/input4000_rate2p5_reuse00_seed1,0,0.0,5.589321916972397e-14,2.3231054681888423,1.2984584308786317e-13,0.0
2026-07-16_ttft_component_regression/phase1/input4000_rate2p5_reuse00_seed1,0,0.0,1.3400647112602626e-13,1.25533263665396,1.6822269672732731e-13,0.0
2026-07-16_ttft_component_regression/phase1/input4000_rate2p5_reuse00_seed1,0,0.0,6.930149608998979e-12,0.9536190689500195,6.608722817817948e-12,0.0
2026-07-16_ttft_component_regression/phase1/input4000_rate2p5_reuse00_seed1,0,0.0,6.97239855018785e-13,1.2671273004753496,8.834916552737771e-13,0.0
2026-07-16_ttft_component_regression/phase1/input4000_rate2p5_reuse00_seed1,0,0.0,7.443505830702369e-13,1.3333708295835018,9.92495354449325e-13,0.0
2026-07-16_ttft_component_regression/phase1/input4000_rate2p5_reuse00_seed1,0,0.0,8.954986378562849e-13,1.2385785123695983,1.109145370705039e-12,0.0
2026-07-16_ttft_component_regression/phase1/input4000_rate2p5_reuse00_seed1,0,0.0,1.6838530153066798e-12,0.5485138272686294,9.23616661983689e-13,0.0
2026-07-16_ttft_component_regression/phase1/input4000_rate2p5_reuse00_seed1,0,0.0,1.698888117439211e-11,0.47571866155484643,8.081927813596142e-12,0.0
2026-07-16_ttft_component_regression/phase1/input4000_rate2p5_reuse00_seed1,0,0.0,1.1077911779571699e-11,1.4502931992075685,1.6066220115334247e-11,0.0
2026-07-16_ttft_component_regression/phase1/input4000_rate2p5_reuse00_seed1,0,0.0,1.4943539693356257e-11,1.406324274621869,2.1015462619542342e-11,0.0
2026-07-16_ttft_component_regression/phase1/input4000_rate2p5_reuse00_seed1,0,0.0,1.9719936837277273e-12,1.2297712708492263,2.4251011785444945e-12,0.0
2026-07-16_ttft_component_regression/phase1/input4000_rate2p5_reuse00_seed1,0,0.0,1.6926761325359438e-10,1.2057670572253918,2.040973119163522e-10,0.0
2026-07-16_ttft_component_regression/phase1/input4000_rate2p5_reuse00_seed1,0,0.0,2.968868559075019e-11,0.8360830965316364,2.4822208180668592e-11,0.0
2026-07-16_ttft_component_regression/phase1/input4000_rate2p5_reuse00_seed1,0,0.0,5.868030705925534e-11,0.9022625595371793,5.2945044041711336e-11,0.0
2026-07-16_ttft_component_regression/phase1/input4000_rate2p5_reuse00_seed1,0,0.0,3.067915964429714e-12,1.2787514519039709,3.923101993833868e-12,0.0
2026-07-16_ttft_component_regression/phase1/input4000_rate2p5_reuse00_seed1,0,0.0,3.105341110838083e-10,0.873274893268237,2.7118164271285954e-10,0.0
2026-07-16_ttft_component_regression/phase1/input4000_rate2p5_reuse00_seed1,0,0.0,4.967369201994663e-08,0.29570846549295987,1.4688931242588305e-08,0.0
2026-07-16_ttft_component_regression/phase1/input4000_rate2p5_reuse00_seed1,0,0.0,3.992983480969266e-11,1.4462533066872276,5.774865562899278e-11,0.0
2026-07-16_ttft_component_regression/phase1/input4000_rate2p5_reuse00_seed1,0,0.0,5.052474450164628e-09,1.0659320605237241,5.385594501407452e-09,0.0
2026-07-16_ttft_component_regression/phase1/input4000_rate2p5_reuse00_seed1,0,0.0,5.403871242349831e-10,0.3421948428563171,1.8491768705916715e-10,0.0
2026-07-16_ttft_component_regression/phase1/input4000_rate2p5_reuse00_seed1,0,0.0,5.551097038278847e-10,0.3401633347941417,1.888279680306816e-10,0.0
2026-07-16_ttft_component_regression/phase1/input4000_rate2p5_reuse00_seed1,0,0.0,2.7394606033171602e-14,0.42817968442449017,1.1729813766216651e-14,0.0
2026-07-16_ttft_component_regression/phase1/input4000_rate2p5_reuse00_seed1,0,0.0,2.3678027040896176e-14,0.4526688039013307,1.0718304179345837e-14,0.0
2026-07-16_ttft_component_regression/phase1/input4000_rate2p5_reuse00_seed1,0,0.0,1.2296426353209747e-13,0.3084517197395445,3.792853855298202e-14,0.0
2026-07-16_ttft_component_regression/phase1/input4000_rate2p5_reuse00_seed1,0,0.0,1.1321401698394255e-12,1.7960832001523532,2.033417939266224e-12,0.0
2026-07-16_ttft_component_regression/phase1/input4000_rate2p5_reuse00_seed1,0,0.0,4.60623132991553e-16,0.2357921803701615,1.0861133285701316e-16,0.0
2026-07-16_ttft_component_regression/phase1/input4000_rate2p5_reuse00_seed1,0,0.0,5.4697424074146464e-15,0.2894047586008724,1.5829694810267903e-15,0.0
2026-07-16_ttft_component_regression/phase1/input4000_rate2p5_reuse00_seed1,0,0.0,1.1118471373430534e-14,0.28436142415250204,3.161664354147532e-15,0.0
2026-07-16_ttft_component_regression/phase1/input4000_rate2p5_reuse00_seed1,0,0.0,8.099810302788282e-14,0.9268231623023714,7.507091798879564e-14,0.0
2026-07-16_ttft_component_regression/phase1/input4000_rate2p5_reuse00_seed1,0,0.0,8.00031117759897e-14,1.0880101398327224,8.704419683044747e-14,0.0
2026-07-16_ttft_component_regression/phase1/input4000_rate2p5_reuse00_seed1,0,0.0,9.221402267421527e-13,0.18917311065443457,1.7444413515239864e-13,0.0
2026-07-16_ttft_component_regression/phase1/input4000_rate2p5_reuse00_seed1,0,0.0,9.968128967739009e-12,0.9268678826773891,9.239138590583404e-12,0.0
2026-07-16_ttft_component_regression/phase1/input4000_rate2p5_reuse00_seed1,0,0.0,5.711300995761766e-16,0.39732335400975477,2.269233267395317e-16,0.0
2026-07-16_ttft_component_regression/phase1/input4000_rate2p5_reuse00_seed1,0,0.0,1.6932947101549777e-14,1.5533016031977103,2.630197387969929e-14,0.0
2026-07-16_ttft_component_regression/phase1/input4000_rate2p5_reuse00_seed1,0,0.0,1.4993523573296802e-13,0.5481792851473373,8.21913903424959e-14,0.0
2026-07-16_ttft_component_regression/phase1/input4000_rate2p5_reuse00_seed1,0,0.0,1.1014744132250911e-12,1.480129939840373,1.6303252569825644e-12,0.0
2026-07-16_ttft_component_regression/phase1/input4000_rate2p5_reuse00_seed1,0,0.0,5.639514347477313e-12,1.425933138358592,8.041570392316633e-12,0.0
2026-07-16_ttft_component_regression/phase1/input4000_rate2p5_reuse00_seed1,0,0.0,1.588446240821712e-11,1.4917107324998953,2.369502305432861e-11,0.0
2026-07-16_ttft_component_regression/phase1/input4000_rate2p5_reuse00_seed1,0,0.0,1.6417069866530058e-10,1.3296077509398907,2.1828263342260082e-10,0.0
2026-07-16_ttft_component_regression/phase1/input4000_rate2p5_reuse00_seed1,0,0.0,1.4909340942881203e-10,1.2570065035414961,1.8741138528719173e-10,0.0
2026-07-16_ttft_component_regression/phase1/input4000_rate2p5_reuse00_seed1,0,0.0,1.6040499213209733e-10,0.45350815916981646,7.274497270347635e-11,0.0
2026-07-16_ttft_component_regression/phase1/input4000_rate2p5_reuse00_seed1,0,0.0,5.893597822176232e-11,1.4273163148640626,8.412028324839445e-11,0.0
2026-07-16_ttft_component_regression/phase1/input4000_rate2p5_reuse00_seed1,0,0.0,6.68454719040089e-11,1.3782180957064747,9.21276389941438e-11,0.0
2026-07-16_ttft_component_regression/phase1/input4000_rate2p5_reuse00_seed1,0,0.0,4.6515158239086806e-12,1.1766514124049043,5.473212664025911e-12,0.0
2026-07-16_ttft_component_regression/phase1/input4000_rate2p5_reuse00_seed1,0,0.0,4.802100472122959e-11,1.132736504294182,5.439514502062001e-11,0.0
2026-07-16_ttft_component_regression/phase1/input4000_rate2p5_reuse00_seed1,0,0.0,6.459543317569843e-11,0.3388572620054802,2.1888631623975132e-11,0.0
2026-07-16_ttft_component_regression/phase1/input4000_rate2p5_reuse00_seed1,0,0.0,1.9853725688997656e-10,0.35461867424400567,7.040501882636506e-11,0.0
2026-07-16_ttft_component_regression/phase1/input4000_rate2p5_reuse00_seed1,0,0.0,4.410295952021023e-09,0.266301492746512,1.1744683954770975e-09,0.0
2026-07-16_ttft_component_regression/phase1/input4000_rate2p5_reuse00_seed1,0,0.0,8.083207356540473e-10,0.061698441045033615,4.987212925422944e-11,0.0
2026-07-16_ttft_component_regression/phase1/input4000_rate2p5_reuse00_seed1,0,0.0,7.203103226185042e-11,0.39427384126256776,2.8399951779987707e-11,0.0
2026-07-16_ttft_component_regression/phase1/input4000_rate2p5_reuse00_seed1,0,0.0,5.91716543683402e-12,0.44634439303853074,2.6410936154122534e-12,0.0
2026-07-16_ttft_component_regression/phase1/input4000_rate2p5_reuse00_seed1,0,0.0,1.3131570607225364e-10,1.228359733510738,1.6130292571668787e-10,0.0
2026-07-16_ttft_component_regression/phase1/input4000_rate2p5_reuse00_seed1,0,0.0,2.156667190109719e-12,0.13638243260390945,2.9413151770420147e-13,0.0
2026-07-16_ttft_component_regression/phase1/input4000_rate2p5_reuse00_seed1,0,0.0,9.918855588409792e-12,0.49700552544755017,4.9297260335559786e-12,0.0
2026-07-16_ttft_component_regression/phase1/input4000_rate2p5_reuse00_seed1,0,0.0,7.407082674261203e-11,1.0364318428571373,7.676936346279711e-11,0.0
2026-07-16_ttft_component_regression/phase1/input4000_rate2p5_reuse00_seed1,0,0.0,2.2296977468887054e-16,0.015602077194413677,3.478791636716783e-18,0.0
2026-07-16_ttft_component_regression/phase1/input4000_rate2p5_reuse00_seed1,0,0.0,3.2531013679236433e-15,0.20448449161916013,6.652087794054606e-16,0.0
2026-07-16_ttft_component_regression/phase1/input4000_rate2p5_reuse00_seed1,0,0.0,8.640962138694747e-16,0.27890975281945474,2.410048614225619e-16,0.0
2026-07-16_ttft_component_regression/phase1/input4000_rate2p5_reuse00_seed1,0,0.0,1.160206379227274e-13,1.0339742664403704,1.1996235398809587e-13,0.0
2026-07-16_ttft_component_regression/phase1/input4000_rate2p5_reuse00_seed1,0,0.0,1.2195384171661665e-14,1.113326975837277,1.3577450179009878e-14,0.0
2026-07-16_ttft_component_regression/phase1/input4000_rate2p5_reuse00_seed1,0,0.0,1.1484084929478872e-13,2.399837840477735,2.755994157702348e-13,0.0
2026-07-16_ttft_component_regression/phase1/input4000_rate2p5_reuse00_seed1,0,0.0,1.7292546365705355e-15,0.4617349213530882,7.984572536163593e-16,0.0
2026-07-16_ttft_component_regression/phase1/input4000_rate2p5_reuse00_seed1,0,0.0,1.3065074015863642e-13,0.7673800296291305,1.0025876885400225e-13,0.0
2026-07-16_ttft_component_regression/phase1/input4000_rate2p5_reuse00_seed1,0,0.0,1.0003206622102393e-14,0.9218199164432287,9.22115509255078e-15,0.0
2026-07-16_ttft_component_regression/phase1/input4000_rate2p5_reuse00_seed1,0,0.0,2.0805065331033036e-12,0.13577156005043872,2.824736176945653e-13,0.0
2026-07-16_ttft_component_regression/phase1/input4000_rate2p5_reuse00_seed1,0,0.0,1.7158656855568548e-12,0.4296212626156222,7.371723823077561e-13,0.0
2026-07-16_ttft_component_regression/phase1/input4000_rate2p5_reuse00_seed1,0,0.0,8.105807148911613e-13,0.8999744190110704,7.29501907945751e-13,0.0
2026-07-16_ttft_component_regression/phase1/input4000_rate2p5_reuse00_seed1,0,0.0,7.838731668455139e-13,0.13383525253370396,1.049098632391636e-13,0.0
2026-07-16_ttft_component_regression/phase1/input4000_rate2p5_reuse00_seed1,0,0.0,9.321301597469512e-14,1.3539430597950806,1.2620511606150643e-13,0.0
2026-07-16_ttft_component_regression/phase1/input4000_rate2p5_reuse00_seed1,0,0.0,3.8589202503973266e-11,1.2160142948870756,4.692502187312362e-11,0.0
2026-07-16_ttft_component_regression/phase1/input4000_rate2p5_reuse00_seed1,0,0.0,5.606220993621094e-12,1.4033630902554646,7.86756361826316e-12,0.0
2026-07-16_ttft_component_regression/phase1/input4000_rate2p5_reuse00_seed1,0,0.0,4.938405690338821e-10,0.1954716976580511,9.653185440147092e-11,0.0
2026-07-16_ttft_component_regression/phase1/input4000_rate2p5_reuse00_seed1,0,0.0,2.7647649812885974e-09,0.3747890465615107,1.0362036313038063e-09,0.0
2026-07-16_ttft_component_regression/phase1/input4000_rate2p5_reuse00_seed1,0,0.0,5.079578670437065e-11,0.39926182384249365,2.0280818443101316e-11,0.0
2026-07-16_ttft_component_regression/phase1/input4000_rate2p5_reuse00_seed1,0,0.0,6.522474473277723e-13,0.461886589819766,3.012643491648722e-13,0.0
2026-07-16_ttft_component_regression/phase1/input4000_rate2p5_reuse00_seed1,0,0.0,8.733489744627199e-11,1.131854406559652,9.885038852099827e-11,0.0
2026-07-16_ttft_component_regression/phase1/input4000_rate2p5_reuse00_seed1,0,0.0,5.472143775937321e-13,0.25606616662762655,1.4012308799394956e-13,0.0
2026-07-16_ttft_component_regression/phase1/input4000_rate2p5_reuse00_seed1,0,0.0,9.646341022349908e-12,0.4729605880754317,4.562339122706773e-12,0.0
2026-07-16_ttft_component_regression/phase1/input4000_rate2p5_reuse00_seed1,0,0.0,1.2604237508847803e-13,0.8023259820254134,1.0112707236967864e-13,0.0
2026-07-16_ttft_component_regression/phase1/input4000_rate2p5_reuse00_seed1,0,0.0,7.852871072672498e-13,1.1319764637623815,8.889265227225714e-13,0.0
2026-07-16_ttft_component_regression/phase1/input4000_rate2p5_reuse00_seed1,0,0.0,9.146276928399057e-14,2.3649910665501643,2.1630863227857645e-13,0.0
2026-07-16_ttft_component_regression/phase1/input6000_rate2p5_reuse00_seed1,0,0.0,4.871133897400887e-10,0.77905464462169,3.7948794873443157e-10,0.0
2026-07-16_ttft_component_regression/phase1/input6000_rate2p5_reuse00_seed1,0,0.0,2.518736498443591e-11,0.9187044666037208,2.3139744713179428e-11,0.0
2026-07-16_ttft_component_regression/phase1/input6000_rate2p5_reuse00_seed1,0,0.0,2.594959389153993e-12,0.8207917103451562,2.1299211552999277e-12,0.0
2026-07-16_ttft_component_regression/phase1/input6000_rate2p5_reuse00_seed1,0,0.0,7.405170674371737e-12,0.8784210477378305,6.5048577824590775e-12,0.0
2026-07-16_ttft_component_regression/phase1/input6000_rate2p5_reuse00_seed1,0,0.0,7.044509130718472e-12,0.8276469487855213,5.830366487730888e-12,0.0
2026-07-16_ttft_component_regression/phase1/input6000_rate2p5_reuse00_seed1,0,0.0,8.050686096067296e-11,1.4315522123401088,1.152497749168089e-10,0.0
2026-07-16_ttft_component_regression/phase1/input6000_rate2p5_reuse00_seed1,0,0.0,1.4042520637506538e-08,2.1022239977912927,2.9520523873645723e-08,0.0
2026-07-16_ttft_component_regression/phase1/input6000_rate2p5_reuse00_seed1,0,0.0,9.055472897207804e-10,2.0644166970188866,1.869426944839778e-09,0.0
2026-07-16_ttft_component_regression/phase1/input6000_rate2p5_reuse00_seed1,0,0.0,8.989631931666495e-08,2.3601036787998115,2.1216463392982352e-07,0.0
2026-07-16_ttft_component_regression/phase1/input6000_rate2p5_reuse00_seed1,0,0.0,2.3852580398075695e-05,1.3100558370565774,3.124821217936036e-05,0.0
2026-07-16_ttft_component_regression/phase1/input6000_rate2p5_reuse00_seed1,0,0.0,9.607714600714421e-07,1.707771727246425,1.6407783358552764e-06,0.0
2026-07-16_ttft_component_regression/phase1/input6000_rate2p5_reuse00_seed1,0,0.0,7.0373629048005195e-12,1.1051157015737467,7.777100243767686e-12,0.0
2026-07-16_ttft_component_regression/phase1/input6000_rate2p5_reuse00_seed1,0,0.0,1.1532556569379842e-10,1.4528644234272783,1.6755241150814515e-10,0.0
2026-07-16_ttft_component_regression/phase1/input6000_rate2p5_reuse00_seed1,0,0.0,3.2042505703639957e-09,1.4576377402564604,4.670636560600849e-09,0.0
2026-07-16_ttft_component_regression/phase1/input6000_rate2p5_reuse00_seed1,0,0.0,2.2332870152333208e-08,2.138432522016755,4.7757335843726613e-08,0.0
2026-07-16_ttft_component_regression/phase1/input6000_rate2p5_reuse00_seed1,0,0.0,3.1670987362494556e-07,2.2830293642588853,7.230579414364713e-07,0.0
2026-07-16_ttft_component_regression/phase1/input6000_rate2p5_reuse00_seed1,0,0.0,2.002915883451696e-06,1.9536591803382934,3.91301500315079e-06,0.0
2026-07-16_ttft_component_regression/phase1/input6000_rate2p5_reuse00_seed1,0,0.0,2.885496172716298e-05,1.4249866191976506,4.111793435866757e-05,0.0
2026-07-16_ttft_component_regression/phase1/input6000_rate2p5_reuse00_seed1,0,0.0,4.520940879271471e-05,1.120834940408103,5.067228501006797e-05,0.0
2026-07-16_ttft_component_regression/phase1/input6000_rate2p5_reuse00_seed1,0,0.0,3.3705297987714187e-09,2.197556343554809,7.406929140430646e-09,0.0
2026-07-16_ttft_component_regression/phase1/input6000_rate2p5_reuse00_seed1,0,0.0,3.249838886131915e-09,3.078668526988275,1.000517669651696e-08,0.0
2026-07-16_ttft_component_regression/phase1/input6000_rate2p5_reuse00_seed1,0,0.0,3.559798345564931e-09,4.156515104835384,1.4796355593508644e-08,0.0
2026-07-16_ttft_component_regression/phase1/input6000_rate2p5_reuse00_seed1,0,0.0,6.910561730876253e-08,3.314760432749434,2.2906856593581045e-07,0.0
2026-07-16_ttft_component_regression/phase1/input6000_rate2p5_reuse00_seed1,0,0.0,1.6832863502441922e-07,3.9067069351469135,6.576106458337122e-07,0.0
2026-07-16_ttft_component_regression/phase1/input6000_rate2p5_reuse00_seed1,0,0.0,3.120948003519942e-12,0.9507275034689566,2.967171103842939e-12,0.0
2026-07-16_ttft_component_regression/phase1/input6000_rate2p5_reuse00_seed1,0,0.0,9.219537686096152e-12,0.5120544108386004,4.720904938058238e-12,0.0
2026-07-16_ttft_component_regression/phase1/input6000_rate2p5_reuse00_seed1,0,0.0,1.740499038879665e-08,1.9881951833698095,3.4604518057603326e-08,0.0
2026-07-16_ttft_component_regression/phase1/input6000_rate2p5_reuse00_seed1,0,0.0,1.0575595819294445e-09,0.7944918971426499,8.40222518588512e-10,0.0
2026-07-16_ttft_component_regression/phase1/input6000_rate2p5_reuse00_seed1,0,0.0,1.9940075531542688e-07,1.2079063286186864,2.408574342768503e-07,0.0
2026-07-16_ttft_component_regression/phase1/input6000_rate2p5_reuse00_seed1,0,0.0,1.1896316066071926e-10,1.0622477238826247,1.2636834663773202e-10,0.0
2026-07-16_ttft_component_regression/phase1/input6000_rate2p5_reuse00_seed1,0,0.0,2.0117251611813687e-06,0.6665333458752294,1.3408819026636028e-06,0.0
2026-07-16_ttft_component_regression/phase1/input6000_rate2p5_reuse00_seed1,0,0.0,2.9534643767674625e-05,0.890272973114237,2.629389511691756e-05,0.0
2026-07-16_ttft_component_regression/phase1/input6000_rate2p5_reuse00_seed1,0,0.0,2.596290931462039e-07,0.7898436632651171,2.05066394020798e-07,0.0
2026-07-16_ttft_component_regression/phase1/input6000_rate2p5_reuse00_seed1,0,0.0,0.0002664762526499768,1.3592081356775412,0.00036219669056671244,0.0
2026-07-16_ttft_component_regression/phase1/input6000_rate2p5_reuse00_seed1,0,0.0,0.037275749667858724,1.8232775212636376,0.06796403645765732,0.0
2026-07-16_ttft_component_regression/phase1/input6000_rate2p5_reuse00_seed1,1,436.166736,0.9379339234715127,419.3318821045136,393.30559741898026,419.3318821045136
2026-07-16_ttft_component_regression/phase1/input6000_rate2p5_reuse00_seed1,0,0.0,0.005143063623630211,1.4332894153729705,0.007371498654338936,0.0
2026-07-16_ttft_component_regression/phase1/input6000_rate2p5_reuse00_seed1,0,0.0,0.46890609094130525,4.218733736529528,1.9781899451182676,0.0
2026-07-16_ttft_component_regression/phase1/input6000_rate2p5_reuse00_seed1,0,0.0,0.03711904784659664,1.5100888763669136,0.05605306125447683,0.0
2026-07-16_ttft_component_regression/phase1/input6000_rate2p5_reuse00_seed1,0,0.0,0.0021795694710113143,1.7022372593324544,0.003710144362858987,0.0
2026-07-16_ttft_component_regression/phase1/input6000_rate2p5_reuse00_seed1,0,0.0,0.031983915163631714,1.7637594373490382,0.05641193221322644,0.0
2026-07-16_ttft_component_regression/phase1/input6000_rate2p5_reuse00_seed1,0,0.0,0.026021585216595308,1.7642035991379634,0.045907374294392664,0.0
2026-07-16_ttft_component_regression/phase1/input6000_rate2p5_reuse00_seed1,0,0.0,0.39039325185939805,3.9993729488052563,1.5613282108825939,0.0
2026-07-16_ttft_component_regression/phase1/input6000_rate2p5_reuse00_seed1,0,0.0,0.0003026480172441138,1.7725301124547046,0.0005364527240399023,0.0
2026-07-16_ttft_component_regression/phase1/input6000_rate2p5_reuse00_seed1,0,0.0,0.005190460967532285,1.9877077721282754,0.010317119606092372,0.0
2026-07-16_ttft_component_regression/phase1/input6000_rate2p5_reuse00_seed1,0,0.0,0.0005843528007621441,1.0968742941114833,0.0006409615658480451,0.0
2026-07-16_ttft_component_regression/phase1/input6000_rate2p5_reuse00_seed1,0,0.0,0.006994092584404531,1.7412643515540924,0.012178564088692442,0.0
2026-07-16_ttft_component_regression/phase1/input6000_rate2p5_reuse00_seed1,0,0.0,4.785448827381459e-05,2.2975608247392167,0.00010994859754585862,0.0
2026-07-16_ttft_component_regression/phase1/input6000_rate2p5_reuse00_seed1,0,0.0,2.3279046795887423e-07,1.6964031778354376,3.9490648961523286e-07,0.0
2026-07-16_ttft_component_regression/phase1/input6000_rate2p5_reuse00_seed1,0,0.0,2.429759692171603e-07,1.869844656608849,4.5432731772506335e-07,0.0
2026-07-16_ttft_component_regression/phase1/input6000_rate2p5_reuse00_seed1,0,0.0,3.842516678231772e-06,1.5787044281778324,6.066198095271673e-06,0.0
2026-07-16_ttft_component_regression/phase1/input6000_rate2p5_reuse00_seed1,0,0.0,1.7293023702951135e-09,4.450448271068956,7.696170744035335e-09,0.0
2026-07-16_ttft_component_regression/phase1/input6000_rate2p5_reuse00_seed1,0,0.0,2.123323626224987e-10,4.420928814687518,9.387062602084835e-10,0.0
2026-07-16_ttft_component_regression/phase1/input6000_rate2p5_reuse00_seed1,0,0.0,3.4433113475500612e-09,2.6402323746541834,9.091142095815794e-09,0.0
2026-07-16_ttft_component_regression/phase1/input6000_rate2p5_reuse00_seed1,0,0.0,2.0964301257165245e-12,0.8117234839921613,1.701721565592742e-12,0.0
2026-07-16_ttft_component_regression/phase1/input6000_rate2p5_reuse00_seed1,0,0.0,1.837085605458214e-11,1.5260975714245513,2.8035718809887818e-11,0.0
2026-07-16_ttft_component_regression/phase1/input6000_rate2p5_reuse00_seed1,0,0.0,3.4168430250663863e-09,2.007581821032954,6.859591942446524e-09,0.0
2026-07-16_ttft_component_regression/phase1/input6000_rate2p5_reuse00_seed1,0,0.0,4.402135394310451e-10,2.0822900519880068,9.166522739076953e-10,0.0
2026-07-16_ttft_component_regression/phase1/input6000_rate2p5_reuse00_seed1,0,0.0,1.313618478786193e-08,1.0103681805837548,1.3272383123924055e-08,0.0
2026-07-16_ttft_component_regression/phase1/input6000_rate2p5_reuse00_seed1,0,0.0,5.053816451338736e-12,0.8412467014974069,4.2515064196620414e-12,0.0
2026-07-16_ttft_component_regression/phase1/input6000_rate2p5_reuse00_seed1,0,0.0,7.772218269561336e-11,1.5195175534352001,1.1810022089728206e-10,0.0
2026-07-16_ttft_component_regression/phase1/input6000_rate2p5_reuse00_seed1,0,0.0,3.4491483375226537e-06,1.979499180381199,6.827586307139268e-06,0.0
2026-07-16_ttft_component_regression/phase1/input6000_rate2p5_reuse00_seed1,0,0.0,9.154991771816222e-10,2.073481568847594,1.8982706701812313e-09,0.0
2026-07-16_ttft_component_regression/phase1/input6000_rate2p5_reuse00_seed1,0,0.0,1.5720689030367593e-08,2.210085848677897,3.474407235748127e-08,0.0
2026-07-16_ttft_component_regression/phase1/input6000_rate2p5_reuse00_seed1,0,0.0,2.693997478481371e-07,2.239993032923019,6.034535582510452e-07,0.0
2026-07-16_ttft_component_regression/phase1/input6000_rate2p5_reuse00_seed1,0,0.0,2.177657382418943e-06,1.668108769932276,3.6325693775208032e-06,0.0
2026-07-16_ttft_component_regression/phase1/input6000_rate2p5_reuse00_seed1,0,0.0,1.2409307624259993e-05,1.9627124682601946,2.4355902796611384e-05,0.0
2026-07-16_ttft_component_regression/phase1/input6000_rate2p5_reuse00_seed1,0,0.0,1.546509059953708e-06,2.097681021457753,3.2440827045773634e-06,0.0
2026-07-16_ttft_component_regression/phase1/input6000_rate2p5_reuse00_seed1,0,0.0,1.4076286850285976e-08,1.657760722123756,2.333511545375121e-08,0.0
2026-07-16_ttft_component_regression/phase1/input6000_rate2p5_reuse00_seed1,0,0.0,2.1973724305584278e-07,2.613494217089866,5.742820140057154e-07,0.0
2026-07-16_ttft_component_regression/phase1/input6000_rate2p5_reuse00_seed1,0,0.0,1.4317098540363291e-10,2.010592708396269,2.8785853930645304e-10,0.0
2026-07-16_ttft_component_regression/phase1/input6000_rate2p5_reuse00_seed1,0,0.0,6.735110489134914e-12,2.071436149577726,1.3951351338594182e-11,0.0
2026-07-16_ttft_component_regression/phase1/input6000_rate2p5_reuse00_seed1,0,0.0,2.247805976545902e-09,2.5155526289009185,5.65447423355924e-09,0.0
2026-07-16_ttft_component_regression/phase1/input6000_rate2p5_reuse00_seed1,0,0.0,1.4527352250979936e-09,3.4976899349303774,5.081217374944068e-09,0.0
2026-07-16_ttft_component_regression/phase1/input6000_rate2p5_reuse00_seed1,0,0.0,1.9751215563108187e-08,3.8850323001307867,7.673411042952119e-08,0.0
2026-07-16_ttft_component_regression/phase1/input6000_rate2p5_reuse00_seed1,0,0.0,1.3883319147947957e-10,3.0878728386663825,4.28699241074854e-10,0.0
2026-07-16_ttft_component_regression/phase1/input6000_rate2p5_reuse00_seed1,0,0.0,3.768138225662982e-12,0.5697517226873391,2.1469032453954974e-12,0.0
2026-07-16_ttft_component_regression/phase1/input6000_rate2p5_reuse00_seed1,0,0.0,3.583212334836107e-11,0.5893820253855467,2.1118809432921787e-11,0.0
2026-07-16_ttft_component_regression/phase1/input6000_rate2p5_reuse00_seed1,0,0.0,4.2598424506011204e-10,1.674465568459911,7.132959510595466e-10,0.0
2026-07-16_ttft_component_regression/phase1/input6000_rate2p5_reuse00_seed1,0,0.0,1.8492556175359224e-10,1.1037158004132799,2.0410526440774148e-10,0.0
2026-07-16_ttft_component_regression/phase1/input6000_rate2p5_reuse00_seed1,0,0.0,8.350963943304101e-10,0.8542234978420429,7.133589630002009e-10,0.0
2026-07-16_ttft_component_regression/phase1/input6000_rate2p5_reuse00_seed1,0,0.0,1.0701792006555978e-09,0.9456109007712267,1.0119731179185712e-09,0.0
2026-07-16_ttft_component_regression/phase1/input6000_rate2p5_reuse00_seed1,0,0.0,3.497257161098032e-08,0.7293770195864987,2.550819004889222e-08,0.0
2026-07-16_ttft_component_regression/phase1/input6000_rate2p5_reuse00_seed1,0,0.0,2.270594079466636e-07,0.9537709891855367,2.1656267612117166e-07,0.0
2026-07-16_ttft_component_regression/phase1/input6000_rate2p5_reuse00_seed1,0,0.0,4.607234682620368e-06,0.276523622747895,1.2740092252879322e-06,0.0
2026-07-16_ttft_component_regression/phase1/input6000_rate2p5_reuse00_seed1,0,0.0,1.963106148419441e-09,1.6014298778887874,3.143776839546073e-09,0.0
2026-07-16_ttft_component_regression/phase1/input6000_rate2p5_reuse00_seed1,0,0.0,9.22774139534367e-11,1.4771680919826158,1.3630925150268808e-10,0.0
2026-07-16_ttft_component_regression/phase1/input6000_rate2p5_reuse00_seed1,0,0.0,2.5704058065798875e-09,1.8559909284056602,4.770649859333505e-09,0.0
2026-07-16_ttft_component_regression/phase1/input6000_rate2p5_reuse00_seed1,0,0.0,2.597533745939878e-07,1.986151797305757,5.159096318060844e-07,0.0
2026-07-16_ttft_component_regression/phase1/input6000_rate2p5_reuse00_seed1,0,0.0,1.79018503316535e-08,2.440932600258952,4.369721007948956e-08,0.0
2026-07-16_ttft_component_regression/phase1/input6000_rate2p5_reuse00_seed1,0,0.0,1.607312191478526e-08,2.5995535024067133,4.178294036819012e-08,0.0
2026-07-16_ttft_component_regression/phase1/input6000_rate2p5_reuse00_seed1,0,0.0,2.9114049273772473e-06,1.35900058959095,3.956601012843676e-06,0.0
2026-07-16_ttft_component_regression/phase1/input6000_rate2p5_reuse00_seed1,0,0.0,3.040733968980425e-06,2.244761363789584,6.8257221311298125e-06,0.0
2026-07-16_ttft_component_regression/phase1/input6000_rate2p5_reuse00_seed1,0,0.0,5.3275917134722815e-05,1.206685010030285,6.428725060208564e-05,0.0
2026-07-16_ttft_component_regression/phase1/input6000_rate2p5_reuse00_seed1,0,0.0,0.0009640160470776059,1.8909735706404738,0.0018229288666970554,0.0
2026-07-16_ttft_component_regression/phase1/input6000_rate2p5_reuse00_seed1,0,0.0,0.06230628265975155,1.620645578613254,0.10097640151235401,0.0
2026-07-16_ttft_component_regression/phase1/input6000_rate2p5_reuse00_seed1,0,0.0,0.006464323689563263,1.767392152544376,0.01142499496044082,0.0
2026-07-16_ttft_component_regression/phase1/input6000_rate2p5_reuse00_seed1,0,0.0,0.11133137055569678,1.6263415254612432,0.18106283102124285,0.0
2026-07-16_ttft_component_regression/phase1/input6000_rate2p5_reuse00_seed1,0,0.0,0.6273530034098492,7.891231585356379,4.95058783567599,7.891231585356379
2026-07-16_ttft_component_regression/phase1/input6000_rate2p5_reuse00_seed1,0,0.0,0.0845982823998494,1.4508372730782215,0.1227383413440988,0.0
2026-07-16_ttft_component_regression/phase1/input6000_rate2p5_reuse00_seed1,0,0.0,0.0004531925601566626,1.3309614426818577,0.0006031818236787962,0.0
2026-07-16_ttft_component_regression/phase1/input6000_rate2p5_reuse00_seed1,0,0.0,0.009746466805353567,0.7401054234518635,0.007213412942135733,0.0
2026-07-16_ttft_component_regression/phase1/input6000_rate2p5_reuse00_seed1,0,0.0,0.5159422541247912,8.484369726470568,4.3774448415033635,8.484369726470568
2026-07-16_ttft_component_regression/phase1/input6000_rate2p5_reuse00_seed1,0,0.0,0.11459486445354757,1.3137012269225432,0.15054341403164798,0.0
2026-07-16_ttft_component_regression/phase1/input6000_rate2p5_reuse00_seed1,1,437.701459,0.9612230062821419,876.664337067899,842.6699295767469,876.664337067899
2026-07-16_ttft_component_regression/phase1/input6000_rate2p5_reuse00_seed1,0,0.0,0.01533405819009407,1.4108193955853279,0.021633586707618762,0.0
2026-07-16_ttft_component_regression/phase1/input6000_rate2p5_reuse00_seed1,0,0.0,0.7411181863494303,4.662082395178445,3.455154049326257,4.662082395178445
2026-07-16_ttft_component_regression/phase1/input6000_rate2p5_reuse00_seed1,1,781.804649,0.9746292531789412,1484.9046429838213,1447.231503233264,1484.9046429838213
2026-07-16_ttft_component_regression/phase1/input6000_rate2p5_reuse00_seed1,0,0.0,0.5701218526960891,11.076652072503837,6.315041401245862,11.076652072503837
2026-07-16_ttft_component_regression/phase1/input6000_rate2p5_reuse00_seed1,0,0.0,0.5596925015076626,9.764973621260877,5.465382513239839,9.764973621260877
2026-07-16_ttft_component_regression/phase1/input6000_rate2p5_reuse00_seed1,0,0.0,0.5615075427838083,9.182399100552606,5.155986355811546,9.182399100552606
2026-07-16_ttft_component_regression/phase1/input6000_rate2p5_reuse00_seed1,0,0.0,3.160019114928174e-12,0.7316278694292353,2.311958052410558e-12,0.0
2026-07-16_ttft_component_regression/phase1/input6000_rate2p5_reuse00_seed1,0,0.0,8.350808436369107e-10,0.7594105417439891,6.341691958663339e-10,0.0
2026-07-16_ttft_component_regression/phase1/input6000_rate2p5_reuse00_seed1,0,0.0,1.2126773074752274e-10,0.8133826491359983,9.8637068090131e-11,0.0
2026-07-16_ttft_component_regression/phase1/input6000_rate2p5_reuse00_seed1,0,0.0,9.717711576404685e-09,0.9323612723117234,9.060417929335035e-09,0.0
2026-07-16_ttft_component_regression/phase1/input6000_rate2p5_reuse00_seed1,0,0.0,1.781803333635345e-07,1.8378489806067022,3.274685440363343e-07,0.0
2026-07-16_ttft_component_regression/phase1/input6000_rate2p5_reuse00_seed1,0,0.0,8.401820596785733e-06,1.7055569914858433,1.4329783860057666e-05,0.0
2026-07-16_ttft_component_regression/phase1/input6000_rate2p5_reuse00_seed1,0,0.0,0.5370797780651635,3.6771551089803562,1.9749256498423517,3.6771551089803562
2026-07-16_ttft_component_regression/phase1/input6000_rate2p5_reuse00_seed1,0,0.0,1.8654299351486683e-06,1.5906197655517074,2.9671897260993116e-06,0.0
2026-07-16_ttft_component_regression/phase1/input6000_rate2p5_reuse00_seed1,0,0.0,0.005954698778202794,0.5989932126308625,0.0035668241514047634,0.0
2026-07-16_ttft_component_regression/phase1/input6000_rate2p5_reuse00_seed1,0,0.0,0.3998686078373131,3.789724672795289,1.515391928997369,0.0
2026-07-16_ttft_component_regression/phase1/input6000_rate2p5_reuse00_seed1,0,0.0,0.09178286670443588,0.6646685392340694,0.061005183939152705,0.0
2026-07-16_ttft_component_regression/phase1/input6000_rate2p5_reuse00_seed1,0,0.0,0.000386449889512259,0.5610299798405219,0.0002168099737224346,0.0
2026-07-16_ttft_component_regression/phase1/input6000_rate2p5_reuse00_seed1,1,1645.632021,0.9818211753827861,2151.943738666493,2112.8239308551633,2151.943738666493
2026-07-16_ttft_component_regression/phase1/input6000_rate2p5_reuse00_seed1,0,0.0,0.44460081977384125,3.2289459499826907,1.435592016367729,0.0
2026-07-16_ttft_component_regression/phase1/input6000_rate2p5_reuse00_seed1,1,3507.652233,0.9794395334193112,2217.9506711795634,2172.3485705271596,2217.9506711795634
2026-07-16_ttft_component_regression/phase1/input6000_rate2p5_reuse00_seed1,1,8206.378891,0.9908307587797366,4356.625957266786,4316.679002958146,4356.625957266786
2026-07-16_ttft_component_regression/phase1/input6000_rate2p5_reuse00_seed1,1,6037.911443,0.9778614573446563,3726.682558917663,3644.179238124139,3726.682558917663
2026-07-16_ttft_component_regression/phase1/input6000_rate2p5_reuse00_seed1,1,7639.90463,0.9920585158045401,6128.513670736992,6079.8441762791745,6128.513670736992
2026-07-16_ttft_component_regression/phase1/input6000_rate2p5_reuse00_seed1,1,10126.006755,0.9873763296587825,3554.344673809588,3509.475798368354,3554.344673809588
2026-07-16_ttft_component_regression/phase1/input6000_rate2p5_reuse00_seed1,1,7445.20956,0.9411341788478569,2552.910259499115,2402.631100745969,2552.910259499115
2026-07-16_ttft_component_regression/phase1/input6000_rate2p5_reuse00_seed1,1,1012.442455,0.9046912127438836,928.8661629456572,840.3370554320644,928.8661629456572
2026-07-16_ttft_component_regression/phase1/input6000_rate2p5_reuse00_seed1,1,6286.071827,0.9895868491883235,6405.846234133892,6339.141191221445,6405.846234133892
2026-07-16_ttft_component_regression/phase1/input6000_rate2p5_reuse00_seed1,1,5636.190615,0.9422277813878648,3793.07951401127,3573.944895114599,3793.07951401127
2026-07-16_ttft_component_regression/phase1/input6000_rate2p5_reuse00_seed1,1,10549.490595,0.9952959947825184,6612.383346093047,6581.278660333037,6612.383346093047
2026-07-16_ttft_component_regression/phase1/input6000_rate2p5_reuse00_seed1,0,0.0,0.3437739273715315,2.758134682129443,0.9481747918952692,0.0
2026-07-16_ttft_component_regression/phase1/input6000_rate2p5_reuse00_seed1,1,2722.539921,0.9320422639198337,2996.830399929661,2793.172590534222,2996.830399929661
2026-07-16_ttft_component_regression/phase1/input6000_rate2p5_reuse00_seed1,1,3729.912497,0.9256424711080018,3425.1569715943915,3170.4707631194324,3425.1569715943915
2026-07-16_ttft_component_regression/phase1/input6000_rate2p5_reuse00_seed1,1,2382.803926,0.9649405884799436,6313.666400649743,6092.31297210901,6313.666400649743
2026-07-16_ttft_component_regression/phase1/input6000_rate2p5_reuse00_seed1,1,5047.734504,0.9512562251967035,4922.198349291696,4682.271821416663,4922.198349291696
2026-07-16_ttft_component_regression/phase1/input6000_rate2p5_reuse00_seed1,1,1646.762091,0.9747353876987038,1638.4091792038846,1597.0154065004135,1638.4091792038846
2026-07-16_ttft_component_regression/phase1/input6000_rate2p5_reuse00_seed1,1,4861.987748,0.9316602416092836,4992.689311056193,4651.490129818701,4992.689311056193
2026-07-16_ttft_component_regression/phase1/input6000_rate2p5_reuse00_seed1,1,4570.321937,0.9766295150294986,4158.667305917937,4061.477234147666,4158.667305917937
2026-07-16_ttft_component_regression/phase1/input6000_rate2p5_reuse00_seed1,1,3053.306879,0.9391073038089347,2903.8378452840084,2727.0153295830114,2903.8378452840084
2026-07-16_ttft_component_regression/phase1/input6000_rate2p5_reuse00_seed1,1,2257.126852,0.979827340226073,2128.117344784145,2085.1875576288217,2128.117344784145
2026-07-16_ttft_component_regression/phase1/input6000_rate2p5_reuse00_seed1,1,1299.228224,0.9685633162454031,1323.4891031101913,1281.8829947230613,1323.4891031101913
2026-07-16_ttft_component_regression/phase1/input6000_rate2p5_reuse00_seed1,1,3245.379335,0.9738308374877882,5794.761004397292,5643.116961953791,5794.761004397292
2026-07-16_ttft_component_regression/phase1/input6000_rate2p5_reuse00_seed1,1,5820.489654,0.9762230665908453,5908.894579547065,5768.39918660746,5908.894579547065
2026-07-16_ttft_component_regression/phase1/input6000_rate2p5_reuse00_seed1,1,4848.226364,0.9916742734574207,4051.8908053507753,4018.155870525033,4051.8908053507753
2026-07-16_ttft_component_regression/phase1/input6000_rate2p5_reuse00_seed1,1,11330.629824,0.9926203168454649,17181.833961670956,17055.037471019994,17181.833961670956
2026-07-16_ttft_component_regression/phase1/input6000_rate2p5_reuse00_seed1,1,6169.719441,0.9959022827916472,5600.089689041534,5577.142105154429,5600.089689041534
2026-07-16_ttft_component_regression/phase1/input6000_rate2p5_reuse00_seed1,1,1144.121438,0.9827823411824932,1532.8149000023375,1506.4234160237065,1532.8149000023375
2026-07-16_ttft_component_regression/phase1/input6000_rate2p5_reuse00_seed1,1,6762.877571,0.9924349657768086,17803.010024879804,17668.329644765767,17803.010024879804
2026-07-16_ttft_component_regression/phase1/input6000_rate2p5_reuse00_seed1,1,2959.711992,0.9896677426905908,4081.8244948124984,4039.650033840246,4081.8244948124984
2026-07-16_ttft_component_regression/phase1/input6000_rate2p5_reuse00_seed1,1,1912.526869,0.9880330534962654,2230.329380239727,2203.6391478606906,2230.329380239727
2026-07-16_ttft_component_regression/phase1/input6000_rate2p5_reuse00_seed1,0,0.0,0.642105715578421,4.678011099259511,3.0037776643738243,4.678011099259511
2026-07-16_ttft_component_regression/phase1/input6000_rate2p5_reuse00_seed1,0,0.0,0.637484506616296,5.55102096719191,3.5386898624870486,5.55102096719191
2026-07-16_ttft_component_regression/phase1/input6000_rate2p5_reuse00_seed1,1,699.978411,0.9897647114983695,3249.682787564724,3216.4213466952165,3249.682787564724
2026-07-16_ttft_component_regression/phase1/input6000_rate2p5_reuse00_seed1,1,5151.167639,0.9753448202263557,4131.40133360746,4029.5408910102947,4131.40133360746
2026-07-16_ttft_component_regression/phase1/input6000_rate2p5_reuse00_seed1,1,1903.830786,0.9792930080533938,1584.1656807972233,1551.3623748028654,1584.1656807972233
2026-07-16_ttft_component_regression/phase1/input6000_rate2p5_reuse00_seed1,0,0.0,2.0489453476398334e-12,0.9610726715582019,1.9691853791329633e-12,0.0
2026-07-16_ttft_component_regression/phase1/input6000_rate2p5_reuse00_seed1,0,0.0,3.9821466671331705e-09,1.6221144652332795,6.459497711437209e-09,0.0
2026-07-16_ttft_component_regression/phase1/input6000_rate2p5_reuse00_seed1,0,0.0,3.5003887888757136e-11,1.6132334339034704,5.646944225875177e-11,0.0
2026-07-16_ttft_component_regression/phase1/input6000_rate2p5_reuse00_seed1,0,0.0,6.200223473881887e-10,1.2632869947666276,7.832661679201749e-10,0.0
2026-07-16_ttft_component_regression/phase1/input6000_rate2p5_reuse00_seed1,0,0.0,4.405289711611497e-09,0.8987643750743675,3.9593174546780475e-09,0.0
2026-07-16_ttft_component_regression/phase1/input6000_rate2p5_reuse00_seed1,0,0.0,8.697357476865869e-09,0.9894210971786396,8.605348977315472e-09,0.0
2026-07-16_ttft_component_regression/phase1/input6000_rate2p5_reuse00_seed1,0,0.0,8.204059886818064e-11,0.9451805085753148,7.754317496205036e-11,0.0
2026-07-16_ttft_component_regression/phase1/input6000_rate2p5_reuse00_seed1,0,0.0,1.0024114115383867e-09,0.9442040473067497,9.464809118410165e-10,0.0
2026-07-16_ttft_component_regression/phase1/input6000_rate2p5_reuse00_seed1,0,0.0,3.093452207723491e-11,1.8395897146670792,5.690682864142303e-11,0.0
2026-07-16_ttft_component_regression/phase1/input6000_rate2p5_reuse00_seed1,0,0.0,6.618680209484887e-10,2.2173370255382023,1.4675844688687785e-09,0.0
2026-07-16_ttft_component_regression/phase1/input6000_rate2p5_reuse00_seed1,0,0.0,1.0006397757153268e-08,2.073862322446857,2.0751891291976897e-08,0.0
2026-07-16_ttft_component_regression/phase1/input6000_rate2p5_reuse00_seed1,0,0.0,1.4519503803297877e-08,2.638046056435933,3.83031197496965e-08,0.0
2026-07-16_ttft_component_regression/phase1/input6000_rate2p5_reuse00_seed1,0,0.0,1.3176098979262249e-07,2.6548740115306853,3.4980882753399335e-07,0.0
2026-07-16_ttft_component_regression/phase1/input6000_rate2p5_reuse00_seed1,0,0.0,1.8449949744474218e-06,2.5278581027814604,4.6638854957479885e-06,0.0
2026-07-16_ttft_component_regression/phase1/input6000_rate2p5_reuse00_seed1,0,0.0,1.5421446972967136e-06,2.2944881571417888,3.538432744546318e-06,0.0
2026-07-16_ttft_component_regression/phase1/input6000_rate2p5_reuse00_seed1,0,0.0,1.2435032466935647e-07,2.361347234427267,2.936342952581176e-07,0.0
2026-07-16_ttft_component_regression/phase1/input6000_rate2p5_reuse00_seed1,0,0.0,3.0234662964855586e-05,1.0411453665190995,3.1478679254126015e-05,0.0
2026-07-16_ttft_component_regression/phase1/input6000_rate2p5_reuse00_seed1,0,0.0,2.437684546039851e-06,1.9890139675690321,4.848588610600438e-06,0.0
2026-07-16_ttft_component_regression/phase1/input6000_rate2p5_reuse00_seed1,0,0.0,5.2675107041326486e-05,2.0038913225501362,0.00010555518991451372,0.0
2026-07-16_ttft_component_regression/phase1/input6000_rate2p5_reuse00_seed1,0,0.0,2.139116113665597e-10,4.529771847462759,9.689707950136368e-10,0.0
2026-07-16_ttft_component_regression/phase1/input6000_rate2p5_reuse00_seed1,0,0.0,2.8355209166428326e-09,3.8734743026691043,1.0983317405296755e-08,0.0
2026-07-16_ttft_component_regression/phase1/input6000_rate2p5_reuse00_seed1,0,0.0,3.715916322603455e-11,1.1437860445102863,4.2502132323618154e-11,0.0
2026-07-16_ttft_component_regression/phase1/input6000_rate2p5_reuse00_seed1,0,0.0,2.5118894110797343e-08,4.608051670401366,1.1574916196589474e-07,0.0
2026-07-16_ttft_component_regression/phase1/input6000_rate2p5_reuse00_seed1,0,0.0,2.4111827899142875e-07,4.202293011684112,1.013249658794981e-06,0.0
2026-07-16_ttft_component_regression/phase1/input6000_rate2p5_reuse00_seed1,0,0.0,5.1275035668458065e-06,2.970043725383003,1.5228909795589355e-05,0.0
2026-07-16_ttft_component_regression/phase1/input6000_rate2p5_reuse00_seed1,0,0.0,5.160667184980026e-10,1.208122149683469,6.234716333319006e-10,0.0
2026-07-16_ttft_component_regression/phase1/input6000_rate2p5_reuse00_seed1,0,0.0,3.5751616012559433e-12,0.7537596704444962,2.694812630348497e-12,0.0
2026-07-16_ttft_component_regression/phase1/input6000_rate2p5_reuse00_seed1,0,0.0,5.195302519904354e-11,0.7398119394806429,3.8435468334391116e-11,0.0
2026-07-16_ttft_component_regression/phase1/input6000_rate2p5_reuse00_seed1,0,0.0,4.532163962181426e-09,1.9507573389762691,8.841152110669184e-09,0.0
2026-07-16_ttft_component_regression/phase1/input6000_rate2p5_reuse00_seed1,0,0.0,1.8813486272870943e-05,0.3326039516243076,6.2574398781865425e-06,0.0
2026-07-16_ttft_component_regression/phase1/input6000_rate2p5_reuse00_seed1,0,0.0,2.3093742078308915e-07,1.0880682791336111,2.5127568201901045e-07,0.0
2026-07-16_ttft_component_regression/phase1/input6000_rate2p5_reuse00_seed1,0,0.0,4.123537319680581e-06,0.7323756829831924,3.019978460807748e-06,0.0
2026-07-16_ttft_component_regression/phase1/input6000_rate2p5_reuse00_seed1,0,0.0,1.2972468498697507e-08,1.9816991802731405,2.5707530189987988e-08,0.0
2026-07-16_ttft_component_regression/phase1/input6000_rate2p5_reuse00_seed1,0,0.0,2.1702498442610238e-07,0.9613916105826751,2.0864599931409053e-07,0.0
2026-07-16_ttft_component_regression/phase1/input6000_rate2p5_reuse00_seed1,0,0.0,2.2910031190619697e-08,0.6314363285404055,1.4466225981751077e-08,0.0
2026-07-16_ttft_component_regression/phase1/input6000_rate2p5_reuse00_seed1,0,0.0,3.6902761434067995e-06,0.6349320702249199,2.3430746714349126e-06,0.0
2026-07-16_ttft_component_regression/phase1/input6000_rate2p5_reuse00_seed1,0,0.0,2.3661991158814152e-08,2.57436764401423,6.091466443220193e-08,0.0
2026-07-16_ttft_component_regression/phase1/input6000_rate2p5_reuse00_seed1,0,0.0,2.512701172862469e-07,1.2720597738236636,3.1963060856378867e-07,0.0
2026-07-16_ttft_component_regression/phase1/input6000_rate2p5_reuse00_seed1,0,0.0,1.2876781984291356e-08,1.589594992903033,2.0468868166933522e-08,0.0
2026-07-16_ttft_component_regression/phase1/input6000_rate2p5_reuse00_seed1,0,0.0,1.6333859357747656e-06,1.9398312160689077,3.168493026103814e-06,0.0
2026-07-16_ttft_component_regression/phase1/input6000_rate2p5_reuse00_seed1,0,0.0,1.8180446627941625e-09,2.6290776872944215,4.779780657456843e-09,0.0
2026-07-16_ttft_component_regression/phase1/input6000_rate2p5_reuse00_seed1,0,0.0,2.5981279294205047e-07,2.5635292788211226,6.660377017192362e-07,0.0
2026-07-16_ttft_component_regression/phase1/input6000_rate2p5_reuse00_seed1,0,0.0,2.1545805255348975e-05,2.114833860824201,4.556579851273604e-05,0.0
2026-07-16_ttft_component_regression/phase1/input6000_rate2p5_reuse00_seed1,0,0.0,0.04719037650303207,1.317559946548769,0.06217614994295122,0.0
2026-07-16_ttft_component_regression/phase1/input6000_rate2p5_reuse00_seed1,0,0.0,0.006281707544180379,1.450841064510021,0.00911375926033929,0.0
2026-07-16_ttft_component_regression/phase1/input6000_rate2p5_reuse00_seed1,0,0.0,0.009594138717897932,1.4983985365669124,0.014375843414518214,0.0
2026-07-16_ttft_component_regression/phase1/input6000_rate2p5_reuse00_seed1,0,0.0,0.5532341088584619,3.521021284685122,1.9479490727044502,3.521021284685122
2026-07-16_ttft_component_regression/phase1/input6000_rate2p5_reuse00_seed1,0,0.0,0.00046871669115481176,1.910791258275413,0.0008956197560663909,0.0
2026-07-16_ttft_component_regression/phase1/input6000_rate2p5_reuse00_seed1,0,0.0,0.4418115463917981,3.63425508196901,1.605655857746979,0.0
2026-07-16_ttft_component_regression/phase1/input6000_rate2p5_reuse00_seed1,1,4900.328158,0.9373530396483175,4867.528492795659,4562.592628296805,4867.528492795659
2026-07-16_ttft_component_regression/phase1/input6000_rate2p5_reuse00_seed1,1,3242.19679,0.9095924034474322,3261.5373091036067,2966.66955992102,3261.5373091036067
2026-07-16_ttft_component_regression/phase1/input6000_rate2p5_reuse00_seed1,0,0.0,0.000643145138682317,1.238547064130432,0.0007965655233247432,0.0
2026-07-16_ttft_component_regression/phase1/input6000_rate2p5_reuse00_seed1,0,0.0,0.003990554391991378,1.5576602492873686,0.006215927949024093,0.0
2026-07-16_ttft_component_regression/phase1/input6000_rate2p5_reuse00_seed1,0,0.0,0.008769742054454037,1.5885375028208,0.013931064143564969,0.0
2026-07-16_ttft_component_regression/phase1/input6000_rate2p5_reuse00_seed1,0,0.0,2.390888021792016e-09,4.4467372739842626,1.0631650884425056e-08,0.0
2026-07-16_ttft_component_regression/phase1/input6000_rate2p5_reuse00_seed1,0,0.0,2.8094007568124715e-12,0.38794498534416566,1.0898929354275022e-12,0.0
2026-07-16_ttft_component_regression/phase1/input6000_rate2p5_reuse00_seed1,0,0.0,3.6410779490442445e-10,2.016738444535495,7.343101879387979e-10,0.0
2026-07-16_ttft_component_regression/phase1/input6000_rate2p5_reuse00_seed1,0,0.0,3.990951894312222e-11,0.741894798288071,2.960866450608161e-11,0.0
2026-07-16_ttft_component_regression/phase1/input6000_rate2p5_reuse00_seed1,0,0.0,6.128129924215868e-10,1.9789080543195485,1.2127005664947426e-09,0.0
2026-07-16_ttft_component_regression/phase1/input6000_rate2p5_reuse00_seed1,0,0.0,9.804264604173547e-11,1.424383564262189,1.3965033361862337e-10,0.0
2026-07-16_ttft_component_regression/phase1/input6000_rate2p5_reuse00_seed1,0,0.0,1.1059150727055686e-11,0.26498031199316163,2.930457210034616e-12,0.0
2026-07-16_ttft_component_regression/phase1/input6000_rate2p5_reuse00_seed1,0,0.0,5.874181052372262e-10,1.5374546075245323,9.03128672440304e-10,0.0
2026-07-16_ttft_component_regression/phase1/input6000_rate2p5_reuse00_seed1,0,0.0,1.1842502463148054e-08,1.76752614360969,2.0931932709376336e-08,0.0
2026-07-16_ttft_component_regression/phase1/input6000_rate2p5_reuse00_seed1,0,0.0,1.0403818597844004e-10,2.373526326677442,2.4693737339959134e-10,0.0
2026-07-16_ttft_component_regression/phase1/input6000_rate2p5_reuse00_seed1,0,0.0,1.1650387747062318e-08,2.200314478510746,2.5634516840125406e-08,0.0
2026-07-16_ttft_component_regression/phase1/input6000_rate2p5_reuse00_seed1,0,0.0,1.0870841729748973e-09,2.3224685260620053,2.5247187769143436e-09,0.0
2026-07-16_ttft_component_regression/phase1/input6000_rate2p5_reuse00_seed1,0,0.0,2.3138388961774856e-08,2.0424316822241018,4.7258578691153405e-08,0.0
2026-07-16_ttft_component_regression/phase1/input6000_rate2p5_reuse00_seed1,0,0.0,3.318688624589846e-06,1.6978413722407972,5.634606848413548e-06,0.0
2026-07-16_ttft_component_regression/phase1/input6000_rate2p5_reuse00_seed1,0,0.0,3.022787855872858e-08,2.258442498540343,6.826792557774903e-08,0.0
2026-07-16_ttft_component_regression/phase1/input6000_rate2p5_reuse00_seed1,0,0.0,1.7008540948218515e-09,2.9318008665659123,4.986565509100884e-09,0.0
2026-07-16_ttft_component_regression/phase1/input6000_rate2p5_reuse00_seed1,0,0.0,4.6584336972485886e-07,2.5920839605872534,1.2075051268097244e-06,0.0
2026-07-16_ttft_component_regression/phase1/input6000_rate2p5_reuse00_seed1,0,0.0,4.589921552797348e-05,1.9621656056409669,9.006186203489136e-05,0.0
2026-07-16_ttft_component_regression/phase1/input6000_rate2p5_reuse00_seed1,0,0.0,3.720148163702554e-05,1.2015408185939653,4.469909869906004e-05,0.0
2026-07-16_ttft_component_regression/phase1/input6000_rate2p5_reuse00_seed1,0,0.0,3.89918841283245e-05,2.465056843364832,9.611721080621488e-05,0.0
2026-07-16_ttft_component_regression/phase1/input6000_rate2p5_reuse00_seed1,0,0.0,3.61086386485514e-06,1.8851360755871136,6.806969735672337e-06,0.0
2026-07-16_ttft_component_regression/phase1/input6000_rate2p5_reuse00_seed1,0,0.0,2.376554667764287e-07,2.363176655858631,5.616218512232427e-07,0.0
2026-07-16_ttft_component_regression/phase1/input6000_rate2p5_reuse00_seed1,0,0.0,0.008919065986174046,2.931898848590657,0.02614979929536778,0.0
2026-07-16_ttft_component_regression/phase1/input6000_rate2p5_reuse00_seed1,0,0.0,7.128255550151932e-05,2.555602605851409,0.00018216988459143047,0.0
2026-07-16_ttft_component_regression/phase1/input6000_rate2p5_reuse00_seed1,0,0.0,4.9296525018617704e-06,1.682807890482121,8.295658127467916e-06,0.0
2026-07-16_ttft_component_regression/phase1/input6000_rate2p5_reuse00_seed1,0,0.0,0.0010891214266705075,3.068461877566354,0.0033419275777791316,0.0
2026-07-16_ttft_component_regression/phase1/input6000_rate2p5_reuse00_seed1,0,0.0,0.006006657566887055,2.3651845724105476,0.01420685380895434,0.0
2026-07-16_ttft_component_regression/phase1/input6000_rate2p5_reuse00_seed1,0,0.0,0.0012059799794710826,2.792107965154881,0.0033672263064985298,0.0
2026-07-16_ttft_component_regression/phase1/input6000_rate2p5_reuse00_seed1,0,0.0,0.0072004667075806885,2.0248262187609294,0.014579693776824564,0.0
2026-07-16_ttft_component_regression/phase1/input6000_rate2p5_reuse00_seed1,0,0.0,4.466465345022178e-05,4.10194011755895,0.00018321173382433248,0.0
2026-07-16_ttft_component_regression/phase1/input6000_rate2p5_reuse00_seed1,0,0.0,2.8185839492474346e-12,0.9552238492171673,2.6923786093418595e-12,0.0
2026-07-16_ttft_component_regression/phase1/input6000_rate2p5_reuse00_seed1,0,0.0,4.7222510200457316e-11,1.6170763462004312,7.636240425336811e-11,0.0
2026-07-16_ttft_component_regression/phase1/input6000_rate2p5_reuse00_seed1,0,0.0,7.019444240033719e-11,0.8440382044940683,5.92467911290429e-11,0.0
2026-07-16_ttft_component_regression/phase1/input6000_rate2p5_reuse00_seed1,0,0.0,1.1101645121289646e-10,0.7109623604609294,7.892851820431647e-11,0.0
2026-07-16_ttft_component_regression/phase1/input6000_rate2p5_reuse00_seed1,0,0.0,2.125083623137218e-08,1.2886126772951554,2.7384096970869395e-08,0.0
2026-07-16_ttft_component_regression/phase1/input6000_rate2p5_reuse00_seed1,0,0.0,1.5393271027743423e-09,1.559277065689349,2.4002374479500636e-09,0.0
2026-07-16_ttft_component_regression/phase1/input6000_rate2p5_reuse00_seed1,0,0.0,2.693193131768294e-06,0.1693715206501305,4.5615021613208325e-07,0.0
2026-07-16_ttft_component_regression/phase1/input6000_rate2p5_reuse00_seed1,0,0.0,2.4715170384383563e-07,2.0531142836126945,5.074306933809935e-07,0.0
2026-07-16_ttft_component_regression/phase1/input6000_rate2p5_reuse00_seed1,0,0.0,4.844623972201698e-05,0.8981260522585743,4.3510830028307644e-05,0.0
2026-07-16_ttft_component_regression/phase1/input6000_rate2p5_reuse00_seed1,0,0.0,0.003341673264680771,1.8689924429150806,0.006245562078379727,0.0
2026-07-16_ttft_component_regression/phase1/input6000_rate2p5_reuse00_seed1,0,0.0,0.002864225615532683,1.4782458675908416,0.004234029680009023,0.0
2026-07-16_ttft_component_regression/phase1/input6000_rate2p5_reuse00_seed1,0,0.0,0.0004997459675265931,0.6522968086987891,0.0003259826997776854,0.0
2026-07-16_ttft_component_regression/phase1/input6000_rate2p5_reuse00_seed1,0,0.0,0.0072408501488756185,1.9109999282860768,0.013837264115231535,0.0
2026-07-16_ttft_component_regression/phase1/input6000_rate2p5_reuse00_seed1,0,0.0,0.0027611908354556115,1.2066176698095512,0.003331701651776938,0.0
2026-07-16_ttft_component_regression/phase1/input6000_rate2p5_reuse00_seed1,0,0.0,0.0003709359624881124,1.7605327137561935,0.0006530448966689621,0.0
2026-07-16_ttft_component_regression/phase1/input6000_rate2p5_reuse00_seed1,0,0.0,0.004877531579151527,1.7936846819267833,0.008748753679138249,0.0
2026-07-16_ttft_component_regression/phase1/input6000_rate2p5_reuse00_seed1,0,0.0,0.00035666489373963024,1.3557664350658793,0.00048355429149852917,0.0
2026-07-16_ttft_component_regression/phase1/input6000_rate2p5_reuse00_seed1,0,0.0,1.8207921110293697e-06,2.1305558215054767,3.87929923190487e-06,0.0
2026-07-16_ttft_component_regression/phase1/input6000_rate2p5_reuse00_seed1,0,0.0,2.400422909798655e-06,2.3474880645675498,5.634964130666851e-06,0.0
2026-07-16_ttft_component_regression/phase1/input6000_rate2p5_reuse00_seed1,0,0.0,3.2678729978158327e-07,0.5326190243684691,1.740531327856733e-07,0.0
2026-07-16_ttft_component_regression/phase1/input6000_rate2p5_reuse00_seed1,0,0.0,3.957079900901027e-07,2.5194352730701683,9.969606680687054e-07,0.0
2026-07-16_ttft_component_regression/phase1/input6000_rate2p5_reuse00_seed1,0,0.0,3.199985810675436e-05,1.7491254318831286,5.597176563117555e-05,0.0
2026-07-16_ttft_component_regression/phase1/input6000_rate2p5_reuse00_seed1,0,0.0,4.828451417215382e-06,2.173493172421961,1.0494606188688772e-05,0.0
2026-07-16_ttft_component_regression/phase1/input6000_rate2p5_reuse00_seed1,0,0.0,3.213316802360204e-06,1.1830527514705649,3.801523284378837e-06,0.0
2026-07-16_ttft_component_regression/phase1/input6000_rate2p5_reuse00_seed1,0,0.0,5.224143209925936e-06,1.9221481526191144,1.0041577219976827e-05,0.0
2026-07-16_ttft_component_regression/phase1/input6000_rate2p5_reuse00_seed1,0,0.0,5.574671307378884e-06,0.8593886533088952,4.790809267488078e-06,0.0
2026-07-16_ttft_component_regression/phase1/input6000_rate2p5_reuse00_seed1,0,0.0,7.258951284504743e-06,2.0227552657847485,1.4683081934806933e-05,0.0
2026-07-16_ttft_component_regression/phase1/input6000_rate2p5_reuse00_seed1,0,0.0,2.645687178760919e-06,1.5192091402143242,4.019352144121437e-06,0.0
2026-07-16_ttft_component_regression/phase1/input6000_rate2p5_reuse00_seed1,0,0.0,3.0918318442175997e-07,4.8763188843936875,1.5076758009328044e-06,0.0
2026-07-16_ttft_component_regression/phase1/input6000_rate2p5_reuse00_seed1,0,0.0,2.1537944089285074e-08,3.782838409928435,8.147456217183869e-08,0.0
2026-07-16_ttft_component_regression/phase1/input6000_rate2p5_reuse00_seed1,0,0.0,1.7520225420175412e-12,0.7966293657586018,1.395712606442207e-12,0.0
2026-07-16_ttft_component_regression/phase1/input6000_rate2p5_reuse00_seed1,0,0.0,3.737728136812171e-11,1.6250007661173398,6.073811085858115e-11,0.0
2026-07-16_ttft_component_regression/phase1/input6000_rate2p5_reuse00_seed1,0,0.0,1.1706950166057484e-10,1.6128065140747172,1.88810454877656e-10,0.0
2026-07-16_ttft_component_regression/phase1/input6000_rate2p5_reuse00_seed1,0,0.0,9.423287138302822e-12,0.7899269150145732,7.443708138456054e-12,0.0
2026-07-16_ttft_component_regression/phase1/input6000_rate2p5_reuse00_seed1,0,0.0,1.2303285299884001e-09,0.7768624798666676,9.557960728575002e-10,0.0
2026-07-16_ttft_component_regression/phase1/input6000_rate2p5_reuse00_seed1,0,0.0,1.0204449997235818e-08,0.8573613908772761,8.748901442767717e-09,0.0
2026-07-16_ttft_component_regression/phase1/input6000_rate2p5_reuse00_seed1,0,0.0,1.865253982158874e-06,1.416163230240187,2.641504104592483e-06,0.0
2026-07-16_ttft_component_regression/phase1/input6000_rate2p5_reuse00_seed1,0,0.0,1.3962271232680913e-07,1.5505856331099013,2.1649697178978695e-07,0.0
2026-07-16_ttft_component_regression/phase1/input6000_rate2p5_reuse00_seed1,0,0.0,1.0070157883218246e-06,2.237563604925553,2.2532618775343293e-06,0.0
2026-07-16_ttft_component_regression/phase1/input6000_rate2p5_reuse00_seed1,0,0.0,1.1043940855151109e-07,2.1806338459439134,2.4082791221345274e-07,0.0
2026-07-16_ttft_component_regression/phase1/input6000_rate2p5_reuse00_seed1,0,0.0,1.8122079998003319e-06,1.4703450379977796,2.664571040326299e-06,0.0
2026-07-16_ttft_component_regression/phase1/input6000_rate2p5_reuse00_seed1,0,0.0,1.513016646205509e-08,2.3559079406513455,3.564527931133226e-08,0.0
2026-07-16_ttft_component_regression/phase1/input6000_rate2p5_reuse00_seed1,0,0.0,1.8179231270732472e-07,2.7180943264315687,4.941286537586529e-07,0.0
2026-07-16_ttft_component_regression/phase1/input6000_rate2p5_reuse00_seed1,0,0.0,1.2311014204735586e-08,2.3849581795097836,2.9361254025645268e-08,0.0
2026-07-16_ttft_component_regression/phase1/input6000_rate2p5_reuse00_seed1,0,0.0,1.4657277764729816e-09,2.3697814116378164,3.4734544392069002e-09,0.0
2026-07-16_ttft_component_regression/phase1/input6000_rate2p5_reuse00_seed1,0,0.0,2.1347160906196896e-08,1.8442945169818374,3.937045181242797e-08,0.0
2026-07-16_ttft_component_regression/phase1/input6000_rate2p5_reuse00_seed1,0,0.0,2.384485924719589e-07,2.102591411686198,5.01359962660203e-07,0.0
2026-07-16_ttft_component_regression/phase1/input6000_rate2p5_reuse00_seed1,0,0.0,1.371894472541289e-07,2.2543740679490223,3.092763322859684e-07,0.0
2026-07-16_ttft_component_regression/phase1/input6000_rate2p5_reuse00_seed1,0,0.0,1.4475944449738708e-10,1.904435709146843,2.756850553370844e-10,0.0
2026-07-16_ttft_component_regression/phase1/input6000_rate2p5_reuse00_seed1,0,0.0,1.8288417202319715e-09,1.9001895793892065,3.475145979137023e-09,0.0
2026-07-16_ttft_component_regression/phase1/input6000_rate2p5_reuse00_seed1,0,0.0,3.218585179826298e-08,3.1512358108432954,1.0142520878918137e-07,0.0
2026-07-16_ttft_component_regression/phase1/input6000_rate2p5_reuse00_seed1,0,0.0,2.691538775701201e-09,4.5970665924911165,1.2373182988170432e-08,0.0
2026-07-16_ttft_component_regression/phase1/input6000_rate2p5_reuse00_seed1,0,0.0,3.024138603170828e-07,4.435387588901604,1.3413226827622124e-06,0.0
2026-07-16_ttft_component_regression/phase1/input6000_rate2p5_reuse00_seed1,0,0.0,8.222248060673797e-06,3.9110446455905383,3.215757925241544e-05,0.0
2026-07-16_ttft_component_regression/phase1/input6000_rate2p5_reuse00_seed1,0,0.0,0.0005194180677324176,3.600135502712145,0.0018699754263936182,0.0
2026-07-16_ttft_component_regression/phase1/input6000_rate2p5_reuse00_seed1,0,0.0,4.504460467682419e-05,3.799592232206993,0.00017115113003289597,0.0
2026-07-16_ttft_component_regression/phase1/input6000_rate2p5_reuse00_seed1,0,0.0,2.5644328565666245e-10,0.7774168981163335,1.9936334367796335e-10,0.0
2026-07-16_ttft_component_regression/phase1/input6000_rate2p5_reuse00_seed1,0,0.0,1.3260014543381477e-11,0.937518964437073,1.2431515103131531e-11,0.0
2026-07-16_ttft_component_regression/phase1/input6000_rate2p5_reuse00_seed1,0,0.0,1.366129377192124e-12,0.8263218372665398,1.1288625369051896e-12,0.0
2026-07-16_ttft_component_regression/phase1/input6000_rate2p5_reuse00_seed1,0,0.0,3.8984892186316765e-12,0.881725532050148,3.437397480489781e-12,0.0
2026-07-16_ttft_component_regression/phase1/input6000_rate2p5_reuse00_seed1,0,0.0,1.7907117324624967e-12,0.7633321396124884,1.3669078181697833e-12,0.0
2026-07-16_ttft_component_regression/phase1/input6000_rate2p5_reuse00_seed1,0,0.0,2.2116687717709796e-11,1.3994791039200565,3.095184230886022e-11,0.0
2026-07-16_ttft_component_regression/phase1/input6000_rate2p5_reuse00_seed1,0,0.0,3.605279305566458e-09,1.9813290992901194,7.143244799187298e-09,0.0
2026-07-16_ttft_component_regression/phase1/input6000_rate2p5_reuse00_seed1,0,0.0,2.360151903425681e-10,1.9737613874119628,4.658376695408458e-10,0.0
2026-07-16_ttft_component_regression/phase1/input6000_rate2p5_reuse00_seed1,1,2.71922,0.9974441718846849,3.234925252091871,3.226657339181632,3.234925252091871
2026-07-16_ttft_component_regression/phase1/input6000_rate2p5_reuse00_seed1,0,0.0,2.713777385226802e-07,1.9467917689120458,5.283159476219192e-07,0.0
2026-07-16_ttft_component_regression/phase1/input6000_rate2p5_reuse00_seed1,0,0.0,7.891778007386675e-05,1.0360763409564604,8.176484481533852e-05,0.0
2026-07-16_ttft_component_regression/phase1/input6000_rate2p5_reuse00_seed1,0,0.0,5.664853353513141e-06,1.7438409468887233,9.878603235976115e-06,0.0
2026-07-16_ttft_component_regression/phase1/input6000_rate2p5_reuse00_seed1,0,0.0,1.9191773724088216e-12,1.0237010884198317,1.964663965005623e-12,0.0
2026-07-16_ttft_component_regression/phase1/input6000_rate2p5_reuse00_seed1,0,0.0,3.773483356871518e-11,1.3886860059809674,5.240183531489562e-11,0.0
2026-07-16_ttft_component_regression/phase1/input6000_rate2p5_reuse00_seed1,0,0.0,1.6609940712005807e-09,1.4637552061423953,2.4312887190915024e-09,0.0
2026-07-16_ttft_component_regression/phase1/input6000_rate2p5_reuse00_seed1,0,0.0,1.1576736726133592e-08,2.2014434824004754,2.5485531613213013e-08,0.0
2026-07-16_ttft_component_regression/phase1/input6000_rate2p5_reuse00_seed1,0,0.0,1.6673352542759995e-07,2.2867660883802645,3.812805717439241e-07,0.0
2026-07-16_ttft_component_regression/phase1/input6000_rate2p5_reuse00_seed1,0,0.0,6.252932976690505e-07,1.983399907286223,1.2402066686234913e-06,0.0
2026-07-16_ttft_component_regression/phase1/input6000_rate2p5_reuse00_seed1,0,0.0,8.696031508022363e-06,1.4083238454711202,1.224682853371608e-05,0.0
2026-07-16_ttft_component_regression/phase1/input6000_rate2p5_reuse00_seed1,0,0.0,7.33958836585739e-06,1.0169534579103139,7.464019768296982e-06,0.0
2026-07-16_ttft_component_regression/phase1/input6000_rate2p5_reuse00_seed1,0,0.0,9.655013310620852e-10,4.014944191359961,3.876433960898029e-09,0.0
2026-07-16_ttft_component_regression/phase1/input6000_rate2p5_reuse00_seed1,0,0.0,5.957326874496655e-10,2.857390763520584,1.7022410786459694e-09,0.0
2026-07-16_ttft_component_regression/phase1/input6000_rate2p5_reuse00_seed1,0,0.0,6.439004228544385e-10,3.8561906403902926,2.4830027839546374e-09,0.0
2026-07-16_ttft_component_regression/phase1/input6000_rate2p5_reuse00_seed1,0,0.0,1.2667851784003078e-08,3.2351358998416893,4.0982222080301947e-08,0.0
2026-07-16_ttft_component_regression/phase1/input6000_rate2p5_reuse00_seed1,0,0.0,5.769549592856553e-08,3.652707828517243,2.1074478964845605e-07,0.0
2026-07-16_ttft_component_regression/phase1/input6000_rate2p5_reuse00_seed1,0,0.0,1.6430387196497723e-12,0.9700343796652381,1.5938040451814339e-12,0.0
2026-07-16_ttft_component_regression/phase1/input6000_rate2p5_reuse00_seed1,0,0.0,4.853671826151974e-12,0.5098695216717244,2.474739332351632e-12,0.0
2026-07-16_ttft_component_regression/phase1/input6000_rate2p5_reuse00_seed1,0,0.0,5.0065121316815855e-09,1.9274370556720317,9.649737002274662e-09,0.0
2026-07-16_ttft_component_regression/phase1/input6000_rate2p5_reuse00_seed1,0,0.0,3.0017190302248574e-10,0.7410845251940681,2.224527522280187e-10,0.0
2026-07-16_ttft_component_regression/phase1/input6000_rate2p5_reuse00_seed1,0,0.0,1.0111306845124302e-07,1.204465800419808,1.2178723292502927e-07,0.0
2026-07-16_ttft_component_regression/phase1/input6000_rate2p5_reuse00_seed1,0,0.0,6.017067746670204e-11,1.0674319289659449,6.422810231546947e-11,0.0
2026-07-16_ttft_component_regression/phase1/input6000_rate2p5_reuse00_seed1,0,0.0,5.109458724701968e-07,0.6134834573009964,3.1345684033669033e-07,0.0
2026-07-16_ttft_component_regression/phase1/input6000_rate2p5_reuse00_seed1,0,0.0,6.573115203157276e-06,0.8433026360258853,5.543125377724353e-06,0.0
2026-07-16_ttft_component_regression/phase1/input6000_rate2p5_reuse00_seed1,0,0.0,1.248098092482826e-07,0.8070252058933842,1.0072466200610928e-07,0.0
2026-07-16_ttft_component_regression/phase1/input6000_rate2p5_reuse00_seed1,0,0.0,6.845781588054075e-05,1.2896757058256363,8.828838201501785e-05,0.0
2026-07-16_ttft_component_regression/phase1/input6000_rate2p5_reuse00_seed1,0,0.0,0.01016785343236476,1.7554322550163264,0.017848977879451566,0.0
2026-07-16_ttft_component_regression/phase1/input6000_rate2p5_reuse00_seed1,0,0.0,0.0013254979691595015,1.3465304146816337,0.0017848233300720069,0.0
2026-07-16_ttft_component_regression/phase1/input6000_rate2p5_reuse00_seed1,0,0.0,0.2046520944910558,4.054229795086727,0.8297066191125428,0.0
2026-07-16_ttft_component_regression/phase1/input6000_rate2p5_reuse00_seed1,0,0.0,0.000825544798754705,1.5203552905712199,0.0012551214023902688,0.0
2026-07-16_ttft_component_regression/phase1/input6000_rate2p5_reuse00_seed1,0,0.0,5.149040690322973e-05,1.6200715547940754,8.341814356869498e-05,0.0
2026-07-16_ttft_component_regression/phase1/input6000_rate2p5_reuse00_seed1,0,0.0,4.4325887134241325e-05,1.7516093794570098,7.764163965708991e-05,0.0
2026-07-16_ttft_component_regression/phase1/input6000_rate2p5_reuse00_seed1,0,0.0,0.01560600384548517,1.69831642088901,0.0265039325952445,0.0
2026-07-16_ttft_component_regression/phase1/input6000_rate2p5_reuse00_seed1,0,0.0,5.7704538933651946e-05,1.694504780640175,9.778061708771033e-05,0.0
2026-07-16_ttft_component_regression/phase1/input6000_rate2p5_reuse00_seed1,0,0.0,6.85300247237348e-05,1.7670263823285317,0.00012109436166846594,0.0
2026-07-16_ttft_component_regression/phase1/input6000_rate2p5_reuse00_seed1,0,0.0,0.0013013370753283068,1.9509604788087267,0.0025388572035740615,0.0
2026-07-16_ttft_component_regression/phase1/input6000_rate2p5_reuse00_seed1,0,0.0,0.0001926290228315299,1.1205690450089478,0.00021585412015533427,0.0
2026-07-16_ttft_component_regression/phase1/input6000_rate2p5_reuse00_seed1,0,0.0,0.00020714212691759804,1.8366713874807257,0.00038045201765145336,0.0
2026-07-16_ttft_component_regression/phase1/input6000_rate2p5_reuse00_seed1,0,0.0,2.5193806137038905e-05,2.274796824327961,5.7310790193270394e-05,0.0
2026-07-16_ttft_component_regression/phase1/input6000_rate2p5_reuse00_seed1,0,0.0,5.57748046577499e-09,1.5916476688674595,8.877383781504555e-09,0.0
2026-07-16_ttft_component_regression/phase1/input6000_rate2p5_reuse00_seed1,0,0.0,7.243809147622806e-08,1.7876821415601243,1.2949628250075156e-07,0.0
2026-07-16_ttft_component_regression/phase1/input6000_rate2p5_reuse00_seed1,0,0.0,1.1765573280224645e-06,1.493249342729372,1.7568934567529713e-06,0.0
2026-07-16_ttft_component_regression/phase1/input6000_rate2p5_reuse00_seed1,0,0.0,5.054848578949065e-10,4.2097009964675,2.127940109979421e-09,0.0
2026-07-16_ttft_component_regression/phase1/input6000_rate2p5_reuse00_seed1,0,0.0,6.437147619150978e-11,4.137931808521934,2.6636477889436066e-10,0.0
2026-07-16_ttft_component_regression/phase1/input6000_rate2p5_reuse00_seed1,0,0.0,6.266520187554674e-10,2.4274827762033078,1.5211869822019293e-09,0.0
2026-07-16_ttft_component_regression/phase1/input6000_rate2p5_reuse00_seed1,0,0.0,1.1036761476660192e-12,0.8216963957517615,9.068867126143568e-13,0.0
2026-07-16_ttft_component_regression/phase1/input6000_rate2p5_reuse00_seed1,0,0.0,9.671429250652723e-12,1.543718528609489,1.4929964532368394e-11,0.0
2026-07-16_ttft_component_regression/phase1/input6000_rate2p5_reuse00_seed1,0,0.0,1.798814139771946e-09,2.0266903446702864,3.64563924893219e-09,0.0
2026-07-16_ttft_component_regression/phase1/input6000_rate2p5_reuse00_seed1,0,0.0,2.3175262437350169e-10,2.1104186333781114,4.890950568121162e-10,0.0
2026-07-16_ttft_component_regression/phase1/input6000_rate2p5_reuse00_seed1,0,0.0,6.915610367368286e-09,1.0298258647565897,7.121874426894682e-09,0.0
2026-07-16_ttft_component_regression/phase1/input6000_rate2p5_reuse00_seed1,0,0.0,1.284678356600812e-12,0.7943593667202001,1.0204962857885684e-12,0.0
2026-07-16_ttft_component_regression/phase1/input6000_rate2p5_reuse00_seed1,0,0.0,1.9928967931261276e-11,1.4562253096893245,2.9021067497489568e-11,0.0
2026-07-16_ttft_component_regression/phase1/input6000_rate2p5_reuse00_seed1,0,0.0,1.1165036478139415e-06,1.8849754536021803,2.1045819699865734e-06,0.0
2026-07-16_ttft_component_regression/phase1/input6000_rate2p5_reuse00_seed1,0,0.0,2.350454231654632e-10,1.9778908329795395,4.648941878127663e-10,0.0
2026-07-16_ttft_component_regression/phase1/input6000_rate2p5_reuse00_seed1,0,0.0,4.581588504595805e-09,2.098105638884112,9.612656676539086e-09,0.0
2026-07-16_ttft_component_regression/phase1/input6000_rate2p5_reuse00_seed1,0,0.0,7.851303510657245e-08,2.164420709022824,1.6993523911290138e-07,0.0
2026-07-16_ttft_component_regression/phase1/input6000_rate2p5_reuse00_seed1,0,0.0,3.834220542582775e-07,1.5720741757665293,6.027679099187911e-07,0.0
2026-07-16_ttft_component_regression/phase1/input6000_rate2p5_reuse00_seed1,0,0.0,2.957023612187777e-06,1.9047143042331882,5.63228517208935e-06,0.0
2026-07-16_ttft_component_regression/phase1/input6000_rate2p5_reuse00_seed1,0,0.0,3.965327346529979e-07,2.030972098815109,8.05346920347094e-07,0.0
2026-07-16_ttft_component_regression/phase1/input6000_rate2p5_reuse00_seed1,0,0.0,3.846950938531586e-09,1.6279249100946764,6.2625472607476636e-09,0.0
2026-07-16_ttft_component_regression/phase1/input6000_rate2p5_reuse00_seed1,0,0.0,6.005266365569555e-08,2.5267699456174535,1.5173926567948505e-07,0.0
2026-07-16_ttft_component_regression/phase1/input6000_rate2p5_reuse00_seed1,0,0.0,3.475140648592006e-11,2.909043421998589,1.0109335044306485e-10,0.0
2026-07-16_ttft_component_regression/phase1/input6000_rate2p5_reuse00_seed1,0,0.0,3.3759531601372916e-12,2.102818288453065,7.099016046097616e-12,0.0
2026-07-16_ttft_component_regression/phase1/input6000_rate2p5_reuse00_seed1,0,0.0,4.1204857874388506e-10,2.317602668117386,9.549648854908049e-10,0.0
2026-07-16_ttft_component_regression/phase1/input6000_rate2p5_reuse00_seed1,0,0.0,3.9956285293727606e-10,3.2485341280616935,1.2979935640724367e-09,0.0
2026-07-16_ttft_component_regression/phase1/input6000_rate2p5_reuse00_seed1,0,0.0,3.3274873098166123e-09,3.579612779555939,1.1911116098029757e-08,0.0
2026-07-16_ttft_component_regression/phase1/input6000_rate2p5_reuse00_seed1,0,0.0,3.818492527662577e-11,2.829942326089578,1.0806113625889105e-10,0.0
2026-07-16_ttft_component_regression/phase1/input6000_rate2p5_reuse00_seed1,0,0.0,1.9837552560234473e-12,0.5613217513952558,1.1135249746506254e-12,0.0
2026-07-16_ttft_component_regression/phase1/input6000_rate2p5_reuse00_seed1,0,0.0,1.8864000939181196e-11,0.5956211721339163,1.1235798350530401e-11,0.0
2026-07-16_ttft_component_regression/phase1/input6000_rate2p5_reuse00_seed1,0,0.0,2.2426154102705712e-10,1.684964229504624,3.7787267468417493e-10,0.0
2026-07-16_ttft_component_regression/phase1/input6000_rate2p5_reuse00_seed1,0,0.0,9.735498890004305e-11,1.1127199407845871,1.0832883748394004e-10,0.0
2026-07-16_ttft_component_regression/phase1/input6000_rate2p5_reuse00_seed1,0,0.0,4.3964068274058205e-10,0.8599949395766319,3.7808876238891606e-10,0.0
2026-07-16_ttft_component_regression/phase1/input6000_rate2p5_reuse00_seed1,0,0.0,5.63401204552703e-10,0.9516667942301597,5.361702182020813e-10,0.0
2026-07-16_ttft_component_regression/phase1/input6000_rate2p5_reuse00_seed1,0,0.0,1.8411485923281762e-08,0.7163328201054686,1.3188751633756563e-08,0.0
2026-07-16_ttft_component_regression/phase1/input6000_rate2p5_reuse00_seed1,0,0.0,1.0915279397675242e-07,0.961440551140775,1.0494392239956431e-07,0.0
2026-07-16_ttft_component_regression/phase1/input6000_rate2p5_reuse00_seed1,0,0.0,2.2148110334004743e-06,0.27221496001594647,6.029046968999872e-07,0.0
2026-07-16_ttft_component_regression/phase1/input6000_rate2p5_reuse00_seed1,0,0.0,6.354641353316638e-10,1.4800224706059217,9.405011995550248e-10,0.0
2026-07-16_ttft_component_regression/phase1/input6000_rate2p5_reuse00_seed1,0,0.0,2.611791991822533e-11,1.4755212835290068,3.853754672084765e-11,0.0
2026-07-16_ttft_component_regression/phase1/input6000_rate2p5_reuse00_seed1,0,0.0,5.045754660188051e-10,1.8073133072123748,9.119259542286718e-10,0.0
2026-07-16_ttft_component_regression/phase1/input6000_rate2p5_reuse00_seed1,0,0.0,5.8328678362722466e-08,1.9519015473973549,1.1385183755384059e-07,0.0
2026-07-16_ttft_component_regression/phase1/input6000_rate2p5_reuse00_seed1,0,0.0,4.531191243169414e-09,2.447739170727302,1.1091174295962314e-08,0.0
2026-07-16_ttft_component_regression/phase1/input6000_rate2p5_reuse00_seed1,0,0.0,4.5512227141319535e-09,2.4906118692423003,1.13353293113822e-08,0.0
2026-07-16_ttft_component_regression/phase1/input6000_rate2p5_reuse00_seed1,0,0.0,7.93978421357537e-07,1.3273401574288253,1.0538794427998032e-06,0.0
2026-07-16_ttft_component_regression/phase1/input6000_rate2p5_reuse00_seed1,0,0.0,7.597197840205766e-07,2.234278115863623,1.6974252876258125e-06,0.0
2026-07-16_ttft_component_regression/phase1/input6000_rate2p5_reuse00_seed1,0,0.0,1.7396370779603026e-05,1.2193831569724805,2.121284152109615e-05,0.0
2026-07-16_ttft_component_regression/phase1/input6000_rate2p5_reuse00_seed1,0,0.0,0.0005479699195362214,2.0193567360035063,0.001106546748142768,0.0
2026-07-16_ttft_component_regression/phase1/input6000_rate2p5_reuse00_seed1,0,0.0,0.01998326482182679,1.6440240735557015,0.03285296843532203,0.0
2026-07-16_ttft_component_regression/phase1/input6000_rate2p5_reuse00_seed1,0,0.0,0.0034681383116352375,1.8723900165552336,0.006493707550738542,0.0
2026-07-16_ttft_component_regression/phase1/input6000_rate2p5_reuse00_seed1,0,0.0,0.06265215883779812,1.6270660972121398,0.10193920356213126,0.0
2026-07-16_ttft_component_regression/phase1/input6000_rate2p5_reuse00_seed1,0,0.0,0.35680631382409195,7.942235253755386,2.8338396844162106,0.0
2026-07-16_ttft_component_regression/phase1/input6000_rate2p5_reuse00_seed1,0,0.0,0.026303329237422436,1.3510687686429577,0.03553760664401464,0.0
2026-07-16_ttft_component_regression/phase1/input6000_rate2p5_reuse00_seed1,0,0.0,0.0001090253641787836,1.1668501231666195,0.0001272162596202992,0.0
2026-07-16_ttft_component_regression/phase1/input6000_rate2p5_reuse00_seed1,0,0.0,0.0031758696127578063,0.6859885673812092,0.002178610245845243,0.0
2026-07-16_ttft_component_regression/phase1/input6000_rate2p5_reuse00_seed1,0,0.0,0.24132573222517703,7.84654149528224,1.893572371784222,0.0
2026-07-16_ttft_component_regression/phase1/input6000_rate2p5_reuse00_seed1,0,0.0,0.02772190609680059,3.0405117455055484,0.08428878109512407,0.0
2026-07-16_ttft_component_regression/phase1/input6000_rate2p5_reuse00_seed1,0,0.0,0.0033132764806558363,1.2168667153576398,0.004031815868087388,0.0
2026-07-16_ttft_component_regression/phase1/input6000_rate2p5_reuse00_seed1,0,0.0,0.0238210684345574,2.9404589950288527,0.07004487494959218,0.0
2026-07-16_ttft_component_regression/phase1/input6000_rate2p5_reuse00_seed1,0,0.0,0.4096677912537921,8.915949924686952,3.6525775125759177,0.0
2026-07-16_ttft_component_regression/phase1/input6000_rate2p5_reuse00_seed1,0,0.0,0.2549295857434381,9.321379444400844,2.376295400318506,0.0
2026-07-16_ttft_component_regression/phase1/input6000_rate2p5_reuse00_seed1,0,0.0,0.028090675830630397,2.987299720754064,0.08391526806463512,0.0
2026-07-16_ttft_component_regression/phase1/input6000_rate2p5_reuse00_seed1,0,0.0,0.031095400589470183,3.1539907902665414,0.09807460707883774,0.0
2026-07-16_ttft_component_regression/phase1/input6000_rate2p5_reuse00_seed1,0,0.0,1.6636079020876625e-12,0.7282644486150135,1.2115464915254508e-12,0.0
2026-07-16_ttft_component_regression/phase1/input6000_rate2p5_reuse00_seed1,0,0.0,4.3963249600003454e-10,0.7549082973244888,3.318822190039012e-10,0.0
2026-07-16_ttft_component_regression/phase1/input6000_rate2p5_reuse00_seed1,0,0.0,6.384200468853411e-11,0.8155293875192455,5.206503098164102e-11,0.0
2026-07-16_ttft_component_regression/phase1/input6000_rate2p5_reuse00_seed1,0,0.0,5.115937991233756e-09,0.9340286256454016,4.778432530839161e-09,0.0
2026-07-16_ttft_component_regression/phase1/input6000_rate2p5_reuse00_seed1,0,0.0,9.380393751115895e-08,1.8215818731774966,1.7087155220300178e-07,0.0
2026-07-16_ttft_component_regression/phase1/input6000_rate2p5_reuse00_seed1,0,0.0,4.4231981641157945e-06,1.706906120721449,7.549984019493126e-06,0.0
2026-07-16_ttft_component_regression/phase1/input6000_rate2p5_reuse00_seed1,0,0.0,0.3791876916443558,3.705931283139353,1.4052435286462168,0.0
2026-07-16_ttft_component_regression/phase1/input6000_rate2p5_reuse00_seed1,0,0.0,9.820658070158463e-07,1.583990497904521,1.5555829066300356e-06,0.0
2026-07-16_ttft_component_regression/phase1/input6000_rate2p5_reuse00_seed1,0,0.0,0.0031437458089121134,0.5919972201801827,0.001861088779829071,0.0
2026-07-16_ttft_component_regression/phase1/input6000_rate2p5_reuse00_seed1,0,0.0,0.2596858478310672,3.788206772233963,0.9837436874069672,0.0
2026-07-16_ttft_component_regression/phase1/input6000_rate2p5_reuse00_seed1,0,0.0,0.05051510418198817,0.664091969674336,0.033546675034520815,0.0
2026-07-16_ttft_component_regression/phase1/input6000_rate2p5_reuse00_seed1,0,0.0,0.00020348571951797062,0.5715455905856499,0.00011630136573764443,0.0
2026-07-16_ttft_component_regression/phase1/input6000_rate2p5_reuse00_seed1,0,0.0,0.29648352326842575,3.2728094839465345,0.9703340867867868,0.0
2026-07-16_ttft_component_regression/phase1/input6000_rate2p5_reuse00_seed1,0,0.0,0.3031069035272837,5.775108474883594,1.75047524735614,0.0
2026-07-16_ttft_component_regression/phase1/input6000_rate2p5_reuse00_seed1,0,0.0,0.30606165391844253,3.1235497108474255,0.955998790598436,0.0
2026-07-16_ttft_component_regression/phase1/input6000_rate2p5_reuse00_seed1,0,0.0,0.00015452599618671212,0.41451546401931316,6.405341501238159e-05,0.0
2026-07-16_ttft_component_regression/phase1/input6000_rate2p5_reuse00_seed1,0,0.0,1.1641054971161802e-06,1.8224265436180525,2.1214967575162153e-06,0.0
2026-07-16_ttft_component_regression/phase1/input6000_rate2p5_reuse00_seed1,0,0.0,4.3374947066382536e-10,1.983073092243461,8.601569040482765e-10,0.0
2026-07-16_ttft_component_regression/phase1/input6000_rate2p5_reuse00_seed1,0,0.0,7.465369969218983e-09,1.5557317649102003,1.1614113197920655e-08,0.0
2026-07-16_ttft_component_regression/phase1/input6000_rate2p5_reuse00_seed1,0,0.0,8.568807284540273e-08,2.1899477073512554,1.8765239867513707e-07,0.0
2026-07-16_ttft_component_regression/phase1/input6000_rate2p5_reuse00_seed1,0,0.0,8.00093524420925e-08,2.5125279612217324,2.010257351700017e-07,0.0
2026-07-16_ttft_component_regression/phase1/input6000_rate2p5_reuse00_seed1,0,0.0,0.00018428936627231735,1.802325608186598,0.00033214944414907706,0.0
2026-07-16_ttft_component_regression/phase1/input6000_rate2p5_reuse00_seed1,0,0.0,2.255171728636594e-06,2.311829074483477,5.21357157021524e-06,0.0
2026-07-16_ttft_component_regression/phase1/input6000_rate2p5_reuse00_seed1,0,0.0,1.1942491997140899e-05,2.213114133290931,2.6430097825586362e-05,0.0
2026-07-16_ttft_component_regression/phase1/input6000_rate2p5_reuse00_seed1,0,0.0,0.002876453983532328,1.7001900793129794,0.004890518526401964,0.0
2026-07-16_ttft_component_regression/phase1/input6000_rate2p5_reuse00_seed1,0,0.0,1.1509735845375533e-06,2.3799948658962697,2.7393112219816033e-06,0.0
2026-07-16_ttft_component_regression/phase1/input6000_rate2p5_reuse00_seed1,0,0.0,0.06748349902636247,1.7861309201474769,0.12053436421072816,0.0
2026-07-16_ttft_component_regression/phase1/input6000_rate2p5_reuse00_seed1,0,0.0,0.5267472263487168,7.354421157030634,3.8739209458662076,7.354421157030634
2026-07-16_ttft_component_regression/phase1/input6000_rate2p5_reuse00_seed1,0,0.0,0.00030262809351022315,1.4715642186550433,0.0004453366739694369,0.0
2026-07-16_ttft_component_regression/phase1/input6000_rate2p5_reuse00_seed1,0,0.0,0.005293732256943508,1.79138909716307,0.009483134248389051,0.0
2026-07-16_ttft_component_regression/phase1/input6000_rate2p5_reuse00_seed1,0,0.0,0.4129093354684241,7.273115162316965,3.0031371484576175,0.0
2026-07-16_ttft_component_regression/phase1/input6000_rate2p5_reuse00_seed1,0,0.0,0.0029862509992726574,0.8803679767849625,0.002628999750401742,0.0
2026-07-16_ttft_component_regression/phase1/input6000_rate2p5_reuse00_seed1,0,0.0,0.04643459113318826,1.4272650714250155,0.06627447003030133,0.0
2026-07-16_ttft_component_regression/phase1/input6000_rate2p5_reuse00_seed1,0,0.0,0.17037117188611006,7.476882390960952,1.273845215002638,0.0
2026-07-16_ttft_component_regression/phase1/input6000_rate2p5_reuse00_seed1,0,0.0,0.004714234048682536,1.352834017560818,0.006377576187801196,0.0
2026-07-16_ttft_component_regression/phase1/input6000_rate2p5_reuse00_seed1,0,0.0,0.008311760918179261,2.94234608254112,0.024456077176623132,0.0
2026-07-16_ttft_component_regression/phase1/input6000_rate2p5_reuse00_seed1,0,0.0,0.12122730560920082,2.9358237372900002,0.35590200141520095,0.0
2026-07-16_ttft_component_regression/phase1/input6000_rate2p5_reuse00_seed1,0,0.0,3.5455075443473475e-05,2.4948112185533136,8.845371997103173e-05,0.0
2026-07-16_ttft_component_regression/phase1/input6000_rate2p5_reuse00_seed1,0,0.0,3.150630467513168e-05,3.42894593454602,0.00010803341532836103,0.0
2026-07-16_ttft_component_regression/phase1/input6000_rate2p5_reuse00_seed1,0,0.0,0.0010541846874033754,3.4715363301793523,0.0036596404410395816,0.0
2026-07-16_ttft_component_regression/phase1/input6000_rate2p5_reuse00_seed1,1,5.682852,0.9964495671914295,17.78234904064016,17.719214005192818,17.78234904064016
2026-07-16_ttft_component_regression/phase1/input6000_rate2p5_reuse00_seed1,0,0.0,0.056748140458509205,3.0992805085412973,0.17587840561902138,0.0
2026-07-16_ttft_component_regression/phase1/input6000_rate2p5_reuse00_seed1,0,0.0,0.06871926419128067,2.417002576703302,0.16609463861948034,0.0
2026-07-16_ttft_component_regression/phase1/input6000_rate2p5_reuse00_seed1,0,0.0,1.0786775482385296e-12,0.9846314126805021,1.0620997981488439e-12,0.0
2026-07-16_ttft_component_regression/phase1/input6000_rate2p5_reuse00_seed1,0,0.0,2.0964210766642403e-09,1.642429259003299,3.4432233155045463e-09,0.0
2026-07-16_ttft_component_regression/phase1/input6000_rate2p5_reuse00_seed1,0,0.0,1.8427972230075877e-11,1.6416850031168368,3.0252925647969097e-11,0.0
2026-07-16_ttft_component_regression/phase1/input6000_rate2p5_reuse00_seed1,0,0.0,3.264138726295913e-10,1.2562769328576917,4.100662187493042e-10,0.0
2026-07-16_ttft_component_regression/phase1/input6000_rate2p5_reuse00_seed1,0,0.0,2.319186854243562e-09,0.9153548921451626,2.1228790328305947e-09,0.0
2026-07-16_ttft_component_regression/phase1/input6000_rate2p5_reuse00_seed1,1,0.038905,0.9992236514995972,0.5222001880023491,0.5217947786694834,0.5222001880023491
2026-07-16_ttft_component_regression/phase1/input6000_rate2p5_reuse00_seed1,1,0.377765,0.9991986284330042,1.370868430524331,1.3697698555420168,1.370868430524331
2026-07-16_ttft_component_regression/phase1/input6000_rate2p5_reuse00_seed1,1,0.003153,0.9990247360414392,0.7670390747809713,0.7662910092165296,0.7670390747809713
2026-07-16_ttft_component_regression/phase1/input6000_rate2p5_reuse00_seed1,0,0.0,4.578767456504579e-09,1.0067752535585581,4.609789767008072e-09,0.0
2026-07-16_ttft_component_regression/phase1/input6000_rate2p5_reuse00_seed1,1,0.001643,0.9976247890041241,0.9772193359704157,0.9748982338582362,0.9772193359704157
2026-07-16_ttft_component_regression/phase1/input6000_rate2p5_reuse00_seed1,0,0.0,0.0006448040129289382,0.5704850051499551,0.00036785102063647705,0.0
2026-07-16_ttft_component_regression/phase1/input6000_rate2p5_reuse00_seed1,1,4.049686,0.9990102808070126,2.7983460351734357,2.7955764583938043,2.7983460351734357
2026-07-16_ttft_component_regression/phase1/input6000_rate2p5_reuse00_seed1,0,0.0,0.00845510522699226,0.6649517379105995,0.005622236914905496,0.0
2026-07-16_ttft_component_regression/phase1/input6000_rate2p5_reuse00_seed1,1,0.425503,0.9984612803836544,2.815886370679826,2.8115535110838605,2.815886370679826
2026-07-16_ttft_component_regression/phase1/input6000_rate2p5_reuse00_seed1,0,0.0,2.9844098013323614e-07,1.6546474390559822,4.938146034868165e-07,0.0
2026-07-16_ttft_component_regression/phase1/input6000_rate2p5_reuse00_seed1,0,0.0,7.026247889603391e-06,2.041222958376042,1.4342138503499655e-05,0.0
2026-07-16_ttft_component_regression/phase1/input6000_rate2p5_reuse00_seed1,0,0.0,2.749915692675322e-09,2.6536088881122364,7.297200723642552e-09,0.0
2026-07-16_ttft_component_regression/phase1/input6000_rate2p5_reuse00_seed1,0,0.0,0.00010621522083666753,1.5530377550197183,0.00016495624811710175,0.0
2026-07-16_ttft_component_regression/phase1/input6000_rate2p5_reuse00_seed1,0,0.0,3.781037805217462e-08,2.5628465493130324,9.690219691923695e-08,0.0
2026-07-16_ttft_component_regression/phase1/input6000_rate2p5_reuse00_seed1,0,0.0,4.6151232247203385e-06,2.1455203316322944,9.901840711625884e-06,0.0
2026-07-16_ttft_component_regression/phase1/input6000_rate2p5_reuse00_seed1,0,0.0,3.9320778929764493e-07,2.295740178402939,9.027029203516006e-07,0.0
2026-07-16_ttft_component_regression/phase1/input6000_rate2p5_reuse00_seed1,0,0.0,6.634443494648107e-08,2.387164795064343,1.5837509945267614e-07,0.0
2026-07-16_ttft_component_regression/phase1/input6000_rate2p5_reuse00_seed1,0,0.0,8.298315237940519e-06,1.0019059777254191,8.314131641942539e-06,0.0
2026-07-16_ttft_component_regression/phase1/input6000_rate2p5_reuse00_seed1,1,4.229516,0.9980925807802553,1.884374790756339,1.880780498063248,1.884374790756339
2026-07-16_ttft_component_regression/phase1/input6000_rate2p5_reuse00_seed1,1,1.794409,0.9933223607102719,2.2420748057097666,2.2271030388966495,2.2420748057097666
2026-07-16_ttft_component_regression/phase1/input6000_rate2p5_reuse00_seed1,0,0.0,0.00021999085741719558,1.533374760690058,0.00033732842834609294,0.0
2026-07-16_ttft_component_regression/phase1/input6000_rate2p5_reuse00_seed1,0,0.0,0.001449039355282782,1.7847676006800013,0.002586198493418947,0.0
2026-07-16_ttft_component_regression/phase1/input6000_rate2p5_reuse00_seed1,1,3.398819,0.9991394220118612,2.2529236255991685,2.25098480911802,2.2529236255991685
2026-07-16_ttft_component_regression/phase1/input6000_rate2p5_reuse00_seed1,0,0.0,7.985797532207777e-10,4.170340567712973,3.330349541410824e-09,0.0
2026-07-16_ttft_component_regression/phase1/input6000_rate2p5_reuse00_seed1,0,0.0,5.197834583825672e-10,3.5347415638793147,1.8373001945617942e-09,0.0
2026-07-16_ttft_component_regression/phase1/input6000_rate2p5_reuse00_seed1,0,0.0,1.3793160695797683e-10,3.081122809483599,4.249842203469491e-10,0.0
2026-07-16_ttft_component_regression/phase1/input6000_rate2p5_reuse00_seed1,0,0.0,6.8882110654041235e-09,4.196723273565136,2.890791569141039e-08,0.0
2026-07-16_ttft_component_regression/phase1/input6000_rate2p5_reuse00_seed1,0,0.0,6.626123128209132e-08,3.995306398993545,2.647339213465307e-07,0.0
2026-07-16_ttft_component_regression/phase1/input6000_rate2p5_reuse00_seed1,0,0.0,2.5281240528019073e-06,2.7726288208407164,7.009549611459205e-06,0.0
2026-07-16_ttft_component_regression/phase1/input6000_rate2p5_reuse00_seed1,0,0.0,2.716859107118929e-10,1.2107236801134809,3.289365656520855e-10,0.0
2026-07-16_ttft_component_regression/phase1/input6000_rate2p5_reuse00_seed1,0,0.0,1.8821617448431698e-12,0.7615229521333103,1.4333093683253531e-12,0.0
2026-07-16_ttft_component_regression/phase1/input6000_rate2p5_reuse00_seed1,0,0.0,2.7350930521966303e-11,0.7587541354483534,2.0752631641902524e-11,0.0
2026-07-16_ttft_component_regression/phase1/input6000_rate2p5_reuse00_seed1,0,0.0,2.3859804396733124e-09,1.9618624945763639,4.680965537387894e-09,0.0
2026-07-16_ttft_component_regression/phase1/input6000_rate2p5_reuse00_seed1,0,0.0,9.904542387477954e-06,0.34132183850811687,3.3806366172755483e-06,0.0
2026-07-16_ttft_component_regression/phase1/input6000_rate2p5_reuse00_seed1,0,0.0,1.2157817599951881e-07,1.1008794858792927,1.3384291988849244e-07,0.0
2026-07-16_ttft_component_regression/phase1/input6000_rate2p5_reuse00_seed1,0,0.0,2.170861129437984e-06,0.744085810587431,1.615306963170608e-06,0.0
2026-07-16_ttft_component_regression/phase1/input6000_rate2p5_reuse00_seed1,0,0.0,6.5781394492724715e-09,1.979985141767751,1.302461837003579e-08,0.0
2026-07-16_ttft_component_regression/phase1/input6000_rate2p5_reuse00_seed1,0,0.0,5.5167683303168566e-08,0.9101846294961862,5.021277738745742e-08,0.0
2026-07-16_ttft_component_regression/phase1/input6000_rate2p5_reuse00_seed1,0,0.0,6.1646118629730595e-09,0.5644795234124204,3.4797971664335855e-09,0.0
2026-07-16_ttft_component_regression/phase1/input6000_rate2p5_reuse00_seed1,0,0.0,9.217050976181084e-07,0.5867460718102887,5.408068453949437e-07,0.0
2026-07-16_ttft_component_regression/phase1/input6000_rate2p5_reuse00_seed1,0,0.0,4.086545506138062e-09,2.502012713918063,1.0224588812362157e-08,0.0
2026-07-16_ttft_component_regression/phase1/input6000_rate2p5_reuse00_seed1,0,0.0,5.695517256094567e-08,1.8412637537015832,1.0486949482228823e-07,0.0
2026-07-16_ttft_component_regression/phase1/input6000_rate2p5_reuse00_seed1,0,0.0,3.350077838776262e-09,1.542636634075884,5.167952801102025e-09,0.0
2026-07-16_ttft_component_regression/phase1/input6000_rate2p5_reuse00_seed1,0,0.0,4.220676948202946e-07,1.8815427565512601,7.941384139634132e-07,0.0
2026-07-16_ttft_component_regression/phase1/input6000_rate2p5_reuse00_seed1,0,0.0,3.244050402703231e-10,2.694499618254842,8.741092571683322e-10,0.0
2026-07-16_ttft_component_regression/phase1/input6000_rate2p5_reuse00_seed1,0,0.0,6.66172487308385e-08,2.6675208997300413,1.7770290327202625e-07,0.0
2026-07-16_ttft_component_regression/phase1/input6000_rate2p5_reuse00_seed1,0,0.0,5.383240333146972e-06,2.017297801729244,1.085959889023759e-05,0.0
2026-07-16_ttft_component_regression/phase1/input6000_rate2p5_reuse00_seed1,0,0.0,0.013326797772203209,1.2623406881459778,0.016822959070545283,0.0
2026-07-16_ttft_component_regression/phase1/input6000_rate2p5_reuse00_seed1,0,0.0,0.0017097590532674735,1.4756659113106703,0.002523033151461615,0.0
2026-07-16_ttft_component_regression/phase1/input6000_rate2p5_reuse00_seed1,0,0.0,0.002634827318120658,1.4502387994216583,0.003821128806514691,0.0
2026-07-16_ttft_component_regression/phase1/input6000_rate2p5_reuse00_seed1,0,0.0,0.2761433170992407,3.3402200073255464,0.9223794326641265,0.0
2026-07-16_ttft_component_regression/phase1/input6000_rate2p5_reuse00_seed1,0,0.0,0.00012703474251139443,1.9258094508512176,0.0002446447077148943,0.0
2026-07-16_ttft_component_regression/phase1/input6000_rate2p5_reuse00_seed1,0,0.0,0.2969099326465951,3.651320224153275,1.0841132418244994,0.0
2026-07-16_ttft_component_regression/phase1/input6000_rate2p5_reuse00_seed1,0,0.0,9.037362932921682e-08,1.6039106007929116,1.4495122211326003e-07,0.0
2026-07-16_ttft_component_regression/phase1/input6000_rate2p5_reuse00_seed1,0,0.0,6.241360046121898e-08,2.015747899454664,1.258100840271048e-07,0.0
2026-07-16_ttft_component_regression/phase1/input6000_rate2p5_reuse00_seed1,0,0.0,1.2975597695764412e-06,1.8463691608983583,2.395774342968321e-06,0.0
2026-07-16_ttft_component_regression/phase1/input6000_rate2p5_reuse00_seed1,0,0.0,6.631555178948641e-11,4.1648637085347175,2.761952349594865e-10,0.0
2026-07-16_ttft_component_regression/phase1/input6000_rate2p5_reuse00_seed1,0,0.0,1.4790231100452517e-12,0.3900860547057437,5.769462898161713e-13,0.0
2026-07-16_ttft_component_regression/phase1/input6000_rate2p5_reuse00_seed1,0,0.0,1.9168637368575522e-10,2.045943799392146,3.9217954767033674e-10,0.0
2026-07-16_ttft_component_regression/phase1/input6000_rate2p5_reuse00_seed1,0,0.0,2.101056628733721e-11,0.7591348008807908,1.5949852054930388e-11,0.0
2026-07-16_ttft_component_regression/phase1/input6000_rate2p5_reuse00_seed1,0,0.0,3.2261847156960533e-10,1.9794827536736868,6.386177004885984e-10,0.0
2026-07-16_ttft_component_regression/phase1/input6000_rate2p5_reuse00_seed1,0,0.0,2.8201778904430424e-11,1.3292641397069414,3.7487613373603074e-11,0.0
2026-07-16_ttft_component_regression/phase1/input6000_rate2p5_reuse00_seed1,0,0.0,2.762190953627346e-12,0.22892274766745718,6.323283426865658e-13,0.0
2026-07-16_ttft_component_regression/phase1/input6000_rate2p5_reuse00_seed1,0,0.0,2.6925127460752753e-10,1.634064010502565,4.399738176181039e-10,0.0
2026-07-16_ttft_component_regression/phase1/input6000_rate2p5_reuse00_seed1,0,0.0,3.351866077712861e-09,1.7914513501573184,6.00470501046522e-09,0.0
2026-07-16_ttft_component_regression/phase1/input6000_rate2p5_reuse00_seed1,0,0.0,3.0089324053553625e-11,2.425370944270729,7.297777229223532e-11,0.0
2026-07-16_ttft_component_regression/phase1/input6000_rate2p5_reuse00_seed1,0,0.0,2.0788513143411625e-09,2.093218094491308,4.351489186935959e-09,0.0
2026-07-16_ttft_component_regression/phase1/input6000_rate2p5_reuse00_seed1,0,0.0,2.1866334198105128e-10,2.3241142486781485,5.08198588761744e-10,0.0
2026-07-16_ttft_component_regression/phase1/input6000_rate2p5_reuse00_seed1,0,0.0,7.555187764233176e-09,2.0130140050607497,1.5208698780264997e-08,0.0
2026-07-16_ttft_component_regression/phase1/input6000_rate2p5_reuse00_seed1,0,0.0,1.6975107612642315e-06,1.7113068070346065,2.9049617207659763e-06,0.0
2026-07-16_ttft_component_regression/phase1/input6000_rate2p5_reuse00_seed1,0,0.0,8.261068305371445e-09,2.3038744162772615,1.9032463919864225e-08,0.0
2026-07-16_ttft_component_regression/phase1/input6000_rate2p5_reuse00_seed1,0,0.0,4.648315473482351e-10,2.855479167933205,1.3273168000510426e-09,0.0
2026-07-16_ttft_component_regression/phase1/input6000_rate2p5_reuse00_seed1,0,0.0,2.6468640679864927e-07,2.757587901734815,7.298960331416149e-07,0.0
2026-07-16_ttft_component_regression/phase1/input6000_rate2p5_reuse00_seed1,0,0.0,1.4460687212991576e-05,2.004460716107048,2.8985879446353125e-05,0.0
2026-07-16_ttft_component_regression/phase1/input6000_rate2p5_reuse00_seed1,0,0.0,1.1062853217478178e-05,1.164211871786634,1.2879505051621057e-05,0.0
2026-07-16_ttft_component_regression/phase1/input6000_rate2p5_reuse00_seed1,0,0.0,1.2011856012846987e-05,2.4418721193153163,2.9331416299001098e-05,0.0
2026-07-16_ttft_component_regression/phase1/input6000_rate2p5_reuse00_seed1,0,0.0,8.346556657682303e-07,1.6597830456596865,1.3853473230059067e-06,0.0
2026-07-16_ttft_component_regression/phase1/input6000_rate2p5_reuse00_seed1,0,0.0,6.543156001883017e-08,2.063166906399361,1.3499622926493397e-07,0.0
2026-07-16_ttft_component_regression/phase1/input6000_rate2p5_reuse00_seed1,0,0.0,0.0028728077544443583,2.856478621124901,0.008206113933172143,0.0
2026-07-16_ttft_component_regression/phase1/input6000_rate2p5_reuse00_seed1,0,0.0,2.4134742626528234e-05,2.4361238825004645,5.879522291048742e-05,0.0
2026-07-16_ttft_component_regression/phase1/input6000_rate2p5_reuse00_seed1,0,0.0,1.0715961990894322e-06,3.803025062400649,4.075307201910386e-06,0.0
2026-07-16_ttft_component_regression/phase1/input6000_rate2p5_reuse00_seed1,0,0.0,0.0003641112076227226,3.088878878178508,0.0011246954185338972,0.0
2026-07-16_ttft_component_regression/phase1/input6000_rate2p5_reuse00_seed1,0,0.0,0.0018286549799071963,2.2772580502388275,0.004164319274102984,0.0
2026-07-16_ttft_component_regression/phase1/input6000_rate2p5_reuse00_seed1,0,0.0,0.0003659169238271917,2.6559615194188217,0.0009718612689891293,0.0
2026-07-16_ttft_component_regression/phase1/input6000_rate2p5_reuse00_seed1,0,0.0,0.002170423518069132,1.956962073156331,0.004247436507547827,0.0
2026-07-16_ttft_component_regression/phase1/input6000_rate2p5_reuse00_seed1,0,0.0,1.3541125471463016e-05,3.6769457898116853,4.9789984291607706e-05,0.0
2026-07-16_ttft_component_regression/phase1/input6000_rate2p5_reuse00_seed1,0,0.0,1.4838576477317623e-12,0.9674677653728525,1.4355844425824654e-12,0.0
2026-07-16_ttft_component_regression/phase1/input6000_rate2p5_reuse00_seed1,0,0.0,2.4860527189982167e-11,1.6309467781399167,4.054619672336121e-11,0.0
2026-07-16_ttft_component_regression/phase1/input6000_rate2p5_reuse00_seed1,0,0.0,3.695421603998755e-11,0.8525471747825745,3.150521248119628e-11,0.0
2026-07-16_ttft_component_regression/phase1/input6000_rate2p5_reuse00_seed1,0,0.0,5.767031444802876e-11,0.7293044117702373,4.205921475512424e-11,0.0
2026-07-16_ttft_component_regression/phase1/input6000_rate2p5_reuse00_seed1,0,0.0,6.112762335146122e-09,1.237891048002663,7.566933773245238e-09,0.0
2026-07-16_ttft_component_regression/phase1/input6000_rate2p5_reuse00_seed1,0,0.0,4.427844862543853e-10,1.4709132490867665,6.512975673216526e-10,0.0
2026-07-16_ttft_component_regression/phase1/input6000_rate2p5_reuse00_seed1,0,0.0,1.2946828945317045e-06,0.17389087146339466,2.2513353679886837e-07,0.0
2026-07-16_ttft_component_regression/phase1/input6000_rate2p5_reuse00_seed1,0,0.0,1.220257651440731e-07,2.0408838755970056,2.490404164899259e-07,0.0
2026-07-16_ttft_component_regression/phase1/input6000_rate2p5_reuse00_seed1,0,0.0,2.3289829222438216e-05,0.8975683417888992,2.0904213395730518e-05,0.0
2026-07-16_ttft_component_regression/phase1/input6000_rate2p5_reuse00_seed1,0,0.0,0.0008589824537801073,1.8122246295781257,0.0015566691591157645,0.0
2026-07-16_ttft_component_regression/phase1/input6000_rate2p5_reuse00_seed1,0,0.0,0.0007262413008294976,1.4204657156332756,0.0010316008691052133,0.0
2026-07-16_ttft_component_regression/phase1/input6000_rate2p5_reuse00_seed1,0,0.0,0.00012394631572657905,0.618795207920738,7.669738621103792e-05,0.0
2026-07-16_ttft_component_regression/phase1/input6000_rate2p5_reuse00_seed1,0,0.0,0.002539145559904158,1.9800200527391,0.0050275591254336826,0.0
2026-07-16_ttft_component_regression/phase1/input6000_rate2p5_reuse00_seed1,0,0.0,0.001267525959912144,1.3033870399316145,0.0016520769089263677,0.0
2026-07-16_ttft_component_regression/phase1/input6000_rate2p5_reuse00_seed1,0,0.0,8.349810066080926e-05,2.0355611828575504,0.0001699654925474757,0.0
2026-07-16_ttft_component_regression/phase1/input6000_rate2p5_reuse00_seed1,0,0.0,0.0008553225034793598,1.856499376532494,0.0015879056944436433,0.0
2026-07-16_ttft_component_regression/phase1/input6000_rate2p5_reuse00_seed1,0,0.0,9.14748356000453e-05,1.3883854693078865,0.00012700233255443066,0.0
2026-07-16_ttft_component_regression/phase1/input6000_rate2p5_reuse00_seed1,0,0.0,4.5087570407790777e-07,2.1227606504452012,9.571012028583576e-07,0.0
2026-07-16_ttft_component_regression/phase1/input6000_rate2p5_reuse00_seed1,0,0.0,7.854260651563327e-07,2.2219393926167412,1.745169114158819e-06,0.0
2026-07-16_ttft_component_regression/phase1/input6000_rate2p5_reuse00_seed1,0,0.0,8.968928108471692e-08,0.5449410291500951,4.88753691380378e-08,0.0
2026-07-16_ttft_component_regression/phase1/input6000_rate2p5_reuse00_seed1,0,0.0,2.088546778283936e-07,2.565000721066775,5.357123992279986e-07,0.0
2026-07-16_ttft_component_regression/phase1/input6000_rate2p5_reuse00_seed1,0,0.0,1.664461373106179e-05,1.78242890516267,2.966784062951201e-05,0.0
2026-07-16_ttft_component_regression/phase1/input6000_rate2p5_reuse00_seed1,0,0.0,2.4750135510538918e-06,2.1593384617007394,5.344391954021195e-06,0.0
2026-07-16_ttft_component_regression/phase1/input6000_rate2p5_reuse00_seed1,0,0.0,9.708550791023075e-07,1.1508831077805293,1.1173407106417752e-06,0.0
2026-07-16_ttft_component_regression/phase1/input6000_rate2p5_reuse00_seed1,0,0.0,8.594877357707641e-07,1.7940498486115655,1.5419638422430363e-06,0.0
2026-07-16_ttft_component_regression/phase1/input6000_rate2p5_reuse00_seed1,0,0.0,1.3713071783035003e-06,1.628509202931296,2.233186359912998e-06,0.0
2026-07-16_ttft_component_regression/phase1/input6000_rate2p5_reuse00_seed1,0,0.0,1.920371952840727e-06,4.090236954915056,7.854776328691536e-06,0.0
2026-07-16_ttft_component_regression/phase1/input6000_rate2p5_reuse00_seed1,0,0.0,1.1676556433395526e-06,2.775817997231238,3.2411995493505496e-06,0.0
2026-07-16_ttft_component_regression/phase1/input6000_rate2p5_reuse00_seed1,0,0.0,9.317680330149227e-08,4.658459419045091,4.340603569763484e-07,0.0
2026-07-16_ttft_component_regression/phase1/input6000_rate2p5_reuse00_seed1,0,0.0,6.462163723388776e-09,3.5145173501557774,2.2711386525397115e-08,0.0
2026-07-16_ttft_component_regression/phase1/input6000_rate2p5_reuse00_seed1,0,0.0,9.223610489458772e-13,0.8116679818795188,7.486509311621763e-13,0.0
2026-07-16_ttft_component_regression/phase1/input6000_rate2p5_reuse00_seed1,0,0.0,1.9677457123540894e-11,1.6389131972622646,3.224964416833353e-11,0.0
2026-07-16_ttft_component_regression/phase1/input6000_rate2p5_reuse00_seed1,0,0.0,3.367481739449072e-11,1.5367806927819803,5.175080920481213e-11,0.0
2026-07-16_ttft_component_regression/phase1/input6000_rate2p5_reuse00_seed1,0,0.0,2.710590453642752e-12,0.7298877670432751,1.978426813578126e-12,0.0
2026-07-16_ttft_component_regression/phase1/input6000_rate2p5_reuse00_seed1,0,0.0,5.914477714165431e-10,0.7824540036239005,4.627806766793077e-10,0.0
2026-07-16_ttft_component_regression/phase1/input6000_rate2p5_reuse00_seed1,0,0.0,2.745804769992341e-09,0.8020829074227305,2.2023630731306586e-09,0.0
2026-07-16_ttft_component_regression/phase1/input6000_rate2p5_reuse00_seed1,0,0.0,5.12419626747961e-07,1.407767122496243,7.213675034575759e-07,0.0
2026-07-16_ttft_component_regression/phase1/input6000_rate2p5_reuse00_seed1,0,0.0,3.835688291048817e-08,1.520428981095497,5.8318916401592807e-08,0.0
2026-07-16_ttft_component_regression/phase1/input6000_rate2p5_reuse00_seed1,0,0.0,2.671651761774764e-07,2.1292056839500932,5.688496116706107e-07,0.0
2026-07-16_ttft_component_regression/phase1/input6000_rate2p5_reuse00_seed1,0,0.0,3.043509809426737e-08,2.1385560424427155,6.508716293183226e-08,0.0
2026-07-16_ttft_component_regression/phase1/input6000_rate2p5_reuse00_seed1,0,0.0,5.236418785095557e-07,1.4206769056701432,7.439259236402566e-07,0.0
2026-07-16_ttft_component_regression/phase1/input6000_rate2p5_reuse00_seed1,0,0.0,2.8275808062496967e-09,2.345344272105571,6.631650447853378e-09,0.0
2026-07-16_ttft_component_regression/phase1/input6000_rate2p5_reuse00_seed1,0,0.0,4.047918763181956e-08,2.5919095757720214,1.049183940423855e-07,0.0
2026-07-16_ttft_component_regression/phase1/input6000_rate2p5_reuse00_seed1,0,0.0,3.5838601911541724e-09,2.3060151994515743,8.264436073510946e-09,0.0
2026-07-16_ttft_component_regression/phase1/input6000_rate2p5_reuse00_seed1,0,0.0,7.716397351584014e-10,2.3531217148342485,1.8157622168301828e-09,0.0
2026-07-16_ttft_component_regression/phase1/input6000_rate2p5_reuse00_seed1,0,0.0,1.0942305132795433e-08,1.8447048658233967,2.0185323521792064e-08,0.0
2026-07-16_ttft_component_regression/phase1/input6000_rate2p5_reuse00_seed1,0,0.0,7.444153146550627e-08,2.074768711911254,1.5444896035138955e-07,0.0
2026-07-16_ttft_component_regression/phase1/input6000_rate2p5_reuse00_seed1,0,0.0,7.04114760990855e-08,2.2584509700148563,1.5902086649615754e-07,0.0
2026-07-16_ttft_component_regression/phase1/input6000_rate2p5_reuse00_seed1,0,0.0,3.60875045841485e-11,3.0588392410972136,1.1038587513526902e-10,0.0
2026-07-16_ttft_component_regression/phase1/input6000_rate2p5_reuse00_seed1,0,0.0,4.415027827918404e-10,1.7388083255794335,7.676887144849403e-10,0.0
2026-07-16_ttft_component_regression/phase1/input6000_rate2p5_reuse00_seed1,0,0.0,6.11521108570829e-09,2.8219998097598586,1.7257124520510174e-08,0.0
2026-07-16_ttft_component_regression/phase1/input6000_rate2p5_reuse00_seed1,0,0.0,8.096595563586476e-10,4.3237059514411955,3.500729842469123e-09,0.0
2026-07-16_ttft_component_regression/phase1/input6000_rate2p5_reuse00_seed1,0,0.0,5.5435937613514835e-08,4.082805690822634,2.263341615645469e-07,0.0
2026-07-16_ttft_component_regression/phase1/input6000_rate2p5_reuse00_seed1,0,0.0,1.5072423541032373e-06,3.587755913624532,5.40761766919925e-06,0.0
2026-07-16_ttft_component_regression/phase1/input6000_rate2p5_reuse00_seed1,0,0.0,0.00015543763178456707,3.242210658475276,0.0005039615465000787,0.0
2026-07-16_ttft_component_regression/phase1/input6000_rate2p5_reuse00_seed1,0,0.0,9.517789759103628e-06,3.7876588444262427,3.6050140560458376e-05,0.0
2026-07-16_ttft_component_regression/phase1/input6000_rate2p5_reuse00_seed1,0,0.0,2.3370138062511106e-10,0.7774168981163335,1.8168340241107844e-10,0.0
2026-07-16_ttft_component_regression/phase1/input6000_rate2p5_reuse00_seed1,0,0.0,1.2084089852051711e-11,0.937518964437073,1.1329063404260063e-11,0.0
2026-07-16_ttft_component_regression/phase1/input6000_rate2p5_reuse00_seed1,0,0.0,1.2449782833563763e-12,0.8263218372665398,1.0287527424599838e-12,0.0
2026-07-16_ttft_component_regression/phase1/input6000_rate2p5_reuse00_seed1,0,0.0,3.5527633737532347e-12,0.881725532050148,3.1325621759708497e-12,0.0
2026-07-16_ttft_component_regression/phase1/input6000_rate2p5_reuse00_seed1,0,0.0,1.631907823583708e-12,0.7633321396124884,1.245687690626511e-12,0.0
2026-07-16_ttft_component_regression/phase1/input6000_rate2p5_reuse00_seed1,0,0.0,2.015533548145194e-11,1.3994791039200565,2.8206970838790478e-11,0.0
2026-07-16_ttft_component_regression/phase1/input6000_rate2p5_reuse00_seed1,0,0.0,3.285555905052246e-09,1.9813290992901194,6.509767522024499e-09,0.0
2026-07-16_ttft_component_regression/phase1/input6000_rate2p5_reuse00_seed1,0,0.0,2.1508488978457225e-10,1.9737613874119628,4.2452625047254644e-10,0.0
2026-07-16_ttft_component_regression/phase1/input6000_rate2p5_reuse00_seed1,1,2.71922,0.9971961569673553,3.234925252091871,3.2258550294626667,3.234925252091871
2026-07-16_ttft_component_regression/phase1/input6000_rate2p5_reuse00_seed1,0,0.0,2.4731142219671406e-07,1.9467917689120458,4.814638410904948e-07,0.0
2026-07-16_ttft_component_regression/phase1/input6000_rate2p5_reuse00_seed1,0,0.0,7.191969635191858e-05,1.0360763409564604,7.45142958389955e-05,0.0
2026-07-16_ttft_component_regression/phase1/input6000_rate2p5_reuse00_seed1,0,0.0,5.162485387033642e-06,1.7438409468887233,9.002553405623943e-06,0.0
2026-07-16_ttft_component_regression/phase1/input6000_rate2p5_reuse00_seed1,0,0.0,1.7489808728577185e-12,1.0237010884198317,1.7904336231699137e-12,0.0
2026-07-16_ttft_component_regression/phase1/input6000_rate2p5_reuse00_seed1,0,0.0,3.438843282605309e-11,1.3886860059809674,4.775473543315646e-11,0.0
2026-07-16_ttft_component_regression/phase1/input6000_rate2p5_reuse00_seed1,0,0.0,1.5136937849788678e-09,1.4637552061423953,2.2156771582682053e-09,0.0
2026-07-16_ttft_component_regression/phase1/input6000_rate2p5_reuse00_seed1,0,0.0,1.0550088499369674e-08,2.2014434824004754,2.322542356568558e-08,0.0
2026-07-16_ttft_component_regression/phase1/input6000_rate2p5_reuse00_seed1,0,0.0,1.5194726414621267e-07,2.2867660883802645,3.4746785087171756e-07,0.0
2026-07-16_ttft_component_regression/phase1/input6000_rate2p5_reuse00_seed1,0,0.0,5.698410651958186e-07,1.983399907286223,1.1302227158772692e-06,0.0
2026-07-16_ttft_component_regression/phase1/input6000_rate2p5_reuse00_seed1,0,0.0,7.924856099811397e-06,1.4083238454711202,1.116076381729165e-05,0.0
2026-07-16_ttft_component_regression/phase1/input6000_rate2p5_reuse00_seed1,0,0.0,6.6887032988316855e-06,1.0169534579103139,6.802099948683006e-06,0.0
2026-07-16_ttft_component_regression/phase1/input6000_rate2p5_reuse00_seed1,0,0.0,8.798787361540714e-10,4.014944191359961,3.5326640208229324e-09,0.0
2026-07-16_ttft_component_regression/phase1/input6000_rate2p5_reuse00_seed1,0,0.0,5.429019176235454e-10,2.857390763520584,1.5512829249151316e-09,0.0
2026-07-16_ttft_component_regression/phase1/input6000_rate2p5_reuse00_seed1,0,0.0,5.867980416255312e-10,3.8561906403902926,2.262805115915727e-09,0.0
2026-07-16_ttft_component_regression/phase1/input6000_rate2p5_reuse00_seed1,0,0.0,1.1544441287099907e-08,3.2351358998416893,3.734783645151151e-08,0.0
2026-07-16_ttft_component_regression/phase1/input6000_rate2p5_reuse00_seed1,0,0.0,5.257894387256874e-08,3.652707828517243,1.9205551989850059e-07,0.0
2026-07-16_ttft_component_regression/phase1/input6000_rate2p5_reuse00_seed1,0,0.0,1.4973307498020545e-12,0.9700343796652381,1.4524623050379217e-12,0.0
2026-07-16_ttft_component_regression/phase1/input6000_rate2p5_reuse00_seed1,0,0.0,4.42323847139552e-12,0.5098695216717244,2.255274483650403e-12,0.0
2026-07-16_ttft_component_regression/phase1/input6000_rate2p5_reuse00_seed1,0,0.0,4.562524594033311e-09,1.9274370556720317,8.793978969954798e-09,0.0
2026-07-16_ttft_component_regression/phase1/input6000_rate2p5_reuse00_seed1,0,0.0,2.7355205647854084e-10,0.7410845251940681,2.0272519589126034e-10,0.0
2026-07-16_ttft_component_regression/phase1/input6000_rate2p5_reuse00_seed1,0,0.0,9.214615951882329e-08,1.204465800419808,1.1098689778045081e-07,0.0
2026-07-16_ttft_component_regression/phase1/input6000_rate2p5_reuse00_seed1,0,0.0,5.4834621077576576e-11,1.0674319289659449,5.853222535095423e-11,0.0
2026-07-16_ttft_component_regression/phase1/input6000_rate2p5_reuse00_seed1,0,0.0,4.6563418856189436e-07,0.6134834573009964,2.85658871836495e-07,0.0
2026-07-16_ttft_component_regression/phase1/input6000_rate2p5_reuse00_seed1,0,0.0,5.990201652047765e-06,0.8433026360258853,5.0515528434984935e-06,0.0
2026-07-16_ttft_component_regression/phase1/input6000_rate2p5_reuse00_seed1,0,0.0,1.1374142623532748e-07,0.8070252058933842,9.179219792617234e-08,0.0
2026-07-16_ttft_component_regression/phase1/input6000_rate2p5_reuse00_seed1,0,0.0,6.238721818263628e-05,1.2896757058256363,8.04592796441894e-05,0.0
2026-07-16_ttft_component_regression/phase1/input6000_rate2p5_reuse00_seed1,0,0.0,0.009274510670284293,1.7554322550163264,0.016280775180110136,0.0
2026-07-16_ttft_component_regression/phase1/input6000_rate2p5_reuse00_seed1,0,0.0,0.0012080921586992953,1.3465304146816337,0.001626732835426992,0.0
2026-07-16_ttft_component_regression/phase1/input6000_rate2p5_reuse00_seed1,0,0.0,0.18995054062943234,4.054229795086727,0.7701031414126766,0.0
2026-07-16_ttft_component_regression/phase1/input6000_rate2p5_reuse00_seed1,0,0.0,0.0007523889129521092,1.5203552905712199,0.0011438984643738683,0.0
2026-07-16_ttft_component_regression/phase1/input6000_rate2p5_reuse00_seed1,0,0.0,4.692434859071e-05,1.6200715547940754,7.602080237905073e-05,0.0
2026-07-16_ttft_component_regression/phase1/input6000_rate2p5_reuse00_seed1,0,0.0,4.039513732819469e-05,1.7516093794570098,7.07565014285198e-05,0.0
2026-07-16_ttft_component_regression/phase1/input6000_rate2p5_reuse00_seed1,0,0.0,0.014241742285109157,1.69831642088901,0.024186984784870254,0.0
2026-07-16_ttft_component_regression/phase1/input6000_rate2p5_reuse00_seed1,0,0.0,5.258745376543094e-05,1.694504780640175,8.91096918072169e-05,0.0
2026-07-16_ttft_component_regression/phase1/input6000_rate2p5_reuse00_seed1,0,0.0,6.245302420018643e-05,1.7670263823285317,0.00011035614141793167,0.0
2026-07-16_ttft_component_regression/phase1/input6000_rate2p5_reuse00_seed1,0,0.0,0.0011860687712880937,1.9509604788087267,0.0023139732979322973,0.0
2026-07-16_ttft_component_regression/phase1/input6000_rate2p5_reuse00_seed1,0,0.0,0.00017554929350412765,1.1205690450089478,0.0001967151041739158,0.0
2026-07-16_ttft_component_regression/phase1/input6000_rate2p5_reuse00_seed1,0,0.0,0.00018877581531352887,1.8366713874807257,0.0003467191386347043,0.0
2026-07-16_ttft_component_regression/phase1/input6000_rate2p5_reuse00_seed1,0,0.0,2.2959620163379656e-05,2.274796824327961,5.222847103543226e-05,0.0
2026-07-16_ttft_component_regression/phase1/input6000_rate2p5_reuse00_seed1,0,0.0,5.082858311297036e-09,1.5916476688674595,8.090119582359518e-09,0.0
2026-07-16_ttft_component_regression/phase1/input6000_rate2p5_reuse00_seed1,0,0.0,6.601413662619018e-08,1.7876821415601243,1.1801229313715029e-07,0.0
2026-07-16_ttft_component_regression/phase1/input6000_rate2p5_reuse00_seed1,0,0.0,1.0722179756923903e-06,1.493249342729372,1.6010887874652797e-06,0.0
2026-07-16_ttft_component_regression/phase1/input6000_rate2p5_reuse00_seed1,0,0.0,4.6065744663674976e-10,4.2097009964675,1.9392301121369e-09,0.0
2026-07-16_ttft_component_regression/phase1/input6000_rate2p5_reuse00_seed1,0,0.0,5.866288454405949e-11,4.137931808521934,2.427430159345135e-10,0.0
2026-07-16_ttft_component_regression/phase1/input6000_rate2p5_reuse00_seed1,0,0.0,5.710792606032459e-10,2.4274827762033078,1.3862850689612997e-09,0.0
2026-07-16_ttft_component_regression/phase1/input6000_rate2p5_reuse00_seed1,0,0.0,1.005799932746303e-12,0.8216963957517615,8.264621795850013e-13,0.0
2026-07-16_ttft_component_regression/phase1/input6000_rate2p5_reuse00_seed1,0,0.0,8.813747502331803e-12,1.543718528609489,1.3605945325835208e-11,0.0
2026-07-16_ttft_component_regression/phase1/input6000_rate2p5_reuse00_seed1,0,0.0,1.6392916934195197e-09,2.0266903446702864,3.3223366471515437e-09,0.0
2026-07-16_ttft_component_regression/phase1/input6000_rate2p5_reuse00_seed1,0,0.0,2.1120033671684787e-10,2.1104186333781114,4.4572112598296704e-10,0.0
2026-07-16_ttft_component_regression/phase1/input6000_rate2p5_reuse00_seed1,0,0.0,6.302320170072893e-09,1.0298258647565897,6.490292319118214e-09,0.0
2026-07-16_ttft_component_regression/phase1/input6000_rate2p5_reuse00_seed1,0,0.0,1.1707505026744184e-12,0.7943593667202001,9.29996627891807e-13,0.0
2026-07-16_ttft_component_regression/phase1/input6000_rate2p5_reuse00_seed1,0,0.0,1.8161627074561838e-11,1.4562253096893245,2.6447421011115835e-11,0.0
2026-07-16_ttft_component_regression/phase1/input6000_rate2p5_reuse00_seed1,0,0.0,1.0174899651925955e-06,1.8849754536021803,1.9179436086745793e-06,0.0
2026-07-16_ttft_component_regression/phase1/input6000_rate2p5_reuse00_seed1,0,0.0,2.1420112350619799e-10,1.9778908329795395,4.2366643859682717e-10,0.0
2026-07-16_ttft_component_regression/phase1/input6000_rate2p5_reuse00_seed1,0,0.0,4.175284046330629e-09,2.098105638884112,8.760187001549166e-09,0.0
2026-07-16_ttft_component_regression/phase1/input6000_rate2p5_reuse00_seed1,0,0.0,7.155034214223181e-08,2.164420709022824,1.54865042270315e-07,0.0
2026-07-16_ttft_component_regression/phase1/input6000_rate2p5_reuse00_seed1,0,0.0,3.4941942916398426e-07,1.5720741757665293,5.493132610997818e-07,0.0
2026-07-16_ttft_component_regression/phase1/input6000_rate2p5_reuse00_seed1,0,0.0,2.6947895326805136e-06,1.9047143042331882,5.132804169794443e-06,0.0
2026-07-16_ttft_component_regression/phase1/input6000_rate2p5_reuse00_seed1,0,0.0,3.6136742894567004e-07,2.030972098815109,7.339271656092073e-07,0.0
2026-07-16_ttft_component_regression/phase1/input6000_rate2p5_reuse00_seed1,0,0.0,3.5057956129209742e-09,1.6279249100946764,5.707172007974688e-09,0.0
2026-07-16_ttft_component_regression/phase1/input6000_rate2p5_reuse00_seed1,0,0.0,5.472707325924546e-08,2.5267699456174535,1.3828272392306606e-07,0.0
2026-07-16_ttft_component_regression/phase1/input6000_rate2p5_reuse00_seed1,0,0.0,3.1669582042158226e-11,2.909043421998589,9.212818931718503e-11,0.0
2026-07-16_ttft_component_regression/phase1/input6000_rate2p5_reuse00_seed1,0,0.0,3.0765668612138738e-12,2.102818288453065,6.4694610614091766e-12,0.0
2026-07-16_ttft_component_regression/phase1/input6000_rate2p5_reuse00_seed1,0,0.0,3.755072841615175e-10,2.317602668117386,8.702766836702463e-10,0.0
2026-07-16_ttft_component_regression/phase1/input6000_rate2p5_reuse00_seed1,0,0.0,3.6412881756691505e-10,3.2485341280616935,1.182884890876874e-09,0.0
2026-07-16_ttft_component_regression/phase1/input6000_rate2p5_reuse00_seed1,0,0.0,3.0323990606235167e-09,3.579612779555939,1.0854814430121364e-08,0.0
2026-07-16_ttft_component_regression/phase1/input6000_rate2p5_reuse00_seed1,0,0.0,3.479860949835571e-11,2.829942326089578,9.847805790845964e-11,0.0
2026-07-16_ttft_component_regression/phase1/input6000_rate2p5_reuse00_seed1,0,0.0,1.8078318602002253e-12,0.5613217513952558,1.0147753459957335e-12,0.0
2026-07-16_ttft_component_regression/phase1/input6000_rate2p5_reuse00_seed1,0,0.0,1.719110349182445e-11,0.5956211721339163,1.0239385212075939e-11,0.0
2026-07-16_ttft_component_regression/phase1/input6000_rate2p5_reuse00_seed1,0,0.0,2.0437357766955843e-10,1.684964229504624,3.44362167829091e-10,0.0
2026-07-16_ttft_component_regression/phase1/input6000_rate2p5_reuse00_seed1,0,0.0,8.872135317601167e-11,1.1127199407845871,9.872201885234015e-11,0.0
2026-07-16_ttft_component_regression/phase1/input6000_rate2p5_reuse00_seed1,0,0.0,4.0065246502366494e-10,0.8599949395766319,3.4455909244925535e-10,0.0
2026-07-16_ttft_component_regression/phase1/input6000_rate2p5_reuse00_seed1,0,0.0,5.134376554888024e-10,0.9516667942301597,4.886215676360776e-10,0.0
2026-07-16_ttft_component_regression/phase1/input6000_rate2p5_reuse00_seed1,0,0.0,1.6778718442716908e-08,0.7163328201054686,1.2019146699827039e-08,0.0
2026-07-16_ttft_component_regression/phase1/input6000_rate2p5_reuse00_seed1,0,0.0,9.947290619241993e-08,0.961440551140775,9.563728575321482e-08,0.0
2026-07-16_ttft_component_regression/phase1/input6000_rate2p5_reuse00_seed1,0,0.0,2.0183975441468637e-06,0.27221496001594647,5.49438006776223e-07,0.0
2026-07-16_ttft_component_regression/phase1/input6000_rate2p5_reuse00_seed1,0,0.0,5.791099010038974e-10,1.4800224706059217,8.570956664361389e-10,0.0
2026-07-16_ttft_component_regression/phase1/input6000_rate2p5_reuse00_seed1,0,0.0,2.3801730383351677e-11,1.4755212835290068,3.5119959765454424e-11,0.0
2026-07-16_ttft_component_regression/phase1/input6000_rate2p5_reuse00_seed1,0,0.0,4.5982870145653044e-10,1.8073133072123748,8.310545311805737e-10,0.0
2026-07-16_ttft_component_regression/phase1/input6000_rate2p5_reuse00_seed1,0,0.0,5.31559744241401e-08,1.9519015473973549,1.0375522873189328e-07,0.0
2026-07-16_ttft_component_regression/phase1/input6000_rate2p5_reuse00_seed1,0,0.0,4.129356115115088e-09,2.447739170727302,1.0107586712849519e-08,0.0
2026-07-16_ttft_component_regression/phase1/input6000_rate2p5_reuse00_seed1,0,0.0,4.1476111550611636e-09,2.4906118692423003,1.0330089571797101e-08,0.0
2026-07-16_ttft_component_regression/phase1/input6000_rate2p5_reuse00_seed1,0,0.0,7.235668730557271e-07,1.3273401574288253,9.604193671920717e-07,0.0
2026-07-16_ttft_component_regression/phase1/input6000_rate2p5_reuse00_seed1,0,0.0,6.923463561042042e-07,2.234278115863623,1.5468943120415462e-06,0.0
2026-07-16_ttft_component_regression/phase1/input6000_rate2p5_reuse00_seed1,0,0.0,1.5853650177202095e-05,1.2193831569724805,1.9331674002614014e-05,0.0
2026-07-16_ttft_component_regression/phase1/input6000_rate2p5_reuse00_seed1,0,0.0,0.0004993991160953613,2.0193567360035063,0.0010084649690413649,0.0
2026-07-16_ttft_component_regression/phase1/input6000_rate2p5_reuse00_seed1,0,0.0,0.01824343902810014,1.6440240735557015,0.02999265294664226,0.0
2026-07-16_ttft_component_regression/phase1/input6000_rate2p5_reuse00_seed1,0,0.0,0.0031615492192419202,1.8723900165552336,0.005919653194956565,0.0
2026-07-16_ttft_component_regression/phase1/input6000_rate2p5_reuse00_seed1,0,0.0,0.057415044529741804,1.6270660972121398,0.09341807242426821,0.0
2026-07-16_ttft_component_regression/phase1/input6000_rate2p5_reuse00_seed1,0,0.0,0.33578915519655234,7.942235253755386,2.6669164662307963,0.0
2026-07-16_ttft_component_regression/phase1/input6000_rate2p5_reuse00_seed1,0,0.0,0.024026742781302565,1.3510687686429577,0.032461781784035526,0.0
2026-07-16_ttft_component_regression/phase1/input6000_rate2p5_reuse00_seed1,0,0.0,9.93577368107157e-05,1.1668501231666195,0.00011593558743514018,0.0
2026-07-16_ttft_component_regression/phase1/input6000_rate2p5_reuse00_seed1,0,0.0,0.0028950424911852205,0.6859885673812092,0.0019859660510358765,0.0
2026-07-16_ttft_component_regression/phase1/input6000_rate2p5_reuse00_seed1,0,0.0,0.2247340722339846,7.84654149528224,1.7633852231877165,0.0
2026-07-16_ttft_component_regression/phase1/input6000_rate2p5_reuse00_seed1,0,0.0,0.025325733500281417,3.0405117455055484,0.077003190171149,0.0
2026-07-16_ttft_component_regression/phase1/input6000_rate2p5_reuse00_seed1,0,0.0,0.003020335934689869,1.2168667153576398,0.003675346268122708,0.0
2026-07-16_ttft_component_regression/phase1/input6000_rate2p5_reuse00_seed1,0,0.0,0.02175452473353019,2.9404589950288527,0.0639682879352865,0.0
2026-07-16_ttft_component_regression/phase1/input6000_rate2p5_reuse00_seed1,0,0.0,0.387412384186159,8.915949924686952,3.454149417607377,0.0
2026-07-16_ttft_component_regression/phase1/input6000_rate2p5_reuse00_seed1,0,0.0,0.23769566307148882,9.321379444400844,2.2156514677778043,0.0
2026-07-16_ttft_component_regression/phase1/input6000_rate2p5_reuse00_seed1,0,0.0,0.025663469574838064,2.987299720754064,0.07666447549449416,0.0
2026-07-16_ttft_component_regression/phase1/input6000_rate2p5_reuse00_seed1,0,0.0,0.02841615855307004,3.1539907902665414,0.08962430237113672,0.0
2026-07-16_ttft_component_regression/phase1/input6000_rate2p5_reuse00_seed1,0,0.0,1.5160758158764018e-12,0.7282644486150135,1.1041041181077844e-12,0.0
2026-07-16_ttft_component_regression/phase1/input6000_rate2p5_reuse00_seed1,0,0.0,4.0064500429969533e-10,0.7549082973244888,3.024502380274455e-10,0.0
2026-07-16_ttft_component_regression/phase1/input6000_rate2p5_reuse00_seed1,0,0.0,5.8180367636164025e-11,0.8155293875192455,4.744779958396538e-11,0.0
2026-07-16_ttft_component_regression/phase1/input6000_rate2p5_reuse00_seed1,0,0.0,4.662246348924707e-09,0.9340286256454016,4.3546715497064356e-09,0.0
2026-07-16_ttft_component_regression/phase1/input6000_rate2p5_reuse00_seed1,0,0.0,8.548521685861235e-08,1.8215818731774966,1.557183214542956e-07,0.0
2026-07-16_ttft_component_regression/phase1/input6000_rate2p5_reuse00_seed1,0,0.0,4.030941658472895e-06,1.706906120721449,6.880438989118453e-06,0.0
2026-07-16_ttft_component_regression/phase1/input6000_rate2p5_reuse00_seed1,0,0.0,0.3575851262518591,3.705931283139353,1.3251859057620998,0.0
2026-07-16_ttft_component_regression/phase1/input6000_rate2p5_reuse00_seed1,0,0.0,8.94974319018729e-07,1.583990497904521,1.4176308171942362e-06,0.0
2026-07-16_ttft_component_regression/phase1/input6000_rate2p5_reuse00_seed1,0,0.0,0.002865751077041775,0.5919972201801827,0.0016965166713370956,0.0
2026-07-16_ttft_component_regression/phase1/input6000_rate2p5_reuse00_seed1,0,0.0,0.24223492588548576,3.788206772233963,0.9176359867109893,0.0
2026-07-16_ttft_component_regression/phase1/input6000_rate2p5_reuse00_seed1,0,0.0,0.04624247957323941,0.664091969674336,0.03070925934241781,0.0
2026-07-16_ttft_component_regression/phase1/input6000_rate2p5_reuse00_seed1,0,0.0,0.00018544354411286377,0.5715455905856499,0.00010598943994028275,0.0
2026-07-16_ttft_component_regression/phase1/input6000_rate2p5_reuse00_seed1,0,0.0,0.2774866579682571,3.2728094839465345,0.9081609658671401,0.0
2026-07-16_ttft_component_regression/phase1/input6000_rate2p5_reuse00_seed1,0,0.0,0.28385688471878134,5.775108474883594,1.6393043005934895,0.0
2026-07-16_ttft_component_regression/phase1/input6000_rate2p5_reuse00_seed1,0,0.0,0.2867011822254599,3.1235497108474255,0.8955253948399504,0.0
2026-07-16_ttft_component_regression/phase1/input6000_rate2p5_reuse00_seed1,0,0.0,0.00014082425065167488,0.41451546401931316,5.8373829604051076e-05,0.0
2026-07-16_ttft_component_regression/phase1/input6000_rate2p5_reuse00_seed1,0,0.0,1.0608703957756992e-06,1.8224265436180525,1.933358368600223e-06,0.0
2026-07-16_ttft_component_regression/phase1/input6000_rate2p5_reuse00_seed1,0,0.0,3.9528369745214045e-10,1.983073092243461,7.838764642198449e-10,0.0
2026-07-16_ttft_component_regression/phase1/input6000_rate2p5_reuse00_seed1,0,0.0,6.803325988167714e-09,1.5557317649102003,1.058415034683159e-08,0.0
2026-07-16_ttft_component_regression/phase1/input6000_rate2p5_reuse00_seed1,0,0.0,7.808908323536399e-08,2.1899477073512554,1.7101100880044672e-07,0.0
2026-07-16_ttft_component_regression/phase1/input6000_rate2p5_reuse00_seed1,0,0.0,7.29139630737642e-08,2.5125279612217324,1.8319837098632142e-07,0.0
2026-07-16_ttft_component_regression/phase1/input6000_rate2p5_reuse00_seed1,0,0.0,0.00016794896037353177,1.802325608186598,0.0003026987121495325,0.0
2026-07-16_ttft_component_regression/phase1/input6000_rate2p5_reuse00_seed1,0,0.0,2.055178986540082e-06,2.311829074483477,4.751222534350848e-06,0.0
2026-07-16_ttft_component_regression/phase1/input6000_rate2p5_reuse00_seed1,0,0.0,1.0883419374808212e-05,2.213114133290931,2.4086249236920405e-05,0.0
2026-07-16_ttft_component_regression/phase1/input6000_rate2p5_reuse00_seed1,0,0.0,0.0026220331273315097,1.7001900793129794,0.0044579547107190184,0.0
2026-07-16_ttft_component_regression/phase1/input6000_rate2p5_reuse00_seed1,0,0.0,1.048903045092224e-06,2.3799948658962697,2.4963838621424566e-06,0.0
2026-07-16_ttft_component_regression/phase1/input6000_rate2p5_reuse00_seed1,0,0.0,0.06186918756263514,1.7861309201474769,0.11050646891002633,0.0
2026-07-16_ttft_component_regression/phase1/input6000_rate2p5_reuse00_seed1,0,0.0,0.5035568784290669,7.354421157030634,3.703369360487033,7.354421157030634
2026-07-16_ttft_component_regression/phase1/input6000_rate2p5_reuse00_seed1,0,0.0,0.0002757978288291854,1.4715642186550433,0.00040585421648777755,0.0
2026-07-16_ttft_component_regression/phase1/input6000_rate2p5_reuse00_seed1,0,0.0,0.004826539321695014,1.79138909716307,0.008646209917913287,0.0
2026-07-16_ttft_component_regression/phase1/input6000_rate2p5_reuse00_seed1,0,0.0,0.39059434578145835,7.273115162316965,2.8408376586184003,0.0
2026-07-16_ttft_component_regression/phase1/input6000_rate2p5_reuse00_seed1,0,0.0,0.0027221451665781745,0.8803679767849625,0.002396489432815392,0.0
2026-07-16_ttft_component_regression/phase1/input6000_rate2p5_reuse00_seed1,0,0.0,0.04249165536366033,1.4272650714250155,0.0606468555275818,0.0
2026-07-16_ttft_component_regression/phase1/input6000_rate2p5_reuse00_seed1,0,0.0,0.15764413734993724,7.476882390960952,1.1786866745899756,0.0
2026-07-16_ttft_component_regression/phase1/input6000_rate2p5_reuse00_seed1,0,0.0,0.00429796315547644,1.352834017560818,0.005814430762951563,0.0
2026-07-16_ttft_component_regression/phase1/input6000_rate2p5_reuse00_seed1,0,0.0,0.007580244711194057,2.94234608254112,0.022303703330684876,0.0
2026-07-16_ttft_component_regression/phase1/input6000_rate2p5_reuse00_seed1,0,0.0,0.11167723119690888,2.9358237372900002,0.32786466626270844,0.0
2026-07-16_ttft_component_regression/phase1/input6000_rate2p5_reuse00_seed1,0,0.0,3.2310949817757595e-05,2.4948112185533136,8.060972008745479e-05,0.0
2026-07-16_ttft_component_regression/phase1/input6000_rate2p5_reuse00_seed1,0,0.0,2.8712342593528317e-05,3.42894593454602,9.845307040737145e-05,0.0
2026-07-16_ttft_component_regression/phase1/input6000_rate2p5_reuse00_seed1,0,0.0,0.0009607872957936751,3.4715363301793523,0.0033354080029225188,0.0
2026-07-16_ttft_component_regression/phase1/input6000_rate2p5_reuse00_seed1,1,5.682852,0.9961054137139478,17.78234904064016,17.71309414793269,17.78234904064016
2026-07-16_ttft_component_regression/phase1/input6000_rate2p5_reuse00_seed1,0,0.0,0.05197717869295148,3.0992805085412973,0.16109185681203256,0.0
2026-07-16_ttft_component_regression/phase1/input6000_rate2p5_reuse00_seed1,0,0.0,0.06300908959402846,2.417002576703302,0.152293131904496,0.0
2026-07-16_ttft_component_regression/phase1/input6000_rate2p5_reuse00_seed1,0,0.0,9.830182592670896e-13,0.9846314126805021,9.679106573128825e-13,0.0
2026-07-16_ttft_component_regression/phase1/input6000_rate2p5_reuse00_seed1,0,0.0,1.910506250196432e-09,1.642429259003299,3.137871364831297e-09,0.0
2026-07-16_ttft_component_regression/phase1/input6000_rate2p5_reuse00_seed1,0,0.0,1.6793742683382142e-11,1.6416850031168368,2.7570035509511568e-11,0.0
2026-07-16_ttft_component_regression/phase1/input6000_rate2p5_reuse00_seed1,0,0.0,2.974668355767757e-10,1.2562769328576917,3.7370072382527504e-10,0.0
2026-07-16_ttft_component_regression/phase1/input6000_rate2p5_reuse00_seed1,0,0.0,2.1135167117969576e-09,0.9153548921451626,1.934617861773903e-09,0.0
2026-07-16_ttft_component_regression/phase1/input6000_rate2p5_reuse00_seed1,1,0.038905,0.9991481679736465,0.5222001880023491,0.5217553611580409,0.5222001880023491
2026-07-16_ttft_component_regression/phase1/input6000_rate2p5_reuse00_seed1,1,0.377765,0.9991207140822572,1.370868430524331,1.369663045218293,1.370868430524331
2026-07-16_ttft_component_regression/phase1/input6000_rate2p5_reuse00_seed1,1,0.003153,0.9989299328919297,0.7670390747809713,0.7662182914964435,0.7670390747809713
2026-07-16_ttft_component_regression/phase1/input6000_rate2p5_reuse00_seed1,0,0.0,4.172713174441502e-09,1.0067752535585581,4.200984364225479e-09,0.0
2026-07-16_ttft_component_regression/phase1/input6000_rate2p5_reuse00_seed1,1,0.001643,0.9973942551976388,0.9772193359704157,0.9746729517649438,0.9772193359704157
2026-07-16_ttft_component_regression/phase1/input6000_rate2p5_reuse00_seed1,0,0.0,0.0005876551030818067,0.5704850051499551,0.00033524842450802195,0.0
2026-07-16_ttft_component_regression/phase1/input6000_rate2p5_reuse00_seed1,1,4.049686,0.9989140740250497,2.7983460351734357,2.795307238526942,2.7983460351734357
2026-07-16_ttft_component_regression/phase1/input6000_rate2p5_reuse00_seed1,0,0.0,0.007711071415579037,0.6649517379105995,0.005127490338942027,0.0
2026-07-16_ttft_component_regression/phase1/input6000_rate2p5_reuse00_seed1,1,0.425503,0.9983117975721632,2.815886370679826,2.8111325844723316,2.815886370679826
2026-07-16_ttft_component_regression/phase1/input6000_rate2p5_reuse00_seed1,0,0.0,2.719746424945017e-07,1.6546474390559822,4.5002214569169356e-07,0.0
2026-07-16_ttft_component_regression/phase1/input6000_rate2p5_reuse00_seed1,0,0.0,6.40315012082915e-06,2.041222958376042,1.3070257032564788e-05,0.0
2026-07-16_ttft_component_regression/phase1/input6000_rate2p5_reuse00_seed1,0,0.0,2.506047652904481e-09,2.6536088881122364,6.650070325780139e-09,0.0
2026-07-16_ttft_component_regression/phase1/input6000_rate2p5_reuse00_seed1,0,0.0,9.67967537340329e-05,1.5530377550197183,0.000150329013112299,0.0
2026-07-16_ttft_component_regression/phase1/input6000_rate2p5_reuse00_seed1,0,0.0,3.445727798858908e-08,2.5628465493130324,8.830871599177543e-08,0.0
2026-07-16_ttft_component_regression/phase1/input6000_rate2p5_reuse00_seed1,0,0.0,4.20584655986434e-06,2.1455203316322944,9.023729305914683e-06,0.0
2026-07-16_ttft_component_regression/phase1/input6000_rate2p5_reuse00_seed1,0,0.0,3.583373462025695e-07,2.295740178402939,8.226494430995226e-07,0.0
2026-07-16_ttft_component_regression/phase1/input6000_rate2p5_reuse00_seed1,0,0.0,6.046087771397038e-08,2.387164795064343,1.443300787574804e-07,0.0
2026-07-16_ttft_component_regression/phase1/input6000_rate2p5_reuse00_seed1,0,0.0,7.56240956020033e-06,1.0019059777254191,7.576823344372568e-06,0.0
2026-07-16_ttft_component_regression/phase1/input6000_rate2p5_reuse00_seed1,1,4.229516,0.9979073547830609,1.884374790756339,1.8804314628635421,1.884374790756339
2026-07-16_ttft_component_regression/phase1/input6000_rate2p5_reuse00_seed1,1,1.794409,0.9926773059079416,2.2420748057097666,2.2256567777760425,2.2420748057097666
2026-07-16_ttft_component_regression/phase1/input6000_rate2p5_reuse00_seed1,0,0.0,0.00020048553816439662,1.533374760690058,0.00030741946410464915,0.0
2026-07-16_ttft_component_regression/phase1/input6000_rate2p5_reuse00_seed1,0,0.0,0.0013207053538066443,1.7847676006800013,0.002357152125518717,0.0
2026-07-16_ttft_component_regression/phase1/input6000_rate2p5_reuse00_seed1,1,3.398819,0.9990557566827452,2.2529236255991685,2.2507963175214107,2.2529236255991685
2026-07-16_ttft_component_regression/phase1/input6000_rate2p5_reuse00_seed1,0,0.0,7.27760098682395e-10,4.170340567712973,3.0350074630979884e-09,0.0
2026-07-16_ttft_component_regression/phase1/input6000_rate2p5_reuse00_seed1,0,0.0,4.73688018549152e-10,3.5347415638793147,1.6743647274773235e-09,0.0
2026-07-16_ttft_component_regression/phase1/input6000_rate2p5_reuse00_seed1,0,0.0,1.2569955534237765e-10,3.081122809483599,3.8729576710734575e-10,0.0
2026-07-16_ttft_component_regression/phase1/input6000_rate2p5_reuse00_seed1,0,0.0,6.277350693143532e-09,4.196723273565136,2.63443037502457e-08,0.0
2026-07-16_ttft_component_regression/phase1/input6000_rate2p5_reuse00_seed1,0,0.0,6.038505271656621e-08,3.995306398993545,2.412567875220595e-07,0.0
2026-07-16_ttft_component_regression/phase1/input6000_rate2p5_reuse00_seed1,0,0.0,2.3039254565302148e-06,2.7726288208407164,6.387930121844278e-06,0.0
2026-07-16_ttft_component_regression/phase1/input6000_rate2p5_reuse00_seed1,0,0.0,2.475922591120362e-10,1.2107236801134809,2.99765811119735e-10,0.0
2026-07-16_ttft_component_regression/phase1/input6000_rate2p5_reuse00_seed1,0,0.0,1.7152478654036426e-12,0.7615229521333103,1.306200618102541e-12,0.0
2026-07-16_ttft_component_regression/phase1/input6000_rate2p5_reuse00_seed1,0,0.0,2.4925395133148374e-11,0.7587541354483534,1.891224663496059e-11,0.0
2026-07-16_ttft_component_regression/phase1/input6000_rate2p5_reuse00_seed1,0,0.0,2.174386908097942e-09,1.9618624945763639,4.265848123695215e-09,0.0
2026-07-16_ttft_component_regression/phase1/input6000_rate2p5_reuse00_seed1,0,0.0,9.026195626716096e-06,0.34132183850811687,3.0808376860446623e-06,0.0
2026-07-16_ttft_component_regression/phase1/input6000_rate2p5_reuse00_seed1,0,0.0,1.1079638064186944e-07,1.1008794858792927,1.2197346255830764e-07,0.0
2026-07-16_ttft_component_regression/phase1/input6000_rate2p5_reuse00_seed1,0,0.0,1.978345190260496e-06,0.744085810587431,1.4720585845167265e-06,0.0
2026-07-16_ttft_component_regression/phase1/input6000_rate2p5_reuse00_seed1,0,0.0,5.994776849644568e-09,1.979985141767751,1.1869569090509532e-08,0.0
2026-07-16_ttft_component_regression/phase1/input6000_rate2p5_reuse00_seed1,0,0.0,5.027530271891747e-08,0.9101846294961862,4.57598077780265e-08,0.0
2026-07-16_ttft_component_regression/phase1/input6000_rate2p5_reuse00_seed1,0,0.0,5.6179217188724765e-09,0.5644795234124204,3.171201774437421e-09,0.0
2026-07-16_ttft_component_regression/phase1/input6000_rate2p5_reuse00_seed1,0,0.0,8.399665091363065e-07,0.5867460718102887,4.928470496879288e-07,0.0
2026-07-16_ttft_component_regression/phase1/input6000_rate2p5_reuse00_seed1,0,0.0,3.724142453762012e-09,2.502012713918063,9.317851767754566e-09,0.0
2026-07-16_ttft_component_regression/phase1/input6000_rate2p5_reuse00_seed1,0,0.0,5.190427385953273e-08,1.8412637537015832,9.55694581197582e-08,0.0
2026-07-16_ttft_component_regression/phase1/input6000_rate2p5_reuse00_seed1,0,0.0,3.0529862161671155e-09,1.542636634075884,4.709648380388108e-09,0.0
2026-07-16_ttft_component_regression/phase1/input6000_rate2p5_reuse00_seed1,0,0.0,3.846378993075803e-07,1.8815427565512601,7.237126533372706e-07,0.0
2026-07-16_ttft_component_regression/phase1/input6000_rate2p5_reuse00_seed1,0,0.0,2.956361505010476e-10,2.694499618254842,7.965914946674037e-10,0.0
2026-07-16_ttft_component_regression/phase1/input6000_rate2p5_reuse00_seed1,0,0.0,6.070949782755595e-08,2.6675208997300413,1.6194385426712104e-07,0.0
2026-07-16_ttft_component_regression/phase1/input6000_rate2p5_reuse00_seed1,0,0.0,4.905846122826103e-06,2.017297801729244,9.896552599199031e-06,0.0
2026-07-16_ttft_component_regression/phase1/input6000_rate2p5_reuse00_seed1,0,0.0,0.012159321069248068,1.2623406881459778,0.015349205725942493,0.0
2026-07-16_ttft_component_regression/phase1/input6000_rate2p5_reuse00_seed1,0,0.0,0.0015583704780930841,1.4756659113106703,0.002299634191714876,0.0
2026-07-16_ttft_component_regression/phase1/input6000_rate2p5_reuse00_seed1,0,0.0,0.002401726737405612,1.4502387994216583,0.0034830773001940114,0.0
2026-07-16_ttft_component_regression/phase1/input6000_rate2p5_reuse00_seed1,0,0.0,0.2579718313148029,3.3402200073255464,0.8616826722841155,0.0
2026-07-16_ttft_component_regression/phase1/input6000_rate2p5_reuse00_seed1,0,0.0,0.00011577035092773103,1.9258094508512176,0.00022295163594498644,0.0
2026-07-16_ttft_component_regression/phase1/input6000_rate2p5_reuse00_seed1,0,0.0,0.27789653799475456,3.651320224153275,1.0146892494024264,0.0
2026-07-16_ttft_component_regression/phase1/input6000_rate2p5_reuse00_seed1,0,0.0,8.235911523691374e-08,1.6039106007929116,1.3209665800041094e-07,0.0
2026-07-16_ttft_component_regression/phase1/input6000_rate2p5_reuse00_seed1,0,0.0,5.687863747581843e-08,2.015747899454664,1.1465299401572433e-07,0.0
2026-07-16_ttft_component_regression/phase1/input6000_rate2p5_reuse00_seed1,0,0.0,1.1824897021744562e-06,1.8463691608983583,2.1833125191748e-06,0.0
2026-07-16_ttft_component_regression/phase1/input6000_rate2p5_reuse00_seed1,0,0.0,6.043455561791265e-11,4.1648637085347175,2.5170168743446733e-10,0.0
2026-07-16_ttft_component_regression/phase1/input6000_rate2p5_reuse00_seed1,0,0.0,1.3478603734978621e-12,0.3900860547057437,5.257815353919912e-13,0.0
2026-07-16_ttft_component_regression/phase1/input6000_rate2p5_reuse00_seed1,0,0.0,1.74687241517805e-10,2.045943799392146,3.574002786162714e-10,0.0
2026-07-16_ttft_component_regression/phase1/input6000_rate2p5_reuse00_seed1,0,0.0,1.914730711857127e-11,0.7591348008807908,1.4535387176859949e-11,0.0
2026-07-16_ttft_component_regression/phase1/input6000_rate2p5_reuse00_seed1,0,0.0,2.940080182967498e-10,1.9794827536736868,5.819838016601939e-10,0.0
2026-07-16_ttft_component_regression/phase1/input6000_rate2p5_reuse00_seed1,0,0.0,2.5700788574126332e-11,1.3292641397069414,3.4163136613776024e-11,0.0
2026-07-16_ttft_component_regression/phase1/input6000_rate2p5_reuse00_seed1,0,0.0,2.517234318478673e-12,0.22892274766745718,5.762521967089569e-13,0.0
2026-07-16_ttft_component_regression/phase1/input6000_rate2p5_reuse00_seed1,0,0.0,2.4537353142155554e-10,1.634064010502565,4.009560568258842e-10,0.0
2026-07-16_ttft_component_regression/phase1/input6000_rate2p5_reuse00_seed1,0,0.0,3.054615870488302e-09,1.7914513501573184,5.472195725398241e-09,0.0
2026-07-16_ttft_component_regression/phase1/input6000_rate2p5_reuse00_seed1,0,0.0,2.7420942432726934e-11,2.425370944270729,6.650595704085623e-11,0.0
2026-07-16_ttft_component_regression/phase1/input6000_rate2p5_reuse00_seed1,0,0.0,1.8944946096378854e-09,2.093218094491308,3.965590396810269e-09,0.0
2026-07-16_ttft_component_regression/phase1/input6000_rate2p5_reuse00_seed1,0,0.0,1.992718381456045e-10,2.3241142486781485,4.6313051839448526e-10,0.0
2026-07-16_ttft_component_regression/phase1/input6000_rate2p5_reuse00_seed1,0,0.0,6.885178561040738e-09,2.0130140050607497,1.3859960870719024e-08,0.0
2026-07-16_ttft_component_regression/phase1/input6000_rate2p5_reuse00_seed1,0,0.0,1.5469723343657342e-06,1.7113068070346065,2.6473442860942963e-06,0.0
2026-07-16_ttft_component_regression/phase1/input6000_rate2p5_reuse00_seed1,0,0.0,7.528460200587772e-09,2.3038744162772615,1.734462685009575e-08,0.0
2026-07-16_ttft_component_regression/phase1/input6000_rate2p5_reuse00_seed1,0,0.0,4.236093532229911e-10,2.855479167933205,1.2096076834699099e-09,0.0
2026-07-16_ttft_component_regression/phase1/input6000_rate2p5_reuse00_seed1,0,0.0,2.412134909039239e-07,2.757587901734815,6.651674042518814e-07,0.0
2026-07-16_ttft_component_regression/phase1/input6000_rate2p5_reuse00_seed1,0,0.0,1.3178301360461762e-05,2.004460716107048,2.6415387382065665e-05,0.0
2026-07-16_ttft_component_regression/phase1/input6000_rate2p5_reuse00_seed1,0,0.0,1.0081787091359793e-05,1.164211871786634,1.173733622058631e-05,0.0
2026-07-16_ttft_component_regression/phase1/input6000_rate2p5_reuse00_seed1,0,0.0,1.0946632184730697e-05,2.4418721193153163,2.67302759322936e-05,0.0
2026-07-16_ttft_component_regression/phase1/input6000_rate2p5_reuse00_seed1,0,0.0,7.606367831812732e-07,1.6597830456596865,1.2624920366294002e-06,0.0
2026-07-16_ttft_component_regression/phase1/input6000_rate2p5_reuse00_seed1,0,0.0,5.962895835654968e-08,2.063166906399361,1.2302449354429894e-07,0.0
2026-07-16_ttft_component_regression/phase1/input6000_rate2p5_reuse00_seed1,0,0.0,0.0026187085583183442,2.856478621124901,0.007480285011793161,0.0
2026-07-16_ttft_component_regression/phase1/input6000_rate2p5_reuse00_seed1,0,0.0,2.1994472307538623e-05,2.4361238825004645,5.358125927138994e-05,0.0
2026-07-16_ttft_component_regression/phase1/input6000_rate2p5_reuse00_seed1,0,0.0,9.76564991170965e-07,3.803025062400649,3.713901136486248e-06,0.0
2026-07-16_ttft_component_regression/phase1/input6000_rate2p5_reuse00_seed1,0,0.0,0.00033183181015386114,3.088878878178508,0.0010249882694920022,0.0
2026-07-16_ttft_component_regression/phase1/input6000_rate2p5_reuse00_seed1,0,0.0,0.0016667564836105524,2.2772580502388275,0.003795634620089891,0.0
2026-07-16_ttft_component_regression/phase1/input6000_rate2p5_reuse00_seed1,0,0.0,0.00033347749836349445,2.6559615194188217,0.0008857034032454943,0.0
2026-07-16_ttft_component_regression/phase1/input6000_rate2p5_reuse00_seed1,0,0.0,0.001978326789699996,1.956962073156331,0.0038715104957520127,0.0
2026-07-16_ttft_component_regression/phase1/input6000_rate2p5_reuse00_seed1,0,0.0,1.2340286117948927e-05,3.6769457898116853,4.537456308646389e-05,0.0
2026-07-16_ttft_component_regression/phase1/input6000_rate2p5_reuse00_seed1,0,0.0,1.3522661746835047e-12,0.9674677653728525,1.3082739342103458e-12,0.0
2026-07-16_ttft_component_regression/phase1/input6000_rate2p5_reuse00_seed1,0,0.0,2.265584576476792e-11,1.6309467781399167,3.695047865608312e-11,0.0
2026-07-16_ttft_component_regression/phase1/input6000_rate2p5_reuse00_seed1,0,0.0,3.367704202580763e-11,0.8525471747825745,2.871126703413632e-11,0.0
2026-07-16_ttft_component_regression/phase1/input6000_rate2p5_reuse00_seed1,0,0.0,5.255599526748959e-11,0.7293044117702373,3.832931921355587e-11,0.0
2026-07-16_ttft_component_regression/phase1/input6000_rate2p5_reuse00_seed1,0,0.0,5.570670311139946e-09,1.237891048002663,6.895882909534349e-09,0.0
2026-07-16_ttft_component_regression/phase1/input6000_rate2p5_reuse00_seed1,0,0.0,4.035174697351344e-10,1.4709132490867665,5.935391924713776e-10,0.0
2026-07-16_ttft_component_regression/phase1/input6000_rate2p5_reuse00_seed1,0,0.0,1.179867953577443e-06,0.17389087146339466,2.0516826665931362e-07,0.0
2026-07-16_ttft_component_regression/phase1/input6000_rate2p5_reuse00_seed1,0,0.0,1.1120427669196381e-07,2.0408838755970056,2.2695501519805685e-07,0.0
2026-07-16_ttft_component_regression/phase1/input6000_rate2p5_reuse00_seed1,0,0.0,2.122448428081004e-05,0.8975683417888992,1.9050425161251226e-05,0.0
2026-07-16_ttft_component_regression/phase1/input6000_rate2p5_reuse00_seed1,0,0.0,0.0007828658023376744,1.8122246295781257,0.0014187286886507742,0.0
2026-07-16_ttft_component_regression/phase1/input6000_rate2p5_reuse00_seed1,0,0.0,0.0006618793933546295,1.4204657156332756,0.0009401769861444021,0.0
2026-07-16_ttft_component_regression/phase1/input6000_rate2p5_reuse00_seed1,0,0.0,0.00011295574938039838,0.618795207920738,6.98964764236864e-05,0.0
2026-07-16_ttft_component_regression/phase1/input6000_rate2p5_reuse00_seed1,0,0.0,0.002314490206589069,1.9800200527391,0.004582737020914619,0.0
2026-07-16_ttft_component_regression/phase1/input6000_rate2p5_reuse00_seed1,0,0.0,0.0011552490727222227,1.3033870399316145,0.0015057366692791602,0.0
2026-07-16_ttft_component_regression/phase1/input6000_rate2p5_reuse00_seed1,0,0.0,7.609388504253231e-05,2.0355611828575504,0.00015489375864540352,0.0
2026-07-16_ttft_component_regression/phase1/input6000_rate2p5_reuse00_seed1,0,0.0,0.0007795299166432581,1.856499376532494,0.0014471968042366356,0.0
2026-07-16_ttft_component_regression/phase1/input6000_rate2p5_reuse00_seed1,0,0.0,8.33633399241334e-05,1.3883854693078865,0.00011574044982364083,0.0
2026-07-16_ttft_component_regression/phase1/input6000_rate2p5_reuse00_seed1,0,0.0,4.108911585432926e-07,2.1227606504452012,8.722235829715421e-07,0.0
2026-07-16_ttft_component_regression/phase1/input6000_rate2p5_reuse00_seed1,0,0.0,7.157729558681384e-07,2.2219393926167412,1.590404126813141e-06,0.0
2026-07-16_ttft_component_regression/phase1/input6000_rate2p5_reuse00_seed1,0,0.0,8.173545635768526e-08,0.5449410291500951,4.4541003705609685e-08,0.0
2026-07-16_ttft_component_regression/phase1/input6000_rate2p5_reuse00_seed1,0,0.0,1.903330295291171e-07,2.565000721066775,4.882043579850092e-07,0.0
2026-07-16_ttft_component_regression/phase1/input6000_rate2p5_reuse00_seed1,0,0.0,1.5168558383697061e-05,1.78242890516267,2.7036876912749192e-05,0.0
2026-07-16_ttft_component_regression/phase1/input6000_rate2p5_reuse00_seed1,0,0.0,2.2555248791503195e-06,2.1593384617007394,4.870441622872197e-06,0.0
2026-07-16_ttft_component_regression/phase1/input6000_rate2p5_reuse00_seed1,0,0.0,8.847577791776226e-07,1.1508831077805293,1.0182527825329416e-06,0.0
2026-07-16_ttft_component_regression/phase1/input6000_rate2p5_reuse00_seed1,0,0.0,7.832666987989329e-07,1.7940498486115655,1.4052195024027063e-06,0.0
2026-07-16_ttft_component_regression/phase1/input6000_rate2p5_reuse00_seed1,0,0.0,1.2496970586535772e-06,1.628509202931296,2.035143160893522e-06,0.0
2026-07-16_ttft_component_regression/phase1/input6000_rate2p5_reuse00_seed1,0,0.0,1.7500698135412734e-06,4.090236954915056,7.158200225027819e-06,0.0
2026-07-16_ttft_component_regression/phase1/input6000_rate2p5_reuse00_seed1,0,0.0,1.064105708578856e-06,2.775817997231238,2.9537637768296877e-06,0.0
2026-07-16_ttft_component_regression/phase1/input6000_rate2p5_reuse00_seed1,0,0.0,8.491369815931046e-08,4.658459419045091,3.955670169961916e-07,0.0
2026-07-16_ttft_component_regression/phase1/input6000_rate2p5_reuse00_seed1,0,0.0,5.889086083675207e-09,3.5145173501557774,2.069729521763745e-08,0.0
2026-07-16_ttft_component_regression/phase1/input6000_rate2p5_reuse00_seed1,0,0.0,8.405642207267219e-13,0.8116679818795188,6.822590646773887e-13,0.0
2026-07-16_ttft_component_regression/phase1/input6000_rate2p5_reuse00_seed1,0,0.0,1.7932420749838942e-11,1.6389131972622646,2.9389681025770713e-11,0.0
2026-07-16_ttft_component_regression/phase1/input6000_rate2p5_reuse00_seed1,0,0.0,3.068846703115508e-11,1.5367806927819803,4.7161443624555465e-11,0.0
2026-07-16_ttft_component_regression/phase1/input6000_rate2p5_reuse00_seed1,0,0.0,2.4702098543512618e-12,0.7298877670432751,1.8029759547207363e-12,0.0
2026-07-16_ttft_component_regression/phase1/input6000_rate2p5_reuse00_seed1,0,0.0,5.389969965400285e-10,0.7824540036239005,4.217403578840029e-10,0.0
2026-07-16_ttft_component_regression/phase1/input6000_rate2p5_reuse00_seed1,0,0.0,2.5023012950903554e-09,0.8020829074227305,2.007053098013736e-09,0.0
2026-07-16_ttft_component_regression/phase1/input6000_rate2p5_reuse00_seed1,0,0.0,4.6697724747561676e-07,1.407767122496243,6.57395215949965e-07,0.0
2026-07-16_ttft_component_regression/phase1/input6000_rate2p5_reuse00_seed1,0,0.0,3.4955317703058326e-08,1.520428981095497,5.314707807913036e-08,0.0
2026-07-16_ttft_component_regression/phase1/input6000_rate2p5_reuse00_seed1,0,0.0,2.434724381479872e-07,2.1292056839500932,5.184028991898818e-07,0.0
2026-07-16_ttft_component_regression/phase1/input6000_rate2p5_reuse00_seed1,0,0.0,2.7736052612621765e-08,2.1385560424427155,5.931510290823134e-08,0.0
2026-07-16_ttft_component_regression/phase1/input6000_rate2p5_reuse00_seed1,0,0.0,4.772042883770829e-07,1.4206769056701432,6.779531117840769e-07,0.0
2026-07-16_ttft_component_regression/phase1/input6000_rate2p5_reuse00_seed1,0,0.0,2.576825268433877e-09,2.345344272105571,6.0435423835382935e-09,0.0
2026-07-16_ttft_component_regression/phase1/input6000_rate2p5_reuse00_seed1,0,0.0,3.688941219755308e-08,2.5919095757720214,9.561402071943905e-08,0.0
2026-07-16_ttft_component_regression/phase1/input6000_rate2p5_reuse00_seed1,0,0.0,3.2660362806636714e-09,2.3060151994515743,7.531529305170714e-09,0.0
2026-07-16_ttft_component_regression/phase1/input6000_rate2p5_reuse00_seed1,0,0.0,7.032091754642027e-10,2.3531217148342485,1.6547367808555026e-09,0.0
2026-07-16_ttft_component_regression/phase1/input6000_rate2p5_reuse00_seed1,0,0.0,9.971919571341867e-09,1.8447048658233967,1.8395248554853902e-08,0.0
2026-07-16_ttft_component_regression/phase1/input6000_rate2p5_reuse00_seed1,0,0.0,6.783990756179093e-08,2.074768711911254,1.4075211762815552e-07,0.0
2026-07-16_ttft_component_regression/phase1/input6000_rate2p5_reuse00_seed1,0,0.0,6.416724554299928e-08,2.2584509700148563,1.4491857793976818e-07,0.0
2026-07-16_ttft_component_regression/phase1/input6000_rate2p5_reuse00_seed1,0,0.0,3.288719228062441e-11,3.0588392410972136,1.0059663427748332e-10,0.0
2026-07-16_ttft_component_regression/phase1/input6000_rate2p5_reuse00_seed1,0,0.0,4.0234943030685144e-10,1.7388083255794335,6.996085392096953e-10,0.0
2026-07-16_ttft_component_regression/phase1/input6000_rate2p5_reuse00_seed1,0,0.0,5.572901901592149e-09,2.8219998097598586,1.57267281061034e-08,0.0
2026-07-16_ttft_component_regression/phase1/input6000_rate2p5_reuse00_seed1,0,0.0,7.3785732265164e-10,4.3237059514411955,3.1902780972633624e-09,0.0
2026-07-16_ttft_component_regression/phase1/input6000_rate2p5_reuse00_seed1,0,0.0,5.051976770126051e-08,4.082805690822634,2.0626239506974393e-07,0.0
2026-07-16_ttft_component_regression/phase1/input6000_rate2p5_reuse00_seed1,0,0.0,1.3735772619800235e-06,3.587755913624532,4.9280599444890225e-06,0.0
2026-07-16_ttft_component_regression/phase1/input6000_rate2p5_reuse00_seed1,0,0.0,0.0001416550634132177,3.242210658475276,0.00045927555642532556,0.0
2026-07-16_ttft_component_regression/phase1/input6000_rate2p5_reuse00_seed1,0,0.0,8.67374039023887e-06,3.7876588444262427,3.2853169503345386e-05,0.0
2026-07-16_ttft_component_regression/phase1/input6000_rate3p33_reuse00_seed1,0,0.0,1.7851241061912172e-12,0.6013921205594884,1.0735595716841975e-12,0.0
2026-07-16_ttft_component_regression/phase1/input6000_rate3p33_reuse00_seed1,0,0.0,4.961295014744926e-12,0.4302835353439902,2.134763558828961e-12,0.0
2026-07-16_ttft_component_regression/phase1/input6000_rate3p33_reuse00_seed1,0,0.0,1.1940620037850545e-10,0.5996309868207527,7.159965776547976e-11,0.0
2026-07-16_ttft_component_regression/phase1/input6000_rate3p33_reuse00_seed1,0,0.0,1.1080397985685623e-09,2.8730726678769316,3.183478860187197e-09,0.0
2026-07-16_ttft_component_regression/phase1/input6000_rate3p33_reuse00_seed1,0,0.0,1.1596034659002836e-08,2.9800410202004786,3.455665895549492e-08,0.0
2026-07-16_ttft_component_regression/phase1/input6000_rate3p33_reuse00_seed1,0,0.0,2.0239936997623337e-09,2.3329565064809206,4.721889270936928e-09,0.0
2026-07-16_ttft_component_regression/phase1/input6000_rate3p33_reuse00_seed1,0,0.0,1.4952926800356357e-08,0.6916380075369578,1.0342012499044449e-08,0.0
2026-07-16_ttft_component_regression/phase1/input6000_rate3p33_reuse00_seed1,0,0.0,0.003409358298503021,3.884343562666798,0.013243118959614835,0.0
2026-07-16_ttft_component_regression/phase1/input6000_rate3p33_reuse00_seed1,0,0.0,2.8827821525703867e-06,1.8987727068550269,5.473748071109434e-06,0.0
2026-07-16_ttft_component_regression/phase1/input6000_rate3p33_reuse00_seed1,0,0.0,3.409864939697464e-05,3.9493743413982356,0.00013466833100474608,0.0
2026-07-16_ttft_component_regression/phase1/input6000_rate3p33_reuse00_seed1,0,0.0,0.0007633816415459644,3.154426012996508,0.0024080309079365656,0.0
2026-07-16_ttft_component_regression/phase1/input6000_rate3p33_reuse00_seed1,0,0.0,2.8580028433321345e-07,0.9516572692932228,2.7198391815177253e-07,0.0
2026-07-16_ttft_component_regression/phase1/input6000_rate3p33_reuse00_seed1,0,0.0,0.034377732779177654,1.895124074401053,0.06515006901314578,0.0
2026-07-16_ttft_component_regression/phase1/input6000_rate3p33_reuse00_seed1,0,0.0,0.002902810109174565,1.6631974953555317,0.004827946503071854,0.0
2026-07-16_ttft_component_regression/phase1/input6000_rate3p33_reuse00_seed1,0,0.0,0.26774107434126515,3.4324353332203232,0.9190039237233277,0.0
2026-07-16_ttft_component_regression/phase1/input6000_rate3p33_reuse00_seed1,0,0.0,0.00020462317966818685,1.490698832998315,0.0003050315351357707,0.0
2026-07-16_ttft_component_regression/phase1/input6000_rate3p33_reuse00_seed1,0,0.0,0.038870826832337994,2.442533442940158,0.0949432944927212,0.0
2026-07-16_ttft_component_regression/phase1/input6000_rate3p33_reuse00_seed1,0,0.0,0.0003583462543444307,1.1477229669936058,0.0004112822262472353,0.0
2026-07-16_ttft_component_regression/phase1/input6000_rate3p33_reuse00_seed1,0,0.0,1.2512760538107434e-09,2.846712123070602,3.562022711690986e-09,0.0
2026-07-16_ttft_component_regression/phase1/input6000_rate3p33_reuse00_seed1,0,0.0,2.671727840929097e-07,3.0296124964083964,8.094300053881016e-07,0.0
2026-07-16_ttft_component_regression/phase1/input6000_rate3p33_reuse00_seed1,0,0.0,2.8061997583436524e-06,3.1601404619660074,8.867985400701009e-06,0.0
2026-07-16_ttft_component_regression/phase1/input6000_rate3p33_reuse00_seed1,0,0.0,1.9816083179657228e-07,2.5142831892095234,4.982324481458976e-07,0.0
2026-07-16_ttft_component_regression/phase1/input6000_rate3p33_reuse00_seed1,0,0.0,1.993290987864288e-08,2.577690027652225,5.1380863016268275e-08,0.0
2026-07-16_ttft_component_regression/phase1/input6000_rate3p33_reuse00_seed1,0,0.0,2.9624325391790172e-05,1.048435360044465,3.1059190258215915e-05,0.0
2026-07-16_ttft_component_regression/phase1/input6000_rate3p33_reuse00_seed1,0,0.0,1.3891155567266999e-12,0.5199301032298278,7.222429948070728e-13,0.0
2026-07-16_ttft_component_regression/phase1/input6000_rate3p33_reuse00_seed1,0,0.0,2.0873562670065884e-11,0.6399913482302939,1.3358899515585e-11,0.0
2026-07-16_ttft_component_regression/phase1/input6000_rate3p33_reuse00_seed1,0,0.0,2.2028357093099994e-10,0.6585170418099523,1.450604854888149e-10,0.0
2026-07-16_ttft_component_regression/phase1/input6000_rate3p33_reuse00_seed1,0,0.0,2.3641182514101227e-09,0.6772837231917308,1.6011788113805722e-09,0.0
2026-07-16_ttft_component_regression/phase1/input6000_rate3p33_reuse00_seed1,0,0.0,4.568667736829243e-08,0.773770914411934,3.5351022123706644e-08,0.0
2026-07-16_ttft_component_regression/phase1/input6000_rate3p33_reuse00_seed1,0,0.0,3.3520610101080176e-09,1.8382203647268796,6.161826812587513e-09,0.0
2026-07-16_ttft_component_regression/phase1/input6000_rate3p33_reuse00_seed1,0,0.0,8.920007741242517e-10,0.6311193298539896,5.629589307945377e-10,0.0
2026-07-16_ttft_component_regression/phase1/input6000_rate3p33_reuse00_seed1,0,0.0,1.5224357805622187e-08,2.384029209851194,3.6295313709829325e-08,0.0
2026-07-16_ttft_component_regression/phase1/input6000_rate3p33_reuse00_seed1,0,0.0,3.640220240356622e-05,3.097184626773822,0.00011274434166503438,0.0
2026-07-16_ttft_component_regression/phase1/input6000_rate3p33_reuse00_seed1,0,0.0,2.17942559649148e-05,3.068312148088125,6.687158033569017e-05,0.0
2026-07-16_ttft_component_regression/phase1/input6000_rate3p33_reuse00_seed1,0,0.0,0.000275676297222114,1.2998565743816437,0.00035833964734535294,0.0
2026-07-16_ttft_component_regression/phase1/input6000_rate3p33_reuse00_seed1,0,0.0,2.7612451225991288e-06,2.6628900002314038,7.352892025156957e-06,0.0
2026-07-16_ttft_component_regression/phase1/input6000_rate3p33_reuse00_seed1,0,0.0,1.7730043990826073e-07,3.141562838789929,5.570004733168988e-07,0.0
2026-07-16_ttft_component_regression/phase1/input6000_rate3p33_reuse00_seed1,0,0.0,0.0005204057799822542,1.5420295253761667,0.0008024810779090492,0.0
2026-07-16_ttft_component_regression/phase1/input6000_rate3p33_reuse00_seed1,0,0.0,2.829007809203776e-05,0.6935550733795933,1.9620727187037672e-05,0.0
2026-07-16_ttft_component_regression/phase1/input6000_rate3p33_reuse00_seed1,0,0.0,2.7519558923509162e-05,3.1739472555587502,8.734562851945921e-05,0.0
2026-07-16_ttft_component_regression/phase1/input6000_rate3p33_reuse00_seed1,0,0.0,3.128846734405801e-05,5.105454836744713,0.00015974185693604995,0.0
2026-07-16_ttft_component_regression/phase1/input6000_rate3p33_reuse00_seed1,0,0.0,2.9907255883003968e-05,5.56368248121664,0.00016639447561753247,0.0
2026-07-16_ttft_component_regression/phase1/input6000_rate3p33_reuse00_seed1,0,0.0,0.0004239932719433087,3.3149942269627024,0.0014055352487630955,0.0
2026-07-16_ttft_component_regression/phase1/input6000_rate3p33_reuse00_seed1,0,0.0,2.600099974409857e-09,3.593235638990629,9.342771892988119e-09,0.0
2026-07-16_ttft_component_regression/phase1/input6000_rate3p33_reuse00_seed1,0,0.0,3.140015353313933e-10,2.6635073388392794,8.363453937619672e-10,0.0
2026-07-16_ttft_component_regression/phase1/input6000_rate3p33_reuse00_seed1,0,0.0,4.094097845614553e-09,2.911911435050655,1.1921650332861267e-08,0.0
2026-07-16_ttft_component_regression/phase1/input6000_rate3p33_reuse00_seed1,0,0.0,3.8805622326078525e-07,3.3262889696718516,1.2907871350448674e-06,0.0
2026-07-16_ttft_component_regression/phase1/input6000_rate3p33_reuse00_seed1,0,0.0,3.4550449714058915e-08,3.3205162749567525,1.1472533058260751e-07,0.0
2026-07-16_ttft_component_regression/phase1/input6000_rate3p33_reuse00_seed1,0,0.0,3.572669985963471e-06,3.284812653645154,1.1735551577191065e-05,0.0
2026-07-16_ttft_component_regression/phase1/input6000_rate3p33_reuse00_seed1,0,0.0,2.962419806243826e-05,2.666077653134023,7.898041244628286e-05,0.0
2026-07-16_ttft_component_regression/phase1/input6000_rate3p33_reuse00_seed1,0,0.0,0.003336278927684002,1.2480419164013,0.004163815946556015,0.0
2026-07-16_ttft_component_regression/phase1/input6000_rate3p33_reuse00_seed1,0,0.0,0.042325095792784935,1.368564765451199,0.057924634796352244,0.0
2026-07-16_ttft_component_regression/phase1/input6000_rate3p33_reuse00_seed1,0,0.0,0.054433787215246145,1.6958304628441168,0.09231047456758903,0.0
2026-07-16_ttft_component_regression/phase1/input6000_rate3p33_reuse00_seed1,0,0.0,0.0007124429045774542,1.3265550643492747,0.0009450947431269289,0.0
2026-07-16_ttft_component_regression/phase1/input6000_rate3p33_reuse00_seed1,0,0.0,9.422625884495221e-13,0.5253173741764356,4.949869087489943e-13,0.0
2026-07-16_ttft_component_regression/phase1/input6000_rate3p33_reuse00_seed1,0,0.0,2.071610925839432e-11,0.7629985005980668,1.5806360302380597e-11,0.0
2026-07-16_ttft_component_regression/phase1/input6000_rate3p33_reuse00_seed1,0,0.0,1.9978383639374112e-10,1.5356280410325789,3.067936613112939e-10,0.0
2026-07-16_ttft_component_regression/phase1/input6000_rate3p33_reuse00_seed1,0,0.0,9.740468107041771e-07,0.5545579871378429,5.401654387221439e-07,0.0
2026-07-16_ttft_component_regression/phase1/input6000_rate3p33_reuse00_seed1,0,0.0,2.417635535895475e-10,2.130968431150435,5.151905005020723e-10,0.0
2026-07-16_ttft_component_regression/phase1/input6000_rate3p33_reuse00_seed1,0,0.0,4.5446042460625565e-09,0.7481919426366126,3.4002362793761423e-09,0.0
2026-07-16_ttft_component_regression/phase1/input6000_rate3p33_reuse00_seed1,0,0.0,7.93413864553232e-08,0.5017836275522976,3.98122087105808e-08,0.0
2026-07-16_ttft_component_regression/phase1/input6000_rate3p33_reuse00_seed1,0,0.0,6.296777579781671e-07,0.6670098681971139,4.2000127835567144e-07,0.0
2026-07-16_ttft_component_regression/phase1/input6000_rate3p33_reuse00_seed1,0,0.0,1.1885401952947408e-05,2.4184613330915177,2.8744385051453715e-05,0.0
2026-07-16_ttft_component_regression/phase1/input6000_rate3p33_reuse00_seed1,0,0.0,1.4666407139602354e-11,0.7543913486282026,1.1064210661574919e-11,0.0
2026-07-16_ttft_component_regression/phase1/input6000_rate3p33_reuse00_seed1,0,0.0,1.4647172986936062e-10,2.0742638141143455,3.0382100905874606e-10,0.0
2026-07-16_ttft_component_regression/phase1/input6000_rate3p33_reuse00_seed1,0,0.0,1.598295485415595e-09,3.099378891428647,4.953723289762798e-09,0.0
2026-07-16_ttft_component_regression/phase1/input6000_rate3p33_reuse00_seed1,0,0.0,1.633726903703764e-08,2.9262020651159584,4.7806150394534546e-08,0.0
2026-07-16_ttft_component_regression/phase1/input6000_rate3p33_reuse00_seed1,0,0.0,2.582623611949831e-08,2.8145727915688705,7.268982149057316e-08,0.0
2026-07-16_ttft_component_regression/phase1/input6000_rate3p33_reuse00_seed1,0,0.0,1.905472004278595e-09,3.1356201939762416,5.9748364956723454e-09,0.0
2026-07-16_ttft_component_regression/phase1/input6000_rate3p33_reuse00_seed1,0,0.0,2.8061311627297138e-08,2.758162289379813,7.739765152094623e-08,0.0
2026-07-16_ttft_component_regression/phase1/input6000_rate3p33_reuse00_seed1,0,0.0,1.9608439935090843e-07,2.9221872691871336,5.729953354694304e-07,0.0
2026-07-16_ttft_component_regression/phase1/input6000_rate3p33_reuse00_seed1,0,0.0,2.765318074100505e-05,4.178314130508218,0.00011554367584363911,0.0
2026-07-16_ttft_component_regression/phase1/input6000_rate3p33_reuse00_seed1,0,0.0,3.882011431961107e-06,3.79716196408139,1.4740626153571846e-05,0.0
2026-07-16_ttft_component_regression/phase1/input6000_rate3p33_reuse00_seed1,0,0.0,2.221678083202399e-09,2.6168511808308903,5.8138009154543066e-09,0.0
2026-07-16_ttft_component_regression/phase1/input6000_rate3p33_reuse00_seed1,0,0.0,1.2466549036055303e-08,3.5452130080555575,4.419657180818573e-08,0.0
2026-07-16_ttft_component_regression/phase1/input6000_rate3p33_reuse00_seed1,0,0.0,3.8114721334900965e-07,3.3328441798159822,1.2703042716633272e-06,0.0
2026-07-16_ttft_component_regression/phase1/input6000_rate3p33_reuse00_seed1,0,0.0,1.700985524504678e-12,0.6613997491806388,1.1250313992672914e-12,0.0
2026-07-16_ttft_component_regression/phase1/input6000_rate3p33_reuse00_seed1,0,0.0,2.6844452869997348e-11,0.7099486476008038,1.9058183010638132e-11,0.0
2026-07-16_ttft_component_regression/phase1/input6000_rate3p33_reuse00_seed1,0,0.0,4.995854971966887e-09,1.5552665125194052,7.769885939303672e-09,0.0
2026-07-16_ttft_component_regression/phase1/input6000_rate3p33_reuse00_seed1,0,0.0,6.831745656273617e-08,1.9793050864770148,1.3522108926979622e-07,0.0
2026-07-16_ttft_component_regression/phase1/input6000_rate3p33_reuse00_seed1,0,0.0,6.747373024717433e-07,0.40561140293357206,2.736811438671778e-07,0.0
2026-07-16_ttft_component_regression/phase1/input6000_rate3p33_reuse00_seed1,0,0.0,3.887346723440341e-10,1.588826080156201,6.176317856811769e-10,0.0
2026-07-16_ttft_component_regression/phase1/input6000_rate3p33_reuse00_seed1,0,0.0,1.0084512819017743e-07,0.6951206895365648,7.00995350439594e-08,0.0
2026-07-16_ttft_component_regression/phase1/input6000_rate3p33_reuse00_seed1,0,0.0,0.00035918507123321533,1.3179111850927714,0.00047337402289659834,0.0
2026-07-16_ttft_component_regression/phase1/input6000_rate3p33_reuse00_seed1,0,0.0,1.8318822318726845e-05,0.792703844687102,1.4521400882194662e-05,0.0
2026-07-16_ttft_component_regression/phase1/input6000_rate3p33_reuse00_seed1,0,0.0,3.1681262807446856e-05,0.5888226897944094,1.865464638236444e-05,0.0
2026-07-16_ttft_component_regression/phase1/input6000_rate3p33_reuse00_seed1,0,0.0,0.02860134918489957,2.4901547810051703,0.071221786415976,0.0
2026-07-16_ttft_component_regression/phase1/input6000_rate3p33_reuse00_seed1,0,0.0,0.0022640974127016594,1.9577535467161615,0.004432544739827559,0.0
2026-07-16_ttft_component_regression/phase1/input6000_rate3p33_reuse00_seed1,0,0.0,0.0005417744880582146,1.4919955931755255,0.0008083251486777826,0.0
2026-07-16_ttft_component_regression/phase1/input6000_rate3p33_reuse00_seed1,0,0.0,0.060740404432157745,0.5940000416176217,0.03607980276057287,0.0
2026-07-16_ttft_component_regression/phase1/input6000_rate3p33_reuse00_seed1,0,0.0,0.0464398454839019,2.4588278980436287,0.1141875876566534,0.0
2026-07-16_ttft_component_regression/phase1/input6000_rate3p33_reuse00_seed1,0,0.0,4.311129168130759e-05,3.1531608575027157,0.00013593683744588152,0.0
2026-07-16_ttft_component_regression/phase1/input6000_rate3p33_reuse00_seed1,0,0.0,0.0049346245857325305,0.6578408024144133,0.00324619739709218,0.0
2026-07-16_ttft_component_regression/phase1/input6000_rate3p33_reuse00_seed1,0,0.0,0.0004474735189180464,3.2790794960375247,0.0014673012409039253,0.0
2026-07-16_ttft_component_regression/phase1/input6000_rate3p33_reuse00_seed1,0,0.0,0.5143047272363641,1.9596737316181434,1.007869464012137,1.9596737316181434
2026-07-16_ttft_component_regression/phase1/input6000_rate3p33_reuse00_seed1,0,0.0,0.46228705018593835,4.19258547400807,1.938177971431605,0.0
2026-07-16_ttft_component_regression/phase1/input6000_rate3p33_reuse00_seed1,0,0.0,0.07274934903398024,4.394449863900908,0.3196933669612541,0.0
2026-07-16_ttft_component_regression/phase1/input6000_rate3p33_reuse00_seed1,0,0.0,0.008548462701556733,4.946421763449266,0.042284301951014534,0.0
2026-07-16_ttft_component_regression/phase1/input6000_rate3p33_reuse00_seed1,0,0.0,0.06758055368508027,2.5012089496918666,0.16903308570225442,0.0
2026-07-16_ttft_component_regression/phase1/input6000_rate3p33_reuse00_seed1,1,3788.018191,0.9133773012328413,4634.480070695888,4233.028899589597,4634.480070695888
2026-07-16_ttft_component_regression/phase1/input6000_rate3p33_reuse00_seed1,1,3045.038408,0.9327900959237815,3591.4938154650667,3350.1098606373275,3591.4938154650667
2026-07-16_ttft_component_regression/phase1/input6000_rate3p33_reuse00_seed1,1,7823.60849,0.9142589539481438,10192.607272409638,9318.68246287748,10192.607272409638
2026-07-16_ttft_component_regression/phase1/input6000_rate3p33_reuse00_seed1,1,411.562812,0.9343722549003283,1022.8537209968086,955.7261377209793,1022.8537209968086
2026-07-16_ttft_component_regression/phase1/input6000_rate3p33_reuse00_seed1,1,8408.406743,0.9461168145945286,12165.23328248411,11509.731762023208,12165.23328248411
2026-07-16_ttft_component_regression/phase1/input6000_rate3p33_reuse00_seed1,1,7455.891599,0.9340222518347107,7858.37625580458,7339.898286211016,7858.37625580458
2026-07-16_ttft_component_regression/phase1/input6000_rate3p33_reuse00_seed1,0,0.0,0.040519302223781244,1.65549267461891,0.06707940801213956,0.0
2026-07-16_ttft_component_regression/phase1/input6000_rate3p33_reuse00_seed1,0,0.0,0.049507550022344235,1.88685393191196,0.09341351541898826,0.0
2026-07-16_ttft_component_regression/phase1/input6000_rate3p33_reuse00_seed1,0,0.0,0.004738128870308707,1.6601986897557865,0.007866235342380581,0.0
2026-07-16_ttft_component_regression/phase1/input6000_rate3p33_reuse00_seed1,0,0.0,0.34080014376568196,5.001905358989399,1.7046500654459222,0.0
2026-07-16_ttft_component_regression/phase1/input6000_rate3p33_reuse00_seed1,0,0.0,0.4056000964154949,4.67277097276727,1.8952763570819307,0.0
2026-07-16_ttft_component_regression/phase1/input6000_rate3p33_reuse00_seed1,0,0.0,0.0466142394230924,1.6914067171901894,0.07884363767693023,0.0
2026-07-16_ttft_component_regression/phase1/input6000_rate3p33_reuse00_seed1,0,0.0,4.0089580764515756e-12,0.6691620015475583,2.682642410558586e-12,0.0
2026-07-16_ttft_component_regression/phase1/input6000_rate3p33_reuse00_seed1,0,0.0,5.74963391312731e-11,0.6721328458056004,3.864517804370649e-11,0.0
2026-07-16_ttft_component_regression/phase1/input6000_rate3p33_reuse00_seed1,0,0.0,9.49969290441462e-09,0.6132810152509292,5.825981308991446e-09,0.0
2026-07-16_ttft_component_regression/phase1/input6000_rate3p33_reuse00_seed1,0,0.0,1.0678926314429285e-09,1.2899100116707642,1.377485396687671e-09,0.0
2026-07-16_ttft_component_regression/phase1/input6000_rate3p33_reuse00_seed1,0,0.0,1.5361347360863686e-07,0.7353490648556082,1.1295952416733277e-07,0.0
2026-07-16_ttft_component_regression/phase1/input6000_rate3p33_reuse00_seed1,0,0.0,1.4179601333896596e-05,0.5626071331184558,7.977544855226195e-06,0.0
2026-07-16_ttft_component_regression/phase1/input6000_rate3p33_reuse00_seed1,0,0.0,0.00041613784401164304,0.3591469183368913,0.00014945462428013956,0.0
2026-07-16_ttft_component_regression/phase1/input6000_rate3p33_reuse00_seed1,0,0.0,0.0027547674332689506,0.3780970612221626,0.00104156947086951,0.0
2026-07-16_ttft_component_regression/phase1/input6000_rate3p33_reuse00_seed1,0,0.0,0.05349420117936923,0.4235102275977493,0.022655341316634454,0.0
2026-07-16_ttft_component_regression/phase1/input6000_rate3p33_reuse00_seed1,0,0.0,1.5198837420483397e-06,0.8302782939743923,1.261926480387311e-06,0.0
2026-07-16_ttft_component_regression/phase1/input6000_rate3p33_reuse00_seed1,0,0.0,0.5615193598206328,1.5901005673310071,0.8928722526181322,1.5901005673310071
2026-07-16_ttft_component_regression/phase1/input6000_rate3p33_reuse00_seed1,1,1046.655968,0.9776613627571222,4246.815285708926,4151.947219603966,4246.815285708926
2026-07-16_ttft_component_regression/phase1/input6000_rate3p33_reuse00_seed1,1,2593.357173,0.9680012717842068,4354.236921243548,4214.906877413503,4354.236921243548
2026-07-16_ttft_component_regression/phase1/input6000_rate3p33_reuse00_seed1,1,1199.425498,0.9190477471423502,1536.9102838078488,1412.4939338935135,1536.9102838078488
2026-07-16_ttft_component_regression/phase1/input6000_rate3p33_reuse00_seed1,0,0.0,0.3852947231382484,5.262378963635602,2.027566845842522,0.0
2026-07-16_ttft_component_regression/phase1/input6000_rate3p33_reuse00_seed1,1,2392.506026,0.8036817891561334,4262.21482815152,3425.4644388566153,4262.21482815152
2026-07-16_ttft_component_regression/phase1/input6000_rate3p33_reuse00_seed1,1,1520.815899,0.9176111736777408,1286.4880044961355,1180.4957677280336,1286.4880044961355
2026-07-16_ttft_component_regression/phase1/input6000_rate3p33_reuse00_seed1,1,3226.050685,0.9877382096563383,6341.336602495081,6263.580462576699,6341.336602495081
2026-07-16_ttft_component_regression/phase1/input6000_rate3p33_reuse00_seed1,0,0.0,0.10809198993614316,0.5739794274857778,0.062042578499345906,0.0
2026-07-16_ttft_component_regression/phase1/input6000_rate3p33_reuse00_seed1,1,895.638985,0.4734792224892303,1231.3611427569995,583.0239164760342,0.0
2026-07-16_ttft_component_regression/phase1/input6000_rate3p33_reuse00_seed1,1,5002.224177,0.7688472856402266,5244.660358048746,4032.3428803906777,5244.660358048746
2026-07-16_ttft_component_regression/phase1/input6000_rate3p33_reuse00_seed1,1,2774.562029,0.9650860790396398,2594.0851322040603,2503.5154489338424,2594.0851322040603
2026-07-16_ttft_component_regression/phase1/input6000_rate3p33_reuse00_seed1,1,6249.006096,0.9789336030075529,6110.395955110225,5981.6719281388305,6110.395955110225
2026-07-16_ttft_component_regression/phase1/input6000_rate3p33_reuse00_seed1,1,5566.90171,0.9722833279054184,5403.85139822991,5254.074620977325,5403.85139822991
2026-07-16_ttft_component_regression/phase1/input6000_rate3p33_reuse00_seed1,1,3753.661663,0.7402959264163945,4257.055962060956,3151.4811872403507,4257.055962060956
2026-07-16_ttft_component_regression/phase1/input6000_rate3p33_reuse00_seed1,1,14141.396298,0.9868554980383301,14436.832883775447,14247.06790561436,14436.832883775447
2026-07-16_ttft_component_regression/phase1/input6000_rate3p33_reuse00_seed1,1,15621.146626,0.9700548754239215,13125.999447574677,12732.939758931516,13125.999447574677
2026-07-16_ttft_component_regression/phase1/input6000_rate3p33_reuse00_seed1,1,16998.695114,0.9631699581599894,16019.993371665565,15429.97634551043,16019.993371665565
2026-07-16_ttft_component_regression/phase1/input6000_rate3p33_reuse00_seed1,1,16916.712145,0.9882880769534627,17823.432404734423,17614.685735985015,17823.432404734423
2026-07-16_ttft_component_regression/phase1/input6000_rate3p33_reuse00_seed1,1,15656.089271,0.9793081485920462,14241.62825282989,13946.942597215018,14241.62825282989
2026-07-16_ttft_component_regression/phase1/input6000_rate3p33_reuse00_seed1,1,18638.590841,0.9515858161812183,12571.339762715703,11962.708608595225,12571.339762715703
2026-07-16_ttft_component_regression/phase1/input6000_rate3p33_reuse00_seed1,1,16501.638851,0.9522949339122068,9146.32871278395,8710.002497079911,9146.32871278395
2026-07-16_ttft_component_regression/phase1/input6000_rate3p33_reuse00_seed1,1,17157.03861,0.979850611472798,18380.866622197995,18010.503399160647,18380.866622197995
2026-07-16_ttft_component_regression/phase1/input6000_rate3p33_reuse00_seed1,1,17738.834491,0.9347958546736804,14761.433867553624,13798.927188428801,14761.433867553624
2026-07-16_ttft_component_regression/phase1/input6000_rate3p33_reuse00_seed1,1,18419.551463,0.974527774326839,11741.078344715786,11442.006947472923,11741.078344715786
2026-07-16_ttft_component_regression/phase1/input6000_rate3p33_reuse00_seed1,1,19356.692193,0.9805471606395838,15740.911603310158,15434.706178504453,15740.911603310158
2026-07-16_ttft_component_regression/phase1/input6000_rate3p33_reuse00_seed1,1,20016.503462,0.979847131578202,13090.48762462244,12826.67674994625,13090.48762462244
2026-07-16_ttft_component_regression/phase1/input6000_rate3p33_reuse00_seed1,1,20275.77532,0.9865675772169479,15679.239826689754,15468.629648420789,15679.239826689754
2026-07-16_ttft_component_regression/phase1/input6000_rate3p33_reuse00_seed1,1,23859.779899,0.9767824725919477,7936.468822630514,7752.203640217938,7936.468822630514
2026-07-16_ttft_component_regression/phase1/input6000_rate3p33_reuse00_seed1,1,25163.031764,0.9994266351447993,25693.317014735654,25678.585369745877,25693.317014735654
2026-07-16_ttft_component_regression/phase1/input6000_rate3p33_reuse00_seed1,1,23631.745116,0.9998963871966009,25108.121807852902,25105.520284964303,25108.121807852902
2026-07-16_ttft_component_regression/phase1/input6000_rate3p33_reuse00_seed1,1,26243.574508,0.9998388853644253,28241.121510545723,28236.571452545333,28241.121510545723
2026-07-16_ttft_component_regression/phase1/input6000_rate3p33_reuse00_seed1,1,24080.583399,0.9998723337384425,27960.05982655976,27956.490270248778,27960.05982655976
2026-07-16_ttft_component_regression/phase1/input6000_rate3p33_reuse00_seed1,1,23288.45503,0.9999399220478736,25892.88480591963,25891.32921442585,25892.88480591963
2026-07-16_ttft_component_regression/phase1/input6000_rate3p33_reuse00_seed1,1,25071.48348,0.9992570917125628,32997.248724796606,32972.73479525633,32997.248724796606
2026-07-16_ttft_component_regression/phase1/input6000_rate3p33_reuse00_seed1,1,23752.295965,0.9989956892105242,23305.65593009701,23282.249808390603,23305.65593009701
2026-07-16_ttft_component_regression/phase1/input6000_rate3p33_reuse00_seed1,1,25327.003026,0.9999712089311416,31118.120435531513,31117.224511583307,31118.120435531513
2026-07-16_ttft_component_regression/phase1/input6000_rate3p33_reuse00_seed1,1,27076.86233,0.9999559980135715,30942.540995980173,30941.179462711203,30942.540995980173
2026-07-16_ttft_component_regression/phase1/input6000_rate3p33_reuse00_seed1,1,27600.838571,0.9999794832789172,32466.898149325043,32466.232035031288,32466.898149325043
2026-07-16_ttft_component_regression/phase1/input6000_rate3p33_reuse00_seed1,0,0.0,1.3921137866121652e-12,0.5936138203993468,8.263779833014485e-13,0.0
2026-07-16_ttft_component_regression/phase1/input6000_rate3p33_reuse00_seed1,0,0.0,3.2634979968558893e-09,1.2333928048072458,4.025174947824914e-09,0.0
2026-07-16_ttft_component_regression/phase1/input6000_rate3p33_reuse00_seed1,0,0.0,2.560602162861487e-11,0.7626444383905684,1.9528289984371735e-11,0.0
2026-07-16_ttft_component_regression/phase1/input6000_rate3p33_reuse00_seed1,0,0.0,3.475793218138606e-10,0.8397597605986655,2.918831280754541e-10,0.0
2026-07-16_ttft_component_regression/phase1/input6000_rate3p33_reuse00_seed1,0,0.0,3.44393911007991e-08,0.6917387083258263,2.382305991559473e-08,0.0
2026-07-16_ttft_component_regression/phase1/input6000_rate3p33_reuse00_seed1,0,0.0,4.407535225750006e-08,1.8179865336475178,8.012839686990584e-08,0.0
2026-07-16_ttft_component_regression/phase1/input6000_rate3p33_reuse00_seed1,0,0.0,1.658210473458404e-05,0.5213214731029663,8.644607267381025e-06,0.0
2026-07-16_ttft_component_regression/phase1/input6000_rate3p33_reuse00_seed1,0,0.0,0.00016484904046970897,1.3863859292941714,0.00022854439016484993,0.0
2026-07-16_ttft_component_regression/phase1/input6000_rate3p33_reuse00_seed1,0,0.0,1.1697639838138023e-06,0.9264606544921552,1.083740306045486e-06,0.0
2026-07-16_ttft_component_regression/phase1/input6000_rate3p33_reuse00_seed1,0,0.0,0.023034452803580522,2.262177613607989,0.052108023473969645,0.0
2026-07-16_ttft_component_regression/phase1/input6000_rate3p33_reuse00_seed1,0,0.0,0.003795958465949592,2.0510630362932067,0.007785750096813474,0.0
2026-07-16_ttft_component_regression/phase1/input6000_rate3p33_reuse00_seed1,0,0.0,0.25411003025388307,3.622054015950808,0.9204002555744585,0.0
2026-07-16_ttft_component_regression/phase1/input6000_rate3p33_reuse00_seed1,0,0.0,0.17186500996475337,4.22780112350408,0.7266110822200242,0.0
2026-07-16_ttft_component_regression/phase1/input6000_rate3p33_reuse00_seed1,0,0.0,0.002667112598899162,2.3755994805943095,0.006335991304631389,0.0
2026-07-16_ttft_component_regression/phase1/input6000_rate3p33_reuse00_seed1,0,0.0,2.316666920565389e-06,5.825686300678095,1.3496174742371896e-05,0.0
2026-07-16_ttft_component_regression/phase1/input6000_rate3p33_reuse00_seed1,0,0.0,0.0042764276627413386,1.9394957638392372,0.008294113336251756,0.0
2026-07-16_ttft_component_regression/phase1/input6000_rate3p33_reuse00_seed1,0,0.0,5.179349782681483e-05,4.929561533643375,0.0002553192345799081,0.0
2026-07-16_ttft_component_regression/phase1/input6000_rate3p33_reuse00_seed1,0,0.0,3.294322416066029e-06,6.988038146452199,2.3020850710181986e-05,0.0
2026-07-16_ttft_component_regression/phase1/input6000_rate3p33_reuse00_seed1,0,0.0,0.0004915939140553798,1.42449508890387,0.0007002731163069198,0.0
2026-07-16_ttft_component_regression/phase1/input6000_rate3p33_reuse00_seed1,0,0.0,0.00041900860992124405,1.6708271361258282,0.0007000909557267765,0.0
2026-07-16_ttft_component_regression/phase1/input6000_rate3p33_reuse00_seed1,0,0.0,0.00033627344221722605,1.4575839377741708,0.0004901467680758594,0.0
2026-07-16_ttft_component_regression/phase1/input6000_rate3p33_reuse00_seed1,0,0.0,2.7894246290922e-05,2.693173894515431,7.512405591789502e-05,0.0
2026-07-16_ttft_component_regression/phase1/input6000_rate3p33_reuse00_seed1,0,0.0,1.0853969025082034e-08,3.0502090424070922,3.3106874466311714e-08,0.0
2026-07-16_ttft_component_regression/phase1/input6000_rate3p33_reuse00_seed1,0,0.0,1.4180653610589121e-08,3.0393900118825177,4.310053694599034e-08,0.0
2026-07-16_ttft_component_regression/phase1/input6000_rate3p33_reuse00_seed1,0,0.0,2.012997511251241e-07,2.7997577388036676,5.635905360318185e-07,0.0
2026-07-16_ttft_component_regression/phase1/input6000_rate3p33_reuse00_seed1,0,0.0,1.6552280540399411e-12,0.4622918872304142,7.651985008988504e-13,0.0
2026-07-16_ttft_component_regression/phase1/input6000_rate3p33_reuse00_seed1,0,0.0,2.4031713181179183e-10,0.5321647368444793,1.2788830320984225e-10,0.0
2026-07-16_ttft_component_regression/phase1/input6000_rate3p33_reuse00_seed1,0,0.0,4.091269596577832e-11,0.7618152974250081,3.1167917645628337e-11,0.0
2026-07-16_ttft_component_regression/phase1/input6000_rate3p33_reuse00_seed1,0,0.0,7.023036147834051e-09,0.7958727677847787,5.589443217229236e-09,0.0
2026-07-16_ttft_component_regression/phase1/input6000_rate3p33_reuse00_seed1,0,0.0,6.400731669671019e-07,0.5500613987271195,3.520795415096211e-07,0.0
2026-07-16_ttft_component_regression/phase1/input6000_rate3p33_reuse00_seed1,0,0.0,5.407900165030433e-07,0.7220117449732744,3.9045674347948815e-07,0.0
2026-07-16_ttft_component_regression/phase1/input6000_rate3p33_reuse00_seed1,0,0.0,4.979883251974901e-08,1.8527824439827183,9.226640262342664e-08,0.0
2026-07-16_ttft_component_regression/phase1/input6000_rate3p33_reuse00_seed1,0,0.0,1.512129078410424e-05,0.735240406375646,1.1117783981029113e-05,0.0
2026-07-16_ttft_component_regression/phase1/input6000_rate3p33_reuse00_seed1,0,0.0,0.0006321135765422783,0.28442730326607446,0.00017979035993379358,0.0
2026-07-16_ttft_component_regression/phase1/input6000_rate3p33_reuse00_seed1,0,0.0,0.0027963999252793577,2.0643278921597745,0.005772686363387687,0.0
2026-07-16_ttft_component_regression/phase1/input6000_rate3p33_reuse00_seed1,0,0.0,0.04534847294292675,2.291090978696331,0.10389747725719414,0.0
2026-07-16_ttft_component_regression/phase1/input6000_rate3p33_reuse00_seed1,0,0.0,2.4608359703216953e-07,2.6008119349241743,6.400171561503376e-07,0.0
2026-07-16_ttft_component_regression/phase1/input6000_rate3p33_reuse00_seed1,0,0.0,2.9945996254192107e-05,0.7331721568828564,2.1955570663691966e-05,0.0
2026-07-16_ttft_component_regression/phase1/input6000_rate3p33_reuse00_seed1,0,0.0,4.084587937376902e-06,2.429194005182842,9.922256531118121e-06,0.0
2026-07-16_ttft_component_regression/phase1/input6000_rate3p33_reuse00_seed1,0,0.0,0.006069328138763988,2.2048531131683125,0.013381977041593818,0.0
2026-07-16_ttft_component_regression/phase1/input6000_rate3p33_reuse00_seed1,0,0.0,3.020362082645375e-07,5.583822431466042,1.6865165548224734e-06,0.0
2026-07-16_ttft_component_regression/phase1/input6000_rate3p33_reuse00_seed1,0,0.0,0.0005629346577101063,1.4669981377745231,0.0008258240945494646,0.0
2026-07-16_ttft_component_regression/phase1/input6000_rate3p33_reuse00_seed1,0,0.0,1.9342208823255914e-08,5.439204248792402,1.0520622441248345e-07,0.0
2026-07-16_ttft_component_regression/phase1/input6000_rate3p33_reuse00_seed1,0,0.0,4.09023724293015e-06,4.910844740845936,2.008652005325571e-05,0.0
2026-07-16_ttft_component_regression/phase1/input6000_rate3p33_reuse00_seed1,0,0.0,4.2556782313751706e-05,3.468155188409946,0.00014759352538347062,0.0
2026-07-16_ttft_component_regression/phase1/input6000_rate3p33_reuse00_seed1,0,0.0,0.0004378314785136666,1.5965093818302638,0.0006990020631076842,0.0
2026-07-16_ttft_component_regression/phase1/input6000_rate3p33_reuse00_seed1,0,0.0,0.0003232231731891905,1.2255061581718738,0.0003961119892072071,0.0
2026-07-16_ttft_component_regression/phase1/input6000_rate3p33_reuse00_seed1,0,0.0,0.004972101064288554,1.3645663854879828,0.006784761977577184,0.0
2026-07-16_ttft_component_regression/phase1/input6000_rate3p33_reuse00_seed1,0,0.0,0.0006559299478222551,1.20556770405602,0.0007907679612176611,0.0
2026-07-16_ttft_component_regression/phase1/input6000_rate3p33_reuse00_seed1,0,0.0,0.00043014537112172514,1.1162803218154522,0.0004801628133031865,0.0
2026-07-16_ttft_component_regression/phase1/input6000_rate3p33_reuse00_seed1,0,0.0,2.5020891690632733e-05,2.855002223741847,7.143470141676036e-05,0.0
2026-07-16_ttft_component_regression/phase1/input6000_rate3p33_reuse00_seed1,0,0.0,2.4115729185935827e-05,2.894720957853392,6.980830668844517e-05,0.0
2026-07-16_ttft_component_regression/phase1/input6000_rate3p33_reuse00_seed1,0,0.0,3.3648989686473996e-05,3.1284845069401577,0.00010527034290832305,0.0
2026-07-16_ttft_component_regression/phase1/input6000_rate3p33_reuse00_seed1,0,0.0,2.3293722320169455e-06,2.8722052045743287,6.690435048189992e-06,0.0
2026-07-16_ttft_component_regression/phase1/input6000_rate3p33_reuse00_seed1,0,0.0,3.2692872274567075e-05,4.2007682032005045,0.00013733517832229672,0.0
2026-07-16_ttft_component_regression/phase1/input6000_rate3p33_reuse00_seed1,0,0.0,1.5300718453194949e-12,0.5774418764395565,8.835275574486239e-13,0.0
2026-07-16_ttft_component_regression/phase1/input6000_rate3p33_reuse00_seed1,0,0.0,2.0037643930442195e-11,0.8395519019832236,1.682264207306534e-11,0.0
2026-07-16_ttft_component_regression/phase1/input6000_rate3p33_reuse00_seed1,0,0.0,4.2462853915047596e-09,0.4832291727583665,2.0519289770327815e-09,0.0
2026-07-16_ttft_component_regression/phase1/input6000_rate3p33_reuse00_seed1,0,0.0,2.917764932433298e-10,0.7687096806145088,2.2429141493190146e-10,0.0
2026-07-16_ttft_component_regression/phase1/input6000_rate3p33_reuse00_seed1,0,0.0,4.180932290732972e-08,0.6496535125902908,2.716157348576846e-08,0.0
2026-07-16_ttft_component_regression/phase1/input6000_rate3p33_reuse00_seed1,0,0.0,1.3022342439612547e-09,3.006917515295891,3.915710957185199e-09,0.0
2026-07-16_ttft_component_regression/phase1/input6000_rate3p33_reuse00_seed1,0,0.0,2.670986049547552e-07,3.069300729153784,8.198059429435886e-07,0.0
2026-07-16_ttft_component_regression/phase1/input6000_rate3p33_reuse00_seed1,0,0.0,1.750053501097984e-05,2.8690427948102974,5.020978387857706e-05,0.0
2026-07-16_ttft_component_regression/phase1/input6000_rate3p33_reuse00_seed1,0,0.0,1.3861089390127543e-11,0.7461848581790084,1.0342935020778878e-11,0.0
2026-07-16_ttft_component_regression/phase1/input6000_rate3p33_reuse00_seed1,0,0.0,2.0509586958630059e-10,2.3513094445030323,4.822438551868307e-10,0.0
2026-07-16_ttft_component_regression/phase1/input6000_rate3p33_reuse00_seed1,0,0.0,0.0034532429806599803,1.8243955360439963,0.006300081078791333,0.0
2026-07-16_ttft_component_regression/phase1/input6000_rate3p33_reuse00_seed1,0,0.0,1.953644090177723e-06,2.68829080369787,5.251963441323465e-06,0.0
2026-07-16_ttft_component_regression/phase1/input6000_rate3p33_reuse00_seed1,0,0.0,3.216443438928827e-08,2.7981350499185123,9.000043122547185e-08,0.0
2026-07-16_ttft_component_regression/phase1/input6000_rate3p33_reuse00_seed1,0,0.0,0.310741031855346,1.4256401001084822,0.44300487576206854,0.0
2026-07-16_ttft_component_regression/phase1/input6000_rate3p33_reuse00_seed1,0,0.0,0.0003764715943279183,1.7941091913964642,0.0006754311476833991,0.0
2026-07-16_ttft_component_regression/phase1/input6000_rate3p33_reuse00_seed1,1,4065.373956,0.9707329771462756,3733.5576165919856,3624.287500501491,3733.5576165919856
2026-07-16_ttft_component_regression/phase1/input6000_rate3p33_reuse00_seed1,0,0.0,0.06181703551422732,2.3799823706659264,0.1471234547306905,0.0
2026-07-16_ttft_component_regression/phase1/input6000_rate3p33_reuse00_seed1,1,4874.520558,0.8641047914728576,4686.089239472102,4049.2721650972426,4686.089239472102
2026-07-16_ttft_component_regression/phase1/input6000_rate3p33_reuse00_seed1,1,1024.949607,0.8314195160379554,993.4079654681276,825.9387698777606,993.4079654681276
2026-07-16_ttft_component_regression/phase1/input6000_rate3p33_reuse00_seed1,1,4579.621468,0.896868343728186,3967.3186684850275,3558.1625232460788,3967.3186684850275
2026-07-16_ttft_component_regression/phase1/input6000_rate3p33_reuse00_seed1,1,1293.100871,0.8943192057331132,1190.6691215491426,1064.8382630747728,1190.6691215491426
2026-07-16_ttft_component_regression/phase1/input6000_rate3p33_reuse00_seed1,0,0.0,2.386970219118078e-06,2.9329696267966003,7.000911152741349e-06,0.0
2026-07-16_ttft_component_regression/phase1/input6000_rate3p33_reuse00_seed1,0,0.0,5.834979580278428e-05,2.192533390538514,0.00012793387562870856,0.0
2026-07-16_ttft_component_regression/phase1/input6000_rate3p33_reuse00_seed1,0,0.0,2.2929253335812116e-06,2.8394663691937474,6.510684371776205e-06,0.0
2026-07-16_ttft_component_regression/phase1/input6000_rate3p33_reuse00_seed1,0,0.0,0.0007205140652506344,0.8036221521019047,0.000579021063736407,0.0
2026-07-16_ttft_component_regression/phase1/input6000_rate3p33_reuse00_seed1,0,0.0,0.41967784245752227,3.8116131070436112,1.5996495650468756,0.0
2026-07-16_ttft_component_regression/phase1/input6000_rate3p33_reuse00_seed1,0,0.0,0.04154506281322371,1.5460056058707718,0.06422890000549719,0.0
2026-07-16_ttft_component_regression/phase1/input6000_rate3p33_reuse00_seed1,0,0.0,0.005164869700832732,1.5528406819025775,0.00802021978817906,0.0
2026-07-16_ttft_component_regression/phase1/input6000_rate3p33_reuse00_seed1,0,0.0,0.02522230328700298,1.386778437848947,0.03497774635130235,0.0
2026-07-16_ttft_component_regression/phase1/input6000_rate3p33_reuse00_seed1,0,0.0,3.8009401035501826e-11,1.941965982348773,7.381296382039677e-11,0.0
2026-07-16_ttft_component_regression/phase1/input6000_rate3p33_reuse00_seed1,0,0.0,3.2844649621113514e-10,1.9518934893039992,6.410925775392253e-10,0.0
2026-07-16_ttft_component_regression/phase1/input6000_rate3p33_reuse00_seed1,0,0.0,5.833129396091355e-09,0.5953783774779937,3.4729191154640602e-09,0.0
2026-07-16_ttft_component_regression/phase1/input6000_rate3p33_reuse00_seed1,0,0.0,2.9256998006328043e-12,0.8275015845257588,2.4210212208703424e-12,0.0
2026-07-16_ttft_component_regression/phase1/input6000_rate3p33_reuse00_seed1,0,0.0,2.467031465849419e-06,0.3733047429384595,9.209545471800083e-07,0.0
2026-07-16_ttft_component_regression/phase1/input6000_rate3p33_reuse00_seed1,0,0.0,1.3027371076401048e-07,0.5295659660858472,6.898852349633144e-08,0.0
2026-07-16_ttft_component_regression/phase1/input6000_rate3p33_reuse00_seed1,0,0.0,0.00027800117055631955,1.2652566912888636,0.00035174284123251994,0.0
2026-07-16_ttft_component_regression/phase1/input6000_rate3p33_reuse00_seed1,0,0.0,3.2197735895921637e-05,0.5613386870231366,1.8073834792934365e-05,0.0
2026-07-16_ttft_component_regression/phase1/input6000_rate3p33_reuse00_seed1,0,0.0,0.00023377361799910035,1.8477217102551176,0.0004319485892618242,0.0
2026-07-16_ttft_component_regression/phase1/input6000_rate3p33_reuse00_seed1,0,0.0,2.592464925049566e-06,2.314056815216385,5.9991111280203834e-06,0.0
2026-07-16_ttft_component_regression/phase1/input6000_rate3p33_reuse00_seed1,0,0.0,4.921001414100793e-05,2.2243836661318404,0.00010946195166537492,0.0
2026-07-16_ttft_component_regression/phase1/input6000_rate3p33_reuse00_seed1,0,0.0,0.0004018938227190374,0.30776837304395466,0.0001236902079546537,0.0
2026-07-16_ttft_component_regression/phase1/input6000_rate3p33_reuse00_seed1,0,0.0,0.009740989001214357,0.5090722412986315,0.00495886710331351,0.0
2026-07-16_ttft_component_regression/phase1/input6000_rate3p33_reuse00_seed1,0,0.0,4.663965429343993e-05,0.7879755124454811,3.675090549215341e-05,0.0
2026-07-16_ttft_component_regression/phase1/input6000_rate3p33_reuse00_seed1,0,0.0,0.06478458284612093,2.519065259813778,0.16319659201919084,0.0
2026-07-16_ttft_component_regression/phase1/input6000_rate3p33_reuse00_seed1,0,0.0,0.00033119060496924693,1.5333502213630896,0.0005078311874429704,0.0
2026-07-16_ttft_component_regression/phase1/input6000_rate3p33_reuse00_seed1,0,0.0,4.6681817970259535e-05,3.262459099657915,0.0001522975218256476,0.0
2026-07-16_ttft_component_regression/phase1/input6000_rate3p33_reuse00_seed1,0,0.0,2.61629748088096e-06,3.250357097970881,8.503901087384763e-06,0.0
2026-07-16_ttft_component_regression/phase1/input6000_rate3p33_reuse00_seed1,0,0.0,6.960792158692098e-05,2.2647423906104143,0.00015764401074018567,0.0
2026-07-16_ttft_component_regression/phase1/input6000_rate3p33_reuse00_seed1,0,0.0,8.0818893947848e-06,2.9369180972348783,2.3735847223394117e-05,0.0
2026-07-16_ttft_component_regression/phase1/input6000_rate3p33_reuse00_seed1,0,0.0,4.4493572868861387e-05,3.4136191753040035,0.00015188411352293118,0.0
2026-07-16_ttft_component_regression/phase1/input6000_rate3p33_reuse00_seed1,0,0.0,2.0463983180894145e-06,2.90784501547659,5.950609148935981e-06,0.0
2026-07-16_ttft_component_regression/phase1/input6000_rate3p33_reuse00_seed1,0,0.0,3.1344450242849734e-05,2.9372748493183964,9.206726536403443e-05,0.0
2026-07-16_ttft_component_regression/phase1/input6000_rate3p33_reuse00_seed1,0,0.0,2.6742756162024816e-06,2.4779364628206046,6.62668506102017e-06,0.0
2026-07-16_ttft_component_regression/phase1/input6000_rate3p33_reuse00_seed1,0,0.0,2.2603278621181865e-05,2.758498666862045,6.235111394324153e-05,0.0
2026-07-16_ttft_component_regression/phase1/input6000_rate3p33_reuse00_seed1,0,0.0,0.0030218886508549666,1.281491528857321,0.003872524707220718,0.0
2026-07-16_ttft_component_regression/phase1/input6000_rate3p33_reuse00_seed1,0,0.0,0.06262117706525437,2.265730306098409,0.14188269868030146,0.0
2026-07-16_ttft_component_regression/phase1/input6000_rate3p33_reuse00_seed1,0,0.0,3.8215318517606915e-05,3.150717869469034,0.00012040568694087498,0.0
2026-07-16_ttft_component_regression/phase1/input6000_rate3p33_reuse00_seed1,0,0.0,0.0004121086071925402,0.9800821475380177,0.0004039002887561661,0.0
2026-07-16_ttft_component_regression/phase1/input6000_rate3p33_reuse00_seed1,0,0.0,0.05756329343018083,0.7572089859571574,0.04358744304662152,0.0
2026-07-16_ttft_component_regression/phase1/input6000_rate3p33_reuse00_seed1,0,0.0,1.128396549932148e-12,0.4523485240868866,5.104285139465419e-13,0.0
2026-07-16_ttft_component_regression/phase1/input6000_rate3p33_reuse00_seed1,0,0.0,1.5555021740961814e-11,0.6637789074334796,1.0325095336319653e-11,0.0
2026-07-16_ttft_component_regression/phase1/input6000_rate3p33_reuse00_seed1,0,0.0,1.747469465196544e-10,0.679577554685745,1.187541026046274e-10,0.0
2026-07-16_ttft_component_regression/phase1/input6000_rate3p33_reuse00_seed1,0,0.0,1.2684959683960423e-10,0.6722236701573243,8.527130154549568e-11,0.0
2026-07-16_ttft_component_regression/phase1/input6000_rate3p33_reuse00_seed1,0,0.0,1.1340584827447625e-11,0.7114457134332886,8.068210463314202e-12,0.0
2026-07-16_ttft_component_regression/phase1/input6000_rate3p33_reuse00_seed1,0,0.0,1.099850853047742e-09,3.2154871320836307,3.5365562651862185e-09,0.0
2026-07-16_ttft_component_regression/phase1/input6000_rate3p33_reuse00_seed1,0,0.0,1.0049681913653474e-10,2.5425754627172776,2.5552074641768937e-10,0.0
2026-07-16_ttft_component_regression/phase1/input6000_rate3p33_reuse00_seed1,0,0.0,2.3201892589481125e-09,2.1001298439252745,4.8726987062717975e-09,0.0
2026-07-16_ttft_component_regression/phase1/input6000_rate3p33_reuse00_seed1,0,0.0,4.460188906568375e-07,0.8202761311177602,3.65858650033426e-07,0.0
2026-07-16_ttft_component_regression/phase1/input6000_rate3p33_reuse00_seed1,0,0.0,2.8672172950002725e-08,0.7832262951774718,2.2456799794318357e-08,0.0
2026-07-16_ttft_component_regression/phase1/input6000_rate3p33_reuse00_seed1,0,0.0,3.602872402455242e-06,5.175158357739954,1.8645435225436872e-05,0.0
2026-07-16_ttft_component_regression/phase1/input6000_rate3p33_reuse00_seed1,0,0.0,2.8788929629323425e-06,2.9676769451367453,8.543624273610727e-06,0.0
2026-07-16_ttft_component_regression/phase1/input6000_rate3p33_reuse00_seed1,0,0.0,2.149210499808057e-07,3.255495205498207,6.996744477731535e-07,0.0
2026-07-16_ttft_component_regression/phase1/input6000_rate3p33_reuse00_seed1,0,0.0,2.396398494382285e-06,3.0805728941885464,7.382280245468311e-06,0.0
2026-07-16_ttft_component_regression/phase1/input6000_rate3p33_reuse00_seed1,0,0.0,1.705568059092915e-07,3.671991203229248,6.262830909497966e-07,0.0
2026-07-16_ttft_component_regression/phase1/input6000_rate3p33_reuse00_seed1,0,0.0,2.3793491246807916e-07,2.961337286104558,7.046055279577472e-07,0.0
2026-07-16_ttft_component_regression/phase1/input6000_rate3p33_reuse00_seed1,0,0.0,2.8811077901291892e-05,2.976125666105474,8.574538841019904e-05,0.0
2026-07-16_ttft_component_regression/phase1/input6000_rate3p33_reuse00_seed1,0,0.0,3.6003824041417213e-06,2.959940599146764,1.0656918050472713e-05,0.0
2026-07-16_ttft_component_regression/phase1/input6000_rate3p33_reuse00_seed1,0,0.0,0.004639117524102702,1.5777860142252829,0.007319534747876665,0.0
2026-07-16_ttft_component_regression/phase1/input6000_rate3p33_reuse00_seed1,0,0.0,0.043549436318945214,1.387674233730135,0.060432430673271614,0.0
2026-07-16_ttft_component_regression/phase1/input6000_rate3p33_reuse00_seed1,0,0.0,0.0002056300098317932,1.178239543875526,0.00024228140899133194,0.0
2026-07-16_ttft_component_regression/phase1/input6000_rate3p33_reuse00_seed1,0,0.0,0.0003528335431600564,0.8949936654605531,0.00031578378609025315,0.0
2026-07-16_ttft_component_regression/phase1/input6000_rate3p33_reuse00_seed1,0,0.0,2.411228856317985e-05,2.690048525587056,6.48632262979116e-05,0.0
2026-07-16_ttft_component_regression/phase1/input6000_rate3p33_reuse00_seed1,0,0.0,0.0021259628284971935,1.4307692373148537,0.0030417622146886587,0.0
2026-07-16_ttft_component_regression/phase1/input6000_rate3p33_reuse00_seed1,0,0.0,0.003887289098784547,1.975276761992338,0.0076784718239752536,0.0
2026-07-16_ttft_component_regression/phase1/input6000_rate3p33_reuse00_seed1,0,0.0,0.004055470957732114,0.5580461798965742,0.0022631400756439077,0.0
2026-07-16_ttft_component_regression/phase1/input6000_rate3p33_reuse00_seed1,0,0.0,1.0129879958184449e-12,0.6048004240228013,6.126555694010032e-13,0.0
2026-07-16_ttft_component_regression/phase1/input6000_rate3p33_reuse00_seed1,0,0.0,2.815340556002255e-12,0.4324305328504375,1.2174392167875021e-12,0.0
2026-07-16_ttft_component_regression/phase1/input6000_rate3p33_reuse00_seed1,0,0.0,6.745026245262077e-11,0.6020321916553688,4.060722933208111e-11,0.0
2026-07-16_ttft_component_regression/phase1/input6000_rate3p33_reuse00_seed1,0,0.0,3.2350645220915696e-10,2.9558012476549678,9.562207750642584e-10,0.0
2026-07-16_ttft_component_regression/phase1/input6000_rate3p33_reuse00_seed1,0,0.0,6.634932612348988e-09,5.2094819157078875,3.456456145597255e-08,0.0
2026-07-16_ttft_component_regression/phase1/input6000_rate3p33_reuse00_seed1,0,0.0,7.709834153142029e-10,4.60250993924687,3.5484588319781163e-09,0.0
2026-07-16_ttft_component_regression/phase1/input6000_rate3p33_reuse00_seed1,0,0.0,8.446620363360466e-09,0.6926974778651589,5.850952622184286e-09,0.0
2026-07-16_ttft_component_regression/phase1/input6000_rate3p33_reuse00_seed1,0,0.0,0.003041448534314348,1.8625358963017515,0.005664807071914822,0.0
2026-07-16_ttft_component_regression/phase1/input6000_rate3p33_reuse00_seed1,0,0.0,1.6284301490255384e-06,1.9005882038215343,3.0949751319852815e-06,0.0
2026-07-16_ttft_component_regression/phase1/input6000_rate3p33_reuse00_seed1,0,0.0,3.0407891670341406e-05,1.99657392561052,6.071160364179297e-05,0.0
2026-07-16_ttft_component_regression/phase1/input6000_rate3p33_reuse00_seed1,0,0.0,0.0006808087476122787,1.408067658098208,0.0009586247788631953,0.0
2026-07-16_ttft_component_regression/phase1/input6000_rate3p33_reuse00_seed1,0,0.0,2.597503461372561e-07,0.9366338373731619,2.4329096346154524e-07,0.0
2026-07-16_ttft_component_regression/phase1/input6000_rate3p33_reuse00_seed1,0,0.0,0.03135270396049526,3.4663848330169578,0.10868053748273147,0.0
2026-07-16_ttft_component_regression/phase1/input6000_rate3p33_reuse00_seed1,1,0.908906,0.9948926943314851,2.2055752130833026,2.1943106662951863,2.2055752130833026
2026-07-16_ttft_component_regression/phase1/input6000_rate3p33_reuse00_seed1,0,0.0,0.028896967998887614,1.8291018146014153,0.052855496603244366,0.0
2026-07-16_ttft_component_regression/phase1/input6000_rate3p33_reuse00_seed1,1,6.052056,0.9970033626964937,2.7981187118701127,2.7897337649584837,2.7981187118701127
2026-07-16_ttft_component_regression/phase1/input6000_rate3p33_reuse00_seed1,0,0.0,0.03447417553627251,2.0907710999629985,0.07207760990628996,0.0
2026-07-16_ttft_component_regression/phase1/input6000_rate3p33_reuse00_seed1,1,4461.197934,0.9975551621245552,8281.41054753278,8261.163841364063,8281.41054753278
2026-07-16_ttft_component_regression/phase1/input6000_rate3p33_reuse00_seed1,0,0.0,0.018749836415110653,1.9637868526188043,0.036820682240747596,0.0
2026-07-16_ttft_component_regression/phase1/input6000_rate3p33_reuse00_seed1,0,0.0,8.771798626416817e-08,2.788914666457172,2.4463797840422733e-07,0.0
2026-07-16_ttft_component_regression/phase1/input6000_rate3p33_reuse00_seed1,0,0.0,3.8596142286051456e-07,2.9562864287309667,1.141012516416233e-06,0.0
2026-07-16_ttft_component_regression/phase1/input6000_rate3p33_reuse00_seed1,0,0.0,2.589484715523942e-05,2.5916968744028868,6.711159443537449e-05,0.0
2026-07-16_ttft_component_regression/phase1/input6000_rate3p33_reuse00_seed1,0,0.0,3.1888476223638032e-06,2.665428324680698,8.499644775739178e-06,0.0
2026-07-16_ttft_component_regression/phase1/input6000_rate3p33_reuse00_seed1,1,3.610323,0.9978168287241613,1.0834605705966502,1.0810951906004198,1.0834605705966502
2026-07-16_ttft_component_regression/phase1/input6000_rate3p33_reuse00_seed1,0,0.0,2.87953547751157e-08,2.53353188551296,7.295394947741349e-08,0.0
2026-07-16_ttft_component_regression/phase1/input6000_rate3p33_reuse00_seed1,0,0.0,0.0017244260720560116,1.7325787469230136,0.002987703963084179,0.0
2026-07-16_ttft_component_regression/phase1/input6000_rate3p33_reuse00_seed1,0,0.0,7.88268658121987e-13,0.5222116691298531,4.116430916806324e-13,0.0
2026-07-16_ttft_component_regression/phase1/input6000_rate3p33_reuse00_seed1,0,0.0,1.1844929067721847e-11,0.6424531379721431,7.609811848615353e-12,0.0
2026-07-16_ttft_component_regression/phase1/input6000_rate3p33_reuse00_seed1,0,0.0,1.2500229663377282e-10,0.6610066404560765,8.26273481471841e-11,0.0
2026-07-16_ttft_component_regression/phase1/input6000_rate3p33_reuse00_seed1,0,0.0,1.3415444917891073e-09,0.6798014924887332,9.119839477582743e-10,0.0
2026-07-16_ttft_component_regression/phase1/input6000_rate3p33_reuse00_seed1,0,0.0,2.5925400086704242e-08,0.7764335205569003,2.0129349661165943e-08,0.0
2026-07-16_ttft_component_regression/phase1/input6000_rate3p33_reuse00_seed1,0,0.0,1.9021633048561803e-09,1.8424808151167738,3.504699396416631e-09,0.0
2026-07-16_ttft_component_regression/phase1/input6000_rate3p33_reuse00_seed1,0,0.0,5.061754942766817e-10,0.6335678018159296,3.2069649524196893e-10,0.0
2026-07-16_ttft_component_regression/phase1/input6000_rate3p33_reuse00_seed1,0,0.0,8.599946511620566e-09,2.389108973475507,2.054620938232208e-08,0.0
2026-07-16_ttft_component_regression/phase1/input6000_rate3p33_reuse00_seed1,0,0.0,1.0818364915906085e-05,2.98506149225081,3.229348451958842e-05,0.0
2026-07-16_ttft_component_regression/phase1/input6000_rate3p33_reuse00_seed1,0,0.0,6.36321116763977e-06,2.9070068104130464,1.8497898200425165e-05,0.0
2026-07-16_ttft_component_regression/phase1/input6000_rate3p33_reuse00_seed1,0,0.0,8.050294932915845e-05,1.2568984713813867,0.00010118403395351249,0.0
2026-07-16_ttft_component_regression/phase1/input6000_rate3p33_reuse00_seed1,0,0.0,8.061825578552135e-07,2.6967481448590935,2.174071317313806e-06,0.0
2026-07-16_ttft_component_regression/phase1/input6000_rate3p33_reuse00_seed1,0,0.0,5.176514735244847e-08,3.153629415280033,1.632480913769868e-07,0.0
2026-07-16_ttft_component_regression/phase1/input6000_rate3p33_reuse00_seed1,0,0.0,0.00017921429828982922,0.3634467075169789,6.513484665340417e-05,0.0
2026-07-16_ttft_component_regression/phase1/input6000_rate3p33_reuse00_seed1,0,0.0,9.831700066412593e-06,0.6928741939010752,6.812131258192773e-06,0.0
2026-07-16_ttft_component_regression/phase1/input6000_rate3p33_reuse00_seed1,0,0.0,1.566527410809795e-05,3.1303609059387676,4.903796164880462e-05,0.0
2026-07-16_ttft_component_regression/phase1/input6000_rate3p33_reuse00_seed1,0,0.0,2.7901868635707114e-05,2.7107030230973534,7.56336796608765e-05,0.0
2026-07-16_ttft_component_regression/phase1/input6000_rate3p33_reuse00_seed1,0,0.0,1.0952355468561819e-05,3.0749393547251764,3.3677828857220234e-05,0.0
2026-07-16_ttft_component_regression/phase1/input6000_rate3p33_reuse00_seed1,0,0.0,0.00024960546800714,1.601450478044918,0.00039973079606265985,0.0
2026-07-16_ttft_component_regression/phase1/input6000_rate3p33_reuse00_seed1,1,6.874726,0.9982896487357006,3.023927112469462,3.018755134909501,3.023927112469462
2026-07-16_ttft_component_regression/phase1/input6000_rate3p33_reuse00_seed1,1,1.344248,0.9990850279630167,2.5880403851217815,2.5856724005388116,2.5880403851217815
2026-07-16_ttft_component_regression/phase1/input6000_rate3p33_reuse00_seed1,0,0.0,3.654203564860635e-08,3.32035461458599,1.2133251669221585e-07,0.0
2026-07-16_ttft_component_regression/phase1/input6000_rate3p33_reuse00_seed1,0,0.0,2.543273943287297e-07,3.291162963550722,8.370329008310752e-07,0.0
2026-07-16_ttft_component_regression/phase1/input6000_rate3p33_reuse00_seed1,0,0.0,2.5766692302451227e-05,3.0910765001153746,7.96468170618107e-05,0.0
2026-07-16_ttft_component_regression/phase1/input6000_rate3p33_reuse00_seed1,0,0.0,1.8725512665375122e-07,3.2807732140185055,6.143416037132697e-07,0.0
2026-07-16_ttft_component_regression/phase1/input6000_rate3p33_reuse00_seed1,0,0.0,1.2339725977185221e-06,3.7177486442890317,4.58759995225785e-06,0.0
2026-07-16_ttft_component_regression/phase1/input6000_rate3p33_reuse00_seed1,0,0.0,0.0001835249662798808,1.0154658881525842,0.00018636334288157222,0.0
2026-07-16_ttft_component_regression/phase1/input6000_rate3p33_reuse00_seed1,0,0.0,0.00038428433312927567,1.205330666719265,0.00046318969146047793,0.0
2026-07-16_ttft_component_regression/phase1/input6000_rate3p33_reuse00_seed1,0,0.0,0.051114572044149736,1.3686428780863746,0.06995759499465844,0.0
2026-07-16_ttft_component_regression/phase1/input6000_rate3p33_reuse00_seed1,0,0.0,0.36303000605899954,4.4551946397262485,1.6173693370538422,0.0
2026-07-16_ttft_component_regression/phase1/input6000_rate3p33_reuse00_seed1,0,0.0,0.004378146432245051,1.670196403809877,0.007312364426488728,0.0
2026-07-16_ttft_component_regression/phase1/input6000_rate3p33_reuse00_seed1,0,0.0,5.346971046424211e-13,0.5276070269047038,2.821099496749411e-13,0.0
2026-07-16_ttft_component_regression/phase1/input6000_rate3p33_reuse00_seed1,0,0.0,1.175558042502887e-11,0.7657395084584582,9.001712376305479e-12,0.0
2026-07-16_ttft_component_regression/phase1/input6000_rate3p33_reuse00_seed1,0,0.0,1.1336950038423222e-10,1.5395702885098972,1.745403144147753e-10,0.0
2026-07-16_ttft_component_regression/phase1/input6000_rate3p33_reuse00_seed1,0,0.0,5.527336384595731e-07,0.5578666117423097,3.0835164208344085e-07,0.0
2026-07-16_ttft_component_regression/phase1/input6000_rate3p33_reuse00_seed1,0,0.0,1.3719134529003368e-10,2.1376321897704575,2.9326463584988966e-10,0.0
2026-07-16_ttft_component_regression/phase1/input6000_rate3p33_reuse00_seed1,0,0.0,2.5788848742148277e-09,0.7519126857176651,1.939096251927534e-09,0.0
2026-07-16_ttft_component_regression/phase1/input6000_rate3p33_reuse00_seed1,0,0.0,4.5023130061516324e-08,0.5040379537917468,2.269336634950637e-08,0.0
2026-07-16_ttft_component_regression/phase1/input6000_rate3p33_reuse00_seed1,0,0.0,3.573175565663653e-07,0.6705578283963733,2.3960208477904023e-07,0.0
2026-07-16_ttft_component_regression/phase1/input6000_rate3p33_reuse00_seed1,0,0.0,6.7138693336538584e-06,2.303862897965595,1.5467834459594115e-05,0.0
2026-07-16_ttft_component_regression/phase1/input6000_rate3p33_reuse00_seed1,0,0.0,8.284770871380666e-12,0.7554901212791142,6.259062550389052e-12,0.0
2026-07-16_ttft_component_regression/phase1/input6000_rate3p33_reuse00_seed1,0,0.0,8.375761672140401e-11,2.0440661846741364,1.7120611204911894e-10,0.0
2026-07-16_ttft_component_regression/phase1/input6000_rate3p33_reuse00_seed1,0,0.0,1.0146754869823027e-09,3.035565672373815,3.0801140768826615e-09,0.0
2026-07-16_ttft_component_regression/phase1/input6000_rate3p33_reuse00_seed1,0,0.0,2.3732876361516297e-08,2.9197810291473156,6.929480216745406e-08,0.0
2026-07-16_ttft_component_regression/phase1/input6000_rate3p33_reuse00_seed1,0,0.0,2.3480129625761194e-08,5.04526254433471,1.1846341853697672e-07,0.0
2026-07-16_ttft_component_regression/phase1/input6000_rate3p33_reuse00_seed1,0,0.0,2.7281548690254385e-09,3.019260007467024,8.237008890224943e-09,0.0
2026-07-16_ttft_component_regression/phase1/input6000_rate3p33_reuse00_seed1,0,0.0,8.933841102902158e-09,2.9937104434392836,2.6745333409785318e-08,0.0
2026-07-16_ttft_component_regression/phase1/input6000_rate3p33_reuse00_seed1,0,0.0,6.69754273572813e-08,2.958060478830613,1.9811736471836448e-07,0.0
2026-07-16_ttft_component_regression/phase1/input6000_rate3p33_reuse00_seed1,0,0.0,1.803769816107158e-05,4.37864162235036,7.898061593946057e-05,0.0
2026-07-16_ttft_component_regression/phase1/input6000_rate3p33_reuse00_seed1,0,0.0,2.4851575676281815e-06,4.175640888694995,1.0377125554238033e-05,0.0
2026-07-16_ttft_component_regression/phase1/input6000_rate3p33_reuse00_seed1,0,0.0,1.9682008252524325e-09,2.613625371936136,5.1441396139453985e-09,0.0
2026-07-16_ttft_component_regression/phase1/input6000_rate3p33_reuse00_seed1,0,0.0,2.4527277959853286e-08,3.49734367662797,8.578032047778946e-08,0.0
2026-07-16_ttft_component_regression/phase1/input6000_rate3p33_reuse00_seed1,0,0.0,4.257884124306954e-07,3.419611700276466,1.4560310369901475e-06,0.0
2026-07-16_ttft_component_regression/phase1/input6000_rate3p33_reuse00_seed1,0,0.0,9.652426469443164e-13,0.663893675056563,6.408184882011869e-13,0.0
2026-07-16_ttft_component_regression/phase1/input6000_rate3p33_reuse00_seed1,0,0.0,1.5233175339240656e-11,0.7125154501905215,1.0853872784670207e-11,0.0
2026-07-16_ttft_component_regression/phase1/input6000_rate3p33_reuse00_seed1,0,0.0,2.8349519839166425e-09,1.5591022211010381,4.419979934839232e-09,0.0
2026-07-16_ttft_component_regression/phase1/input6000_rate3p33_reuse00_seed1,0,0.0,3.8767481324031e-08,1.9837773190333885,7.690605016666318e-08,0.0
2026-07-16_ttft_component_regression/phase1/input6000_rate3p33_reuse00_seed1,0,0.0,3.8288709722966045e-07,0.40772136512117874,1.5611124996976264e-07,0.0
2026-07-16_ttft_component_regression/phase1/input6000_rate3p33_reuse00_seed1,0,0.0,2.205916974305034e-10,1.5912281545825453,3.510117196185711e-10,0.0
2026-07-16_ttft_component_regression/phase1/input6000_rate3p33_reuse00_seed1,0,0.0,5.722566201139151e-08,0.6976652338899239,3.992435487168319e-08,0.0
2026-07-16_ttft_component_regression/phase1/input6000_rate3p33_reuse00_seed1,0,0.0,0.00020292844303845958,1.326086232293696,0.00026910061445409674,0.0
2026-07-16_ttft_component_regression/phase1/input6000_rate3p33_reuse00_seed1,0,0.0,1.0395296371601366e-05,0.7953948710390314,8.26836541690238e-06,0.0
2026-07-16_ttft_component_regression/phase1/input6000_rate3p33_reuse00_seed1,0,0.0,1.7896381781550736e-05,0.5902968986570305,1.0564178662831582e-05,0.0
2026-07-16_ttft_component_regression/phase1/input6000_rate3p33_reuse00_seed1,0,0.0,0.008579638629755672,2.417702248216926,0.020743011604049073,0.0
2026-07-16_ttft_component_regression/phase1/input6000_rate3p33_reuse00_seed1,0,0.0,0.000666518309609081,2.036111709811899,0.0013571057349990828,0.0
2026-07-16_ttft_component_regression/phase1/input6000_rate3p33_reuse00_seed1,0,0.0,0.00019016687132878543,1.5111115448475856,0.000287363354712473,0.0
2026-07-16_ttft_component_regression/phase1/input6000_rate3p33_reuse00_seed1,0,0.0,0.01844818882688667,0.5758443613118621,0.010623285512379186,0.0
2026-07-16_ttft_component_regression/phase1/input6000_rate3p33_reuse00_seed1,0,0.0,0.026974794359817506,2.422980139368364,0.06535939099738358,0.0
2026-07-16_ttft_component_regression/phase1/input6000_rate3p33_reuse00_seed1,0,0.0,1.5127485405271905e-05,3.1397599385364674,4.749667264626782e-05,0.0
2026-07-16_ttft_component_regression/phase1/input6000_rate3p33_reuse00_seed1,0,0.0,0.0014496794626685154,0.6937472955100138,0.0010057112065826926,0.0
2026-07-16_ttft_component_regression/phase1/input6000_rate3p33_reuse00_seed1,0,0.0,0.0002468126221111038,1.4297208220151565,0.0003528731449684035,0.0
2026-07-16_ttft_component_regression/phase1/input6000_rate3p33_reuse00_seed1,0,0.0,0.3753461388090465,1.9626373871318703,0.7366683651422233,0.0
2026-07-16_ttft_component_regression/phase1/input6000_rate3p33_reuse00_seed1,0,0.0,0.43871588259928296,7.3461962763463,3.222892983124833,0.0
2026-07-16_ttft_component_regression/phase1/input6000_rate3p33_reuse00_seed1,0,0.0,0.04394941375319689,2.5064284817400115,0.11015606238678888,0.0
2026-07-16_ttft_component_regression/phase1/input6000_rate3p33_reuse00_seed1,0,0.0,0.004732267709022595,2.634514278524756,0.012467226849221661,0.0
2026-07-16_ttft_component_regression/phase1/input6000_rate3p33_reuse00_seed1,0,0.0,0.06546783181611722,4.635226919556496,0.30345825639906376,0.0
2026-07-16_ttft_component_regression/phase1/input6000_rate3p33_reuse00_seed1,1,1339.45956,0.9372581041539209,1225.769297822479,1148.8622082071795,1225.769297822479
2026-07-16_ttft_component_regression/phase1/input6000_rate3p33_reuse00_seed1,1,3728.206258,0.9612034062320791,4479.425366769036,4305.638920500778,4479.425366769036
2026-07-16_ttft_component_regression/phase1/input6000_rate3p33_reuse00_seed1,0,0.0,1.7292748264417237e-06,3.583394051956933,6.196673127270131e-06,0.0
2026-07-16_ttft_component_regression/phase1/input6000_rate3p33_reuse00_seed1,0,0.0,2.6684247705855323e-07,3.166803180455055,8.450376050295315e-07,0.0
2026-07-16_ttft_component_regression/phase1/input6000_rate3p33_reuse00_seed1,0,0.0,3.5173222993729953e-07,3.063367516857203,1.077485087821672e-06,0.0
2026-07-16_ttft_component_regression/phase1/input6000_rate3p33_reuse00_seed1,0,0.0,1.529923361061324e-08,3.0987663190209633,4.740874981940179e-08,0.0
2026-07-16_ttft_component_regression/phase1/input6000_rate3p33_reuse00_seed1,0,0.0,5.647051202857127e-05,4.042542641025878,0.0002282844528360641,0.0
2026-07-16_ttft_component_regression/phase1/input6000_rate3p33_reuse00_seed1,0,0.0,5.7649730946206565e-06,2.990012364489178,1.7237340833863202e-05,0.0
2026-07-16_ttft_component_regression/phase1/input6000_rate3p33_reuse00_seed1,0,0.0,4.493494806786568e-06,2.612418901617986,1.173889076757149e-05,0.0
2026-07-16_ttft_component_regression/phase1/input6000_rate3p33_reuse00_seed1,0,0.0,2.274926652496704e-12,0.6716675793344951,1.5279944778459872e-12,0.0
2026-07-16_ttft_component_regression/phase1/input6000_rate3p33_reuse00_seed1,0,0.0,3.262691996757476e-11,0.6746428831245503,2.2011519354398597e-11,0.0
2026-07-16_ttft_component_regression/phase1/input6000_rate3p33_reuse00_seed1,0,0.0,5.390703583180745e-09,0.6157027101326432,3.319070805686135e-09,0.0
2026-07-16_ttft_component_regression/phase1/input6000_rate3p33_reuse00_seed1,0,0.0,6.059872326084777e-10,1.2933473938146223,7.837520079791099e-10,0.0
2026-07-16_ttft_component_regression/phase1/input6000_rate3p33_reuse00_seed1,0,0.0,8.716963406687025e-08,0.7379539959919821,6.432717978880571e-08,0.0
2026-07-16_ttft_component_regression/phase1/input6000_rate3p33_reuse00_seed1,0,0.0,8.0464176041122e-06,0.5649527614749728,4.545845845424021e-06,0.0
2026-07-16_ttft_component_regression/phase1/input6000_rate3p33_reuse00_seed1,0,0.0,0.00023618443599652652,0.3611871327226795,8.530677923130863e-05,0.0
2026-07-16_ttft_component_regression/phase1/input6000_rate3p33_reuse00_seed1,0,0.0,0.0015650874688489416,0.38016572165274964,0.0005949926070446332,0.0
2026-07-16_ttft_component_regression/phase1/input6000_rate3p33_reuse00_seed1,0,0.0,0.03107488464298318,0.42483104923948195,0.01320157584787441,0.0
2026-07-16_ttft_component_regression/phase1/input6000_rate3p33_reuse00_seed1,0,0.0,8.624750472851497e-07,0.833025723303027,7.184639000955244e-07,0.0
2026-07-16_ttft_component_regression/phase1/input6000_rate3p33_reuse00_seed1,0,0.0,0.4208578147331351,1.5939885652853216,0.6708425442955858,0.0
2026-07-16_ttft_component_regression/phase1/input6000_rate3p33_reuse00_seed1,0,0.0,0.3158670475187549,1.6906131538979714,0.5340089854181226,0.0
2026-07-16_ttft_component_regression/phase1/input6000_rate3p33_reuse00_seed1,0,0.0,0.18794551984309907,4.963920716701235,0.9329466595603425,0.0
2026-07-16_ttft_component_regression/phase1/input6000_rate3p33_reuse00_seed1,0,0.0,0.030449302930895816,4.76669435650627,0.14514252044025092,0.0
2026-07-16_ttft_component_regression/phase1/input6000_rate3p33_reuse00_seed1,0,0.0,0.30421631660494486,7.6631753947284675,2.331262992081939,0.0
2026-07-16_ttft_component_regression/phase1/input6000_rate3p33_reuse00_seed1,0,0.0,0.008499919582096052,0.36738604195841934,0.0031227518122311304,0.0
2026-07-16_ttft_component_regression/phase1/input6000_rate3p33_reuse00_seed1,0,0.0,0.5189408441259656,4.665412432122267,2.4210730657213033,4.665412432122267
2026-07-16_ttft_component_regression/phase1/input6000_rate3p33_reuse00_seed1,0,0.0,0.007009559610212193,2.061212601977915,0.014448192602884772,0.0
2026-07-16_ttft_component_regression/phase1/input6000_rate3p33_reuse00_seed1,0,0.0,0.6368170887872711,4.893983367451373,3.1165722406337086,4.893983367451373
2026-07-16_ttft_component_regression/phase1/input6000_rate3p33_reuse00_seed1,0,0.0,0.0008587180412672135,0.37570012568504646,0.000322620476032109,0.0
2026-07-16_ttft_component_regression/phase1/input6000_rate3p33_reuse00_seed1,0,0.0,0.502348466847765,5.090442809233469,2.557176140794663,5.090442809233469
2026-07-16_ttft_component_regression/phase1/input6000_rate3p33_reuse00_seed1,1,667.067072,0.9561883174793238,1166.0745399162324,1114.9868523779787,1166.0745399162324
2026-07-16_ttft_component_regression/phase1/input6000_rate3p33_reuse00_seed1,0,0.0,0.1187613948352067,2.7180449965360056,0.3227988150134706,0.0
2026-07-16_ttft_component_regression/phase1/input6000_rate3p33_reuse00_seed1,0,0.0,0.5309152044731443,6.049137621781439,3.2115791373542826,6.049137621781439
2026-07-16_ttft_component_regression/phase1/input6000_rate3p33_reuse00_seed1,1,7205.154376,0.973575475823308,8039.70589797826,7827.260495103639,8039.70589797826
2026-07-16_ttft_component_regression/phase1/input6000_rate3p33_reuse00_seed1,1,4283.08273,0.9459391100269159,4925.638074538998,4659.353696544112,4925.638074538998
2026-07-16_ttft_component_regression/phase1/input6000_rate3p33_reuse00_seed1,1,6978.267879,0.9666623116874064,8270.447993203014,7994.730375800096,8270.447993203014
2026-07-16_ttft_component_regression/phase1/input6000_rate3p33_reuse00_seed1,0,0.0,0.37220971153996635,4.203029186180211,1.5644082809821958,0.0
2026-07-16_ttft_component_regression/phase1/input6000_rate3p33_reuse00_seed1,1,10056.231422,0.9759042411463276,12240.277182411208,11945.338415121718,12240.277182411208
2026-07-16_ttft_component_regression/phase1/input6000_rate3p33_reuse00_seed1,0,0.0,0.25021015194429563,4.0881204089082415,1.022889228679507,0.0
2026-07-16_ttft_component_regression/phase1/input6000_rate3p33_reuse00_seed1,0,0.0,0.06550425016429709,1.4536934472143543,0.09522309922852848,0.0
2026-07-16_ttft_component_regression/phase1/input6000_rate3p33_reuse00_seed1,0,0.0,0.48347406560851824,3.758022409572669,1.8169063730040185,0.0
2026-07-16_ttft_component_regression/phase1/input6000_rate3p33_reuse00_seed1,1,939.649211,0.9238324109651165,1183.0395050485263,1092.930238215958,1183.0395050485263
2026-07-16_ttft_component_regression/phase1/input6000_rate3p33_reuse00_seed1,0,0.0,0.3305104402274335,5.1584438818816905,1.7049195582892285,0.0
2026-07-16_ttft_component_regression/phase1/input6000_rate3p33_reuse00_seed1,0,0.0,0.4557223390374312,3.9601631990205206,1.8047348360275879,0.0
2026-07-16_ttft_component_regression/phase1/input6000_rate3p33_reuse00_seed1,1,1509.825225,0.9039508480492542,2335.1495349204342,2110.860402413148,2335.1495349204342
2026-07-16_ttft_component_regression/phase1/input6000_rate3p33_reuse00_seed1,0,0.0,7.899700361226248e-13,0.596091478778898,4.708944070233548e-13,0.0
2026-07-16_ttft_component_regression/phase1/input6000_rate3p33_reuse00_seed1,0,0.0,1.8519072642574199e-09,1.2367453490156812,2.290337695878718e-09,0.0
2026-07-16_ttft_component_regression/phase1/input6000_rate3p33_reuse00_seed1,0,0.0,1.4530414126816525e-11,0.7663959412653649,1.1136050411697107e-11,0.0
2026-07-16_ttft_component_regression/phase1/input6000_rate3p33_reuse00_seed1,0,0.0,1.972376483089759e-10,0.8436753909325535,1.6640455004369273e-10,0.0
2026-07-16_ttft_component_regression/phase1/input6000_rate3p33_reuse00_seed1,0,0.0,1.9543005535060413e-08,0.695339299851525,1.3589019785743385e-08,0.0
2026-07-16_ttft_component_regression/phase1/input6000_rate3p33_reuse00_seed1,0,0.0,2.501103617648409e-08,1.8239841610486336,4.5619733837321356e-08,0.0
2026-07-16_ttft_component_regression/phase1/input6000_rate3p33_reuse00_seed1,0,0.0,9.40976230307653e-06,0.5227330501234546,4.918793749623898e-06,0.0
2026-07-16_ttft_component_regression/phase1/input6000_rate3p33_reuse00_seed1,0,0.0,0.0010532433945699528,1.9447825569172374,0.0020483293819479435,0.0
2026-07-16_ttft_component_regression/phase1/input6000_rate3p33_reuse00_seed1,0,0.0,6.63795569722563e-07,0.930560813620169,6.177021454384918e-07,0.0
2026-07-16_ttft_component_regression/phase1/input6000_rate3p33_reuse00_seed1,1,0.005639,0.9989988582867176,0.13942702847142593,0.1392874422572642,0.13942702847142593
2026-07-16_ttft_component_regression/phase1/input6000_rate3p33_reuse00_seed1,0,0.0,0.07353257662621439,4.78443515253535,0.35181184446695934,0.0
2026-07-16_ttft_component_regression/phase1/input6000_rate3p33_reuse00_seed1,0,0.0,0.012657140847263618,2.3728107724269245,0.03003300015051196,0.0
2026-07-16_ttft_component_regression/phase1/input6000_rate3p33_reuse00_seed1,1,1.031709,0.9954526164791272,3.181398248798679,3.1669312108287584,3.181398248798679
2026-07-16_ttft_component_regression/phase1/input6000_rate3p33_reuse00_seed1,0,0.0,0.008761502190773119,2.781790487607186,0.024372663451442185,0.0
2026-07-16_ttft_component_regression/phase1/input6000_rate3p33_reuse00_seed1,0,0.0,2.555587473486955e-05,2.793255161763162,7.138407901654714e-05,0.0
2026-07-16_ttft_component_regression/phase1/input6000_rate3p33_reuse00_seed1,1,1.346078,0.9986921535244201,2.0911760604306298,2.0884411231901785,2.0911760604306298
2026-07-16_ttft_component_regression/phase1/input6000_rate3p33_reuse00_seed1,1,2.18205,0.9996728821858434,2.024556536993527,2.023894268484509,2.024556536993527
2026-07-16_ttft_component_regression/phase1/input6000_rate3p33_reuse00_seed1,1,1378.654645,0.8713129673012683,1700.9708835473784,1482.0779878367264,1700.9708835473784
2026-07-16_ttft_component_regression/phase1/input6000_rate3p33_reuse00_seed1,1,5.282039,0.9989079559513678,1.10418650864774,1.1029806883423914,1.10418650864774
2026-07-16_ttft_component_regression/phase1/input6000_rate3p33_reuse00_seed1,0,0.0,3.221240278450365e-05,2.7388442621356055,8.822475453593882e-05,0.0
2026-07-16_ttft_component_regression/phase1/input6000_rate3p33_reuse00_seed1,0,0.0,0.021892912605276926,2.2992120232488715,0.05033644788598948,0.0
2026-07-16_ttft_component_regression/phase1/input6000_rate3p33_reuse00_seed1,0,0.0,1.7456118190274883e-07,3.740522851830396,6.529500899497546e-07,0.0
2026-07-16_ttft_component_regression/phase1/input6000_rate3p33_reuse00_seed1,0,0.0,0.1318751230194273,5.061654042423631,0.6675062495263978,0.0
2026-07-16_ttft_component_regression/phase1/input6000_rate3p33_reuse00_seed1,1,10652.806056,0.9908253649229724,5344.599780289027,5295.565027672113,5344.599780289027
2026-07-16_ttft_component_regression/phase1/input6000_rate3p33_reuse00_seed1,1,13272.033445,0.9992903372509732,14897.444363201314,14886.87220188105,14897.444363201314
2026-07-16_ttft_component_regression/phase1/input6000_rate3p33_reuse00_seed1,1,11906.639235,0.9982687720523029,10631.67630909827,10613.27045394109,10631.67630909827
2026-07-16_ttft_component_regression/phase1/input6000_rate3p33_reuse00_seed1,1,586.595744,0.9957617005804155,2064.4410285679296,2055.6913093547837,2064.4410285679296
2026-07-16_ttft_component_regression/phase1/input6000_rate3p33_reuse00_seed1,1,954.279516,0.9975047225334988,145.46100810107322,145.09804252530407,145.46100810107322
2026-07-16_ttft_component_regression/phase1/input6000_rate3p33_reuse00_seed1,1,11583.14282,0.9993219349734683,14671.872622603576,14661.924138904462,14671.872622603576
2026-07-16_ttft_component_regression/phase1/input6000_rate3p33_reuse00_seed1,1,8798.790879,0.998373007243779,9086.557736833553,9071.773973216741,9086.557736833553
2026-07-16_ttft_component_regression/phase1/input6000_rate3p33_reuse00_seed1,1,1438.10392,0.9978367923884777,192.67257307343178,192.25578229682773,192.67257307343178
2026-07-16_ttft_component_regression/phase1/input6000_rate3p33_reuse00_seed1,1,0.323713,0.9972032223991357,4.60866624130349,4.595776826789953,4.60866624130349
2026-07-16_ttft_component_regression/phase1/input6000_rate3p33_reuse00_seed1,1,1408.610479,0.8341313912160117,1238.4142218857974,1033.0001778032947,1238.4142218857974
2026-07-16_ttft_component_regression/phase1/input6000_rate3p33_reuse00_seed1,1,1062.38837,0.9954537920893436,2885.3138031007447,2872.196566664362,2885.3138031007447
2026-07-16_ttft_component_regression/phase1/input6000_rate3p33_reuse00_seed1,0,0.0,9.392770750610683e-13,0.4636486929166251,4.3549458813861506e-13,0.0
2026-07-16_ttft_component_regression/phase1/input6000_rate3p33_reuse00_seed1,0,0.0,1.3637055759634916e-10,0.5335863749218811,7.276547147391155e-11,0.0
2026-07-16_ttft_component_regression/phase1/input6000_rate3p33_reuse00_seed1,0,0.0,2.321635215549837e-11,0.7644599570025807,1.7747971570549057e-11,0.0
2026-07-16_ttft_component_regression/phase1/input6000_rate3p33_reuse00_seed1,0,0.0,3.985297889870404e-09,0.7985685510047141,3.1825335612359533e-09,0.0
2026-07-16_ttft_component_regression/phase1/input6000_rate3p33_reuse00_seed1,0,0.0,3.632165471544011e-07,0.5523881946914643,2.0063653276468673e-07,0.0
2026-07-16_ttft_component_regression/phase1/input6000_rate3p33_reuse00_seed1,0,0.0,3.0687722002991337e-07,0.7245966554691092,2.2236220727333316e-07,0.0
2026-07-16_ttft_component_regression/phase1/input6000_rate3p33_reuse00_seed1,0,0.0,2.8258887132765194e-08,1.8570647534984976,5.2478583267350464e-08,0.0
2026-07-16_ttft_component_regression/phase1/input6000_rate3p33_reuse00_seed1,0,0.0,8.580796247833465e-06,0.7378451744048599,6.33129910401525e-06,0.0
2026-07-16_ttft_component_regression/phase1/input6000_rate3p33_reuse00_seed1,0,0.0,0.0003587977911544309,0.28561907508934353,0.000102479493253628,0.0
2026-07-16_ttft_component_regression/phase1/input6000_rate3p33_reuse00_seed1,0,0.0,0.0008180646090740858,2.087424980335342,0.001707648500509513,0.0
2026-07-16_ttft_component_regression/phase1/input6000_rate3p33_reuse00_seed1,0,0.0,0.013679289321261943,2.281296956812162,0.031206521099947978,0.0
2026-07-16_ttft_component_regression/phase1/input6000_rate3p33_reuse00_seed1,0,0.0,1.398548459566418e-07,4.63461744124995,6.48173708313977e-07,0.0
2026-07-16_ttft_component_regression/phase1/input6000_rate3p33_reuse00_seed1,0,0.0,8.703550615372869e-06,0.6459535482384362,5.6220894022729295e-06,0.0
2026-07-16_ttft_component_regression/phase1/input6000_rate3p33_reuse00_seed1,0,0.0,1.502306423562946e-06,5.367082161372195,8.063002006819548e-06,0.0
2026-07-16_ttft_component_regression/phase1/input6000_rate3p33_reuse00_seed1,0,0.0,0.005867486286386677,4.222373985346805,0.02477472145501824,0.0
2026-07-16_ttft_component_regression/phase1/input6000_rate3p33_reuse00_seed1,0,0.0,1.786956826732569e-07,3.2037535939633575,5.724969355901824e-07,0.0
2026-07-16_ttft_component_regression/phase1/input6000_rate3p33_reuse00_seed1,0,0.0,0.0003351583104698289,1.5416740929587631,0.000516704884291165,0.0
2026-07-16_ttft_component_regression/phase1/input6000_rate3p33_reuse00_seed1,0,0.0,1.7327372696709762e-08,3.091943980314898,5.357526570426446e-08,0.0
2026-07-16_ttft_component_regression/phase1/input6000_rate3p33_reuse00_seed1,0,0.0,2.3139970067883257e-06,2.6369330707184426,6.101855232743625e-06,0.0
2026-07-16_ttft_component_regression/phase1/input6000_rate3p33_reuse00_seed1,0,0.0,2.5182815216058982e-05,3.519288263381132,8.862558602877217e-05,0.0
2026-07-16_ttft_component_regression/phase1/input6000_rate3p33_reuse00_seed1,0,0.0,0.0006267456707059146,1.4772659737460048,0.0009258700535264658,0.0
2026-07-16_ttft_component_regression/phase1/input6000_rate3p33_reuse00_seed1,0,0.0,0.0004012358095342292,1.2929957416246605,0.0005187961931150817,0.0
2026-07-16_ttft_component_regression/phase1/input6000_rate3p33_reuse00_seed1,0,0.0,0.0029854936967087177,1.5720675006235592,0.004693397613912264,0.0
2026-07-16_ttft_component_regression/phase1/input6000_rate3p33_reuse00_seed1,0,0.0,0.00030958002471728806,1.298550505235273,0.0004020052975073827,0.0
2026-07-16_ttft_component_regression/phase1/input6000_rate3p33_reuse00_seed1,0,0.0,0.000127184226602602,1.1964712903498151,0.00015217227571535848,0.0
2026-07-16_ttft_component_regression/phase1/input6000_rate3p33_reuse00_seed1,0,0.0,2.212137866398783e-05,2.806036098883105,6.207338708821237e-05,0.0
2026-07-16_ttft_component_regression/phase1/input6000_rate3p33_reuse00_seed1,0,0.0,3.4837539642830014e-05,2.8858279976007557,0.00010053514726880509,0.0
2026-07-16_ttft_component_regression/phase1/input6000_rate3p33_reuse00_seed1,0,0.0,1.8710273737902658e-05,3.032464787352362,5.6738246271913464e-05,0.0
2026-07-16_ttft_component_regression/phase1/input6000_rate3p33_reuse00_seed1,0,0.0,3.346580277389331e-06,2.7132293086296375,9.080039692294635e-06,0.0
2026-07-16_ttft_component_regression/phase1/input6000_rate3p33_reuse00_seed1,0,0.0,5.529883980296322e-05,4.103153003953307,0.00022689960065266123,0.0
2026-07-16_ttft_component_regression/phase1/input6000_rate3p33_reuse00_seed1,0,0.0,8.682558297614678e-13,0.5798943916181936,5.034966861684762e-13,0.0
2026-07-16_ttft_component_regression/phase1/input6000_rate3p33_reuse00_seed1,0,0.0,1.137057793112808e-11,0.8434670899237527,9.590708278319848e-12,0.0
2026-07-16_ttft_component_regression/phase1/input6000_rate3p33_reuse00_seed1,0,0.0,2.409600610619871e-09,0.48460540536495234,1.1677054806770792e-09,0.0
2026-07-16_ttft_component_regression/phase1/input6000_rate3p33_reuse00_seed1,0,0.0,1.6557172923130546e-10,0.7724740923739016,1.2789987126073007e-10,0.0
2026-07-16_ttft_component_regression/phase1/input6000_rate3p33_reuse00_seed1,0,0.0,2.3725153246997687e-08,0.6531645326009694,1.5496428631461616e-08,0.0
2026-07-16_ttft_component_regression/phase1/input6000_rate3p33_reuse00_seed1,0,0.0,7.356070396407574e-10,3.015445589506607,2.2181830032947336e-09,0.0
2026-07-16_ttft_component_regression/phase1/input6000_rate3p33_reuse00_seed1,0,0.0,1.5052283851752247e-07,3.077961575919779,4.633035132553119e-07,0.0
2026-07-16_ttft_component_regression/phase1/input6000_rate3p33_reuse00_seed1,0,0.0,5.203984932140794e-06,2.747542942871088,1.4298172075110917e-05,0.0
2026-07-16_ttft_component_regression/phase1/input6000_rate3p33_reuse00_seed1,0,0.0,7.829862387688056e-12,0.7499013295062411,5.871624214378185e-12,0.0
2026-07-16_ttft_component_regression/phase1/input6000_rate3p33_reuse00_seed1,0,0.0,1.1585470593829014e-10,2.35634009251294,2.7299308850869e-10,0.0
2026-07-16_ttft_component_regression/phase1/input6000_rate3p33_reuse00_seed1,0,0.0,0.0012313123620430132,3.7093693014239983,0.004567392276226225,0.0
2026-07-16_ttft_component_regression/phase1/input6000_rate3p33_reuse00_seed1,0,0.0,5.703922756683076e-07,2.6535746787674546,1.513578499677967e-06,0.0
2026-07-16_ttft_component_regression/phase1/input6000_rate3p33_reuse00_seed1,0,0.0,1.812619526025874e-08,2.806218764505693,5.0866069268432224e-08,0.0
2026-07-16_ttft_component_regression/phase1/input6000_rate3p33_reuse00_seed1,0,0.0,0.11584871670403601,1.3369378288701446,0.15488253178768635,0.0
2026-07-16_ttft_component_regression/phase1/input6000_rate3p33_reuse00_seed1,0,0.0,0.00021544140758778823,3.994824931078938,0.0008606507062184354,0.0
2026-07-16_ttft_component_regression/phase1/input6000_rate3p33_reuse00_seed1,0,0.0,0.022597359423651445,2.3796920643611155,0.053774756895979214,0.0
2026-07-16_ttft_component_regression/phase1/input6000_rate3p33_reuse00_seed1,1,2177.386771,0.9967971982332233,4333.429560417526,4319.550444565219,4333.429560417526
2026-07-16_ttft_component_regression/phase1/input6000_rate3p33_reuse00_seed1,0,0.0,0.00015703839833892993,1.4446366126184271,0.00022686341982737496,0.0
2026-07-16_ttft_component_regression/phase1/input6000_rate3p33_reuse00_seed1,0,0.0,0.004724361710952929,4.115803946877093,0.019444546576415082,0.0
2026-07-16_ttft_component_regression/phase1/input6000_rate3p33_reuse00_seed1,1,3.139614,0.9971386539264301,1.7166473352395115,1.7117354131271196,1.7166473352395115
2026-07-16_ttft_component_regression/phase1/input6000_rate3p33_reuse00_seed1,0,0.0,2.7415983637368357e-07,3.3724752109019582,9.245972519951848e-07,0.0
2026-07-16_ttft_component_regression/phase1/input6000_rate3p33_reuse00_seed1,0,0.0,3.396689456654927e-05,2.8245013754272277,9.593954042221004e-05,0.0
2026-07-16_ttft_component_regression/phase1/input6000_rate3p33_reuse00_seed1,0,0.0,2.9678232301601968e-06,2.913934314757274,8.648041950497573e-06,0.0
2026-07-16_ttft_component_regression/phase1/input6000_rate3p33_reuse00_seed1,0,0.0,0.0006717801059377365,1.086836188872299,0.0007301149300975989,0.0
2026-07-16_ttft_component_regression/phase1/input6000_rate3p33_reuse00_seed1,0,0.0,0.2606337145686154,4.047353588279912,1.054876799886008,0.0
2026-07-16_ttft_component_regression/phase1/input6000_rate3p33_reuse00_seed1,0,0.0,0.020691468857510654,1.6228934060338132,0.03358004837000804,0.0
2026-07-16_ttft_component_regression/phase1/input6000_rate3p33_reuse00_seed1,0,0.0,0.0027092729174741756,1.642147481595695,0.004449025698385638,0.0
2026-07-16_ttft_component_regression/phase1/input6000_rate3p33_reuse00_seed1,0,0.0,0.02424120897841458,1.3450828134551545,0.03260643357424023,0.0
2026-07-16_ttft_component_regression/phase1/input6000_rate3p33_reuse00_seed1,1,0.524992,0.9977113620906691,3.8297875853847017,3.8210225883321054,3.8297875853847017
2026-07-16_ttft_component_regression/phase1/input6000_rate3p33_reuse00_seed1,1,1.107397,0.9992718670939147,5.3928930231586625,5.388966280289503,5.3928930231586625
2026-07-16_ttft_component_regression/phase1/input6000_rate3p33_reuse00_seed1,0,0.0,2.1568846022681783e-11,1.9446957220186352,4.194484258918792e-11,0.0
2026-07-16_ttft_component_regression/phase1/input6000_rate3p33_reuse00_seed1,0,0.0,1.8638051932837398e-10,1.9563245743331015,3.646207901390636e-10,0.0
2026-07-16_ttft_component_regression/phase1/input6000_rate3p33_reuse00_seed1,0,0.0,3.3100724205710763e-09,0.5977731987240212,1.978672578852936e-09,0.0
2026-07-16_ttft_component_regression/phase1/input6000_rate3p33_reuse00_seed1,0,0.0,1.660220018951135e-12,0.8302448457379921,1.3783891135252112e-12,0.0
2026-07-16_ttft_component_regression/phase1/input6000_rate3p33_reuse00_seed1,0,0.0,1.3999452017234393e-06,0.37536620962378486,5.254921240519323e-07,0.0
2026-07-16_ttft_component_regression/phase1/input6000_rate3p33_reuse00_seed1,0,0.0,7.39252313903249e-08,0.5309851928615291,3.9253203247124836e-08,0.0
2026-07-16_ttft_component_regression/phase1/input6000_rate3p33_reuse00_seed1,0,0.0,8.118199213719873e-05,1.2320239047080603,0.00010001815494485063,0.0
2026-07-16_ttft_component_regression/phase1/input6000_rate3p33_reuse00_seed1,0,0.0,1.8271208193925216e-05,0.5627873945124918,1.0282805654054464e-05,0.0
2026-07-16_ttft_component_regression/phase1/input6000_rate3p33_reuse00_seed1,0,0.0,0.00010928772152560712,0.9594444960442032,0.00010485550290295535,0.0
2026-07-16_ttft_component_regression/phase1/input6000_rate3p33_reuse00_seed1,1,4.428833,0.9961860849800163,2.5503055872464793,2.5405789384617314,2.5503055872464793
2026-07-16_ttft_component_regression/phase1/input6000_rate3p33_reuse00_seed1,0,0.0,6.826450976475071e-05,1.911341979361967,0.00013047682321393295,0.0
2026-07-16_ttft_component_regression/phase1/input6000_rate3p33_reuse00_seed1,1,1.677561,0.9870166043570862,2.601208609018266,2.567436088497628,2.601208609018266
2026-07-16_ttft_component_regression/phase1/input6000_rate3p33_reuse00_seed1,0,0.0,0.003351271114662048,3.414594405483202,0.011443231599382483,0.0
2026-07-16_ttft_component_regression/phase1/input6000_rate3p33_reuse00_seed1,1,0.001871,0.9887389942413018,0.03724677348889982,0.036827337358148395,0.03724677348889982
2026-07-16_ttft_component_regression/phase1/input6000_rate3p33_reuse00_seed1,0,0.0,0.2206959179848439,1.5717311413911959,0.34687464707469645,0.0
2026-07-16_ttft_component_regression/phase1/input6000_rate3p33_reuse00_seed1,1,4188.151764,0.9920213260524906,8148.748748142948,8083.73253880134,8148.748748142948
2026-07-16_ttft_component_regression/phase1/input6000_rate3p33_reuse00_seed1,0,0.0,0.17894071349594762,1.8922158098910093,0.3385944471102096,0.0
2026-07-16_ttft_component_regression/phase1/input6000_rate3p33_reuse00_seed1,1,2452.39175,0.8498561372232782,2704.001857364499,2298.0125735443626,2704.001857364499
2026-07-16_ttft_component_regression/phase1/input6000_rate3p33_reuse00_seed1,1,3839.812989,0.990902080778243,9509.692228881668,9423.173817159532,9509.692228881668
2026-07-16_ttft_component_regression/phase1/input6000_rate3p33_reuse00_seed1,0,0.0,3.4489403292192746e-06,2.787496904545177,9.613910491659751e-06,0.0
2026-07-16_ttft_component_regression/phase1/input6000_rate3p33_reuse00_seed1,0,0.0,0.0006554078661604523,1.2000137629955427,0.0007864984597680834,0.0
2026-07-16_ttft_component_regression/phase1/input6000_rate3p33_reuse00_seed1,1,0.924354,0.9869691727068629,1.608029363126776,1.5870754102135776,1.608029363126776
2026-07-16_ttft_component_regression/phase1/input6000_rate3p33_reuse00_seed1,1,3.064582,0.9978827114678946,2.0952787076797312,2.0908423981003965,2.0952787076797312
2026-07-16_ttft_component_regression/phase1/input6000_rate3p33_reuse00_seed1,0,0.0,4.753852125563141e-05,3.283326470946244,0.00015608448522825527,0.0
2026-07-16_ttft_component_regression/phase1/input6000_rate3p33_reuse00_seed1,0,0.0,0.02560290194778801,2.1182837437872815,0.05423421098977906,0.0
2026-07-16_ttft_component_regression/phase1/input6000_rate3p33_reuse00_seed1,1,1.073879,0.9897774228188889,2.15035274697446,2.128370600051899,2.15035274697446
2026-07-16_ttft_component_regression/phase1/input6000_rate3p33_reuse00_seed1,0,0.0,1.1941916449183038e-05,2.958610174577916,3.533147551051231e-05,0.0
2026-07-16_ttft_component_regression/phase1/input6000_rate3p33_reuse00_seed1,0,0.0,0.0002931789125064056,0.9099698327614859,0.00026678396598264824,0.0
2026-07-16_ttft_component_regression/phase1/input6000_rate3p33_reuse00_seed1,0,0.0,0.17750439612467103,3.3346061780079483,0.5919072559408981,0.0
2026-07-16_ttft_component_regression/phase1/input6000_rate3p33_reuse00_seed1,1,1.653383,0.9961064797950171,1.4820021487031305,1.4762319433933269,1.4820021487031305
2026-07-16_ttft_component_regression/phase1/input6000_rate3p33_reuse00_seed1,0,0.0,0.20513280644360907,3.2400468426300453,0.6646399018374558,0.0
2026-07-16_ttft_component_regression/phase1/input6000_rate3p33_reuse00_seed1,0,0.0,0.22810596737750935,3.2774210704949196,0.7475993037886759,0.0
2026-07-16_ttft_component_regression/phase1/input6000_rate3p33_reuse00_seed1,0,0.0,0.026927815287759307,2.6490028242938046,0.0713318587493363,0.0
2026-07-16_ttft_component_regression/phase1/input6000_rate3p33_reuse00_seed1,0,0.0,6.403208357556341e-13,0.4545286433308356,2.9104416077247516e-13,0.0
2026-07-16_ttft_component_regression/phase1/input6000_rate3p33_reuse00_seed1,0,0.0,8.826865450830032e-12,0.667319991056653,5.890343773706176e-12,0.0
2026-07-16_ttft_component_regression/phase1/input6000_rate3p33_reuse00_seed1,0,0.0,9.91620462295294e-11,0.6831522631678485,6.774277630205783e-11,0.0
2026-07-16_ttft_component_regression/phase1/input6000_rate3p33_reuse00_seed1,0,0.0,7.165489373036224e-11,0.6757827270886394,4.8423139494350846e-11,0.0
2026-07-16_ttft_component_regression/phase1/input6000_rate3p33_reuse00_seed1,0,0.0,6.636019230724312e-12,0.7152539756015112,4.746439136943646e-12,0.0
2026-07-16_ttft_component_regression/phase1/input6000_rate3p33_reuse00_seed1,0,0.0,3.2111558437366825e-10,3.3838644522544428,1.0866116110269683e-09,0.0
2026-07-16_ttft_component_regression/phase1/input6000_rate3p33_reuse00_seed1,0,0.0,5.71483415583361e-11,5.07548358221431,2.9005546933011064e-10,0.0
2026-07-16_ttft_component_regression/phase1/input6000_rate3p33_reuse00_seed1,0,0.0,7.987405404236526e-10,0.7953888329145661,6.353093062491189e-10,0.0
2026-07-16_ttft_component_regression/phase1/input6000_rate3p33_reuse00_seed1,0,0.0,2.5309829593367565e-07,0.8214161673083987,2.0789903219812674e-07,0.0
2026-07-16_ttft_component_regression/phase1/input6000_rate3p33_reuse00_seed1,0,0.0,1.6270335083053053e-08,0.7843431271118401,1.2761525498199312e-08,0.0
2026-07-16_ttft_component_regression/phase1/input6000_rate3p33_reuse00_seed1,0,0.0,3.008386572772764e-06,2.7696388581445763,8.332144352271834e-06,0.0
2026-07-16_ttft_component_regression/phase1/input6000_rate3p33_reuse00_seed1,0,0.0,2.5875022870836633e-06,2.9347156657062077,7.593583496955068e-06,0.0
2026-07-16_ttft_component_regression/phase1/input6000_rate3p33_reuse00_seed1,0,0.0,1.9228922182222668e-07,3.220142890145096,6.191987705023764e-07,0.0
2026-07-16_ttft_component_regression/phase1/input6000_rate3p33_reuse00_seed1,0,0.0,3.45924123695111e-06,3.073899395246895,1.0633359546277138e-05,0.0
2026-07-16_ttft_component_regression/phase1/input6000_rate3p33_reuse00_seed1,0,0.0,2.448342154764043e-07,3.4687401560878346,8.492662748072652e-07,0.0
2026-07-16_ttft_component_regression/phase1/input6000_rate3p33_reuse00_seed1,0,0.0,1.5477558123078387e-07,3.305706896149966,5.116427062302215e-07,0.0
2026-07-16_ttft_component_regression/phase1/input6000_rate3p33_reuse00_seed1,0,0.0,1.3408920578014534e-05,3.0546102875896346,4.0959026743075547e-05,0.0
2026-07-16_ttft_component_regression/phase1/input6000_rate3p33_reuse00_seed1,0,0.0,2.314735257623533e-06,3.037138064035381,7.030170559093177e-06,0.0
2026-07-16_ttft_component_regression/phase1/input6000_rate3p33_reuse00_seed1,1,5.645269,0.9860949317913211,1.8670737139736748,1.8411119266302396,1.8670737139736748
2026-07-16_ttft_component_regression/phase1/input6000_rate3p33_reuse00_seed1,1,5.411849,0.9847227614053509,1.45687411551503,1.4346171020499385,1.45687411551503
2026-07-16_ttft_component_regression/phase1/input6000_rate3p33_reuse00_seed1,0,0.0,0.026105087704122523,1.4527569101230295,0.03792434655153173,0.0
2026-07-16_ttft_component_regression/phase1/input6000_rate3p33_reuse00_seed1,0,0.0,0.13144099021282268,3.481156790719228,0.4575666956582272,0.0
2026-07-16_ttft_component_regression/phase1/input6000_rate3p33_reuse00_seed1,0,0.0,0.00014441408082377269,1.2890674782759803,0.00018615949499504425,0.0
2026-07-16_ttft_component_regression/phase1/input6000_rate3p33_reuse00_seed1,0,0.0,0.003019342014928733,1.412815711503177,0.004265773837092974,0.0
2026-07-16_ttft_component_regression/phase1/input6000_rate3p33_reuse00_seed1,0,0.0,0.004051460453842458,2.02743085633411,0.008214055937337598,0.0
2026-07-16_ttft_component_regression/phase1/input6000_rate3p33_reuse00_seed1,0,0.0,0.0019327607164599805,2.0784114078171383,0.0040170719216712485,0.0
2026-07-16_ttft_component_regression/phase1/input6000_rate3p33_reuse00_seed1,0,0.0,9.304397319230803e-13,0.6048004240228013,5.627303443947406e-13,0.0
2026-07-16_ttft_component_regression/phase1/input6000_rate3p33_reuse00_seed1,0,0.0,2.5859188095144867e-12,0.4324305328504375,1.1182302487063185e-12,0.0
2026-07-16_ttft_component_regression/phase1/input6000_rate3p33_reuse00_seed1,0,0.0,6.195374908089797e-11,0.6020321916553688,3.729815134043979e-11,0.0
2026-07-16_ttft_component_regression/phase1/input6000_rate3p33_reuse00_seed1,0,0.0,2.9714395226726177e-10,2.9558012476549678,8.782984648447005e-10,0.0
2026-07-16_ttft_component_regression/phase1/input6000_rate3p33_reuse00_seed1,0,0.0,6.094252794685106e-09,5.2094819157078875,3.174789972366431e-08,0.0
2026-07-16_ttft_component_regression/phase1/input6000_rate3p33_reuse00_seed1,0,0.0,7.081560741768823e-10,4.60250993924687,3.2592953699371446e-09,0.0
2026-07-16_ttft_component_regression/phase1/input6000_rate3p33_reuse00_seed1,0,0.0,7.758306341626742e-09,0.6926974778651589,5.374159235350112e-09,0.0
2026-07-16_ttft_component_regression/phase1/input6000_rate3p33_reuse00_seed1,0,0.0,0.00279429383528074,1.8625358963017515,0.005204472573025073,0.0
2026-07-16_ttft_component_regression/phase1/input6000_rate3p33_reuse00_seed1,0,0.0,1.4957297802454123e-06,1.9005882038215343,2.8427663764390063e-06,0.0
2026-07-16_ttft_component_regression/phase1/input6000_rate3p33_reuse00_seed1,0,0.0,2.7930025625738756e-05,1.99657392561052,5.576436090598365e-05,0.0
2026-07-16_ttft_component_regression/phase1/input6000_rate3p33_reuse00_seed1,0,0.0,0.0006253644233221308,1.408067658098208,0.0008805554190051292,0.0
2026-07-16_ttft_component_regression/phase1/input6000_rate3p33_reuse00_seed1,0,0.0,2.385833282725903e-07,0.9366338373731619,2.2346521829321704e-07,0.0
2026-07-16_ttft_component_regression/phase1/input6000_rate3p33_reuse00_seed1,0,0.0,0.02887154077754168,3.4663848330169578,0.1000798710571011,0.0
2026-07-16_ttft_component_regression/phase1/input6000_rate3p33_reuse00_seed1,1,0.908906,0.9944420944773267,2.2055752130833026,2.1933168344258354,2.2055752130833026
2026-07-16_ttft_component_regression/phase1/input6000_rate3p33_reuse00_seed1,0,0.0,0.02660480699759119,1.8291018146014153,0.048662900756414475,0.0
2026-07-16_ttft_component_regression/phase1/input6000_rate3p33_reuse00_seed1,1,6.052056,0.996738369298219,2.7981187118701127,2.7889922819722495,2.7981187118701127
2026-07-16_ttft_component_regression/phase1/input6000_rate3p33_reuse00_seed1,0,0.0,0.03175408595738928,2.0907710999629985,0.06639052522545039,0.0
2026-07-16_ttft_component_regression/phase1/input6000_rate3p33_reuse00_seed1,1,4461.197934,0.997338834246022,8281.41054753278,8259.372341389053,8281.41054753278
2026-07-16_ttft_component_regression/phase1/input6000_rate3p33_reuse00_seed1,0,0.0,0.017248268618376222,1.9637868526188043,0.03387192314320473,0.0
2026-07-16_ttft_component_regression/phase1/input6000_rate3p33_reuse00_seed1,0,0.0,8.056985921330724e-08,2.788914666457172,2.2470246203438205e-07,0.0
2026-07-16_ttft_component_regression/phase1/input6000_rate3p33_reuse00_seed1,0,0.0,3.5450948638699496e-07,2.9562864287309667,1.0480315834622586e-06,0.0
2026-07-16_ttft_component_regression/phase1/input6000_rate3p33_reuse00_seed1,0,0.0,2.3784729519402818e-05,2.5916968744028868,6.164280915395436e-05,0.0
2026-07-16_ttft_component_regression/phase1/input6000_rate3p33_reuse00_seed1,0,0.0,2.9289895933144166e-06,2.665428324680698,7.807011824715244e-06,0.0
2026-07-16_ttft_component_regression/phase1/input6000_rate3p33_reuse00_seed1,1,3.610323,0.9976235988731997,1.0834605705966502,1.0808858336758407,1.0834605705966502
2026-07-16_ttft_component_regression/phase1/input6000_rate3p33_reuse00_seed1,0,0.0,2.644882501179943e-08,2.53353188551296,6.700894150174654e-08,0.0
2026-07-16_ttft_component_regression/phase1/input6000_rate3p33_reuse00_seed1,0,0.0,0.0015841254156151302,1.7325787469230136,0.0027446220275553603,0.0
2026-07-16_ttft_component_regression/phase1/input6000_rate3p33_reuse00_seed1,0,0.0,7.240327446859758e-13,0.5222116691298531,3.780983481071322e-13,0.0
2026-07-16_ttft_component_regression/phase1/input6000_rate3p33_reuse00_seed1,0,0.0,1.0879687293356642e-11,0.6424531379721431,6.9896892417726264e-12,0.0
2026-07-16_ttft_component_regression/phase1/input6000_rate3p33_reuse00_seed1,0,0.0,1.1481587526306433e-10,0.6610066404560765,7.58940559786621e-11,0.0
2026-07-16_ttft_component_regression/phase1/input6000_rate3p33_reuse00_seed1,0,0.0,1.2322222006500601e-09,0.6798014924887332,8.376664910796622e-10,0.0
2026-07-16_ttft_component_regression/phase1/input6000_rate3p33_reuse00_seed1,0,0.0,2.3812742556876947e-08,0.7764335205569003,1.848901153755109e-08,0.0
2026-07-16_ttft_component_regression/phase1/input6000_rate3p33_reuse00_seed1,0,0.0,1.7471562575512522e-09,1.8424808151167738,3.2191018855494032e-09,0.0
2026-07-16_ttft_component_regression/phase1/input6000_rate3p33_reuse00_seed1,0,0.0,4.6492731716894335e-10,0.6335678018159296,2.9456297834290495e-10,0.0
2026-07-16_ttft_component_regression/phase1/input6000_rate3p33_reuse00_seed1,0,0.0,7.899137961617287e-09,2.389108973475507,1.8871901386820886e-08,0.0
2026-07-16_ttft_component_regression/phase1/input6000_rate3p33_reuse00_seed1,0,0.0,9.936786484807836e-06,2.98506149225081,2.966191869251816e-05,0.0
2026-07-16_ttft_component_regression/phase1/input6000_rate3p33_reuse00_seed1,0,0.0,5.844676923589813e-06,2.9070068104130464,1.699051562153956e-05,0.0
2026-07-16_ttft_component_regression/phase1/input6000_rate3p33_reuse00_seed1,0,0.0,7.394325923208527e-05,1.2568984713813867,9.293916949776558e-05,0.0
2026-07-16_ttft_component_regression/phase1/input6000_rate3p33_reuse00_seed1,0,0.0,7.404868916382371e-07,2.6967481448590935,1.9969066513178927e-06,0.0
2026-07-16_ttft_component_regression/phase1/input6000_rate3p33_reuse00_seed1,0,0.0,4.754681223031263e-08,3.153629415280033,1.4994502565231034e-07,0.0
2026-07-16_ttft_component_regression/phase1/input6000_rate3p33_reuse00_seed1,0,0.0,0.00016461255177343458,0.3634467075169789,5.982788995802302e-05,0.0
2026-07-16_ttft_component_regression/phase1/input6000_rate3p33_reuse00_seed1,0,0.0,9.030523304305962e-06,0.6928741939010752,6.257016554975868e-06,0.0
2026-07-16_ttft_component_regression/phase1/input6000_rate3p33_reuse00_seed1,0,0.0,1.4388731266774405e-05,3.1303609059387676,4.50419218435694e-05,0.0
2026-07-16_ttft_component_regression/phase1/input6000_rate3p33_reuse00_seed1,0,0.0,2.562820715439173e-05,2.7107030230973534,6.947045860997489e-05,0.0
2026-07-16_ttft_component_regression/phase1/input6000_rate3p33_reuse00_seed1,0,0.0,1.0059858382584084e-05,3.0749393547251764,3.093345444356976e-05,0.0
2026-07-16_ttft_component_regression/phase1/input6000_rate3p33_reuse00_seed1,0,0.0,0.00022926981335139648,1.601450478044918,0.000367164252192863,0.0
2026-07-16_ttft_component_regression/phase1/input6000_rate3p33_reuse00_seed1,1,6.874726,0.99813818952762,3.023927112469462,3.018297133303753,3.023927112469462
2026-07-16_ttft_component_regression/phase1/input6000_rate3p33_reuse00_seed1,1,1.344248,0.999003932843936,2.5880403851217815,2.5854625230955945,2.5880403851217815
2026-07-16_ttft_component_regression/phase1/input6000_rate3p33_reuse00_seed1,0,0.0,3.3564229876767356e-08,3.32035461458599,1.1144514555634945e-07,0.0
2026-07-16_ttft_component_regression/phase1/input6000_rate3p33_reuse00_seed1,0,0.0,2.336022919136586e-07,3.291162963550722,7.688232113467975e-07,0.0
2026-07-16_ttft_component_regression/phase1/input6000_rate3p33_reuse00_seed1,0,0.0,2.3667017493835108e-05,3.0910765001153746,7.315656160301317e-05,0.0
2026-07-16_ttft_component_regression/phase1/input6000_rate3p33_reuse00_seed1,0,0.0,1.7199573264715152e-07,3.2807732140185055,5.642789925942629e-07,0.0
2026-07-16_ttft_component_regression/phase1/input6000_rate3p33_reuse00_seed1,0,0.0,1.1334164404843889e-06,3.7177486442890317,4.213757435025736e-06,0.0
2026-07-16_ttft_component_regression/phase1/input6000_rate3p33_reuse00_seed1,0,0.0,0.00016857206101372649,1.0154658881525842,0.00017117917765501538,0.0
2026-07-16_ttft_component_regression/phase1/input6000_rate3p33_reuse00_seed1,0,0.0,0.0003529801050076742,1.205330666719265,0.0004254577453075361,0.0
2026-07-16_ttft_component_regression/phase1/input6000_rate3p33_reuse00_seed1,0,0.0,0.04714562865220762,1.3686428780863746,0.06452552888774889,0.0
2026-07-16_ttft_component_regression/phase1/input6000_rate3p33_reuse00_seed1,0,0.0,0.34361190009254977,4.4551946397262485,1.530857895438479,0.0
2026-07-16_ttft_component_regression/phase1/input6000_rate3p33_reuse00_seed1,0,0.0,0.004022807067579366,1.670196403809877,0.006718877897492015,0.0
2026-07-16_ttft_component_regression/phase1/input6000_rate3p33_reuse00_seed1,0,0.0,4.911247050875107e-13,0.5276070269047038,2.59120845490671e-13,0.0
2026-07-16_ttft_component_regression/phase1/input6000_rate3p33_reuse00_seed1,0,0.0,1.0797619660276816e-11,0.7657395084584582,8.268163971181754e-12,0.0
2026-07-16_ttft_component_regression/phase1/input6000_rate3p33_reuse00_seed1,0,0.0,1.041310341111192e-10,1.5395702885098972,1.6031704622928974e-10,0.0
2026-07-16_ttft_component_regression/phase1/input6000_rate3p33_reuse00_seed1,0,0.0,5.076914669084261e-07,0.5578666117423097,2.8322411845468657e-07,0.0
2026-07-16_ttft_component_regression/phase1/input6000_rate3p33_reuse00_seed1,0,0.0,1.2601163988336172e-10,2.1376321897704575,2.6936653770043683e-10,0.0
2026-07-16_ttft_component_regression/phase1/input6000_rate3p33_reuse00_seed1,0,0.0,2.3687318718819742e-09,0.7519126857176651,1.7810795435318075e-09,0.0
2026-07-16_ttft_component_regression/phase1/input6000_rate3p33_reuse00_seed1,0,0.0,4.1354201028435567e-08,0.5040379537917468,2.0844086867065212e-08,0.0
2026-07-16_ttft_component_regression/phase1/input6000_rate3p33_reuse00_seed1,0,0.0,3.2819980354746626e-07,0.6705578283963733,2.2007694754690534e-07,0.0
2026-07-16_ttft_component_regression/phase1/input6000_rate3p33_reuse00_seed1,0,0.0,6.166760343151945e-06,2.303862897965595,1.4207370355233346e-05,0.0
2026-07-16_ttft_component_regression/phase1/input6000_rate3p33_reuse00_seed1,0,0.0,7.609645938980811e-12,0.7554901212791142,5.749012333331732e-12,0.0
2026-07-16_ttft_component_regression/phase1/input6000_rate3p33_reuse00_seed1,0,0.0,7.693221910921062e-11,2.0440661846741364,1.5725454759307885e-10,0.0
2026-07-16_ttft_component_regression/phase1/input6000_rate3p33_reuse00_seed1,0,0.0,9.319897097220168e-10,3.035565672373815,2.8291159698377906e-09,0.0
2026-07-16_ttft_component_regression/phase1/input6000_rate3p33_reuse00_seed1,0,0.0,2.1798887305111914e-08,2.9197810291473156,6.364797760998602e-08,0.0
2026-07-16_ttft_component_regression/phase1/input6000_rate3p33_reuse00_seed1,0,0.0,2.156673686805245e-08,5.04526254433471,1.088098497239075e-07,0.0
2026-07-16_ttft_component_regression/phase1/input6000_rate3p33_reuse00_seed1,0,0.0,2.5058378737192252e-09,3.019260007467024,7.565776077316659e-09,0.0
2026-07-16_ttft_component_regression/phase1/input6000_rate3p33_reuse00_seed1,0,0.0,8.205823525245778e-09,2.9937104434392836,2.4565859584548042e-08,0.0
2026-07-16_ttft_component_regression/phase1/input6000_rate3p33_reuse00_seed1,0,0.0,6.151760857294401e-08,2.958060478830613,1.8197280667179697e-07,0.0
2026-07-16_ttft_component_regression/phase1/input6000_rate3p33_reuse00_seed1,0,0.0,1.6567832767967174e-05,4.37864162235036,7.254460214996123e-05,0.0
2026-07-16_ttft_component_regression/phase1/input6000_rate3p33_reuse00_seed1,0,0.0,2.282642853448574e-06,4.175640888694995,9.531496833147285e-06,0.0
2026-07-16_ttft_component_regression/phase1/input6000_rate3p33_reuse00_seed1,0,0.0,1.8078123887663948e-09,2.613625371936136,4.7249443269803235e-09,0.0
2026-07-16_ttft_component_regression/phase1/input6000_rate3p33_reuse00_seed1,0,0.0,2.2528553220358463e-08,3.49734367662797,7.879009314879736e-08,0.0
2026-07-16_ttft_component_regression/phase1/input6000_rate3p33_reuse00_seed1,0,0.0,3.9109098202486963e-07,3.419611700276466,1.3373792980048573e-06,0.0
2026-07-16_ttft_component_regression/phase1/input6000_rate3p33_reuse00_seed1,0,0.0,8.865851455011269e-13,0.663893675056563,5.885982704973009e-13,0.0
2026-07-16_ttft_component_regression/phase1/input6000_rate3p33_reuse00_seed1,0,0.0,1.3991825803962506e-11,0.7125154501905215,9.969392061697701e-12,0.0
2026-07-16_ttft_component_regression/phase1/input6000_rate3p33_reuse00_seed1,0,0.0,2.6039321052449343e-09,1.5591022211010381,4.05979632888368e-09,0.0
2026-07-16_ttft_component_regression/phase1/input6000_rate3p33_reuse00_seed1,0,0.0,3.5608324277595674e-08,1.9837773190333885,7.063898607068027e-08,0.0
2026-07-16_ttft_component_regression/phase1/input6000_rate3p33_reuse00_seed1,0,0.0,3.51685686986763e-07,0.40772136512117874,1.4338976839182259e-07,0.0
2026-07-16_ttft_component_regression/phase1/input6000_rate3p33_reuse00_seed1,0,0.0,2.0261570785894425e-10,1.5912281545825453,3.22407818905824e-10,0.0
2026-07-16_ttft_component_regression/phase1/input6000_rate3p33_reuse00_seed1,0,0.0,5.256235028360265e-08,0.6976652338899239,3.667092440441375e-08,0.0
2026-07-16_ttft_component_regression/phase1/input6000_rate3p33_reuse00_seed1,0,0.0,0.00018639491217434964,1.326086232293696,0.00024717572680399766,0.0
2026-07-16_ttft_component_regression/phase1/input6000_rate3p33_reuse00_seed1,0,0.0,9.548193071007987e-06,0.7953948710390314,7.5945837963701705e-06,0.0
2026-07-16_ttft_component_regression/phase1/input6000_rate3p33_reuse00_seed1,0,0.0,1.643803186228212e-05,0.5902968986570305,9.703319228330588e-06,0.0
2026-07-16_ttft_component_regression/phase1/input6000_rate3p33_reuse00_seed1,0,0.0,0.007885998485719551,2.417702248216926,0.019065996268359434,0.0
2026-07-16_ttft_component_regression/phase1/input6000_rate3p33_reuse00_seed1,0,0.0,0.0006122370700490699,2.036111709811899,0.001246583067507839,0.0
2026-07-16_ttft_component_regression/phase1/input6000_rate3p33_reuse00_seed1,0,0.0,0.00017467290384076318,1.5111115448475856,0.0002639502415658294,0.0
2026-07-16_ttft_component_regression/phase1/input6000_rate3p33_reuse00_seed1,0,0.0,0.016970360479901192,0.5758443613118621,0.009772286391780767,0.0
2026-07-16_ttft_component_regression/phase1/input6000_rate3p33_reuse00_seed1,0,0.0,0.024831205047081823,2.422980139368364,0.060165516665662735,0.0
2026-07-16_ttft_component_regression/phase1/input6000_rate3p33_reuse00_seed1,0,0.0,1.3894765657942795e-05,3.1397599385364674,4.362622856816109e-05,0.0
2026-07-16_ttft_component_regression/phase1/input6000_rate3p33_reuse00_seed1,0,0.0,0.0013317025858840302,0.6937472955100138,0.0009238650673807379,0.0
2026-07-16_ttft_component_regression/phase1/input6000_rate3p33_reuse00_seed1,0,0.0,0.00022670445233922604,1.4297208220151565,0.0003241240759529341,0.0
2026-07-16_ttft_component_regression/phase1/input6000_rate3p33_reuse00_seed1,0,0.0,0.355637068149085,1.9626373871318703,0.6979866061993591,0.0
2026-07-16_ttft_component_regression/phase1/input6000_rate3p33_reuse00_seed1,0,0.0,0.4179054784707197,7.3461962763463,3.0700156698063195,0.0
2026-07-16_ttft_component_regression/phase1/input6000_rate3p33_reuse00_seed1,0,0.0,0.040513076410306575,2.5064284817400115,0.10154312859770179,0.0
2026-07-16_ttft_component_regression/phase1/input6000_rate3p33_reuse00_seed1,0,0.0,0.004348312658900002,2.634514278524756,0.011455691787362002,0.0
2026-07-16_ttft_component_regression/phase1/input6000_rate3p33_reuse00_seed1,0,0.0,0.06045539389800454,4.635226919556496,0.2802244692284222,0.0
2026-07-16_ttft_component_regression/phase1/input6000_rate3p33_reuse00_seed1,1,1339.45956,0.9320697959289777,1225.769297822479,1142.5025392774044,1225.769297822479
2026-07-16_ttft_component_regression/phase1/input6000_rate3p33_reuse00_seed1,1,3728.206258,0.9579062744037565,4479.425366769036,4290.869664551408,4479.425366769036
2026-07-16_ttft_component_regression/phase1/input6000_rate3p33_reuse00_seed1,0,0.0,1.5883566629744723e-06,3.583394051956933,5.691707818488887e-06,0.0
2026-07-16_ttft_component_regression/phase1/input6000_rate3p33_reuse00_seed1,0,0.0,2.4509752261998794e-07,3.166803180455055,7.761756141546327e-07,0.0
2026-07-16_ttft_component_regression/phase1/input6000_rate3p33_reuse00_seed1,0,0.0,3.23069624183864e-07,3.063367516857203,9.896809924081133e-07,0.0
2026-07-16_ttft_component_regression/phase1/input6000_rate3p33_reuse00_seed1,0,0.0,1.4052501012642748e-08,3.0987663190209633,4.3545416835985326e-08,0.0
2026-07-16_ttft_component_regression/phase1/input6000_rate3p33_reuse00_seed1,0,0.0,5.1868975821785435e-05,4.042542641025878,0.0002096825465059079,0.0
2026-07-16_ttft_component_regression/phase1/input6000_rate3p33_reuse00_seed1,0,0.0,5.29518865254454e-06,2.990012364489178,1.5832679543410966e-05,0.0
2026-07-16_ttft_component_regression/phase1/input6000_rate3p33_reuse00_seed1,0,0.0,4.127321993578293e-06,2.612418901617986,1.078229398908756e-05,0.0
2026-07-16_ttft_component_regression/phase1/input6000_rate3p33_reuse00_seed1,0,0.0,2.089543166781306e-12,0.6716675793344951,1.4034784007469349e-12,0.0
2026-07-16_ttft_component_regression/phase1/input6000_rate3p33_reuse00_seed1,0,0.0,2.99681563784545e-11,0.6746428831245503,2.0217803421087927e-11,0.0
2026-07-16_ttft_component_regression/phase1/input6000_rate3p33_reuse00_seed1,0,0.0,4.951415830907226e-09,0.6157027101326432,3.0486001460832523e-09,0.0
2026-07-16_ttft_component_regression/phase1/input6000_rate3p33_reuse00_seed1,0,0.0,5.566054095530373e-10,1.2933473938146223,7.198841558285413e-10,0.0
2026-07-16_ttft_component_regression/phase1/input6000_rate3p33_reuse00_seed1,0,0.0,8.006619216016254e-08,0.7379539959919821,5.9085166448453854e-08,0.0
2026-07-16_ttft_component_regression/phase1/input6000_rate3p33_reuse00_seed1,0,0.0,7.390720895473405e-06,0.5649527614749728,4.1754081791884835e-06,0.0
2026-07-16_ttft_component_regression/phase1/input6000_rate3p33_reuse00_seed1,0,0.0,0.0002169419715280714,0.3611871327226795,7.835664866342928e-05,0.0
2026-07-16_ttft_component_regression/phase1/input6000_rate3p33_reuse00_seed1,0,0.0,0.0014377320551882224,0.38016572165274964,0.0005465764443039215,0.0
2026-07-16_ttft_component_regression/phase1/input6000_rate3p33_reuse00_seed1,0,0.0,0.02861505779613051,0.42483104923948195,0.012156565027578543,0.0
2026-07-16_ttft_component_regression/phase1/input6000_rate3p33_reuse00_seed1,0,0.0,7.921921202419331e-07,0.833025723303027,6.599164139594948e-07,0.0
2026-07-16_ttft_component_regression/phase1/input6000_rate3p33_reuse00_seed1,0,0.0,0.4002903835093318,1.5939885652853216,0.638058294107551,0.0
2026-07-16_ttft_component_regression/phase1/input6000_rate3p33_reuse00_seed1,0,0.0,0.29779224387334624,1.6906131538979714,0.5034514846210717,0.0
2026-07-16_ttft_component_regression/phase1/input6000_rate3p33_reuse00_seed1,0,0.0,0.175314926382333,4.963920716701235,0.8702493950162148,0.0
2026-07-16_ttft_component_regression/phase1/input6000_rate3p33_reuse00_seed1,0,0.0,0.028037562960297004,4.76669435650627,0.13364649313303695,0.0
2026-07-16_ttft_component_regression/phase1/input6000_rate3p33_reuse00_seed1,0,0.0,0.2865289781092973,7.6631753947284675,2.1957218149238584,0.0
2026-07-16_ttft_component_regression/phase1/input6000_rate3p33_reuse00_seed1,0,0.0,0.007812673714472619,0.36738604195841934,0.0028702672730726774,0.0
2026-07-16_ttft_component_regression/phase1/input6000_rate3p33_reuse00_seed1,0,0.0,0.497699340943294,4.665412432122267,2.3219726926959026,0.0
2026-07-16_ttft_component_regression/phase1/input6000_rate3p33_reuse00_seed1,0,0.0,0.006442031223085522,2.061212601977915,0.013278395939359078,0.0
2026-07-16_ttft_component_regression/phase1/input6000_rate3p33_reuse00_seed1,0,0.0,0.6169384368002752,4.893983367451373,3.0192864484419966,4.893983367451373
2026-07-16_ttft_component_regression/phase1/input6000_rate3p33_reuse00_seed1,0,0.0,0.0007887964139609168,0.37570012568504646,0.0002963509118650304,0.0
2026-07-16_ttft_component_regression/phase1/input6000_rate3p33_reuse00_seed1,0,0.0,0.4811068962645358,5.090442809233469,2.4490471405624388,0.0
2026-07-16_ttft_component_regression/phase1/input6000_rate3p33_reuse00_seed1,1,667.067072,0.9524860460950021,1166.0745399162324,1110.669727976861,1166.0745399162324
2026-07-16_ttft_component_regression/phase1/input6000_rate3p33_reuse00_seed1,0,0.0,0.11014955474955071,2.7180449965360056,0.29939144615768515,0.0
2026-07-16_ttft_component_regression/phase1/input6000_rate3p33_reuse00_seed1,0,0.0,0.5097028856925508,6.049137621781439,3.0832629017733737,6.049137621781439
2026-07-16_ttft_component_regression/phase1/input6000_rate3p33_reuse00_seed1,1,7205.154376,0.9712983892596392,8039.70589797826,7808.953388827505,8039.70589797826
2026-07-16_ttft_component_regression/phase1/input6000_rate3p33_reuse00_seed1,1,4283.08273,0.9414237949721751,4925.638074538998,4637.112888791941,4925.638074538998
2026-07-16_ttft_component_regression/phase1/input6000_rate3p33_reuse00_seed1,1,6978.267879,0.9638116390649468,8270.447993203014,7971.154036130397,8270.447993203014
2026-07-16_ttft_component_regression/phase1/input6000_rate3p33_reuse00_seed1,0,0.0,0.3525723755288135,4.203029186180211,1.4818719845884927,0.0
2026-07-16_ttft_component_regression/phase1/input6000_rate3p33_reuse00_seed1,1,10056.231422,0.9738224359862941,12240.277182411208,11919.856542923135,12240.277182411208
2026-07-16_ttft_component_regression/phase1/input6000_rate3p33_reuse00_seed1,0,0.0,0.23460403929010593,4.0881204089082415,0.959089561034193,0.0
2026-07-16_ttft_component_regression/phase1/input6000_rate3p33_reuse00_seed1,0,0.0,0.06048920441293514,1.4536934472143543,0.08793276008229342,0.0
2026-07-16_ttft_component_regression/phase1/input6000_rate3p33_reuse00_seed1,0,0.0,0.4622892064050184,3.758022409572669,1.7372931973736243,0.0
2026-07-16_ttft_component_regression/phase1/input6000_rate3p33_reuse00_seed1,1,939.649211,0.917631461380839,1183.0395050485263,1085.5942698889435,1183.0395050485263
2026-07-16_ttft_component_regression/phase1/input6000_rate3p33_reuse00_seed1,0,0.0,0.3119798178712338,5.1584438818816905,1.60933038276843,0.0
2026-07-16_ttft_component_regression/phase1/input6000_rate3p33_reuse00_seed1,0,0.0,0.4347300467807563,3.9601631990205206,1.7216019327696204,0.0
2026-07-16_ttft_component_regression/phase1/input6000_rate3p33_reuse00_seed1,1,1509.825225,0.8963129666508768,2335.1495349204342,2093.0248072179497,2335.1495349204342
2026-07-16_ttft_component_regression/phase1/input6000_rate3p33_reuse00_seed1,0,0.0,7.255954776081308e-13,0.596091478778898,4.3252128124271147e-13,0.0
2026-07-16_ttft_component_regression/phase1/input6000_rate3p33_reuse00_seed1,0,0.0,1.7009955753422386e-09,1.2367453490156812,2.1036983665007663e-09,0.0
2026-07-16_ttft_component_regression/phase1/input6000_rate3p33_reuse00_seed1,0,0.0,1.3346332514017765e-11,0.7663959412653649,1.0228575069521189e-11,0.0
2026-07-16_ttft_component_regression/phase1/input6000_rate3p33_reuse00_seed1,0,0.0,1.8116477725128825e-10,0.8436753909325535,1.528442642706896e-10,0.0
2026-07-16_ttft_component_regression/phase1/input6000_rate3p33_reuse00_seed1,0,0.0,1.7950448509785485e-08,0.695339299851525,1.2481652298815089e-08,0.0
2026-07-16_ttft_component_regression/phase1/input6000_rate3p33_reuse00_seed1,0,0.0,2.2972890042781392e-08,1.8239841610486336,4.1902187571545126e-08,0.0
2026-07-16_ttft_component_regression/phase1/input6000_rate3p33_reuse00_seed1,0,0.0,8.642968588357495e-06,0.5227330501234546,4.517965332313322e-06,0.0
2026-07-16_ttft_component_regression/phase1/input6000_rate3p33_reuse00_seed1,0,0.0,0.0009674977623596483,1.9447825569172374,0.0018815727720935026,0.0
2026-07-16_ttft_component_regression/phase1/input6000_rate3p33_reuse00_seed1,0,0.0,6.097029855266069e-07,0.930560813620169,5.673657062782854e-07,0.0
2026-07-16_ttft_component_regression/phase1/input6000_rate3p33_reuse00_seed1,1,0.005639,0.9989101341724472,0.13942702847142593,0.1392750717176577,0.13942702847142593
2026-07-16_ttft_component_regression/phase1/input6000_rate3p33_reuse00_seed1,0,0.0,0.06794756897112975,4.78443515253535,0.32509073751479334,0.0
2026-07-16_ttft_component_regression/phase1/input6000_rate3p33_reuse00_seed1,0,0.0,0.011637715512569424,2.3728107724269245,0.027614096734664657,0.0
2026-07-16_ttft_component_regression/phase1/input6000_rate3p33_reuse00_seed1,1,1.031709,0.9950511708857364,3.181398248798679,3.165654052520957,3.181398248798679
2026-07-16_ttft_component_regression/phase1/input6000_rate3p33_reuse00_seed1,0,0.0,0.008053278312309045,2.781790487607186,0.022402533003234557,0.0
2026-07-16_ttft_component_regression/phase1/input6000_rate3p33_reuse00_seed1,0,0.0,2.3473378613371995e-05,2.793255161763162,6.556713597582234e-05,0.0
2026-07-16_ttft_component_regression/phase1/input6000_rate3p33_reuse00_seed1,1,1.346078,0.9985762870715967,2.0911760604306298,2.0881988260378272,2.0911760604306298
2026-07-16_ttft_component_regression/phase1/input6000_rate3p33_reuse00_seed1,1,2.18205,0.999643870751614,2.024556536993527,2.0238355331956925,2.024556536993527
2026-07-16_ttft_component_regression/phase1/input6000_rate3p33_reuse00_seed1,1,1378.654645,0.8614774233433162,1700.9708835473784,1465.3480139403996,1700.9708835473784
2026-07-16_ttft_component_regression/phase1/input6000_rate3p33_reuse00_seed1,1,5.282039,0.9988111853923123,1.10418650864774,1.1028738355966479,1.10418650864774
2026-07-16_ttft_component_regression/phase1/input6000_rate3p33_reuse00_seed1,0,0.0,2.9587495814943698e-05,2.7388442621356055,8.103554314371979e-05,0.0
2026-07-16_ttft_component_regression/phase1/input6000_rate3p33_reuse00_seed1,0,0.0,0.020144801267412228,2.2992120232488715,0.0463171692799933,0.0
2026-07-16_ttft_component_regression/phase1/input6000_rate3p33_reuse00_seed1,0,0.0,1.6033621550759868e-07,3.740522851830396,5.997412780821759e-07,0.0
2026-07-16_ttft_component_regression/phase1/input6000_rate3p33_reuse00_seed1,0,0.0,0.12244448396364929,5.061654042423631,0.6197716172270809,0.0
2026-07-16_ttft_component_regression/phase1/input6000_rate3p33_reuse00_seed1,1,10652.806056,0.9900195185557492,5344.599780289027,5291.258101354905,5344.599780289027
2026-07-16_ttft_component_regression/phase1/input6000_rate3p33_reuse00_seed1,1,13272.033445,0.9992274248802722,14897.444363201314,14885.934968338774,14897.444363201314
2026-07-16_ttft_component_regression/phase1/input6000_rate3p33_reuse00_seed1,1,11906.639235,0.9981154676110446,10631.67630909827,10611.640570744885,10631.67630909827
2026-07-16_ttft_component_regression/phase1/input6000_rate3p33_reuse00_seed1,1,586.595744,0.9953874146720865,2064.4410285679296,2054.9186181692144,2064.4410285679296
2026-07-16_ttft_component_regression/phase1/input6000_rate3p33_reuse00_seed1,1,954.279516,0.9972839437337069,145.46100810107322,145.065927818519,145.46100810107322
2026-07-16_ttft_component_regression/phase1/input6000_rate3p33_reuse00_seed1,1,11583.14282,0.9992618217058287,14671.872622603576,14661.042164698723,14671.872622603576
2026-07-16_ttft_component_regression/phase1/input6000_rate3p33_reuse00_seed1,1,8798.790879,0.9982289167060495,9086.557736833553,9070.46468622633,9086.557736833553
2026-07-16_ttft_component_regression/phase1/input6000_rate3p33_reuse00_seed1,1,1438.10392,0.997645325327597,192.67257307343178,192.21889184554905,192.67257307343178
2026-07-16_ttft_component_regression/phase1/input6000_rate3p33_reuse00_seed1,1,0.323713,0.9969558486822004,4.60866624130349,4.594636763891727,4.60866624130349
2026-07-16_ttft_component_regression/phase1/input6000_rate3p33_reuse00_seed1,1,1408.610479,0.8220344953855365,1238.4142218857974,1018.0192099661633,1238.4142218857974
2026-07-16_ttft_component_regression/phase1/input6000_rate3p33_reuse00_seed1,1,1062.38837,0.9950524497636687,2885.3138031007447,2871.0385681123234,2885.3138031007447
2026-07-16_ttft_component_regression/phase1/input6000_rate3p33_reuse00_seed1,0,0.0,8.627355047926396e-13,0.4636486929166251,4.0000618912987205e-13,0.0
2026-07-16_ttft_component_regression/phase1/input6000_rate3p33_reuse00_seed1,0,0.0,1.252577380751991e-10,0.5335863749218811,6.683582239045997e-11,0.0
2026-07-16_ttft_component_regression/phase1/input6000_rate3p33_reuse00_seed1,0,0.0,2.132445454931569e-11,0.7644599570025807,1.630169160787336e-11,0.0
2026-07-16_ttft_component_regression/phase1/input6000_rate3p33_reuse00_seed1,0,0.0,3.6605364691341913e-09,0.7985685510047141,2.9231893040564035e-09,0.0
2026-07-16_ttft_component_regression/phase1/input6000_rate3p33_reuse00_seed1,0,0.0,3.3361808645533663e-07,0.5523881946914643,1.8428669249348424e-07,0.0
2026-07-16_ttft_component_regression/phase1/input6000_rate3p33_reuse00_seed1,0,0.0,2.81869841159956e-07,0.7245966554691092,2.042419441821132e-07,0.0
2026-07-16_ttft_component_regression/phase1/input6000_rate3p33_reuse00_seed1,0,0.0,2.59560740476072e-08,1.8570647534984976,4.8202110253008416e-08,0.0
2026-07-16_ttft_component_regression/phase1/input6000_rate3p33_reuse00_seed1,0,0.0,7.881553756033542e-06,0.7378451744048599,5.8153664057018475e-06,0.0
2026-07-16_ttft_component_regression/phase1/input6000_rate3p33_reuse00_seed1,0,0.0,0.00032956904051642977,0.28561907508934353,9.413120453038506e-05,0.0
2026-07-16_ttft_component_regression/phase1/input6000_rate3p33_reuse00_seed1,0,0.0,0.0007514507220537033,2.087424980335342,0.0015685970087059302,0.0
2026-07-16_ttft_component_regression/phase1/input6000_rate3p33_reuse00_seed1,0,0.0,0.012578587409137225,2.281296956812162,0.028695493177460528,0.0
2026-07-16_ttft_component_regression/phase1/input6000_rate3p33_reuse00_seed1,0,0.0,1.2845809367949602e-07,4.63461744124995,5.953541214367121e-07,0.0
2026-07-16_ttft_component_regression/phase1/input6000_rate3p33_reuse00_seed1,0,0.0,7.994305044469229e-06,0.6459535482384362,5.163949709175328e-06,0.0
2026-07-16_ttft_component_regression/phase1/input6000_rate3p33_reuse00_seed1,0,0.0,1.3798838316933829e-06,5.367082161372195,7.405949897847467e-06,0.0
2026-07-16_ttft_component_regression/phase1/input6000_rate3p33_reuse00_seed1,0,0.0,0.005391923667892006,4.222373985346805,0.022766718226282935,0.0
2026-07-16_ttft_component_regression/phase1/input6000_rate3p33_reuse00_seed1,0,0.0,1.641337964415953e-07,3.2037535939633575,5.25844240240611e-07,0.0
2026-07-16_ttft_component_regression/phase1/input6000_rate3p33_reuse00_seed1,0,0.0,0.0003078547101918503,1.5416740929587631,0.0004746116310981037,0.0
2026-07-16_ttft_component_regression/phase1/input6000_rate3p33_reuse00_seed1,0,0.0,1.5915367305606826e-08,3.091943980314898,4.9209424135071557e-08,0.0
2026-07-16_ttft_component_regression/phase1/input6000_rate3p33_reuse00_seed1,0,0.0,2.1254300836203864e-06,2.6369330707184426,5.604616876998462e-06,0.0
2026-07-16_ttft_component_regression/phase1/input6000_rate3p33_reuse00_seed1,0,0.0,2.3130718250860003e-05,3.519288263381132,8.140366526382735e-05,0.0
2026-07-16_ttft_component_regression/phase1/input6000_rate3p33_reuse00_seed1,0,0.0,0.0005757016481783478,1.4772659737460048,0.0008504644558833667,0.0
2026-07-16_ttft_component_regression/phase1/input6000_rate3p33_reuse00_seed1,0,0.0,0.0003685512044607106,1.2929957416246605,0.0004765351379383384,0.0
2026-07-16_ttft_component_regression/phase1/input6000_rate3p33_reuse00_seed1,0,0.0,0.0027428734991136305,1.5720675006235592,0.0043119822862781616,0.0
2026-07-16_ttft_component_regression/phase1/input6000_rate3p33_reuse00_seed1,0,0.0,0.0002843595613055694,1.298550505235273,0.00036925525200182774,0.0
2026-07-16_ttft_component_regression/phase1/input6000_rate3p33_reuse00_seed1,0,0.0,0.00011682121079451696,1.1964712903498151,0.00013977322481954345,0.0
2026-07-16_ttft_component_regression/phase1/input6000_rate3p33_reuse00_seed1,0,0.0,2.031874693731615e-05,2.806036098883105,5.701513739017965e-05,0.0
2026-07-16_ttft_component_regression/phase1/input6000_rate3p33_reuse00_seed1,0,0.0,3.199872377676283e-05,2.8858279976007557,9.234281296247516e-05,0.0
2026-07-16_ttft_component_regression/phase1/input6000_rate3p33_reuse00_seed1,0,0.0,1.7185602095913995e-05,3.032464787352362,5.211473320530814e-05,0.0
2026-07-16_ttft_component_regression/phase1/input6000_rate3p33_reuse00_seed1,0,0.0,3.0738687113531683e-06,2.7132293086296375,8.340110678523031e-06,0.0
2026-07-16_ttft_component_regression/phase1/input6000_rate3p33_reuse00_seed1,0,0.0,5.079277321581858e-05,4.103153003953307,0.00020841051999960508,0.0
2026-07-16_ttft_component_regression/phase1/input6000_rate3p33_reuse00_seed1,0,0.0,7.975017718064775e-13,0.5798943916181936,4.624668047761487e-13,0.0
2026-07-16_ttft_component_regression/phase1/input6000_rate3p33_reuse00_seed1,0,0.0,1.0443990970998985e-11,0.8434670899237527,8.809162671498462e-12,0.0
2026-07-16_ttft_component_regression/phase1/input6000_rate3p33_reuse00_seed1,0,0.0,2.2132425614930154e-09,0.48460540536495234,1.0725493086832881e-09,0.0
2026-07-16_ttft_component_regression/phase1/input6000_rate3p33_reuse00_seed1,0,0.0,1.5207930992075972e-10,0.7724740923739016,1.1747732689988817e-10,0.0
2026-07-16_ttft_component_regression/phase1/input6000_rate3p33_reuse00_seed1,0,0.0,2.1791793546192918e-08,0.6531645326009694,1.423362664613592e-08,0.0
2026-07-16_ttft_component_regression/phase1/input6000_rate3p33_reuse00_seed1,0,0.0,6.756625148870189e-10,3.015445589506607,2.0374235505110033e-09,0.0
2026-07-16_ttft_component_regression/phase1/input6000_rate3p33_reuse00_seed1,0,0.0,1.3825675310522603e-07,3.077961575919779,4.2554897366931334e-07,0.0
2026-07-16_ttft_component_regression/phase1/input6000_rate3p33_reuse00_seed1,0,0.0,4.779914884021695e-06,2.747542942871088,1.3133021407118284e-05,0.0
2026-07-16_ttft_component_regression/phase1/input6000_rate3p33_reuse00_seed1,0,0.0,7.19180789019423e-12,0.7499013295062411,5.393146298410128e-12,0.0
2026-07-16_ttft_component_regression/phase1/input6000_rate3p33_reuse00_seed1,0,0.0,1.0641372057836148e-10,2.35634009251294,2.507469161922624e-10,0.0
2026-07-16_ttft_component_regression/phase1/input6000_rate3p33_reuse00_seed1,0,0.0,0.001131086365733987,3.7093693014239983,0.004195617042312889,0.0
2026-07-16_ttft_component_regression/phase1/input6000_rate3p33_reuse00_seed1,0,0.0,5.239111054847966e-07,2.6535746787674546,1.390237243439521e-06,0.0
2026-07-16_ttft_component_regression/phase1/input6000_rate3p33_reuse00_seed1,0,0.0,1.6649093921418685e-08,2.806218764505693,4.672099977430278e-08,0.0
2026-07-16_ttft_component_regression/phase1/input6000_rate3p33_reuse00_seed1,0,0.0,0.10742233971295767,1.3369378288701446,0.14361698962799274,0.0
2026-07-16_ttft_component_regression/phase1/input6000_rate3p33_reuse00_seed1,0,0.0,0.0001978885886717412,3.994824931078938,0.0007905302676018968,0.0
2026-07-16_ttft_component_regression/phase1/input6000_rate3p33_reuse00_seed1,0,0.0,0.020794195051551778,2.3796920643611155,0.04948378094895494,0.0
2026-07-16_ttft_component_regression/phase1/input6000_rate3p33_reuse00_seed1,1,2177.386771,0.996514037403285,4333.429560417526,4318.323387054412,4333.429560417526
2026-07-16_ttft_component_regression/phase1/input6000_rate3p33_reuse00_seed1,0,0.0,0.0001442432049694255,1.4446366126184271,0.00020837901502025632,0.0
2026-07-16_ttft_component_regression/phase1/input6000_rate3p33_reuse00_seed1,0,0.0,0.0043410453203408025,4.115803946877093,0.01786689146303101,0.0
2026-07-16_ttft_component_regression/phase1/input6000_rate3p33_reuse00_seed1,1,3.139614,0.9968855869936764,1.7166473352395115,1.7113009864513709,1.7166473352395115
2026-07-16_ttft_component_regression/phase1/input6000_rate3p33_reuse00_seed1,0,0.0,2.5181859154460853e-07,3.3724752109019582,8.492519576284377e-07,0.0
2026-07-16_ttft_component_regression/phase1/input6000_rate3p33_reuse00_seed1,0,0.0,3.119902297402642e-05,2.8245013754272277,8.812168330212329e-05,0.0
2026-07-16_ttft_component_regression/phase1/input6000_rate3p33_reuse00_seed1,0,0.0,2.72597634907543e-06,2.913934314757274,7.943316024787648e-06,0.0
2026-07-16_ttft_component_regression/phase1/input6000_rate3p33_reuse00_seed1,0,0.0,0.0006170706103799269,1.086836188872299,0.0006706546704504231,0.0
2026-07-16_ttft_component_regression/phase1/input6000_rate3p33_reuse00_seed1,0,0.0,0.2445895455071334,4.047353588279912,0.9899403746640493,0.0
2026-07-16_ttft_component_regression/phase1/input6000_rate3p33_reuse00_seed1,0,0.0,0.019037423532513496,1.6228934060338132,0.030895709118789094,0.0
2026-07-16_ttft_component_regression/phase1/input6000_rate3p33_reuse00_seed1,0,0.0,0.0024890441364120632,1.642147481595695,0.004087377560189601,0.0
2026-07-16_ttft_component_regression/phase1/input6000_rate3p33_reuse00_seed1,0,0.0,0.02230986712193913,1.3450828134551545,0.030008618836188532,0.0
2026-07-16_ttft_component_regression/phase1/input6000_rate3p33_reuse00_seed1,1,0.524992,0.9975088208207981,3.8297875853847017,3.820246898291225,3.8297875853847017
2026-07-16_ttft_component_regression/phase1/input6000_rate3p33_reuse00_seed1,1,1.107397,0.9992073186226597,5.3928930231586625,5.388618177289216,5.3928930231586625
2026-07-16_ttft_component_regression/phase1/input6000_rate3p33_reuse00_seed1,0,0.0,1.9811203483268796e-11,1.9446957220186352,3.852676266195351e-11,0.0
2026-07-16_ttft_component_regression/phase1/input6000_rate3p33_reuse00_seed1,0,0.0,1.7119239434035425e-10,1.9563245743331015,3.3490788798695795e-10,0.0
2026-07-16_ttft_component_regression/phase1/input6000_rate3p33_reuse00_seed1,0,0.0,3.040335037716095e-09,0.5977731987240212,1.8174308006882679e-09,0.0
2026-07-16_ttft_component_regression/phase1/input6000_rate3p33_reuse00_seed1,0,0.0,1.5249288992000705e-12,0.8302448457379921,1.2660643586777687e-12,0.0
2026-07-16_ttft_component_regression/phase1/input6000_rate3p33_reuse00_seed1,0,0.0,1.2858639906629937e-06,0.37536620962378486,4.826698922668819e-07,0.0
2026-07-16_ttft_component_regression/phase1/input6000_rate3p33_reuse00_seed1,0,0.0,6.790107402600176e-08,0.5309851928615291,3.6054464887201515e-08,0.0
2026-07-16_ttft_component_regression/phase1/input6000_rate3p33_reuse00_seed1,0,0.0,7.456697514528103e-05,1.2320239047080603,9.186829588075801e-05,0.0
2026-07-16_ttft_component_regression/phase1/input6000_rate3p33_reuse00_seed1,0,0.0,1.6782314732333334e-05,0.5627873945124918,9.444875182098484e-06,0.0
2026-07-16_ttft_component_regression/phase1/input6000_rate3p33_reuse00_seed1,0,0.0,0.00010038277288859869,0.9594444960442032,9.631169894562128e-05,0.0
2026-07-16_ttft_component_regression/phase1/input6000_rate3p33_reuse00_seed1,1,4.428833,0.9958491203999392,2.5503055872464793,2.539719575810457,2.5503055872464793
2026-07-16_ttft_component_regression/phase1/input6000_rate3p33_reuse00_seed1,0,0.0,6.270199228481472e-05,1.911341979361967,0.00011984495004359655,0.0
2026-07-16_ttft_component_regression/phase1/input6000_rate3p33_reuse00_seed1,1,1.677561,0.9858809858054574,2.601208609018266,2.5644821077445705,2.601208609018266
2026-07-16_ttft_component_regression/phase1/input6000_rate3p33_reuse00_seed1,0,0.0,0.003079017317794306,3.414594405483202,0.010513595307726331,0.0
2026-07-16_ttft_component_regression/phase1/input6000_rate3p33_reuse00_seed1,1,0.001871,0.9877521585137659,0.03724677348889982,0.03679058091133411,0.03724677348889982
2026-07-16_ttft_component_regression/phase1/input6000_rate3p33_reuse00_seed1,0,0.0,0.206423861819269,1.5717311413911959,0.3244428119475782,0.0
2026-07-16_ttft_component_regression/phase1/input6000_rate3p33_reuse00_seed1,1,4188.151764,0.9913196056406316,8148.748748142948,8078.014395473658,8148.748748142948
2026-07-16_ttft_component_regression/phase1/input6000_rate3p33_reuse00_seed1,0,0.0,0.16679097941272245,1.8922158098910093,0.3156045281919593,0.0
2026-07-16_ttft_component_regression/phase1/input6000_rate3p33_reuse00_seed1,1,2452.39175,0.838684269660404,2704.001857364499,2267.803822904121,2704.001857364499
2026-07-16_ttft_component_regression/phase1/input6000_rate3p33_reuse00_seed1,1,3839.812989,0.9901029053769043,9509.692228881668,9415.573905055908,9509.692228881668
2026-07-16_ttft_component_regression/phase1/input6000_rate3p33_reuse00_seed1,0,0.0,3.1678875075462633e-06,2.787496904545177,8.830476621232545e-06,0.0
2026-07-16_ttft_component_regression/phase1/input6000_rate3p33_reuse00_seed1,0,0.0,0.0006020309158204014,1.2000137629955427,0.0007224453847332927,0.0
2026-07-16_ttft_component_regression/phase1/input6000_rate3p33_reuse00_seed1,1,0.924354,0.9858294650141813,1.608029363126776,1.5852427267783642,1.608029363126776
2026-07-16_ttft_component_regression/phase1/input6000_rate3p33_reuse00_seed1,1,3.064582,0.9976952993503732,2.0952787076797312,2.0904497174809924,2.0952787076797312
2026-07-16_ttft_component_regression/phase1/input6000_rate3p33_reuse00_seed1,0,0.0,4.366478231332369e-05,3.283326470946244,0.00014336573561744105,0.0
2026-07-16_ttft_component_regression/phase1/input6000_rate3p33_reuse00_seed1,0,0.0,0.023565691623103506,2.1182837437872815,0.049918821476324274,0.0
2026-07-16_ttft_component_regression/phase1/input6000_rate3p33_reuse00_seed1,1,1.073879,0.9888805643038326,2.15035274697446,2.1264420378804005,2.15035274697446
2026-07-16_ttft_component_regression/phase1/input6000_rate3p33_reuse00_seed1,0,0.0,1.0968781859554261e-05,2.958610174577916,3.245234961240291e-05,0.0
2026-07-16_ttft_component_regression/phase1/input6000_rate3p33_reuse00_seed1,0,0.0,0.000269294233677231,0.9099698327614859,0.0002450496287829024,0.0
2026-07-16_ttft_component_regression/phase1/input6000_rate3p33_reuse00_seed1,0,0.0,0.16543253562654409,3.3346061780079483,0.551652355343794,0.0
2026-07-16_ttft_component_regression/phase1/input6000_rate3p33_reuse00_seed1,1,1.653383,0.9957625119058736,1.4820021487031305,1.4757221822425313,1.4820021487031305
2026-07-16_ttft_component_regression/phase1/input6000_rate3p33_reuse00_seed1,0,0.0,0.19161972245826156,3.2400468426300453,0.6208568767365359,0.0
2026-07-16_ttft_component_regression/phase1/input6000_rate3p33_reuse00_seed1,0,0.0,0.21348598814038944,3.2774210704949196,0.6996834757867408,0.0
2026-07-16_ttft_component_regression/phase1/input6000_rate3p33_reuse00_seed1,0,0.0,0.02478786412700986,2.6490028242938046,0.0656631220806602,0.0
2026-07-16_ttft_component_regression/phase1/input6000_rate3p33_reuse00_seed1,0,0.0,5.88141171686695e-13,0.4545286433308356,2.6732700885376153e-13,0.0
2026-07-16_ttft_component_regression/phase1/input6000_rate3p33_reuse00_seed1,0,0.0,8.107565299587809e-12,0.667319991056653,5.410340403212167e-12,0.0
2026-07-16_ttft_component_regression/phase1/input6000_rate3p33_reuse00_seed1,0,0.0,9.108134360164881e-11,0.6831522631678485,6.222242601383483e-11,0.0
2026-07-16_ttft_component_regression/phase1/input6000_rate3p33_reuse00_seed1,0,0.0,6.581574548667039e-11,0.6757827270886394,4.447714397035392e-11,0.0
2026-07-16_ttft_component_regression/phase1/input6000_rate3p33_reuse00_seed1,0,0.0,6.09525086137446e-12,0.7152539756015112,4.359652410886618e-12,0.0
2026-07-16_ttft_component_regression/phase1/input6000_rate3p33_reuse00_seed1,0,0.0,2.9494791594973866e-10,3.3838644522544428,9.980637680488518e-10,0.0
2026-07-16_ttft_component_regression/phase1/input6000_rate3p33_reuse00_seed1,0,0.0,5.249133041963529e-11,5.07548358221431,2.6641888575344547e-10,0.0
2026-07-16_ttft_component_regression/phase1/input6000_rate3p33_reuse00_seed1,0,0.0,7.336512746686015e-10,0.7953888329145661,5.835380311249427e-10,0.0
2026-07-16_ttft_component_regression/phase1/input6000_rate3p33_reuse00_seed1,0,0.0,2.3247335254496977e-07,0.8214161673083987,1.9095737024882326e-07,0.0
2026-07-16_ttft_component_regression/phase1/input6000_rate3p33_reuse00_seed1,0,0.0,1.4944467550984044e-08,0.7843431271118401,1.1721590411960248e-08,0.0
2026-07-16_ttft_component_regression/phase1/input6000_rate3p33_reuse00_seed1,0,0.0,2.7632342081639797e-06,2.7696388581445763,7.653160837085317e-06,0.0
2026-07-16_ttft_component_regression/phase1/input6000_rate3p33_reuse00_seed1,0,0.0,2.3766475534948124e-06,2.9347156657062077,6.974784807103558e-06,0.0
2026-07-16_ttft_component_regression/phase1/input6000_rate3p33_reuse00_seed1,0,0.0,1.7661960017888468e-07,3.220142890145096,5.68740349776305e-07,0.0
2026-07-16_ttft_component_regression/phase1/input6000_rate3p33_reuse00_seed1,0,0.0,3.177349000933783e-06,3.073899395246895,9.766851172458682e-06,0.0
2026-07-16_ttft_component_regression/phase1/input6000_rate3p33_reuse00_seed1,0,0.0,2.248827106528683e-07,3.4687401560878346,7.800596888514857e-07,0.0
2026-07-16_ttft_component_regression/phase1/input6000_rate3p33_reuse00_seed1,0,0.0,1.4216294044884887e-07,3.305706896149966,4.6994901261871666e-07,0.0
2026-07-16_ttft_component_regression/phase1/input6000_rate3p33_reuse00_seed1,0,0.0,1.2316242790760516e-05,3.0546102875896346,3.762132193310874e-05,0.0
2026-07-16_ttft_component_regression/phase1/input6000_rate3p33_reuse00_seed1,0,0.0,2.126108174744001e-06,3.037138064035381,6.457284065771794e-06,0.0
2026-07-16_ttft_component_regression/phase1/input6000_rate3p33_reuse00_seed1,1,5.645269,0.984879932265687,1.8670737139736748,1.8388434329534376,1.8670737139736748
2026-07-16_ttft_component_regression/phase1/input6000_rate3p33_reuse00_seed1,1,5.411849,0.9833898837296167,1.45687411551503,1.4326752670650134,1.45687411551503
2026-07-16_ttft_component_regression/phase1/input6000_rate3p33_reuse00_seed1,0,0.0,0.02402890409765721,1.4527569101230295,0.03490815647055509,0.0
2026-07-16_ttft_component_regression/phase1/input6000_rate3p33_reuse00_seed1,0,0.0,0.12203703255706849,3.481156790719228,0.42483004460526247,0.0
2026-07-16_ttft_component_regression/phase1/input6000_rate3p33_reuse00_seed1,0,0.0,0.0001326473566408016,1.2890674782759803,0.00017099139352493275,0.0
2026-07-16_ttft_component_regression/phase1/input6000_rate3p33_reuse00_seed1,0,0.0,0.00277397874112394,1.412815711503177,0.003919120748835706,0.0
2026-07-16_ttft_component_regression/phase1/input6000_rate3p33_reuse00_seed1,0,0.0,0.0037225364595151102,2.02743085633411,0.0075471852818496665,0.0
2026-07-16_ttft_component_regression/phase1/input6000_rate3p33_reuse00_seed1,0,0.0,0.0017755399379733871,2.0784114078171383,0.003690302462118822,0.0
2026-07-16_ttft_component_regression/phase1/input6000_rate3p33_reuse50_seed1,0,0.0,9.816457426031393e-13,0.42356353507562605,4.1578934092892376e-13,0.0
2026-07-16_ttft_component_regression/phase1/input6000_rate3p33_reuse50_seed1,0,0.0,2.291291821260379e-12,0.24468296760931252,5.60640082484936e-13,0.0
2026-07-16_ttft_component_regression/phase1/input6000_rate3p33_reuse50_seed1,0,0.0,6.713399346197095e-11,0.3462405524011852,2.3244510981170376e-11,0.0
2026-07-16_ttft_component_regression/phase1/input6000_rate3p33_reuse50_seed1,0,0.0,3.858118831836691e-10,1.9207959712436073,7.410659108771009e-10,0.0
2026-07-16_ttft_component_regression/phase1/input6000_rate3p33_reuse50_seed1,0,0.0,4.329896690631683e-09,2.1813231081789914,9.444903707302632e-09,0.0
2026-07-16_ttft_component_regression/phase1/input6000_rate3p33_reuse50_seed1,0,0.0,4.755309009303526e-10,0.859053804948224,4.0850662981467634e-10,0.0
2026-07-16_ttft_component_regression/phase1/input6000_rate3p33_reuse50_seed1,0,0.0,9.698766709878857e-09,0.9156077278438586,8.880265750119837e-09,0.0
2026-07-16_ttft_component_regression/phase1/input6000_rate3p33_reuse50_seed1,0,0.0,0.0040605943012506866,2.300799937738688,0.009342615115499652,0.0
2026-07-16_ttft_component_regression/phase1/input6000_rate3p33_reuse50_seed1,0,0.0,1.4360596028527264e-06,1.8097559650887944,2.5989174324857665e-06,0.0
2026-07-16_ttft_component_regression/phase1/input6000_rate3p33_reuse50_seed1,0,0.0,3.096559665440198e-05,3.280904421102906,0.0001015951629655168,0.0
2026-07-16_ttft_component_regression/phase1/input6000_rate3p33_reuse50_seed1,0,0.0,2.110289539127414e-07,0.8232566033829801,1.7373097981366693e-07,0.0
2026-07-16_ttft_component_regression/phase1/input6000_rate3p33_reuse50_seed1,0,0.0,0.00030632787810291266,2.527719345711453,0.0007743109036114722,0.0
2026-07-16_ttft_component_regression/phase1/input6000_rate3p33_reuse50_seed1,0,0.0,1.0139369734069498e-05,3.298440292027372,3.344410566661769e-05,0.0
2026-07-16_ttft_component_regression/phase1/input6000_rate3p33_reuse50_seed1,0,0.0,0.003222586759242937,1.8913480157439677,0.006095033072656912,0.0
2026-07-16_ttft_component_regression/phase1/input6000_rate3p33_reuse50_seed1,0,0.0,0.0002912419571482954,2.1721381220556095,0.0006326177578638986,0.0
2026-07-16_ttft_component_regression/phase1/input6000_rate3p33_reuse50_seed1,0,0.0,0.0004124183254092957,1.9384507591878406,0.0007994526159926271,0.0
2026-07-16_ttft_component_regression/phase1/input6000_rate3p33_reuse50_seed1,0,0.0,0.005261200503511665,2.002536405630058,0.010535745545601301,0.0
2026-07-16_ttft_component_regression/phase1/input6000_rate3p33_reuse50_seed1,0,0.0,1.4004659451919773e-06,2.221540114018272,3.111191275560492e-06,0.0
2026-07-16_ttft_component_regression/phase1/input6000_rate3p33_reuse50_seed1,0,0.0,6.593199386451226e-10,2.366481716542575,1.5602685801556548e-09,0.0
2026-07-16_ttft_component_regression/phase1/input6000_rate3p33_reuse50_seed1,0,0.0,1.3457144637115264e-08,2.1836869741181486,2.9386191452892503e-08,0.0
2026-07-16_ttft_component_regression/phase1/input6000_rate3p33_reuse50_seed1,0,0.0,1.823645731571307e-06,1.9897709253128253,3.628637254751424e-06,0.0
2026-07-16_ttft_component_regression/phase1/input6000_rate3p33_reuse50_seed1,0,0.0,1.3727413327558203e-07,2.1872864732414743,3.0025785483962793e-07,0.0
2026-07-16_ttft_component_regression/phase1/input6000_rate3p33_reuse50_seed1,0,0.0,1.08283809103092e-09,2.1816429530491765,2.3623660905908296e-09,0.0
2026-07-16_ttft_component_regression/phase1/input6000_rate3p33_reuse50_seed1,0,0.0,2.092708516435986e-06,0.9759621682469856,2.0424043412097975e-06,0.0
2026-07-16_ttft_component_regression/phase1/input6000_rate3p33_reuse50_seed1,0,0.0,8.974795306071385e-13,0.23779437144047763,2.134155808614194e-13,0.0
2026-07-16_ttft_component_regression/phase1/input6000_rate3p33_reuse50_seed1,0,0.0,1.3382121008467588e-11,0.429593965837431,5.748878435343992e-12,0.0
2026-07-16_ttft_component_regression/phase1/input6000_rate3p33_reuse50_seed1,0,0.0,1.6681115691674386e-10,0.4001448769989072,6.674862986649588e-11,0.0
2026-07-16_ttft_component_regression/phase1/input6000_rate3p33_reuse50_seed1,0,0.0,1.8538520820396683e-09,0.3581609202497412,6.639773677102263e-10,0.0
2026-07-16_ttft_component_regression/phase1/input6000_rate3p33_reuse50_seed1,0,0.0,4.2822004550070686e-08,0.4189900142338194,1.7941992295954794e-08,0.0
2026-07-16_ttft_component_regression/phase1/input6000_rate3p33_reuse50_seed1,0,0.0,3.2203486012183315e-09,0.4554352013336384,1.4666601135603715e-09,0.0
2026-07-16_ttft_component_regression/phase1/input6000_rate3p33_reuse50_seed1,0,0.0,4.2494232753220665e-10,0.39895047825310614,1.6953094479896192e-10,0.0
2026-07-16_ttft_component_regression/phase1/input6000_rate3p33_reuse50_seed1,0,0.0,1.0677072553206095e-08,1.637013685316508,1.7478513888715648e-08,0.0
2026-07-16_ttft_component_regression/phase1/input6000_rate3p33_reuse50_seed1,0,0.0,1.1496324077183497e-06,2.295380098634809,2.6388433494223184e-06,0.0
2026-07-16_ttft_component_regression/phase1/input6000_rate3p33_reuse50_seed1,0,0.0,1.981067776872441e-05,2.7573695616765943,5.4625359875663876e-05,0.0
2026-07-16_ttft_component_regression/phase1/input6000_rate3p33_reuse50_seed1,0,0.0,0.00014707819543858077,1.7750008432552855,0.00026106392092794655,0.0
2026-07-16_ttft_component_regression/phase1/input6000_rate3p33_reuse50_seed1,0,0.0,6.127934670440664e-09,2.4177458218479027,1.4815788446014819e-08,0.0
2026-07-16_ttft_component_regression/phase1/input6000_rate3p33_reuse50_seed1,0,0.0,9.03967869995882e-08,2.7112080326781935,2.4508449504158325e-07,0.0
2026-07-16_ttft_component_regression/phase1/input6000_rate3p33_reuse50_seed1,0,0.0,1.278909303866981e-06,0.6391959738392446,8.174736779373253e-07,0.0
2026-07-16_ttft_component_regression/phase1/input6000_rate3p33_reuse50_seed1,0,0.0,2.6601283799617645e-05,0.6006761202109915,1.597875594538583e-05,0.0
2026-07-16_ttft_component_regression/phase1/input6000_rate3p33_reuse50_seed1,0,0.0,1.1520482179754374e-07,2.902509677933229,3.343831102119437e-07,0.0
2026-07-16_ttft_component_regression/phase1/input6000_rate3p33_reuse50_seed1,0,0.0,1.5024727158076866e-06,3.123481072533404,4.6929450898231695e-06,0.0
2026-07-16_ttft_component_regression/phase1/input6000_rate3p33_reuse50_seed1,0,0.0,1.0516860875534658e-07,3.3979204879788636,3.573545703820254e-07,0.0
2026-07-16_ttft_component_regression/phase1/input6000_rate3p33_reuse50_seed1,0,0.0,1.5245202033898023e-06,3.3982215982230604,5.180657482086639e-06,0.0
2026-07-16_ttft_component_regression/phase1/input6000_rate3p33_reuse50_seed1,0,0.0,1.623362563116043e-10,2.1510002168294826,3.4918532252554733e-10,0.0
2026-07-16_ttft_component_regression/phase1/input6000_rate3p33_reuse50_seed1,0,0.0,1.656253299016894e-10,1.9243088804527109,3.187142931577308e-10,0.0
2026-07-16_ttft_component_regression/phase1/input6000_rate3p33_reuse50_seed1,0,0.0,2.374340867791963e-09,2.1889912322929415,5.1974113420714215e-09,0.0
2026-07-16_ttft_component_regression/phase1/input6000_rate3p33_reuse50_seed1,0,0.0,2.0856586968049e-07,2.61894512520497,5.462225676838544e-07,0.0
2026-07-16_ttft_component_regression/phase1/input6000_rate3p33_reuse50_seed1,0,0.0,1.6977488322172036e-08,2.220655373130329,3.7701150664888745e-08,0.0
2026-07-16_ttft_component_regression/phase1/input6000_rate3p33_reuse50_seed1,0,0.0,3.0090598373851463e-06,2.89065233929051,8.698145858002495e-06,0.0
2026-07-16_ttft_component_regression/phase1/input6000_rate3p33_reuse50_seed1,0,0.0,1.1905594607250782e-06,2.230655649268585,2.655728186856556e-06,0.0
2026-07-16_ttft_component_regression/phase1/input6000_rate3p33_reuse50_seed1,0,0.0,0.00029889654485483746,1.793570125059017,0.0005360919133349989,0.0
2026-07-16_ttft_component_regression/phase1/input6000_rate3p33_reuse50_seed1,0,0.0,0.0046991492269695635,1.5121152995218674,0.007105655440837033,0.0
2026-07-16_ttft_component_regression/phase1/input6000_rate3p33_reuse50_seed1,0,0.0,0.0004751559487818951,1.6925712597929297,0.000804235302827877,0.0
2026-07-16_ttft_component_regression/phase1/input6000_rate3p33_reuse50_seed1,0,0.0,3.3493400224166714e-05,2.244530680146611,7.517696438557158e-05,0.0
2026-07-16_ttft_component_regression/phase1/input6000_rate3p33_reuse50_seed1,0,0.0,6.309091131770154e-13,0.32972468102223357,2.0802630609631166e-13,0.0
2026-07-16_ttft_component_regression/phase1/input6000_rate3p33_reuse50_seed1,0,0.0,1.3772760828336843e-11,0.442340144463629,6.09224501446953e-12,0.0
2026-07-16_ttft_component_regression/phase1/input6000_rate3p33_reuse50_seed1,0,0.0,1.44558952905384e-10,1.2132537266975192,1.753866883399483e-10,0.0
2026-07-16_ttft_component_regression/phase1/input6000_rate3p33_reuse50_seed1,0,0.0,1.7868798980686196e-10,1.4216342666358557,2.5402896934571344e-10,0.0
2026-07-16_ttft_component_regression/phase1/input6000_rate3p33_reuse50_seed1,0,0.0,6.231198711961007e-07,0.26119302596358773,1.6275456469575057e-07,0.0
2026-07-16_ttft_component_regression/phase1/input6000_rate3p33_reuse50_seed1,0,0.0,3.0646448338349016e-09,0.4251769471796497,1.3030163346398084e-09,0.0
2026-07-16_ttft_component_regression/phase1/input6000_rate3p33_reuse50_seed1,0,0.0,6.12374461389689e-08,0.3839990648015353,2.3515122048198443e-08,0.0
2026-07-16_ttft_component_regression/phase1/input6000_rate3p33_reuse50_seed1,0,0.0,4.785010635459771e-08,0.4568519533534369,2.186041455626767e-08,0.0
2026-07-16_ttft_component_regression/phase1/input6000_rate3p33_reuse50_seed1,0,0.0,1.1631657082309718e-05,2.5182657108537962,2.9291603190790276e-05,0.0
2026-07-16_ttft_component_regression/phase1/input6000_rate3p33_reuse50_seed1,0,0.0,4.0232581951146775e-12,0.6819125392878417,2.7435102120412686e-12,0.0
2026-07-16_ttft_component_regression/phase1/input6000_rate3p33_reuse50_seed1,0,0.0,4.8193102128084256e-11,1.3527660360276261,6.519399172968309e-11,0.0
2026-07-16_ttft_component_regression/phase1/input6000_rate3p33_reuse50_seed1,0,0.0,6.602801747566582e-10,2.390340664338736,1.5782945515775272e-09,0.0
2026-07-16_ttft_component_regression/phase1/input6000_rate3p33_reuse50_seed1,0,0.0,7.223517589018455e-09,2.681454285332517,1.936953219424835e-08,0.0
2026-07-16_ttft_component_regression/phase1/input6000_rate3p33_reuse50_seed1,0,0.0,1.0546068558549765e-08,2.9628832823026214,3.1246770226144404e-08,0.0
2026-07-16_ttft_component_regression/phase1/input6000_rate3p33_reuse50_seed1,0,0.0,1.1667043887705745e-09,2.856879142429653,3.3331334336597914e-09,0.0
2026-07-16_ttft_component_regression/phase1/input6000_rate3p33_reuse50_seed1,0,0.0,6.2270983213304246e-09,1.9839541334123847,1.2354277453768818e-08,0.0
2026-07-16_ttft_component_regression/phase1/input6000_rate3p33_reuse50_seed1,0,0.0,1.0573577244533335e-08,2.2315480433921553,2.359544561169418e-08,0.0
2026-07-16_ttft_component_regression/phase1/input6000_rate3p33_reuse50_seed1,0,0.0,8.600841599394617e-10,3.308813963980308,2.845858478605963e-09,0.0
2026-07-16_ttft_component_regression/phase1/input6000_rate3p33_reuse50_seed1,0,0.0,1.8085624218504008e-07,1.697021131789714,3.0691686480409135e-07,0.0
2026-07-16_ttft_component_regression/phase1/input6000_rate3p33_reuse50_seed1,0,0.0,2.245461110344837e-06,0.9741430828659112,2.1874004084868316e-06,0.0
2026-07-16_ttft_component_regression/phase1/input6000_rate3p33_reuse50_seed1,0,0.0,7.157161208172086e-10,2.6410875475452786,1.890268934267742e-09,0.0
2026-07-16_ttft_component_regression/phase1/input6000_rate3p33_reuse50_seed1,0,0.0,1.498954663328237e-08,2.0069661266514176,3.008351234685952e-08,0.0
2026-07-16_ttft_component_regression/phase1/input6000_rate3p33_reuse50_seed1,0,0.0,1.0127308828381195e-12,0.35195081988808946,3.564314645408648e-13,0.0
2026-07-16_ttft_component_regression/phase1/input6000_rate3p33_reuse50_seed1,0,0.0,1.7907280371436542e-11,0.36863232437106047,6.601202386486919e-12,0.0
2026-07-16_ttft_component_regression/phase1/input6000_rate3p33_reuse50_seed1,0,0.0,3.0841256679138506e-10,1.249978258648755,3.855090031832883e-10,0.0
2026-07-16_ttft_component_regression/phase1/input6000_rate3p33_reuse50_seed1,0,0.0,3.9187042265479095e-09,1.4601305275018108,5.721819669432975e-09,0.0
2026-07-16_ttft_component_regression/phase1/input6000_rate3p33_reuse50_seed1,0,0.0,2.5419172060030473e-11,1.1872232691022666,3.0178232550982376e-11,0.0
2026-07-16_ttft_component_regression/phase1/input6000_rate3p33_reuse50_seed1,0,0.0,5.612622833220273e-08,0.2802622457397693,1.5730062797286205e-08,0.0
2026-07-16_ttft_component_regression/phase1/input6000_rate3p33_reuse50_seed1,0,0.0,7.318946045410763e-08,0.424341953087523,3.105735859451806e-08,0.0
2026-07-16_ttft_component_regression/phase1/input6000_rate3p33_reuse50_seed1,0,0.0,0.00034380994141139327,1.8183224246366725,0.000625157326281357,0.0
2026-07-16_ttft_component_regression/phase1/input6000_rate3p33_reuse50_seed1,0,0.0,1.1620448325490193e-06,0.4872340815690778,5.661878467291142e-07,0.0
2026-07-16_ttft_component_regression/phase1/input6000_rate3p33_reuse50_seed1,0,0.0,3.3175350302332314e-05,0.5668900107236609,1.880677468865037e-05,0.0
2026-07-16_ttft_component_regression/phase1/input6000_rate3p33_reuse50_seed1,0,0.0,0.00023831960887653225,1.9064868399158699,0.00045435319801700606,0.0
2026-07-16_ttft_component_regression/phase1/input6000_rate3p33_reuse50_seed1,0,0.0,1.8482447364052494e-05,2.1059856262483296,3.8923768486585884e-05,0.0
2026-07-16_ttft_component_regression/phase1/input6000_rate3p33_reuse50_seed1,0,0.0,0.0002005540019455287,1.4994627599995702,0.00030072325728620165,0.0
2026-07-16_ttft_component_regression/phase1/input6000_rate3p33_reuse50_seed1,0,0.0,0.0029594598937916195,0.46129863675160054,0.0013651948145271106,0.0
2026-07-16_ttft_component_regression/phase1/input6000_rate3p33_reuse50_seed1,0,0.0,3.248327156467558e-05,2.2369777284055044,7.26643550359271e-05,0.0
2026-07-16_ttft_component_regression/phase1/input6000_rate3p33_reuse50_seed1,0,0.0,0.0004057563350179809,0.46895732204806734,0.0001902824042740708,0.0
2026-07-16_ttft_component_regression/phase1/input6000_rate3p33_reuse50_seed1,0,0.0,3.778499871036305e-05,3.397557442580942,0.00012837670358630527,0.0
2026-07-16_ttft_component_regression/phase1/input6000_rate3p33_reuse50_seed1,0,0.0,4.515681448914683e-05,1.1403823237976192,5.149603304243126e-05,0.0
2026-07-16_ttft_component_regression/phase1/input6000_rate3p33_reuse50_seed1,0,0.0,1.2695292941029278e-05,2.1301741991462086,2.704318547358356e-05,0.0
2026-07-16_ttft_component_regression/phase1/input6000_rate3p33_reuse50_seed1,0,0.0,0.05805113990688579,2.626764762837744,0.15248668874997157,0.0
2026-07-16_ttft_component_regression/phase1/input6000_rate3p33_reuse50_seed1,0,0.0,0.005580800001917664,2.8863191285748173,0.01610796979828533,0.0
2026-07-16_ttft_component_regression/phase1/input6000_rate3p33_reuse50_seed1,0,0.0,0.00022360187050056362,2.103868502930345,0.0004704289325424457,0.0
2026-07-16_ttft_component_regression/phase1/input6000_rate3p33_reuse50_seed1,0,0.0,0.4609681336710627,8.861563363379487,4.084898325024907,0.0
2026-07-16_ttft_component_regression/phase1/input6000_rate3p33_reuse50_seed1,0,0.0,0.005365266157563315,2.420740814701984,0.012987918769352803,0.0
2026-07-16_ttft_component_regression/phase1/input6000_rate3p33_reuse50_seed1,0,0.0,0.42345857250444185,10.232027819892695,4.332839894437496,0.0
2026-07-16_ttft_component_regression/phase1/input6000_rate3p33_reuse50_seed1,1,2842.605877,0.9441606021505311,2622.31041357613,2475.882179107647,2622.31041357613
2026-07-16_ttft_component_regression/phase1/input6000_rate3p33_reuse50_seed1,1,3861.298646,0.9710158252638409,4284.297467653748,4160.120641229588,4284.297467653748
2026-07-16_ttft_component_regression/phase1/input6000_rate3p33_reuse50_seed1,1,2546.781142,0.9655965153986841,2519.275184470671,2432.603339455257,2519.275184470671
2026-07-16_ttft_component_regression/phase1/input6000_rate3p33_reuse50_seed1,0,0.0,0.0420280052208648,1.4665193387011923,0.0616348824234329,0.0
2026-07-16_ttft_component_regression/phase1/input6000_rate3p33_reuse50_seed1,0,0.0,0.00042602991405833474,1.88964477895719,0.0008050452027799125,0.0
2026-07-16_ttft_component_regression/phase1/input6000_rate3p33_reuse50_seed1,0,0.0,2.0279280589080558e-06,2.4377457455825766,4.943572997950646e-06,0.0
2026-07-16_ttft_component_regression/phase1/input6000_rate3p33_reuse50_seed1,0,0.0,2.7942585297638415e-06,2.546433395199836,7.115393235012641e-06,0.0
2026-07-16_ttft_component_regression/phase1/input6000_rate3p33_reuse50_seed1,0,0.0,4.364745869901281e-05,3.8121128574314684,0.00016638903850071574,0.0
2026-07-16_ttft_component_regression/phase1/input6000_rate3p33_reuse50_seed1,0,0.0,2.9826944518218584e-06,2.4668492715981456,7.357857635876582e-06,0.0
2026-07-16_ttft_component_regression/phase1/input6000_rate3p33_reuse50_seed1,0,0.0,2.9650332381929516e-06,2.42513436731695,7.1906040061787914e-06,0.0
2026-07-16_ttft_component_regression/phase1/input6000_rate3p33_reuse50_seed1,0,0.0,2.8658986815766196e-12,0.4372115063304817,1.2530038795626554e-12,0.0
2026-07-16_ttft_component_regression/phase1/input6000_rate3p33_reuse50_seed1,0,0.0,4.157128131087703e-11,0.4341847306097345,1.8049615577064633e-11,0.0
2026-07-16_ttft_component_regression/phase1/input6000_rate3p33_reuse50_seed1,0,0.0,7.108700777560904e-09,0.324612646324171,2.307574171330737e-09,0.0
2026-07-16_ttft_component_regression/phase1/input6000_rate3p33_reuse50_seed1,0,0.0,8.226116510867852e-10,1.0315871935978802,8.485956445655354e-10,0.0
2026-07-16_ttft_component_regression/phase1/input6000_rate3p33_reuse50_seed1,0,0.0,1.5072900748798817e-07,0.3380789903511815,5.095831066817472e-08,0.0
2026-07-16_ttft_component_regression/phase1/input6000_rate3p33_reuse50_seed1,0,0.0,1.2043254602211354e-06,0.4063780968819993,4.89411488551203e-07,0.0
2026-07-16_ttft_component_regression/phase1/input6000_rate3p33_reuse50_seed1,0,0.0,2.176723568775045e-05,0.2762990255800058,6.014266010095777e-06,0.0
2026-07-16_ttft_component_regression/phase1/input6000_rate3p33_reuse50_seed1,0,0.0,0.0004025129821660112,0.3113229783920718,0.0001253115404493975,0.0
2026-07-16_ttft_component_regression/phase1/input6000_rate3p33_reuse50_seed1,0,0.0,0.00545352133822385,0.3121504383704927,0.001702319076389411,0.0
2026-07-16_ttft_component_regression/phase1/input6000_rate3p33_reuse50_seed1,0,0.0,1.2909529071356647e-07,0.48239911887066095,6.227545449057628e-08,0.0
2026-07-16_ttft_component_regression/phase1/input6000_rate3p33_reuse50_seed1,0,0.0,0.00723720718664396,0.5612504818768602,0.004061886020946598,0.0
2026-07-16_ttft_component_regression/phase1/input6000_rate3p33_reuse50_seed1,0,0.0,0.10944298387936317,0.493691111866287,0.05403102839736693,0.0
2026-07-16_ttft_component_regression/phase1/input6000_rate3p33_reuse50_seed1,0,0.0,0.5412056787357721,3.3427030094690373,1.8090898510517983,3.3427030094690373
2026-07-16_ttft_component_regression/phase1/input6000_rate3p33_reuse50_seed1,0,0.0,0.4107099115442201,9.278926781771382,3.810947197766619,0.0
2026-07-16_ttft_component_regression/phase1/input6000_rate3p33_reuse50_seed1,0,0.0,0.0349407035265528,2.48575572683246,0.08685405389068375,0.0
2026-07-16_ttft_component_regression/phase1/input6000_rate3p33_reuse50_seed1,0,0.0,0.3702422640949449,8.92641619349544,3.304936541733531,0.0
2026-07-16_ttft_component_regression/phase1/input6000_rate3p33_reuse50_seed1,0,0.0,0.011388104514206314,0.38484596174578306,0.004382666034231222,0.0
2026-07-16_ttft_component_regression/phase1/input6000_rate3p33_reuse50_seed1,0,0.0,0.08399753012535821,1.923553353130252,0.16157373072729214,0.0
2026-07-16_ttft_component_regression/phase1/input6000_rate3p33_reuse50_seed1,0,0.0,0.10980521852149153,1.9390269449388506,0.21291527740807062,0.0
2026-07-16_ttft_component_regression/phase1/input6000_rate3p33_reuse50_seed1,1,38.705046,0.9846330923237829,246.53426571141682,242.7457964112055,246.53426571141682
2026-07-16_ttft_component_regression/phase1/input6000_rate3p33_reuse50_seed1,0,0.0,0.013912897377267058,0.6527531990874413,0.009081688271586345,0.0
2026-07-16_ttft_component_regression/phase1/input6000_rate3p33_reuse50_seed1,1,542.031063,0.9707451137301083,775.9669044683145,753.2660809288941,775.9669044683145
2026-07-16_ttft_component_regression/phase1/input6000_rate3p33_reuse50_seed1,0,0.0,0.4986526827233614,8.523347981658707,4.2501903368388625,0.0
2026-07-16_ttft_component_regression/phase1/input6000_rate3p33_reuse50_seed1,0,0.0,0.05463220366842331,2.0149208071814715,0.11007956391368204,0.0
2026-07-16_ttft_component_regression/phase1/input6000_rate3p33_reuse50_seed1,0,0.0,0.71431635493928,11.3964188268054,8.14064835572502,11.3964188268054
2026-07-16_ttft_component_regression/phase1/input6000_rate3p33_reuse50_seed1,1,9948.872586,0.960109984517604,12024.641217454639,11544.978093120115,12024.641217454639
2026-07-16_ttft_component_regression/phase1/input6000_rate3p33_reuse50_seed1,1,9234.42642,0.9593552657113957,11798.850591213737,11319.289444022914,11798.850591213737
2026-07-16_ttft_component_regression/phase1/input6000_rate3p33_reuse50_seed1,1,9902.479314,0.9804089556888291,11149.139015053226,10930.715738577914,11149.139015053226
2026-07-16_ttft_component_regression/phase1/input6000_rate3p33_reuse50_seed1,1,10215.891215,0.974985077127652,12458.953092703958,12147.293342019768,12458.953092703958
2026-07-16_ttft_component_regression/phase1/input6000_rate3p33_reuse50_seed1,1,10681.53907,0.9723177740231956,13105.235550998505,12742.453458996513,13105.235550998505
2026-07-16_ttft_component_regression/phase1/input6000_rate3p33_reuse50_seed1,1,12975.846773,0.9746830780353849,14374.576023160404,14010.656003707625,14374.576023160404
2026-07-16_ttft_component_regression/phase1/input6000_rate3p33_reuse50_seed1,1,10414.955117,0.9731815494971496,13603.847966375293,13239.013843040755,13603.847966375293
2026-07-16_ttft_component_regression/phase1/input6000_rate3p33_reuse50_seed1,1,7799.93002,0.9657613234853901,6037.192500181696,5830.487019111546,6037.192500181696
2026-07-16_ttft_component_regression/phase1/input6000_rate3p33_reuse50_seed1,1,10143.50752,0.9726065653137789,13883.539044411702,13503.22122438501,13883.539044411702
2026-07-16_ttft_component_regression/phase1/input6000_rate3p33_reuse50_seed1,1,12586.6932,0.9767527331148164,14812.709108487938,14468.354106550329,14812.709108487938
2026-07-16_ttft_component_regression/phase1/input6000_rate3p33_reuse50_seed1,1,11890.025413,0.9860736479959811,14208.919890400437,14011.041470409815,14208.919890400437
2026-07-16_ttft_component_regression/phase1/input6000_rate3p33_reuse50_seed1,1,11185.361493,0.9442926769081298,14972.424588843594,14138.350894804222,14972.424588843594
2026-07-16_ttft_component_regression/phase1/input6000_rate3p33_reuse50_seed1,1,9846.370419,0.9500193505570121,12064.747847944222,11461.743915138079,12064.747847944222
2026-07-16_ttft_component_regression/phase1/input6000_rate3p33_reuse50_seed1,1,15175.02179,0.980412518619006,5274.623205411376,5171.3066215836225,5274.623205411376
2026-07-16_ttft_component_regression/phase1/input6000_rate3p33_reuse50_seed1,1,12014.687606,0.9904544037409444,12188.65360260397,12072.30563637203,12188.65360260397
2026-07-16_ttft_component_regression/phase1/input6000_rate3p33_reuse50_seed1,1,15123.796191,0.9782540270276568,8566.8685222702,8380.573630927296,8566.8685222702
2026-07-16_ttft_component_regression/phase1/input6000_rate3p33_reuse50_seed1,1,15175.76689,0.9876216647575411,8823.742267623933,8714.51902774223,8823.742267623933
2026-07-16_ttft_component_regression/phase1/input6000_rate3p33_reuse50_seed1,1,12947.593028,0.9896151576954001,11924.623454964916,11800.788120843372,11924.623454964916
2026-07-16_ttft_component_regression/phase1/input6000_rate3p33_reuse50_seed1,1,12084.406424,0.9960077281684186,16209.99052088309,16145.275832336367,16209.99052088309
2026-07-16_ttft_component_regression/phase1/input6000_rate3p33_reuse50_seed1,1,15661.740788,0.9843163115284266,11002.453672829895,10829.894617002312,11002.453672829895
2026-07-16_ttft_component_regression/phase1/input6000_rate3p33_reuse50_seed1,1,15602.091727,0.9801435290425815,9535.347502179171,9346.009151433258,9535.347502179171
2026-07-16_ttft_component_regression/phase1/input6000_rate3p33_reuse50_seed1,1,13663.122747,0.9986501750478003,25621.01520519045,25586.431319565796,25621.01520519045
2026-07-16_ttft_component_regression/phase1/input6000_rate3p33_reuse50_seed1,1,15006.908989,0.9998084040919907,30271.508162736445,30265.708265643196,30271.508162736445
2026-07-16_ttft_component_regression/phase1/input6000_rate3p33_reuse50_seed1,1,13918.017267,0.9998928215049212,9187.496437343836,9186.51173530214,9187.496437343836
2026-07-16_ttft_component_regression/phase1/input6000_rate3p33_reuse50_seed1,0,0.0,9.041234041704943e-13,0.3973994850353844,3.592981752257932e-13,0.0
2026-07-16_ttft_component_regression/phase1/input6000_rate3p33_reuse50_seed1,0,0.0,2.5252942368231694e-09,1.0361721369163517,2.6166395257116107e-09,0.0
2026-07-16_ttft_component_regression/phase1/input6000_rate3p33_reuse50_seed1,0,0.0,1.6300427603878804e-11,0.4263838536878639,6.9502391385018785e-12,0.0
2026-07-16_ttft_component_regression/phase1/input6000_rate3p33_reuse50_seed1,0,0.0,2.5231236756182356e-10,0.5136311354773255,1.2959548784575176e-10,0.0
2026-07-16_ttft_component_regression/phase1/input6000_rate3p33_reuse50_seed1,0,0.0,3.031396889811754e-08,0.4708472252919713,1.4273248143265763e-08,0.0
2026-07-16_ttft_component_regression/phase1/input6000_rate3p33_reuse50_seed1,0,0.0,3.062585790631191e-09,1.2978905242653853,3.974901077410036e-09,0.0
2026-07-16_ttft_component_regression/phase1/input6000_rate3p33_reuse50_seed1,0,0.0,1.0997349756050121e-05,0.25754680836731303,2.832332330169757e-06,0.0
2026-07-16_ttft_component_regression/phase1/input6000_rate3p33_reuse50_seed1,0,0.0,8.826237744009963e-05,2.004486275457414,0.0001769207242179218,0.0
2026-07-16_ttft_component_regression/phase1/input6000_rate3p33_reuse50_seed1,0,0.0,7.982286245706991e-07,0.5249110880738508,4.18999055855099e-07,0.0
2026-07-16_ttft_component_regression/phase1/input6000_rate3p33_reuse50_seed1,0,0.0,9.064241901530178e-05,1.6998207961268357,0.0001540758688534525,0.0
2026-07-16_ttft_component_regression/phase1/input6000_rate3p33_reuse50_seed1,0,0.0,0.0001291091810922757,2.2588235048182677,0.0002916348529390706,0.0
2026-07-16_ttft_component_regression/phase1/input6000_rate3p33_reuse50_seed1,0,0.0,0.00029651942198379136,1.5349911656709812,0.00045515469319498545,0.0
2026-07-16_ttft_component_regression/phase1/input6000_rate3p33_reuse50_seed1,0,0.0,6.269329495048749e-05,1.696776416727074,0.00010637650435890172,0.0
2026-07-16_ttft_component_regression/phase1/input6000_rate3p33_reuse50_seed1,0,0.0,1.1832993617703934e-05,2.9639081535351073,3.507190626424158e-05,0.0
2026-07-16_ttft_component_regression/phase1/input6000_rate3p33_reuse50_seed1,0,0.0,1.687550245364561e-07,3.5468728476126583,5.98552614426564e-07,0.0
2026-07-16_ttft_component_regression/phase1/input6000_rate3p33_reuse50_seed1,0,0.0,2.1532565061465663e-05,3.1861906351796265,6.860685715023791e-05,0.0
2026-07-16_ttft_component_regression/phase1/input6000_rate3p33_reuse50_seed1,0,0.0,2.412385361590986e-06,3.5529174772716043,8.571006113110794e-06,0.0
2026-07-16_ttft_component_regression/phase1/input6000_rate3p33_reuse50_seed1,0,0.0,7.576481783978012e-08,2.8082901238640763,2.127695896758153e-07,0.0
2026-07-16_ttft_component_regression/phase1/input6000_rate3p33_reuse50_seed1,0,0.0,1.7784755262801755e-07,3.0529627855404047,5.429619596727761e-07,0.0
2026-07-16_ttft_component_regression/phase1/input6000_rate3p33_reuse50_seed1,0,0.0,1.935294499934034e-06,3.4144014090974664,6.607872267593342e-06,0.0
2026-07-16_ttft_component_regression/phase1/input6000_rate3p33_reuse50_seed1,0,0.0,3.0133650688950933e-05,2.1449746684731372,6.463591739641785e-05,0.0
2026-07-16_ttft_component_regression/phase1/input6000_rate3p33_reuse50_seed1,0,0.0,2.329611927693906e-05,2.257080260947141,5.2581210976649335e-05,0.0
2026-07-16_ttft_component_regression/phase1/input6000_rate3p33_reuse50_seed1,0,0.0,6.380801552824023e-10,2.556796833857211,1.6314413207731636e-09,0.0
2026-07-16_ttft_component_regression/phase1/input6000_rate3p33_reuse50_seed1,0,0.0,8.916839340455868e-09,2.376254484245559,2.118867946805547e-08,0.0
2026-07-16_ttft_component_regression/phase1/input6000_rate3p33_reuse50_seed1,0,0.0,1.2256147754902407e-08,1.9594526524178344,2.4015341226768408e-08,0.0
2026-07-16_ttft_component_regression/phase1/input6000_rate3p33_reuse50_seed1,0,0.0,1.1009338428858497e-12,0.2423242801822497,2.6678300100559153e-13,0.0
2026-07-16_ttft_component_regression/phase1/input6000_rate3p33_reuse50_seed1,0,0.0,3.6088982693957577e-10,0.31749046506798045,1.1457907899334888e-10,0.0
2026-07-16_ttft_component_regression/phase1/input6000_rate3p33_reuse50_seed1,0,0.0,1.9317955038332784e-11,0.47356114075599287,9.148232825025853e-12,0.0
2026-07-16_ttft_component_regression/phase1/input6000_rate3p33_reuse50_seed1,0,0.0,4.491020538971358e-09,0.38740959341477155,1.7398644410202822e-09,0.0
2026-07-16_ttft_component_regression/phase1/input6000_rate3p33_reuse50_seed1,0,0.0,4.372992935698729e-08,0.4966492001314302,2.1718434436951686e-08,0.0
2026-07-16_ttft_component_regression/phase1/input6000_rate3p33_reuse50_seed1,0,0.0,6.21464657883936e-07,0.34715183439171043,2.1574259599402513e-07,0.0
2026-07-16_ttft_component_regression/phase1/input6000_rate3p33_reuse50_seed1,0,0.0,4.7731485553828745e-08,1.6281182210193488,7.77125013465104e-08,0.0
2026-07-16_ttft_component_regression/phase1/input6000_rate3p33_reuse50_seed1,0,0.0,1.3413819164054455e-05,0.5055775209626014,6.781725439603286e-06,0.0
2026-07-16_ttft_component_regression/phase1/input6000_rate3p33_reuse50_seed1,0,0.0,0.00022811598707381153,0.3817568325270062,8.708483667406978e-05,0.0
2026-07-16_ttft_component_regression/phase1/input6000_rate3p33_reuse50_seed1,0,0.0,0.00015182446801507822,2.216444340005824,0.0003365104828064154,0.0
2026-07-16_ttft_component_regression/phase1/input6000_rate3p33_reuse50_seed1,0,0.0,0.00020206311964957954,1.7199154579838891,0.00034753148297376,0.0
2026-07-16_ttft_component_regression/phase1/input6000_rate3p33_reuse50_seed1,0,0.0,1.3861385689507928e-07,1.8315490679429285,2.538780804001569e-07,0.0
2026-07-16_ttft_component_regression/phase1/input6000_rate3p33_reuse50_seed1,0,0.0,1.4514899216847009e-05,0.7138670269824305,1.0361707950880183e-05,0.0
2026-07-16_ttft_component_regression/phase1/input6000_rate3p33_reuse50_seed1,0,0.0,2.1492745320082893e-06,0.9410441114504369,2.022562142236794e-06,0.0
2026-07-16_ttft_component_regression/phase1/input6000_rate3p33_reuse50_seed1,0,0.0,6.188941592310155e-08,2.822301698252282,1.7467060366361133e-07,0.0
2026-07-16_ttft_component_regression/phase1/input6000_rate3p33_reuse50_seed1,0,0.0,2.6295273480042274e-05,2.7273913702736317,7.171750196845238e-05,0.0
2026-07-16_ttft_component_regression/phase1/input6000_rate3p33_reuse50_seed1,0,0.0,7.551032721546084e-09,2.7459328667752403,2.0734628928188683e-08,0.0
2026-07-16_ttft_component_regression/phase1/input6000_rate3p33_reuse50_seed1,0,0.0,2.3204638305891554e-06,3.369312247300309,7.81836720382143e-06,0.0
2026-07-16_ttft_component_regression/phase1/input6000_rate3p33_reuse50_seed1,0,0.0,1.8405947161278213e-07,3.3390841247354754,6.145900596694407e-07,0.0
2026-07-16_ttft_component_regression/phase1/input6000_rate3p33_reuse50_seed1,0,0.0,1.8783445985289382e-07,2.663597919224351,5.003154764227979e-07,0.0
2026-07-16_ttft_component_regression/phase1/input6000_rate3p33_reuse50_seed1,0,0.0,2.7863904106055105e-05,3.389316971568298,9.443960308080415e-05,0.0
2026-07-16_ttft_component_regression/phase1/input6000_rate3p33_reuse50_seed1,0,0.0,0.00040881342398465614,2.3410788995792418,0.0009570644807552208,0.0
2026-07-16_ttft_component_regression/phase1/input6000_rate3p33_reuse50_seed1,0,0.0,3.78989051727044e-05,2.2559546878085057,8.549821278717251e-05,0.0
2026-07-16_ttft_component_regression/phase1/input6000_rate3p33_reuse50_seed1,0,0.0,1.6743691773103098e-06,2.3539697081228805,3.941414323603097e-06,0.0
2026-07-16_ttft_component_regression/phase1/input6000_rate3p33_reuse50_seed1,0,0.0,1.8678036801807015e-06,2.025719785664907,3.783646870679775e-06,0.0
2026-07-16_ttft_component_regression/phase1/input6000_rate3p33_reuse50_seed1,0,0.0,1.428303385068601e-07,2.4648059644937086,3.5204907026236416e-07,0.0
2026-07-16_ttft_component_regression/phase1/input6000_rate3p33_reuse50_seed1,0,0.0,1.7273411284377986e-06,2.54457837117,4.395354875055203e-06,0.0
2026-07-16_ttft_component_regression/phase1/input6000_rate3p33_reuse50_seed1,0,0.0,2.545148822624483e-06,3.8427367338699456,9.780336873864944e-06,0.0
2026-07-16_ttft_component_regression/phase1/input6000_rate3p33_reuse50_seed1,0,0.0,2.2515401330860524e-06,2.4142737074552456,5.4358341445899405e-06,0.0
2026-07-16_ttft_component_regression/phase1/input6000_rate3p33_reuse50_seed1,0,0.0,3.565890521425113e-05,3.000413777126089,0.00010699147048207242,0.0
2026-07-16_ttft_component_regression/phase1/input6000_rate3p33_reuse50_seed1,0,0.0,1.0262989769824183e-12,0.2534168828905948,2.6008148766069073e-13,0.0
2026-07-16_ttft_component_regression/phase1/input6000_rate3p33_reuse50_seed1,0,0.0,1.3652874802358427e-11,0.4481184984478969,6.118105755929986e-12,0.0
2026-07-16_ttft_component_regression/phase1/input6000_rate3p33_reuse50_seed1,0,0.0,3.5116834447214473e-09,0.21927844036512578,7.700364688145514e-10,0.0
2026-07-16_ttft_component_regression/phase1/input6000_rate3p33_reuse50_seed1,0,0.0,2.2742726669081694e-10,0.4379700244465287,9.96063255523843e-11,0.0
2026-07-16_ttft_component_regression/phase1/input6000_rate3p33_reuse50_seed1,0,0.0,3.66462534311909e-08,0.4490159220620169,1.645475127452453e-08,0.0
2026-07-16_ttft_component_regression/phase1/input6000_rate3p33_reuse50_seed1,0,0.0,4.166597120652119e-10,2.0307622798372016,8.461368267898616e-10,0.0
2026-07-16_ttft_component_regression/phase1/input6000_rate3p33_reuse50_seed1,0,0.0,1.813431104327147e-07,2.5431984013891094,4.6119150855540875e-07,0.0
2026-07-16_ttft_component_regression/phase1/input6000_rate3p33_reuse50_seed1,0,0.0,7.557195325163628e-12,0.605960127918184,4.5793590459388544e-12,0.0
2026-07-16_ttft_component_regression/phase1/input6000_rate3p33_reuse50_seed1,0,0.0,1.1458905916120537e-10,1.4899001255521678,1.7072625363118465e-10,0.0
2026-07-16_ttft_component_regression/phase1/input6000_rate3p33_reuse50_seed1,0,0.0,7.823839419550016e-06,2.320108024536455,1.8152152619982633e-05,0.0
2026-07-16_ttft_component_regression/phase1/input6000_rate3p33_reuse50_seed1,0,0.0,1.462977225947767e-08,2.625878659097707,3.841600676362205e-08,0.0
2026-07-16_ttft_component_regression/phase1/input6000_rate3p33_reuse50_seed1,0,0.0,8.440612897607241e-07,2.4604814165752864,2.0767971179068294e-06,0.0
2026-07-16_ttft_component_regression/phase1/input6000_rate3p33_reuse50_seed1,0,0.0,0.001056733495452273,2.262322010151367,0.0023906714456258665,0.0
2026-07-16_ttft_component_regression/phase1/input6000_rate3p33_reuse50_seed1,0,0.0,0.2467409293297365,3.495943998906186,0.8625924711748276,0.0
2026-07-16_ttft_component_regression/phase1/input6000_rate3p33_reuse50_seed1,0,0.0,0.0001932230439794917,2.002386266113118,0.0003869071695611052,0.0
2026-07-16_ttft_component_regression/phase1/input6000_rate3p33_reuse50_seed1,1,770.91548,0.9239263648050914,2724.7439368497767,2517.462760598328,2724.7439368497767
2026-07-16_ttft_component_regression/phase1/input6000_rate3p33_reuse50_seed1,0,0.0,0.031421311730077894,2.011660705156322,0.0632090181118651,0.0
2026-07-16_ttft_component_regression/phase1/input6000_rate3p33_reuse50_seed1,1,1130.480923,0.9104049051211548,1478.913827661366,1346.4104029544098,1478.913827661366
2026-07-16_ttft_component_regression/phase1/input6000_rate3p33_reuse50_seed1,0,0.0,0.0001684929605652232,2.5163068705081115,0.0004239799943025234,0.0
2026-07-16_ttft_component_regression/phase1/input6000_rate3p33_reuse50_seed1,1,1357.557694,0.9032509352098975,1798.6168122777894,1624.602317774158,1798.6168122777894
2026-07-16_ttft_component_regression/phase1/input6000_rate3p33_reuse50_seed1,0,0.0,0.00027494559745756976,2.8660198627765596,0.0007879995434963633,0.0
2026-07-16_ttft_component_regression/phase1/input6000_rate3p33_reuse50_seed1,0,0.0,1.571239759507274e-08,2.1476459457834665,3.374466699359586e-08,0.0
2026-07-16_ttft_component_regression/phase1/input6000_rate3p33_reuse50_seed1,0,0.0,2.486607198466832e-06,2.3442937069188066,5.829337606944799e-06,0.0
2026-07-16_ttft_component_regression/phase1/input6000_rate3p33_reuse50_seed1,0,0.0,2.0235630002832694e-07,2.668265515761048,5.399403372625812e-07,0.0
2026-07-16_ttft_component_regression/phase1/input6000_rate3p33_reuse50_seed1,0,0.0,5.761096931936494e-05,2.313900471411496,0.00013330604906655177,0.0
2026-07-16_ttft_component_regression/phase1/input6000_rate3p33_reuse50_seed1,0,0.0,0.0002978813659119591,1.354146437500941,0.0004033749904475937,0.0
2026-07-16_ttft_component_regression/phase1/input6000_rate3p33_reuse50_seed1,0,0.0,1.6770909339590715e-05,2.209746687664973,3.705946136229014e-05,0.0
2026-07-16_ttft_component_regression/phase1/input6000_rate3p33_reuse50_seed1,0,0.0,2.025773343834279e-06,2.565564862857511,5.197252911054593e-06,0.0
2026-07-16_ttft_component_regression/phase1/input6000_rate3p33_reuse50_seed1,0,0.0,0.00020590649719932688,2.003806742462751,0.0004125968274048987,0.0
2026-07-16_ttft_component_regression/phase1/input6000_rate3p33_reuse50_seed1,0,0.0,2.2757561846432154e-11,1.4631843951305277,3.3298509364917406e-11,0.0
2026-07-16_ttft_component_regression/phase1/input6000_rate3p33_reuse50_seed1,0,0.0,2.2775885254432965e-10,1.3833399132975923,3.150679113314321e-10,0.0
2026-07-16_ttft_component_regression/phase1/input6000_rate3p33_reuse50_seed1,0,0.0,1.630604782294193e-12,0.4223966158124147,6.887619417686064e-13,0.0
2026-07-16_ttft_component_regression/phase1/input6000_rate3p33_reuse50_seed1,0,0.0,3.80516649579958e-09,0.35341833222774477,1.3448155967943794e-09,0.0
2026-07-16_ttft_component_regression/phase1/input6000_rate3p33_reuse50_seed1,0,0.0,1.785485039065261e-06,0.44124150357175357,7.87830103242027e-07,0.0
2026-07-16_ttft_component_regression/phase1/input6000_rate3p33_reuse50_seed1,0,0.0,7.513718557768951e-08,0.4946226735011018,3.716455560978521e-08,0.0
2026-07-16_ttft_component_regression/phase1/input6000_rate3p33_reuse50_seed1,0,0.0,1.4147615793348505e-05,0.48789439203134455,6.902542406188817e-06,0.0
2026-07-16_ttft_component_regression/phase1/input6000_rate3p33_reuse50_seed1,0,0.0,0.00014950809377841618,1.9443886652146463,0.0002907018429006008,0.0
2026-07-16_ttft_component_regression/phase1/input6000_rate3p33_reuse50_seed1,0,0.0,1.1309504632428207e-05,2.6690160942488426,3.0185249881932725e-05,0.0
2026-07-16_ttft_component_regression/phase1/input6000_rate3p33_reuse50_seed1,0,0.0,1.3676331857865557e-07,2.403584762579877,3.2872222861551394e-07,0.0
2026-07-16_ttft_component_regression/phase1/input6000_rate3p33_reuse50_seed1,0,0.0,1.2232135297465685e-06,2.2219969151526104,2.7179766896698113e-06,0.0
2026-07-16_ttft_component_regression/phase1/input6000_rate3p33_reuse50_seed1,0,0.0,2.1248523742883978e-07,0.8524854707881628,1.8114057766505903e-07,0.0
2026-07-16_ttft_component_regression/phase1/input6000_rate3p33_reuse50_seed1,0,0.0,3.333150079607698e-06,1.078109714514308,3.593501480759198e-06,0.0
2026-07-16_ttft_component_regression/phase1/input6000_rate3p33_reuse50_seed1,0,0.0,2.2192663072542818e-06,0.9553202544546002,2.1201100533486813e-06,0.0
2026-07-16_ttft_component_regression/phase1/input6000_rate3p33_reuse50_seed1,0,0.0,3.1805259438696076e-05,3.8990095823719426,0.00012400901132130168,0.0
2026-07-16_ttft_component_regression/phase1/input6000_rate3p33_reuse50_seed1,0,0.0,1.3482161471322915e-07,2.770847944668497,3.7357019402503903e-07,0.0
2026-07-16_ttft_component_regression/phase1/input6000_rate3p33_reuse50_seed1,0,0.0,1.7446259786465184e-06,3.430682977637344,5.9852586472865035e-06,0.0
2026-07-16_ttft_component_regression/phase1/input6000_rate3p33_reuse50_seed1,0,0.0,2.43321079758313e-06,3.157404915923054,7.68263173376603e-06,0.0
2026-07-16_ttft_component_regression/phase1/input6000_rate3p33_reuse50_seed1,0,0.0,3.614570076990633e-07,2.5134722958982847,9.085121750098886e-07,0.0
2026-07-16_ttft_component_regression/phase1/input6000_rate3p33_reuse50_seed1,0,0.0,2.7457214903206062e-08,2.2437883522956446,6.160817898629214e-08,0.0
2026-07-16_ttft_component_regression/phase1/input6000_rate3p33_reuse50_seed1,0,0.0,1.9325956488435637e-06,2.57958795790163,4.985300463249944e-06,0.0
2026-07-16_ttft_component_regression/phase1/input6000_rate3p33_reuse50_seed1,0,0.0,1.1040067591599076e-08,3.249279581055101,3.587226619885104e-08,0.0
2026-07-16_ttft_component_regression/phase1/input6000_rate3p33_reuse50_seed1,0,0.0,1.7139166334831686e-07,2.510178505467369,4.3022366935324447e-07,0.0
2026-07-16_ttft_component_regression/phase1/input6000_rate3p33_reuse50_seed1,0,0.0,1.765704298780335e-07,2.556931254629796,4.514784507985626e-07,0.0
2026-07-16_ttft_component_regression/phase1/input6000_rate3p33_reuse50_seed1,0,0.0,1.5019636235169339e-06,2.2658646744065947,3.4032463167707464e-06,0.0
2026-07-16_ttft_component_regression/phase1/input6000_rate3p33_reuse50_seed1,0,0.0,3.0732583167652094e-06,2.6639900801415983,8.187129669575184e-06,0.0
2026-07-16_ttft_component_regression/phase1/input6000_rate3p33_reuse50_seed1,0,0.0,0.00031072394833495787,1.5584796900507458,0.0004842569626924091,0.0
2026-07-16_ttft_component_regression/phase1/input6000_rate3p33_reuse50_seed1,0,0.0,0.004571542384953554,1.7135116092215958,0.007833390948666497,0.0
2026-07-16_ttft_component_regression/phase1/input6000_rate3p33_reuse50_seed1,0,0.0,2.9458761027720376e-05,2.1422996967872328,6.310949481741291e-05,0.0
2026-07-16_ttft_component_regression/phase1/input6000_rate3p33_reuse50_seed1,0,0.0,0.0061906143040890245,0.7635607746919314,0.004726910253849167,0.0
2026-07-16_ttft_component_regression/phase1/input6000_rate3p33_reuse50_seed1,0,0.0,7.10820587112027e-13,0.19808121389611424,1.4080020475749893e-13,0.0
2026-07-16_ttft_component_regression/phase1/input6000_rate3p33_reuse50_seed1,0,0.0,1.0733441971420814e-11,0.39212720539501955,4.208874604522853e-12,0.0
2026-07-16_ttft_component_regression/phase1/input6000_rate3p33_reuse50_seed1,0,0.0,1.1414522085918512e-10,0.31655299574939844,3.6133011613451775e-11,0.0
2026-07-16_ttft_component_regression/phase1/input6000_rate3p33_reuse50_seed1,0,0.0,7.013747842904092e-11,0.48019267155358153,3.3679503142872856e-11,0.0
2026-07-16_ttft_component_regression/phase1/input6000_rate3p33_reuse50_seed1,0,0.0,2.9167691508127876e-12,0.4826989588567578,1.407921432322842e-12,0.0
2026-07-16_ttft_component_regression/phase1/input6000_rate3p33_reuse50_seed1,0,0.0,3.7201960778484624e-10,2.4731389840253217,9.200561948345133e-10,0.0
2026-07-16_ttft_component_regression/phase1/input6000_rate3p33_reuse50_seed1,0,0.0,3.4131962078060224e-11,0.7403808354757306,2.5270650599780184e-11,0.0
2026-07-16_ttft_component_regression/phase1/input6000_rate3p33_reuse50_seed1,0,0.0,8.301362672543722e-10,0.7255455213651623,6.023016508292032e-10,0.0
2026-07-16_ttft_component_regression/phase1/input6000_rate3p33_reuse50_seed1,0,0.0,1.9163342374278975e-07,0.7913687131967859,1.5165269595282593e-07,0.0
2026-07-16_ttft_component_regression/phase1/input6000_rate3p33_reuse50_seed1,0,0.0,1.1971187535871407e-08,0.9665540864225329,1.1570800232127001e-08,0.0
2026-07-16_ttft_component_regression/phase1/input6000_rate3p33_reuse50_seed1,0,0.0,2.8618085449907816e-06,3.791859011318747,1.0851574519992286e-05,0.0
2026-07-16_ttft_component_regression/phase1/input6000_rate3p33_reuse50_seed1,0,0.0,1.2146254296944052e-08,2.3699679924636023,2.87862339120809e-08,0.0
2026-07-16_ttft_component_regression/phase1/input6000_rate3p33_reuse50_seed1,0,0.0,1.6529772680125742e-07,3.032153420962272,5.012080677977196e-07,0.0
2026-07-16_ttft_component_regression/phase1/input6000_rate3p33_reuse50_seed1,0,0.0,2.181877443650898e-06,3.1014842512284573,6.7670585295938664e-06,0.0
2026-07-16_ttft_component_regression/phase1/input6000_rate3p33_reuse50_seed1,0,0.0,1.3540020415251269e-08,3.1386042318403886,4.2496765374512886e-08,0.0
2026-07-16_ttft_component_regression/phase1/input6000_rate3p33_reuse50_seed1,0,0.0,1.7327538053007954e-07,2.183664154761185,3.7837523736613884e-07,0.0
2026-07-16_ttft_component_regression/phase1/input6000_rate3p33_reuse50_seed1,0,0.0,1.6248078772263432e-05,3.460907525145655,5.623309809208589e-05,0.0
2026-07-16_ttft_component_regression/phase1/input6000_rate3p33_reuse50_seed1,0,0.0,2.59698413023204e-06,2.149344630705945,5.581813896342784e-06,0.0
2026-07-16_ttft_component_regression/phase1/input6000_rate3p33_reuse50_seed1,0,0.0,2.6792979684523796e-05,2.3023469070902878,6.168673390839627e-05,0.0
2026-07-16_ttft_component_regression/phase1/input6000_rate3p33_reuse50_seed1,0,0.0,1.7981495170401484e-06,3.706580577678765,6.6649860756234655e-06,0.0
2026-07-16_ttft_component_regression/phase1/input6000_rate3p33_reuse50_seed1,0,0.0,0.00029974630820138367,1.5627198008812624,0.0004684194910673598,0.0
2026-07-16_ttft_component_regression/phase1/input6000_rate3p33_reuse50_seed1,0,0.0,2.174601415572369e-06,2.5507512506725734,5.5468672804855685e-06,0.0
2026-07-16_ttft_component_regression/phase1/input6000_rate3p33_reuse50_seed1,0,0.0,1.263911200309308e-07,3.3872427577081923,4.2811740596339723e-07,0.0
2026-07-16_ttft_component_regression/phase1/input6000_rate3p33_reuse50_seed1,0,0.0,0.00020834716500725154,1.608308896411511,0.0003350865990232797,0.0
2026-07-16_ttft_component_regression/phase1/input6000_rate3p33_reuse50_seed1,0,0.0,0.0002972288553077771,0.6523833883535899,0.00019390716774214653,0.0
2026-07-16_ttft_component_regression/phase1/input6000_rate3p33_reuse50_seed1,0,0.0,0.0003730233504641538,0.6672981877922302,0.00024891780576891576,0.0
2026-07-16_ttft_component_regression/phase1/input6000_rate3p33_reuse50_seed1,0,0.0,4.805865161181395e-13,0.42356353507562605,2.035589236766785e-13,0.0
2026-07-16_ttft_component_regression/phase1/input6000_rate3p33_reuse50_seed1,0,0.0,1.1217528951637534e-12,0.21720723747888093,2.436528474924556e-13,0.0
2026-07-16_ttft_component_regression/phase1/input6000_rate3p33_reuse50_seed1,0,0.0,3.2866940314454626e-11,0.3462673630268623,1.1380748753447475e-11,0.0
2026-07-16_ttft_component_regression/phase1/input6000_rate3p33_reuse50_seed1,0,0.0,1.8888279223923568e-10,1.8563209169845458,3.5062707809213943e-10,0.0
2026-07-16_ttft_component_regression/phase1/input6000_rate3p33_reuse50_seed1,0,0.0,2.119797275116722e-09,2.1813864648078343,4.6240970840761455e-09,0.0
2026-07-16_ttft_component_regression/phase1/input6000_rate3p33_reuse50_seed1,0,0.0,2.3280673375505712e-10,0.8590908283431807,2.0000212974550236e-10,0.0
2026-07-16_ttft_component_regression/phase1/input6000_rate3p33_reuse50_seed1,0,0.0,2.480257368763253e-09,0.840143957525446,2.0837732414744086e-09,0.0
2026-07-16_ttft_component_regression/phase1/input6000_rate3p33_reuse50_seed1,0,0.0,0.0019858952405439815,2.3516431263577076,0.00467011689209174,0.0
2026-07-16_ttft_component_regression/phase1/input6000_rate3p33_reuse50_seed1,0,0.0,3.685782357750153e-07,1.721787929853249,6.346135575640263e-07,0.0
2026-07-16_ttft_component_regression/phase1/input6000_rate3p33_reuse50_seed1,0,0.0,8.972656898729773e-06,3.240205620986406,2.907325331844666e-05,0.0
2026-07-16_ttft_component_regression/phase1/input6000_rate3p33_reuse50_seed1,0,0.0,5.377071620794379e-08,0.8038993143493693,4.3226241891640535e-08,0.0
2026-07-16_ttft_component_regression/phase1/input6000_rate3p33_reuse50_seed1,0,0.0,0.00014952630705636507,2.533382212045793,0.0003788072865294926,0.0
2026-07-16_ttft_component_regression/phase1/input6000_rate3p33_reuse50_seed1,0,0.0,8.120338018081599e-06,3.1277573442981916,2.539844687423854e-05,0.0
2026-07-16_ttft_component_regression/phase1/input6000_rate3p33_reuse50_seed1,1,6.945600999997497,0.9994091843569942,2.101159686398794,2.099918288387616,2.101159686398794
2026-07-16_ttft_component_regression/phase1/input6000_rate3p33_reuse50_seed1,0,0.0,0.002578780699647252,1.7572010717731783,0.004531436209288138,0.0
2026-07-16_ttft_component_regression/phase1/input6000_rate3p33_reuse50_seed1,0,0.0,0.017965156085854878,1.8353502711517486,0.03297235409345724,0.0
2026-07-16_ttft_component_regression/phase1/input6000_rate3p33_reuse50_seed1,0,0.0,0.00023327951620036815,2.2238138517704678,0.0005187702194606919,0.0
2026-07-16_ttft_component_regression/phase1/input6000_rate3p33_reuse50_seed1,1,1.6983119999974967,0.9996426996146105,2.367705281290106,2.366859299280612,2.367705281290106
2026-07-16_ttft_component_regression/phase1/input6000_rate3p33_reuse50_seed1,0,0.0,0.3910283247532186,4.6197037350331875,1.806435012366214,0.0
2026-07-16_ttft_component_regression/phase1/input6000_rate3p33_reuse50_seed1,0,0.0,0.0001098385914613226,1.236076030801293,0.00013576885016231645,0.0
2026-07-16_ttft_component_regression/phase1/input6000_rate3p33_reuse50_seed1,0,0.0,4.044295199748014e-09,2.254724625673235,9.1187719803639e-09,0.0
2026-07-16_ttft_component_regression/phase1/input6000_rate3p33_reuse50_seed1,0,0.0,1.033239891654149e-06,2.1600623787198208,2.231862618154671e-06,0.0
2026-07-16_ttft_component_regression/phase1/input6000_rate3p33_reuse50_seed1,0,0.0,3.9673119268878736e-07,1.8532000065176901,7.352222488766317e-07,0.0
2026-07-16_ttft_component_regression/phase1/input6000_rate3p33_reuse50_seed1,0,0.0,2.986372726645472e-08,1.7973723158673576,5.367623663733887e-08,0.0
2026-07-16_ttft_component_regression/phase1/input6000_rate3p33_reuse50_seed1,0,0.0,8.283915330752299e-08,1.8581834323148376,1.5393034222302812e-07,0.0
2026-07-16_ttft_component_regression/phase1/input6000_rate3p33_reuse50_seed1,0,0.0,4.5411808901231247e-07,0.9026298118425338,4.099005252394746e-07,0.0
2026-07-16_ttft_component_regression/phase1/input6000_rate3p33_reuse50_seed1,0,0.0,4.3938107423360197e-13,0.21047070349313834,9.247684379551704e-14,0.0
2026-07-16_ttft_component_regression/phase1/input6000_rate3p33_reuse50_seed1,0,0.0,6.5515151084107e-12,0.4296224364615107,2.8146778833898032e-12,0.0
2026-07-16_ttft_component_regression/phase1/input6000_rate3p33_reuse50_seed1,0,0.0,8.166611362919134e-11,0.4001448769989072,3.267827699313155e-11,0.0
2026-07-16_ttft_component_regression/phase1/input6000_rate3p33_reuse50_seed1,0,0.0,9.075945381129217e-10,0.3581609202497412,3.2506489498416285e-10,0.0
2026-07-16_ttft_component_regression/phase1/input6000_rate3p33_reuse50_seed1,0,0.0,2.0964465628049262e-08,0.4189900142338194,8.783901751900777e-09,0.0
2026-07-16_ttft_component_regression/phase1/input6000_rate3p33_reuse50_seed1,0,0.0,1.5765933170397517e-09,0.4554352013336384,7.180360947672681e-10,0.0
2026-07-16_ttft_component_regression/phase1/input6000_rate3p33_reuse50_seed1,0,0.0,2.0803997197856053e-10,0.39895047825310614,8.299764631660953e-11,0.0
2026-07-16_ttft_component_regression/phase1/input6000_rate3p33_reuse50_seed1,0,0.0,5.227198474921242e-09,1.6370662019241058,8.557269954042795e-09,0.0
2026-07-16_ttft_component_regression/phase1/input6000_rate3p33_reuse50_seed1,0,0.0,5.628284562053488e-07,2.295380098634809,1.2919052373191107e-06,0.0
2026-07-16_ttft_component_regression/phase1/input6000_rate3p33_reuse50_seed1,0,0.0,9.698856187707972e-06,2.7573695616765943,2.6743330835064657e-05,0.0
2026-07-16_ttft_component_regression/phase1/input6000_rate3p33_reuse50_seed1,0,0.0,7.201080930043396e-05,1.7137441407333196,0.00012340810250808314,0.0
2026-07-16_ttft_component_regression/phase1/input6000_rate3p33_reuse50_seed1,0,0.0,3.000066781390148e-09,2.4177458218479027,7.253398925970715e-09,0.0
2026-07-16_ttft_component_regression/phase1/input6000_rate3p33_reuse50_seed1,0,0.0,4.42557605574764e-08,2.7112080326781935,1.199865735157128e-07,0.0
2026-07-16_ttft_component_regression/phase1/input6000_rate3p33_reuse50_seed1,0,0.0,6.261189157395548e-07,0.6391959738392446,4.002126900853167e-07,0.0
2026-07-16_ttft_component_regression/phase1/input6000_rate3p33_reuse50_seed1,0,0.0,1.3023427227953041e-05,0.6007079979673201,7.823276896776757e-06,0.0
2026-07-16_ttft_component_regression/phase1/input6000_rate3p33_reuse50_seed1,0,0.0,5.665968971575077e-08,3.0615464758779405,1.7346627337359435e-07,0.0
2026-07-16_ttft_component_regression/phase1/input6000_rate3p33_reuse50_seed1,0,0.0,7.332801005086409e-07,3.147046965321276,2.3076669150361987e-06,0.0
2026-07-16_ttft_component_regression/phase1/input6000_rate3p33_reuse50_seed1,0,0.0,2.314255501967809e-08,3.1067703309652344,7.189860331786644e-08,0.0
2026-07-16_ttft_component_regression/phase1/input6000_rate3p33_reuse50_seed1,0,0.0,7.432776765162876e-07,3.1885452027591987,2.3699744697740126e-06,0.0
2026-07-16_ttft_component_regression/phase1/input6000_rate3p33_reuse50_seed1,0,0.0,1.2613829444615822e-10,1.9925267841815963,2.513339301949549e-10,0.0
2026-07-16_ttft_component_regression/phase1/input6000_rate3p33_reuse50_seed1,0,0.0,7.796098083121789e-11,1.9976391330656145,1.557379061606191e-10,0.0
2026-07-16_ttft_component_regression/phase1/input6000_rate3p33_reuse50_seed1,0,0.0,6.911333364024469e-10,2.214403482324582,1.5304480668801852e-09,0.0
2026-07-16_ttft_component_regression/phase1/input6000_rate3p33_reuse50_seed1,0,0.0,3.360623576039838e-08,2.357299310549923,7.921995638816527e-08,0.0
2026-07-16_ttft_component_regression/phase1/input6000_rate3p33_reuse50_seed1,0,0.0,2.7455320971358056e-09,1.945547767426616,5.3415638419806815e-09,0.0
2026-07-16_ttft_component_regression/phase1/input6000_rate3p33_reuse50_seed1,0,0.0,1.4421546943584706e-06,2.3783651642960884,3.429970486588259e-06,0.0
2026-07-16_ttft_component_regression/phase1/input6000_rate3p33_reuse50_seed1,0,0.0,2.5524940078935737e-07,2.2588217431854773,5.765628964380648e-07,0.0
2026-07-16_ttft_component_regression/phase1/input6000_rate3p33_reuse50_seed1,0,0.0,6.503958024972282e-05,1.4658192562331824,9.533626914736708e-05,0.0
2026-07-16_ttft_component_regression/phase1/input6000_rate3p33_reuse50_seed1,0,0.0,0.000897215113108181,1.4102072326551005,0.0012652592417526209,0.0
2026-07-16_ttft_component_regression/phase1/input6000_rate3p33_reuse50_seed1,0,0.0,0.0001037837315532951,1.5326125565507682,0.00015906025014427426,0.0
2026-07-16_ttft_component_regression/phase1/input6000_rate3p33_reuse50_seed1,0,0.0,7.180983042160274e-06,2.1086318688384087,1.514204969228734e-05,0.0
2026-07-16_ttft_component_regression/phase1/input6000_rate3p33_reuse50_seed1,0,0.0,3.088755948605515e-13,0.3003716992314446,9.277748727938711e-14,0.0
2026-07-16_ttft_component_regression/phase1/input6000_rate3p33_reuse50_seed1,0,0.0,6.742761524447354e-12,0.44383454116609083,2.9926704673954623e-12,0.0
2026-07-16_ttft_component_regression/phase1/input6000_rate3p33_reuse50_seed1,0,0.0,7.077205201475898e-11,1.2132978040483977,8.586757529750605e-11,0.0
2026-07-16_ttft_component_regression/phase1/input6000_rate3p33_reuse50_seed1,0,0.0,8.74806814457302e-11,1.4216342666358557,1.2436553441190557e-10,0.0
2026-07-16_ttft_component_regression/phase1/input6000_rate3p33_reuse50_seed1,0,0.0,3.0506229515587356e-07,0.2612181428522934,7.968780619487547e-08,0.0
2026-07-16_ttft_component_regression/phase1/input6000_rate3p33_reuse50_seed1,0,0.0,1.5003650728720993e-09,0.4251769471796497,6.379206413387318e-10,0.0
2026-07-16_ttft_component_regression/phase1/input6000_rate3p33_reuse50_seed1,0,0.0,2.9980155303012585e-08,0.3840266273948606,1.1513177929790068e-08,0.0
2026-07-16_ttft_component_regression/phase1/input6000_rate3p33_reuse50_seed1,0,0.0,2.34260848618396e-08,0.4568519533534369,1.07022526285548e-08,0.0
2026-07-16_ttft_component_regression/phase1/input6000_rate3p33_reuse50_seed1,0,0.0,5.694570352688158e-06,2.5183357777559094,1.4340840258122677e-05,0.0
2026-07-16_ttft_component_regression/phase1/input6000_rate3p33_reuse50_seed1,0,0.0,1.032606043459684e-12,0.6487201337054241,6.698723305781952e-13,0.0
2026-07-16_ttft_component_regression/phase1/input6000_rate3p33_reuse50_seed1,0,0.0,2.370218546944643e-11,1.448646996630668,3.4336099793896633e-11,0.0
2026-07-16_ttft_component_regression/phase1/input6000_rate3p33_reuse50_seed1,0,0.0,3.1525272014849933e-10,2.3386544383363046,7.372671731728809e-10,0.0
2026-07-16_ttft_component_regression/phase1/input6000_rate3p33_reuse50_seed1,0,0.0,5.806140375153606e-09,2.5886754365970095,1.5030212970594286e-08,0.0
2026-07-16_ttft_component_regression/phase1/input6000_rate3p33_reuse50_seed1,0,0.0,8.342388148845484e-09,2.7339646266653586,2.2807794100855854e-08,0.0
2026-07-16_ttft_component_regression/phase1/input6000_rate3p33_reuse50_seed1,0,0.0,9.262690618485559e-10,2.5368827925185964,2.349836044245945e-09,0.0
2026-07-16_ttft_component_regression/phase1/input6000_rate3p33_reuse50_seed1,0,0.0,1.3584782964360215e-09,2.2179950411276717,3.0130981249746627e-09,0.0
2026-07-16_ttft_component_regression/phase1/input6000_rate3p33_reuse50_seed1,0,0.0,1.7037210893464703e-09,1.942739161401546,3.30988568037909e-09,0.0
2026-07-16_ttft_component_regression/phase1/input6000_rate3p33_reuse50_seed1,0,0.0,4.016125595399358e-10,3.1483928872183538,1.2644341258730914e-09,0.0
2026-07-16_ttft_component_regression/phase1/input6000_rate3p33_reuse50_seed1,0,0.0,3.9103568071592275e-08,1.5894174030262205,6.215189161340923e-08,0.0
2026-07-16_ttft_component_regression/phase1/input6000_rate3p33_reuse50_seed1,0,0.0,4.854998777352028e-07,0.9079571935766069,4.4081310647024054e-07,0.0
2026-07-16_ttft_component_regression/phase1/input6000_rate3p33_reuse50_seed1,0,0.0,1.5658342264706523e-10,2.2862077167239714,3.579822291667716e-10,0.0
2026-07-16_ttft_component_regression/phase1/input6000_rate3p33_reuse50_seed1,0,0.0,3.2675102547593897e-09,1.8631510006914205,6.087865000924435e-09,0.0
2026-07-16_ttft_component_regression/phase1/input6000_rate3p33_reuse50_seed1,0,0.0,4.958049382028367e-13,0.35195081988808946,1.744989545050519e-13,0.0
2026-07-16_ttft_component_regression/phase1/input6000_rate3p33_reuse50_seed1,0,0.0,8.766907564955457e-12,0.36863232437106047,3.231765513215764e-12,0.0
2026-07-16_ttft_component_regression/phase1/input6000_rate3p33_reuse50_seed1,0,0.0,1.5099023465586965e-10,1.2500230673753727,1.887412762682575e-10,0.0
2026-07-16_ttft_component_regression/phase1/input6000_rate3p33_reuse50_seed1,0,0.0,1.9184888539382947e-09,1.4601305275018108,2.801244142307267e-09,0.0
2026-07-16_ttft_component_regression/phase1/input6000_rate3p33_reuse50_seed1,0,0.0,1.2444521290027855e-11,1.1872668280518435,1.4774967318635005e-11,0.0
2026-07-16_ttft_component_regression/phase1/input6000_rate3p33_reuse50_seed1,0,0.0,2.7477844744917666e-08,0.25200112152137505,6.924447692709473e-09,0.0
2026-07-16_ttft_component_regression/phase1/input6000_rate3p33_reuse50_seed1,0,0.0,3.583153025951789e-08,0.424341953087523,1.52048215324385e-08,0.0
2026-07-16_ttft_component_regression/phase1/input6000_rate3p33_reuse50_seed1,0,0.0,0.00016834935066267127,1.8183224246366725,0.00030611339948295784,0.0
2026-07-16_ttft_component_regression/phase1/input6000_rate3p33_reuse50_seed1,0,0.0,5.68905242143206e-07,0.4872340815690778,2.771900231554788e-07,0.0
2026-07-16_ttft_component_regression/phase1/input6000_rate3p33_reuse50_seed1,0,0.0,1.6242005968848667e-05,0.5669212156234685,9.207937768023318e-06,0.0
2026-07-16_ttft_component_regression/phase1/input6000_rate3p33_reuse50_seed1,0,0.0,0.00011668886204005128,1.9064868399158699,0.0002224657798441163,0.0
2026-07-16_ttft_component_regression/phase1/input6000_rate3p33_reuse50_seed1,0,0.0,9.04857872815977e-06,2.1059856262483296,1.9056176739480868e-05,0.0
2026-07-16_ttft_component_regression/phase1/input6000_rate3p33_reuse50_seed1,0,0.0,9.819572635822745e-05,1.4995125372554499,0.0001472457227790675,0.0
2026-07-16_ttft_component_regression/phase1/input6000_rate3p33_reuse50_seed1,0,0.0,0.0014510614021305875,0.46129863675160054,0.0006693726466457061,0.0
2026-07-16_ttft_component_regression/phase1/input6000_rate3p33_reuse50_seed1,0,0.0,1.5903172067646356e-05,2.23704219340624,3.557606692432445e-05,0.0
2026-07-16_ttft_component_regression/phase1/input6000_rate3p33_reuse50_seed1,0,0.0,0.00019868819255715344,0.46895732204806734,9.317628270417343e-05,0.0
2026-07-16_ttft_component_regression/phase1/input6000_rate3p33_reuse50_seed1,0,0.0,1.8431814270770816e-05,3.397645020737963,6.26247619802514e-05,0.0
2026-07-16_ttft_component_regression/phase1/input6000_rate3p33_reuse50_seed1,0,0.0,1.150645700733279e-05,1.048393782568716,1.206329798588193e-05,0.0
2026-07-16_ttft_component_regression/phase1/input6000_rate3p33_reuse50_seed1,0,0.0,5.369967082039571e-06,2.0610162685427187,1.1067589517622427e-05,0.0
2026-07-16_ttft_component_regression/phase1/input6000_rate3p33_reuse50_seed1,0,0.0,0.04642649969499233,2.656592055641943,0.12333627026097971,0.0
2026-07-16_ttft_component_regression/phase1/input6000_rate3p33_reuse50_seed1,0,0.0,0.0028458305383938696,2.8395917882946615,0.008080997027701407,0.0
2026-07-16_ttft_component_regression/phase1/input6000_rate3p33_reuse50_seed1,0,0.0,0.00010792120899090658,2.103868502930345,0.00022705203239413153,0.0
2026-07-16_ttft_component_regression/phase1/input6000_rate3p33_reuse50_seed1,0,0.0,0.40824102121085,9.096199159328608,3.713441633941586,0.0
2026-07-16_ttft_component_regression/phase1/input6000_rate3p33_reuse50_seed1,0,0.0,0.004246919359980124,2.411984856069608,0.01024350518122089,0.0
2026-07-16_ttft_component_regression/phase1/input6000_rate3p33_reuse50_seed1,0,0.0,0.372060483576686,10.10676893252942,3.7603293364347223,0.0
2026-07-16_ttft_component_regression/phase1/input6000_rate3p33_reuse50_seed1,1,3861.298646,0.9640116100205427,4204.878409671211,4053.5516056477627,4204.878409671211
2026-07-16_ttft_component_regression/phase1/input6000_rate3p33_reuse50_seed1,0,0.0,5.214953832545777e-06,2.231166217648872,1.163542881777465e-05,0.0
2026-07-16_ttft_component_regression/phase1/input6000_rate3p33_reuse50_seed1,0,0.0,8.578594874534075e-09,2.112749539422707,1.8124422370065862e-08,0.0
2026-07-16_ttft_component_regression/phase1/input6000_rate3p33_reuse50_seed1,0,0.0,6.028282810173196e-09,2.1425696834736914,1.291601599248268e-08,0.0
2026-07-16_ttft_component_regression/phase1/input6000_rate3p33_reuse50_seed1,0,0.0,8.79854919997382e-09,2.163789752788234,1.9038210598306466e-08,0.0
2026-07-16_ttft_component_regression/phase1/input6000_rate3p33_reuse50_seed1,0,0.0,1.2733773010714795e-07,3.338038144338548,4.2505820031114697e-07,0.0
2026-07-16_ttft_component_regression/phase1/input6000_rate3p33_reuse50_seed1,0,0.0,6.501869312651185e-07,2.322441643176394,1.5100212050191788e-06,0.0
2026-07-16_ttft_component_regression/phase1/input6000_rate3p33_reuse50_seed1,0,0.0,4.697192672559809e-08,2.3202041697438722,1.0898446024963633e-07,0.0
2026-07-16_ttft_component_regression/phase1/input6000_rate3p33_reuse50_seed1,0,0.0,1.4030644693424982e-12,0.4391392597040409,6.161406923841076e-13,0.0
2026-07-16_ttft_component_regression/phase1/input6000_rate3p33_reuse50_seed1,0,0.0,2.0352145778370065e-11,0.4341847306097345,8.836590932111652e-12,0.0
2026-07-16_ttft_component_regression/phase1/input6000_rate3p33_reuse50_seed1,0,0.0,3.4802226556285197e-09,0.324612646324171,1.1297242860409078e-09,0.0
2026-07-16_ttft_component_regression/phase1/input6000_rate3p33_reuse50_seed1,0,0.0,4.02727838080802e-10,0.9867409613280278,3.973880541014089e-10,0.0
2026-07-16_ttft_component_regression/phase1/input6000_rate3p33_reuse50_seed1,0,0.0,7.379274519910124e-08,0.3381056384378646,2.4949743227624794e-08,0.0
2026-07-16_ttft_component_regression/phase1/input6000_rate3p33_reuse50_seed1,0,0.0,5.896046892181672e-07,0.4063780968819993,2.396024315171814e-07,0.0
2026-07-16_ttft_component_regression/phase1/input6000_rate3p33_reuse50_seed1,0,0.0,1.0656752981667075e-05,0.27632444330744377,2.944721335124096e-06,0.0
2026-07-16_ttft_component_regression/phase1/input6000_rate3p33_reuse50_seed1,0,0.0,0.00019709968170652855,0.31134909362790597,6.136680725367643e-05,0.0
2026-07-16_ttft_component_regression/phase1/input6000_rate3p33_reuse50_seed1,0,0.0,0.0026773454541229756,0.28318539885971533,0.0007581851403110605,0.0
2026-07-16_ttft_component_regression/phase1/input6000_rate3p33_reuse50_seed1,0,0.0,6.320147626259417e-08,0.48239911887066095,3.048833646040042e-08,0.0
2026-07-16_ttft_component_regression/phase1/input6000_rate3p33_reuse50_seed1,0,0.0,0.0035562729410543834,0.5265803347958544,0.0018726633959258551,0.0
2026-07-16_ttft_component_regression/phase1/input6000_rate3p33_reuse50_seed1,0,0.0,0.056750485374858384,0.4952387128816492,0.028105037332453724,0.0
2026-07-16_ttft_component_regression/phase1/input6000_rate3p33_reuse50_seed1,0,0.0,0.3660904500278525,3.3427030094690373,1.2237316490459769,0.0
2026-07-16_ttft_component_regression/phase1/input6000_rate3p33_reuse50_seed1,0,0.0,0.2544050811139931,9.318608323053315,2.37070130629591,0.0
2026-07-16_ttft_component_regression/phase1/input6000_rate3p33_reuse50_seed1,0,0.0,0.0174166191433767,2.48575572683246,0.04329346077770849,0.0
2026-07-16_ttft_component_regression/phase1/input6000_rate3p33_reuse50_seed1,0,0.0,0.22349728619135537,8.964538430818765,2.003550011246105,0.0
2026-07-16_ttft_component_regression/phase1/input6000_rate3p33_reuse50_seed1,0,0.0,0.0029478152398658944,0.3772064957183766,0.00111193505665504,0.0
2026-07-16_ttft_component_regression/phase1/input6000_rate3p33_reuse50_seed1,0,0.0,0.042964968788477144,1.9259368842922227,0.08274781812219226,0.0
2026-07-16_ttft_component_regression/phase1/input6000_rate3p33_reuse50_seed1,0,0.0,0.05719565301114959,2.0884170855058013,0.11944837896514612,0.0
2026-07-16_ttft_component_regression/phase1/input6000_rate3p33_reuse50_seed1,0,0.0,0.0035821807482261537,0.5954727308767374,0.002133090952640302,0.0
2026-07-16_ttft_component_regression/phase1/input6000_rate3p33_reuse50_seed1,0,0.0,0.03671014245862914,2.258667676182497,0.0829160121593603,0.0
2026-07-16_ttft_component_regression/phase1/input6000_rate3p33_reuse50_seed1,0,0.0,0.0027064915116129192,2.16277281162445,0.00585352625620878,0.0
2026-07-16_ttft_component_regression/phase1/input6000_rate3p33_reuse50_seed1,0,0.0,0.44024379553829207,9.223089199148628,4.060407795621418,0.0
2026-07-16_ttft_component_regression/phase1/input6000_rate3p33_reuse50_seed1,0,0.0,0.0025208966845997787,1.8264168566301084,0.004604208198575989,0.0
2026-07-16_ttft_component_regression/phase1/input6000_rate3p33_reuse50_seed1,0,0.0,0.5515146120335184,11.034971647169838,6.085948106789749,11.034971647169838
2026-07-16_ttft_component_regression/phase1/input6000_rate3p33_reuse50_seed1,1,6591.548504,0.9682998599869,8299.779743932533,8036.675563971981,8299.779743932533
2026-07-16_ttft_component_regression/phase1/input6000_rate3p33_reuse50_seed1,0,0.0,0.3553543779690141,8.200521712867012,2.914091292297251,0.0
2026-07-16_ttft_component_regression/phase1/input6000_rate3p33_reuse50_seed1,1,4074.257978,0.9653885858782391,4386.2076925684105,4234.3948416968715,4386.2076925684105
2026-07-16_ttft_component_regression/phase1/input6000_rate3p33_reuse50_seed1,1,6371.965749,0.9704242898722244,7915.070480406143,7680.976650236737,7915.070480406143
2026-07-16_ttft_component_regression/phase1/input6000_rate3p33_reuse50_seed1,1,593.098732,0.9594107139974783,841.162944383967,807.0207410596429,841.162944383967
2026-07-16_ttft_component_regression/phase1/input6000_rate3p33_reuse50_seed1,0,0.0,0.0003228799476191186,1.2828912222528384,0.00041421985064202347,0.0
2026-07-16_ttft_component_regression/phase1/input6000_rate3p33_reuse50_seed1,0,0.0,8.227380759650776e-06,2.04233265384634,1.6803048381061888e-05,0.0
2026-07-16_ttft_component_regression/phase1/input6000_rate3p33_reuse50_seed1,0,0.0,0.021242349781144008,1.1571772533553293,0.024581163974557403,0.0
2026-07-16_ttft_component_regression/phase1/input6000_rate3p33_reuse50_seed1,0,0.0,0.3007503813527429,3.9162342896715683,1.1778089560854124,0.0
2026-07-16_ttft_component_regression/phase1/input6000_rate3p33_reuse50_seed1,0,0.0,0.0029637910833218892,1.4282597196548124,0.004233063421780754,0.0
2026-07-16_ttft_component_regression/phase1/input6000_rate3p33_reuse50_seed1,0,0.0,0.00016755640850836095,2.404241636885788,0.0004028460938628455,0.0
2026-07-16_ttft_component_regression/phase1/input6000_rate3p33_reuse50_seed1,0,0.0,0.02372696101752096,1.3452113032297672,0.031917776152061254,0.0
2026-07-16_ttft_component_regression/phase1/input6000_rate3p33_reuse50_seed1,0,0.0,0.002130553254527025,1.4055484329815695,0.002994595788284243,0.0
2026-07-16_ttft_component_regression/phase1/input6000_rate3p33_reuse50_seed1,0,0.0,0.0002578937622241164,0.6384657728922183,0.00016465634022250244,0.0
2026-07-16_ttft_component_regression/phase1/input6000_rate3p33_reuse50_seed1,0,0.0,4.4263373037091354e-13,0.3988751773910683,1.7655560772096843e-13,0.0
2026-07-16_ttft_component_regression/phase1/input6000_rate3p33_reuse50_seed1,0,0.0,1.236313986136677e-09,1.036212687655133,1.2810842383603168e-09,0.0
2026-07-16_ttft_component_regression/phase1/input6000_rate3p33_reuse50_seed1,0,0.0,7.980237038131138e-12,0.4263838536878639,3.4026442216609798e-12,0.0
2026-07-16_ttft_component_regression/phase1/input6000_rate3p33_reuse50_seed1,0,0.0,1.2352513381666424e-10,0.5136311354773255,6.344635474224183e-11,0.0
2026-07-16_ttft_component_regression/phase1/input6000_rate3p33_reuse50_seed1,0,0.0,1.4840878226843079e-08,0.4708472252919713,6.987786334005095e-09,0.0
2026-07-16_ttft_component_regression/phase1/input6000_rate3p33_reuse50_seed1,0,0.0,1.4993570224523234e-09,1.2978905242653853,1.946001271931633e-09,0.0
2026-07-16_ttft_component_regression/phase1/input6000_rate3p33_reuse50_seed1,0,0.0,5.384027500092212e-06,0.22978711563250293,1.2371801497322647e-06,0.0
2026-07-16_ttft_component_regression/phase1/input6000_rate3p33_reuse50_seed1,0,0.0,4.321275762481041e-05,2.004486275457414,8.66193795836002e-05,0.0
2026-07-16_ttft_component_regression/phase1/input6000_rate3p33_reuse50_seed1,0,0.0,3.907907439514036e-07,0.5249110880738508,2.051303946167209e-07,0.0
2026-07-16_ttft_component_regression/phase1/input6000_rate3p33_reuse50_seed1,0,0.0,4.437806634800727e-05,1.6998207961268357,7.543476007023925e-05,0.0
2026-07-16_ttft_component_regression/phase1/input6000_rate3p33_reuse50_seed1,0,0.0,6.321243819909802e-05,2.2636473864983775,0.00014309067052357843,0.0
2026-07-16_ttft_component_regression/phase1/input6000_rate3p33_reuse50_seed1,0,0.0,0.00014518965566159007,1.4790325521416394,0.00021474022695772737,0.0
2026-07-16_ttft_component_regression/phase1/input6000_rate3p33_reuse50_seed1,0,0.0,3.069387976237206e-05,1.696776416727074,5.208065131864932e-05,0.0
2026-07-16_ttft_component_regression/phase1/input6000_rate3p33_reuse50_seed1,0,0.0,5.79314031414599e-06,2.969696681305785,1.72038695652581e-05,0.0
2026-07-16_ttft_component_regression/phase1/input6000_rate3p33_reuse50_seed1,0,0.0,6.092068786790688e-07,3.5412806694387675,2.157372543155315e-06,0.0
2026-07-16_ttft_component_regression/phase1/input6000_rate3p33_reuse50_seed1,1,1.8655439999974963,0.9999186011589866,3.03914201672557,3.038894634087733,3.03914201672557
2026-07-16_ttft_component_regression/phase1/input6000_rate3p33_reuse50_seed1,1,1.1790399999974963,0.999521297710119,2.1649788378257826,2.1639424574985715,2.1649788378257826
2026-07-16_ttft_component_regression/phase1/input6000_rate3p33_reuse50_seed1,1,4.182023999997496,0.9991232110236367,2.7616211402918576,2.7591997813191576,2.7616211402918576
2026-07-16_ttft_component_regression/phase1/input6000_rate3p33_reuse50_seed1,0,0.0,0.1361279519206197,8.782328142991615,1.1955203432002677,0.0
2026-07-16_ttft_component_regression/phase1/input6000_rate3p33_reuse50_seed1,0,0.0,6.101973703062692e-06,3.298149416782728,2.0125221009979758e-05,0.0
2026-07-16_ttft_component_regression/phase1/input6000_rate3p33_reuse50_seed1,0,0.0,3.917230533586316e-07,2.79088324244102,1.0932533052964345e-06,0.0
2026-07-16_ttft_component_regression/phase1/input6000_rate3p33_reuse50_seed1,0,0.0,0.0012814109686318535,2.2190012389467744,0.0028434525269940693,0.0
2026-07-16_ttft_component_regression/phase1/input6000_rate3p33_reuse50_seed1,0,0.0,0.20466179298869205,9.328477978986257,1.9091830290348577,0.0
2026-07-16_ttft_component_regression/phase1/input6000_rate3p33_reuse50_seed1,1,2.8061409999974964,0.9995771539389868,2.5190723708474203,2.5180071910180004,2.5190723708474203
2026-07-16_ttft_component_regression/phase1/input6000_rate3p33_reuse50_seed1,1,4091.7866249999975,0.9996532965458809,5200.261992586437,5198.459043791283,5200.261992586437
2026-07-16_ttft_component_regression/phase1/input6000_rate3p33_reuse50_seed1,1,7324.353385999997,0.9996462321231422,3762.9958538714463,3761.6646268175973,3762.9958538714463
2026-07-16_ttft_component_regression/phase1/input6000_rate3p33_reuse50_seed1,1,8016.552449999997,0.9998219012996341,4862.636005715969,4861.769976562999,4862.636005715969
2026-07-16_ttft_component_regression/phase1/input6000_rate3p33_reuse50_seed1,0,0.0,0.0004861549984432783,1.505809453195473,0.0007320567923741189,0.0
2026-07-16_ttft_component_regression/phase1/input6000_rate3p33_reuse50_seed1,0,0.0,8.54297491089769e-06,2.3461866062800776,2.00434133137349e-05,0.0
2026-07-16_ttft_component_regression/phase1/input6000_rate3p33_reuse50_seed1,1,4.548281999997497,0.9997437163915598,2.1240029781052754,2.1234586309577086,2.1240029781052754
2026-07-16_ttft_component_regression/phase1/input6000_rate3p33_reuse50_seed1,1,1.1488369999974966,0.9995284258625802,2.3192819031717047,2.318188189808783,2.3192819031717047
2026-07-16_ttft_component_regression/phase1/input6000_rate3p33_reuse50_seed1,1,0.9349259999974966,0.9994168051751783,1.555440482891767,1.5545333580518264,1.555440482891767
2026-07-16_ttft_component_regression/phase1/input6000_rate3p33_reuse50_seed1,0,0.0,1.1047961602378346e-05,1.87693920298088,2.073635224453138e-05,0.0
2026-07-16_ttft_component_regression/phase1/input6000_rate3p33_reuse50_seed1,0,0.0,5.389866599187203e-13,0.24234902129644809,1.3062288952314338e-13,0.0
2026-07-16_ttft_component_regression/phase1/input6000_rate3p33_reuse50_seed1,0,0.0,1.7668164505384942e-10,0.28840754724099915,5.095631989248552e-11,0.0
2026-07-16_ttft_component_regression/phase1/input6000_rate3p33_reuse50_seed1,0,0.0,9.45753473739602e-12,0.47356114075599287,4.478720938980689e-12,0.0
2026-07-16_ttft_component_regression/phase1/input6000_rate3p33_reuse50_seed1,0,0.0,2.198679040630597e-09,0.38740959341477155,8.517893531802795e-10,0.0
2026-07-16_ttft_component_regression/phase1/input6000_rate3p33_reuse50_seed1,0,0.0,2.140896043935734e-08,0.4966492001314302,1.0632743077852256e-08,0.0
2026-07-16_ttft_component_regression/phase1/input6000_rate3p33_reuse50_seed1,0,0.0,3.0425194813357944e-07,0.31741415724043054,9.65738757055793e-08,0.0
2026-07-16_ttft_component_regression/phase1/input6000_rate3p33_reuse50_seed1,0,0.0,2.336801140653101e-08,1.6281182210193488,3.8045885159961115e-08,0.0
2026-07-16_ttft_component_regression/phase1/input6000_rate3p33_reuse50_seed1,0,0.0,6.567078609135212e-06,0.5055775209626014,3.320167323173109e-06,0.0
2026-07-16_ttft_component_regression/phase1/input6000_rate3p33_reuse50_seed1,0,0.0,0.00011169226241536255,0.35109954541953503,3.921510256091321e-05,0.0
2026-07-16_ttft_component_regression/phase1/input6000_rate3p33_reuse50_seed1,0,0.0,7.433480720535571e-05,2.216444340005824,0.0001647589626957348,0.0
2026-07-16_ttft_component_regression/phase1/input6000_rate3p33_reuse50_seed1,0,0.0,9.893470036646583e-05,1.6598747367352515,0.00016421920972476846,0.0
2026-07-16_ttft_component_regression/phase1/input6000_rate3p33_reuse50_seed1,0,0.0,6.786150277334699e-08,1.831605458758085,1.2429549891918927e-07,0.0
2026-07-16_ttft_component_regression/phase1/input6000_rate3p33_reuse50_seed1,0,0.0,7.106144534043805e-06,0.7139011589562736,5.073084818564661e-06,0.0
2026-07-16_ttft_component_regression/phase1/input6000_rate3p33_reuse50_seed1,0,0.0,1.0522263254937427e-06,0.8979778169967508,9.448758987533836e-07,0.0
2026-07-16_ttft_component_regression/phase1/input6000_rate3p33_reuse50_seed1,0,0.0,2.6178340673480367e-08,2.822301698252282,7.388317534019043e-08,0.0
2026-07-16_ttft_component_regression/phase1/input6000_rate3p33_reuse50_seed1,0,0.0,1.2681528259508236e-05,2.7149571776381713,3.442980617157319e-05,0.0
2026-07-16_ttft_component_regression/phase1/input6000_rate3p33_reuse50_seed1,0,0.0,1.6641773354407654e-09,2.694406359336276,4.483969995674898e-09,0.0
2026-07-16_ttft_component_regression/phase1/input6000_rate3p33_reuse50_seed1,0,0.0,1.0998991519594698e-06,3.2994005764323164,3.629007895992491e-06,0.0
2026-07-16_ttft_component_regression/phase1/input6000_rate3p33_reuse50_seed1,0,0.0,9.36004589115393e-08,3.2207968480944125,3.0146806304247635e-07,0.0
2026-07-16_ttft_component_regression/phase1/input6000_rate3p33_reuse50_seed1,0,0.0,8.968212656053913e-08,2.595623339506492,2.3278102083711045e-07,0.0
2026-07-16_ttft_component_regression/phase1/input6000_rate3p33_reuse50_seed1,0,0.0,2.247810149300035e-05,3.3069732076499316,7.433447939618808e-05,0.0
2026-07-16_ttft_component_regression/phase1/input6000_rate3p33_reuse50_seed1,0,0.0,0.00019073184585234644,2.259453158606484,0.0004309496715579292,0.0
2026-07-16_ttft_component_regression/phase1/input6000_rate3p33_reuse50_seed1,0,0.0,1.8202942070012507e-05,2.185536229326947,3.978318937435199e-05,0.0
2026-07-16_ttft_component_regression/phase1/input6000_rate3p33_reuse50_seed1,0,0.0,8.141469963241071e-07,2.352942133070985,1.9156407701641798e-06,0.0
2026-07-16_ttft_component_regression/phase1/input6000_rate3p33_reuse50_seed1,0,0.0,2.991381343546812e-07,2.1572640768384885,6.45319951255839e-07,0.0
2026-07-16_ttft_component_regression/phase1/input6000_rate3p33_reuse50_seed1,0,0.0,6.895311525172904e-08,2.2208099963794816,1.5313176763254634e-07,0.0
2026-07-16_ttft_component_regression/phase1/input6000_rate3p33_reuse50_seed1,0,0.0,8.185103588285228e-07,2.3056244845283813,1.8871775241551533e-06,0.0
2026-07-16_ttft_component_regression/phase1/input6000_rate3p33_reuse50_seed1,0,0.0,1.2198153689381117e-06,3.78270622423208,4.614203188496146e-06,0.0
2026-07-16_ttft_component_regression/phase1/input6000_rate3p33_reuse50_seed1,0,0.0,4.282545973311939e-07,2.274838444926751,9.74210022225625e-07,0.0
2026-07-16_ttft_component_regression/phase1/input6000_rate3p33_reuse50_seed1,0,0.0,7.773356270861601e-06,2.5693163477753505,1.9972211343806748e-05,0.0
2026-07-16_ttft_component_regression/phase1/input6000_rate3p33_reuse50_seed1,0,0.0,5.024475005979871e-13,0.2534418449159955,1.2734122152498458e-13,0.0
2026-07-16_ttft_component_regression/phase1/input6000_rate3p33_reuse50_seed1,0,0.0,6.684068652817097e-12,0.4481184984478969,2.9952548082230547e-12,0.0
2026-07-16_ttft_component_regression/phase1/input6000_rate3p33_reuse50_seed1,0,0.0,1.7192227727258138e-09,0.19236350198071847,3.3071571324653836e-10,0.0
2026-07-16_ttft_component_regression/phase1/input6000_rate3p33_reuse50_seed1,0,0.0,1.113420789581432e-10,0.4379700244465287,4.876449304322531e-11,0.0
2026-07-16_ttft_component_regression/phase1/input6000_rate3p33_reuse50_seed1,0,0.0,1.7940989127094013e-08,0.4490159220620169,8.055789775606739e-09,0.0
2026-07-16_ttft_component_regression/phase1/input6000_rate3p33_reuse50_seed1,0,0.0,2.0398503327655756e-10,2.030822638019739,4.1425742339524286e-10,0.0
2026-07-16_ttft_component_regression/phase1/input6000_rate3p33_reuse50_seed1,0,0.0,8.878056303759698e-08,2.5431984013891094,2.257865859916417e-07,0.0
2026-07-16_ttft_component_regression/phase1/input6000_rate3p33_reuse50_seed1,0,0.0,3.699793128349722e-12,0.605960127918184,2.2419271173256157e-12,0.0
2026-07-16_ttft_component_regression/phase1/input6000_rate3p33_reuse50_seed1,0,0.0,5.609962366331579e-11,1.4349368733171033,8.049941857370454e-11,0.0
2026-07-16_ttft_component_regression/phase1/input6000_rate3p33_reuse50_seed1,0,0.0,3.830349974422533e-06,2.320108024536455,8.886825712440723e-06,0.0
2026-07-16_ttft_component_regression/phase1/input6000_rate3p33_reuse50_seed1,0,0.0,7.1623305935588895e-09,2.631245875092086,1.884585283034768e-08,0.0
2026-07-16_ttft_component_regression/phase1/input6000_rate3p33_reuse50_seed1,0,0.0,4.1322916383787534e-07,2.4604814165752864,1.0167426784100365e-06,0.0
2026-07-16_ttft_component_regression/phase1/input6000_rate3p33_reuse50_seed1,0,0.0,0.0005176265969110678,2.262322010151367,0.0011710380432316582,0.0
2026-07-16_ttft_component_regression/phase1/input6000_rate3p33_reuse50_seed1,0,0.0,0.1382033092643397,3.3966983699306876,0.4694349552972094,0.0
2026-07-16_ttft_component_regression/phase1/input6000_rate3p33_reuse50_seed1,0,0.0,9.460597127749815e-05,2.0024460591821764,0.00018944335435972835,0.0
2026-07-16_ttft_component_regression/phase1/input6000_rate3p33_reuse50_seed1,0,0.0,0.015633741097286633,2.014116068980051,0.03148816916231882,0.0
2026-07-16_ttft_component_regression/phase1/input6000_rate3p33_reuse50_seed1,0,0.0,0.09816424842443691,10.412742416325496,1.0221590333358475,0.0
2026-07-16_ttft_component_regression/phase1/input6000_rate3p33_reuse50_seed1,0,0.0,0.1383937797350341,8.682211727559023,1.2015640974367334,0.0
2026-07-16_ttft_component_regression/phase1/input6000_rate3p33_reuse50_seed1,0,0.0,5.629847897666141e-07,3.3973953351457213,1.912681898511089e-06,0.0
2026-07-16_ttft_component_regression/phase1/input6000_rate3p33_reuse50_seed1,0,0.0,1.857921680878288e-05,3.5036780927447118,6.50955949132869e-05,0.0
2026-07-16_ttft_component_regression/phase1/input6000_rate3p33_reuse50_seed1,0,0.0,1.2065677985463902e-08,1.8419129339978246,2.222392833887878e-08,0.0
2026-07-16_ttft_component_regression/phase1/input6000_rate3p33_reuse50_seed1,0,0.0,7.165199748957424e-07,2.209401587034777,1.5830803696767719e-06,0.0
2026-07-16_ttft_component_regression/phase1/input6000_rate3p33_reuse50_seed1,0,0.0,5.852125953381169e-08,2.5253219838051364,1.4778502322070058e-07,0.0
2026-07-16_ttft_component_regression/phase1/input6000_rate3p33_reuse50_seed1,0,0.0,2.711870604649041e-05,2.117860732676166,5.743364265684975e-05,0.0
2026-07-16_ttft_component_regression/phase1/input6000_rate3p33_reuse50_seed1,0,0.0,0.0001443393479049046,1.2948602146312058,0.00018689927900787304,0.0
2026-07-16_ttft_component_regression/phase1/input6000_rate3p33_reuse50_seed1,0,0.0,8.125218920872086e-06,2.327172854857627,1.89087889124291e-05,0.0
2026-07-16_ttft_component_regression/phase1/input6000_rate3p33_reuse50_seed1,0,0.0,9.905861712026709e-07,2.5380369720357714,2.514144326499735e-06,0.0
2026-07-16_ttft_component_regression/phase1/input6000_rate3p33_reuse50_seed1,0,0.0,9.869541153262668e-05,1.7202392461477747,0.00016977972033313011,0.0
2026-07-16_ttft_component_regression/phase1/input6000_rate3p33_reuse50_seed1,0,0.0,1.1141470785824067e-11,1.466488301345094,1.6338836567189124e-11,0.0
2026-07-16_ttft_component_regression/phase1/input6000_rate3p33_reuse50_seed1,0,0.0,1.1150441419096162e-10,1.3833399132975923,1.5424850665922367e-10,0.0
2026-07-16_ttft_component_regression/phase1/input6000_rate3p33_reuse50_seed1,0,0.0,7.982988541370533e-13,0.4223966158124147,3.371987343944198e-13,0.0
2026-07-16_ttft_component_regression/phase1/input6000_rate3p33_reuse50_seed1,0,0.0,1.862903931276986e-09,0.35341833222774477,6.583844004924216e-10,0.0
2026-07-16_ttft_component_regression/phase1/input6000_rate3p33_reuse50_seed1,0,0.0,8.741247267583721e-07,0.44127020615866763,3.857251983850559e-07,0.0
2026-07-16_ttft_component_regression/phase1/input6000_rate3p33_reuse50_seed1,0,0.0,3.6785082505243216e-08,0.49662743333523107,1.826848110960365e-08,0.0
2026-07-16_ttft_component_regression/phase1/input6000_rate3p33_reuse50_seed1,0,0.0,6.926330130860869e-06,0.48943598711319675,3.3899952246697665e-06,0.0
2026-07-16_ttft_component_regression/phase1/input6000_rate3p33_reuse50_seed1,0,0.0,7.320060021164855e-05,1.879392814488156,0.00013757268205399247,0.0
2026-07-16_ttft_component_regression/phase1/input6000_rate3p33_reuse50_seed1,0,0.0,5.536851605709519e-06,2.6690160942488426,1.4777946047106252e-05,0.0
2026-07-16_ttft_component_regression/phase1/input6000_rate3p33_reuse50_seed1,0,0.0,6.695553043644182e-08,2.4036525455900284,1.60937831174884e-07,0.0
2026-07-16_ttft_component_regression/phase1/input6000_rate3p33_reuse50_seed1,0,0.0,5.988517753950541e-07,2.1497522311317905,1.2873829402727515e-06,0.0
2026-07-16_ttft_component_regression/phase1/input6000_rate3p33_reuse50_seed1,1,0.0117499999974966,0.99918339249447,0.37550348042546045,0.3751968414649924,0.37550348042546045
2026-07-16_ttft_component_regression/phase1/input6000_rate3p33_reuse50_seed1,0,0.0,9.886612905614636e-05,0.3715320862164286,3.673193918437272e-05,0.0
2026-07-16_ttft_component_regression/phase1/input6000_rate3p33_reuse50_seed1,0,0.0,0.001548619960593961,0.6904299725737064,0.0010692136369199827,0.0
2026-07-16_ttft_component_regression/phase1/input6000_rate3p33_reuse50_seed1,0,0.0,6.755574621680994e-06,0.9454538296234624,6.387083897375368e-06,0.0
2026-07-16_ttft_component_regression/phase1/input6000_rate3p33_reuse50_seed1,0,0.0,0.00018549567422607247,3.067098314308283,0.0005689334697302653,0.0
2026-07-16_ttft_component_regression/phase1/input6000_rate3p33_reuse50_seed1,0,0.0,1.532118291881374e-05,2.567286195718656,3.933386140955098e-05,0.0
2026-07-16_ttft_component_regression/phase1/input6000_rate3p33_reuse50_seed1,0,0.0,1.6631551083110647e-05,3.146250140120154,5.232701992565237e-05,0.0
2026-07-16_ttft_component_regression/phase1/input6000_rate3p33_reuse50_seed1,0,0.0,1.9317738358175735e-06,3.0284101379036557,5.850203468526972e-06,0.0
2026-07-16_ttft_component_regression/phase1/input6000_rate3p33_reuse50_seed1,0,0.0,1.646801206387609e-05,2.294986355029034,3.779386298104915e-05,0.0
2026-07-16_ttft_component_regression/phase1/input6000_rate3p33_reuse50_seed1,1,0.6471899999974966,0.9997827136303847,1.919647707465023,1.9192305941837275,1.919647707465023
2026-07-16_ttft_component_regression/phase1/input6000_rate3p33_reuse50_seed1,1,0.9779409999974966,0.9983098149567673,2.9346227114238292,2.92966265600945,2.9346227114238292
2026-07-16_ttft_component_regression/phase1/input6000_rate3p33_reuse50_seed1,0,0.0,1.2509716684067438e-06,2.5687871924959795,3.213479999978571e-06,0.0
2026-07-16_ttft_component_regression/phase1/input6000_rate3p33_reuse50_seed1,0,0.0,0.0001413318272482748,1.430081354536045,0.00020211601095026713,0.0
2026-07-16_ttft_component_regression/phase1/input6000_rate3p33_reuse50_seed1,0,0.0,9.573555608848812e-06,3.4964517238121413,3.3473475011570825e-05,0.0
2026-07-16_ttft_component_regression/phase1/input6000_rate3p33_reuse50_seed1,0,0.0,0.00014914448576320883,1.5243771578792913,0.0002273524473210887,0.0
2026-07-16_ttft_component_regression/phase1/input6000_rate3p33_reuse50_seed1,0,0.0,0.00015112941605838852,1.4553664891811318,0.00021994868766089145,0.0
2026-07-16_ttft_component_regression/phase1/input6000_rate3p33_reuse50_seed1,0,0.0,4.063294632785409e-06,2.0097319341121787,8.166132981215455e-06,0.0
2026-07-16_ttft_component_regression/phase1/input6000_rate3p33_reuse50_seed1,0,0.0,0.0024646890945371302,1.65562567113738,0.0040806025362880175,0.0
2026-07-16_ttft_component_regression/phase1/input6000_rate3p33_reuse50_seed1,0,0.0,6.874077078395605e-05,1.4386047416227823,9.8890798792604e-05,0.0
2026-07-16_ttft_component_regression/phase1/input6000_rate3p33_reuse50_seed1,0,0.0,0.001000107298155805,1.580140099104899,0.0015803096452234465,0.0
2026-07-16_ttft_component_regression/phase1/input6000_rate3p33_reuse50_seed1,0,0.0,7.969162318089535e-05,1.3461122878386813,0.00010727387320161312,0.0
2026-07-16_ttft_component_regression/phase1/input6000_rate3p33_reuse50_seed1,0,0.0,0.016825094267964184,0.6434385445342546,0.010825914167430506,0.0
2026-07-16_ttft_component_regression/phase1/input6000_rate3p33_reuse50_seed1,0,0.0,3.4799803505415805e-13,0.17163419327802357,5.972836200885778e-14,0.0
2026-07-16_ttft_component_regression/phase1/input6000_rate3p33_reuse50_seed1,0,0.0,5.254795349438421e-12,0.39212720539501955,2.0605482152980333e-12,0.0
2026-07-16_ttft_component_regression/phase1/input6000_rate3p33_reuse50_seed1,0,0.0,5.588233274658767e-11,0.31655299574939844,1.7689719840397035e-11,0.0
2026-07-16_ttft_component_regression/phase1/input6000_rate3p33_reuse50_seed1,0,0.0,3.4337363211425766e-11,0.48019267155358153,1.6488550174600207e-11,0.0
2026-07-16_ttft_component_regression/phase1/input6000_rate3p33_reuse50_seed1,0,0.0,1.427969239487718e-12,0.48423517099323904,6.914729288564207e-13,0.0
2026-07-16_ttft_component_regression/phase1/input6000_rate3p33_reuse50_seed1,0,0.0,1.821304769200192e-10,2.4732081522204554,4.5044658028639097e-10,0.0
2026-07-16_ttft_component_regression/phase1/input6000_rate3p33_reuse50_seed1,0,0.0,1.6710061513790396e-11,0.7408341450530923,1.237938413535349e-11,0.0
2026-07-16_ttft_component_regression/phase1/input6000_rate3p33_reuse50_seed1,0,0.0,4.064116813607272e-10,0.7255455213651623,2.94870175241761e-10,0.0
2026-07-16_ttft_component_regression/phase1/input6000_rate3p33_reuse50_seed1,0,0.0,4.918447936387218e-08,0.7550534027747522,3.713690850739627e-08,0.0
2026-07-16_ttft_component_regression/phase1/input6000_rate3p33_reuse50_seed1,0,0.0,3.0725148890281333e-09,0.9424586404777402,2.895718205161069e-09,0.0
2026-07-16_ttft_component_regression/phase1/input6000_rate3p33_reuse50_seed1,0,0.0,8.279189083619059e-07,3.64454240677226,3.0173855708935622e-06,0.0
2026-07-16_ttft_component_regression/phase1/input6000_rate3p33_reuse50_seed1,0,0.0,9.678214046191887e-09,2.33017779997792,2.2551959513870814e-08,0.0
2026-07-16_ttft_component_regression/phase1/input6000_rate3p33_reuse50_seed1,0,0.0,1.3218929107443844e-07,3.01035306967681,3.9793643816433707e-07,0.0
2026-07-16_ttft_component_regression/phase1/input6000_rate3p33_reuse50_seed1,0,0.0,1.7259585110476287e-06,2.876855781485387,4.965333721111281e-06,0.0
2026-07-16_ttft_component_regression/phase1/input6000_rate3p33_reuse50_seed1,0,0.0,1.0884120257668452e-08,2.9923476145527697,3.256907128953967e-08,0.0
2026-07-16_ttft_component_regression/phase1/input6000_rate3p33_reuse50_seed1,0,0.0,8.074767659637737e-08,1.8238699173223079,1.4727325823780326e-07,0.0
2026-07-16_ttft_component_regression/phase1/input6000_rate3p33_reuse50_seed1,0,0.0,8.282631240096499e-06,3.5803041113184935,2.9654338681452486e-05,0.0
2026-07-16_ttft_component_regression/phase1/input6000_rate3p33_reuse50_seed1,0,0.0,1.247315302805859e-06,2.2096660874551937,2.7561503249740127e-06,0.0
2026-07-16_ttft_component_regression/phase1/input6000_rate3p33_reuse50_seed1,0,0.0,1.2981860352957586e-05,2.059148732980378,2.673158129752082e-05,0.0
2026-07-16_ttft_component_regression/phase1/input6000_rate3p33_reuse50_seed1,0,0.0,2.9112742354561866e-07,3.9614691612887185,1.1532923103814076e-06,0.0
2026-07-16_ttft_component_regression/phase1/input6000_rate3p33_reuse50_seed1,0,0.0,0.00014472867150134677,1.4017850274113997,0.00020287848474773084,0.0
2026-07-16_ttft_component_regression/phase1/input6000_rate3p33_reuse50_seed1,0,0.0,1.053634719973026e-06,2.286508191442469,2.4091444180065157e-06,0.0
2026-07-16_ttft_component_regression/phase1/input6000_rate3p33_reuse50_seed1,0,0.0,6.079578351234053e-08,3.3250709359786104,2.021502927869311e-07,0.0
2026-07-16_ttft_component_regression/phase1/input6000_rate3p33_reuse50_seed1,0,0.0,5.241295496710216e-05,1.3428755365067846,7.038407502135325e-05,0.0
2026-07-16_ttft_component_regression/phase1/input6000_rate3p33_reuse50_seed1,0,0.0,6.504243724623446e-05,0.5795465161435448,3.769511790754032e-05,0.0
2026-07-16_ttft_component_regression/phase1/input6000_rate3p33_reuse50_seed1,0,0.0,9.376277618771035e-05,0.5999963920457673,5.625732742082099e-05,0.0
2026-07-16_ttft_component_regression/phase1/input6000_rate5p0_reuse00_seed1,0,0.0,1.0549841725665396e-10,0.5567002849700888,5.87309989506726e-11,0.0
2026-07-16_ttft_component_regression/phase1/input6000_rate5p0_reuse00_seed1,0,0.0,1.2592302648834071e-11,1.4977399245349448,1.8859994418985928e-11,0.0
2026-07-16_ttft_component_regression/phase1/input6000_rate5p0_reuse00_seed1,0,0.0,1.0742009974355894e-12,1.1598848351746487,1.2459494468550218e-12,0.0
2026-07-16_ttft_component_regression/phase1/input6000_rate5p0_reuse00_seed1,0,0.0,2.4408365184075767e-08,1.374775137476853,3.3556013601522996e-08,0.0
2026-07-16_ttft_component_regression/phase1/input6000_rate5p0_reuse00_seed1,0,0.0,3.2336781230846004e-07,1.6178041484704482,5.231457882344399e-07,0.0
2026-07-16_ttft_component_regression/phase1/input6000_rate5p0_reuse00_seed1,0,0.0,2.304526506155354e-09,2.205938250606859,5.083643169465479e-09,0.0
2026-07-16_ttft_component_regression/phase1/input6000_rate5p0_reuse00_seed1,0,0.0,2.704919405962567e-06,1.6809009349194428,4.546701558364223e-06,0.0
2026-07-16_ttft_component_regression/phase1/input6000_rate5p0_reuse00_seed1,0,0.0,1.2144037784261796e-05,0.8469255478847472,1.0285095853968992e-05,0.0
2026-07-16_ttft_component_regression/phase1/input6000_rate5p0_reuse00_seed1,0,0.0,2.7481625831765117e-07,2.329096430795491,6.40073566372213e-07,0.0
2026-07-16_ttft_component_regression/phase1/input6000_rate5p0_reuse00_seed1,0,0.0,3.324643280156181e-07,1.6939865016492397,5.631900839383422e-07,0.0
2026-07-16_ttft_component_regression/phase1/input6000_rate5p0_reuse00_seed1,0,0.0,4.567003157729213e-06,2.082894403282173,9.512585317006189e-06,0.0
2026-07-16_ttft_component_regression/phase1/input6000_rate5p0_reuse00_seed1,0,0.0,0.0005074338380535897,2.7546676262174232,0.0013978115661334783,0.0
2026-07-16_ttft_component_regression/phase1/input6000_rate5p0_reuse00_seed1,0,0.0,0.00829583959372582,2.6380882201674485,0.021885156708606798,0.0
2026-07-16_ttft_component_regression/phase1/input6000_rate5p0_reuse00_seed1,0,0.0,0.00012381624361618686,3.260707596134083,0.00040372856608408863,0.0
2026-07-16_ttft_component_regression/phase1/input6000_rate5p0_reuse00_seed1,0,0.0,0.6903822479691318,1.6186554296357631,1.117490974199379,1.6186554296357631
2026-07-16_ttft_component_regression/phase1/input6000_rate5p0_reuse00_seed1,0,0.0,3.836610624896306e-06,2.1292154541374986,8.16897063403734e-06,0.0
2026-07-16_ttft_component_regression/phase1/input6000_rate5p0_reuse00_seed1,0,0.0,0.9774649565005834,4.964426564928028,4.852552996337716,4.964426564928028
2026-07-16_ttft_component_regression/phase1/input6000_rate5p0_reuse00_seed1,0,0.0,0.23045188501229114,2.530374671008666,0.5831296127213031,0.0
2026-07-16_ttft_component_regression/phase1/input6000_rate5p0_reuse00_seed1,0,0.0,0.7298808288712462,2.6800567779262394,1.956122062494805,2.6800567779262394
2026-07-16_ttft_component_regression/phase1/input6000_rate5p0_reuse00_seed1,0,0.0,0.9760837878348698,4.722349157940979,4.609408453561839,4.722349157940979
2026-07-16_ttft_component_regression/phase1/input6000_rate5p0_reuse00_seed1,0,0.0,0.7571740845332695,2.095754860028286,1.5868512675480677,2.095754860028286
2026-07-16_ttft_component_regression/phase1/input6000_rate5p0_reuse00_seed1,0,0.0,0.9937098932768119,4.4617644041866145,4.4336994299105585,4.4617644041866145
2026-07-16_ttft_component_regression/phase1/input6000_rate5p0_reuse00_seed1,0,0.0,0.9784875020915774,4.564305222289043,4.466115615741148,4.564305222289043
2026-07-16_ttft_component_regression/phase1/input6000_rate5p0_reuse00_seed1,1,2276.268526,0.9998789426843963,1835.14762899788,1834.925470952177,1835.14762899788
2026-07-16_ttft_component_regression/phase1/input6000_rate5p0_reuse00_seed1,0,0.0,1.0686578152131239e-12,0.3477762057725497,3.7165376024400275e-13,0.0
2026-07-16_ttft_component_regression/phase1/input6000_rate5p0_reuse00_seed1,0,0.0,3.7517345848388715e-07,0.47657126953513085,1.7879689140555182e-07,0.0
2026-07-16_ttft_component_regression/phase1/input6000_rate5p0_reuse00_seed1,0,0.0,2.0876709097383675e-08,0.543657488471486,1.1349779235433431e-08,0.0
2026-07-16_ttft_component_regression/phase1/input6000_rate5p0_reuse00_seed1,0,0.0,3.1590020218077696e-09,0.6023426440656748,1.9028016304245047e-09,0.0
2026-07-16_ttft_component_regression/phase1/input6000_rate5p0_reuse00_seed1,0,0.0,2.802356278137505e-10,1.0728929132380678,3.006628191181937e-10,0.0
2026-07-16_ttft_component_regression/phase1/input6000_rate5p0_reuse00_seed1,0,0.0,7.737267403060932e-06,1.5828672195441222,1.224706694115243e-05,0.0
2026-07-16_ttft_component_regression/phase1/input6000_rate5p0_reuse00_seed1,0,0.0,3.947137785244254e-05,0.6241831381434529,2.463736849478357e-05,0.0
2026-07-16_ttft_component_regression/phase1/input6000_rate5p0_reuse00_seed1,0,0.0,2.4616373487804897e-11,0.8738394424348367,2.151075808335113e-11,0.0
2026-07-16_ttft_component_regression/phase1/input6000_rate5p0_reuse00_seed1,0,0.0,0.0005266669312255367,0.30099383300520066,0.00015852349834666072,0.0
2026-07-16_ttft_component_regression/phase1/input6000_rate5p0_reuse00_seed1,0,0.0,0.011045602567847103,0.915920511453672,0.010116893953256512,0.0
2026-07-16_ttft_component_regression/phase1/input6000_rate5p0_reuse00_seed1,0,0.0,0.0036126816602239384,1.0761914800516206,0.003887937222871746,0.0
2026-07-16_ttft_component_regression/phase1/input6000_rate5p0_reuse00_seed1,0,0.0,0.022992801830144016,1.1488850740173377,0.026416086832490988,0.0
2026-07-16_ttft_component_regression/phase1/input6000_rate5p0_reuse00_seed1,0,0.0,0.0001236155808483601,1.0565542211595003,0.00013060656374641832,0.0
2026-07-16_ttft_component_regression/phase1/input6000_rate5p0_reuse00_seed1,0,0.0,7.883544073655534e-06,1.920586875065084,1.5141031276859945e-05,0.0
2026-07-16_ttft_component_regression/phase1/input6000_rate5p0_reuse00_seed1,0,0.0,0.00203270927653448,1.620741468049828,0.0032944962169689966,0.0
2026-07-16_ttft_component_regression/phase1/input6000_rate5p0_reuse00_seed1,0,0.0,0.48802412460943867,1.4414377992191678,0.7034564201428902,0.0
2026-07-16_ttft_component_regression/phase1/input6000_rate5p0_reuse00_seed1,0,0.0,0.539606308000052,3.488424779018214,1.882376015741916,3.488424779018214
2026-07-16_ttft_component_regression/phase1/input6000_rate5p0_reuse00_seed1,0,0.0,0.00011664326923304238,2.6110503124000224,0.00030456144457029525,0.0
2026-07-16_ttft_component_regression/phase1/input6000_rate5p0_reuse00_seed1,0,0.0,5.197481455306329e-07,1.8235379710541157,9.477804787600696e-07,0.0
2026-07-16_ttft_component_regression/phase1/input6000_rate5p0_reuse00_seed1,0,0.0,0.9317174130033843,3.5804646663041018,3.335981276238883,3.5804646663041018
2026-07-16_ttft_component_regression/phase1/input6000_rate5p0_reuse00_seed1,0,0.0,0.969388205205554,3.6565008377462207,3.5445687844354135,3.6565008377462207
2026-07-16_ttft_component_regression/phase1/input6000_rate5p0_reuse00_seed1,0,0.0,0.4976904770277523,2.247370366116233,1.1184948295704225,0.0
2026-07-16_ttft_component_regression/phase1/input6000_rate5p0_reuse00_seed1,1,1274.121196,0.9968797299594867,1022.3862408268483,1019.1961196697632,1022.3862408268483
2026-07-16_ttft_component_regression/phase1/input6000_rate5p0_reuse00_seed1,1,3367.566115,0.9980210446393769,2043.2559346419625,2039.2124223569779,2043.2559346419625
2026-07-16_ttft_component_regression/phase1/input6000_rate5p0_reuse00_seed1,1,1109.992723,0.9997506671353511,947.9538815018304,947.7175254450005,947.9538815018304
2026-07-16_ttft_component_regression/phase1/input6000_rate5p0_reuse00_seed1,1,2846.773703,0.9997725242048626,1946.9571424701458,1946.514256846064,1946.9571424701458
2026-07-16_ttft_component_regression/phase1/input6000_rate5p0_reuse00_seed1,1,1587.767516,0.9994310109746403,1105.5636246519418,1104.9345710826778,1105.5636246519418
2026-07-16_ttft_component_regression/phase1/input6000_rate5p0_reuse00_seed1,1,1725.603954,0.998284414471663,1001.5990052035884,999.8806764450644,1001.5990052035884
2026-07-16_ttft_component_regression/phase1/input6000_rate5p0_reuse00_seed1,1,2998.227365,0.9997450449438001,1972.1552085354685,1971.6523975934415,1972.1552085354685
2026-07-16_ttft_component_regression/phase1/input6000_rate5p0_reuse00_seed1,1,3089.733866,0.9999390700817025,3025.5822983146177,3025.397949832379,3025.5822983146177
2026-07-16_ttft_component_regression/phase1/input6000_rate5p0_reuse00_seed1,0,0.0,8.331777616296155e-13,1.0629423594328824,8.856199357735911e-13,0.0
2026-07-16_ttft_component_regression/phase1/input6000_rate5p0_reuse00_seed1,0,0.0,2.4684991926378923e-10,2.284724226471158,5.639839908444287e-10,0.0
2026-07-16_ttft_component_regression/phase1/input6000_rate5p0_reuse00_seed1,0,0.0,1.3853834427409571e-11,1.5644559048179998,2.1673713074331796e-11,0.0
2026-07-16_ttft_component_regression/phase1/input6000_rate5p0_reuse00_seed1,0,0.0,3.3839476613502222e-09,2.4780357002836975,8.385543112717379e-09,0.0
2026-07-16_ttft_component_regression/phase1/input6000_rate5p0_reuse00_seed1,0,0.0,2.003078060655308e-09,1.9762008855361612,3.958484637265076e-09,0.0
2026-07-16_ttft_component_regression/phase1/input6000_rate5p0_reuse00_seed1,0,0.0,4.136806301251477e-08,1.6492306843297222,6.82254788715248e-08,0.0
2026-07-16_ttft_component_regression/phase1/input6000_rate5p0_reuse00_seed1,0,0.0,8.563051360643598e-07,1.4652313179959657,1.2546851031222968e-06,0.0
2026-07-16_ttft_component_regression/phase1/input6000_rate5p0_reuse00_seed1,0,0.0,0.0005533263652656713,1.639034339269719,0.0009069209134937347,0.0
2026-07-16_ttft_component_regression/phase1/input6000_rate5p0_reuse00_seed1,0,0.0,0.00014103508560875462,1.6692893266147877,0.00023542836308489693,0.0
2026-07-16_ttft_component_regression/phase1/input6000_rate5p0_reuse00_seed1,0,0.0,0.0003867370678215934,1.3131939302518496,0.0005078607700667143,0.0
2026-07-16_ttft_component_regression/phase1/input6000_rate5p0_reuse00_seed1,0,0.0,4.835888663175176e-05,1.9003334601051165,9.189801035974788e-05,0.0
2026-07-16_ttft_component_regression/phase1/input6000_rate5p0_reuse00_seed1,0,0.0,0.45486414295016797,1.53329129821754,0.6974392322566717,0.0
2026-07-16_ttft_component_regression/phase1/input6000_rate5p0_reuse00_seed1,0,0.0,0.5082990052495387,2.003038910146028,1.0181426855033462,2.003038910146028
2026-07-16_ttft_component_regression/phase1/input6000_rate5p0_reuse00_seed1,0,0.0,0.00011404941027681649,2.510018436777122,0.00028626612249836754,0.0
2026-07-16_ttft_component_regression/phase1/input6000_rate5p0_reuse00_seed1,0,0.0,0.829536006628594,3.8906742981018563,3.2274544203399214,3.8906742981018563
2026-07-16_ttft_component_regression/phase1/input6000_rate5p0_reuse00_seed1,0,0.0,0.016509750296747762,2.5594848894242124,0.0422564564126928,0.0
2026-07-16_ttft_component_regression/phase1/input6000_rate5p0_reuse00_seed1,0,0.0,0.21553287811616778,2.5879225900519236,0.5577824041757384,0.0
2026-07-16_ttft_component_regression/phase1/input6000_rate5p0_reuse00_seed1,0,0.0,0.6240729580600457,1.3890426796974662,0.8668639739904503,1.3890426796974662
2026-07-16_ttft_component_regression/phase1/input6000_rate5p0_reuse00_seed1,1,5337.750268,0.9997055414069298,4855.464786287152,4854.03505295748,4855.464786287152
2026-07-16_ttft_component_regression/phase1/input6000_rate5p0_reuse00_seed1,0,0.0,0.9721246473499188,3.5880212154434377,3.488003858746979,3.5880212154434377
2026-07-16_ttft_component_regression/phase1/input6000_rate5p0_reuse00_seed1,0,0.0,0.6678212701232389,2.0513839292471174,1.3699578211402104,2.0513839292471174
2026-07-16_ttft_component_regression/phase1/input6000_rate5p0_reuse00_seed1,1,19.426805,0.9996380456180448,78.74113412103095,78.71263342249573,78.74113412103095
2026-07-16_ttft_component_regression/phase1/input6000_rate5p0_reuse00_seed1,0,0.0,2.1116996797315123e-10,0.7180084023807005,1.51621811335186e-10,0.0
2026-07-16_ttft_component_regression/phase1/input6000_rate5p0_reuse00_seed1,0,0.0,2.492669431924454e-11,0.8503706520620636,2.119692930200772e-11,0.0
2026-07-16_ttft_component_regression/phase1/input6000_rate5p0_reuse00_seed1,0,0.0,1.7169112825597179e-12,0.6586652922983133,1.1308698717774685e-12,0.0
2026-07-16_ttft_component_regression/phase1/input6000_rate5p0_reuse00_seed1,0,0.0,1.8887390595426504e-09,1.3082629407366002,2.4709673163213486e-09,0.0
2026-07-16_ttft_component_regression/phase1/input6000_rate5p0_reuse00_seed1,0,0.0,3.831378260164071e-08,1.148454985086707,4.400165462638261e-08,0.0
2026-07-16_ttft_component_regression/phase1/input6000_rate5p0_reuse00_seed1,0,0.0,4.11906047387716e-05,0.10843227411585311,4.466390944032241e-06,0.0
2026-07-16_ttft_component_regression/phase1/input6000_rate5p0_reuse00_seed1,0,0.0,4.890769659050149e-07,1.388718461917865,6.791902118510684e-07,0.0
2026-07-16_ttft_component_regression/phase1/input6000_rate5p0_reuse00_seed1,0,0.0,5.629548422174491e-06,1.2939648586302763,7.28443782825131e-06,0.0
2026-07-16_ttft_component_regression/phase1/input6000_rate5p0_reuse00_seed1,0,0.0,0.025821427685711926,0.5930359998360776,0.015313036184791146,0.0
2026-07-16_ttft_component_regression/phase1/input6000_rate5p0_reuse00_seed1,0,0.0,0.00020698318733569708,0.2179434989881466,4.511064007966086e-05,0.0
2026-07-16_ttft_component_regression/phase1/input6000_rate5p0_reuse00_seed1,0,0.0,0.6144968090607246,2.1397982148190735,1.3148991750401555,2.1397982148190735
2026-07-16_ttft_component_regression/phase1/input6000_rate5p0_reuse00_seed1,0,0.0,0.003581339140655702,0.2037173014175284,0.0007295807451953497,0.0
2026-07-16_ttft_component_regression/phase1/input6000_rate5p0_reuse00_seed1,0,0.0,0.003018710708237697,0.7871086692982685,0.0023760533685574076,0.0
2026-07-16_ttft_component_regression/phase1/input6000_rate5p0_reuse00_seed1,1,523.074082,0.9898212211301187,607.4425685081271,601.2595449271302,607.4425685081271
2026-07-16_ttft_component_regression/phase1/input6000_rate5p0_reuse00_seed1,1,6275.412743,0.9851766786276133,5937.322547496451,5849.311707283393,5937.322547496451
2026-07-16_ttft_component_regression/phase1/input6000_rate5p0_reuse00_seed1,1,6366.08256,0.9900008524604177,6056.543214796925,5995.982945612314,6056.543214796925
2026-07-16_ttft_component_regression/phase1/input6000_rate5p0_reuse00_seed1,1,7277.712768,0.9631495834563188,5995.844828464658,5774.895449004459,5995.844828464658
2026-07-16_ttft_component_regression/phase1/input6000_rate5p0_reuse00_seed1,1,9303.895329,0.9907028883496185,7366.999181508021,7298.507367589272,7366.999181508021
2026-07-16_ttft_component_regression/phase1/input6000_rate5p0_reuse00_seed1,1,4355.258919,0.9888630081772927,4159.056393318283,4112.737016275719,4159.056393318283
2026-07-16_ttft_component_regression/phase1/input6000_rate5p0_reuse00_seed1,1,8550.385888,0.9667373954218981,6227.871795779963,6020.71655887382,6227.871795779963
2026-07-16_ttft_component_regression/phase1/input6000_rate5p0_reuse00_seed1,1,5974.127318,0.9981091877652979,5078.132671371879,5068.530875987409,5078.132671371879
2026-07-16_ttft_component_regression/phase1/input6000_rate5p0_reuse00_seed1,1,11536.675286,0.978714403508429,7834.018765417455,7667.2670030693835,7834.018765417455
2026-07-16_ttft_component_regression/phase1/input6000_rate5p0_reuse00_seed1,1,8553.795657,0.9817902458802339,8142.723964896396,7994.446963630506,8142.723964896396
2026-07-16_ttft_component_regression/phase1/input6000_rate5p0_reuse00_seed1,1,12002.949849,0.9999005147279975,12418.692240584987,12417.456763609516,12418.692240584987
2026-07-16_ttft_component_regression/phase1/input6000_rate5p0_reuse00_seed1,1,9863.431167,0.9997383730415758,9451.85557027812,9449.382710053802,9451.85557027812
2026-07-16_ttft_component_regression/phase1/input6000_rate5p0_reuse00_seed1,1,8692.627617,0.9996573306462575,8706.94896825926,8703.965363683237,8706.94896825926
2026-07-16_ttft_component_regression/phase1/input6000_rate5p0_reuse00_seed1,1,11085.06794,0.9997404718029581,12554.648788908911,12551.390503544231,12554.648788908911
2026-07-16_ttft_component_regression/phase1/input6000_rate5p0_reuse00_seed1,1,9780.360055,0.99927347864394,9916.759639761633,9909.554902100432,9916.759639761633
2026-07-16_ttft_component_regression/phase1/input6000_rate5p0_reuse00_seed1,1,16240.251574,0.9998625388340034,13811.956651082435,13810.058043416484,13811.956651082435
2026-07-16_ttft_component_regression/phase1/input6000_rate5p0_reuse00_seed1,1,12189.578032,0.999370995422198,10781.579993427122,10774.798330255317,10781.579993427122
2026-07-16_ttft_component_regression/phase1/input6000_rate5p0_reuse00_seed1,1,13681.66956,0.9995588062758353,12431.169212741524,12425.684658900833,12431.169212741524
2026-07-16_ttft_component_regression/phase1/input6000_rate5p0_reuse00_seed1,1,13947.507088,0.9998147886428987,13584.657342990005,13582.141310167755,13584.657342990005
2026-07-16_ttft_component_regression/phase1/input6000_rate5p0_reuse00_seed1,1,14549.119815,0.9991671629838285,12014.724464493524,12004.718157220392,12014.724464493524
2026-07-16_ttft_component_regression/phase1/input6000_rate5p0_reuse00_seed1,1,13114.341476,0.9995003972137654,11793.042902687279,11787.151065594911,11793.042902687279
2026-07-16_ttft_component_regression/phase1/input6000_rate5p0_reuse00_seed1,1,15772.046674,0.9999560195101546,16433.899090146577,16433.176319214523,16433.899090146577
2026-07-16_ttft_component_regression/phase1/input6000_rate5p0_reuse00_seed1,0,0.0,2.9097325053218646e-12,0.5633676082900716,1.639249042287057e-12,0.0
2026-07-16_ttft_component_regression/phase1/input6000_rate5p0_reuse00_seed1,0,0.0,3.74704784564231e-11,0.8632515351718271,3.2346448051130116e-11,0.0
2026-07-16_ttft_component_regression/phase1/input6000_rate5p0_reuse00_seed1,0,0.0,6.525343721359691e-09,0.7670154445386276,5.005039415206046e-09,0.0
2026-07-16_ttft_component_regression/phase1/input6000_rate5p0_reuse00_seed1,0,0.0,0.12966931369298487,1.1360333817574684,0.1473086689448116,0.0
2026-07-16_ttft_component_regression/phase1/input6000_rate5p0_reuse00_seed1,0,0.0,1.187734343953358e-06,0.9862542480283615,1.1714080422531784e-06,0.0
2026-07-16_ttft_component_regression/phase1/input6000_rate5p0_reuse00_seed1,1,1592.972426,0.9106413691162505,2263.731635580303,2061.447675936616,2263.731635580303
2026-07-16_ttft_component_regression/phase1/input6000_rate5p0_reuse00_seed1,0,0.0,7.817197529908968e-08,1.2965357017843113,1.0135275685427109e-07,0.0
2026-07-16_ttft_component_regression/phase1/input6000_rate5p0_reuse00_seed1,0,0.0,0.10149916199145431,0.3296151996566107,0.03345566654479188,0.0
2026-07-16_ttft_component_regression/phase1/input6000_rate5p0_reuse00_seed1,0,0.0,5.57142556840025e-10,1.5177574118376764,8.456072450941419e-10,0.0
2026-07-16_ttft_component_regression/phase1/input6000_rate5p0_reuse00_seed1,0,0.0,0.0023366657529568444,0.15558690675073034,0.00036355459661292165,0.0
2026-07-16_ttft_component_regression/phase1/input6000_rate5p0_reuse00_seed1,0,0.0,8.634402367400144e-05,1.5485766657876405,0.00013371034029177424,0.0
2026-07-16_ttft_component_regression/phase1/input6000_rate5p0_reuse00_seed1,0,0.0,0.00015219919128621728,0.5058994569293712,7.69974882167868e-05,0.0
2026-07-16_ttft_component_regression/phase1/input6000_rate5p0_reuse00_seed1,1,7720.083234,0.9437712395031125,1869.5510038895595,1764.428468255138,1869.5510038895595
2026-07-16_ttft_component_regression/phase1/input6000_rate5p0_reuse00_seed1,1,14918.784109,0.8564077125783559,4730.464574168595,4051.206345396673,4730.464574168595
2026-07-16_ttft_component_regression/phase1/input6000_rate5p0_reuse00_seed1,1,14554.746709,0.903260623387564,9110.349887782106,8229.020318916888,9110.349887782106
2026-07-16_ttft_component_regression/phase1/input6000_rate5p0_reuse00_seed1,1,17216.514547,0.9912929678249854,9372.823881946895,9291.214402836038,9372.823881946895
2026-07-16_ttft_component_regression/phase1/input6000_rate5p0_reuse00_seed1,1,17027.532715,0.9961839708911979,9817.624206390636,9780.15986663977,9817.624206390636
2026-07-16_ttft_component_regression/phase1/input6000_rate5p0_reuse00_seed1,1,14200.773623,0.9154226681016824,9353.417588654645,8562.33048487544,9353.417588654645
2026-07-16_ttft_component_regression/phase1/input6000_rate5p0_reuse00_seed1,1,15512.29341,0.9701405856579318,9584.575266405194,9298.385462232864,9584.575266405194
2026-07-16_ttft_component_regression/phase1/input6000_rate5p0_reuse00_seed1,1,19239.906265,0.9882828004909421,10654.911978327857,10530.066248926338,10654.911978327857
2026-07-16_ttft_component_regression/phase1/input6000_rate5p0_reuse00_seed1,1,16106.787753,0.9713551037780637,9711.988562900924,9433.789658407995,9711.988562900924
2026-07-16_ttft_component_regression/phase1/input6000_rate5p0_reuse00_seed1,1,16247.051007,0.9860004529973673,9619.42009885483,9484.752575042841,9619.42009885483
2026-07-16_ttft_component_regression/phase1/input6000_rate5p0_reuse00_seed1,1,16702.002631,0.97316267328025,9869.424989415596,9604.556006438585,9869.424989415596
2026-07-16_ttft_component_regression/phase1/input6000_rate5p0_reuse00_seed1,1,22559.917275,0.9878175715075542,13008.954369954758,12850.473713581294,13008.954369954758
2026-07-16_ttft_component_regression/phase1/input6000_rate5p0_reuse00_seed1,1,25100.298031,0.9932901286413903,12230.804149852025,12148.737027394169,12230.804149852025
2026-07-16_ttft_component_regression/phase1/input6000_rate5p0_reuse00_seed1,1,26545.525487,0.9929692394074296,12917.82159527974,12826.999484265792,12917.82159527974
2026-07-16_ttft_component_regression/phase1/input6000_rate5p0_reuse00_seed1,1,30494.901779,0.9924554408065036,14742.098458627772,14630.875824170304,14742.098458627772
2026-07-16_ttft_component_regression/phase1/input6000_rate5p0_reuse00_seed1,1,29687.381524,0.9846776045108712,13499.460295955794,13292.616226411368,13499.460295955794
2026-07-16_ttft_component_regression/phase1/input6000_rate5p0_reuse00_seed1,1,34399.52013,0.9989754819197353,16890.676969886572,16873.372165943012,16890.676969886572
2026-07-16_ttft_component_regression/phase1/input6000_rate5p0_reuse00_seed1,1,33583.542235,0.9987080084601015,15931.101323963752,15910.518475831926,15931.101323963752
2026-07-16_ttft_component_regression/phase1/input6000_rate5p0_reuse00_seed1,1,30128.801587,0.9943056302950946,15197.602198863824,15111.06143331541,15197.602198863824
2026-07-16_ttft_component_regression/phase1/input6000_rate5p0_reuse00_seed1,1,32309.788462,0.996587170916882,17376.819865557878,17317.5157493486,17376.819865557878
2026-07-16_ttft_component_regression/phase1/input6000_rate5p0_reuse00_seed1,1,31532.469925,0.996620149722188,15445.140520749452,15392.938258269553,15445.140520749452
2026-07-16_ttft_component_regression/phase1/input6000_rate5p0_reuse00_seed1,1,31599.760322,0.9999981187545773,24710.312242153752,24710.265755991953,24710.312242153752
2026-07-16_ttft_component_regression/phase1/input6000_rate5p0_reuse00_seed1,1,34955.634952,0.999998632192675,22131.40274270093,22131.37247120615,22131.40274270093
2026-07-16_ttft_component_regression/phase1/input6000_rate5p0_reuse00_seed1,1,37095.956944,0.9997840675188087,17406.63811769701,17402.879459139054,17406.63811769701
2026-07-16_ttft_component_regression/phase1/input6000_rate5p0_reuse00_seed1,1,34657.044708,0.9999993989929322,27341.703693003008,27341.687260445844,27341.703693003008
2026-07-16_ttft_component_regression/phase1/input6000_rate5p0_reuse00_seed1,1,42824.851175,0.9999990983776077,23890.022780818905,23890.001241039412,23890.022780818905
2026-07-16_ttft_component_regression/phase1/input6000_rate5p0_reuse00_seed1,1,40938.370467,0.9999991231594335,25664.41006685472,25664.38756325886,25664.41006685472
2026-07-16_ttft_component_regression/phase1/input6000_rate5p0_reuse00_seed1,1,38391.427446,0.9999998188272976,26175.844912989134,26175.840170640575,26175.844912989134
2026-07-16_ttft_component_regression/phase1/input6000_rate5p0_reuse00_seed1,1,38635.002439,0.9999989375979879,22733.450393083247,22733.426241019806,22733.450393083247
2026-07-16_ttft_component_regression/phase1/input6000_rate5p0_reuse00_seed1,1,43042.465835,0.9999995428940265,26913.99237792749,26913.980075380805,26913.99237792749
2026-07-16_ttft_component_regression/phase1/input6000_rate5p0_reuse00_seed1,1,42157.293952,0.999999522422407,26004.314142606472,26004.301723528715,26004.314142606472
2026-07-16_ttft_component_regression/phase1/input6000_rate5p0_reuse00_seed1,1,44334.880427,0.9999999542195949,26683.06328871073,26683.062067149283,26683.06328871073
2026-07-16_ttft_component_regression/phase1/input6000_rate5p0_reuse00_seed1,1,43857.145659,0.9999997338913085,28901.45802053774,28901.45032960856,28901.45802053774
2026-07-16_ttft_component_regression/phase1/input6000_rate5p0_reuse00_seed1,1,49145.016129,0.9999997943710098,25129.07474266935,25129.069575403086,25129.07474266935
2026-07-16_ttft_component_regression/phase1/input6000_rate5p0_reuse00_seed1,1,45048.810598,0.9999998025838844,25441.51861416707,25441.51359160129,25441.51861416707
2026-07-16_ttft_component_regression/phase1/input6000_rate5p0_reuse00_seed1,1,44331.441766,0.9999997449302973,25828.428161551972,25828.42157350248,25828.428161551972
2026-07-16_ttft_component_regression/phase1/input6000_rate5p0_reuse00_seed1,1,53045.517577,0.999999871635983,25925.395119371842,25925.391791483984,25925.395119371842
2026-07-16_ttft_component_regression/phase1/input6000_rate5p0_reuse00_seed1,0,0.0,5.970678210283967e-13,0.43765568447695447,2.613101258913467e-13,0.0
2026-07-16_ttft_component_regression/phase1/input6000_rate5p0_reuse00_seed1,0,0.0,1.5534473513738563e-11,1.7051080723029284,2.648795618725166e-11,0.0
2026-07-16_ttft_component_regression/phase1/input6000_rate5p0_reuse00_seed1,0,0.0,3.7187680361284095e-08,1.8550996712792205,6.898685361385485e-08,0.0
2026-07-16_ttft_component_regression/phase1/input6000_rate5p0_reuse00_seed1,0,0.0,2.4548753414913356e-10,1.745071508780129,4.2839330160434195e-10,0.0
2026-07-16_ttft_component_regression/phase1/input6000_rate5p0_reuse00_seed1,0,0.0,4.9710755545142324e-08,0.29601337847204784,1.4715048695315665e-08,0.0
2026-07-16_ttft_component_regression/phase1/input6000_rate5p0_reuse00_seed1,0,0.0,2.1791646168864094e-05,0.8514078499702317,1.8553578611944616e-05,0.0
2026-07-16_ttft_component_regression/phase1/input6000_rate5p0_reuse00_seed1,0,0.0,9.339492421190158e-07,0.6429588430917728,6.004909242192804e-07,0.0
2026-07-16_ttft_component_regression/phase1/input6000_rate5p0_reuse00_seed1,0,0.0,3.5694711437825743e-09,1.8806071729213745,6.712773036533372e-09,0.0
2026-07-16_ttft_component_regression/phase1/input6000_rate5p0_reuse00_seed1,0,0.0,0.009299270319474483,1.4245337863482086,0.013247124758476501,0.0
2026-07-16_ttft_component_regression/phase1/input6000_rate5p0_reuse00_seed1,0,0.0,0.0008423067148598546,1.1382677400888261,0.00095877056078517,0.0
2026-07-16_ttft_component_regression/phase1/input6000_rate5p0_reuse00_seed1,0,0.0,0.0071001541314343174,1.7791968101316549,0.012632571582091029,0.0
2026-07-16_ttft_component_regression/phase1/input6000_rate5p0_reuse00_seed1,0,0.0,0.06981524268677675,1.8642643787551065,0.13015407003510085,0.0
2026-07-16_ttft_component_regression/phase1/input6000_rate5p0_reuse00_seed1,0,0.0,0.5267138900466711,3.642787231607631,1.9187066333723992,3.642787231607631
2026-07-16_ttft_component_regression/phase1/input6000_rate5p0_reuse00_seed1,0,0.0,0.4803720799459805,4.212027987547248,2.023340645168754,0.0
2026-07-16_ttft_component_regression/phase1/input6000_rate5p0_reuse00_seed1,0,0.0,0.009405445381028034,1.4813374881800798,0.013932638835947002,0.0
2026-07-16_ttft_component_regression/phase1/input6000_rate5p0_reuse00_seed1,1,1569.500184,0.9844184456448218,2029.5464174518322,1997.9229296319493,2029.5464174518322
2026-07-16_ttft_component_regression/phase1/input6000_rate5p0_reuse00_seed1,1,2045.14865,0.973806479004394,1608.3392137684496,1566.2111468045491,1608.3392137684496
2026-07-16_ttft_component_regression/phase1/input6000_rate5p0_reuse00_seed1,1,3419.623904,0.9886578631862589,3195.957242710169,3159.7082584124832,3195.957242710169
2026-07-16_ttft_component_regression/phase1/input6000_rate5p0_reuse00_seed1,1,5094.30545,0.9997601876805803,4662.846998796312,4661.728790642431,4662.846998796312
2026-07-16_ttft_component_regression/phase1/input6000_rate5p0_reuse00_seed1,1,3646.987336,0.9983573056718479,3109.387777801534,3104.2800041349137,3109.387777801534
2026-07-16_ttft_component_regression/phase1/input6000_rate5p0_reuse00_seed1,1,3457.341214,0.998310941799236,2904.1287628541077,2899.223520351134,2904.1287628541077
2026-07-16_ttft_component_regression/phase1/input6000_rate5p0_reuse00_seed1,0,0.0,0.9882780017973105,8.774972981496763,8.672112763979008,8.774972981496763
2026-07-16_ttft_component_regression/phase1/input6000_rate5p0_reuse00_seed1,1,2037.21573,0.9985047300735213,1950.4275712203394,1947.5111555293186,1950.4275712203394
2026-07-16_ttft_component_regression/phase1/input6000_rate5p0_reuse00_seed1,1,2797.351422,0.999045795970816,2540.9651070324953,2538.540507889349,2540.9651070324953
2026-07-16_ttft_component_regression/phase1/input6000_rate5p0_reuse00_seed1,0,0.0,0.914644127298406,2.2940604212118716,2.098248891929146,2.2940604212118716
2026-07-16_ttft_component_regression/phase1/input6000_rate5p0_reuse00_seed1,0,0.0,1.0579057245555722e-12,0.3360407668415632,3.5549945092573404e-13,0.0
2026-07-16_ttft_component_regression/phase1/input6000_rate5p0_reuse00_seed1,0,0.0,2.3524789497665463e-11,0.6697240268312528,1.5755116752734077e-11,0.0
2026-07-16_ttft_component_regression/phase1/input6000_rate5p0_reuse00_seed1,0,0.0,2.105519120543526e-10,1.0980593931798013,2.3119850478324929e-10,0.0
2026-07-16_ttft_component_regression/phase1/input6000_rate5p0_reuse00_seed1,0,0.0,3.9717824611201216e-09,1.055212678082444,4.191075207559444e-09,0.0
2026-07-16_ttft_component_regression/phase1/input6000_rate5p0_reuse00_seed1,0,0.0,4.192989862619602e-08,1.612097150229984,6.759507008472272e-08,0.0
2026-07-16_ttft_component_regression/phase1/input6000_rate5p0_reuse00_seed1,0,0.0,2.7787121737339426e-07,0.936811668016552,2.603129986413594e-07,0.0
2026-07-16_ttft_component_regression/phase1/input6000_rate5p0_reuse00_seed1,0,0.0,6.453878846559029e-05,0.4318562202837614,2.787147724844304e-05,0.0
2026-07-16_ttft_component_regression/phase1/input6000_rate5p0_reuse00_seed1,0,0.0,0.0006611491154515411,0.5296246114782773,0.0003501608434002292,0.0
2026-07-16_ttft_component_regression/phase1/input6000_rate5p0_reuse00_seed1,0,0.0,6.220506846782671e-06,1.419427436885822,8.829558089659433e-06,0.0
2026-07-16_ttft_component_regression/phase1/input6000_rate5p0_reuse00_seed1,0,0.0,0.006787944601381605,0.611239307709614,0.004149058558919704,0.0
2026-07-16_ttft_component_regression/phase1/input6000_rate5p0_reuse00_seed1,1,2961.689271,0.9115834402298151,2387.8247273003913,2176.7014795783107,2387.8247273003913
2026-07-16_ttft_component_regression/phase1/input6000_rate5p0_reuse00_seed1,0,0.0,0.016124270695487414,0.6244609955404723,0.010068978130868133,0.0
2026-07-16_ttft_component_regression/phase1/input6000_rate5p0_reuse00_seed1,1,996.966363,0.9769093689770167,848.1318557562495,828.5479560161439,848.1318557562495
2026-07-16_ttft_component_regression/phase1/input6000_rate5p0_reuse00_seed1,0,0.0,0.009908646424082623,0.6936322439222963,0.006872956653369067,0.0
2026-07-16_ttft_component_regression/phase1/input6000_rate5p0_reuse00_seed1,0,0.0,0.2192241876451592,4.67671409612436,1.0252488485715276,0.0
2026-07-16_ttft_component_regression/phase1/input6000_rate5p0_reuse00_seed1,0,0.0,0.014703576045137017,1.535974695301809,0.022584320735776306,0.0
2026-07-16_ttft_component_regression/phase1/input6000_rate5p0_reuse00_seed1,0,0.0,0.9528864953467826,9.945416657525035,9.476853223552544,9.945416657525035
2026-07-16_ttft_component_regression/phase1/input6000_rate5p0_reuse00_seed1,0,0.0,0.6458296378796549,2.4708784409025397,1.5957665287327334,2.4708784409025397
2026-07-16_ttft_component_regression/phase1/input6000_rate5p0_reuse00_seed1,0,0.0,0.05143158106882673,1.6902982251967027,0.08693471019969816,0.0
2026-07-16_ttft_component_regression/phase1/input6000_rate5p0_reuse00_seed1,0,0.0,0.09053530819271823,2.5666279549980935,0.2323704529217985,0.0
2026-07-16_ttft_component_regression/phase1/input6000_rate5p0_reuse00_seed1,0,0.0,0.15124518487151653,1.7082071933383467,0.2583581127553126,0.0
2026-07-16_ttft_component_regression/phase1/input6000_rate5p0_reuse00_seed1,0,0.0,0.7182067756957189,2.4383891024596234,1.751267575169104,2.4383891024596234
2026-07-16_ttft_component_regression/phase1/input6000_rate5p0_reuse00_seed1,0,0.0,0.30709891402115264,2.544287194058369,0.7813478342532508,0.0
2026-07-16_ttft_component_regression/phase1/input6000_rate5p0_reuse00_seed1,0,0.0,0.3192981492619223,2.5147163791791063,0.802944285790531,0.0
2026-07-16_ttft_component_regression/phase1/input6000_rate5p0_reuse00_seed1,0,0.0,0.9939384557117358,9.333125845420845,9.276552689760884,9.333125845420845
2026-07-16_ttft_component_regression/phase1/input6000_rate5p0_reuse00_seed1,0,0.0,0.8454375546611008,2.7418672265769866,2.318077523242662,2.7418672265769866
2026-07-16_ttft_component_regression/phase1/input6000_rate5p0_reuse00_seed1,1,3217.47604,0.9998564245168123,2101.9657943315246,2101.6640035769597,2101.9657943315246
2026-07-16_ttft_component_regression/phase1/input6000_rate5p0_reuse00_seed1,1,6629.285248,0.9999321088803276,5920.675166465336,5920.273205199068,5920.675166465336
2026-07-16_ttft_component_regression/phase1/input6000_rate5p0_reuse00_seed1,1,3856.159347,0.999933009185798,3120.481983319208,3120.272939690443,3120.481983319208
2026-07-16_ttft_component_regression/phase1/input6000_rate5p0_reuse00_seed1,1,5190.262298,0.9988753675976306,4695.267944865911,4689.987494397308,4695.267944865911
2026-07-16_ttft_component_regression/phase1/input6000_rate5p0_reuse00_seed1,0,0.0,1.1240380672956182e-12,0.28185750791823466,3.168185684531719e-13,0.0
2026-07-16_ttft_component_regression/phase1/input6000_rate5p0_reuse00_seed1,0,0.0,1.2469112618562102e-11,0.4265761007932396,5.319025441178003e-12,0.0
2026-07-16_ttft_component_regression/phase1/input6000_rate5p0_reuse00_seed1,0,0.0,2.0859312048832136e-10,1.6877237229565338,3.5204755789367057e-10,0.0
2026-07-16_ttft_component_regression/phase1/input6000_rate5p0_reuse00_seed1,0,0.0,1.8555265760085472e-09,1.7319727156271285,3.213721402767831e-09,0.0
2026-07-16_ttft_component_regression/phase1/input6000_rate5p0_reuse00_seed1,0,0.0,2.7463791345982896e-08,0.7083337574342518,1.945353051749035e-08,0.0
2026-07-16_ttft_component_regression/phase1/input6000_rate5p0_reuse00_seed1,0,0.0,0.0018278510024522757,0.02929549082373519,5.354779226949581e-05,0.0
2026-07-16_ttft_component_regression/phase1/input6000_rate5p0_reuse00_seed1,0,0.0,2.9207367290127575e-07,1.1388243748604954,3.3262061795500417e-07,0.0
2026-07-16_ttft_component_regression/phase1/input6000_rate5p0_reuse00_seed1,0,0.0,4.848466545882649e-08,1.7858719038074744,8.658740180842295e-08,0.0
2026-07-16_ttft_component_regression/phase1/input6000_rate5p0_reuse00_seed1,0,0.0,0.0001142554465971969,0.270023119339448,3.0851612091696826e-05,0.0
2026-07-16_ttft_component_regression/phase1/input6000_rate5p0_reuse00_seed1,0,0.0,5.962910191491544e-06,1.499633520915695,8.942180005370545e-06,0.0
2026-07-16_ttft_component_regression/phase1/input6000_rate5p0_reuse00_seed1,0,0.0,0.01986375113878286,0.93986541704443,0.018669252748118925,0.0
2026-07-16_ttft_component_regression/phase1/input6000_rate5p0_reuse00_seed1,0,0.0,0.3411931206528203,2.410190903836956,0.8223405558491725,0.0
2026-07-16_ttft_component_regression/phase1/input6000_rate5p0_reuse00_seed1,1,6350.112999,0.9768093258477442,4239.319364022799,4141.006690024398,4239.319364022799
2026-07-16_ttft_component_regression/phase1/input6000_rate5p0_reuse00_seed1,1,1870.568906,0.9803119381339018,1726.327778828994,1692.339730718245,1726.327778828994
2026-07-16_ttft_component_regression/phase1/input6000_rate5p0_reuse00_seed1,1,7333.373356,0.9863269282660241,5869.915193525468,5789.655422012039,5869.915193525468
2026-07-16_ttft_component_regression/phase1/input6000_rate5p0_reuse00_seed1,1,8805.386981,0.9711942560725351,5967.273507249825,5795.381754654842,5967.273507249825
2026-07-16_ttft_component_regression/phase1/input6000_rate5p0_reuse00_seed1,1,6217.02917,0.9803534589336416,4628.960537545769,4538.017474250323,4628.960537545769
2026-07-16_ttft_component_regression/phase1/input6000_rate5p0_reuse00_seed1,1,7786.591191,0.9585642625832727,5766.1562049527065,5527.231270540453,5766.1562049527065
2026-07-16_ttft_component_regression/phase1/input6000_rate5p0_reuse00_seed1,1,8613.648184,0.9716158449825956,5776.520088378075,5612.558446728402,5776.520088378075
2026-07-16_ttft_component_regression/phase1/input6000_rate5p0_reuse00_seed1,1,9190.295202,0.9983600990416526,8785.633091812577,8771.225523685625,8785.633091812577
2026-07-16_ttft_component_regression/phase1/input6000_rate5p0_reuse00_seed1,1,8567.143427,0.9937683669366337,7142.229842944907,7097.72208730945,7142.229842944907
2026-07-16_ttft_component_regression/phase1/input6000_rate5p0_reuse00_seed1,1,9560.504399,0.9806767090513998,7854.423105922022,7702.649803012882,7854.423105922022
2026-07-16_ttft_component_regression/phase1/input6000_rate5p0_reuse00_seed1,1,6976.073578,0.9983407502383785,5531.382268356586,5522.204323646378,5531.382268356586
2026-07-16_ttft_component_regression/phase1/input6000_rate5p0_reuse00_seed1,1,7474.267938,0.9996934078481875,7508.6190970459065,7506.317013359802,7508.6190970459065
2026-07-16_ttft_component_regression/phase1/input6000_rate5p0_reuse00_seed1,1,15759.313547,0.9966598641547109,13108.976565457173,13065.190802935835,13108.976565457173
2026-07-16_ttft_component_regression/phase1/input6000_rate5p0_reuse00_seed1,1,6303.902762,0.9979277221071348,4896.199787750047,4886.053501170842,4896.199787750047
2026-07-16_ttft_component_regression/phase1/input6000_rate5p0_reuse00_seed1,1,1434.436056,0.9981515244510775,875.9833009639443,874.364067250848,875.9833009639443
2026-07-16_ttft_component_regression/phase1/input6000_rate5p0_reuse00_seed1,1,2140.123658,0.9994624497421144,2016.9869900152485,2015.9027581386138,2016.9869900152485
2026-07-16_ttft_component_regression/phase1/input6000_rate5p0_reuse00_seed1,1,5437.028326,0.9996903849707057,5211.883770624863,5210.270093078543,5211.883770624863
2026-07-16_ttft_component_regression/phase1/input6000_rate5p0_reuse00_seed1,0,0.0,2.217346408152305e-10,0.3510778011779991,7.784611014240453e-11,0.0
2026-07-16_ttft_component_regression/phase1/input6000_rate5p0_reuse00_seed1,0,0.0,1.6066376082621858e-12,0.8637688001682956,1.3877634391938885e-12,0.0
2026-07-16_ttft_component_regression/phase1/input6000_rate5p0_reuse00_seed1,0,0.0,2.5843248704542846e-11,1.0002573676815185,2.584989992154484e-11,0.0
2026-07-16_ttft_component_regression/phase1/input6000_rate5p0_reuse00_seed1,0,0.0,3.053316544633466e-09,0.845696034275563,2.582177693184487e-09,0.0
2026-07-16_ttft_component_regression/phase1/input6000_rate5p0_reuse00_seed1,0,0.0,4.57054965750477e-07,0.7965149706916863,3.640511226492309e-07,0.0
2026-07-16_ttft_component_regression/phase1/input6000_rate5p0_reuse00_seed1,0,0.0,4.51689569065167e-06,1.0472843582025106,4.73047420445182e-06,0.0
2026-07-16_ttft_component_regression/phase1/input6000_rate5p0_reuse00_seed1,0,0.0,3.390883995304863e-08,1.740311651270242,5.901194925134842e-08,0.0
2026-07-16_ttft_component_regression/phase1/input6000_rate5p0_reuse00_seed1,0,0.0,1.5306457411609875e-08,1.3693250774936647,2.095951598130617e-08,0.0
2026-07-16_ttft_component_regression/phase1/input6000_rate5p0_reuse00_seed1,0,0.0,4.4673790385171784e-07,1.4034239860988647,6.269626897650292e-07,0.0
2026-07-16_ttft_component_regression/phase1/input6000_rate5p0_reuse00_seed1,0,0.0,0.00018217545441901045,0.9636765558274866,0.00017555821447081925,0.0
2026-07-16_ttft_component_regression/phase1/input6000_rate5p0_reuse00_seed1,0,0.0,1.2399830449146637e-05,1.2148880630179577,1.506440599611485e-05,0.0
2026-07-16_ttft_component_regression/phase1/input6000_rate5p0_reuse00_seed1,0,0.0,0.0001528961864497892,2.5909380811129332,0.0003961445519297021,0.0
2026-07-16_ttft_component_regression/phase1/input6000_rate5p0_reuse00_seed1,0,0.0,7.95798606832913e-06,1.365329447055941,1.0865272718350693e-05,0.0
2026-07-16_ttft_component_regression/phase1/input6000_rate5p0_reuse00_seed1,0,0.0,1.048175747813276e-05,2.2156582211990354,2.3223992129039318e-05,0.0
2026-07-16_ttft_component_regression/phase1/input6000_rate5p0_reuse00_seed1,0,0.0,0.0012426725544280926,2.358597772678557,0.0029309647190428724,0.0
2026-07-16_ttft_component_regression/phase1/input6000_rate5p0_reuse00_seed1,0,0.0,0.12597969541666967,2.4970840782318384,0.31458189160546235,0.0
2026-07-16_ttft_component_regression/phase1/input6000_rate5p0_reuse00_seed1,0,0.0,0.9174378150906867,2.406804113645372,2.208093107374087,2.406804113645372
2026-07-16_ttft_component_regression/phase1/input6000_rate5p0_reuse00_seed1,0,0.0,0.39115672424925074,2.616220523232983,1.0233522497814744,0.0
2026-07-16_ttft_component_regression/phase1/input6000_rate5p0_reuse00_seed1,0,0.0,0.9933144557773452,5.086587854397728,5.052581246354734,5.086587854397728
2026-07-16_ttft_component_regression/phase1/input6000_rate5p0_reuse00_seed1,1,624.228582,0.9998698758860246,1344.44842101186,1344.2734758522904,1344.44842101186
2026-07-16_ttft_component_regression/phase1/input6000_rate5p0_reuse00_seed1,0,0.0,0.9934188582816785,8.72384116419951,8.666428329169786,8.72384116419951
2026-07-16_ttft_component_regression/phase1/input6000_rate5p0_reuse00_seed1,0,0.0,0.9747813631039952,7.133173253088903,6.953284346902961,7.133173253088903
2026-07-16_ttft_component_regression/phase1/input6000_rate5p0_reuse00_seed1,1,4282.44393,0.9992809787381948,2650.570862360207,2648.6650455542485,2650.570862360207
2026-07-16_ttft_component_regression/phase1/input6000_rate5p0_reuse00_seed1,1,3635.550085,0.9997877417105453,2840.3433112612106,2839.740424848498,2840.3433112612106
2026-07-16_ttft_component_regression/phase1/input6000_rate5p0_reuse00_seed1,1,6180.51032,0.9984699649509851,4663.8547951653545,4656.718933865235,4663.8547951653545
2026-07-16_ttft_component_regression/phase1/input6000_rate5p0_reuse00_seed1,1,9652.015381,0.9999179940975157,9327.389294082357,9326.624393105474,9327.389294082357
2026-07-16_ttft_component_regression/phase1/input6000_rate5p0_reuse00_seed1,1,8097.075852,0.9998592471017796,7108.986724291027,7107.986113806172,7108.986724291027
2026-07-16_ttft_component_regression/phase1/input6000_rate5p0_reuse00_seed1,1,9334.060123,0.999498813037488,9990.10275623253,9985.095846976952,9990.10275623253
2026-07-16_ttft_component_regression/phase1/input6000_rate5p0_reuse00_seed1,1,11520.036386,0.9995972864154778,11523.658377246064,11519.017643474153,11523.658377246064
2026-07-16_ttft_component_regression/phase1/input6000_rate5p0_reuse00_seed1,1,9649.361256,0.9993757655023374,9622.061136000015,9616.054713500305,9622.061136000015
2026-07-16_ttft_component_regression/phase1/input6000_rate5p0_reuse00_seed1,0,0.0,7.169654284503606e-13,0.27172736740115505,1.9481912839045768e-13,0.0
2026-07-16_ttft_component_regression/phase1/input6000_rate5p0_reuse00_seed1,0,0.0,1.2929994806948342e-11,1.2153946415461168,1.5715046403584133e-11,0.0
2026-07-16_ttft_component_regression/phase1/input6000_rate5p0_reuse00_seed1,0,0.0,2.71943458994997e-12,0.5455727290656486,1.4836493507545281e-12,0.0
2026-07-16_ttft_component_regression/phase1/input6000_rate5p0_reuse00_seed1,0,0.0,5.948316819878885e-10,0.9216832357485345,5.482463893803403e-10,0.0
2026-07-16_ttft_component_regression/phase1/input6000_rate5p0_reuse00_seed1,0,0.0,5.3612400608738826e-11,1.0410776697179565,5.5814673093731365e-11,0.0
2026-07-16_ttft_component_regression/phase1/input6000_rate5p0_reuse00_seed1,0,0.0,7.250485466634651e-08,1.6460485025472018,1.1934650745094218e-07,0.0
2026-07-16_ttft_component_regression/phase1/input6000_rate5p0_reuse00_seed1,0,0.0,0.09134562651681925,0.9143149901437471,0.0835186756084,0.0
2026-07-16_ttft_component_regression/phase1/input6000_rate5p0_reuse00_seed1,0,0.0,3.912923918140037e-07,1.9657736208134484,7.691922618529686e-07,0.0
2026-07-16_ttft_component_regression/phase1/input6000_rate5p0_reuse00_seed1,0,0.0,0.7029529088205074,3.199783105366897,2.2492968415123764,3.199783105366897
2026-07-16_ttft_component_regression/phase1/input6000_rate5p0_reuse00_seed1,0,0.0,0.0227333121925054,1.3946995544554501,0.03170614038618393,0.0
2026-07-16_ttft_component_regression/phase1/input6000_rate5p0_reuse00_seed1,0,0.0,0.0004417656100113453,2.0565891994113152,0.000908530382220684,0.0
2026-07-16_ttft_component_regression/phase1/input6000_rate5p0_reuse00_seed1,0,0.0,0.0008403871335527133,1.4330973727563103,0.0012043565931926,0.0
2026-07-16_ttft_component_regression/phase1/input6000_rate5p0_reuse00_seed1,0,0.0,7.306056798442219e-06,1.3854233823707893,1.012198192149092e-05,0.0
2026-07-16_ttft_component_regression/phase1/input6000_rate5p0_reuse00_seed1,1,987.64081,0.991287657011676,716.4589400725145,710.2169040495517,716.4589400725145
2026-07-16_ttft_component_regression/phase1/input6000_rate5p0_reuse00_seed1,1,2034.548079,0.9944523542402763,1029.4909662020605,1023.7797150087358,1029.4909662020605
2026-07-16_ttft_component_regression/phase1/input6000_rate5p0_reuse00_seed1,1,7254.565751,0.9978200885287128,6685.124623245972,6670.551643392773,6685.124623245972
2026-07-16_ttft_component_regression/phase1/input6000_rate5p0_reuse00_seed1,1,13694.275353,0.9901735048903945,11609.432269279361,11495.35223985999,11609.432269279361
2026-07-16_ttft_component_regression/phase1/input6000_rate5p0_reuse00_seed1,1,8666.949534,0.9972537715743778,7481.673389850604,7461.127005716175,7481.673389850604
2026-07-16_ttft_component_regression/phase1/input6000_rate5p0_reuse00_seed1,1,10150.544035,0.9896857495563226,10527.705633944988,10419.120241439166,10527.705633944988
2026-07-16_ttft_component_regression/phase1/input6000_rate5p0_reuse00_seed1,1,9728.205839,0.9996980641507857,9421.732015887334,9418.887257230046,9421.732015887334
2026-07-16_ttft_component_regression/phase1/input6000_rate5p0_reuse00_seed1,1,4791.460332,0.9995947286235929,4176.346122741905,4174.653569200389,4176.346122741905
2026-07-16_ttft_component_regression/phase1/input6000_rate5p0_reuse00_seed1,1,11894.394174,0.9992387727187995,12091.982302444974,12082.77755563256,12091.982302444974
2026-07-16_ttft_component_regression/phase1/input6000_rate5p0_reuse00_seed1,1,4028.232921,0.9991947926002859,4312.5197911738105,4309.047318326544,4312.5197911738105
2026-07-16_ttft_component_regression/phase1/input6000_rate5p0_reuse00_seed1,1,5178.147142,0.9999066896700144,4460.5922587921505,4460.176039456552,4460.5922587921505
2026-07-16_ttft_component_regression/phase1/input6000_rate5p0_reuse00_seed1,1,7090.831028,0.9993639872430038,7240.251899783226,7235.647007211098,7240.251899783226
2026-07-16_ttft_component_regression/phase1/input6000_rate5p0_reuse00_seed1,1,5871.766201,0.9995072682852485,5435.115096306873,5432.437042725598,5435.115096306873
2026-07-16_ttft_component_regression/phase1/input6000_rate5p0_reuse00_seed1,0,0.0,4.16412298874063e-11,0.56749902308695,2.363135728124218e-11,0.0
2026-07-16_ttft_component_regression/phase1/input6000_rate5p0_reuse00_seed1,0,0.0,4.970301763928438e-12,1.5058115529030192,7.484337817537695e-12,0.0
2026-07-16_ttft_component_regression/phase1/input6000_rate5p0_reuse00_seed1,0,0.0,4.2399736261302007e-13,1.1632051351391175,4.931959094769074e-13,0.0
2026-07-16_ttft_component_regression/phase1/input6000_rate5p0_reuse00_seed1,0,0.0,9.63421430564843e-09,1.3018260001373174,1.2542070673988019e-08,0.0
2026-07-16_ttft_component_regression/phase1/input6000_rate5p0_reuse00_seed1,0,0.0,1.276363797242134e-07,1.620441434093071,2.0682727820275214e-07,0.0
2026-07-16_ttft_component_regression/phase1/input6000_rate5p0_reuse00_seed1,0,0.0,9.096185577714514e-10,2.229394428513125,2.027898544767818e-09,0.0
2026-07-16_ttft_component_regression/phase1/input6000_rate5p0_reuse00_seed1,0,0.0,1.0676591947782663e-06,1.6597716023079068,1.7720704124358927e-06,0.0
2026-07-16_ttft_component_regression/phase1/input6000_rate5p0_reuse00_seed1,0,0.0,4.722923750477852e-06,0.7967634288255002,3.763052921512125e-06,0.0
2026-07-16_ttft_component_regression/phase1/input6000_rate5p0_reuse00_seed1,1,4.260962,0.9998128077673104,2.1651296458145133,2.164724350362051,2.1651296458145133
2026-07-16_ttft_component_regression/phase1/input6000_rate5p0_reuse00_seed1,0,0.0,0.0008275585819067997,2.1877096040550854,0.0018104578575557128,0.0
2026-07-16_ttft_component_regression/phase1/input6000_rate5p0_reuse00_seed1,0,0.0,0.0012718437433899437,1.272514716495984,0.0016184398805470454,0.0
2026-07-16_ttft_component_regression/phase1/input6000_rate5p0_reuse00_seed1,0,0.0,0.16782214056511516,2.016394324942669,0.33839561183522904,0.0
2026-07-16_ttft_component_regression/phase1/input6000_rate5p0_reuse00_seed1,1,2.177775,0.999857725880499,2.430049348056237,2.4297036149248985,2.430049348056237
2026-07-16_ttft_component_regression/phase1/input6000_rate5p0_reuse00_seed1,1,6.233262,0.9997143931564799,2.5334017690178765,2.532678212135259,2.5334017690178765
2026-07-16_ttft_component_regression/phase1/input6000_rate5p0_reuse00_seed1,0,0.0,0.7977511806626318,4.792268666619917,3.8230379868485747,4.792268666619917
2026-07-16_ttft_component_regression/phase1/input6000_rate5p0_reuse00_seed1,0,0.0,0.7070103611535334,10.178541852958222,7.196334551476348,10.178541852958222
2026-07-16_ttft_component_regression/phase1/input6000_rate5p0_reuse00_seed1,1,15.276011,0.9999419109081602,3.9136880938898546,3.913460751302736,3.9136880938898546
2026-07-16_ttft_component_regression/phase1/input6000_rate5p0_reuse00_seed1,0,0.0,0.15688406273375594,1.8724598894194824,0.29375911475812777,0.0
2026-07-16_ttft_component_regression/phase1/input6000_rate5p0_reuse00_seed1,1,5687.681998,0.9999928270822651,5931.861773003891,5931.819224247379,5931.861773003891
2026-07-16_ttft_component_regression/phase1/input6000_rate5p0_reuse00_seed1,1,6036.270872,0.999984809497991,4046.1065013489815,4046.045038960044,4046.1065013489815
2026-07-16_ttft_component_regression/phase1/input6000_rate5p0_reuse00_seed1,1,453.754899,0.9981018305688463,758.0052595084964,756.5664370962436,758.0052595084964
2026-07-16_ttft_component_regression/phase1/input6000_rate5p0_reuse00_seed1,1,252.281934,0.9988885042209831,255.1645755892868,254.8809612405647,255.1645755892868
2026-07-16_ttft_component_regression/phase1/input6000_rate5p0_reuse00_seed1,1,4195.074543,0.9999860038089105,1021.0699651110847,1021.0556740207372,1021.0699651110847
2026-07-16_ttft_component_regression/phase1/input6000_rate5p0_reuse00_seed1,1,1885.0636,0.9999869387656385,1747.3358676491869,1747.3130452859111,1747.3358676491869
2026-07-16_ttft_component_regression/phase1/input6000_rate5p0_reuse00_seed1,1,0.141271,0.999960589412264,5.206473609411155,5.206268419226176,5.206473609411155
2026-07-16_ttft_component_regression/phase1/input6000_rate5p0_reuse00_seed1,1,4310.217042,0.9999545548559796,967.8784788413675,967.8344934645023,967.8784788413675
2026-07-16_ttft_component_regression/phase1/input6000_rate5p0_reuse00_seed1,1,1133.057763,0.9993778298991087,950.5707283088586,949.9793116229224,950.5707283088586
2026-07-16_ttft_component_regression/phase1/input6000_rate5p0_reuse00_seed1,1,1778.752468,0.9994512558177809,1809.4862118014921,1808.4932667699604,1809.4862118014921
2026-07-16_ttft_component_regression/phase1/input6000_rate5p0_reuse00_seed1,0,0.0,4.2180941580565254e-13,0.357125649867085,1.5063896173964914e-13,0.0
2026-07-16_ttft_component_regression/phase1/input6000_rate5p0_reuse00_seed1,0,0.0,1.480845702274001e-07,0.478058829321526,7.07931362834922e-08,0.0
2026-07-16_ttft_component_regression/phase1/input6000_rate5p0_reuse00_seed1,0,0.0,8.240235980332731e-09,0.5468037058557486,4.505791571171814e-09,0.0
2026-07-16_ttft_component_regression/phase1/input6000_rate5p0_reuse00_seed1,0,0.0,1.2468881815353516e-09,0.5895113002927448,7.350546732165612e-10,0.0
2026-07-16_ttft_component_regression/phase1/input6000_rate5p0_reuse00_seed1,0,0.0,1.1061167082041885e-10,1.081732928211691,1.1965228657095933e-10,0.0
2026-07-16_ttft_component_regression/phase1/input6000_rate5p0_reuse00_seed1,0,0.0,3.0539874237290198e-06,1.5873727817244683,4.847816512156277e-06,0.0
2026-07-16_ttft_component_regression/phase1/input6000_rate5p0_reuse00_seed1,0,0.0,1.5580100933198265e-05,0.6353063168226919,9.898136539595974e-06,0.0
2026-07-16_ttft_component_regression/phase1/input6000_rate5p0_reuse00_seed1,0,0.0,9.716317021666991e-12,0.8171843068906075,7.940021790880352e-12,0.0
2026-07-16_ttft_component_regression/phase1/input6000_rate5p0_reuse00_seed1,0,0.0,0.00020794674347506686,0.30372946185318095,6.315955248980352e-05,0.0
2026-07-16_ttft_component_regression/phase1/input6000_rate5p0_reuse00_seed1,0,0.0,0.004389149480753149,0.9188922496688108,0.004033155440501954,0.0
2026-07-16_ttft_component_regression/phase1/input6000_rate5p0_reuse00_seed1,0,0.0,0.0034740761645483103,1.5688446011272474,0.0054502856346564715,0.0
2026-07-16_ttft_component_regression/phase1/input6000_rate5p0_reuse00_seed1,0,0.0,0.017216801963772576,1.6121388447256135,0.027755875227745995,0.0
2026-07-16_ttft_component_regression/phase1/input6000_rate5p0_reuse00_seed1,0,0.0,4.8078468311045416e-05,1.0431082502840083,5.0151046956269725e-05,0.0
2026-07-16_ttft_component_regression/phase1/input6000_rate5p0_reuse00_seed1,0,0.0,1.4072013169059425e-05,1.9552843729768192,2.7514787445785902e-05,0.0
2026-07-16_ttft_component_regression/phase1/input6000_rate5p0_reuse00_seed1,0,0.0,0.004814833567192694,1.7023387480722543,0.008196477746951076,0.0
2026-07-16_ttft_component_regression/phase1/input6000_rate5p0_reuse00_seed1,0,0.0,0.6934272051662337,1.5231321663115915,1.056181281184238,1.5231321663115915
2026-07-16_ttft_component_regression/phase1/input6000_rate5p0_reuse00_seed1,0,0.0,0.7800738978623831,3.5499820373306354,2.769248325201953,3.5499820373306354
2026-07-16_ttft_component_regression/phase1/input6000_rate5p0_reuse00_seed1,0,0.0,0.0003545666638584135,2.6529617001644534,0.000940651779371455,0.0
2026-07-16_ttft_component_regression/phase1/input6000_rate5p0_reuse00_seed1,1,839.131681,0.9998625831683806,1359.7570188434083,1359.5701653421067,1359.7570188434083
2026-07-16_ttft_component_regression/phase1/input6000_rate5p0_reuse00_seed1,0,0.0,1.2063393270997255e-06,1.8756085235756232,2.2626203242327267e-06,0.0
2026-07-16_ttft_component_regression/phase1/input6000_rate5p0_reuse00_seed1,1,860.455352,0.9999823787248939,1844.3979628550373,1844.3654622111287,1844.3979628550373
2026-07-16_ttft_component_regression/phase1/input6000_rate5p0_reuse00_seed1,0,0.0,0.7015958269003032,2.2323398624885753,1.5662003317451811,2.2323398624885753
2026-07-16_ttft_component_regression/phase1/input6000_rate5p0_reuse00_seed1,1,1378.467125,0.9990486702982176,955.8874924450388,954.9781282819135,955.8874924450388
2026-07-16_ttft_component_regression/phase1/input6000_rate5p0_reuse00_seed1,1,1348.679994,0.9980251837452863,858.8026100566427,857.1066327027123,858.8026100566427
2026-07-16_ttft_component_regression/phase1/input6000_rate5p0_reuse00_seed1,1,1213.793576,0.9995964001297127,946.0069471893677,945.6251389081912,946.0069471893677
2026-07-16_ttft_component_regression/phase1/input6000_rate5p0_reuse00_seed1,1,2111.797908,0.9990088248619058,1900.440226810978,1898.5565577067289,1900.440226810978
2026-07-16_ttft_component_regression/phase1/input6000_rate5p0_reuse00_seed1,1,3415.717448,0.9999713965266425,3636.32851685432,3636.224505228469,3636.32851685432
2026-07-16_ttft_component_regression/phase1/input6000_rate5p0_reuse00_seed1,1,1895.480239,0.9993249922337614,1030.0178118306778,1029.322541808328,1030.0178118306778
2026-07-16_ttft_component_regression/phase1/input6000_rate5p0_reuse00_seed1,1,2075.07674,0.9995958689739324,1962.1201373512865,1961.3271837269108,1962.1201373512865
2026-07-16_ttft_component_regression/phase1/input6000_rate5p0_reuse00_seed1,0,0.0,3.2886319633110113e-13,1.0231346147383198,3.364713196798336e-13,0.0
2026-07-16_ttft_component_regression/phase1/input6000_rate5p0_reuse00_seed1,0,0.0,9.743401374092444e-11,2.2232116765156897,2.166164370386134e-10,0.0
2026-07-16_ttft_component_regression/phase1/input6000_rate5p0_reuse00_seed1,0,0.0,5.4682403696955665e-12,1.5846367690409187,8.665174751773502e-12,0.0
2026-07-16_ttft_component_regression/phase1/input6000_rate5p0_reuse00_seed1,0,0.0,1.33567636782698e-09,2.4085068303295003,3.2169856550209796e-09,0.0
2026-07-16_ttft_component_regression/phase1/input6000_rate5p0_reuse00_seed1,0,0.0,7.906339855227654e-10,1.9807760737747047,1.56606888163663e-09,0.0
2026-07-16_ttft_component_regression/phase1/input6000_rate5p0_reuse00_seed1,0,0.0,1.632836880134325e-08,1.6083287706929676,2.6261385321685795e-08,0.0
2026-07-16_ttft_component_regression/phase1/input6000_rate5p0_reuse00_seed1,0,0.0,3.305019455385997e-07,1.4490795830519965,4.789236214389476e-07,0.0
2026-07-16_ttft_component_regression/phase1/input6000_rate5p0_reuse00_seed1,0,0.0,0.0010080962848219288,1.988440294122482,0.0020045392730950974,0.0
2026-07-16_ttft_component_regression/phase1/input6000_rate5p0_reuse00_seed1,0,0.0,0.00013457978916857948,2.141474253337001,0.00028819915352403474,0.0
2026-07-16_ttft_component_regression/phase1/input6000_rate5p0_reuse00_seed1,0,0.0,0.0009199290242704845,1.4613808569729636,0.0013443666658427029,0.0
2026-07-16_ttft_component_regression/phase1/input6000_rate5p0_reuse00_seed1,0,0.0,0.00011212870116582643,2.2051604274353926,0.00024726177459060924,0.0
2026-07-16_ttft_component_regression/phase1/input6000_rate5p0_reuse00_seed1,0,0.0,0.23995976910000752,1.5942657356505772,0.38255963781076613,0.0
2026-07-16_ttft_component_regression/phase1/input6000_rate5p0_reuse00_seed1,0,0.0,0.7157314615363279,1.9901490418267687,1.4244122823817957,1.9901490418267687
2026-07-16_ttft_component_regression/phase1/input6000_rate5p0_reuse00_seed1,0,0.0,0.00016083821717934366,2.5665324856426786,0.00041279650932363784,0.0
2026-07-16_ttft_component_regression/phase1/input6000_rate5p0_reuse00_seed1,0,0.0,0.9224924568216414,3.8725363429862587,3.572385565172488,3.8725363429862587
2026-07-16_ttft_component_regression/phase1/input6000_rate5p0_reuse00_seed1,0,0.0,0.038307358701733144,2.5080182759928933,0.09607555572896212,0.0
2026-07-16_ttft_component_regression/phase1/input6000_rate5p0_reuse00_seed1,0,0.0,0.21095462522099734,2.572669834059463,0.5427166006613795,0.0
2026-07-16_ttft_component_regression/phase1/input6000_rate5p0_reuse00_seed1,0,0.0,0.012035890132968177,1.5226727499070278,0.01832672192634552,0.0
2026-07-16_ttft_component_regression/phase1/input6000_rate5p0_reuse00_seed1,0,0.0,0.3851283985710277,1.4058318577693243,0.5414257720428327,0.0
2026-07-16_ttft_component_regression/phase1/input6000_rate5p0_reuse00_seed1,0,0.0,0.03484999877700764,2.102676023252732,0.073278256838801,0.0
2026-07-16_ttft_component_regression/phase1/input6000_rate5p0_reuse00_seed1,0,0.0,0.4315034259499386,2.7252530210620667,1.175956015168702,0.0
2026-07-16_ttft_component_regression/phase1/input6000_rate5p0_reuse00_seed1,0,0.0,8.335079720538693e-11,0.6820980694233278,5.6853417858689736e-11,0.0
2026-07-16_ttft_component_regression/phase1/input6000_rate5p0_reuse00_seed1,0,0.0,9.83880360882546e-12,0.813906479903505,8.007866011721032e-12,0.0
2026-07-16_ttft_component_regression/phase1/input6000_rate5p0_reuse00_seed1,0,0.0,6.776812322684411e-13,0.6231835626328461,4.223198046544644e-13,0.0
2026-07-16_ttft_component_regression/phase1/input6000_rate5p0_reuse00_seed1,0,0.0,7.455032929005485e-10,1.3171568729895815,9.819447860803224e-10,0.0
2026-07-16_ttft_component_regression/phase1/input6000_rate5p0_reuse00_seed1,0,0.0,1.5122815181079497e-08,1.1015538575902022,1.665859540034179e-08,0.0
2026-07-16_ttft_component_regression/phase1/input6000_rate5p0_reuse00_seed1,0,0.0,1.625872928922286e-05,0.09982876518328833,1.6230888683924812e-06,0.0
2026-07-16_ttft_component_regression/phase1/input6000_rate5p0_reuse00_seed1,0,0.0,1.9304339275530154e-07,1.393587046825542,2.690227716190439e-07,0.0
2026-07-16_ttft_component_regression/phase1/input6000_rate5p0_reuse00_seed1,0,0.0,2.222043940441143e-06,1.3013779730407904,2.8917190392188656e-06,0.0
2026-07-16_ttft_component_regression/phase1/input6000_rate5p0_reuse00_seed1,0,0.0,0.010126667390043462,0.5993849885646214,0.0060697724177789245,0.0
2026-07-16_ttft_component_regression/phase1/input6000_rate5p0_reuse00_seed1,0,0.0,8.170847185111242e-05,0.19525427809336607,1.5953928685401076e-05,0.0
2026-07-16_ttft_component_regression/phase1/input6000_rate5p0_reuse00_seed1,0,0.0,0.5445469077927433,2.7117863903149155,1.4766948934404325,2.7117863903149155
2026-07-16_ttft_component_regression/phase1/input6000_rate5p0_reuse00_seed1,0,0.0,0.0014166596261883954,0.18207297458576918,0.00025793543211568497,0.0
2026-07-16_ttft_component_regression/phase1/input6000_rate5p0_reuse00_seed1,0,0.0,0.0011761642821628232,0.7513302241187602,0.0008836877737178747,0.0
2026-07-16_ttft_component_regression/phase1/input6000_rate5p0_reuse00_seed1,1,3004.850525,0.9838679472012929,2589.2333787905513,2547.463729215727,2589.2333787905513
2026-07-16_ttft_component_regression/phase1/input6000_rate5p0_reuse00_seed1,1,523.074082,0.9863726914647902,603.1097774171591,594.8910143996937,603.1097774171591
2026-07-16_ttft_component_regression/phase1/input6000_rate5p0_reuse00_seed1,1,6366.08256,0.9866019972109694,5004.572113134291,4937.520842004613,5004.572113134291
2026-07-16_ttft_component_regression/phase1/input6000_rate5p0_reuse00_seed1,0,0.0,0.9410941594939354,3.71144287802301,3.4928172158028175,3.71144287802301
2026-07-16_ttft_component_regression/phase1/input6000_rate5p0_reuse00_seed1,1,307.78751,0.9999700144896252,276.64198954181165,276.63369429056416,276.64198954181165
2026-07-16_ttft_component_regression/phase1/input6000_rate5p0_reuse00_seed1,0,0.0,0.4314700918018099,2.798177079320588,1.2073297212921743,0.0
2026-07-16_ttft_component_regression/phase1/input6000_rate5p0_reuse00_seed1,1,1564.215772,0.9991810755804539,1066.4547761877966,1065.5814303292348,1066.4547761877966
2026-07-16_ttft_component_regression/phase1/input6000_rate5p0_reuse00_seed1,1,1.884994,0.9999539957856164,3.4447022184538487,3.444543747634503,3.4447022184538487
2026-07-16_ttft_component_regression/phase1/input6000_rate5p0_reuse00_seed1,0,0.0,0.9812232919172678,3.6634794924474092,3.594691407450648,3.6634794924474092
2026-07-16_ttft_component_regression/phase1/input6000_rate5p0_reuse00_seed1,1,1856.254445,0.999628782402788,2346.8074396193115,2345.9362634004565,2346.8074396193115
2026-07-16_ttft_component_regression/phase1/input6000_rate5p0_reuse00_seed1,1,2258.89296,0.9996196501684259,2324.830324764099,2323.9460759416365,2324.830324764099
2026-07-16_ttft_component_regression/phase1/input6000_rate5p0_reuse00_seed1,1,3978.344716,0.9999752267412418,4746.087531994467,4745.969955939948,4746.087531994467
2026-07-16_ttft_component_regression/phase1/input6000_rate5p0_reuse00_seed1,1,1619.783963,0.9990594153842195,1125.4278295298018,1124.369269427175,1125.4278295298018
2026-07-16_ttft_component_regression/phase1/input6000_rate5p0_reuse00_seed1,1,4272.589584,0.9995297746932811,3010.754833328748,3009.3391002137905,3010.754833328748
2026-07-16_ttft_component_regression/phase1/input6000_rate5p0_reuse00_seed1,1,3150.073709,0.9991394479899978,2949.193272594781,2946.6553383961646,2949.193272594781
2026-07-16_ttft_component_regression/phase1/input6000_rate5p0_reuse00_seed1,1,2380.064413,0.9994773877720682,2045.8122067630204,2044.743040287714,2045.8122067630204
2026-07-16_ttft_component_regression/phase1/input6000_rate5p0_reuse00_seed1,1,4946.328376,0.9996099213294358,4064.3197212036384,4062.7343167700437,4064.3197212036384
2026-07-16_ttft_component_regression/phase1/input6000_rate5p0_reuse00_seed1,0,0.0,1.1484991273629797e-12,0.5149708343528542,5.914435538716385e-13,0.0
2026-07-16_ttft_component_regression/phase1/input6000_rate5p0_reuse00_seed1,0,0.0,1.478995465434207e-11,0.8575527690605745,1.2683166568111376e-11,0.0
2026-07-16_ttft_component_regression/phase1/input6000_rate5p0_reuse00_seed1,0,0.0,2.5756153136432585e-09,0.7525230119489779,1.9382097934447363e-09,0.0
2026-07-16_ttft_component_regression/phase1/input6000_rate5p0_reuse00_seed1,0,0.0,0.05554099208828467,1.1430090074384713,0.06348385423897825,0.0
2026-07-16_ttft_component_regression/phase1/input6000_rate5p0_reuse00_seed1,0,0.0,4.688103926274929e-07,0.9698639510631899,4.546822996931856e-07,0.0
2026-07-16_ttft_component_regression/phase1/input6000_rate5p0_reuse00_seed1,0,0.0,0.05761402306513221,1.6185752890972431,0.0932526340387016,0.0
2026-07-16_ttft_component_regression/phase1/input6000_rate5p0_reuse00_seed1,0,0.0,3.0855224491941694e-08,1.298353743108272,4.006099621355852e-08,0.0
2026-07-16_ttft_component_regression/phase1/input6000_rate5p0_reuse00_seed1,0,0.0,0.04268510839717792,0.3162622995544263,0.013499690538421441,0.0
2026-07-16_ttft_component_regression/phase1/input6000_rate5p0_reuse00_seed1,0,0.0,2.199094725690002e-10,1.510056835536468,3.3207580225203816e-10,0.0
2026-07-16_ttft_component_regression/phase1/input6000_rate5p0_reuse00_seed1,0,0.0,0.0009236105424762373,0.13684754911397115,0.00012639383907369842,0.0
2026-07-16_ttft_component_regression/phase1/input6000_rate5p0_reuse00_seed1,0,0.0,3.4082589608428585e-05,1.5289599203495994,5.211091349301105e-05,0.0
2026-07-16_ttft_component_regression/phase1/input6000_rate5p0_reuse00_seed1,0,0.0,6.0080004949342986e-05,0.4808052422513572,2.888678133413159e-05,0.0
2026-07-16_ttft_component_regression/phase1/input6000_rate5p0_reuse00_seed1,1,2056.808013,0.9851085112599163,1608.7878610850867,1584.8306147665546,1608.7878610850867
2026-07-16_ttft_component_regression/phase1/input6000_rate5p0_reuse00_seed1,1,3766.41739,0.9951044442956842,2331.57746773415,2320.16310036193,2331.57746773415
2026-07-16_ttft_component_regression/phase1/input6000_rate5p0_reuse00_seed1,1,2790.398262,0.9930251215613491,1697.412854165798,1685.5736058477883,1697.412854165798
2026-07-16_ttft_component_regression/phase1/input6000_rate5p0_reuse00_seed1,1,5588.890788,0.9901834145790119,3479.9903540591076,3445.828731484272,3479.9903540591076
2026-07-16_ttft_component_regression/phase1/input6000_rate5p0_reuse00_seed1,1,5473.91128,0.9914858672734531,3504.79615156371,3474.9558519498055,3504.79615156371
2026-07-16_ttft_component_regression/phase1/input6000_rate5p0_reuse00_seed1,1,2298.801723,0.9921698075175984,1638.2043793560174,1625.3769237401466,1638.2043793560174
2026-07-16_ttft_component_regression/phase1/input6000_rate5p0_reuse00_seed1,1,1612.001424,0.999881699343592,1915.641292334027,1915.4146707117015,1915.641292334027
2026-07-16_ttft_component_regression/phase1/input6000_rate5p0_reuse00_seed1,1,7609.41782,0.9938619806930508,6062.936192148744,6025.721772744534,6062.936192148744
2026-07-16_ttft_component_regression/phase1/input6000_rate5p0_reuse00_seed1,1,10557.781793,0.9997495360858011,3010.671361975773,3009.917297442086,3010.671361975773
2026-07-16_ttft_component_regression/phase1/input6000_rate5p0_reuse00_seed1,1,8277.800027,0.9988642223005411,7144.08823616467,7135.974140063067,7144.08823616467
2026-07-16_ttft_component_regression/phase1/input6000_rate5p0_reuse00_seed1,1,5529.186026,0.9999925516387353,4255.742216256122,4255.710517950646,4255.742216256122
2026-07-16_ttft_component_regression/phase1/input6000_rate5p0_reuse00_seed1,1,7120.457865,0.9998135548002938,5754.802198981137,5753.729243735878,5754.802198981137
2026-07-16_ttft_component_regression/phase1/input6000_rate5p0_reuse00_seed1,1,12745.413048,0.9997949046211763,11294.580818246255,11292.264351914682,11294.580818246255
2026-07-16_ttft_component_regression/phase1/input6000_rate5p0_reuse00_seed1,1,8631.384247,0.9997944581962092,7860.175406854603,7858.559812223366,7860.175406854603
2026-07-16_ttft_component_regression/phase1/input6000_rate5p0_reuse00_seed1,1,12640.504136,0.9993528761044097,11527.9803622094,11520.520330649118,11527.9803622094
2026-07-16_ttft_component_regression/phase1/input6000_rate5p0_reuse00_seed1,1,10571.073198,0.9998438391900695,9829.95358739268,9828.418533878894,9829.95358739268
2026-07-16_ttft_component_regression/phase1/input6000_rate5p0_reuse00_seed1,1,9606.708266,0.9997952257036568,9826.467721895682,9824.45551388239,9826.467721895682
2026-07-16_ttft_component_regression/phase1/input6000_rate5p0_reuse00_seed1,1,11901.037215,0.999831949126518,11110.497804458742,11108.630675597882,11110.497804458742
2026-07-16_ttft_component_regression/phase1/input6000_rate5p0_reuse00_seed1,1,12275.851704,0.9997879370351727,13016.651769156944,13013.891419390651,13016.651769156944
2026-07-16_ttft_component_regression/phase1/input6000_rate5p0_reuse00_seed1,0,0.0,2.356683544526771e-13,0.4391769092567134,1.0350009951814234e-13,0.0
2026-07-16_ttft_component_regression/phase1/input6000_rate5p0_reuse00_seed1,0,0.0,6.131604620726072e-12,1.734127734453881,1.0632985629506651e-11,0.0
2026-07-16_ttft_component_regression/phase1/input6000_rate5p0_reuse00_seed1,0,0.0,1.46783318833506e-08,1.8579760183575993,2.727198862875915e-08,0.0
2026-07-16_ttft_component_regression/phase1/input6000_rate5p0_reuse00_seed1,0,0.0,9.689626736289275e-11,1.6934440157807928,1.6408840411718648e-10,0.0
2026-07-16_ttft_component_regression/phase1/input6000_rate5p0_reuse00_seed1,0,0.0,1.96213091676013e-08,0.28600126162401335,5.611719176648791e-09,0.0
2026-07-16_ttft_component_regression/phase1/input6000_rate5p0_reuse00_seed1,1,0.011832,0.9991609825543241,0.11033953607424425,0.11024695927853018,0.11033953607424425
2026-07-16_ttft_component_regression/phase1/input6000_rate5p0_reuse00_seed1,1,1.186121,0.9936708251958339,1.5118102616544515,1.5022417502377086,1.5118102616544515
2026-07-16_ttft_component_regression/phase1/input6000_rate5p0_reuse00_seed1,0,0.0,3.686388676575233e-07,0.6300138350335606,2.3224758675534545e-07,0.0
2026-07-16_ttft_component_regression/phase1/input6000_rate5p0_reuse00_seed1,1,0.028245,0.9987534866598146,0.37228953911570645,0.37182547523878723,0.37228953911570645
2026-07-16_ttft_component_regression/phase1/input6000_rate5p0_reuse00_seed1,1,2.098021,0.9953837928017018,1.7167889948187067,1.7088639411028654,1.7167889948187067
2026-07-16_ttft_component_regression/phase1/input6000_rate5p0_reuse00_seed1,0,0.0,1.4089042532719843e-09,1.9016830730305923,2.679289369968139e-09,0.0
2026-07-16_ttft_component_regression/phase1/input6000_rate5p0_reuse00_seed1,1,3.455846,0.9978729911877285,6.737739575218164,6.723408343766885,6.737739575218164
2026-07-16_ttft_component_regression/phase1/input6000_rate5p0_reuse00_seed1,1,10782.170751,0.9998620033158031,6700.61036159773,6699.685699585734,6700.61036159773
2026-07-16_ttft_component_regression/phase1/input6000_rate5p0_reuse00_seed1,1,11384.03641,0.9996764902097686,4259.520089048999,4258.142092598504,4259.520089048999
2026-07-16_ttft_component_regression/phase1/input6000_rate5p0_reuse00_seed1,1,9939.587845,0.9996697044153414,7247.752117692005,7245.358217168832,7247.752117692005
2026-07-16_ttft_component_regression/phase1/input6000_rate5p0_reuse00_seed1,1,8934.232695,0.9995481819625518,3897.496826536066,3895.73586716894,3897.496826536066
2026-07-16_ttft_component_regression/phase1/input6000_rate5p0_reuse00_seed1,1,3330.625285,0.9707997364813913,2422.023030667408,2351.2993199237803,2422.023030667408
2026-07-16_ttft_component_regression/phase1/input6000_rate5p0_reuse00_seed1,1,2357.922026,0.9976675020643238,1959.7638583387743,1955.1927131847863,1959.7638583387743
2026-07-16_ttft_component_regression/phase1/input6000_rate5p0_reuse00_seed1,1,11960.758064,0.9999136208724485,6419.359328388798,6418.804829730572,6419.359328388798
2026-07-16_ttft_component_regression/phase1/input6000_rate5p0_reuse00_seed1,1,11446.231998,0.9996836064949541,8672.471010034098,8669.727096533825,8672.471010034098
2026-07-16_ttft_component_regression/phase1/input6000_rate5p0_reuse00_seed1,1,13395.971925,0.9999200376301333,4270.653156168602,4270.311664621357,4270.653156168602
2026-07-16_ttft_component_regression/phase1/input6000_rate5p0_reuse00_seed1,1,14890.665013,0.9999768047234437,6457.442199058251,6457.292416900598,6457.442199058251
2026-07-16_ttft_component_regression/phase1/input6000_rate5p0_reuse00_seed1,1,13994.758035,0.9999708787406761,6481.953013142061,6481.76425050744,6481.953013142061
2026-07-16_ttft_component_regression/phase1/input6000_rate5p0_reuse00_seed1,1,19368.305772,0.9998760335580961,3498.7924770884697,3498.358744234125,3498.7924770884697
2026-07-16_ttft_component_regression/phase1/input6000_rate5p0_reuse00_seed1,1,19403.869582,0.9999446561102826,3804.8402859184707,3804.6297112572947,3804.8402859184707
2026-07-16_ttft_component_regression/phase1/input6000_rate5p0_reuse00_seed1,1,20492.071009,0.9999887749613675,5336.108030142243,5336.048132123457,5336.108030142243
2026-07-16_ttft_component_regression/phase1/input6000_rate5p0_reuse00_seed1,1,26245.449335,0.9998484124732954,10861.386747573515,10859.740296819868,10861.386747573515
2026-07-16_ttft_component_regression/phase1/input6000_rate5p0_reuse00_seed1,1,25891.371977,0.9998384462080974,9022.42837812837,9020.970770611713,9022.42837812837
2026-07-16_ttft_component_regression/phase1/input6000_rate5p0_reuse00_seed1,1,19698.650358,0.9999484542439044,14032.88910756615,14032.165771686896,14032.88910756615
2026-07-16_ttft_component_regression/phase1/input6000_rate5p0_reuse00_seed1,1,11387.106166,0.9991695987042611,11801.517777210993,11791.717781557112,11801.517777210993
2026-07-16_ttft_component_regression/phase1/input6000_rate5p0_reuse00_seed1,1,20674.398053,0.9999923803264973,13782.634236956763,13782.52921778387,13782.634236956763
2026-07-16_ttft_component_regression/phase1/input6000_rate5p0_reuse00_seed1,1,8908.690148,0.9992815480987426,9149.383437462033,9142.810045536055,9149.383437462033
2026-07-16_ttft_component_regression/phase1/input6000_rate5p0_reuse00_seed1,1,20310.070663,0.9999924151821834,12305.144437556457,12305.051105277691,12305.144437556457
2026-07-16_ttft_component_regression/phase1/input6000_rate5p0_reuse00_seed1,1,21510.29736,0.9999962639284844,13442.400948104972,13442.350726333689,13442.400948104972
2026-07-16_ttft_component_regression/phase1/input6000_rate5p0_reuse00_seed1,1,22455.994245,0.9999799383736838,11587.42570205309,11587.193239448688,11587.42570205309
2026-07-16_ttft_component_regression/phase1/input6000_rate5p0_reuse00_seed1,1,30161.964518,0.9999838403341356,12724.491886749682,12724.286263212498,12724.491886749682
2026-07-16_ttft_component_regression/phase1/input6000_rate5p0_reuse00_seed1,1,30590.552471,0.9999959904471479,11095.586208448478,11095.541720109151,11095.586208448478
2026-07-16_ttft_component_regression/phase1/input6000_rate5p0_reuse00_seed1,1,27070.032578,0.9999958500319758,10997.51675587967,10997.471116536786,10997.51675587967
2026-07-16_ttft_component_regression/phase1/input6000_rate5p0_reuse00_seed1,1,26210.160392,0.9999867367517291,11022.584599182874,11022.438403906748,11022.584599182874
2026-07-16_ttft_component_regression/phase1/input6000_rate5p0_reuse00_seed1,1,33177.717309,0.9999896056148986,10803.81737913375,10803.705080095346,10803.81737913375
2026-07-16_ttft_component_regression/phase1/input6000_rate5p0_reuse00_seed1,0,0.0,4.1756546323787036e-13,0.31028626123066266,1.2956482640712852e-13,0.0
2026-07-16_ttft_component_regression/phase1/input6000_rate5p0_reuse00_seed1,0,0.0,9.285458426294428e-12,0.6199395129807894,5.756422574600335e-12,0.0
2026-07-16_ttft_component_regression/phase1/input6000_rate5p0_reuse00_seed1,0,0.0,8.310684464882601e-11,1.0540648838937359,8.760000655553953e-11,0.0
2026-07-16_ttft_component_regression/phase1/input6000_rate5p0_reuse00_seed1,0,0.0,1.5677003619017755e-09,1.0613186585905539,1.6638296451655182e-09,0.0
2026-07-16_ttft_component_regression/phase1/input6000_rate5p0_reuse00_seed1,0,0.0,1.6550130679243398e-08,1.6198576192338427,2.680885528008819e-08,0.0
2026-07-16_ttft_component_regression/phase1/input6000_rate5p0_reuse00_seed1,0,0.0,1.0967843393321227e-07,0.9506172327911913,1.0426220936246174e-07,0.0
2026-07-16_ttft_component_regression/phase1/input6000_rate5p0_reuse00_seed1,0,0.0,2.5475069545032692e-05,0.4019464692657687,1.0239614257925804e-05,0.0
2026-07-16_ttft_component_regression/phase1/input6000_rate5p0_reuse00_seed1,0,0.0,0.0002610663269854306,0.5327633746804534,0.00013908657738018873,0.0
2026-07-16_ttft_component_regression/phase1/input6000_rate5p0_reuse00_seed1,0,0.0,2.4553025310476947e-06,1.3676716844387184,3.3580477484446494e-06,0.0
2026-07-16_ttft_component_regression/phase1/input6000_rate5p0_reuse00_seed1,0,0.0,0.002690320030736124,0.5878547322238583,0.0015815173612648665,0.0
2026-07-16_ttft_component_regression/phase1/input6000_rate5p0_reuse00_seed1,1,2961.689271,0.9083363346634354,2452.147584921812,2227.374749341674,2452.147584921812
2026-07-16_ttft_component_regression/phase1/input6000_rate5p0_reuse00_seed1,0,0.0,0.006333229140904133,0.6200408063647332,0.003926860503418826,0.0
2026-07-16_ttft_component_regression/phase1/input6000_rate5p0_reuse00_seed1,1,996.966363,0.9758241198343703,822.9414921720082,803.0461572739333,822.9414921720082
2026-07-16_ttft_component_regression/phase1/input6000_rate5p0_reuse00_seed1,0,0.0,0.022700916493162422,1.101091570802819,0.024995787800119833,0.0
2026-07-16_ttft_component_regression/phase1/input6000_rate5p0_reuse00_seed1,0,0.0,0.09710573864908163,4.895905340253445,0.47542050442129413,0.0
2026-07-16_ttft_component_regression/phase1/input6000_rate5p0_reuse00_seed1,0,0.0,0.033475885821288874,1.6447614370126318,0.05505984606869387,0.0
2026-07-16_ttft_component_regression/phase1/input6000_rate5p0_reuse00_seed1,0,0.0,0.9516452279261328,9.898435921132227,9.4197993082781,9.898435921132227
2026-07-16_ttft_component_regression/phase1/input6000_rate5p0_reuse00_seed1,0,0.0,0.6352979523870417,2.5801833919519863,1.6391852256901487,2.5801833919519863
2026-07-16_ttft_component_regression/phase1/input6000_rate5p0_reuse00_seed1,0,0.0,0.9881648992340182,3.7616586377159087,3.717139028691315,3.7616586377159087
2026-07-16_ttft_component_regression/phase1/input6000_rate5p0_reuse00_seed1,0,0.0,0.03629937783537705,2.5558334845359596,0.09277516533947912,0.0
2026-07-16_ttft_component_regression/phase1/input6000_rate5p0_reuse00_seed1,0,0.0,0.8555762716972616,1.6971398593461728,1.4520325934082134,1.6971398593461728
2026-07-16_ttft_component_regression/phase1/input6000_rate5p0_reuse00_seed1,0,0.0,0.9907610687771926,4.548765646711368,4.5067399137527335,4.548765646711368
2026-07-16_ttft_component_regression/phase1/input6000_rate5p0_reuse00_seed1,1,1.912365,0.9999830933134359,2.9651872484011492,2.965137116909737,2.9651872484011492
2026-07-16_ttft_component_regression/phase1/input6000_rate5p0_reuse00_seed1,0,0.0,0.9833929511234426,5.0097880036087306,4.92659020937161,5.0097880036087306
2026-07-16_ttft_component_regression/phase1/input6000_rate5p0_reuse00_seed1,0,0.0,0.8465203389560729,2.6228364716166817,2.2202844189793036,2.6228364716166817
2026-07-16_ttft_component_regression/phase1/input6000_rate5p0_reuse00_seed1,0,0.0,0.9848334009852815,9.245209689739838,9.104991301568564,9.245209689739838
2026-07-16_ttft_component_regression/phase1/input6000_rate5p0_reuse00_seed1,1,4129.675686,0.9995640611675595,3108.2977615518184,3106.94273385477,3108.2977615518184
2026-07-16_ttft_component_regression/phase1/input6000_rate5p0_reuse00_seed1,1,8302.723595,0.9995702228083008,7350.692125382644,7347.532965563952,7350.692125382644
2026-07-16_ttft_component_regression/phase1/input6000_rate5p0_reuse00_seed1,1,6803.767349,0.9995362427303949,5719.056978130959,5716.404723882065,5719.056978130959
2026-07-16_ttft_component_regression/phase1/input6000_rate5p0_reuse00_seed1,1,7499.223384,0.9995762416272982,7033.750728611629,7030.770117848882,7033.750728611629
2026-07-16_ttft_component_regression/phase1/input6000_rate5p0_reuse00_seed1,1,7261.084856,0.9995388075580027,7326.700019710364,7323.321001036493,7326.700019710364
2026-07-16_ttft_component_regression/phase1/input6000_rate5p0_reuse00_seed1,0,0.0,4.4366852865314884e-13,0.2437855099271918,1.081599584963548e-13,0.0
2026-07-16_ttft_component_regression/phase1/input6000_rate5p0_reuse00_seed1,0,0.0,4.921677485919961e-12,0.44061194024570594,2.168549866334802e-12,0.0
2026-07-16_ttft_component_regression/phase1/input6000_rate5p0_reuse00_seed1,0,0.0,8.233369096520561e-11,1.711968523175654,1.4095268732930375e-10,0.0
2026-07-16_ttft_component_regression/phase1/input6000_rate5p0_reuse00_seed1,0,0.0,7.32394009358817e-10,1.672116771885808,1.2246483066775693e-09,0.0
2026-07-16_ttft_component_regression/phase1/input6000_rate5p0_reuse00_seed1,0,0.0,1.0840220144476374e-08,0.6951878576792988,7.535989419010508e-09,0.0
2026-07-16_ttft_component_regression/phase1/input6000_rate5p0_reuse00_seed1,0,0.0,0.0007222693010085425,0.022357848441654254,1.614838756600855e-05,0.0
2026-07-16_ttft_component_regression/phase1/input6000_rate5p0_reuse00_seed1,0,0.0,1.1528428030482965e-07,1.1221938151800077,1.293713063455582e-07,0.0
2026-07-16_ttft_component_regression/phase1/input6000_rate5p0_reuse00_seed1,0,0.0,1.9137359706501082e-08,1.790154507320674,3.425883073680996e-08,0.0
2026-07-16_ttft_component_regression/phase1/input6000_rate5p0_reuse00_seed1,0,0.0,4.510083182433877e-05,0.260964929717249,1.1769735407228034e-05,0.0
2026-07-16_ttft_component_regression/phase1/input6000_rate5p0_reuse00_seed1,0,0.0,2.3536259284637237e-06,1.4797870454113242,3.4828651586848183e-06,0.0
2026-07-16_ttft_component_regression/phase1/input6000_rate5p0_reuse00_seed1,0,0.0,0.007761331004238718,0.9333427363190413,0.007243981916973978,0.0
2026-07-16_ttft_component_regression/phase1/input6000_rate5p0_reuse00_seed1,0,0.0,0.3324238549255269,3.1073689759020406,1.032963573645343,0.0
2026-07-16_ttft_component_regression/phase1/input6000_rate5p0_reuse00_seed1,0,0.0,0.5672256912333886,3.4454247949740613,1.9543334609218181,3.4454247949740613
2026-07-16_ttft_component_regression/phase1/input6000_rate5p0_reuse00_seed1,0,0.0,0.10295673627192468,1.2268026678340371,0.1263075987298826,0.0
2026-07-16_ttft_component_regression/phase1/input6000_rate5p0_reuse00_seed1,1,4.315331,0.9991706674913674,5.28663141691237,5.2822470416171665,5.28663141691237
2026-07-16_ttft_component_regression/phase1/input6000_rate5p0_reuse00_seed1,0,0.0,0.613425822086937,8.029163503367403,4.92529622272358,8.029163503367403
2026-07-16_ttft_component_regression/phase1/input6000_rate5p0_reuse00_seed1,0,0.0,0.22476700706010316,2.436609891271308,0.5476695126340954,0.0
2026-07-16_ttft_component_regression/phase1/input6000_rate5p0_reuse00_seed1,1,6155.521174,0.9986888432778119,5475.261382975469,5468.082457207444,5475.261382975469
2026-07-16_ttft_component_regression/phase1/input6000_rate5p0_reuse00_seed1,1,5438.546886,0.998305797676027,4667.636132234681,4659.728212251989,4667.636132234681
2026-07-16_ttft_component_regression/phase1/input6000_rate5p0_reuse00_seed1,1,15.712066,0.9999068053215733,148.95538529679868,148.94150344756602,148.95538529679868
2026-07-16_ttft_component_regression/phase1/input6000_rate5p0_reuse00_seed1,1,2846.876514,0.999991425582421,1389.04364275931,1389.0317325190815,1389.04364275931
2026-07-16_ttft_component_regression/phase1/input6000_rate5p0_reuse00_seed1,1,3248.349572,0.9983282319404247,2373.937735116883,2369.969061835894,2373.937735116883
2026-07-16_ttft_component_regression/phase1/input6000_rate5p0_reuse00_seed1,1,5068.668498,0.9998936629823107,6552.72035474069,6552.023558000415,6552.72035474069
2026-07-16_ttft_component_regression/phase1/input6000_rate5p0_reuse00_seed1,1,317.661445,0.9999932542902934,2243.3905957060642,2243.3754624443472,2243.3905957060642
2026-07-16_ttft_component_regression/phase1/input6000_rate5p0_reuse00_seed1,1,3279.986037,0.999564341049804,4025.305023304872,4023.5513631442004,4025.305023304872
2026-07-16_ttft_component_regression/phase1/input6000_rate5p0_reuse00_seed1,1,7152.558172,0.9999487850386135,7389.359896822279,7388.981451040492,7389.359896822279
2026-07-16_ttft_component_regression/phase1/input6000_rate5p0_reuse00_seed1,1,7672.469071,0.9999861359828336,4940.71398819459,4940.6454900510425,4940.71398819459
2026-07-16_ttft_component_regression/phase1/input6000_rate5p0_reuse00_seed1,1,5472.069818,0.9992964771312102,4678.950608442685,4675.658859687707,4678.950608442685
2026-07-16_ttft_component_regression/phase1/input6000_rate5p0_reuse00_seed1,1,6236.382717,0.999350622262357,5252.038241481185,5248.627684769917,5252.038241481185
2026-07-16_ttft_component_regression/phase1/input6000_rate5p0_reuse00_seed1,1,8166.559564,0.9999475060343977,3873.4031433441514,3873.199813052781,3873.4031433441514
2026-07-16_ttft_component_regression/phase1/input6000_rate5p0_reuse00_seed1,1,7657.930546,0.9997069980702542,6749.87912830131,6747.901400691167,6749.87912830131
2026-07-16_ttft_component_regression/phase1/input6000_rate5p0_reuse00_seed1,0,0.0,8.752077417782974e-11,0.3228371629923043,2.8254958438460676e-11,0.0
2026-07-16_ttft_component_regression/phase1/input6000_rate5p0_reuse00_seed1,0,0.0,6.341551629578761e-13,0.8100054929071184,5.136691653512884e-13,0.0
2026-07-16_ttft_component_regression/phase1/input6000_rate5p0_reuse00_seed1,0,0.0,1.0200576352471521e-11,0.9574683905979672,9.76672942337259e-12,0.0
2026-07-16_ttft_component_regression/phase1/input6000_rate5p0_reuse00_seed1,0,0.0,1.205173117163002e-09,0.8492753875902417,1.0235238661919484e-09,0.0
2026-07-16_ttft_component_regression/phase1/input6000_rate5p0_reuse00_seed1,0,0.0,1.804039971310153e-07,0.8001765514983687,1.4435504830081744e-07,0.0
2026-07-16_ttft_component_regression/phase1/input6000_rate5p0_reuse00_seed1,0,0.0,1.7828666150093896e-06,1.0515609237348487,1.8747928645752965e-06,0.0
2026-07-16_ttft_component_regression/phase1/input6000_rate5p0_reuse00_seed1,0,0.0,1.3384142296238421e-08,1.7484530420407658,2.3401544312964546e-08,0.0
2026-07-16_ttft_component_regression/phase1/input6000_rate5p0_reuse00_seed1,0,0.0,0.02475912761113059,0.9789321415788298,0.024237505815987603,0.0
2026-07-16_ttft_component_regression/phase1/input6000_rate5p0_reuse00_seed1,0,0.0,1.473150498994461e-08,1.4292486540408393,2.1054983678874243e-08,0.0
2026-07-16_ttft_component_regression/phase1/input6000_rate5p0_reuse00_seed1,0,0.0,5.086470749552871e-06,1.6183347589185113,8.231612414223704e-06,0.0
2026-07-16_ttft_component_regression/phase1/input6000_rate5p0_reuse00_seed1,1,10.359755,0.9998786358971226,1.417967747461025,1.4177956570774453,1.417967747461025
2026-07-16_ttft_component_regression/phase1/input6000_rate5p0_reuse00_seed1,1,1.767782,0.9998140724384037,3.2679568334864544,3.267349230241002,3.2679568334864544
2026-07-16_ttft_component_regression/phase1/input6000_rate5p0_reuse00_seed1,0,0.0,0.0006879348609961492,1.8672660359837803,0.0012845574009073325,0.0
2026-07-16_ttft_component_regression/phase1/input6000_rate5p0_reuse00_seed1,1,0.616591,0.999490216022017,2.9828135302304064,2.9812929396833843,2.9828135302304064
2026-07-16_ttft_component_regression/phase1/input6000_rate5p0_reuse00_seed1,1,3.393753,0.9997007540395643,2.3253855738160123,2.3246897115765925,2.3253855738160123
2026-07-16_ttft_component_regression/phase1/input6000_rate5p0_reuse00_seed1,1,1741.248513,0.9821858366994596,847.4475243049261,832.3509557183195,847.4475243049261
2026-07-16_ttft_component_regression/phase1/input6000_rate5p0_reuse00_seed1,1,10469.059143,0.9993971783932946,3273.1178118340026,3271.144705695737,3273.1178118340026
2026-07-16_ttft_component_regression/phase1/input6000_rate5p0_reuse00_seed1,1,4809.615087,0.999496765293639,3103.688001475897,3102.1261179558383,3103.688001475897
2026-07-16_ttft_component_regression/phase1/input6000_rate5p0_reuse00_seed1,1,3548.054665,0.9999814408704898,3367.2082823077985,3367.1457898531994,3367.2082823077985
2026-07-16_ttft_component_regression/phase1/input6000_rate5p0_reuse00_seed1,1,9831.403586,0.9998762116903359,6996.091602927848,6995.2255685740665,6996.091602927848
2026-07-16_ttft_component_regression/phase1/input6000_rate5p0_reuse00_seed1,1,10260.906766,0.9995875860660252,8660.781902653129,8657.210075517358,8660.781902653129
2026-07-16_ttft_component_regression/phase1/input6000_rate5p0_reuse00_seed1,1,16660.82085,0.9997190479688622,3105.1783488112465,3104.3059426471027,3105.1783488112465
2026-07-16_ttft_component_regression/phase1/input6000_rate5p0_reuse00_seed1,1,3294.251655,0.999968582900041,3048.5440285810973,3048.448252168622,3048.5440285810973
2026-07-16_ttft_component_regression/phase1/input6000_rate5p0_reuse00_seed1,1,121.771079,0.9998956597722912,398.46115835471886,398.419582826723,398.46115835471886
2026-07-16_ttft_component_regression/phase1/input6000_rate5p0_reuse00_seed1,1,15118.230402,0.9999596865787517,5853.483369964114,5853.247396023251,5853.483369964114
2026-07-16_ttft_component_regression/phase1/input6000_rate5p0_reuse00_seed1,1,15318.355889,0.9999787973163987,3333.4524530606304,3333.3817749229684,3333.4524530606304
2026-07-16_ttft_component_regression/phase1/input6000_rate5p0_reuse00_seed1,1,20908.192838,0.9999651697176108,9526.298406317368,9525.966602653752,9526.298406317368
2026-07-16_ttft_component_regression/phase1/input6000_rate5p0_reuse00_seed1,1,18355.29709,0.9999777094096217,3640.855084440232,3640.773927630918,3640.855084440232
2026-07-16_ttft_component_regression/phase1/input6000_rate5p0_reuse00_seed1,1,13977.775039,0.9996834086998105,11428.97203798014,11425.353724862807,11428.97203798014
2026-07-16_ttft_component_regression/phase1/input6000_rate5p0_reuse00_seed1,1,20506.800964,0.9999264537346911,448.87951041285334,448.8464970012888,448.87951041285334
2026-07-16_ttft_component_regression/phase1/input6000_rate5p0_reuse00_seed1,1,26657.459084,0.9999727805956736,12978.876100653595,12978.522823377309,12978.876100653595
2026-07-16_ttft_component_regression/phase1/input6000_rate5p0_reuse00_seed1,0,0.0,2.8299308180993276e-13,0.24392753962755684,6.902980617751681e-14,0.0
2026-07-16_ttft_component_regression/phase1/input6000_rate5p0_reuse00_seed1,0,0.0,5.103592074363356e-12,1.2176939275979786,6.214613077889429e-12,0.0
2026-07-16_ttft_component_regression/phase1/input6000_rate5p0_reuse00_seed1,0,0.0,6.433673458273164e-13,0.5406292115633992,3.478231809202588e-13,0.0
2026-07-16_ttft_component_regression/phase1/input6000_rate5p0_reuse00_seed1,0,0.0,2.3133358778688596e-10,0.9287556671398404,2.148523806568621e-10,0.0
2026-07-16_ttft_component_regression/phase1/input6000_rate5p0_reuse00_seed1,1,0.969882,0.9985236890303678,1.4038002043041522,1.401727758663366,1.4038002043041522
2026-07-16_ttft_component_regression/phase1/input6000_rate5p0_reuse00_seed1,0,0.0,2.085018225178868e-11,1.0154851189630751,2.1173049804359425e-11,0.0
2026-07-16_ttft_component_regression/phase1/input6000_rate5p0_reuse00_seed1,0,0.0,1.1690264271332645e-06,2.0841269604474917,2.436399494264042e-06,0.0
2026-07-16_ttft_component_regression/phase1/input6000_rate5p0_reuse00_seed1,0,0.0,1.036700433708547e-05,1.7605213259085806,1.8251332221225717e-05,0.0
2026-07-16_ttft_component_regression/phase1/input6000_rate5p0_reuse00_seed1,1,1.026293,0.9999981237999981,3.001458180904748,3.0014525495689033,3.001458180904748
2026-07-16_ttft_component_regression/phase1/input6000_rate5p0_reuse00_seed1,1,2.364045,0.9999505899256351,4.777013186942013,4.776777154365204,4.777013186942013
2026-07-16_ttft_component_regression/phase1/input6000_rate5p0_reuse00_seed1,1,5146.296055,0.9897132028750304,3695.7874863194565,3657.769670230687,3695.7874863194565
2026-07-16_ttft_component_regression/phase1/input6000_rate5p0_reuse00_seed1,0,0.0,0.2528451728024664,1.6343012973567383,0.4132251939414595,0.0
2026-07-16_ttft_component_regression/phase1/input6000_rate5p0_reuse00_seed1,0,0.0,0.39173787068072763,1.4880164325819292,0.5829123888375775,0.0
2026-07-16_ttft_component_regression/phase1/input6000_rate5p0_reuse00_seed1,1,4902.258204,0.5631935793793946,3190.9150815362373,1797.1028862660862,3190.9150815362373
2026-07-16_ttft_component_regression/phase1/input6000_rate5p0_reuse00_seed1,1,6878.454543,0.8702061089400093,4180.8844713414555,3638.2312077337556,4180.8844713414555
2026-07-16_ttft_component_regression/phase1/input6000_rate5p0_reuse00_seed1,0,0.0,0.0007317366048821093,1.8194335466397356,0.001331346126226775,0.0
2026-07-16_ttft_component_regression/phase1/input6000_rate5p0_reuse00_seed1,1,15255.746605,0.9995581667774223,5186.778541842293,5184.486850764353,5186.778541842293
2026-07-16_ttft_component_regression/phase1/input6000_rate5p0_reuse00_seed1,1,15957.383224,0.9992577420840785,6201.221559788589,6196.618653997452,6201.221559788589
2026-07-16_ttft_component_regression/phase1/input6000_rate5p0_reuse00_seed1,1,7221.75402,0.998088519622331,5649.40488605182,5638.606159466624,5649.40488605182
2026-07-16_ttft_component_regression/phase1/input6000_rate5p0_reuse00_seed1,1,7486.73249,0.9994656213230967,6623.742530002625,6620.202943233294,6623.742530002625
2026-07-16_ttft_component_regression/phase1/input6000_rate5p0_reuse00_seed1,1,4141.416834,0.9985230839701382,3340.1695011003926,3335.236351221762,3340.1695011003926
2026-07-16_ttft_component_regression/phase1/input6000_rate5p0_reuse00_seed1,1,2575.944247,0.9996113090157536,2119.070103990262,2118.246440545855,2119.070103990262
2026-07-16_ttft_component_regression/phase1/input6000_rate5p0_reuse00_seed1,1,12334.388502,0.9999831728131202,10946.181233910169,10945.997040472927,10946.181233910169
2026-07-16_ttft_component_regression/phase1/input6000_rate5p0_reuse00_seed1,1,5339.717841,0.9999570088251735,4774.295060647713,4774.089808094088,4774.295060647713
2026-07-16_ttft_component_regression/phase1/input6000_rate5p0_reuse00_seed1,1,8776.380636,0.9999521712942891,4030.6664099448453,4030.4736283873053,4030.6664099448453
2026-07-16_ttft_component_regression/phase1/input6000_rate5p0_reuse00_seed1,1,9849.794776,0.9999941675922259,4261.378673924441,4261.353819826334,4261.378673924441
2026-07-16_ttft_component_regression/phase1/input6000_rate5p0_reuse00_seed1,1,4860.877774,0.9926973956686469,3982.9419512957506,3953.8561021506903,3982.9419512957506
2026-07-16_ttft_component_regression/phase1/input6000_rate5p0_reuse00_seed1,1,10253.959903,0.9993630744608986,11450.41974353743,11443.12667876934,11450.41974353743
2026-07-16_ttft_component_regression/phase1/input6000_rate5p0_reuse00_seed1,0,0.0,3.983812068835927e-11,0.56749902308695,2.2608094572263896e-11,0.0
2026-07-16_ttft_component_regression/phase1/input6000_rate5p0_reuse00_seed1,0,0.0,4.755082452272056e-12,1.5058115529030192,7.16025809163768e-12,0.0
2026-07-16_ttft_component_regression/phase1/input6000_rate5p0_reuse00_seed1,0,0.0,4.056378293572429e-13,1.1632051351391175,4.7184000611503e-13,0.0
2026-07-16_ttft_component_regression/phase1/input6000_rate5p0_reuse00_seed1,0,0.0,9.217042662840236e-09,1.3018260001373174,1.1998985782860312e-08,0.0
2026-07-16_ttft_component_regression/phase1/input6000_rate5p0_reuse00_seed1,0,0.0,1.2210959045927928e-07,1.620441434093071,1.9787143988035212e-07,0.0
2026-07-16_ttft_component_regression/phase1/input6000_rate5p0_reuse00_seed1,0,0.0,8.702311143118254e-10,2.229394428513125,1.9400883977655523e-09,0.0
2026-07-16_ttft_component_regression/phase1/input6000_rate5p0_reuse00_seed1,0,0.0,1.0214284721392967e-06,1.6597716023079068,1.6953379718455575e-06,0.0
2026-07-16_ttft_component_regression/phase1/input6000_rate5p0_reuse00_seed1,0,0.0,4.518417091917388e-06,0.7967634288255002,3.6001094950198437e-06,0.0
2026-07-16_ttft_component_regression/phase1/input6000_rate5p0_reuse00_seed1,1,4.260962,0.9998043369361276,2.1651296458145133,2.1647060099143323,2.1651296458145133
2026-07-16_ttft_component_regression/phase1/input6000_rate5p0_reuse00_seed1,0,0.0,0.0007917527937639508,2.1877096040550854,0.0017321251909548404,0.0
2026-07-16_ttft_component_regression/phase1/input6000_rate5p0_reuse00_seed1,0,0.0,0.001216838581042645,1.272514716495984,0.001548445001976857,0.0
2026-07-16_ttft_component_regression/phase1/input6000_rate5p0_reuse00_seed1,0,0.0,0.1617305405218364,2.016394324942669,0.3261125440781413,0.0
2026-07-16_ttft_component_regression/phase1/input6000_rate5p0_reuse00_seed1,1,2.177775,0.999851287383423,2.430049348056237,2.4296879690592763,2.430049348056237
2026-07-16_ttft_component_regression/phase1/input6000_rate5p0_reuse00_seed1,1,6.233262,0.9997014701927203,2.5334017690178765,2.5326454730760095,2.5334017690178765
2026-07-16_ttft_component_regression/phase1/input6000_rate5p0_reuse00_seed1,0,0.0,0.790514836623218,4.792268666619917,3.78835948204761,4.792268666619917
2026-07-16_ttft_component_regression/phase1/input6000_rate5p0_reuse00_seed1,0,0.0,0.6977574176474526,10.178541852958222,7.102153078736646,10.178541852958222
2026-07-16_ttft_component_regression/phase1/input6000_rate5p0_reuse00_seed1,1,15.276011,0.9999392819032177,3.9136880938898546,3.913450462197394,3.9136880938898546
2026-07-16_ttft_component_regression/phase1/input6000_rate5p0_reuse00_seed1,0,0.0,0.15111739481309888,1.8724598894194824,0.28296126038109537,0.0
2026-07-16_ttft_component_regression/phase1/input6000_rate5p0_reuse00_seed1,1,5687.681998,0.9999925024319865,5931.861773003891,5931.817298466802,5931.861773003891
2026-07-16_ttft_component_regression/phase1/input6000_rate5p0_reuse00_seed1,1,6036.270872,0.9999841219731144,4046.1065013489815,4046.042257161171,4046.1065013489815
2026-07-16_ttft_component_regression/phase1/input6000_rate5p0_reuse00_seed1,1,453.754899,0.9980160881554571,758.0052595084964,756.5014438959316,758.0052595084964
2026-07-16_ttft_component_regression/phase1/input6000_rate5p0_reuse00_seed1,1,252.281934,0.998838255365845,255.1645755892868,254.86813951276952,255.1645755892868
2026-07-16_ttft_component_regression/phase1/input6000_rate5p0_reuse00_seed1,1,4195.074543,0.999985370337972,1021.0699651110847,1021.0550272025881,1021.0699651110847
2026-07-16_ttft_component_regression/phase1/input6000_rate5p0_reuse00_seed1,1,1885.0636,0.9999863476104862,1747.3358676491869,1747.3120123393103,1747.3358676491869
2026-07-16_ttft_component_regression/phase1/input6000_rate5p0_reuse00_seed1,1,0.141271,0.9999588057270719,5.206473609411155,5.206259132516296,5.206473609411155
2026-07-16_ttft_component_regression/phase1/input6000_rate5p0_reuse00_seed1,1,4310.217042,0.9999524980655639,967.8784788413675,967.8325027413234,967.8784788413675
2026-07-16_ttft_component_regression/phase1/input6000_rate5p0_reuse00_seed1,1,1133.057763,0.9993496882331165,950.5707283088586,949.9525609789844,950.5707283088586
2026-07-16_ttft_component_regression/phase1/input6000_rate5p0_reuse00_seed1,1,1778.752468,0.9994264334076661,1809.4862118014921,1808.448350961114,1809.4862118014921
2026-07-16_ttft_component_regression/phase1/input6000_rate5p0_reuse00_seed1,0,0.0,4.0354462295562727e-13,0.357125649867085,1.4411613572339617e-13,0.0
2026-07-16_ttft_component_regression/phase1/input6000_rate5p0_reuse00_seed1,0,0.0,1.4167235296776964e-07,0.478058829321526,6.772771920699797e-08,0.0
2026-07-16_ttft_component_regression/phase1/input6000_rate5p0_reuse00_seed1,0,0.0,7.883425069077484e-09,0.5468037058557486,4.3106860426076785e-09,0.0
2026-07-16_ttft_component_regression/phase1/input6000_rate5p0_reuse00_seed1,0,0.0,1.1928966074681121e-09,0.5895113002927448,7.032260301833308e-10,0.0
2026-07-16_ttft_component_regression/phase1/input6000_rate5p0_reuse00_seed1,0,0.0,1.0582206874323809e-10,1.081732928211691,1.1447121629104179e-10,0.0
2026-07-16_ttft_component_regression/phase1/input6000_rate5p0_reuse00_seed1,0,0.0,2.921746931709357e-06,1.5873727817244683,4.637901554482412e-06,0.0
2026-07-16_ttft_component_regression/phase1/input6000_rate5p0_reuse00_seed1,0,0.0,1.4905476176487667e-05,0.6353063168226919,9.46954317017276e-06,0.0
2026-07-16_ttft_component_regression/phase1/input6000_rate5p0_reuse00_seed1,0,0.0,9.29559024076904e-12,0.8171843068906075,7.596210468041943e-12,0.0
2026-07-16_ttft_component_regression/phase1/input6000_rate5p0_reuse00_seed1,0,0.0,0.00019894422138751056,0.30372946185318095,6.0425221300828674e-05,0.0
2026-07-16_ttft_component_regression/phase1/input6000_rate5p0_reuse00_seed1,0,0.0,0.004199892886082592,0.9188922496688108,0.0038592490224604674,0.0
2026-07-16_ttft_component_regression/phase1/input6000_rate5p0_reuse00_seed1,0,0.0,0.0033241450553576617,1.5688446011272474,0.0052150670234617025,0.0
2026-07-16_ttft_component_regression/phase1/input6000_rate5p0_reuse00_seed1,0,0.0,0.016483584875822944,1.6121388447256135,0.026573827478645798,0.0
2026-07-16_ttft_component_regression/phase1/input6000_rate5p0_reuse00_seed1,0,0.0,4.599671565299974e-05,1.0431082502840083,4.797955358361162e-05,0.0
2026-07-16_ttft_component_regression/phase1/input6000_rate5p0_reuse00_seed1,0,0.0,1.3462688351564861e-05,1.9552843729768192,2.632338415207183e-05,0.0
2026-07-16_ttft_component_regression/phase1/input6000_rate5p0_reuse00_seed1,0,0.0,0.004607306757813508,1.7023387480722543,0.007843196818081084,0.0
2026-07-16_ttft_component_regression/phase1/input6000_rate5p0_reuse00_seed1,0,0.0,0.683937058260772,1.5231321663115915,1.041726533169507,1.5231321663115915
2026-07-16_ttft_component_regression/phase1/input6000_rate5p0_reuse00_seed1,0,0.0,0.7723855310946919,3.5499820373306354,2.741954761280239,3.5499820373306354
2026-07-16_ttft_component_regression/phase1/input6000_rate5p0_reuse00_seed1,0,0.0,0.00033921876119379454,2.6529617001644534,0.0008999343814243689,0.0
2026-07-16_ttft_component_regression/phase1/input6000_rate5p0_reuse00_seed1,1,839.131681,0.9998563644522549,1359.7570188434083,1359.5617093992066,1359.7570188434083
2026-07-16_ttft_component_regression/phase1/input6000_rate5p0_reuse00_seed1,0,0.0,1.1541036214428108e-06,1.8756085235756232,2.1646465894676303e-06,0.0
2026-07-16_ttft_component_regression/phase1/input6000_rate5p0_reuse00_seed1,1,860.455352,0.9999815811848124,1844.3979628550373,1844.3639912298272,1844.3979628550373
2026-07-16_ttft_component_regression/phase1/input6000_rate5p0_reuse00_seed1,0,0.0,0.6922463194121019,2.2323398624885753,1.545329053484634,2.2323398624885753
2026-07-16_ttft_component_regression/phase1/input6000_rate5p0_reuse00_seed1,1,1378.467125,0.9990056550742017,955.8874924450388,954.937010567292,955.8874924450388
2026-07-16_ttft_component_regression/phase1/input6000_rate5p0_reuse00_seed1,1,1348.679994,0.9979359862697365,858.8026100566427,857.0300296778996,858.8026100566427
2026-07-16_ttft_component_regression/phase1/input6000_rate5p0_reuse00_seed1,1,1213.793576,0.9995781405425492,946.0069471893677,945.6078652118817,946.0069471893677
2026-07-16_ttft_component_regression/phase1/input6000_rate5p0_reuse00_seed1,1,2111.797908,0.9989640098590866,1900.440226810978,1898.4713894726067,1900.440226810978
2026-07-16_ttft_component_regression/phase1/input6000_rate5p0_reuse00_seed1,1,3415.717448,0.9999701019463999,3636.32851685432,3636.219797709415,3636.32851685432
2026-07-16_ttft_component_regression/phase1/input6000_rate5p0_reuse00_seed1,1,1895.480239,0.9992944623299181,1030.0178118306778,1029.291095463576,1030.0178118306778
2026-07-16_ttft_component_regression/phase1/input6000_rate5p0_reuse00_seed1,1,2075.07674,0.999577585366477,1962.1201373512865,1961.2913090925392,1962.1201373512865
2026-07-16_ttft_component_regression/phase1/input6000_rate5p0_reuse00_seed1,0,0.0,3.146230728727078e-13,1.0231346147383198,3.219017564514042e-13,0.0
2026-07-16_ttft_component_regression/phase1/input6000_rate5p0_reuse00_seed1,0,0.0,9.321501812187147e-11,2.2232116765156897,2.0723671671516629e-10,0.0
2026-07-16_ttft_component_regression/phase1/input6000_rate5p0_reuse00_seed1,0,0.0,5.231459790923065e-12,1.5846367690409187,8.289963540455805e-12,0.0
2026-07-16_ttft_component_regression/phase1/input6000_rate5p0_reuse00_seed1,0,0.0,1.2778401716024982e-09,2.4085068303295003,3.0776867813740377e-09,0.0
2026-07-16_ttft_component_regression/phase1/input6000_rate5p0_reuse00_seed1,0,0.0,7.56398699600415e-10,1.9807760737747047,1.4982564464028023e-09,0.0
2026-07-16_ttft_component_regression/phase1/input6000_rate5p0_reuse00_seed1,0,0.0,1.562133321156854e-08,1.6083287706929676,2.512423964074726e-08,0.0
2026-07-16_ttft_component_regression/phase1/input6000_rate5p0_reuse00_seed1,0,0.0,3.1619086703513873e-07,1.4490795830519965,4.581857297681281e-07,0.0
2026-07-16_ttft_component_regression/phase1/input6000_rate5p0_reuse00_seed1,0,0.0,0.0009644867532426053,1.988440294122482,0.0019178243232949638,0.0
2026-07-16_ttft_component_regression/phase1/input6000_rate5p0_reuse00_seed1,0,0.0,0.00012875309257409274,2.141474253337001,0.000275721432784935,0.0
2026-07-16_ttft_component_regression/phase1/input6000_rate5p0_reuse00_seed1,0,0.0,0.0008801301857119575,1.4613808569729636,0.001286205405043514,0.0
2026-07-16_ttft_component_regression/phase1/input6000_rate5p0_reuse00_seed1,0,0.0,0.00010727393091938505,2.2051604274353926,0.0002365562273588659,0.0
2026-07-16_ttft_component_regression/phase1/input6000_rate5p0_reuse00_seed1,0,0.0,0.23197964497055176,1.5942657356505772,0.3698371993449364,0.0
2026-07-16_ttft_component_regression/phase1/input6000_rate5p0_reuse00_seed1,0,0.0,0.7066396590861436,1.9901490418267687,1.406318240447083,1.9901490418267687
2026-07-16_ttft_component_regression/phase1/input6000_rate5p0_reuse00_seed1,0,0.0,0.00015387482429478626,2.5665324856426786,0.0003949247352751282,0.0
2026-07-16_ttft_component_regression/phase1/input6000_rate5p0_reuse00_seed1,0,0.0,0.9192676098186368,3.8725363429862587,3.5598972279527827,3.8725363429862587
2026-07-16_ttft_component_regression/phase1/input6000_rate5p0_reuse00_seed1,0,0.0,0.036709501494309044,2.5080182759928933,0.09206810065031551,0.0
2026-07-16_ttft_component_regression/phase1/input6000_rate5p0_reuse00_seed1,0,0.0,0.2036805995526509,2.572669834059463,0.5240029342522503,0.0
2026-07-16_ttft_component_regression/phase1/input6000_rate5p0_reuse00_seed1,0,0.0,0.011520727608547826,1.5226727499070278,0.017542297988637337,0.0
2026-07-16_ttft_component_regression/phase1/input6000_rate5p0_reuse00_seed1,0,0.0,0.37470061457170134,1.4058318577693243,0.5267660610906424,0.0
2026-07-16_ttft_component_regression/phase1/input6000_rate5p0_reuse00_seed1,0,0.0,0.03339134598626922,2.102676023252732,0.07021118258946464,0.0
2026-07-16_ttft_component_regression/phase1/input6000_rate5p0_reuse00_seed1,0,0.0,0.420679072967917,2.7252530210620667,1.1464569145034054,0.0
2026-07-16_ttft_component_regression/phase1/input6000_rate5p0_reuse00_seed1,0,0.0,7.974161972457529e-11,0.6820980694233278,5.4391604866821965e-11,0.0
2026-07-16_ttft_component_regression/phase1/input6000_rate5p0_reuse00_seed1,0,0.0,9.412773029440629e-12,0.813906479903505,7.661116962522672e-12,0.0
2026-07-16_ttft_component_regression/phase1/input6000_rate5p0_reuse00_seed1,0,0.0,6.483369197378907e-13,0.6231835626328461,4.0403291142866435e-13,0.0
2026-07-16_ttft_component_regression/phase1/input6000_rate5p0_reuse00_seed1,0,0.0,7.132222135933764e-10,1.3171568729895815,9.394255406033589e-10,0.0
2026-07-16_ttft_component_regression/phase1/input6000_rate5p0_reuse00_seed1,0,0.0,1.4467981333741349e-08,1.1015538575902022,1.5937260649725823e-08,0.0
2026-07-16_ttft_component_regression/phase1/input6000_rate5p0_reuse00_seed1,0,0.0,1.5554720103606573e-05,0.09982876518328833,1.5528085007147149e-06,0.0
2026-07-16_ttft_component_regression/phase1/input6000_rate5p0_reuse00_seed1,0,0.0,1.8468441166942308e-07,1.393587046825542,2.5737380385310396e-07,0.0
2026-07-16_ttft_component_regression/phase1/input6000_rate5p0_reuse00_seed1,0,0.0,2.1258272973838866e-06,1.3013779730407904,2.766504819304224e-06,0.0
2026-07-16_ttft_component_regression/phase1/input6000_rate5p0_reuse00_seed1,0,0.0,0.009692422087492185,0.5993849885646214,0.005809492302074987,0.0
2026-07-16_ttft_component_regression/phase1/input6000_rate5p0_reuse00_seed1,0,0.0,7.817068536385274e-05,0.19525427809336607,1.5263160738782723e-05,0.0
2026-07-16_ttft_component_regression/phase1/input6000_rate5p0_reuse00_seed1,0,0.0,0.5335482288817331,2.7117863903149155,1.4468688256581115,2.7117863903149155
2026-07-16_ttft_component_regression/phase1/input6000_rate5p0_reuse00_seed1,0,0.0,0.0013553999134422346,0.18207297458576918,0.0002467816939937217,0.0
2026-07-16_ttft_component_regression/phase1/input6000_rate5p0_reuse00_seed1,0,0.0,0.00112529243770323,0.7513302241187602,0.0008454662194187137,0.0
2026-07-16_ttft_component_regression/phase1/input6000_rate5p0_reuse00_seed1,1,3004.850525,0.9831500989477507,2589.2333787905513,2545.6050525567493,2589.2333787905513
2026-07-16_ttft_component_regression/phase1/input6000_rate5p0_reuse00_seed1,1,523.074082,0.9857646873317116,603.1097774171591,594.524321162324,603.1097774171591
2026-07-16_ttft_component_regression/phase1/input6000_rate5p0_reuse00_seed1,1,6366.08256,0.9860040787516443,5004.572113134291,4934.528515957146,5004.572113134291
2026-07-16_ttft_component_regression/phase1/input6000_rate5p0_reuse00_seed1,0,0.0,0.9385917505932576,3.71144287802301,3.4835296681104952,3.71144287802301
2026-07-16_ttft_component_regression/phase1/input6000_rate5p0_reuse00_seed1,1,307.78751,0.9999686573609742,276.64198954181165,276.63331885179406,276.64198954181165
2026-07-16_ttft_component_regression/phase1/input6000_rate5p0_reuse00_seed1,0,0.0,0.42064595629128865,2.798177079320588,1.1770418734031738,0.0
2026-07-16_ttft_component_regression/phase1/input6000_rate5p0_reuse00_seed1,1,1564.215772,0.9991440420504436,1066.4547761877966,1065.5419357442763,1066.4547761877966
2026-07-16_ttft_component_regression/phase1/input6000_rate5p0_reuse00_seed1,1,1.884994,0.9999519136935917,3.4447022184538487,3.444536575447487,3.4447022184538487
2026-07-16_ttft_component_regression/phase1/input6000_rate5p0_reuse00_seed1,0,0.0,0.9803901066909603,3.6634794924474092,3.5916390504606603,3.6634794924474092
2026-07-16_ttft_component_regression/phase1/input6000_rate5p0_reuse00_seed1,1,1856.254445,0.9996119872794703,2346.8074396193115,2345.8968484801053,2346.8074396193115
2026-07-16_ttft_component_regression/phase1/input6000_rate5p0_reuse00_seed1,1,2258.89296,0.9996024420366613,2324.830324764099,2323.9060699550773,2324.830324764099
2026-07-16_ttft_component_regression/phase1/input6000_rate5p0_reuse00_seed1,1,3978.344716,0.9999741055102874,4746.087531994467,4745.964634479695,4746.087531994467
2026-07-16_ttft_component_regression/phase1/input6000_rate5p0_reuse00_seed1,1,1619.783963,0.9990168855307855,1125.4278295298018,1124.3214051465343,1125.4278295298018
2026-07-16_ttft_component_regression/phase1/input6000_rate5p0_reuse00_seed1,1,4272.589584,0.9995085023331237,3010.754833328748,3009.275054352631,3010.754833328748
2026-07-16_ttft_component_regression/phase1/input6000_rate5p0_reuse00_seed1,1,3150.073709,0.9991005336651119,2949.193272594781,2946.5405725310034,2949.193272594781
2026-07-16_ttft_component_regression/phase1/input6000_rate5p0_reuse00_seed1,1,2380.064413,0.9994537467932674,2045.8122067630204,2044.6946752847034,2045.8122067630204
2026-07-16_ttft_component_regression/phase1/input6000_rate5p0_reuse00_seed1,1,4946.328376,0.9995922732162545,4064.3197212036384,4062.6625891955987,4064.3197212036384
2026-07-16_ttft_component_regression/phase1/input6000_rate5p0_reuse00_seed1,0,0.0,1.0987679031093897e-12,0.5149708343528542,5.658334238243784e-13,0.0
2026-07-16_ttft_component_regression/phase1/input6000_rate5p0_reuse00_seed1,0,0.0,1.4149534009622332e-11,0.8575527690605745,1.2133972070868405e-11,0.0
2026-07-16_ttft_component_regression/phase1/input6000_rate5p0_reuse00_seed1,0,0.0,2.4640884527283608e-09,0.7525230119489779,1.8542832641558426e-09,0.0
2026-07-16_ttft_component_regression/phase1/input6000_rate5p0_reuse00_seed1,0,0.0,0.05326410782135704,1.1430090074384713,0.060881355012985035,0.0
2026-07-16_ttft_component_regression/phase1/input6000_rate5p0_reuse00_seed1,0,0.0,4.4851041698456416e-07,0.9698639510631899,4.3499408510964826e-07,0.0
2026-07-16_ttft_component_regression/phase1/input6000_rate5p0_reuse00_seed1,0,0.0,0.05525712767370417,1.6185752890972431,0.089437821399149,0.0
2026-07-16_ttft_component_regression/phase1/input6000_rate5p0_reuse00_seed1,0,0.0,2.9519160748617657e-08,1.298353743108272,3.832631285138251e-08,0.0
2026-07-16_ttft_component_regression/phase1/input6000_rate5p0_reuse00_seed1,0,0.0,0.04091241699624225,0.3162622995544263,0.012939055079561168,0.0
2026-07-16_ttft_component_regression/phase1/input6000_rate5p0_reuse00_seed1,0,0.0,2.1038716033299662e-10,1.510056835536468,3.176965695699484e-10,0.0
2026-07-16_ttft_component_regression/phase1/input6000_rate5p0_reuse00_seed1,0,0.0,0.0008836525714708182,0.13684754911397115,0.0001209256886740397,0.0
2026-07-16_ttft_component_regression/phase1/input6000_rate5p0_reuse00_seed1,0,0.0,3.260682563175259e-05,1.5289599203495994,4.985452952077771e-05,0.0
2026-07-16_ttft_component_regression/phase1/input6000_rate5p0_reuse00_seed1,0,0.0,5.74786268633936e-05,0.4808052422513572,2.7636025113329325e-05,0.0
2026-07-16_ttft_component_regression/phase1/input6000_rate5p0_reuse00_seed1,1,2056.808013,0.9844449931848412,1608.7878610850867,1583.7631549417636,1608.7878610850867
2026-07-16_ttft_component_regression/phase1/input6000_rate5p0_reuse00_seed1,1,3766.41739,0.9948840006273149,2331.57746773415,2319.6491188718555,2331.57746773415
2026-07-16_ttft_component_regression/phase1/input6000_rate5p0_reuse00_seed1,1,2790.398262,0.9927117331130911,1697.412854165798,1685.0416562673681,1697.412854165798
2026-07-16_ttft_component_regression/phase1/input6000_rate5p0_reuse00_seed1,1,5588.890788,0.9897436640542234,3479.9903540591076,3444.2984038998156,3479.9903540591076
2026-07-16_ttft_component_regression/phase1/input6000_rate5p0_reuse00_seed1,1,5473.91128,0.9911039381254823,3504.79615156371,3473.6172681418275,3504.79615156371
2026-07-16_ttft_component_regression/phase1/input6000_rate5p0_reuse00_seed1,1,2298.801723,0.9918183055634554,1638.2043793560174,1624.8010916995172,1638.2043793560174
2026-07-16_ttft_component_regression/phase1/input6000_rate5p0_reuse00_seed1,1,1612.001424,0.9998763456114994,1915.641292334027,1915.4044148814369,1915.641292334027
2026-07-16_ttft_component_regression/phase1/input6000_rate5p0_reuse00_seed1,1,7609.41782,0.9935859503163786,6062.936192148744,6024.048218183676,6062.936192148744
2026-07-16_ttft_component_regression/phase1/input6000_rate5p0_reuse00_seed1,1,10557.781793,0.9997382028314022,3010.671361975773,3009.883176737629,3010.671361975773
2026-07-16_ttft_component_regression/phase1/input6000_rate5p0_reuse00_seed1,1,8277.800027,0.9988128770052193,7144.08823616467,7135.607324742777,7144.08823616467
2026-07-16_ttft_component_regression/phase1/input6000_rate5p0_reuse00_seed1,1,5529.186026,0.9999922145218252,4255.742216256122,4255.7090832679805,4255.742216256122
2026-07-16_ttft_component_regression/phase1/input6000_rate5p0_reuse00_seed1,1,7120.457865,0.9998051177672913,5754.802198981137,5753.680690279803,5754.802198981137
2026-07-16_ttft_component_regression/phase1/input6000_rate5p0_reuse00_seed1,1,12745.413048,0.9997856238097439,11294.580818246255,11292.1595290399,11294.580818246255
2026-07-16_ttft_component_regression/phase1/input6000_rate5p0_reuse00_seed1,1,8631.384247,0.9997851571878535,7860.175406854603,7858.48670466623,7860.175406854603
2026-07-16_ttft_component_regression/phase1/input6000_rate5p0_reuse00_seed1,1,12640.504136,0.99932360650561,11527.9803622094,11520.182911288946,11527.9803622094
2026-07-16_ttft_component_regression/phase1/input6000_rate5p0_reuse00_seed1,1,10571.073198,0.999836772364947,9829.95358739268,9828.349067315929,9829.95358739268
2026-07-16_ttft_component_regression/phase1/input6000_rate5p0_reuse00_seed1,1,9606.708266,0.9997859594184806,9826.467721895682,9824.364459030206,9826.467721895682
2026-07-16_ttft_component_regression/phase1/input6000_rate5p0_reuse00_seed1,1,11901.037215,0.9998243443287886,11110.497804458742,11108.546182509408,11110.497804458742
2026-07-16_ttft_component_regression/phase1/input6000_rate5p0_reuse00_seed1,1,12275.851704,0.9997783410020338,13016.651769156944,13013.766511168918,13016.651769156944
2026-07-16_ttft_component_regression/phase1/input6000_rate5p0_reuse00_seed1,0,0.0,2.2546366599838117e-13,0.4391769092567134,9.901843598285697e-14,0.0
2026-07-16_ttft_component_regression/phase1/input6000_rate5p0_reuse00_seed1,0,0.0,5.866099669819957e-12,1.734127734453881,1.0172566130505542e-11,0.0
2026-07-16_ttft_component_regression/phase1/input6000_rate5p0_reuse00_seed1,0,0.0,1.4042744631329322e-08,1.8579760183575993,2.6091082756929806e-08,0.0
2026-07-16_ttft_component_regression/phase1/input6000_rate5p0_reuse00_seed1,0,0.0,9.270055672950062e-11,1.6934440157807928,1.5698320305312074e-10,0.0
2026-07-16_ttft_component_regression/phase1/input6000_rate5p0_reuse00_seed1,0,0.0,1.8771685789752255e-08,0.28600126162401335,5.368725818678708e-09,0.0
2026-07-16_ttft_component_regression/phase1/input6000_rate5p0_reuse00_seed1,1,0.011832,0.9991230411718003,0.11033953607424425,0.11024277284398448,0.11033953607424425
2026-07-16_ttft_component_regression/phase1/input6000_rate5p0_reuse00_seed1,1,1.186121,0.9933862556481922,1.5118102616544515,1.5018115350754293,1.5118102616544515
2026-07-16_ttft_component_regression/phase1/input6000_rate5p0_reuse00_seed1,0,0.0,3.526764212840461e-07,0.6300138350335606,2.221910246990735e-07,0.0
2026-07-16_ttft_component_regression/phase1/input6000_rate5p0_reuse00_seed1,1,0.028245,0.9986971418491614,0.37228953911570645,0.3718044986551976,0.37228953911570645
2026-07-16_ttft_component_regression/phase1/input6000_rate5p0_reuse00_seed1,1,2.098021,0.9951758670329502,1.7167889948187067,1.7085069764313336,1.7167889948187067
2026-07-16_ttft_component_regression/phase1/input6000_rate5p0_reuse00_seed1,0,0.0,1.3478972123369063e-09,1.9016830730305923,2.5632733128862164e-09,0.0
2026-07-16_ttft_component_regression/phase1/input6000_rate5p0_reuse00_seed1,1,3.455846,0.9977769348696668,6.737739575218164,6.7227611413112305,6.737739575218164
2026-07-16_ttft_component_regression/phase1/input6000_rate5p0_reuse00_seed1,1,10782.170751,0.9998557583625831,6700.61036159773,6699.643854587481,6700.61036159773
2026-07-16_ttft_component_regression/phase1/input6000_rate5p0_reuse00_seed1,1,11384.03641,0.9996618528167515,4259.520089048999,4258.079744328897,4259.520089048999
2026-07-16_ttft_component_regression/phase1/input6000_rate5p0_reuse00_seed1,1,9939.587845,0.9996547601010488,7247.752117692005,7245.24990448327,7247.752117692005
2026-07-16_ttft_component_regression/phase1/input6000_rate5p0_reuse00_seed1,1,8934.232695,0.9995277419290445,3897.496826536066,3895.656202203211,3897.496826536066
2026-07-16_ttft_component_regression/phase1/input6000_rate5p0_reuse00_seed1,1,3330.625285,0.9695183916868624,2422.023030667408,2348.1958733212055,2422.023030667408
2026-07-16_ttft_component_regression/phase1/input6000_rate5p0_reuse00_seed1,1,2357.922026,0.9975621884704566,1959.7638583387743,1954.9863234097336,1959.7638583387743
2026-07-16_ttft_component_regression/phase1/input6000_rate5p0_reuse00_seed1,1,11960.758064,0.9999097116283803,6419.359328388798,6418.779734888196,6419.359328388798
2026-07-16_ttft_component_regression/phase1/input6000_rate5p0_reuse00_seed1,1,11446.231998,0.9996692909759796,8672.471010034098,8669.602945610524,8672.471010034098
2026-07-16_ttft_component_regression/phase1/input6000_rate5p0_reuse00_seed1,1,13395.971925,0.9999164187637966,4270.653156168602,4270.296209698414,4270.653156168602
2026-07-16_ttft_component_regression/phase1/input6000_rate5p0_reuse00_seed1,1,14890.665013,0.9999757549098032,6457.442199058251,6457.285637789694,6457.442199058251
2026-07-16_ttft_component_regression/phase1/input6000_rate5p0_reuse00_seed1,1,13994.758035,0.9999695607263889,6481.953013142061,6481.755707200759,6481.953013142061
2026-07-16_ttft_component_regression/phase1/input6000_rate5p0_reuse00_seed1,1,19368.305772,0.9998704234523905,3498.7924770884697,3498.3391156384864,3498.7924770884697
2026-07-16_ttft_component_regression/phase1/input6000_rate5p0_reuse00_seed1,1,19403.869582,0.999942151340927,3804.8402859184707,3804.6201810099433,3804.8402859184707
2026-07-16_ttft_component_regression/phase1/input6000_rate5p0_reuse00_seed1,1,20492.071009,0.9999882669119768,5336.108030142243,5336.045421117024,5336.108030142243
2026-07-16_ttft_component_regression/phase1/input6000_rate5p0_reuse00_seed1,1,26245.449335,0.9998415525725043,10861.386747573515,10859.665788784327,10861.386747573515
2026-07-16_ttft_component_regression/phase1/input6000_rate5p0_reuse00_seed1,1,25891.371977,0.9998311353728175,9022.42837812837,9020.904809124017,9022.42837812837
2026-07-16_ttft_component_regression/phase1/input6000_rate5p0_reuse00_seed1,1,19698.650358,0.9999461213622884,14032.88910756615,14032.133034617877,14032.88910756615
2026-07-16_ttft_component_regression/phase1/input6000_rate5p0_reuse00_seed1,1,11387.106166,0.9991320466159799,11801.517777210993,11791.274609919688,11801.517777210993
2026-07-16_ttft_component_regression/phase1/input6000_rate5p0_reuse00_seed1,1,20674.398053,0.9999920354559632,13782.634236956763,13782.52446455944,13782.634236956763
2026-07-16_ttft_component_regression/phase1/input6000_rate5p0_reuse00_seed1,1,8908.690148,0.9992490547381133,9149.383437462033,9142.512751320486,9149.383437462033
2026-07-16_ttft_component_regression/phase1/input6000_rate5p0_reuse00_seed1,1,20310.070663,0.9999920718892238,12305.144437556457,12305.046881008238,12305.144437556457
2026-07-16_ttft_component_regression/phase1/input6000_rate5p0_reuse00_seed1,1,21510.29736,0.9999960948311851,13442.400948104972,13442.348453259992,13442.400948104972
2026-07-16_ttft_component_regression/phase1/input6000_rate5p0_reuse00_seed1,1,22455.994245,0.9999790303854604,11587.42570205309,11587.182718202612,11587.42570205309
2026-07-16_ttft_component_regression/phase1/input6000_rate5p0_reuse00_seed1,1,30161.964518,0.9999831089454682,12724.491886749682,12724.276956663332,12724.491886749682
2026-07-16_ttft_component_regression/phase1/input6000_rate5p0_reuse00_seed1,1,30590.552471,0.9999958089719376,11095.586208448478,11095.53970653531,11095.586208448478
2026-07-16_ttft_component_regression/phase1/input6000_rate5p0_reuse00_seed1,1,27070.032578,0.9999956622015026,10997.51675587967,10997.46905086801,10997.51675587967
2026-07-16_ttft_component_regression/phase1/input6000_rate5p0_reuse00_seed1,1,26210.160392,0.9999861364534971,11022.584599182874,11022.431787068701,11022.584599182874
2026-07-16_ttft_component_regression/phase1/input6000_rate5p0_reuse00_seed1,1,33177.717309,0.9999891351607848,10803.81737913375,10803.699997395015,10803.81737913375
2026-07-16_ttft_component_regression/phase1/input6000_rate5p0_reuse00_seed1,0,0.0,3.9948443801277536e-13,0.31028626123066266,1.2395453269081648e-13,0.0
2026-07-16_ttft_component_regression/phase1/input6000_rate5p0_reuse00_seed1,0,0.0,8.883388277271236e-12,0.6199395129807894,5.507163402230784e-12,0.0
2026-07-16_ttft_component_regression/phase1/input6000_rate5p0_reuse00_seed1,0,0.0,7.950823057116079e-11,1.0540648838937359,8.380683382558698e-11,0.0
2026-07-16_ttft_component_regression/phase1/input6000_rate5p0_reuse00_seed1,0,0.0,1.4998172819012403e-09,1.0613186585905539,1.591784065758355e-09,0.0
2026-07-16_ttft_component_regression/phase1/input6000_rate5p0_reuse00_seed1,0,0.0,1.5833492566427053e-08,1.6198576192338427,2.5648003572809273e-08,0.0
2026-07-16_ttft_component_regression/phase1/input6000_rate5p0_reuse00_seed1,0,0.0,1.0492924249593684e-07,0.9506172327911913,9.974754614036335e-08,0.0
2026-07-16_ttft_component_regression/phase1/input6000_rate5p0_reuse00_seed1,0,0.0,2.4371999033966208e-05,0.4019464692657687,9.796238960651443e-06,0.0
2026-07-16_ttft_component_regression/phase1/input6000_rate5p0_reuse00_seed1,0,0.0,0.0002497647029693345,0.5327633746804534,0.00013306548603000373,0.0
2026-07-16_ttft_component_regression/phase1/input6000_rate5p0_reuse00_seed1,0,0.0,2.348985590050907e-06,1.3676716844387184,3.2126410786672008e-06,0.0
2026-07-16_ttft_component_regression/phase1/input6000_rate5p0_reuse00_seed1,0,0.0,0.0025741262037223458,0.5878547322238583,0.0015132122701996165,0.0
2026-07-16_ttft_component_regression/phase1/input6000_rate5p0_reuse00_seed1,1,2961.689271,0.9045834170778699,2452.147584921812,2218.172041547819,2452.147584921812
2026-07-16_ttft_component_regression/phase1/input6000_rate5p0_reuse00_seed1,0,0.0,0.006060655682467739,0.6200408063647332,0.0037578538364563,0.0
2026-07-16_ttft_component_regression/phase1/input6000_rate5p0_reuse00_seed1,1,996.966363,0.9747575186191768,822.9414921720082,802.1684068783494,822.9414921720082
2026-07-16_ttft_component_regression/phase1/input6000_rate5p0_reuse00_seed1,0,0.0,0.02173931202287537,1.101091570802819,0.02393697322344045,0.0
2026-07-16_ttft_component_regression/phase1/input6000_rate5p0_reuse00_seed1,0,0.0,0.09329323530720822,4.895905340253445,0.45675484895008195,0.0
2026-07-16_ttft_component_regression/phase1/input6000_rate5p0_reuse00_seed1,0,0.0,0.03207283553330975,1.6447614370126318,0.05275216306083635,0.0
2026-07-16_ttft_component_regression/phase1/input6000_rate5p0_reuse00_seed1,0,0.0,0.9495670240478364,9.898435921132227,9.399228340357734,9.898435921132227
2026-07-16_ttft_component_regression/phase1/input6000_rate5p0_reuse00_seed1,0,0.0,0.6249815427257049,2.5801833919519863,1.6125669968173946,2.5801833919519863
2026-07-16_ttft_component_regression/phase1/input6000_rate5p0_reuse00_seed1,0,0.0,0.9876358549893641,3.7616586377159087,3.715148944838678,3.7616586377159087
2026-07-16_ttft_component_regression/phase1/input6000_rate5p0_reuse00_seed1,0,0.0,0.03478224725130399,2.5558334845359596,0.08889763219229158,0.0
2026-07-16_ttft_component_regression/phase1/input6000_rate5p0_reuse00_seed1,0,0.0,0.8500199058345765,1.6971398593461728,1.4426026634295404,1.6971398593461728
2026-07-16_ttft_component_regression/phase1/input6000_rate5p0_reuse00_seed1,0,0.0,0.9903469429793788,4.548765646711368,4.504856152550221,4.548765646711368
2026-07-16_ttft_component_regression/phase1/input6000_rate5p0_reuse00_seed1,1,1.912365,0.9999823281151077,2.9651872484011492,2.9651348479534114,2.9651872484011492
2026-07-16_ttft_component_regression/phase1/input6000_rate5p0_reuse00_seed1,0,0.0,0.9826543390096492,5.0097880036087306,4.922889919264607,5.0097880036087306
2026-07-16_ttft_component_regression/phase1/input6000_rate5p0_reuse00_seed1,0,0.0,0.8406804449742231,2.6228364716166817,2.204967332053333,2.6228364716166817
2026-07-16_ttft_component_regression/phase1/input6000_rate5p0_reuse00_seed1,0,0.0,0.9841578219882339,9.245209689739838,9.098745432078873,9.245209689739838
2026-07-16_ttft_component_regression/phase1/input6000_rate5p0_reuse00_seed1,1,4129.675686,0.9995443391742679,3108.2977615518184,3106.8814320271686,3108.2977615518184
2026-07-16_ttft_component_regression/phase1/input6000_rate5p0_reuse00_seed1,1,8302.723595,0.9995507794440628,7350.692125382644,7347.390043379556,7350.692125382644
2026-07-16_ttft_component_regression/phase1/input6000_rate5p0_reuse00_seed1,1,6803.767349,0.9995152628336301,5719.056978130959,5716.284738657072,5719.056978130959
2026-07-16_ttft_component_regression/phase1/input6000_rate5p0_reuse00_seed1,1,7499.223384,0.9995570704371908,7033.750728611629,7030.635272476496,7033.750728611629
2026-07-16_ttft_component_regression/phase1/input6000_rate5p0_reuse00_seed1,1,7261.084856,0.9995179436354137,7326.700019710364,7323.168137334448,7326.700019710364
2026-07-16_ttft_component_regression/phase1/input6000_rate5p0_reuse00_seed1,0,0.0,4.2445721314837884e-13,0.2437855099271918,1.0347651814965228e-13,0.0
2026-07-16_ttft_component_regression/phase1/input6000_rate5p0_reuse00_seed1,0,0.0,4.708563656815699e-12,0.44061194024570594,2.0746493685999815e-12,0.0
2026-07-16_ttft_component_regression/phase1/input6000_rate5p0_reuse00_seed1,0,0.0,7.87685552579633e-11,1.711968523175654,1.3484928721765532e-10,0.0
2026-07-16_ttft_component_regression/phase1/input6000_rate5p0_reuse00_seed1,0,0.0,7.0068057586274e-10,1.672116771885808,1.1716197426346937e-09,0.0
2026-07-16_ttft_component_regression/phase1/input6000_rate5p0_reuse00_seed1,0,0.0,1.0370827177142788e-08,0.6951878576792988,7.209673127640145e-09,0.0
2026-07-16_ttft_component_regression/phase1/input6000_rate5p0_reuse00_seed1,0,0.0,0.0006910158895844747,0.022357848441654254,1.5449628530104574e-05,0.0
2026-07-16_ttft_component_regression/phase1/input6000_rate5p0_reuse00_seed1,0,0.0,1.1029234985592098e-07,1.1221938151800077,1.2376939286998415e-07,0.0
2026-07-16_ttft_component_regression/phase1/input6000_rate5p0_reuse00_seed1,0,0.0,1.8308691850264172e-08,1.790154507320674,3.27753872388957e-08,0.0
2026-07-16_ttft_component_regression/phase1/input6000_rate5p0_reuse00_seed1,0,0.0,4.3148002474670894e-05,0.260964929717249,1.1260115433242176e-05,0.0
2026-07-16_ttft_component_regression/phase1/input6000_rate5p0_reuse00_seed1,0,0.0,2.251711671405082e-06,1.4797870454113242,3.332053761346721e-06,0.0
2026-07-16_ttft_component_regression/phase1/input6000_rate5p0_reuse00_seed1,0,0.0,0.007427753454536676,0.9333427363190413,0.006932639733960473,0.0
2026-07-16_ttft_component_regression/phase1/input6000_rate5p0_reuse00_seed1,0,0.0,0.3226742219499581,3.1073689759020406,1.002667866610629,0.0
2026-07-16_ttft_component_regression/phase1/input6000_rate5p0_reuse00_seed1,0,0.0,0.556328465693418,3.4454247949740613,1.9167878898499788,3.4454247949740613
2026-07-16_ttft_component_regression/phase1/input6000_rate5p0_reuse00_seed1,0,0.0,0.09893968745513321,1.2268026678340371,0.12137947252462324,0.0
2026-07-16_ttft_component_regression/phase1/input6000_rate5p0_reuse00_seed1,1,4.315331,0.9991331636934351,5.28663141691237,5.2820487728607635,5.28663141691237
2026-07-16_ttft_component_regression/phase1/input6000_rate5p0_reuse00_seed1,0,0.0,0.6028774589252999,8.029163503367403,4.840601690205898,8.029163503367403
2026-07-16_ttft_component_regression/phase1/input6000_rate5p0_reuse00_seed1,0,0.0,0.21714778150570427,2.436609891271308,0.5291044322844198,0.0
2026-07-16_ttft_component_regression/phase1/input6000_rate5p0_reuse00_seed1,1,6155.521174,0.9986295804708031,5475.261382975469,5467.757977848782,5475.261382975469
2026-07-16_ttft_component_regression/phase1/input6000_rate5p0_reuse00_seed1,1,5438.546886,0.998229252336875,4667.636132234681,4659.370926461209,4667.636132234681
2026-07-16_ttft_component_regression/phase1/input6000_rate5p0_reuse00_seed1,1,15.712066,0.9999025876574394,148.95538529679868,148.9408752037799,148.95538529679868
2026-07-16_ttft_component_regression/phase1/input6000_rate5p0_reuse00_seed1,1,2846.876514,0.999991037500042,1389.04364275931,1389.03119345572,1389.04364275931
2026-07-16_ttft_component_regression/phase1/input6000_rate5p0_reuse00_seed1,1,3248.349572,0.9982526984241981,2373.937735116883,2369.7897499714572,2373.937735116883
2026-07-16_ttft_component_regression/phase1/input6000_rate5p0_reuse00_seed1,1,5068.668498,0.999888850608132,6552.72035474069,6551.99202385818,6552.72035474069
2026-07-16_ttft_component_regression/phase1/input6000_rate5p0_reuse00_seed1,1,317.661445,0.9999929489755535,2243.3905957060642,2243.3747775041306,2243.3905957060642
2026-07-16_ttft_component_regression/phase1/input6000_rate5p0_reuse00_seed1,1,3279.986037,0.9995446317126941,4025.305023304872,4023.472027050526,4025.305023304872
2026-07-16_ttft_component_regression/phase1/input6000_rate5p0_reuse00_seed1,1,7152.558172,0.9999464671274557,7389.359896822279,7388.964323160738,7389.359896822279
2026-07-16_ttft_component_regression/phase1/input6000_rate5p0_reuse00_seed1,1,7672.469071,0.9999855084940316,4940.71398819459,4940.642389808341,4940.71398819459
2026-07-16_ttft_component_regression/phase1/input6000_rate5p0_reuse00_seed1,1,5472.069818,0.9992646584677571,4678.950608442685,4675.509981732984,4678.950608442685
2026-07-16_ttft_component_regression/phase1/input6000_rate5p0_reuse00_seed1,1,6236.382717,0.999321250790875,5252.038241481185,5248.473424678485,5252.038241481185
2026-07-16_ttft_component_regression/phase1/input6000_rate5p0_reuse00_seed1,1,8166.559564,0.9999451302406331,3873.4031433441514,3873.1906106457454,3873.4031433441514
2026-07-16_ttft_component_regression/phase1/input6000_rate5p0_reuse00_seed1,1,7657.930546,0.9996937406006625,6749.87912830131,6747.811914373876,6749.87912830131
2026-07-16_ttft_component_regression/phase1/input6000_rate5p0_reuse00_seed1,0,0.0,8.373103229346359e-11,0.3228371629923043,2.70314889200388e-11,0.0
2026-07-16_ttft_component_regression/phase1/input6000_rate5p0_reuse00_seed1,0,0.0,6.066955751625793e-13,0.8100054929071184,4.914267484041327e-13,0.0
2026-07-16_ttft_component_regression/phase1/input6000_rate5p0_reuse00_seed1,0,0.0,9.758880631499617e-12,0.9574683905979672,9.343819732279612e-12,0.0
2026-07-16_ttft_component_regression/phase1/input6000_rate5p0_reuse00_seed1,0,0.0,1.152987849401757e-09,0.8492753875902417,9.792042026875164e-10,0.0
2026-07-16_ttft_component_regression/phase1/input6000_rate5p0_reuse00_seed1,0,0.0,1.7259231501879017e-07,0.8001765514983687,1.3810432344685563e-07,0.0
2026-07-16_ttft_component_regression/phase1/input6000_rate5p0_reuse00_seed1,0,0.0,1.705666740754832e-06,1.0515609237348487,1.7936124934919599e-06,0.0
2026-07-16_ttft_component_regression/phase1/input6000_rate5p0_reuse00_seed1,0,0.0,1.2804594817624017e-08,1.7484530420407658,2.2388232760974138e-08,0.0
2026-07-16_ttft_component_regression/phase1/input6000_rate5p0_reuse00_seed1,0,0.0,0.023712453291393352,0.9789321415788298,0.023212882682631664,0.0
2026-07-16_ttft_component_regression/phase1/input6000_rate5p0_reuse00_seed1,0,0.0,1.4093615286357681e-08,1.4292486540408393,2.0143280678596115e-08,0.0
2026-07-16_ttft_component_regression/phase1/input6000_rate5p0_reuse00_seed1,0,0.0,4.866222270005259e-06,1.6183347589185113,7.875176644172852e-06,0.0
2026-07-16_ttft_component_regression/phase1/input6000_rate5p0_reuse00_seed1,1,10.359755,0.9998731435454199,1.417967747461025,1.4177878690998733,1.417967747461025
2026-07-16_ttft_component_regression/phase1/input6000_rate5p0_reuse00_seed1,1,1.767782,0.9998056588250489,3.2679568334864544,3.267321734915745,3.2679568334864544
2026-07-16_ttft_component_regression/phase1/input6000_rate5p0_reuse00_seed1,0,0.0,0.00065816616117543,1.8672660359837803,0.0012289713187967068,0.0
2026-07-16_ttft_component_regression/phase1/input6000_rate5p0_reuse00_seed1,1,0.616591,0.9994671550348183,2.9828135302304064,2.981224153058747,2.9828135302304064
2026-07-16_ttft_component_regression/phase1/input6000_rate5p0_reuse00_seed1,1,3.393753,0.9996872141344709,2.3253855738160123,2.3246582260766173,2.3253855738160123
2026-07-16_ttft_component_regression/phase1/input6000_rate5p0_reuse00_seed1,1,1741.248513,0.9813945529287289,847.4475243049261,831.6803842457911,847.4475243049261
2026-07-16_ttft_component_regression/phase1/input6000_rate5p0_reuse00_seed1,1,10469.059143,0.9993699113362942,3273.1178118340026,3271.0554574057924,3273.1178118340026
2026-07-16_ttft_component_regression/phase1/input6000_rate5p0_reuse00_seed1,1,4809.615087,0.9994740004185034,3103.688001475897,3102.055462886025,3103.688001475897
2026-07-16_ttft_component_regression/phase1/input6000_rate5p0_reuse00_seed1,1,3548.054665,0.9999806008838792,3367.2082823077985,3367.1429614433273,3367.2082823077985
2026-07-16_ttft_component_regression/phase1/input6000_rate5p0_reuse00_seed1,1,9831.403586,0.999870609644968,6996.091602927848,6995.186376151509,6996.091602927848
2026-07-16_ttft_component_regression/phase1/input6000_rate5p0_reuse00_seed1,1,10260.906766,0.999568927886665,8660.781902653129,8657.048481095218,8660.781902653129
2026-07-16_ttft_component_regression/phase1/input6000_rate5p0_reuse00_seed1,1,16660.82085,0.9997063355613377,3105.1783488112465,3104.2664683544963,3105.1783488112465
2026-07-16_ttft_component_regression/phase1/input6000_rate5p0_reuse00_seed1,1,3294.251655,0.9999671609805155,3048.5440285810973,3048.4439173843434,3048.5440285810973
2026-07-16_ttft_component_regression/phase1/input6000_rate5p0_reuse00_seed1,1,121.771079,0.9998909377547225,398.46115835471886,398.4177012861328,398.46115835471886
2026-07-16_ttft_component_regression/phase1/input6000_rate5p0_reuse00_seed1,1,15118.230402,0.9999578620339072,5853.483369964114,5853.236716080346,5853.483369964114
2026-07-16_ttft_component_regression/phase1/input6000_rate5p0_reuse00_seed1,1,15318.355889,0.9999778376851234,3333.4524530606304,3333.3785760377395,3333.4524530606304
2026-07-16_ttft_component_regression/phase1/input6000_rate5p0_reuse00_seed1,1,20908.192838,0.9999635933250738,9526.298406317368,9525.95158546804,9526.298406317368
2026-07-16_ttft_component_regression/phase1/input6000_rate5p0_reuse00_seed1,1,18355.29709,0.9999767005409449,3640.855084440232,3640.7702544862664,3640.855084440232
2026-07-16_ttft_component_regression/phase1/input6000_rate5p0_reuse00_seed1,1,13977.775039,0.999669084234373,11428.97203798014,11425.190010947861,11428.97203798014
2026-07-16_ttft_component_regression/phase1/input6000_rate5p0_reuse00_seed1,1,20506.800964,0.9999231252204257,448.87951041285334,448.8450028994349,448.87951041285334
2026-07-16_ttft_component_regression/phase1/input6000_rate5p0_reuse00_seed1,1,26657.459084,0.9999715486559859,12978.876100653595,12978.50683418474,12978.876100653595
2026-07-16_ttft_component_regression/phase1/input6000_rate5p0_reuse00_seed1,0,0.0,2.7073918271814274e-13,0.24392753962755684,6.604074272121211e-14,0.0
2026-07-16_ttft_component_regression/phase1/input6000_rate5p0_reuse00_seed1,0,0.0,4.882601151600718e-12,1.2176939275979786,5.945513773187092e-12,0.0
2026-07-16_ttft_component_regression/phase1/input6000_rate5p0_reuse00_seed1,0,0.0,6.155088607919368e-13,0.5406292115633992,3.327620701202308e-13,0.0
2026-07-16_ttft_component_regression/phase1/input6000_rate5p0_reuse00_seed1,0,0.0,2.2131659930601722e-10,0.9287556671398404,2.0554904583758077e-10,0.0
2026-07-16_ttft_component_regression/phase1/input6000_rate5p0_reuse00_seed1,1,0.969882,0.9984569729708861,1.4038002043041522,1.4016341026454353,1.4038002043041522
2026-07-16_ttft_component_regression/phase1/input6000_rate5p0_reuse00_seed1,0,0.0,1.9947347356604134e-11,1.0154851189630751,2.0256234403418932e-11,0.0
2026-07-16_ttft_component_regression/phase1/input6000_rate5p0_reuse00_seed1,0,0.0,1.1184064057504335e-06,2.0841269604474917,2.330900942961655e-06,0.0
2026-07-16_ttft_component_regression/phase1/input6000_rate5p0_reuse00_seed1,0,0.0,9.918106561000123e-06,1.7605213259085806,1.7461038113274527e-05,0.0
2026-07-16_ttft_component_regression/phase1/input6000_rate5p0_reuse00_seed1,1,1.026293,0.9999980388816638,3.001458180904748,3.001452294690074,3.001458180904748
2026-07-16_ttft_component_regression/phase1/input6000_rate5p0_reuse00_seed1,1,2.364045,0.9999483536966962,4.777013186942013,4.776766471870074,4.777013186942013
2026-07-16_ttft_component_regression/phase1/input6000_rate5p0_reuse00_seed1,1,5146.296055,0.9892526170491696,3695.7874863194565,3656.067442899094,3695.7874863194565
2026-07-16_ttft_component_regression/phase1/input6000_rate5p0_reuse00_seed1,0,0.0,0.2445744239731146,1.6343012973567383,0.39970829839953814,0.0
2026-07-16_ttft_component_regression/phase1/input6000_rate5p0_reuse00_seed1,0,0.0,0.3812420886209261,1.4880164325819292,0.5672944926597941,0.0
2026-07-16_ttft_component_regression/phase1/input6000_rate5p0_reuse00_seed1,1,4902.258204,0.5522749642999507,3190.9150815362373,1762.2625127395997,3190.9150815362373
2026-07-16_ttft_component_regression/phase1/input6000_rate5p0_reuse00_seed1,1,6878.454543,0.8651238623923626,4180.8844713414555,3616.982922063171,4180.8844713414555
2026-07-16_ttft_component_regression/phase1/input6000_rate5p0_reuse00_seed1,0,0.0,0.0007000738194874436,1.8194335466397356,0.0012737377922996654,0.0
2026-07-16_ttft_component_regression/phase1/input6000_rate5p0_reuse00_seed1,1,15255.746605,0.9995381782434962,5186.778541842293,5184.383174665503,5186.778541842293
2026-07-16_ttft_component_regression/phase1/input6000_rate5p0_reuse00_seed1,1,15957.383224,0.9992241728868406,6201.221559788589,6196.410483967797,6201.221559788589
2026-07-16_ttft_component_regression/phase1/input6000_rate5p0_reuse00_seed1,1,7221.75402,0.998002177142276,5649.40488605182,5638.1183758379275,5649.40488605182
2026-07-16_ttft_component_regression/phase1/input6000_rate5p0_reuse00_seed1,1,7486.73249,0.9994414483725927,6623.742530002625,6620.0428278329655,6623.742530002625
2026-07-16_ttft_component_regression/phase1/input6000_rate5p0_reuse00_seed1,1,4141.416834,0.998456340609614,3340.1695011003926,3335.013417084538,3340.1695011003926
2026-07-16_ttft_component_regression/phase1/input6000_rate5p0_reuse00_seed1,1,2575.944247,0.9995937236593787,2119.070103990262,2118.2091759428927,2119.070103990262
2026-07-16_ttft_component_regression/phase1/input6000_rate5p0_reuse00_seed1,1,12334.388502,0.9999824112128922,10946.181233910169,10945.988703858802,10946.181233910169
2026-07-16_ttft_component_regression/phase1/input6000_rate5p0_reuse00_seed1,1,5339.717841,0.9999550630933453,4774.295060647713,4774.080518596231,4774.295060647713
2026-07-16_ttft_component_regression/phase1/input6000_rate5p0_reuse00_seed1,1,8776.380636,0.999950006632244,4030.6664099448453,4030.464903356711,4030.6664099448453
2026-07-16_ttft_component_regression/phase1/input6000_rate5p0_reuse00_seed1,1,9849.794776,0.9999939036138098,4261.378673924441,4261.352694914342,4261.378673924441
2026-07-16_ttft_component_regression/phase1/input6000_rate5p0_reuse00_seed1,1,4860.877774,0.9923693953099331,3982.9419512957506,3952.549695761929,3982.9419512957506
2026-07-16_ttft_component_regression/phase1/input6000_rate5p0_reuse00_seed1,1,10253.959903,0.9993342658293936,11450.41974353743,11442.796807846371,11450.41974353743
2026-07-16_ttft_component_regression/phase1/input8000_rate2p5_reuse00_seed1,0,0.0,6.137015954887619e-12,0.8594714310674754,5.274589885231191e-12,0.0
2026-07-16_ttft_component_regression/phase1/input8000_rate2p5_reuse00_seed1,0,0.0,2.213664882106495e-10,0.6615817183958562,1.4645202166565754e-10,0.0
2026-07-16_ttft_component_regression/phase1/input8000_rate2p5_reuse00_seed1,0,0.0,2.9070517665560515e-07,0.5026134549221138,1.4611233320261713e-07,0.0
2026-07-16_ttft_component_regression/phase1/input8000_rate2p5_reuse00_seed1,0,0.0,1.0428449083208955e-08,1.0220456636968385,1.0658351164576983e-08,0.0
2026-07-16_ttft_component_regression/phase1/input8000_rate2p5_reuse00_seed1,0,0.0,4.5668922957994857e-10,2.860732917245671,1.3064659120109242e-09,0.0
2026-07-16_ttft_component_regression/phase1/input8000_rate2p5_reuse00_seed1,0,0.0,9.673112494800248e-09,2.2981374809187542,2.2230142381443967e-08,0.0
2026-07-16_ttft_component_regression/phase1/input8000_rate2p5_reuse00_seed1,0,0.0,8.080721557289708e-07,2.8184348766068905,2.277498746521446e-06,0.0
2026-07-16_ttft_component_regression/phase1/input8000_rate2p5_reuse00_seed1,0,0.0,1.7245545343842732e-07,3.288305463415518,5.67086209737381e-07,0.0
2026-07-16_ttft_component_regression/phase1/input8000_rate2p5_reuse00_seed1,0,0.0,1.741064730396156e-05,2.680513788101952,4.666948015804904e-05,0.0
2026-07-16_ttft_component_regression/phase1/input8000_rate2p5_reuse00_seed1,0,0.0,2.8461806254868255e-08,2.858318828741486,8.135291671828213e-08,0.0
2026-07-16_ttft_component_regression/phase1/input8000_rate2p5_reuse00_seed1,0,0.0,3.022024636654319e-05,2.715763425072296,8.207103977893193e-05,0.0
2026-07-16_ttft_component_regression/phase1/input8000_rate2p5_reuse00_seed1,0,0.0,0.00033144536278018744,2.898648278564775,0.0009607435302610676,0.0
2026-07-16_ttft_component_regression/phase1/input8000_rate2p5_reuse00_seed1,0,0.0,3.253373125077974e-05,2.021938716808716,6.57812108182012e-05,0.0
2026-07-16_ttft_component_regression/phase1/input8000_rate2p5_reuse00_seed1,0,0.0,0.0008917967657346696,2.6313520730154223,0.0023466312682243716,0.0
2026-07-16_ttft_component_regression/phase1/input8000_rate2p5_reuse00_seed1,0,0.0,1.4864094686190757e-06,2.5176083963941087,3.7421969586750905e-06,0.0
2026-07-16_ttft_component_regression/phase1/input8000_rate2p5_reuse00_seed1,0,0.0,0.0003644592581047594,2.4142825353057757,0.0008799076216728206,0.0
2026-07-16_ttft_component_regression/phase1/input8000_rate2p5_reuse00_seed1,0,0.0,1.3073357488839428e-07,2.5110718324980423,3.282813974640203e-07,0.0
2026-07-16_ttft_component_regression/phase1/input8000_rate2p5_reuse00_seed1,0,0.0,1.3418254820144771e-08,2.3148479757245433,3.1061220008168217e-08,0.0
2026-07-16_ttft_component_regression/phase1/input8000_rate2p5_reuse00_seed1,0,0.0,3.441649879438006e-07,2.063873634955676,7.103130446920481e-07,0.0
2026-07-16_ttft_component_regression/phase1/input8000_rate2p5_reuse00_seed1,0,0.0,4.526099183651071e-06,2.238476322599408,1.0131565856339431e-05,0.0
2026-07-16_ttft_component_regression/phase1/input8000_rate2p5_reuse00_seed1,0,0.0,5.863188342826093e-05,4.928551481031069,0.0002889702559059964,0.0
2026-07-16_ttft_component_regression/phase1/input8000_rate2p5_reuse00_seed1,0,0.0,0.0004381838477609811,4.604320918619526,0.002017539056447079,0.0
2026-07-16_ttft_component_regression/phase1/input8000_rate2p5_reuse00_seed1,0,0.0,0.021658575547238542,3.9846524779302297,0.08630189672274313,0.0
2026-07-16_ttft_component_regression/phase1/input8000_rate2p5_reuse00_seed1,0,0.0,0.0003507318074692677,4.895599620317851,0.0017170425034799405,0.0
2026-07-16_ttft_component_regression/phase1/input8000_rate2p5_reuse00_seed1,0,0.0,1.2815871565104763e-11,0.41765222981012806,5.35257733612622e-12,0.0
2026-07-16_ttft_component_regression/phase1/input8000_rate2p5_reuse00_seed1,0,0.0,3.8822548810653e-10,0.6283023401699409,2.439229826909504e-10,0.0
2026-07-16_ttft_component_regression/phase1/input8000_rate2p5_reuse00_seed1,0,0.0,1.1748942658547021e-08,0.4285289836904866,5.0347624569049585e-09,0.0
2026-07-16_ttft_component_regression/phase1/input8000_rate2p5_reuse00_seed1,0,0.0,9.705974895352248e-07,0.48094320795289314,4.668022702480957e-07,0.0
2026-07-16_ttft_component_regression/phase1/input8000_rate2p5_reuse00_seed1,0,0.0,4.437925372453968e-08,0.7807048252253295,3.464709752264731e-08,0.0
2026-07-16_ttft_component_regression/phase1/input8000_rate2p5_reuse00_seed1,0,0.0,5.378458893852879e-08,0.6065942279828985,3.2625421204544416e-08,0.0
2026-07-16_ttft_component_regression/phase1/input8000_rate2p5_reuse00_seed1,0,0.0,2.535543246754396e-07,2.8622618100821096,7.257388602996707e-07,0.0
2026-07-16_ttft_component_regression/phase1/input8000_rate2p5_reuse00_seed1,0,0.0,4.110097049110129e-05,2.944451222282598,0.00012101980279952419,0.0
2026-07-16_ttft_component_regression/phase1/input8000_rate2p5_reuse00_seed1,0,0.0,4.054397709647132e-06,3.811549779934126,1.5453538697970952e-05,0.0
2026-07-16_ttft_component_regression/phase1/input8000_rate2p5_reuse00_seed1,0,0.0,9.678598213788115e-07,3.6833772499709694,3.56499284722768e-06,0.0
2026-07-16_ttft_component_regression/phase1/input8000_rate2p5_reuse00_seed1,0,0.0,0.0004453634768567538,2.7061239075788115,0.0012052087522844842,0.0
2026-07-16_ttft_component_regression/phase1/input8000_rate2p5_reuse00_seed1,0,0.0,0.009431665592442599,2.299947945000767,0.021692339897272796,0.0
2026-07-16_ttft_component_regression/phase1/input8000_rate2p5_reuse00_seed1,0,0.0,0.00034604929529650493,2.9036528787171916,0.001004807032465752,0.0
2026-07-16_ttft_component_regression/phase1/input8000_rate2p5_reuse00_seed1,0,0.0,0.12345848906601536,2.3640943746101235,0.2918675194988324,0.0
2026-07-16_ttft_component_regression/phase1/input8000_rate2p5_reuse00_seed1,0,0.0,0.13267678659547397,2.3781600651344066,0.3155266354517161,0.0
2026-07-16_ttft_component_regression/phase1/input8000_rate2p5_reuse00_seed1,0,0.0,0.1273291099858844,2.0554371874291304,0.2617169877072406,0.0
2026-07-16_ttft_component_regression/phase1/input8000_rate2p5_reuse00_seed1,0,0.0,0.00905198913101824,2.7440833145999415,0.024839412338367176,0.0
2026-07-16_ttft_component_regression/phase1/input8000_rate2p5_reuse00_seed1,0,0.0,0.11371360870457124,1.9100559304787352,0.21719935268230464,0.0
2026-07-16_ttft_component_regression/phase1/input8000_rate2p5_reuse00_seed1,1,475.730004,0.8407092038439383,483.3135889841834,406.32618260184927,483.3135889841834
2026-07-16_ttft_component_regression/phase1/input8000_rate2p5_reuse00_seed1,1,4282.691841,0.8742080916238247,3850.8404020976204,3366.4358390656826,3850.8404020976204
2026-07-16_ttft_component_regression/phase1/input8000_rate2p5_reuse00_seed1,1,3956.153133,0.8242746846494524,3520.0737450220204,2901.507676120843,3520.0737450220204
2026-07-16_ttft_component_regression/phase1/input8000_rate2p5_reuse00_seed1,1,2535.414102,0.8381575374170956,2341.977132201771,1962.945785813388,2341.977132201771
2026-07-16_ttft_component_regression/phase1/input8000_rate2p5_reuse00_seed1,0,0.0,0.13895985234548613,2.0945236349329632,0.2910546950444155,0.0
2026-07-16_ttft_component_regression/phase1/input8000_rate2p5_reuse00_seed1,0,0.0,0.250199597618319,1.9330687742927628,0.4836530294965864,0.0
2026-07-16_ttft_component_regression/phase1/input8000_rate2p5_reuse00_seed1,0,0.0,0.1560755850408123,2.7004533749268944,0.42147484036715105,0.0
2026-07-16_ttft_component_regression/phase1/input8000_rate2p5_reuse00_seed1,1,932.370656,0.9630518351642474,824.724741750427,794.2526760481088,824.724741750427
2026-07-16_ttft_component_regression/phase1/input8000_rate2p5_reuse00_seed1,1,1123.048642,0.9584392423454541,707.9874697756896,678.562974121887,707.9874697756896
2026-07-16_ttft_component_regression/phase1/input8000_rate2p5_reuse00_seed1,0,0.0,0.39916460898326894,3.8179716052841273,1.5239991429324622,0.0
2026-07-16_ttft_component_regression/phase1/input8000_rate2p5_reuse00_seed1,1,2126.743706,0.9341447711508247,2052.3990074915246,1917.23780116335,2052.3990074915246
2026-07-16_ttft_component_regression/phase1/input8000_rate2p5_reuse00_seed1,0,0.0,4.5159617284441855e-10,1.8711116698717312,8.449868690786029e-10,0.0
2026-07-16_ttft_component_regression/phase1/input8000_rate2p5_reuse00_seed1,0,0.0,1.296842961225194e-09,2.446185422474351,3.1723183469875397e-09,0.0
2026-07-16_ttft_component_regression/phase1/input8000_rate2p5_reuse00_seed1,0,0.0,4.110910909526498e-11,0.7293865799973357,2.998443248973269e-11,0.0
2026-07-16_ttft_component_regression/phase1/input8000_rate2p5_reuse00_seed1,0,0.0,3.083216035400701e-08,2.548908150711781,7.858834483038109e-08,0.0
2026-07-16_ttft_component_regression/phase1/input8000_rate2p5_reuse00_seed1,0,0.0,2.9233998278381535e-08,1.8967310659598577,5.544903271682326e-08,0.0
2026-07-16_ttft_component_regression/phase1/input8000_rate2p5_reuse00_seed1,0,0.0,5.94214300283637e-07,2.2043448800357948,1.3098532504742874e-06,0.0
2026-07-16_ttft_component_regression/phase1/input8000_rate2p5_reuse00_seed1,0,0.0,5.585156652676495e-07,2.7871806722312478,1.5566840673723698e-06,0.0
2026-07-16_ttft_component_regression/phase1/input8000_rate2p5_reuse00_seed1,0,0.0,0.00028460119487107164,3.0125914445038826,0.0008573871247641727,0.0
2026-07-16_ttft_component_regression/phase1/input8000_rate2p5_reuse00_seed1,0,0.0,1.6993957799130614e-05,2.6496854620955843,4.5028642923822263e-05,0.0
2026-07-16_ttft_component_regression/phase1/input8000_rate2p5_reuse00_seed1,0,0.0,0.000470964154492756,2.7920149845944153,0.001314938976550614,0.0
2026-07-16_ttft_component_regression/phase1/input8000_rate2p5_reuse00_seed1,0,0.0,0.0003056777645765978,2.527415371524085,0.0007725746809240136,0.0
2026-07-16_ttft_component_regression/phase1/input8000_rate2p5_reuse00_seed1,0,0.0,0.0005540007892258271,2.340585328276728,0.0012966861191156989,0.0
2026-07-16_ttft_component_regression/phase1/input8000_rate2p5_reuse00_seed1,0,0.0,4.5296087304156484e-08,2.72889723100414,1.236083672196344e-07,0.0
2026-07-16_ttft_component_regression/phase1/input8000_rate2p5_reuse00_seed1,0,0.0,1.6656953751499264e-06,2.2250305375951323,3.7062230760395662e-06,0.0
2026-07-16_ttft_component_regression/phase1/input8000_rate2p5_reuse00_seed1,0,0.0,3.4483865169693027e-06,2.294720878840236,7.913084538800619e-06,0.0
2026-07-16_ttft_component_regression/phase1/input8000_rate2p5_reuse00_seed1,0,0.0,1.0064305502751657e-06,2.1874889282958874,2.2015556858256626e-06,0.0
2026-07-16_ttft_component_regression/phase1/input8000_rate2p5_reuse00_seed1,0,0.0,0.00010570733011761798,2.404773689295267,0.00025420220623249693,0.0
2026-07-16_ttft_component_regression/phase1/input8000_rate2p5_reuse00_seed1,0,0.0,0.0001100682741406714,5.66752786206183,0.0006238150104213147,0.0
2026-07-16_ttft_component_regression/phase1/input8000_rate2p5_reuse00_seed1,0,0.0,9.171711567457267e-05,4.789398474997426,0.0004392698139429608,0.0
2026-07-16_ttft_component_regression/phase1/input8000_rate2p5_reuse00_seed1,0,0.0,0.00228390829591364,4.166005869114168,0.009514775365294763,0.0
2026-07-16_ttft_component_regression/phase1/input8000_rate2p5_reuse00_seed1,0,0.0,0.0005274012323659664,4.176854222178627,0.0022028780641899976,0.0
2026-07-16_ttft_component_regression/phase1/input8000_rate2p5_reuse00_seed1,0,0.0,2.7411915076341733e-05,4.4416393623059385,0.00012175384099926704,0.0
2026-07-16_ttft_component_regression/phase1/input8000_rate2p5_reuse00_seed1,0,0.0,0.008262448077627424,5.36019084031602,0.04428829850428522,0.0
2026-07-16_ttft_component_regression/phase1/input8000_rate2p5_reuse00_seed1,0,0.0,3.3270731126822436e-10,0.4602715049894192,1.5313569487840877e-10,0.0
2026-07-16_ttft_component_regression/phase1/input8000_rate2p5_reuse00_seed1,0,0.0,5.77482775895333e-09,0.7413451809485339,4.281140729907873e-09,0.0
2026-07-16_ttft_component_regression/phase1/input8000_rate2p5_reuse00_seed1,0,0.0,8.499055937636299e-12,0.8025130545651329,6.820603341432435e-12,0.0
2026-07-16_ttft_component_regression/phase1/input8000_rate2p5_reuse00_seed1,0,0.0,2.0462512444666217e-07,0.7216778237288599,1.476734144909143e-07,0.0
2026-07-16_ttft_component_regression/phase1/input8000_rate2p5_reuse00_seed1,0,0.0,4.0668642453305627e-08,0.6512328975075105,2.648475786256317e-08,0.0
2026-07-16_ttft_component_regression/phase1/input8000_rate2p5_reuse00_seed1,0,0.0,0.00041221974360824574,0.5389487373427891,0.00022216531032543231,0.0
2026-07-16_ttft_component_regression/phase1/input8000_rate2p5_reuse00_seed1,0,0.0,2.5477085143803516e-06,0.5441804929437767,1.3864132752325567e-06,0.0
2026-07-16_ttft_component_regression/phase1/input8000_rate2p5_reuse00_seed1,0,0.0,1.9657812067369507e-05,0.6330915041097757,1.2445193809238259e-05,0.0
2026-07-16_ttft_component_regression/phase1/input8000_rate2p5_reuse00_seed1,0,0.0,0.00011281160917893977,0.5868147878031013,6.619952050206594e-05,0.0
2026-07-16_ttft_component_regression/phase1/input8000_rate2p5_reuse00_seed1,0,0.0,0.03552869794270503,2.6666039368734853,0.09474096580600613,0.0
2026-07-16_ttft_component_regression/phase1/input8000_rate2p5_reuse00_seed1,0,0.0,0.003311964258348603,2.621564253304426,0.008682527107908603,0.0
2026-07-16_ttft_component_regression/phase1/input8000_rate2p5_reuse00_seed1,0,0.0,0.06272148696307035,3.1086633567533912,0.19497998820318235,0.0
2026-07-16_ttft_component_regression/phase1/input8000_rate2p5_reuse00_seed1,1,1516.499242,0.7472931815244946,1297.6833993378534,969.7499561027057,1297.6833993378534
2026-07-16_ttft_component_regression/phase1/input8000_rate2p5_reuse00_seed1,1,720.268641,0.707617257793058,965.3572152606216,683.1034254534638,965.3572152606216
2026-07-16_ttft_component_regression/phase1/input8000_rate2p5_reuse00_seed1,1,1064.281002,0.7736582924261328,957.9641502977789,741.136908724831,957.9641502977789
2026-07-16_ttft_component_regression/phase1/input8000_rate2p5_reuse00_seed1,1,815.991261,0.8083449123135861,881.4779050760517,712.5381798850646,881.4779050760517
2026-07-16_ttft_component_regression/phase1/input8000_rate2p5_reuse00_seed1,1,1735.989721,0.8017328838810687,1741.6727203434434,1396.356292857935,1741.6727203434434
2026-07-16_ttft_component_regression/phase1/input8000_rate2p5_reuse00_seed1,0,0.0,0.04780982711796027,2.4346224088344752,0.11639887646388826,0.0
2026-07-16_ttft_component_regression/phase1/input8000_rate2p5_reuse00_seed1,1,2874.122198,0.904190728665977,2427.496181869018,2194.9195415180247,2427.496181869018
2026-07-16_ttft_component_regression/phase1/input8000_rate2p5_reuse00_seed1,1,774.797756,0.8946144731857609,682.7744847753528,610.8199360019815,682.7744847753528
2026-07-16_ttft_component_regression/phase1/input8000_rate2p5_reuse00_seed1,1,8988.204479,0.8442220342011744,6204.3844409844805,5237.878053734034,6204.3844409844805
2026-07-16_ttft_component_regression/phase1/input8000_rate2p5_reuse00_seed1,1,5868.001713,0.9107396922434505,12207.466525408325,11117.824306422603,12207.466525408325
2026-07-16_ttft_component_regression/phase1/input8000_rate2p5_reuse00_seed1,1,9113.262137,0.8869354610325628,8761.952811849653,7771.286656723432,8761.952811849653
2026-07-16_ttft_component_regression/phase1/input8000_rate2p5_reuse00_seed1,1,11024.693081,0.9183103526616792,9976.622598882588,9161.635817152348,9976.622598882588
2026-07-16_ttft_component_regression/phase1/input8000_rate2p5_reuse00_seed1,1,9793.656315,0.8018693226729312,10024.74205075927,8038.533118213188,10024.74205075927
2026-07-16_ttft_component_regression/phase1/input8000_rate2p5_reuse00_seed1,1,8791.258741,0.8861060441483251,9754.384342623716,8643.418922944662,9754.384342623716
2026-07-16_ttft_component_regression/phase1/input8000_rate2p5_reuse00_seed1,1,15737.112302,0.9162275022444547,12521.165166737646,11472.235885910304,12521.165166737646
2026-07-16_ttft_component_regression/phase1/input8000_rate2p5_reuse00_seed1,1,14831.629968,0.8520925361380618,11609.997556956556,9892.792262863813,11609.997556956556
2026-07-16_ttft_component_regression/phase1/input8000_rate2p5_reuse00_seed1,1,19207.570651,0.8604395778626952,13148.078963826332,11313.127513340112,13148.078963826332
2026-07-16_ttft_component_regression/phase1/input8000_rate2p5_reuse00_seed1,1,18340.633963,0.901420988026675,13418.296001104061,12095.533638949606,13418.296001104061
2026-07-16_ttft_component_regression/phase1/input8000_rate2p5_reuse00_seed1,1,12774.00315,0.8634835345583187,9690.995345228288,8368.014914085936,9690.995345228288
2026-07-16_ttft_component_regression/phase1/input8000_rate2p5_reuse00_seed1,0,0.0,0.2061447793790092,3.934807142823045,0.8111399503562062,0.0
2026-07-16_ttft_component_regression/phase1/input8000_rate2p5_reuse00_seed1,1,3295.362635,0.9347662532698515,3653.6213518005575,3415.2819418893373,3653.6213518005575
2026-07-16_ttft_component_regression/phase1/input8000_rate2p5_reuse00_seed1,1,11186.777243,0.8355718526391376,9353.89905893263,7815.854766071823,9353.89905893263
2026-07-16_ttft_component_regression/phase1/input8000_rate2p5_reuse00_seed1,0,0.0,0.0735434448617415,3.8138475099940443,0.2804834840623371,0.0
2026-07-16_ttft_component_regression/phase1/input8000_rate2p5_reuse00_seed1,0,0.0,9.268003129082221e-09,0.4121635060862754,3.8199326641011e-09,0.0
2026-07-16_ttft_component_regression/phase1/input8000_rate2p5_reuse00_seed1,0,0.0,4.646251968626111e-10,0.522577569786891,2.428027062382191e-10,0.0
2026-07-16_ttft_component_regression/phase1/input8000_rate2p5_reuse00_seed1,0,0.0,1.6211036893034065e-11,0.9079102853682399,1.4718167131669625e-11,0.0
2026-07-16_ttft_component_regression/phase1/input8000_rate2p5_reuse00_seed1,0,0.0,3.033629293430838e-07,0.9397797670244535,2.8509434306189905e-07,0.0
2026-07-16_ttft_component_regression/phase1/input8000_rate2p5_reuse00_seed1,0,0.0,5.3434142730959984e-06,0.7928532422664045,4.236543331196745e-06,0.0
2026-07-16_ttft_component_regression/phase1/input8000_rate2p5_reuse00_seed1,0,0.0,0.00020584456530143777,1.0333005405391262,0.00021269930059301712,0.0
2026-07-16_ttft_component_regression/phase1/input8000_rate2p5_reuse00_seed1,0,0.0,0.004678551997006614,0.7904153358598944,0.0036979992480519626,0.0
2026-07-16_ttft_component_regression/phase1/input8000_rate2p5_reuse00_seed1,0,0.0,0.10119184780479244,1.0498138074738737,0.10623259902926589,0.0
2026-07-16_ttft_component_regression/phase1/input8000_rate2p5_reuse00_seed1,0,0.0,9.697495983958823e-06,3.1424673628903026,3.047406463135038e-05,0.0
2026-07-16_ttft_component_regression/phase1/input8000_rate2p5_reuse00_seed1,0,0.0,0.0009279560728414806,2.747863897486209,0.0025498969910141877,0.0
2026-07-16_ttft_component_regression/phase1/input8000_rate2p5_reuse00_seed1,0,0.0,0.0003276574779416237,2.8042360280371597,0.0009188289044996921,0.0
2026-07-16_ttft_component_regression/phase1/input8000_rate2p5_reuse00_seed1,0,0.0,0.023476581863190186,2.7745231407291375,0.06513631964464314,0.0
2026-07-16_ttft_component_regression/phase1/input8000_rate2p5_reuse00_seed1,0,0.0,0.0009535028125347876,3.1036863180121026,0.0029593736334502787,0.0
2026-07-16_ttft_component_regression/phase1/input8000_rate2p5_reuse00_seed1,0,0.0,0.0009027996593804444,3.122937550531039,0.002819386956885821,0.0
2026-07-16_ttft_component_regression/phase1/input8000_rate2p5_reuse00_seed1,0,0.0,0.008599586216080677,4.729763290586269,0.040674007199050066,0.0
2026-07-16_ttft_component_regression/phase1/input8000_rate2p5_reuse00_seed1,0,0.0,0.18599479359924687,2.3778399759221545,0.44226585553367925,0.0
2026-07-16_ttft_component_regression/phase1/input8000_rate2p5_reuse00_seed1,1,3621.71884,0.9203866975763465,4106.149123406574,3779.245031448187,4106.149123406574
2026-07-16_ttft_component_regression/phase1/input8000_rate2p5_reuse00_seed1,1,6499.255195,0.9388906221320473,12655.341133728029,11881.981110339198,12655.341133728029
2026-07-16_ttft_component_regression/phase1/input8000_rate2p5_reuse00_seed1,1,6589.259579,0.9391406871318008,11303.586823573087,10615.658296544398,11303.586823573087
2026-07-16_ttft_component_regression/phase1/input8000_rate2p5_reuse00_seed1,1,4130.405551,0.9160332979866715,4388.9122034898355,4020.3897203367437,4388.9122034898355
2026-07-16_ttft_component_regression/phase1/input8000_rate2p5_reuse00_seed1,1,16.079498,0.9027540994626214,3.680182760511994,3.3223000738238695,3.680182760511994
2026-07-16_ttft_component_regression/phase1/input8000_rate2p5_reuse00_seed1,1,4202.173564,0.9481326131496115,4250.088767589585,4029.6477693325246,4250.088767589585
2026-07-16_ttft_component_regression/phase1/input8000_rate2p5_reuse00_seed1,1,5442.545088,0.932884651544752,4449.070689751749,4150.46976010703,4449.070689751749
2026-07-16_ttft_component_regression/phase1/input8000_rate2p5_reuse00_seed1,1,8297.171584,0.9460575054115289,7494.165030488144,7089.911073885928,7494.165030488144
2026-07-16_ttft_component_regression/phase1/input8000_rate2p5_reuse00_seed1,1,5713.153457,0.8971088215397023,4775.38829073024,4284.0429618914995,4775.38829073024
2026-07-16_ttft_component_regression/phase1/input8000_rate2p5_reuse00_seed1,1,4927.517656,0.9638014372268047,4020.271896544458,3874.7438319320804,4020.271896544458
2026-07-16_ttft_component_regression/phase1/input8000_rate2p5_reuse00_seed1,1,5258.992246,0.8675416581859527,4053.3970934295107,3516.490835719959,4053.3970934295107
2026-07-16_ttft_component_regression/phase1/input8000_rate2p5_reuse00_seed1,1,4656.368603,0.9026008378327096,4117.107573549692,3716.104745333346,4117.107573549692
2026-07-16_ttft_component_regression/phase1/input8000_rate2p5_reuse00_seed1,1,8415.952791,0.9397445079523563,7646.898333475109,7186.13071175326,7646.898333475109
2026-07-16_ttft_component_regression/phase1/input8000_rate2p5_reuse00_seed1,1,3172.086614,0.9312746695124141,3602.0196208780617,3354.469632010448,3602.0196208780617
2026-07-16_ttft_component_regression/phase1/input8000_rate2p5_reuse00_seed1,1,7951.226948,0.9418809799506788,6954.969700605626,6550.753677133705,6954.969700605626
2026-07-16_ttft_component_regression/phase1/input8000_rate2p5_reuse00_seed1,1,8279.416557,0.9323999668157362,8942.280405589869,8337.781953429001,8942.280405589869
2026-07-16_ttft_component_regression/phase1/input8000_rate2p5_reuse00_seed1,1,12677.458409,0.9559125511248993,10662.98516573698,10192.881352386594,10662.98516573698
2026-07-16_ttft_component_regression/phase1/input8000_rate2p5_reuse00_seed1,1,14813.846565,0.9698747179155512,12594.110001651166,12214.708885248847,12594.110001651166
2026-07-16_ttft_component_regression/phase1/input8000_rate2p5_reuse00_seed1,1,19158.341557,0.9897373608967199,13195.518604249632,13060.0977590336,13195.518604249632
2026-07-16_ttft_component_regression/phase1/input8000_rate2p5_reuse00_seed1,1,18188.768894,0.9917529604849868,12771.49063992638,12666.163651953286,12771.49063992638
2026-07-16_ttft_component_regression/phase1/input8000_rate2p5_reuse00_seed1,1,23990.175792,0.9901371974377381,14380.12655646791,14238.298207421129,14380.12655646791
2026-07-16_ttft_component_regression/phase1/input8000_rate2p5_reuse00_seed1,1,23433.483762,0.9915484109720537,16004.096239692075,15868.836195510497,16004.096239692075
2026-07-16_ttft_component_regression/phase1/input8000_rate2p5_reuse00_seed1,1,28137.851091,0.9987441263118625,16087.209888724612,16067.006385109817,16087.209888724612
2026-07-16_ttft_component_regression/phase1/input8000_rate2p5_reuse00_seed1,1,28636.079251,0.9991237920084706,24416.32359957977,24394.929821718048,24416.32359957977
2026-07-16_ttft_component_regression/phase1/input8000_rate2p5_reuse00_seed1,1,28241.800016,0.9986473091865056,22013.468855213127,21983.691438119535,22013.468855213127
2026-07-16_ttft_component_regression/phase1/input8000_rate2p5_reuse00_seed1,1,29200.654656,0.9996388412468589,25838.641685838425,25829.309834224307,25838.641685838425
2026-07-16_ttft_component_regression/phase1/input8000_rate2p5_reuse00_seed1,1,36166.732834,0.9998654427461485,25779.817923512473,25776.349062007896,25779.817923512473
2026-07-16_ttft_component_regression/phase1/input8000_rate2p5_reuse00_seed1,1,34804.065436,0.999883351848267,26188.618887118053,26185.56403312843,26188.618887118053
2026-07-16_ttft_component_regression/phase1/input8000_rate2p5_reuse00_seed1,1,38468.172948,0.9994081755851368,26982.648966889832,26966.679976453543,26982.648966889832
2026-07-16_ttft_component_regression/phase1/input8000_rate2p5_reuse00_seed1,1,38716.130751,0.9996880393654549,23292.307088418882,23285.04080551956,23292.307088418882
2026-07-16_ttft_component_regression/phase1/input8000_rate2p5_reuse00_seed1,1,36644.472412,0.9996393064067826,23560.587296219866,23552.08914332968,23560.587296219866
2026-07-16_ttft_component_regression/phase1/input8000_rate2p5_reuse00_seed1,1,38995.347898,0.9995013696211855,26552.419204882925,26539.179362036353,26552.419204882925
2026-07-16_ttft_component_regression/phase1/input8000_rate2p5_reuse00_seed1,1,40043.422353,0.9997859991724228,25354.639477156066,25349.213563325033,25354.639477156066
2026-07-16_ttft_component_regression/phase1/input8000_rate2p5_reuse00_seed1,0,0.0,6.977757969669577e-12,0.6150983742914242,4.2920075833427856e-12,0.0
2026-07-16_ttft_component_regression/phase1/input8000_rate2p5_reuse00_seed1,0,0.0,3.1864071914091296e-10,1.0289492570116874,3.2786513121371213e-10,0.0
2026-07-16_ttft_component_regression/phase1/input8000_rate2p5_reuse00_seed1,0,0.0,1.1254430795022567e-08,0.8332939045429893,9.378248580593216e-09,0.0
2026-07-16_ttft_component_regression/phase1/input8000_rate2p5_reuse00_seed1,0,0.0,4.374708920144171e-06,0.8083862863291711,3.5364546977264445e-06,0.0
2026-07-16_ttft_component_regression/phase1/input8000_rate2p5_reuse00_seed1,0,0.0,0.00024903471778176927,0.5333822989279046,0.000132830710283302,0.0
2026-07-16_ttft_component_regression/phase1/input8000_rate2p5_reuse00_seed1,0,0.0,2.524880736454111e-07,0.6347920132492747,1.6027741259080165e-07,0.0
2026-07-16_ttft_component_regression/phase1/input8000_rate2p5_reuse00_seed1,0,0.0,0.003908730390839094,0.8441625114297623,0.0032996036632325656,0.0
2026-07-16_ttft_component_regression/phase1/input8000_rate2p5_reuse00_seed1,0,0.0,0.03231480997263447,1.0773938778452692,0.03481577842824963,0.0
2026-07-16_ttft_component_regression/phase1/input8000_rate2p5_reuse00_seed1,0,0.0,5.276624483288733e-06,2.792417591582231,1.4734539031308958e-05,0.0
2026-07-16_ttft_component_regression/phase1/input8000_rate2p5_reuse00_seed1,0,0.0,4.568159554325763e-08,3.1559263845729673,1.441677526643576e-07,0.0
2026-07-16_ttft_component_regression/phase1/input8000_rate2p5_reuse00_seed1,0,0.0,0.00024197426342984713,3.943235836521615,0.0009541615870724949,0.0
2026-07-16_ttft_component_regression/phase1/input8000_rate2p5_reuse00_seed1,0,0.0,6.685772555934958e-07,3.147006684045512,2.104017092153536e-06,0.0
2026-07-16_ttft_component_regression/phase1/input8000_rate2p5_reuse00_seed1,0,0.0,8.6017010570848e-08,3.151175215077522,2.7105467178591744e-07,0.0
2026-07-16_ttft_component_regression/phase1/input8000_rate2p5_reuse00_seed1,0,0.0,2.217743938573908e-06,2.8542773798006396,6.3300563580614845e-06,0.0
2026-07-16_ttft_component_regression/phase1/input8000_rate2p5_reuse00_seed1,0,0.0,1.770105187591869e-05,3.2767014376467367,5.800106212968224e-05,0.0
2026-07-16_ttft_component_regression/phase1/input8000_rate2p5_reuse00_seed1,0,0.0,0.0005284197976777677,2.131467997458918,0.001126309887973878,0.0
2026-07-16_ttft_component_regression/phase1/input8000_rate2p5_reuse00_seed1,0,0.0,0.010269455787053117,1.9451497882662552,0.01997562974979604,0.0
2026-07-16_ttft_component_regression/phase1/input8000_rate2p5_reuse00_seed1,0,0.0,3.056206170679592e-05,3.0905106974016485,9.445237863950207e-05,0.0
2026-07-16_ttft_component_regression/phase1/input8000_rate2p5_reuse00_seed1,0,0.0,3.791463240233741e-05,2.0337824166857765,7.711011271497863e-05,0.0
2026-07-16_ttft_component_regression/phase1/input8000_rate2p5_reuse00_seed1,0,0.0,0.19225546434603635,3.1882730104007684,0.6129629080765349,0.0
2026-07-16_ttft_component_regression/phase1/input8000_rate2p5_reuse00_seed1,0,0.0,0.0009198123703488216,2.8731728850589167,0.0026427799618280044,0.0
2026-07-16_ttft_component_regression/phase1/input8000_rate2p5_reuse00_seed1,0,0.0,7.0215684181285595e-06,2.3381160714555596,1.6417241965251176e-05,0.0
2026-07-16_ttft_component_regression/phase1/input8000_rate2p5_reuse00_seed1,0,0.0,8.997944057047625e-05,4.70792734373987,0.0004236166686361617,0.0
2026-07-16_ttft_component_regression/phase1/input8000_rate2p5_reuse00_seed1,0,0.0,4.084471818459592e-06,2.9173822106737477,1.1915965423172267e-05,0.0
2026-07-16_ttft_component_regression/phase1/input8000_rate2p5_reuse00_seed1,0,0.0,5.1133136905718906e-08,5.156551892055748,2.6367067385793043e-07,0.0
2026-07-16_ttft_component_regression/phase1/input8000_rate2p5_reuse00_seed1,0,0.0,1.5351659894630702e-11,0.45966187681293014,7.056572799359738e-12,0.0
2026-07-16_ttft_component_regression/phase1/input8000_rate2p5_reuse00_seed1,0,0.0,1.060041638144304e-08,0.6451429793801035,6.838784206993818e-09,0.0
2026-07-16_ttft_component_regression/phase1/input8000_rate2p5_reuse00_seed1,0,0.0,2.696128594702019e-07,0.5764642785117321,1.5542218251197496e-07,0.0
2026-07-16_ttft_component_regression/phase1/input8000_rate2p5_reuse00_seed1,0,0.0,5.689662201098625e-10,0.7668725367127958,4.3632456851954113e-10,0.0
2026-07-16_ttft_component_regression/phase1/input8000_rate2p5_reuse00_seed1,0,0.0,1.3145882849661353e-05,0.765687411536495,1.0065637011519204e-05,0.0
2026-07-16_ttft_component_regression/phase1/input8000_rate2p5_reuse00_seed1,0,0.0,3.6326711584042187e-06,0.846716425202966,3.075842337181937e-06,0.0
2026-07-16_ttft_component_regression/phase1/input8000_rate2p5_reuse00_seed1,0,0.0,0.00033552057805840525,0.8585407404497812,0.0002880580855224019,0.0
2026-07-16_ttft_component_regression/phase1/input8000_rate2p5_reuse00_seed1,0,0.0,0.00014111299855351859,0.851440566133287,0.00012014933137717358,0.0
2026-07-16_ttft_component_regression/phase1/input8000_rate2p5_reuse00_seed1,0,0.0,0.004498291914105406,2.4252636190749337,0.010909543727258787,0.0
2026-07-16_ttft_component_regression/phase1/input8000_rate2p5_reuse00_seed1,0,0.0,0.00019320719043671778,3.247072589682479,0.0006273577721966291,0.0
2026-07-16_ttft_component_regression/phase1/input8000_rate2p5_reuse00_seed1,0,0.0,0.0016708579787838896,3.601099256628857,0.00601692542533106,0.0
2026-07-16_ttft_component_regression/phase1/input8000_rate2p5_reuse00_seed1,0,0.0,0.05412316018039379,2.7383502343649986,0.1482081683645557,0.0
2026-07-16_ttft_component_regression/phase1/input8000_rate2p5_reuse00_seed1,1,2554.586442,0.7793141127306513,2629.572256536964,2049.2627699642408,2629.572256536964
2026-07-16_ttft_component_regression/phase1/input8000_rate2p5_reuse00_seed1,0,0.0,0.0774833690310976,2.358261998299295,0.1827260846862379,0.0
2026-07-16_ttft_component_regression/phase1/input8000_rate2p5_reuse00_seed1,0,0.0,0.07025364706740642,2.4955095726651315,0.17531864877135037,0.0
2026-07-16_ttft_component_regression/phase1/input8000_rate2p5_reuse00_seed1,1,1514.518108,0.7764891210291793,1726.6986501279532,1340.7627171201248,1726.6986501279532
2026-07-16_ttft_component_regression/phase1/input8000_rate2p5_reuse00_seed1,0,0.0,0.009304707703098465,3.9838974740901603,0.037069001515521234,0.0
2026-07-16_ttft_component_regression/phase1/input8000_rate2p5_reuse00_seed1,0,0.0,0.013894978121202882,2.418686222514134,0.03360759214388873,0.0
2026-07-16_ttft_component_regression/phase1/input8000_rate2p5_reuse00_seed1,0,0.0,0.0008246947652914145,2.5208208430362213,0.0020789077534894623,0.0
2026-07-16_ttft_component_regression/phase1/input8000_rate2p5_reuse00_seed1,0,0.0,1.456887370822884e-06,2.629966937462442,3.831565616870769e-06,0.0
2026-07-16_ttft_component_regression/phase1/input8000_rate2p5_reuse00_seed1,0,0.0,8.532442688296608e-05,2.5652737181396605,0.00021888050979820202,0.0
2026-07-16_ttft_component_regression/phase1/input8000_rate2p5_reuse00_seed1,0,0.0,0.0021111139169500658,2.4326924437749082,0.005135690873712474,0.0
2026-07-16_ttft_component_regression/phase1/input8000_rate2p5_reuse00_seed1,0,0.0,6.094759753373213e-07,2.1973326658161967,1.3392214696388827e-06,0.0
2026-07-16_ttft_component_regression/phase1/input8000_rate2p5_reuse00_seed1,0,0.0,6.503708652423303e-05,3.9801184001543075,0.0002588553047675276,0.0
2026-07-16_ttft_component_regression/phase1/input8000_rate2p5_reuse00_seed1,0,0.0,3.172236246139063e-07,5.6870918387988025,1.8040798866159214e-06,0.0
2026-07-16_ttft_component_regression/phase1/input8000_rate2p5_reuse00_seed1,0,0.0,0.0007029238528499149,4.257993818271215,0.0029930454201503227,0.0
2026-07-16_ttft_component_regression/phase1/input8000_rate2p5_reuse00_seed1,0,0.0,2.6247965418931104e-08,4.949978645314875,1.2992686830667227e-07,0.0
2026-07-16_ttft_component_regression/phase1/input8000_rate2p5_reuse00_seed1,0,0.0,3.9117690303035445e-06,4.466701441509421,1.747270436650875e-05,0.0
2026-07-16_ttft_component_regression/phase1/input8000_rate2p5_reuse00_seed1,0,0.0,0.16740239860775372,4.294665948665465,0.7189373810256429,0.0
2026-07-16_ttft_component_regression/phase1/input8000_rate2p5_reuse00_seed1,0,0.0,0.018378667138990317,4.41478711021292,0.08113790278810822,0.0
2026-07-16_ttft_component_regression/phase1/input8000_rate2p5_reuse00_seed1,0,0.0,1.553904434321254e-11,0.5538186321762182,8.60581228348357e-12,0.0
2026-07-16_ttft_component_regression/phase1/input8000_rate2p5_reuse00_seed1,0,0.0,7.768776661213672e-10,0.6077726630201461,4.721650079794593e-10,0.0
2026-07-16_ttft_component_regression/phase1/input8000_rate2p5_reuse00_seed1,0,0.0,1.2403336409926346e-08,0.7638638162522612,9.474459884346959e-09,0.0
2026-07-16_ttft_component_regression/phase1/input8000_rate2p5_reuse00_seed1,0,0.0,4.008561559348367e-08,0.9696074108418352,3.8867309947598796e-08,0.0
2026-07-16_ttft_component_regression/phase1/input8000_rate2p5_reuse00_seed1,0,0.0,3.4577147236401807e-07,0.9959353520706354,3.4436603306484033e-07,0.0
2026-07-16_ttft_component_regression/phase1/input8000_rate2p5_reuse00_seed1,0,0.0,2.3608084401415517e-08,3.089765832963534,7.294345256521303e-08,0.0
2026-07-16_ttft_component_regression/phase1/input8000_rate2p5_reuse00_seed1,0,0.0,5.555456066154756e-08,2.9638957433247923,1.6465792586703977e-07,0.0
2026-07-16_ttft_component_regression/phase1/input8000_rate2p5_reuse00_seed1,0,0.0,5.733410765455169e-07,3.0090026750553953,1.7251848330446005e-06,0.0
2026-07-16_ttft_component_regression/phase1/input8000_rate2p5_reuse00_seed1,0,0.0,1.1929394273002764e-08,3.9170628664389375,4.672818732588845e-08,0.0
2026-07-16_ttft_component_regression/phase1/input8000_rate2p5_reuse00_seed1,0,0.0,1.522020396021766e-06,3.2458205769189568,4.940205119897788e-06,0.0
2026-07-16_ttft_component_regression/phase1/input8000_rate2p5_reuse00_seed1,0,0.0,7.627970989284477e-08,1.7159847095859493,1.308948158277737e-07,0.0
2026-07-16_ttft_component_regression/phase1/input8000_rate2p5_reuse00_seed1,0,0.0,8.878061951414022e-08,3.2111033491414163,2.8508374466070543e-07,0.0
2026-07-16_ttft_component_regression/phase1/input8000_rate2p5_reuse00_seed1,0,0.0,2.2671722888227648e-05,2.311383956589821,5.2403056552099625e-05,0.0
2026-07-16_ttft_component_regression/phase1/input8000_rate2p5_reuse00_seed1,0,0.0,0.01309433874318544,2.0627591377994774,0.027010466895947494,0.0
2026-07-16_ttft_component_regression/phase1/input8000_rate2p5_reuse00_seed1,0,0.0,0.0005094339785766402,2.3139219896297973,0.0011787904852930827,0.0
2026-07-16_ttft_component_regression/phase1/input8000_rate2p5_reuse00_seed1,0,0.0,1.6556910035243428e-06,2.2449858150285467,3.717002816982529e-06,0.0
2026-07-16_ttft_component_regression/phase1/input8000_rate2p5_reuse00_seed1,1,1361.966611,0.8622382382360271,1333.3656407752685,1149.678841026519,1333.3656407752685
2026-07-16_ttft_component_regression/phase1/input8000_rate2p5_reuse00_seed1,0,0.0,0.287696034003501,2.8714434562961473,0.8261028942417069,0.0
2026-07-16_ttft_component_regression/phase1/input8000_rate2p5_reuse00_seed1,1,7343.939497,0.8459475878666106,6424.332298964572,5434.648411962637,6424.332298964572
2026-07-16_ttft_component_regression/phase1/input8000_rate2p5_reuse00_seed1,1,5029.041618,0.9407444847057153,3994.521755487422,3757.824310511784,3994.521755487422
2026-07-16_ttft_component_regression/phase1/input8000_rate2p5_reuse00_seed1,1,6123.489626,0.962026172713867,5138.415449256171,4943.29014846172,5138.415449256171
2026-07-16_ttft_component_regression/phase1/input8000_rate2p5_reuse00_seed1,1,4639.135376,0.8860474786535875,3957.198249496803,3506.265531499032,3957.198249496803
2026-07-16_ttft_component_regression/phase1/input8000_rate2p5_reuse00_seed1,1,4979.253827,0.9338075733478481,4004.7981175841237,3739.7108119292607,4004.7981175841237
2026-07-16_ttft_component_regression/phase1/input8000_rate2p5_reuse00_seed1,0,0.0,0.12645185270769657,3.3470814244236875,0.4232446472818914,0.0
2026-07-16_ttft_component_regression/phase1/input8000_rate2p5_reuse00_seed1,1,4741.400411,0.9711645808094228,3972.2389543938875,3857.6977790188,3972.2389543938875
2026-07-16_ttft_component_regression/phase1/input8000_rate2p5_reuse00_seed1,1,3720.782686,0.7942972444944226,10509.92884841548,8348.007524128856,10509.92884841548
2026-07-16_ttft_component_regression/phase1/input8000_rate2p5_reuse00_seed1,0,0.0,0.12639691961498434,4.315441920926692,0.5454585655825047,0.0
2026-07-16_ttft_component_regression/phase1/input8000_rate2p5_reuse00_seed1,1,5671.088187,0.8477324519961915,10826.003250243637,9177.554280647777,10826.003250243637
2026-07-16_ttft_component_regression/phase1/input8000_rate2p5_reuse00_seed1,1,4853.496545,0.8612418360993626,10565.786774307804,9099.697601339214,10565.786774307804
2026-07-16_ttft_component_regression/phase1/input8000_rate2p5_reuse00_seed1,0,0.0,6.291922060334446e-09,0.6007396054656251,3.779806776145778e-09,0.0
2026-07-16_ttft_component_regression/phase1/input8000_rate2p5_reuse00_seed1,0,0.0,4.796193856713222e-06,0.7250928518706691,3.477685881688773e-06,0.0
2026-07-16_ttft_component_regression/phase1/input8000_rate2p5_reuse00_seed1,0,0.0,2.1196067753713453e-07,0.6362146480271046,1.3485248785487466e-07,0.0
2026-07-16_ttft_component_regression/phase1/input8000_rate2p5_reuse00_seed1,0,0.0,7.565619592563584e-12,0.7608323621321283,5.756168225603262e-12,0.0
2026-07-16_ttft_component_regression/phase1/input8000_rate2p5_reuse00_seed1,0,0.0,2.0946298357062552e-10,0.746637050162691,1.5639282417144804e-10,0.0
2026-07-16_ttft_component_regression/phase1/input8000_rate2p5_reuse00_seed1,0,0.0,0.007288568698860304,0.6627447016935417,0.004830460288099058,0.0
2026-07-16_ttft_component_regression/phase1/input8000_rate2p5_reuse00_seed1,0,0.0,0.00036930585220782975,0.7163094109214346,0.00026453725744482893,0.0
2026-07-16_ttft_component_regression/phase1/input8000_rate2p5_reuse00_seed1,0,0.0,1.8481500848650372e-08,0.4457972489562331,8.239002234910624e-09,0.0
2026-07-16_ttft_component_regression/phase1/input8000_rate2p5_reuse00_seed1,0,0.0,4.317690979217194e-07,3.2300316007278953,1.3946278305049306e-06,0.0
2026-07-16_ttft_component_regression/phase1/input8000_rate2p5_reuse00_seed1,0,0.0,0.00734783309604423,2.6100244023220873,0.019178023684865292,0.0
2026-07-16_ttft_component_regression/phase1/input8000_rate2p5_reuse00_seed1,0,0.0,0.000385733533888226,3.0317654730608554,0.001169453609844073,0.0
2026-07-16_ttft_component_regression/phase1/input8000_rate2p5_reuse00_seed1,0,0.0,1.7844686676013167e-05,3.495805019534561,6.238154525402833e-05,0.0
2026-07-16_ttft_component_regression/phase1/input8000_rate2p5_reuse00_seed1,0,0.0,0.00024908373743687674,5.553392836498992,0.001383259843170347,0.0
2026-07-16_ttft_component_regression/phase1/input8000_rate2p5_reuse00_seed1,0,0.0,8.590201013987903e-06,5.697639741471981,4.894387068453038e-05,0.0
2026-07-16_ttft_component_regression/phase1/input8000_rate2p5_reuse00_seed1,0,0.0,0.0004093194605282634,3.3253861611824793,0.0013611452695433653,0.0
2026-07-16_ttft_component_regression/phase1/input8000_rate2p5_reuse00_seed1,0,0.0,0.011444590124157711,3.2309786389946358,0.036977226223202535,0.0
2026-07-16_ttft_component_regression/phase1/input8000_rate2p5_reuse00_seed1,0,0.0,1.0776351666552998e-07,2.0563527725997184,2.2159980628025852e-07,0.0
2026-07-16_ttft_component_regression/phase1/input8000_rate2p5_reuse00_seed1,0,0.0,1.1289947699595887e-07,2.145901550052558,2.4227116268575125e-07,0.0
2026-07-16_ttft_component_regression/phase1/input8000_rate2p5_reuse00_seed1,0,0.0,2.2675044870207876e-06,2.201016819780125,4.990815514859658e-06,0.0
2026-07-16_ttft_component_regression/phase1/input8000_rate2p5_reuse00_seed1,0,0.0,4.354925737240416e-05,2.554649172379882,0.00011125307430417077,0.0
2026-07-16_ttft_component_regression/phase1/input8000_rate2p5_reuse00_seed1,0,0.0,4.345806873075149e-06,2.334590092334179,1.0145677669079022e-05,0.0
2026-07-16_ttft_component_regression/phase1/input8000_rate2p5_reuse00_seed1,0,0.0,0.015306988442497478,1.8510179691668083,0.028333510660891487,0.0
2026-07-16_ttft_component_regression/phase1/input8000_rate2p5_reuse00_seed1,0,0.0,0.2965407017319035,1.8575432622862513,0.5508371824957342,0.0
2026-07-16_ttft_component_regression/phase1/input8000_rate2p5_reuse00_seed1,0,0.0,0.0012281133681838635,2.436131531339797,0.0029918457002926315,0.0
2026-07-16_ttft_component_regression/phase1/input8000_rate2p5_reuse00_seed1,1,3088.98941,0.9277323142966454,2277.575292615306,2112.980197202857,2277.575292615306
2026-07-16_ttft_component_regression/phase1/input8000_rate2p5_reuse00_seed1,1,1002.754564,0.96006234903355,897.8664868295617,862.0078084640901,897.8664868295617
2026-07-16_ttft_component_regression/phase1/input8000_rate2p5_reuse00_seed1,1,781.64896,0.8978225125504476,781.4273589266974,701.5830747672279,781.4273589266974
2026-07-16_ttft_component_regression/phase1/input8000_rate2p5_reuse00_seed1,1,2726.939279,0.9661845954394132,2239.430178034788,2163.7029405793546,2239.430178034788
2026-07-16_ttft_component_regression/phase1/input8000_rate2p5_reuse00_seed1,1,3341.861234,0.965050993686069,3253.7976635474233,3140.08066845985,3253.7976635474233
2026-07-16_ttft_component_regression/phase1/input8000_rate2p5_reuse00_seed1,0,0.0,0.0005643118480086674,5.2053823166331,0.002937458914690863,0.0
2026-07-16_ttft_component_regression/phase1/input8000_rate2p5_reuse00_seed1,0,0.0,5.881415129259672e-12,0.648041182509506,3.811399215194737e-12,0.0
2026-07-16_ttft_component_regression/phase1/input8000_rate2p5_reuse00_seed1,0,0.0,2.0062100578847694e-10,0.4235023071263815,8.496345880943512e-11,0.0
2026-07-16_ttft_component_regression/phase1/input8000_rate2p5_reuse00_seed1,0,0.0,2.2109100113414686e-10,0.7999916162304969,1.7687094733132475e-10,0.0
2026-07-16_ttft_component_regression/phase1/input8000_rate2p5_reuse00_seed1,0,0.0,1.5270511281535456e-08,0.9772846522413602,1.4923636307323146e-08,0.0
2026-07-16_ttft_component_regression/phase1/input8000_rate2p5_reuse00_seed1,0,0.0,3.063663859499926e-08,0.7955753738659297,2.437375520421191e-08,0.0
2026-07-16_ttft_component_regression/phase1/input8000_rate2p5_reuse00_seed1,0,0.0,0.00036717479087461884,0.7182261239408481,0.00026371452685866896,0.0
2026-07-16_ttft_component_regression/phase1/input8000_rate2p5_reuse00_seed1,0,0.0,7.027893789363854e-07,0.8072674688350792,5.673390030581531e-07,0.0
2026-07-16_ttft_component_regression/phase1/input8000_rate2p5_reuse00_seed1,0,0.0,1.327114712859495e-05,1.0896734113903943,1.4461216164679895e-05,0.0
2026-07-16_ttft_component_regression/phase1/input8000_rate2p5_reuse00_seed1,0,0.0,0.00016402347228631478,3.099802113912494,0.0005084403061243859,0.0
2026-07-16_ttft_component_regression/phase1/input8000_rate2p5_reuse00_seed1,0,0.0,0.00026300800373052475,2.7911046435672655,0.0007340828605076243,0.0
2026-07-16_ttft_component_regression/phase1/input8000_rate2p5_reuse00_seed1,0,0.0,0.00027758346437410555,3.525874371370696,0.0009787244229529494,0.0
2026-07-16_ttft_component_regression/phase1/input8000_rate2p5_reuse00_seed1,0,0.0,0.00028781071069031703,2.896599459669094,0.0008336723490725503,0.0
2026-07-16_ttft_component_regression/phase1/input8000_rate2p5_reuse00_seed1,0,0.0,3.3503524505642493e-09,2.3257105392366624,7.791950004434653e-09,0.0
2026-07-16_ttft_component_regression/phase1/input8000_rate2p5_reuse00_seed1,0,0.0,3.0642767275317017e-10,0.6063586568911699,1.8580507208489918e-10,0.0
2026-07-16_ttft_component_regression/phase1/input8000_rate2p5_reuse00_seed1,0,0.0,5.418981247993138e-08,3.5861032913959323,1.9433026489441028e-07,0.0
2026-07-16_ttft_component_regression/phase1/input8000_rate2p5_reuse00_seed1,0,0.0,1.2683469603000005e-06,2.260556115760574,2.8671694780125e-06,0.0
2026-07-16_ttft_component_regression/phase1/input8000_rate2p5_reuse00_seed1,0,0.0,2.760242567004122e-05,2.8275674658379257,7.804772080281816e-05,0.0
2026-07-16_ttft_component_regression/phase1/input8000_rate2p5_reuse00_seed1,0,0.0,0.009086945679378029,2.1756345853498,0.019769873295249773,0.0
2026-07-16_ttft_component_regression/phase1/input8000_rate2p5_reuse00_seed1,0,0.0,0.000563037684875154,2.423149764356143,0.0013643246334288576,0.0
2026-07-16_ttft_component_regression/phase1/input8000_rate2p5_reuse00_seed1,0,0.0,0.018402599268268215,4.775194331883217,0.08787598771775261,0.0
2026-07-16_ttft_component_regression/phase1/input8000_rate2p5_reuse00_seed1,0,0.0,0.14902487501616415,2.3322964133480952,0.3475701814998478,0.0
2026-07-16_ttft_component_regression/phase1/input8000_rate2p5_reuse00_seed1,0,0.0,0.45601767004042265,1.9188576068629277,0.8750329750209737,0.0
2026-07-16_ttft_component_regression/phase1/input8000_rate2p5_reuse00_seed1,0,0.0,0.03182824926145088,2.436591470372663,0.07755244066734622,0.0
2026-07-16_ttft_component_regression/phase1/input8000_rate2p5_reuse00_seed1,0,0.0,0.0011239582639316892,2.767477269388187,0.003110528947171958,0.0
2026-07-16_ttft_component_regression/phase1/input8000_rate2p5_reuse00_seed1,0,0.0,0.0001008479728644395,6.598084572634727,0.0006654034539383439,0.0
2026-07-16_ttft_component_regression/phase1/input8000_rate2p5_reuse00_seed1,0,0.0,7.137882023099344e-08,4.661662466965292,3.32743967207085e-07,0.0
2026-07-16_ttft_component_regression/phase1/input8000_rate2p5_reuse00_seed1,0,0.0,2.8972568204668054e-12,0.5603922066424688,1.6236001428313361e-12,0.0
2026-07-16_ttft_component_regression/phase1/input8000_rate2p5_reuse00_seed1,0,0.0,1.0450609426119774e-10,0.3929662133249918,4.1067364131207534e-11,0.0
2026-07-16_ttft_component_regression/phase1/input8000_rate2p5_reuse00_seed1,0,0.0,1.3724058911597972e-07,0.26093162039632356,3.5810409302178636e-08,0.0
2026-07-16_ttft_component_regression/phase1/input8000_rate2p5_reuse00_seed1,0,0.0,4.923222559881331e-09,0.6973721278162827,3.43331819229757e-09,0.0
2026-07-16_ttft_component_regression/phase1/input8000_rate2p5_reuse00_seed1,0,0.0,2.156008710544691e-10,2.888071966064942,6.226708315515945e-10,0.0
2026-07-16_ttft_component_regression/phase1/input8000_rate2p5_reuse00_seed1,0,0.0,4.566631649605485e-09,2.3204108860489345,1.0596461792320172e-08,0.0
2026-07-16_ttft_component_regression/phase1/input8000_rate2p5_reuse00_seed1,1,0.434811,0.9853351223152416,3.1515653959164633,3.105348074869831,3.1515653959164633
2026-07-16_ttft_component_regression/phase1/input8000_rate2p5_reuse00_seed1,0,0.0,4.30950052658462e-06,2.906030167536212,1.2523538537268096e-05,0.0
2026-07-16_ttft_component_regression/phase1/input8000_rate2p5_reuse00_seed1,0,0.0,6.530866774981241e-05,3.304986045656401,0.00021584423557354025,0.0
2026-07-16_ttft_component_regression/phase1/input8000_rate2p5_reuse00_seed1,0,0.0,0.0007575300815213224,2.5560340032221065,0.0019362726468321145,0.0
2026-07-16_ttft_component_regression/phase1/input8000_rate2p5_reuse00_seed1,0,0.0,1.5073498579918475e-07,2.9417098904307775,4.4341859855940457e-07,0.0
2026-07-16_ttft_component_regression/phase1/input8000_rate2p5_reuse00_seed1,0,0.0,1.1104107400641204e-05,2.7123688024029278,3.011843449203067e-05,0.0
2026-07-16_ttft_component_regression/phase1/input8000_rate2p5_reuse00_seed1,0,0.0,0.00029595323968677754,1.8647697855721448,0.0005518846593100937,0.0
2026-07-16_ttft_component_regression/phase1/input8000_rate2p5_reuse00_seed1,0,0.0,0.002842605888161071,2.7368233989268957,0.00777971030864659,0.0
2026-07-16_ttft_component_regression/phase1/input8000_rate2p5_reuse00_seed1,1,0.771466,0.9874825324633718,2.052206921484102,2.0265184879659808,2.052206921484102
2026-07-16_ttft_component_regression/phase1/input8000_rate2p5_reuse00_seed1,0,0.0,0.00025528753032282416,2.5958146380574494,0.0006626791081255219,0.0
2026-07-16_ttft_component_regression/phase1/input8000_rate2p5_reuse00_seed1,1,4.719764,0.9945645883206824,3.0327868146692003,3.016302369795867,3.0327868146692003
2026-07-16_ttft_component_regression/phase1/input8000_rate2p5_reuse00_seed1,0,0.0,1.3524987701390861e-05,2.53781262829416,3.432388458611293e-05,0.0
2026-07-16_ttft_component_regression/phase1/input8000_rate2p5_reuse00_seed1,0,0.0,0.0030272211254684283,2.2530315091960778,0.0068204245809843815,0.0
2026-07-16_ttft_component_regression/phase1/input8000_rate2p5_reuse00_seed1,0,0.0,0.10825550976146522,2.188618426230894,0.2369300034049612,0.0
2026-07-16_ttft_component_regression/phase1/input8000_rate2p5_reuse00_seed1,0,0.0,1.1513386989436193e-06,2.4672852430719314,2.8406809816812293e-06,0.0
2026-07-16_ttft_component_regression/phase1/input8000_rate2p5_reuse00_seed1,0,0.0,3.756888400646866e-05,2.0957204493766644,7.873387847261627e-05,0.0
2026-07-16_ttft_component_regression/phase1/input8000_rate2p5_reuse00_seed1,0,0.0,1.6649610686888787e-06,2.534285531194157,4.219486746379786e-06,0.0
2026-07-16_ttft_component_regression/phase1/input8000_rate2p5_reuse00_seed1,0,0.0,0.00044445643924977,5.248782335910976,0.0023328551074160825,0.0
2026-07-16_ttft_component_regression/phase1/input8000_rate2p5_reuse00_seed1,0,0.0,2.824415249374662e-05,4.947835086123744,0.00013974740868638897,0.0
2026-07-16_ttft_component_regression/phase1/input8000_rate2p5_reuse00_seed1,0,0.0,0.01049289977950235,3.9724500450488067,0.04168252020177672,0.0
2026-07-16_ttft_component_regression/phase1/input8000_rate2p5_reuse00_seed1,0,0.0,0.0005932766999926402,5.35723839745417,0.0031783247175154704,0.0
2026-07-16_ttft_component_regression/phase1/input8000_rate2p5_reuse00_seed1,0,0.0,6.050313633743391e-12,0.18963564277787082,1.1473551149426432e-12,0.0
2026-07-16_ttft_component_regression/phase1/input8000_rate2p5_reuse00_seed1,0,0.0,1.8327945564925167e-10,0.3668704525608042,6.72398168391388e-11,0.0
2026-07-16_ttft_component_regression/phase1/input8000_rate2p5_reuse00_seed1,0,0.0,5.5466214707579495e-09,0.19876296880445912,1.1024629503624055e-09,0.0
2026-07-16_ttft_component_regression/phase1/input8000_rate2p5_reuse00_seed1,0,0.0,4.58214816126174e-07,0.23264595470510208,1.0660182335769656e-07,0.0
2026-07-16_ttft_component_regression/phase1/input8000_rate2p5_reuse00_seed1,0,0.0,2.0951240716615804e-08,0.49478263150569396,1.0366310015076408e-08,0.0
2026-07-16_ttft_component_regression/phase1/input8000_rate2p5_reuse00_seed1,0,0.0,2.539145615842609e-08,0.3471979177174078,8.81586070601839e-09,0.0
2026-07-16_ttft_component_regression/phase1/input8000_rate2p5_reuse00_seed1,0,0.0,1.1970183885003644e-07,2.8883415050973924,3.4573978938703974e-07,0.0
2026-07-16_ttft_component_regression/phase1/input8000_rate2p5_reuse00_seed1,0,0.0,1.9403998904541084e-05,2.968494122058252,5.760065669255497e-05,0.0
2026-07-16_ttft_component_regression/phase1/input8000_rate2p5_reuse00_seed1,0,0.0,1.914066485284403e-06,3.8456218582543786,7.360775913961833e-06,0.0
2026-07-16_ttft_component_regression/phase1/input8000_rate2p5_reuse00_seed1,0,0.0,4.569223743412195e-07,3.7165416987998627,1.6981710573537828e-06,0.0
2026-07-16_ttft_component_regression/phase1/input8000_rate2p5_reuse00_seed1,0,0.0,0.000210303479909081,2.703190349661491,0.000568490337390457,0.0
2026-07-16_ttft_component_regression/phase1/input8000_rate2p5_reuse00_seed1,0,0.0,0.0015977505575656698,2.3134221050107246,0.003696271458165631,0.0
2026-07-16_ttft_component_regression/phase1/input8000_rate2p5_reuse00_seed1,0,0.0,4.303696660822917e-05,2.911585708993042,0.0001253058169349308,0.0
2026-07-16_ttft_component_regression/phase1/input8000_rate2p5_reuse00_seed1,0,0.0,0.062419308688390976,2.375212888982074,0.148259146518017,0.0
2026-07-16_ttft_component_regression/phase1/input8000_rate2p5_reuse00_seed1,0,0.0,0.05304307992243758,2.200480399403516,0.11672025769331805,0.0
2026-07-16_ttft_component_regression/phase1/input8000_rate2p5_reuse00_seed1,0,0.0,0.06487818721902627,2.024251108190239,0.13132974237548772,0.0
2026-07-16_ttft_component_regression/phase1/input8000_rate2p5_reuse00_seed1,0,0.0,0.00432836029221624,4.172958613221956,0.01806206836253166,0.0
2026-07-16_ttft_component_regression/phase1/input8000_rate2p5_reuse00_seed1,0,0.0,0.0030776219770702927,1.9290652330231848,0.0059369335563543785,0.0
2026-07-16_ttft_component_regression/phase1/input8000_rate2p5_reuse00_seed1,1,170.373219,0.8600924593389686,255.5975892182442,219.8375591118311,255.5975892182442
2026-07-16_ttft_component_regression/phase1/input8000_rate2p5_reuse00_seed1,0,0.0,0.05085156817733766,2.7563442145542694,0.14016442574661664,0.0
2026-07-16_ttft_component_regression/phase1/input8000_rate2p5_reuse00_seed1,0,0.0,9.760074326706848e-07,2.2630673223259326,2.2087705272242548e-06,0.0
2026-07-16_ttft_component_regression/phase1/input8000_rate2p5_reuse00_seed1,0,0.0,3.6266406620353885e-05,2.928938840935772,0.00010622208697152472,0.0
2026-07-16_ttft_component_regression/phase1/input8000_rate2p5_reuse00_seed1,0,0.0,1.2808722646932144e-06,2.1977515928312865,2.815039059942929e-06,0.0
2026-07-16_ttft_component_regression/phase1/input8000_rate2p5_reuse00_seed1,0,0.0,3.253206873325274e-05,2.0181160175589015,6.565348899490447e-05,0.0
2026-07-16_ttft_component_regression/phase1/input8000_rate2p5_reuse00_seed1,0,0.0,0.0005396719044390368,2.2737989127180334,0.0012271053895379523,0.0
2026-07-16_ttft_component_regression/phase1/input8000_rate2p5_reuse00_seed1,0,0.0,0.013214287882122134,2.3904170470387673,0.03158765901790256,0.0
2026-07-16_ttft_component_regression/phase1/input8000_rate2p5_reuse00_seed1,0,0.0,0.01577400415985214,4.201545657781259,0.06627519868365027,0.0
2026-07-16_ttft_component_regression/phase1/input8000_rate2p5_reuse00_seed1,0,0.0,5.950672111751557e-10,1.4331107276595207,8.527972040135491e-10,0.0
2026-07-16_ttft_component_regression/phase1/input8000_rate2p5_reuse00_seed1,0,0.0,6.122335585671402e-10,2.4694586439554365,1.5118854533232213e-09,0.0
2026-07-16_ttft_component_regression/phase1/input8000_rate2p5_reuse00_seed1,0,0.0,1.9407420086127235e-11,0.44967029164287503,8.726940250164625e-12,0.0
2026-07-16_ttft_component_regression/phase1/input8000_rate2p5_reuse00_seed1,0,0.0,1.4555720399894652e-08,2.5728750924987502,3.74500504702649e-08,0.0
2026-07-16_ttft_component_regression/phase1/input8000_rate2p5_reuse00_seed1,0,0.0,1.3891926679136263e-08,1.8854282540099332,2.6192231063477895e-08,0.0
2026-07-16_ttft_component_regression/phase1/input8000_rate2p5_reuse00_seed1,0,0.0,1.686611268372691e-07,2.2480100311727695,3.7915190499908375e-07,0.0
2026-07-16_ttft_component_regression/phase1/input8000_rate2p5_reuse00_seed1,0,0.0,7.583041086673862e-08,2.846303229611274,2.1583634335274796e-07,0.0
2026-07-16_ttft_component_regression/phase1/input8000_rate2p5_reuse00_seed1,0,0.0,8.006651457752127e-05,3.046317594416298,0.00024390803208109208,0.0
2026-07-16_ttft_component_regression/phase1/input8000_rate2p5_reuse00_seed1,0,0.0,2.8780822278190673e-06,2.696203668605961,7.759895861195387e-06,0.0
2026-07-16_ttft_component_regression/phase1/input8000_rate2p5_reuse00_seed1,0,0.0,0.00017309901940929225,2.5862117219434047,0.00044767071305322053,0.0
2026-07-16_ttft_component_regression/phase1/input8000_rate2p5_reuse00_seed1,0,0.0,0.00014660545168877152,4.030293945710834,0.0005908630643494581,0.0
2026-07-16_ttft_component_regression/phase1/input8000_rate2p5_reuse00_seed1,0,0.0,0.00026350563105362784,2.3448069626494914,0.0006178698383918946,0.0
2026-07-16_ttft_component_regression/phase1/input8000_rate2p5_reuse00_seed1,0,0.0,5.857805423943382e-08,2.6878269729850106,1.5744767420972917e-07,0.0
2026-07-16_ttft_component_regression/phase1/input8000_rate2p5_reuse00_seed1,0,0.0,7.877204308992313e-07,2.3099478405831317,1.8195931083388935e-06,0.0
2026-07-16_ttft_component_regression/phase1/input8000_rate2p5_reuse00_seed1,0,0.0,2.712810152764482e-06,2.3311818038871834,6.324053665524971e-06,0.0
2026-07-16_ttft_component_regression/phase1/input8000_rate2p5_reuse00_seed1,0,0.0,1.6980758051561383e-06,2.483132945263999,4.216547975338898e-06,0.0
2026-07-16_ttft_component_regression/phase1/input8000_rate2p5_reuse00_seed1,0,0.0,1.8034381604455734e-05,2.4894762632779903,4.489616492718979e-05,0.0
2026-07-16_ttft_component_regression/phase1/input8000_rate2p5_reuse00_seed1,0,0.0,3.1231729303094505e-05,5.7512453133083605,0.00017962133678093767,0.0
2026-07-16_ttft_component_regression/phase1/input8000_rate2p5_reuse00_seed1,0,0.0,4.4461990654630967e-05,4.871967514196033,0.00021661737408584968,0.0
2026-07-16_ttft_component_regression/phase1/input8000_rate2p5_reuse00_seed1,0,0.0,0.0011000403436845654,4.830205685692029,0.005313421122555801,0.0
2026-07-16_ttft_component_regression/phase1/input8000_rate2p5_reuse00_seed1,0,0.0,0.0006992580044022664,4.149954760117291,0.0029018890839193033,0.0
2026-07-16_ttft_component_regression/phase1/input8000_rate2p5_reuse00_seed1,0,0.0,3.642144583642213e-05,4.518460520734671,0.00016456886511994956,0.0
2026-07-16_ttft_component_regression/phase1/input8000_rate2p5_reuse00_seed1,0,0.0,0.013919212062317773,5.687314065269436,0.07916293053948786,0.0
2026-07-16_ttft_component_regression/phase1/input8000_rate2p5_reuse00_seed1,0,0.0,1.5706958138010437e-10,0.22539999157689428,3.5403482320061837e-11,0.0
2026-07-16_ttft_component_regression/phase1/input8000_rate2p5_reuse00_seed1,0,0.0,2.7262694582495535e-09,0.45087976627486925,1.2292197361378731e-09,0.0
2026-07-16_ttft_component_regression/phase1/input8000_rate2p5_reuse00_seed1,0,0.0,4.0123649610631135e-12,0.5130891817992869,2.0587010549520002e-12,0.0
2026-07-16_ttft_component_regression/phase1/input8000_rate2p5_reuse00_seed1,0,0.0,9.660258435685303e-08,0.43253021159340665,4.1783536252339555e-08,0.0
2026-07-16_ttft_component_regression/phase1/input8000_rate2p5_reuse00_seed1,0,0.0,1.9199478235412147e-08,0.38609960550464567,7.41291097258766e-09,0.0
2026-07-16_ttft_component_regression/phase1/input8000_rate2p5_reuse00_seed1,0,0.0,0.00019464939073219592,0.2817444419429968,5.4841383966386876e-05,0.0
2026-07-16_ttft_component_regression/phase1/input8000_rate2p5_reuse00_seed1,0,0.0,1.2027630124551646e-06,0.2949672478201394,3.5477569556375994e-07,0.0
2026-07-16_ttft_component_regression/phase1/input8000_rate2p5_reuse00_seed1,0,0.0,9.280458376960365e-06,0.3601531407675392,3.3423862322246945e-06,0.0
2026-07-16_ttft_component_regression/phase1/input8000_rate2p5_reuse00_seed1,0,0.0,5.3261010316295057e-05,0.33202490981307065,1.7683982146820892e-05,0.0
2026-07-16_ttft_component_regression/phase1/input8000_rate2p5_reuse00_seed1,0,0.0,0.017093536147661667,2.6925715524535883,0.046025569162030905,0.0
2026-07-16_ttft_component_regression/phase1/input8000_rate2p5_reuse00_seed1,0,0.0,0.0015663015168955225,2.642449180456307,0.004138872159668044,0.0
2026-07-16_ttft_component_regression/phase1/input8000_rate2p5_reuse00_seed1,0,0.0,0.03062453135582762,3.1067522605606412,0.0951428320183277,0.0
2026-07-16_ttft_component_regression/phase1/input8000_rate2p5_reuse00_seed1,0,0.0,4.034496014127649e-05,3.323778719998264,0.00013409771997675295,0.0
2026-07-16_ttft_component_regression/phase1/input8000_rate2p5_reuse00_seed1,0,0.0,0.044802170988417295,2.9587573188316343,0.13255875131152597,0.0
2026-07-16_ttft_component_regression/phase1/input8000_rate2p5_reuse00_seed1,0,0.0,4.852092412289478e-06,2.651268981439716,1.28642021077821e-05,0.0
2026-07-16_ttft_component_regression/phase1/input8000_rate2p5_reuse00_seed1,0,0.0,7.895935592706832e-06,3.0527136724089705,2.4104030540316774e-05,0.0
2026-07-16_ttft_component_regression/phase1/input8000_rate2p5_reuse00_seed1,0,0.0,0.06893363488041002,1.9903035044177646,0.1371988550747347,0.0
2026-07-16_ttft_component_regression/phase1/input8000_rate2p5_reuse00_seed1,0,0.0,0.0005466170064712141,3.1447276999006575,0.001718961641486804,0.0
2026-07-16_ttft_component_regression/phase1/input8000_rate2p5_reuse00_seed1,0,0.0,2.5984874131097693e-05,3.1476466275101265,8.179120142502477e-05,0.0
2026-07-16_ttft_component_regression/phase1/input8000_rate2p5_reuse00_seed1,0,0.0,0.008578701125549312,3.5369675083265495,0.030342587144712316,0.0
2026-07-16_ttft_component_regression/phase1/input8000_rate2p5_reuse00_seed1,0,0.0,0.11921758445641875,2.0413778644056975,0.24336813795724999,0.0
2026-07-16_ttft_component_regression/phase1/input8000_rate2p5_reuse00_seed1,0,0.0,0.006140353744217447,2.681664970711654,0.016466371543646077,0.0
2026-07-16_ttft_component_regression/phase1/input8000_rate2p5_reuse00_seed1,1,1293.251558,0.8321203653423463,824.082187569803,685.7355709927044,824.082187569803
2026-07-16_ttft_component_regression/phase1/input8000_rate2p5_reuse00_seed1,0,0.0,1.7894228134615515e-06,2.086402333917288,3.733455934371021e-06,0.0
2026-07-16_ttft_component_regression/phase1/input8000_rate2p5_reuse00_seed1,0,0.0,1.6299207458816248e-07,3.0812038117687277,5.022118015091391e-07,0.0
2026-07-16_ttft_component_regression/phase1/input8000_rate2p5_reuse00_seed1,0,0.0,1.2487778495171807e-07,6.218184961332596,7.765131643912992e-07,0.0
2026-07-16_ttft_component_regression/phase1/input8000_rate2p5_reuse00_seed1,0,0.0,1.1198464333282522e-07,4.10697329618425,4.5991793975063085e-07,0.0
2026-07-16_ttft_component_regression/phase1/input8000_rate2p5_reuse00_seed1,0,0.0,6.926005647640613e-08,5.152502753798762,3.568626317229404e-07,0.0
2026-07-16_ttft_component_regression/phase1/input8000_rate2p5_reuse00_seed1,0,0.0,4.375381391626445e-09,0.17614880932687485,7.70718222485963e-10,0.0
2026-07-16_ttft_component_regression/phase1/input8000_rate2p5_reuse00_seed1,0,0.0,2.1934740447019159e-10,0.2764338271169708,6.063504248586921e-11,0.0
2026-07-16_ttft_component_regression/phase1/input8000_rate2p5_reuse00_seed1,0,0.0,7.653155466872465e-12,0.60156310952807,4.603856000353548e-12,0.0
2026-07-16_ttft_component_regression/phase1/input8000_rate2p5_reuse00_seed1,0,0.0,1.4321625743361685e-07,0.6283154083818514,8.998498127632333e-08,0.0
2026-07-16_ttft_component_regression/phase1/input8000_rate2p5_reuse00_seed1,0,0.0,2.5226082563375707e-06,0.5049804152911053,1.2738677649021174e-06,0.0
2026-07-16_ttft_component_regression/phase1/input8000_rate2p5_reuse00_seed1,0,0.0,9.718882745381135e-05,0.6923700288674043,6.729063126978453e-05,0.0
2026-07-16_ttft_component_regression/phase1/input8000_rate2p5_reuse00_seed1,0,0.0,0.0022141914127627913,0.5029339558767969,0.0011135920462892242,0.0
2026-07-16_ttft_component_regression/phase1/input8000_rate2p5_reuse00_seed1,0,0.0,0.05046819598199377,0.7206816277620763,0.03637150163051875,0.0
2026-07-16_ttft_component_regression/phase1/input8000_rate2p5_reuse00_seed1,0,0.0,4.578166395882345e-06,3.171801460817773,1.4521034862326461e-05,0.0
2026-07-16_ttft_component_regression/phase1/input8000_rate2p5_reuse00_seed1,0,0.0,0.0004382984762213959,2.7694771725793523,0.00121385762467147,0.0
2026-07-16_ttft_component_regression/phase1/input8000_rate2p5_reuse00_seed1,0,0.0,0.00015471233930487686,2.801224810118465,0.0004333840432922872,0.0
2026-07-16_ttft_component_regression/phase1/input8000_rate2p5_reuse00_seed1,0,0.0,0.00883343742494163,2.7194747675218576,0.024022310187612014,0.0
2026-07-16_ttft_component_regression/phase1/input8000_rate2p5_reuse00_seed1,0,0.0,0.00045037096154785383,3.132745795316517,0.0014108977361216959,0.0
2026-07-16_ttft_component_regression/phase1/input8000_rate2p5_reuse00_seed1,0,0.0,0.0004256097264469181,3.150777443104924,0.0013410015256550068,0.0
2026-07-16_ttft_component_regression/phase1/input8000_rate2p5_reuse00_seed1,0,0.0,0.020728191549327705,4.268713671200432,0.08848271464587644,0.0
2026-07-16_ttft_component_regression/phase1/input8000_rate2p5_reuse00_seed1,1,3.757597,0.9834911663688201,2.8664128557783055,2.8190917228239862,2.8664128557783055
2026-07-16_ttft_component_regression/phase1/input8000_rate2p5_reuse00_seed1,1,1988.497756,0.81018432204352,2291.459126321377,1856.5042587491214,2291.459126321377
2026-07-16_ttft_component_regression/phase1/input8000_rate2p5_reuse00_seed1,1,0.230396,0.9956012410247949,3.090003982440966,3.0764117996897844,3.090003982440966
2026-07-16_ttft_component_regression/phase1/input8000_rate2p5_reuse00_seed1,0,0.0,0.012772499885418403,2.5651024762465005,0.03276277108394489,0.0
2026-07-16_ttft_component_regression/phase1/input8000_rate2p5_reuse00_seed1,1,3.213916,0.9910531198109586,2.2493383862893674,2.2292138252426246,2.2493383862893674
2026-07-16_ttft_component_regression/phase1/input8000_rate2p5_reuse00_seed1,1,1.626099,0.9877342750269453,3.2666758989334412,3.2266077507810174,3.2666758989334412
2026-07-16_ttft_component_regression/phase1/input8000_rate2p5_reuse00_seed1,1,2.833983,0.9924745694140584,2.7339375028042756,2.7133634459006197,2.7339375028042756
2026-07-16_ttft_component_regression/phase1/input8000_rate2p5_reuse00_seed1,0,0.0,0.050882469069637205,2.206536218592882,0.11227401089358655,0.0
2026-07-16_ttft_component_regression/phase1/input8000_rate2p5_reuse00_seed1,1,0.062481,0.9955899769680269,2.0252857474827457,2.01635419069002,2.0252857474827457
2026-07-16_ttft_component_regression/phase1/input8000_rate2p5_reuse00_seed1,0,0.0,0.4033763878916174,2.0718348591544435,0.8357292617936574,0.0
2026-07-16_ttft_component_regression/phase1/input8000_rate2p5_reuse00_seed1,1,5888.680973,0.9008900132754643,5127.96995166722,4619.736917833664,5127.96995166722
2026-07-16_ttft_component_regression/phase1/input8000_rate2p5_reuse00_seed1,1,3815.93373,0.9559829088389961,3753.828878941212,3588.5962509740475,3753.828878941212
2026-07-16_ttft_component_regression/phase1/input8000_rate2p5_reuse00_seed1,1,3535.098362,0.949110415036763,3573.1704596280456,3391.3332979346756,3573.1704596280456
2026-07-16_ttft_component_regression/phase1/input8000_rate2p5_reuse00_seed1,1,4122.492477,0.9569020765707578,3907.757491566968,3739.341258415367,3907.757491566968
2026-07-16_ttft_component_regression/phase1/input8000_rate2p5_reuse00_seed1,1,1305.350459,0.9556822347206128,1149.1965394836586,1098.2667169869378,1149.1965394836586
2026-07-16_ttft_component_regression/phase1/input8000_rate2p5_reuse00_seed1,1,6061.50246,0.9615685501602834,4974.906243727516,4783.713383964409,4974.906243727516
2026-07-16_ttft_component_regression/phase1/input8000_rate2p5_reuse00_seed1,1,3205.373813,0.9498270130694489,2502.345206662229,2376.7950733126377,2502.345206662229
2026-07-16_ttft_component_regression/phase1/input8000_rate2p5_reuse00_seed1,1,4676.336077,0.9543206632786971,3942.041529337476,3761.9716869495096,3942.041529337476
2026-07-16_ttft_component_regression/phase1/input8000_rate2p5_reuse00_seed1,1,4682.50262,0.9073380671805583,4074.9284979540976,3697.3377472326465,4074.9284979540976
2026-07-16_ttft_component_regression/phase1/input8000_rate2p5_reuse00_seed1,1,10336.901016,0.9624612954918937,11896.292259252787,11449.720859390625,11896.292259252787
2026-07-16_ttft_component_regression/phase1/input8000_rate2p5_reuse00_seed1,0,0.0,3.294167233360396e-12,0.35532435406038254,1.1704978443606601e-12,0.0
2026-07-16_ttft_component_regression/phase1/input8000_rate2p5_reuse00_seed1,0,0.0,1.5042880835701948e-10,0.70316723278586,1.0577660890367984e-10,0.0
2026-07-16_ttft_component_regression/phase1/input8000_rate2p5_reuse00_seed1,0,0.0,5.313164706538403e-09,0.5389276471519376,2.863411354225457e-09,0.0
2026-07-16_ttft_component_regression/phase1/input8000_rate2p5_reuse00_seed1,0,0.0,2.0652845977358894e-06,0.5061509296212894,1.0453457190765511e-06,0.0
2026-07-16_ttft_component_regression/phase1/input8000_rate2p5_reuse00_seed1,0,0.0,0.00011758359565029057,0.2853683440114717,3.3554635973637906e-05,0.0
2026-07-16_ttft_component_regression/phase1/input8000_rate2p5_reuse00_seed1,0,0.0,1.1919846654058921e-07,0.3718504486466376,4.432400326110932e-08,0.0
2026-07-16_ttft_component_regression/phase1/input8000_rate2p5_reuse00_seed1,0,0.0,0.0018491090414816795,0.548148863200499,0.001013587019021947,0.0
2026-07-16_ttft_component_regression/phase1/input8000_rate2p5_reuse00_seed1,0,0.0,0.015520437465138584,0.7307645120285866,0.01134178491068219,0.0
2026-07-16_ttft_component_regression/phase1/input8000_rate2p5_reuse00_seed1,0,0.0,2.4910769290026963e-06,2.81951740179513,7.023634750533473e-06,0.0
2026-07-16_ttft_component_regression/phase1/input8000_rate2p5_reuse00_seed1,0,0.0,2.1525539935349624e-08,3.1794950214272255,6.844034705797705e-08,0.0
2026-07-16_ttft_component_regression/phase1/input8000_rate2p5_reuse00_seed1,1,7.78277,0.9860849751715177,3.2767469175048234,3.231150902791091,3.2767469175048234
2026-07-16_ttft_component_regression/phase1/input8000_rate2p5_reuse00_seed1,0,0.0,0.00011424952368254879,3.97336670063613,0.00045395525296377826,0.0
2026-07-16_ttft_component_regression/phase1/input8000_rate2p5_reuse00_seed1,1,6.962079,0.9815279431092275,3.7391027139067683,3.6700337958550406,3.7391027139067683
2026-07-16_ttft_component_regression/phase1/input8000_rate2p5_reuse00_seed1,1,1.213877,0.9759121297922114,4.226814773563559,4.1249998079055965,4.226814773563559
2026-07-16_ttft_component_regression/phase1/input8000_rate2p5_reuse00_seed1,1,0.320306,0.9904849175403473,2.295892576328997,2.2740469691467218,2.295892576328997
2026-07-16_ttft_component_regression/phase1/input8000_rate2p5_reuse00_seed1,0,0.0,1.6387108533479797e-06,3.352227419846416,5.493331455793017e-06,0.0
2026-07-16_ttft_component_regression/phase1/input8000_rate2p5_reuse00_seed1,1,2.96879,0.9834595523658627,2.781056639054862,2.7350567173490052,2.781056639054862
2026-07-16_ttft_component_regression/phase1/input8000_rate2p5_reuse00_seed1,1,2005.78027,0.9951177642183221,4232.615403315588,4211.950776943439,4232.615403315588
2026-07-16_ttft_component_regression/phase1/input8000_rate2p5_reuse00_seed1,1,254.747384,0.5882497767031655,278.0061926343966,163.537080739281,278.0061926343966
2026-07-16_ttft_component_regression/phase1/input8000_rate2p5_reuse00_seed1,1,7064.241574,0.9974099426313154,3108.6155361813708,3100.564043605477,3108.6155361813708
2026-07-16_ttft_component_regression/phase1/input8000_rate2p5_reuse00_seed1,1,5302.170637,0.9967454528563557,4543.882165838324,4529.093887114439,4543.882165838324
2026-07-16_ttft_component_regression/phase1/input8000_rate2p5_reuse00_seed1,1,3.348282,0.9959278651236064,1.6922823614744007,1.6853911594495352,1.6922823614744007
2026-07-16_ttft_component_regression/phase1/input8000_rate2p5_reuse00_seed1,1,2376.728498,0.99662102406839,5030.509800513911,5013.511828974246,5030.509800513911
2026-07-16_ttft_component_regression/phase1/input8000_rate2p5_reuse00_seed1,1,945.433906,0.9889312457595824,1621.3286837432813,1603.382594999987,1621.3286837432813
2026-07-16_ttft_component_regression/phase1/input8000_rate2p5_reuse00_seed1,1,1533.88705,0.7892131110997134,1967.9954038542458,1553.167775305746,1967.9954038542458
2026-07-16_ttft_component_regression/phase1/input8000_rate2p5_reuse00_seed1,1,2755.690097,0.9966026031668652,4349.66155445749,4334.8840280671675,4349.66155445749
2026-07-16_ttft_component_regression/phase1/input8000_rate2p5_reuse00_seed1,1,6210.203041,0.9979698566303679,754.6465443883964,753.1145037098904,754.6465443883964
2026-07-16_ttft_component_regression/phase1/input8000_rate2p5_reuse00_seed1,1,5038.520252,0.9969987523390886,941.7244632642673,938.8981149216725,941.7244632642673
2026-07-16_ttft_component_regression/phase1/input8000_rate2p5_reuse00_seed1,1,3545.217455,0.9983129427123448,5642.50027772569,5632.981056511556,5642.50027772569
2026-07-16_ttft_component_regression/phase1/input8000_rate2p5_reuse00_seed1,1,7680.585452,0.9983983198633454,7744.66854142771,7732.264059659931,7744.66854142771
2026-07-16_ttft_component_regression/phase1/input8000_rate2p5_reuse00_seed1,1,6493.864894,0.9982143952634348,8164.927055594443,8150.3477231702645,8164.927055594443
2026-07-16_ttft_component_regression/phase1/input8000_rate2p5_reuse00_seed1,1,8530.885337,0.9984018914674176,6604.237361205055,6593.683073126914,6604.237361205055
2026-07-16_ttft_component_regression/phase1/input8000_rate2p5_reuse00_seed1,1,10346.705043,0.9982895698664729,7308.14218853308,7295.642121913712,7308.14218853308
2026-07-16_ttft_component_regression/phase1/input8000_rate2p5_reuse00_seed1,1,14573.447346,0.998716314627589,1494.4072548399763,1492.4889061065135,1494.4072548399763
2026-07-16_ttft_component_regression/phase1/input8000_rate2p5_reuse00_seed1,1,11651.940453,0.9962289297561148,4484.527085847696,4467.615619196358,4484.527085847696
2026-07-16_ttft_component_regression/phase1/input8000_rate2p5_reuse00_seed1,1,6988.136073,0.9992469266389664,12533.958538776084,12524.519548492231,12533.958538776084
2026-07-16_ttft_component_regression/phase1/input8000_rate2p5_reuse00_seed1,1,10656.649602,0.9993102297005777,12975.77171548364,12966.821413542215,12975.77171548364
2026-07-16_ttft_component_regression/phase1/input8000_rate2p5_reuse00_seed1,1,14788.506578,0.9994877227543143,3595.013806121157,3593.172162350355,3595.013806121157
2026-07-16_ttft_component_regression/phase1/input8000_rate2p5_reuse00_seed1,0,0.0,7.247447564479462e-12,0.22530603864194682,1.632893701018093e-12,0.0
2026-07-16_ttft_component_regression/phase1/input8000_rate2p5_reuse00_seed1,0,0.0,5.004407526141446e-09,0.37063804620307045,1.8548238278930067e-09,0.0
2026-07-16_ttft_component_regression/phase1/input8000_rate2p5_reuse00_seed1,0,0.0,1.2728300087605414e-07,0.31299001576425534,3.983830845071791e-08,0.0
2026-07-16_ttft_component_regression/phase1/input8000_rate2p5_reuse00_seed1,0,0.0,2.686063185163242e-10,0.4818128764869172,1.2941798296691123e-10,0.0
2026-07-16_ttft_component_regression/phase1/input8000_rate2p5_reuse00_seed1,0,0.0,6.206153502618799e-06,0.4821765168738858,2.9924614790773988e-06,0.0
2026-07-16_ttft_component_regression/phase1/input8000_rate2p5_reuse00_seed1,0,0.0,1.7149705249236866e-06,0.5501949557307299,9.435681320398943e-07,0.0
2026-07-16_ttft_component_regression/phase1/input8000_rate2p5_reuse00_seed1,0,0.0,0.0001584257724068325,0.5596112092243948,8.865683806889629e-05,0.0
2026-07-16_ttft_component_regression/phase1/input8000_rate2p5_reuse00_seed1,0,0.0,6.662375640609347e-05,0.5536530339686991,3.6886444868625206e-05,0.0
2026-07-16_ttft_component_regression/phase1/input8000_rate2p5_reuse00_seed1,0,0.0,0.0021286776926158404,2.422552374265202,0.0051568331982918755,0.0
2026-07-16_ttft_component_regression/phase1/input8000_rate2p5_reuse00_seed1,0,0.0,9.122152427247046e-05,3.2771474297082306,0.00029894638380359353,0.0
2026-07-16_ttft_component_regression/phase1/input8000_rate2p5_reuse00_seed1,0,0.0,0.0007895006983851204,3.633681069433724,0.0028687937420267162,0.0
2026-07-16_ttft_component_regression/phase1/input8000_rate2p5_reuse00_seed1,0,0.0,0.026302813847758115,2.764822653398261,0.07272261557439912,0.0
2026-07-16_ttft_component_regression/phase1/input8000_rate2p5_reuse00_seed1,0,0.0,4.6991709701273326e-05,2.941926594319474,0.00013824616048271643,0.0
2026-07-16_ttft_component_regression/phase1/input8000_rate2p5_reuse00_seed1,0,0.0,2.072088262462922e-06,3.116992540562391,6.458683657483814e-06,0.0
2026-07-16_ttft_component_regression/phase1/input8000_rate2p5_reuse00_seed1,0,0.0,0.0010279510116548293,2.6838991544982274,0.002758916851045994,0.0
2026-07-16_ttft_component_regression/phase1/input8000_rate2p5_reuse00_seed1,0,0.0,6.8944891533859994e-06,3.41869958589575,2.3570187213643456e-05,0.0
2026-07-16_ttft_component_regression/phase1/input8000_rate2p5_reuse00_seed1,0,0.0,0.0005617839800049694,2.240112668659921,0.0012584594106593238,0.0
2026-07-16_ttft_component_regression/phase1/input8000_rate2p5_reuse00_seed1,0,0.0,1.9907517850296747e-05,2.7482533462929792,5.471090254846525e-05,0.0
2026-07-16_ttft_component_regression/phase1/input8000_rate2p5_reuse00_seed1,0,0.0,1.8840830893764857e-06,2.628527680553399,4.9523645528886565e-06,0.0
2026-07-16_ttft_component_regression/phase1/input8000_rate2p5_reuse00_seed1,0,0.0,4.0292677812258015e-05,2.6034207589175304,0.0001048987938488083,0.0
2026-07-16_ttft_component_regression/phase1/input8000_rate2p5_reuse00_seed1,0,0.0,0.0016615385812534537,2.4409094151645694,0.004055665166640736,0.0
2026-07-16_ttft_component_regression/phase1/input8000_rate2p5_reuse00_seed1,0,0.0,1.0471372831372818e-07,2.2654082350200007,2.3721934244156682e-07,0.0
2026-07-16_ttft_component_regression/phase1/input8000_rate2p5_reuse00_seed1,0,0.0,3.9643175815778406e-05,4.464669166667814,0.00017699366473349702,0.0
2026-07-16_ttft_component_regression/phase1/input8000_rate2p5_reuse00_seed1,0,0.0,9.176804777463089e-08,5.721180173964065,5.250215355316053e-07,0.0
2026-07-16_ttft_component_regression/phase1/input8000_rate2p5_reuse00_seed1,0,0.0,0.0009247008063856311,4.749887275641734,0.004392224594026759,0.0
2026-07-16_ttft_component_regression/phase1/input8000_rate2p5_reuse00_seed1,0,0.0,7.558261424518419e-09,5.099357211964969,3.854227490503462e-08,0.0
2026-07-16_ttft_component_regression/phase1/input8000_rate2p5_reuse00_seed1,0,0.0,1.8737482981270518e-06,4.377505627576024,8.202343719712168e-06,0.0
2026-07-16_ttft_component_regression/phase1/input8000_rate2p5_reuse00_seed1,0,0.0,0.3035790022502839,1.528344192550185,0.46397320506940093,0.0
2026-07-16_ttft_component_regression/phase1/input8000_rate2p5_reuse00_seed1,0,0.0,0.024249807491778113,4.3221197317653575,0.10481057145172558,0.0
2026-07-16_ttft_component_regression/phase1/input8000_rate2p5_reuse00_seed1,0,0.0,7.335910895143938e-12,0.30390090628698246,2.2293899694747914e-12,0.0
2026-07-16_ttft_component_regression/phase1/input8000_rate2p5_reuse00_seed1,0,0.0,3.6676034970410746e-10,0.3491769174368185,1.2806424834772982e-10,0.0
2026-07-16_ttft_component_regression/phase1/input8000_rate2p5_reuse00_seed1,0,0.0,5.855557735150728e-09,0.4807392217588933,2.814996268560629e-09,0.0
2026-07-16_ttft_component_regression/phase1/input8000_rate2p5_reuse00_seed1,0,0.0,1.8924233942329553e-08,0.6533537209002208,1.2364218661407267e-08,0.0
2026-07-16_ttft_component_regression/phase1/input8000_rate2p5_reuse00_seed1,0,0.0,1.6323714112056688e-07,0.6754527904853979,1.1025898248074559e-07,0.0
2026-07-16_ttft_component_regression/phase1/input8000_rate2p5_reuse00_seed1,0,0.0,1.1145267489145472e-08,3.117381735471539,3.4744053307606834e-08,0.0
2026-07-16_ttft_component_regression/phase1/input8000_rate2p5_reuse00_seed1,0,0.0,2.6364603774767545e-08,3.0359266179084847,8.00410023704273e-08,0.0
2026-07-16_ttft_component_regression/phase1/input8000_rate2p5_reuse00_seed1,0,0.0,7.039576130286948e-08,2.902326319685994,2.043114708236509e-07,0.0
2026-07-16_ttft_component_regression/phase1/input8000_rate2p5_reuse00_seed1,0,0.0,1.2900487298751521e-08,4.0016108360271385,5.1622729764714555e-08,0.0
2026-07-16_ttft_component_regression/phase1/input8000_rate2p5_reuse00_seed1,0,0.0,5.567540105712012e-07,2.922863618395036,1.6273160418940891e-06,0.0
2026-07-16_ttft_component_regression/phase1/input8000_rate2p5_reuse00_seed1,0,0.0,2.16559113934696e-08,1.6783991949647419,3.634726424902716e-08,0.0
2026-07-16_ttft_component_regression/phase1/input8000_rate2p5_reuse00_seed1,0,0.0,4.195026134291378e-08,3.2840074120296956,1.3776496918671167e-07,0.0
2026-07-16_ttft_component_regression/phase1/input8000_rate2p5_reuse00_seed1,0,0.0,0.10728248513264384,1.8093629959281725,0.19411295871022008,0.0
2026-07-16_ttft_component_regression/phase1/input8000_rate2p5_reuse00_seed1,0,0.0,0.0009330875143664872,2.118408854615065,0.0019766608525647283,0.0
2026-07-16_ttft_component_regression/phase1/input8000_rate2p5_reuse00_seed1,0,0.0,0.012733991498082584,2.1185696280105675,0.02697784763118255,0.0
2026-07-16_ttft_component_regression/phase1/input8000_rate2p5_reuse00_seed1,0,0.0,2.148553377308785e-06,2.199579589353262,4.725914155364421e-06,0.0
2026-07-16_ttft_component_regression/phase1/input8000_rate2p5_reuse00_seed1,1,5.5944,0.9981604079092344,2.2779485044795327,2.273758008427521,2.2779485044795327
2026-07-16_ttft_component_regression/phase1/input8000_rate2p5_reuse00_seed1,1,1614.589001,0.8306835055825158,1972.4452610816288,1638.4777440449081,1972.4452610816288
2026-07-16_ttft_component_regression/phase1/input8000_rate2p5_reuse00_seed1,1,4468.037277,0.7339052072242914,3878.7474847308977,2846.6329765521286,3878.7474847308977
2026-07-16_ttft_component_regression/phase1/input8000_rate2p5_reuse00_seed1,1,10809.297685,0.9960354498044389,6597.2593269306035,6571.104161175854,6597.2593269306035
2026-07-16_ttft_component_regression/phase1/input8000_rate2p5_reuse00_seed1,1,11851.419886,0.9967589842106039,4828.875932821853,4813.225469678543,4828.875932821853
2026-07-16_ttft_component_regression/phase1/input8000_rate2p5_reuse00_seed1,1,4882.348415,0.7875898397214738,3875.5935607500205,3052.3781113366845,3875.5935607500205
2026-07-16_ttft_component_regression/phase1/input8000_rate2p5_reuse00_seed1,1,13490.876025,0.9924554031989581,6993.975277743049,6941.208554236023,6993.975277743049
2026-07-16_ttft_component_regression/phase1/input8000_rate2p5_reuse00_seed1,1,7466.16077,0.8069423465683064,6034.019712293299,4869.106025877371,6034.019712293299
2026-07-16_ttft_component_regression/phase1/input8000_rate2p5_reuse00_seed1,1,3832.80639,0.8541464200241123,3372.912811626112,2880.961403103907,3372.912811626112
2026-07-16_ttft_component_regression/phase1/input8000_rate2p5_reuse00_seed1,1,874.148183,0.7965646037388967,1010.3208867970199,804.7858568405989,1010.3208867970199
2026-07-16_ttft_component_regression/phase1/input8000_rate2p5_reuse00_seed1,1,9774.587365,0.9920859114939722,3418.7543029446247,3391.6979788107574,3418.7543029446247
2026-07-16_ttft_component_regression/phase1/input8000_rate2p5_reuse00_seed1,0,0.0,2.970387285553926e-09,0.33320821059069594,9.897574321807782e-10,0.0
2026-07-16_ttft_component_regression/phase1/input8000_rate2p5_reuse00_seed1,0,0.0,2.2642666483322294e-06,0.43586108767022086,9.86905724117491e-07,0.0
2026-07-16_ttft_component_regression/phase1/input8000_rate2p5_reuse00_seed1,0,0.0,1.0006566577188097e-07,0.36128938373699887,3.615266271995538e-08,0.0
2026-07-16_ttft_component_regression/phase1/input8000_rate2p5_reuse00_seed1,0,0.0,3.571693983974682e-12,0.478194358049301,1.7079639118153234e-12,0.0
2026-07-16_ttft_component_regression/phase1/input8000_rate2p5_reuse00_seed1,0,0.0,9.888650482766639e-11,0.46627759043687184,4.610856119776838e-11,0.0
2026-07-16_ttft_component_regression/phase1/input8000_rate2p5_reuse00_seed1,0,0.0,0.003454190120470616,0.39530719902978134,0.0013654662214395822,0.0
2026-07-16_ttft_component_regression/phase1/input8000_rate2p5_reuse00_seed1,0,0.0,0.00017438158022504635,0.4387082639924963,7.650264033279831e-05,0.0
2026-07-16_ttft_component_regression/phase1/input8000_rate2p5_reuse00_seed1,0,0.0,8.725031074070125e-09,0.2132537892025102,1.8606459374551016e-09,0.0
2026-07-16_ttft_component_regression/phase1/input8000_rate2p5_reuse00_seed1,0,0.0,2.0383623867752706e-07,3.260254752976919,6.645580659773452e-07,0.0
2026-07-16_ttft_component_regression/phase1/input8000_rate2p5_reuse00_seed1,0,0.0,0.005823119982934558,2.530284044252083,0.014734147580584774,0.0
2026-07-16_ttft_component_regression/phase1/input8000_rate2p5_reuse00_seed1,0,0.0,0.00012998419540405896,3.017649884533444,0.0003922467922522311,0.0
2026-07-16_ttft_component_regression/phase1/input8000_rate2p5_reuse00_seed1,0,0.0,8.424473327233408e-06,3.5279270962500013,2.9720927722782144e-05,0.0
2026-07-16_ttft_component_regression/phase1/input8000_rate2p5_reuse00_seed1,0,0.0,6.979221708042266e-05,5.399367603894819,0.0003768338359080288,0.0
2026-07-16_ttft_component_regression/phase1/input8000_rate2p5_reuse00_seed1,0,0.0,2.406521552810524e-06,5.54702579163383,1.3349037121562672e-05,0.0
2026-07-16_ttft_component_regression/phase1/input8000_rate2p5_reuse00_seed1,0,0.0,0.00011510686949317718,3.327872158938516,0.00038306094628891356,0.0
2026-07-16_ttft_component_regression/phase1/input8000_rate2p5_reuse00_seed1,1,3.069677,0.9866721491741188,2.7912591951828025,2.754057709013037,2.7912591951828025
2026-07-16_ttft_component_regression/phase1/input8000_rate2p5_reuse00_seed1,0,0.0,0.06067582677968781,2.7093659432199915,0.16439301865360167,0.0
2026-07-16_ttft_component_regression/phase1/input8000_rate2p5_reuse00_seed1,0,0.0,0.14459287974194504,1.8822753067083289,0.27216360706411014,0.0
2026-07-16_ttft_component_regression/phase1/input8000_rate2p5_reuse00_seed1,1,0.573714,0.9930639773330756,1.6326846961576948,1.6213603580972045,1.6326846961576948
2026-07-16_ttft_component_regression/phase1/input8000_rate2p5_reuse00_seed1,1,1.591298,0.987429678651751,3.0371250079866807,2.998947370661485,3.0371250079866807
2026-07-16_ttft_component_regression/phase1/input8000_rate2p5_reuse00_seed1,1,0.55677,0.9938037160848001,2.065573827521119,2.052774945637992,2.065573827521119
2026-07-16_ttft_component_regression/phase1/input8000_rate2p5_reuse00_seed1,0,0.0,0.007258797693763388,2.116250308459023,0.015361432858468416,0.0
2026-07-16_ttft_component_regression/phase1/input8000_rate2p5_reuse00_seed1,1,1255.463756,0.7570478108356395,1147.0804726130032,868.3947606439848,1147.0804726130032
2026-07-16_ttft_component_regression/phase1/input8000_rate2p5_reuse00_seed1,1,1.419876,0.9921329304877518,2.559923826696715,2.5397847280060315,2.559923826696715
2026-07-16_ttft_component_regression/phase1/input8000_rate2p5_reuse00_seed1,1,1020.35644,0.7782186885700005,823.1429732511491,640.5852451491203,823.1429732511491
2026-07-16_ttft_component_regression/phase1/input8000_rate2p5_reuse00_seed1,1,9523.932687,0.9876740942441261,5480.647376769365,5413.093433722129,5480.647376769365
2026-07-16_ttft_component_regression/phase1/input8000_rate2p5_reuse00_seed1,1,9280.249106,0.9927706977886538,5692.957750232504,5651.801638179647,5692.957750232504
2026-07-16_ttft_component_regression/phase1/input8000_rate2p5_reuse00_seed1,1,5187.829892,0.8304325721397662,4628.13868083145,3843.3571089424054,4628.13868083145
2026-07-16_ttft_component_regression/phase1/input8000_rate2p5_reuse00_seed1,1,3873.640599,0.8466580562334762,3594.150848969517,3043.01677159843,3594.150848969517
2026-07-16_ttft_component_regression/phase1/input8000_rate2p5_reuse00_seed1,1,3303.046659,0.8602198278105505,2495.1501907788556,2146.3776674732494,2495.1501907788556
2026-07-16_ttft_component_regression/phase1/input8000_rate2p5_reuse00_seed1,1,12759.40419,0.9900876373535986,5247.325236502783,5195.311845834954,5247.325236502783
2026-07-16_ttft_component_regression/phase1/input8000_rate2p5_reuse00_seed1,1,0.88774,0.9869664313352273,4.206258000627386,4.1514354481544595,4.206258000627386
2026-07-16_ttft_component_regression/phase1/input8000_rate2p5_reuse00_seed1,1,5954.108968,0.9956973609205657,11322.764492224765,11274.046723233289,11322.764492224765
2026-07-16_ttft_component_regression/phase1/input8000_rate2p5_reuse00_seed1,1,1296.436337,0.9060097483399755,6732.970904724998,6100.137274970272,6732.970904724998
2026-07-16_ttft_component_regression/phase1/input8000_rate2p5_reuse00_seed1,1,9525.466746,0.9949597008288881,11468.284935669988,11410.481348614656,11468.284935669988
2026-07-16_ttft_component_regression/phase1/input8000_rate2p5_reuse00_seed1,1,10326.099957,0.9974095832494065,11552.9279906935,11523.001092508008,11552.9279906935
2026-07-16_ttft_component_regression/phase1/input8000_rate2p5_reuse00_seed1,1,12809.430196,0.9962374386634143,6380.028731256487,6356.023481825955,6380.028731256487
2026-07-16_ttft_component_regression/phase1/input8000_rate2p5_reuse00_seed1,0,0.0,2.7765888540131775e-12,0.38342037418222397,1.064600737355925e-12,0.0
2026-07-16_ttft_component_regression/phase1/input8000_rate2p5_reuse00_seed1,0,0.0,9.471224805051e-11,0.19454478787148344,1.842577420581779e-11,0.0
2026-07-16_ttft_component_regression/phase1/input8000_rate2p5_reuse00_seed1,0,0.0,1.0437603808774166e-10,0.5109726029167933,5.3333295863835707e-11,0.0
2026-07-16_ttft_component_regression/phase1/input8000_rate2p5_reuse00_seed1,0,0.0,7.209137737978548e-09,0.6581733003171815,4.744861977446481e-09,0.0
2026-07-16_ttft_component_regression/phase1/input8000_rate2p5_reuse00_seed1,0,0.0,1.4463415479656737e-08,0.5072869843244269,7.3371024217063006e-09,0.0
2026-07-16_ttft_component_regression/phase1/input8000_rate2p5_reuse00_seed1,0,0.0,0.0001733751247722368,0.43012522595576697,7.457301471776765e-05,0.0
2026-07-16_ttft_component_regression/phase1/input8000_rate2p5_reuse00_seed1,0,0.0,3.3178373526546226e-07,0.5171759864086326,1.7159058056025608e-07,0.0
2026-07-16_ttft_component_regression/phase1/input8000_rate2p5_reuse00_seed1,0,0.0,6.265291013491029e-06,0.7409951096590232,4.642550001587477e-06,0.0
2026-07-16_ttft_component_regression/phase1/input8000_rate2p5_reuse00_seed1,0,0.0,7.744142746197962e-05,3.1274894234819244,0.00024219724532668392,0.0
2026-07-16_ttft_component_regression/phase1/input8000_rate2p5_reuse00_seed1,0,0.0,9.751507130742746e-05,2.839027663662325,0.00027684798506579075,0.0
2026-07-16_ttft_component_regression/phase1/input8000_rate2p5_reuse00_seed1,0,0.0,0.00013106507439532349,3.558211290594269,0.0004663572275160179,0.0
2026-07-16_ttft_component_regression/phase1/input8000_rate2p5_reuse00_seed1,0,0.0,8.17490081038755e-05,2.9040904135310486,0.00023740651075013686,0.0
2026-07-16_ttft_component_regression/phase1/input8000_rate2p5_reuse00_seed1,0,0.0,5.929654951904413e-07,2.373598267185459,1.4074618718847991e-06,0.0
2026-07-16_ttft_component_regression/phase1/input8000_rate2p5_reuse00_seed1,0,0.0,3.26016931255019e-08,2.5524476413140516,8.321411472103186e-08,0.0
2026-07-16_ttft_component_regression/phase1/input8000_rate2p5_reuse00_seed1,1,5.569261,0.9901280322384309,3.2569344440422237,3.224782092209095,3.2569344440422237
2026-07-16_ttft_component_regression/phase1/input8000_rate2p5_reuse00_seed1,0,0.0,9.446070542489346e-06,3.125830770798317,2.9526817964844747e-05,0.0
2026-07-16_ttft_component_regression/phase1/input8000_rate2p5_reuse00_seed1,0,0.0,1.163364917037825e-05,2.4031837147681485,2.7957796229578994e-05,0.0
2026-07-16_ttft_component_regression/phase1/input8000_rate2p5_reuse00_seed1,1,10.580733,0.9927712470693066,1.8086351695958682,1.7955609928130971,1.8086351695958682
2026-07-16_ttft_component_regression/phase1/input8000_rate2p5_reuse00_seed1,0,0.0,0.00015123806280684966,2.8627287947287905,0.00043295355725616984,0.0
2026-07-16_ttft_component_regression/phase1/input8000_rate2p5_reuse00_seed1,1,0.645778,0.988043427522832,1.9133495117675523,1.8904724096559495,1.9133495117675523
2026-07-16_ttft_component_regression/phase1/input8000_rate2p5_reuse00_seed1,0,0.0,0.008556053882648448,4.785309273484817,0.04094336398907339,0.0
2026-07-16_ttft_component_regression/phase1/input8000_rate2p5_reuse00_seed1,0,0.0,0.012454060038604662,1.9664530155298725,0.02449032391850422,0.0
2026-07-16_ttft_component_regression/phase1/input8000_rate2p5_reuse00_seed1,0,0.0,0.0004943133981490966,2.4586588511814838,0.0012153480116168733,0.0
2026-07-16_ttft_component_regression/phase1/input8000_rate2p5_reuse00_seed1,0,0.0,0.0003189991215678326,2.682575253502168,0.0008557391494067975,0.0
2026-07-16_ttft_component_regression/phase1/input8000_rate2p5_reuse00_seed1,1,6.248617,0.9927463392983301,2.8411525315434374,2.820543775077931,2.8411525315434374
2026-07-16_ttft_component_regression/phase1/input8000_rate2p5_reuse00_seed1,1,2.10024,0.9908033138511432,4.138085898023688,4.100029220762553,4.138085898023688
2026-07-16_ttft_component_regression/phase1/input8000_rate2p5_reuse00_seed1,1,0.703487,0.9928966659726589,3.3677612098268517,3.343838877029129,3.3677612098268517
2026-07-16_ttft_component_regression/phase1/input8000_rate2p5_reuse00_seed1,0,0.0,0.010813310730747165,6.255690479626425,0.06764472499157731,0.0
2026-07-16_ttft_component_regression/phase1/input8000_rate2p5_reuse00_seed1,0,0.0,0.10142106078318718,4.290873000900824,0.4351848914372992,0.0
2026-07-16_ttft_component_regression/phase1/input8000_rate2p5_reuse00_seed1,0,0.0,2.603979476967355e-12,0.5529337624774829,1.4398281696137077e-12,0.0
2026-07-16_ttft_component_regression/phase1/input8000_rate2p5_reuse00_seed1,0,0.0,9.392737390575131e-11,0.3863080406671373,3.628489977854039e-11,0.0
2026-07-16_ttft_component_regression/phase1/input8000_rate2p5_reuse00_seed1,0,0.0,1.2334829273849097e-07,0.25490455358161085,3.144204149555889e-08,0.0
2026-07-16_ttft_component_regression/phase1/input8000_rate2p5_reuse00_seed1,0,0.0,4.424865073160235e-09,0.6892589398699257,3.049877809393885e-09,0.0
2026-07-16_ttft_component_regression/phase1/input8000_rate2p5_reuse00_seed1,0,0.0,1.9377648522154648e-10,2.869487556616538,5.560392131081161e-10,0.0
2026-07-16_ttft_component_regression/phase1/input8000_rate2p5_reuse00_seed1,0,0.0,4.104370387855272e-09,2.3045398126784162,9.458684964790827e-09,0.0
2026-07-16_ttft_component_regression/phase1/input8000_rate2p5_reuse00_seed1,1,0.434811,0.9837103719164532,3.131721526810403,3.0807069478774243,3.131721526810403
2026-07-16_ttft_component_regression/phase1/input8000_rate2p5_reuse00_seed1,0,0.0,3.8732692743262525e-06,2.8873599205385005,1.1183522464142865e-05,0.0
2026-07-16_ttft_component_regression/phase1/input8000_rate2p5_reuse00_seed1,0,0.0,5.869812905948822e-05,3.304986045656401,0.00019399649744774705,0.0
2026-07-16_ttft_component_regression/phase1/input8000_rate2p5_reuse00_seed1,0,0.0,0.0006809006522252063,2.5560340032221065,0.0017404052199037374,0.0
2026-07-16_ttft_component_regression/phase1/input8000_rate2p5_reuse00_seed1,0,0.0,1.3547670772511167e-07,2.922869099630105,3.9598068272934806e-07,0.0
2026-07-16_ttft_component_regression/phase1/input8000_rate2p5_reuse00_seed1,0,0.0,9.980095681560918e-06,2.6946242281127653,2.689260762241763e-05,0.0
2026-07-16_ttft_component_regression/phase1/input8000_rate2p5_reuse00_seed1,0,0.0,0.0002660030843474707,1.8510766093307667,0.000492392087445442,0.0
2026-07-16_ttft_component_regression/phase1/input8000_rate2p5_reuse00_seed1,0,0.0,0.0025555959934747165,2.7368233989268957,0.00699421491314543,0.0
2026-07-16_ttft_component_regression/phase1/input8000_rate2p5_reuse00_seed1,1,0.771466,0.9860923397252378,2.052206921484102,2.0236655248065856,2.052206921484102
2026-07-16_ttft_component_regression/phase1/input8000_rate2p5_reuse00_seed1,0,0.0,0.0002294517572809642,2.57862717544938,0.0005916705367793095,0.0
2026-07-16_ttft_component_regression/phase1/input8000_rate2p5_reuse00_seed1,1,4.719764,0.9939561163034073,3.013510689629316,2.9952973815027577,3.013510689629316
2026-07-16_ttft_component_regression/phase1/input8000_rate2p5_reuse00_seed1,0,0.0,1.2155925691231255e-05,2.520902406721668,3.064390233095462e-05,0.0
2026-07-16_ttft_component_regression/phase1/input8000_rate2p5_reuse00_seed1,0,0.0,0.0027216220271269105,2.2530315091960778,0.006131900183239032,0.0
2026-07-16_ttft_component_regression/phase1/input8000_rate2p5_reuse00_seed1,0,0.0,0.09837527320206227,2.1733773013430295,0.21380658579078135,0.0
2026-07-16_ttft_component_regression/phase1/input8000_rate2p5_reuse00_seed1,0,0.0,1.0347935575878828e-06,2.450712131978807,2.535981125674135e-06,0.0
2026-07-16_ttft_component_regression/phase1/input8000_rate2p5_reuse00_seed1,0,0.0,3.376606943240698e-05,2.080923363090414,7.026460276162877e-05,0.0
2026-07-16_ttft_component_regression/phase1/input8000_rate2p5_reuse00_seed1,0,0.0,1.4964241874880292e-06,2.534285531194157,3.7923661668798845e-06,0.0
2026-07-16_ttft_component_regression/phase1/input8000_rate2p5_reuse00_seed1,0,0.0,0.00039948392229753214,5.21891407974234,0.002084872266709285,0.0
2026-07-16_ttft_component_regression/phase1/input8000_rate2p5_reuse00_seed1,0,0.0,2.538518615034989e-05,4.919405313337419,0.00012488001962809072,0.0
2026-07-16_ttft_component_regression/phase1/input8000_rate2p5_reuse00_seed1,0,0.0,0.009440774412073801,3.9724500450488067,0.037503004738538195,0.0
2026-07-16_ttft_component_regression/phase1/input8000_rate2p5_reuse00_seed1,0,0.0,0.0005332537741611936,5.326851737338159,0.0028405637933326846,0.0
2026-07-16_ttft_component_regression/phase1/input8000_rate2p5_reuse00_seed1,0,0.0,5.437865369819088e-12,0.18394936020060276,1.0002918556352354e-12,0.0
2026-07-16_ttft_component_regression/phase1/input8000_rate2p5_reuse00_seed1,0,0.0,1.6472683322295848e-10,0.36033701378317157,5.935717517351939e-11,0.0
2026-07-16_ttft_component_regression/phase1/input8000_rate2p5_reuse00_seed1,0,0.0,4.9851598872543885e-09,0.19303305895755007,9.623006624291901e-10,0.0
2026-07-16_ttft_component_regression/phase1/input8000_rate2p5_reuse00_seed1,0,0.0,4.1183164162365254e-07,0.23264595470510208,9.58109654433041e-08,0.0
2026-07-16_ttft_component_regression/phase1/input8000_rate2p5_reuse00_seed1,0,0.0,1.8830433178501688e-08,0.48763779141458324,9.182430846544455e-09,0.0
2026-07-16_ttft_component_regression/phase1/input8000_rate2p5_reuse00_seed1,0,0.0,2.2821183966055388e-08,0.3407585107492706,7.776512661808167e-09,0.0
2026-07-16_ttft_component_regression/phase1/input8000_rate2p5_reuse00_seed1,0,0.0,1.0758491732441376e-07,2.8697558072922438,3.087424412687923e-07,0.0
2026-07-16_ttft_component_regression/phase1/input8000_rate2p5_reuse00_seed1,0,0.0,1.7439846480792538e-05,2.9495253065883684,5.143926853811369e-05,0.0
2026-07-16_ttft_component_regression/phase1/input8000_rate2p5_reuse00_seed1,0,0.0,1.7203137725737624e-06,3.822460501820671,6.5758314464013155e-06,0.0
2026-07-16_ttft_component_regression/phase1/input8000_rate2p5_reuse00_seed1,0,0.0,4.106700282757495e-07,3.693997326453874,1.5170139865053557e-06,0.0
2026-07-16_ttft_component_regression/phase1/input8000_rate2p5_reuse00_seed1,0,0.0,0.00018901935097443678,2.703190349661491,0.0005109552854533759,0.0
2026-07-16_ttft_component_regression/phase1/input8000_rate2p5_reuse00_seed1,0,0.0,0.0014362491565291747,2.297584436980821,0.003299903709668263,0.0
2026-07-16_ttft_component_regression/phase1/input8000_rate2p5_reuse00_seed1,0,0.0,3.868068071342655e-05,2.8928889073281225,0.00011189891216377251,0.0
2026-07-16_ttft_component_regression/phase1/input8000_rate2p5_reuse00_seed1,0,0.0,0.05645758419311223,2.3590798701357545,0.13318795038646564,0.0
2026-07-16_ttft_component_regression/phase1/input8000_rate2p5_reuse00_seed1,0,0.0,0.04793110600536432,2.185182576036757,0.10473821769309288,0.0
2026-07-16_ttft_component_regression/phase1/input8000_rate2p5_reuse00_seed1,0,0.0,0.05869631555114332,2.024251108190239,0.11881608180108583,0.0
2026-07-16_ttft_component_regression/phase1/input8000_rate2p5_reuse00_seed1,0,0.0,0.003891923469399126,4.148232635470813,0.016144603950516246,0.0
2026-07-16_ttft_component_regression/phase1/input8000_rate2p5_reuse00_seed1,0,0.0,0.0027669490149586206,1.9150647340440776,0.0052988864794452535,0.0
2026-07-16_ttft_component_regression/phase1/input8000_rate2p5_reuse00_seed1,1,170.373219,0.8467499577592997,255.5975892182442,216.42724787392712,255.5975892182442
2026-07-16_ttft_component_regression/phase1/input8000_rate2p5_reuse00_seed1,0,0.0,0.04594055265674738,2.7563442145542694,0.1266279765288514,0.0
2026-07-16_ttft_component_regression/phase1/input8000_rate2p5_reuse00_seed1,0,0.0,8.772103174220059e-07,2.2474703427162193,1.971504172730639e-06,0.0
2026-07-16_ttft_component_regression/phase1/input8000_rate2p5_reuse00_seed1,0,0.0,3.2595427704003625e-05,2.910159093864478,9.485788035120829e-05,0.0
2026-07-16_ttft_component_regression/phase1/input8000_rate2p5_reuse00_seed1,0,0.0,1.1512150040583255e-06,2.1824668127567017,2.512488540704867e-06,0.0
2026-07-16_ttft_component_regression/phase1/input8000_rate2p5_reuse00_seed1,0,0.0,2.923907804578888e-05,2.0181160175589015,5.900785174286136e-05,0.0
2026-07-16_ttft_component_regression/phase1/input8000_rate2p5_reuse00_seed1,0,0.0,0.00048506964491996663,2.2737989127180334,0.0011029508312115426,0.0
2026-07-16_ttft_component_regression/phase1/input8000_rate2p5_reuse00_seed1,0,0.0,0.011892567918568134,2.3904170470387673,0.02842819708561162,0.0
2026-07-16_ttft_component_regression/phase1/input8000_rate2p5_reuse00_seed1,0,0.0,0.014199940433227807,4.201545657781259,0.05966169806798082,0.0
2026-07-16_ttft_component_regression/phase1/input8000_rate2p5_reuse00_seed1,0,0.0,5.34831014794029e-10,1.4214808179277076,7.602520283625222e-10,0.0
2026-07-16_ttft_component_regression/phase1/input8000_rate2p5_reuse00_seed1,0,0.0,5.502596837311075e-10,2.4528751443272574,1.3497183011494113e-09,0.0
2026-07-16_ttft_component_regression/phase1/input8000_rate2p5_reuse00_seed1,0,0.0,1.7442887095214905e-11,0.4427410818699538,7.722682703470903e-12,0.0
2026-07-16_ttft_component_regression/phase1/input8000_rate2p5_reuse00_seed1,0,0.0,1.3082304952009504e-08,2.555797277528622,3.34357193801451e-08,0.0
2026-07-16_ttft_component_regression/phase1/input8000_rate2p5_reuse00_seed1,0,0.0,1.2485704326700384e-08,1.871636333342172,2.336869786522e-08,0.0
2026-07-16_ttft_component_regression/phase1/input8000_rate2p5_reuse00_seed1,0,0.0,1.5158826005413648e-07,2.2480100311727695,3.4077192920972526e-07,0.0
2026-07-16_ttft_component_regression/phase1/input8000_rate2p5_reuse00_seed1,0,0.0,6.815441204512417e-08,2.846303229611274,1.9398812311629445e-07,0.0
2026-07-16_ttft_component_regression/phase1/input8000_rate2p5_reuse00_seed1,0,0.0,7.196229518761297e-05,3.0269767942486974,0.0002178281975937792,0.0
2026-07-16_ttft_component_regression/phase1/input8000_rate2p5_reuse00_seed1,0,0.0,2.586746602763078e-06,2.678536361266589,6.928694832883726e-06,0.0
2026-07-16_ttft_component_regression/phase1/input8000_rate2p5_reuse00_seed1,0,0.0,0.00015557964658160776,2.569070159855315,0.0003996950275136445,0.0
2026-07-16_ttft_component_regression/phase1/input8000_rate2p5_reuse00_seed1,0,0.0,0.00013176714269158267,4.006249883988507,0.0005278921001216501,0.0
2026-07-16_ttft_component_regression/phase1/input8000_rate2p5_reuse00_seed1,0,0.0,0.00023683836151660857,2.3448069626494914,0.0005553402391066411,0.0
2026-07-16_ttft_component_regression/phase1/input8000_rate2p5_reuse00_seed1,0,0.0,5.264844002335454e-08,2.670199705012863,1.405818490197487e-07,0.0
2026-07-16_ttft_component_regression/phase1/input8000_rate2p5_reuse00_seed1,0,0.0,7.079828010818069e-07,2.2941267790237916,1.6242023030500474e-06,0.0
2026-07-16_ttft_component_regression/phase1/input8000_rate2p5_reuse00_seed1,0,0.0,2.438204253296562e-06,2.315259247121042,5.645074943814721e-06,0.0
2026-07-16_ttft_component_regression/phase1/input8000_rate2p5_reuse00_seed1,0,0.0,1.5261868660644498e-06,2.4664840844962477,3.7643156151151716e-06,0.0
2026-07-16_ttft_component_regression/phase1/input8000_rate2p5_reuse00_seed1,0,0.0,1.6208865218973773e-05,2.4727970823874994,4.008123462229056e-05,0.0
2026-07-16_ttft_component_regression/phase1/input8000_rate2p5_reuse00_seed1,0,0.0,2.8070359062759757e-05,5.718975358357881,0.00016053369178018086,0.0
2026-07-16_ttft_component_regression/phase1/input8000_rate2p5_reuse00_seed1,0,0.0,3.996146680445275e-05,4.843900377192396,0.0001935693641272501,0.0
2026-07-16_ttft_component_regression/phase1/input8000_rate2p5_reuse00_seed1,0,0.0,0.0009887979075509075,4.830205685692029,0.004776097275052775,0.0
2026-07-16_ttft_component_regression/phase1/input8000_rate2p5_reuse00_seed1,0,0.0,0.000628519492749455,4.125338737384656,0.0025928558106406807,0.0
2026-07-16_ttft_component_regression/phase1/input8000_rate2p5_reuse00_seed1,0,0.0,3.273477396576789e-05,4.492083094921234,0.00014704732474769364,0.0
2026-07-16_ttft_component_regression/phase1/input8000_rate2p5_reuse00_seed1,0,0.0,0.012527879291605691,5.687314065269436,0.07124998410314674,0.0
2026-07-16_ttft_component_regression/phase1/input8000_rate2p5_reuse00_seed1,0,0.0,1.411700762896567e-10,0.21954276069734743,3.099286827648638e-11,0.0
2026-07-16_ttft_component_regression/phase1/input8000_rate2p5_reuse00_seed1,0,0.0,2.4503004599978726e-09,0.45087976627486925,1.1047908987070455e-09,0.0
2026-07-16_ttft_component_regression/phase1/input8000_rate2p5_reuse00_seed1,0,0.0,3.6062098254130787e-12,0.5058568391029741,1.824225903425548e-12,0.0
2026-07-16_ttft_component_regression/phase1/input8000_rate2p5_reuse00_seed1,0,0.0,8.682390451892618e-08,0.43253021159340665,3.7553961792936875e-08,0.0
2026-07-16_ttft_component_regression/phase1/input8000_rate2p5_reuse00_seed1,0,0.0,1.725599437283898e-08,0.3794742542174779,6.548205595414066e-09,0.0
2026-07-16_ttft_component_regression/phase1/input8000_rate2p5_reuse00_seed1,0,0.0,0.00017494928385004745,0.2817444419429968,4.929098834665856e-05,0.0
2026-07-16_ttft_component_regression/phase1/input8000_rate2p5_reuse00_seed1,0,0.0,1.0810124112169153e-06,0.28877749573586425,3.121720569706091e-07,0.0
2026-07-16_ttft_component_regression/phase1/input8000_rate2p5_reuse00_seed1,0,0.0,8.341043735561691e-06,0.3601531407675392,3.0040530986419507e-06,0.0
2026-07-16_ttft_component_regression/phase1/input8000_rate2p5_reuse00_seed1,0,0.0,4.786987627251944e-05,0.3256580275805657,1.5589209487434404e-05,0.0
2026-07-16_ttft_component_regression/phase1/input8000_rate2p5_reuse00_seed1,0,0.0,0.015389857266756608,2.6749216060926986,0.04116666171752997,0.0
2026-07-16_ttft_component_regression/phase1/input8000_rate2p5_reuse00_seed1,0,0.0,0.0014079745171875035,2.625038811626865,0.003695987753398793,0.0
2026-07-16_ttft_component_regression/phase1/input8000_rate2p5_reuse00_seed1,0,0.0,0.02761012776662531,3.1067522605606412,0.08577782685333131,0.0
2026-07-16_ttft_component_regression/phase1/input8000_rate2p5_reuse00_seed1,0,0.0,3.6261154522538866e-05,3.3031116966514533,0.00011977464363748387,0.0
2026-07-16_ttft_component_regression/phase1/input8000_rate2p5_reuse00_seed1,0,0.0,0.04045048077616597,2.9398350438423435,0.11891774092604375,0.0
2026-07-16_ttft_component_regression/phase1/input8000_rate2p5_reuse00_seed1,0,0.0,4.360937276372834e-06,2.6338164552648964,1.148590835888885e-05,0.0
2026-07-16_ttft_component_regression/phase1/input8000_rate2p5_reuse00_seed1,0,0.0,7.096668311680319e-06,3.0527136724089705,2.1664096383617997e-05,0.0
2026-07-16_ttft_component_regression/phase1/input8000_rate2p5_reuse00_seed1,0,0.0,0.06239112466992573,1.9903035044177646,0.12417727407511883,0.0
2026-07-16_ttft_component_regression/phase1/input8000_rate2p5_reuse00_seed1,0,0.0,0.0004913124093926233,3.1447276999006575,0.0015450437431219143,0.0
2026-07-16_ttft_component_regression/phase1/input8000_rate2p5_reuse00_seed1,0,0.0,2.3354594059818153e-05,3.1278214895379626,7.304900117973487e-05,0.0
2026-07-16_ttft_component_regression/phase1/input8000_rate2p5_reuse00_seed1,0,0.0,0.007717015989405919,3.5369675083265495,0.027294834815765195,0.0
2026-07-16_ttft_component_regression/phase1/input8000_rate2p5_reuse00_seed1,0,0.0,0.10845854801878399,2.0413778644056975,0.22140487913112805,0.0
2026-07-16_ttft_component_regression/phase1/input8000_rate2p5_reuse00_seed1,0,0.0,0.005522223499619826,2.681664970711654,0.01480875331937121,0.0
2026-07-16_ttft_component_regression/phase1/input8000_rate2p5_reuse00_seed1,1,1293.251558,0.8166788373169944,824.082187569803,673.010482798152,824.082187569803
2026-07-16_ttft_component_regression/phase1/input8000_rate2p5_reuse00_seed1,0,0.0,1.608287222926797e-06,2.0716497868459745,3.331807882563403e-06,0.0
2026-07-16_ttft_component_regression/phase1/input8000_rate2p5_reuse00_seed1,0,0.0,1.464930623823826e-07,3.061696260637399,4.4851726130546206e-07,0.0
2026-07-16_ttft_component_regression/phase1/input8000_rate2p5_reuse00_seed1,0,0.0,1.1223692389184656e-07,6.183683103865315,6.940375698998289e-07,0.0
2026-07-16_ttft_component_regression/phase1/input8000_rate2p5_reuse00_seed1,0,0.0,1.0064890147801415e-07,4.082562718497744,4.1090545283189306e-07,0.0
2026-07-16_ttft_component_regression/phase1/input8000_rate2p5_reuse00_seed1,0,0.0,6.224914741023212e-08,5.123094699805165,3.189082771647506e-07,0.0
2026-07-16_ttft_component_regression/phase1/input8000_rate2p5_reuse00_seed1,0,0.0,3.932479603553821e-09,0.17614880932687485,6.927015998682264e-10,0.0
2026-07-16_ttft_component_regression/phase1/input8000_rate2p5_reuse00_seed1,0,0.0,1.9714377253132888e-10,0.27033266204493034,5.329440083397435e-11,0.0
2026-07-16_ttft_component_regression/phase1/input8000_rate2p5_reuse00_seed1,0,0.0,6.878458143236026e-12,0.5939078745312105,4.085170455901205e-12,0.0
2026-07-16_ttft_component_regression/phase1/input8000_rate2p5_reuse00_seed1,0,0.0,1.2871906898177015e-07,0.6205323013497202,7.987434010285121e-08,0.0
2026-07-16_ttft_component_regression/phase1/input8000_rate2p5_reuse00_seed1,0,0.0,2.267255618796308e-06,0.4977868313004504,1.1286099902287562e-06,0.0
2026-07-16_ttft_component_regression/phase1/input8000_rate2p5_reuse00_seed1,0,0.0,8.73516631668188e-05,0.6923700288674043,6.04796735484261e-05,0.0
2026-07-16_ttft_component_regression/phase1/input8000_rate2p5_reuse00_seed1,0,0.0,0.0019905040982723435,0.49575015365973235,0.0009867927125788412,0.0
2026-07-16_ttft_component_regression/phase1/input8000_rate2p5_reuse00_seed1,0,0.0,0.0455924263537446,0.7124570238504773,0.03248264439011095,0.0
2026-07-16_ttft_component_regression/phase1/input8000_rate2p5_reuse00_seed1,0,0.0,4.114739424391909e-06,3.1518608663118144,1.296908616681126e-05,0.0
2026-07-16_ttft_component_regression/phase1/input8000_rate2p5_reuse00_seed1,0,0.0,0.0003939488098432501,2.751459628718783,0.0010839342460655153,0.0
2026-07-16_ttft_component_regression/phase1/input8000_rate2p5_reuse00_seed1,0,0.0,0.00013905362579676173,2.801224810118465,0.00038952046651881796,0.0
2026-07-16_ttft_component_regression/phase1/input8000_rate2p5_reuse00_seed1,0,0.0,0.007946370457827425,2.7194747675218576,0.02160995395344279,0.0
2026-07-16_ttft_component_regression/phase1/input8000_rate2p5_reuse00_seed1,0,0.0,0.00040480022346580464,3.112991881120308,0.0012601398091247361,0.0
2026-07-16_ttft_component_regression/phase1/input8000_rate2p5_reuse00_seed1,0,0.0,0.0003825434924377078,3.130937340296865,0.0011977197047607908,0.0
2026-07-16_ttft_component_regression/phase1/input8000_rate2p5_reuse00_seed1,0,0.0,0.01866913444100365,4.243529998422098,0.07922303204497416,0.0
2026-07-16_ttft_component_regression/phase1/input8000_rate2p5_reuse00_seed1,1,3.757597,0.9816659218096042,2.8664128557783055,2.8138598183545103,2.8664128557783055
2026-07-16_ttft_component_regression/phase1/input8000_rate2p5_reuse00_seed1,1,1988.497756,0.7932264931813554,2291.459126321377,1817.6460870403184,2291.459126321377
2026-07-16_ttft_component_regression/phase1/input8000_rate2p5_reuse00_seed1,1,0.230396,0.9951082472352512,3.090003982440966,3.0748884469167757,3.090003982440966
2026-07-16_ttft_component_regression/phase1/input8000_rate2p5_reuse00_seed1,0,0.0,0.011494453731497567,2.5480618132334802,0.029288578617208034,0.0
2026-07-16_ttft_component_regression/phase1/input8000_rate2p5_reuse00_seed1,1,3.213916,0.9900554838119723,2.2493383862893674,2.2269698042945607,2.2493383862893674
2026-07-16_ttft_component_regression/phase1/input8000_rate2p5_reuse00_seed1,1,1.626099,0.986371655014877,3.2666758989334412,3.2221565128281897,3.2666758989334412
2026-07-16_ttft_component_regression/phase1/input8000_rate2p5_reuse00_seed1,1,2.833983,0.9916340964223298,2.7339375028042756,2.7110656452684387,2.7339375028042756
2026-07-16_ttft_component_regression/phase1/input8000_rate2p5_reuse00_seed1,0,0.0,0.04596861381239634,2.1912094493052807,0.10072686095718811,0.0
2026-07-16_ttft_component_regression/phase1/input8000_rate2p5_reuse00_seed1,1,0.062481,0.9950957269705911,2.0108253286632496,2.000963692237034,2.0108253286632496
2026-07-16_ttft_component_regression/phase1/input8000_rate2p5_reuse00_seed1,0,0.0,0.3779779032798945,2.057151942459827,0.7775579779391275,0.0
2026-07-16_ttft_component_regression/phase1/input8000_rate2p5_reuse00_seed1,1,5888.680973,0.8909449116234586,5103.454233218003,4546.896580788779,5103.454233218003
2026-07-16_ttft_component_regression/phase1/input8000_rate2p5_reuse00_seed1,1,3815.93373,0.9512670072871957,3753.828878941212,3570.893563538656,3753.828878941212
2026-07-16_ttft_component_regression/phase1/input8000_rate2p5_reuse00_seed1,1,3535.098362,0.9437015699484587,3556.0864529944583,3355.884368563316,3556.0864529944583
2026-07-16_ttft_component_regression/phase1/input8000_rate2p5_reuse00_seed1,1,4122.492477,0.9522797370166574,3907.757491566968,3721.278276394265,3907.757491566968
2026-07-16_ttft_component_regression/phase1/input8000_rate2p5_reuse00_seed1,1,1305.350459,0.9509357728657004,1149.1965394836586,1092.8120994484814,1149.1965394836586
2026-07-16_ttft_component_regression/phase1/input8000_rate2p5_reuse00_seed1,1,6061.50246,0.9574244310366337,4974.906243727516,4763.096779861414,4974.906243727516
2026-07-16_ttft_component_regression/phase1/input8000_rate2p5_reuse00_seed1,1,3205.373813,0.9444898776652002,2502.345206662229,2363.4397181165086,2502.345206662229
2026-07-16_ttft_component_regression/phase1/input8000_rate2p5_reuse00_seed1,1,4676.336077,0.9494360916476821,3942.041529337476,3742.7165027270244,3942.041529337476
2026-07-16_ttft_component_regression/phase1/input8000_rate2p5_reuse00_seed1,1,4682.50262,0.8979667087788423,4055.4461620432576,3641.6556427597716,4055.4461620432576
2026-07-16_ttft_component_regression/phase1/input8000_rate2p5_reuse00_seed1,1,10336.901016,0.9584092786014214,11896.292259252787,11401.516882222137,11896.292259252787
2026-07-16_ttft_component_regression/phase1/input8000_rate2p5_reuse00_seed1,0,0.0,2.9607122878347637e-12,0.34884610392738824,1.0328329464611015e-12,0.0
2026-07-16_ttft_component_regression/phase1/input8000_rate2p5_reuse00_seed1,0,0.0,1.3520152129595116e-10,0.6950263450941045,9.396861919748768e-11,0.0
2026-07-16_ttft_component_regression/phase1/input8000_rate2p5_reuse00_seed1,0,0.0,4.7753349869692086e-09,0.531571800409449,2.5384334165814547e-09,0.0
2026-07-16_ttft_component_regression/phase1/input8000_rate2p5_reuse00_seed1,0,0.0,1.8562247547148714e-06,0.5061509296212894,9.39529885184982e-07,0.0
2026-07-16_ttft_component_regression/phase1/input8000_rate2p5_reuse00_seed1,0,0.0,0.00010568235171712216,0.27922447326895,2.950909899203735e-05,0.0
2026-07-16_ttft_component_regression/phase1/input8000_rate2p5_reuse00_seed1,0,0.0,1.0713249930419824e-07,0.36529320622362016,3.913477416158033e-08,0.0
2026-07-16_ttft_component_regression/phase1/input8000_rate2p5_reuse00_seed1,0,0.0,0.001662242503927179,0.5407489404079386,0.0008988558726996609,0.0
2026-07-16_ttft_component_regression/phase1/input8000_rate2p5_reuse00_seed1,0,0.0,0.013971317588348122,0.7307645120285866,0.010209743079845625,0.0
2026-07-16_ttft_component_regression/phase1/input8000_rate2p5_reuse00_seed1,0,0.0,2.238916063133864e-06,2.801260673033469,6.2717875178798124e-06,0.0
2026-07-16_ttft_component_regression/phase1/input8000_rate2p5_reuse00_seed1,0,0.0,1.934659846115343e-08,3.1595176528384488,6.112591936039142e-08,0.0
2026-07-16_ttft_component_regression/phase1/input8000_rate2p5_reuse00_seed1,1,7.78277,0.9845419991053832,3.256304699223933,3.2059687382701845,3.256304699223933
2026-07-16_ttft_component_regression/phase1/input8000_rate2p5_reuse00_seed1,0,0.0,0.00010268570376292766,3.9495947427329887,0.0004055669157358962,0.0
2026-07-16_ttft_component_regression/phase1/input8000_rate2p5_reuse00_seed1,1,6.962079,0.9794901678033205,3.7391027139067683,3.6624143446783917,3.7391027139067683
2026-07-16_ttft_component_regression/phase1/input8000_rate2p5_reuse00_seed1,1,1.213877,0.9732717070919017,4.201831371324433,4.089523591681237,4.201831371324433
2026-07-16_ttft_component_regression/phase1/input8000_rate2p5_reuse00_seed1,1,0.320306,0.9894245993384089,2.295892576328997,2.271612592458345,2.295892576328997
2026-07-16_ttft_component_regression/phase1/input8000_rate2p5_reuse00_seed1,0,0.0,1.4728311651539785e-06,3.3314244159182618,4.906625704119306e-06,0.0
2026-07-16_ttft_component_regression/phase1/input8000_rate2p5_reuse00_seed1,1,2.96879,0.9816308777923275,2.781056639054862,2.7299710697856043,2.781056639054862
2026-07-16_ttft_component_regression/phase1/input8000_rate2p5_reuse00_seed1,1,2005.78027,0.9945708799313738,4212.379347298879,4189.5098340477925,4212.379347298879
2026-07-16_ttft_component_regression/phase1/input8000_rate2p5_reuse00_seed1,1,254.747384,0.5621792610959563,276.6725842629945,155.53958898647898,276.6725842629945
2026-07-16_ttft_component_regression/phase1/input8000_rate2p5_reuse00_seed1,1,7064.241574,0.9971190736806008,3108.6155361813708,3099.6598438662927,3108.6155361813708
2026-07-16_ttft_component_regression/phase1/input8000_rate2p5_reuse00_seed1,1,5302.170637,0.9963802311124423,4522.158300693365,4505.789132771904,4522.158300693365
2026-07-16_ttft_component_regression/phase1/input8000_rate2p5_reuse00_seed1,1,3.348282,0.9954713114312121,1.6794136496313443,1.6718081082339926,1.6794136496313443
2026-07-16_ttft_component_regression/phase1/input8000_rate2p5_reuse00_seed1,1,2376.728498,0.9962418917078988,5030.509800513911,5011.604599919103,5030.509800513911
2026-07-16_ttft_component_regression/phase1/input8000_rate2p5_reuse00_seed1,1,945.433906,0.9876999433467127,1613.57419237025,1593.7271383898137,1613.57419237025
2026-07-16_ttft_component_regression/phase1/input8000_rate2p5_reuse00_seed1,1,1533.88705,0.7709115101924362,1958.5838967868272,1509.8948697105195,1958.5838967868272
2026-07-16_ttft_component_regression/phase1/input8000_rate2p5_reuse00_seed1,1,2755.690097,0.9962214117562244,4349.66155445749,4333.225974443414,4349.66155445749
2026-07-16_ttft_component_regression/phase1/input8000_rate2p5_reuse00_seed1,1,6210.203041,0.997741724844474,754.6465443883964,752.9423448460005,754.6465443883964
2026-07-16_ttft_component_regression/phase1/input8000_rate2p5_reuse00_seed1,1,5038.520252,0.9966618603914651,941.7244632642673,938.5808555331187,941.7244632642673
2026-07-16_ttft_component_regression/phase1/input8000_rate2p5_reuse00_seed1,1,3545.217455,0.9981232917821281,5642.50027772569,5631.910951085138,5642.50027772569
2026-07-16_ttft_component_regression/phase1/input8000_rate2p5_reuse00_seed1,1,7680.585452,0.9982182494954625,7744.66854142771,7730.869474346545,7744.66854142771
2026-07-16_ttft_component_regression/phase1/input8000_rate2p5_reuse00_seed1,1,6493.864894,0.99801368814126,8164.927055594443,8148.708964158169,8164.927055594443
2026-07-16_ttft_component_regression/phase1/input8000_rate2p5_reuse00_seed1,1,8530.885337,0.9982222219254236,6604.237361205055,6592.4964928250065,6604.237361205055
2026-07-16_ttft_component_regression/phase1/input8000_rate2p5_reuse00_seed1,1,10346.705043,0.9980972964801832,7308.14218853308,7294.236960667637,7308.14218853308
2026-07-16_ttft_component_regression/phase1/input8000_rate2p5_reuse00_seed1,1,14573.447346,0.9985719439784917,1494.4072548399763,1492.2731575611165,1494.4072548399763
2026-07-16_ttft_component_regression/phase1/input8000_rate2p5_reuse00_seed1,1,11651.940453,0.9958059882452112,4463.086929214056,4444.368690170288,4463.086929214056
2026-07-16_ttft_component_regression/phase1/input8000_rate2p5_reuse00_seed1,1,6988.136073,0.9991621816105559,12533.958538776084,12523.457357819767,12533.958538776084
2026-07-16_ttft_component_regression/phase1/input8000_rate2p5_reuse00_seed1,1,10656.649602,0.9992326028363931,12975.77171548364,12965.814145073567,12975.77171548364
2026-07-16_ttft_component_regression/phase1/input8000_rate2p5_reuse00_seed1,1,14788.506578,0.9994300595954355,3595.013806121157,3592.9648624980814,3595.013806121157
2026-07-16_ttft_component_regression/phase1/input8000_rate2p5_reuse00_seed1,0,0.0,6.513818376401022e-12,0.21944925684354538,1.4294526019150336e-12,0.0
2026-07-16_ttft_component_regression/phase1/input8000_rate2p5_reuse00_seed1,0,0.0,4.4978320206184696e-09,0.37063804620307045,1.667067672271638e-09,0.0
2026-07-16_ttft_component_regression/phase1/input8000_rate2p5_reuse00_seed1,0,0.0,1.1439866979585775e-07,0.31299001576425534,3.580564146281536e-08,0.0
2026-07-16_ttft_component_regression/phase1/input8000_rate2p5_reuse00_seed1,0,0.0,2.414164101290753e-10,0.4747300299082255,1.1460761960091234e-10,0.0
2026-07-16_ttft_component_regression/phase1/input8000_rate2p5_reuse00_seed1,0,0.0,5.577933716505009e-06,0.47509193214788037,2.650031306767172e-06,0.0
2026-07-16_ttft_component_regression/phase1/input8000_rate2p5_reuse00_seed1,0,0.0,1.5413714083640082e-06,0.5427852529182308,8.366336697297877e-07,0.0
2026-07-16_ttft_component_regression/phase1/input8000_rate2p5_reuse00_seed1,0,0.0,0.00014239126919540914,0.5521564981116576,7.862226456061145e-05,0.0
2026-07-16_ttft_component_regression/phase1/input8000_rate2p5_reuse00_seed1,0,0.0,5.9880112507155586e-05,0.5462268020532308,3.2708122361371265e-05,0.0
2026-07-16_ttft_component_regression/phase1/input8000_rate2p5_reuse00_seed1,0,0.0,0.0019136127803476663,2.422552374265202,0.004635827184455474,0.0
2026-07-16_ttft_component_regression/phase1/input8000_rate2p5_reuse00_seed1,0,0.0,8.198830315458161e-05,3.2567032970381926,0.0002670115772020928,0.0
2026-07-16_ttft_component_regression/phase1/input8000_rate2p5_reuse00_seed1,0,0.0,0.0007096395158855337,3.611532758651599,0.0025628863584542666,0.0
2026-07-16_ttft_component_regression/phase1/input8000_rate2p5_reuse00_seed1,0,0.0,0.02370339952053333,2.746827357451568,0.06510914626760533,0.0
2026-07-16_ttft_component_regression/phase1/input8000_rate2p5_reuse00_seed1,0,0.0,4.2235133887044644e-05,2.9230847677062366,0.0001234568765272537,0.0
2026-07-16_ttft_component_regression/phase1/input8000_rate2p5_reuse00_seed1,0,0.0,1.8623397151188232e-06,3.097313924596012,5.768250731965701e-06,0.0
2026-07-16_ttft_component_regression/phase1/input8000_rate2p5_reuse00_seed1,0,0.0,0.0009239919219419155,2.6838991544982274,0.002479901138063099,0.0
2026-07-16_ttft_component_regression/phase1/input8000_rate2p5_reuse00_seed1,0,0.0,6.19659281229624e-06,3.3975788548366253,2.1053412711090322e-05,0.0
2026-07-16_ttft_component_regression/phase1/input8000_rate2p5_reuse00_seed1,0,0.0,0.0005049456224166806,2.224625408902669,0.001123314861742321,0.0
2026-07-16_ttft_component_regression/phase1/input8000_rate2p5_reuse00_seed1,0,0.0,1.7892398083844034e-05,2.7303372491857645,4.885228096557936e-05,0.0
2026-07-16_ttft_component_regression/phase1/input8000_rate2p5_reuse00_seed1,0,0.0,1.6933654616541167e-06,2.6111838544362813,4.42168855313127e-06,0.0
2026-07-16_ttft_component_regression/phase1/input8000_rate2p5_reuse00_seed1,0,0.0,3.621416413421953e-05,2.586196940175724,9.365696047494e-05,0.0
2026-07-16_ttft_component_regression/phase1/input8000_rate2p5_reuse00_seed1,0,0.0,0.0014935991015814188,2.4409094151645694,0.003645740109531427,0.0
2026-07-16_ttft_component_regression/phase1/input8000_rate2p5_reuse00_seed1,0,0.0,9.411399101717427e-08,2.249800066193532,2.1173766322017614e-07,0.0
2026-07-16_ttft_component_regression/phase1/input8000_rate2p5_reuse00_seed1,0,0.0,3.5630403819145565e-05,4.464669166667814,0.00015907796532726233,0.0
2026-07-16_ttft_component_regression/phase1/input8000_rate2p5_reuse00_seed1,0,0.0,8.247874802749378e-08,5.689053925936855,4.692260452721701e-07,0.0
2026-07-16_ttft_component_regression/phase1/input8000_rate2p5_reuse00_seed1,0,0.0,0.000831174963380749,4.749887275641734,0.003947987382394204,0.0
2026-07-16_ttft_component_regression/phase1/input8000_rate2p5_reuse00_seed1,0,0.0,6.7931698381095785e-09,5.070203185807897,3.44427513549173e-08,0.0
2026-07-16_ttft_component_regression/phase1/input8000_rate2p5_reuse00_seed1,0,0.0,1.6840768151112749e-06,4.377505627576024,7.372055735419913e-06,0.0
2026-07-16_ttft_component_regression/phase1/input8000_rate2p5_reuse00_seed1,0,0.0,0.28149944517658587,1.516259080929064,0.4268260900254915,0.0
2026-07-16_ttft_component_regression/phase1/input8000_rate2p5_reuse00_seed1,0,0.0,0.021848731874858363,4.3221197317653575,0.09443283515037604,0.0
2026-07-16_ttft_component_regression/phase1/input8000_rate2p5_reuse00_seed1,0,0.0,6.593326929418274e-12,0.29766845263538316,1.96262542479914e-12,0.0
2026-07-16_ttft_component_regression/phase1/input8000_rate2p5_reuse00_seed1,0,0.0,3.2963471407970216e-10,0.3427280511424639,1.1297506314543963e-10,0.0
2026-07-16_ttft_component_regression/phase1/input8000_rate2p5_reuse00_seed1,0,0.0,5.262823809698243e-09,0.47366150709114513,2.4927970572568317e-09,0.0
2026-07-16_ttft_component_regression/phase1/input8000_rate2p5_reuse00_seed1,0,0.0,1.700861192194886e-08,0.645450934434221,1.0978224458450924e-08,0.0
2026-07-16_ttft_component_regression/phase1/input8000_rate2p5_reuse00_seed1,0,0.0,1.467133218490056e-07,0.6674443737324114,9.792298121971126e-08,0.0
2026-07-16_ttft_component_regression/phase1/input8000_rate2p5_reuse00_seed1,0,0.0,1.001707809772422e-08,3.0977012592110067,3.102991543693531e-08,0.0
2026-07-16_ttft_component_regression/phase1/input8000_rate2p5_reuse00_seed1,0,0.0,2.369582387246179e-08,3.0166354850730923,7.148166314171033e-08,0.0
2026-07-16_ttft_component_regression/phase1/input8000_rate2p5_reuse00_seed1,0,0.0,6.326988954151939e-08,2.8836737765336804,1.8244972131506202e-07,0.0
2026-07-16_ttft_component_regression/phase1/input8000_rate2p5_reuse00_seed1,0,0.0,1.1594624258153247e-08,3.97770387533053,4.611998184465754e-08,0.0
2026-07-16_ttft_component_regression/phase1/input8000_rate2p5_reuse00_seed1,0,0.0,5.003961294390917e-07,2.9041129099897374,1.4532068596129617e-06,0.0
2026-07-16_ttft_component_regression/phase1/input8000_rate2p5_reuse00_seed1,0,0.0,1.9463772955458645e-08,1.6655968426060546,3.241879877981304e-08,0.0
2026-07-16_ttft_component_regression/phase1/input8000_rate2p5_reuse00_seed1,0,0.0,3.770380978397503e-08,3.2635304896578767,1.2304753280626348e-07,0.0
2026-07-16_ttft_component_regression/phase1/input8000_rate2p5_reuse00_seed1,0,0.0,0.09748134650764997,1.8093629959281725,0.17637914116419384,0.0
2026-07-16_ttft_component_regression/phase1/input8000_rate2p5_reuse00_seed1,0,0.0,0.0008387141372682702,2.118408854615065,0.0017767394548799387,0.0
2026-07-16_ttft_component_regression/phase1/input8000_rate2p5_reuse00_seed1,0,0.0,0.01145975385482404,2.1185696280105675,0.02427828646130723,0.0
2026-07-16_ttft_component_regression/phase1/input8000_rate2p5_reuse00_seed1,0,0.0,1.9310646115190606e-06,2.1842860717254293,4.2179975345429615e-06,0.0
2026-07-16_ttft_component_regression/phase1/input8000_rate2p5_reuse00_seed1,1,5.5944,0.9979536448929253,2.2779485044795327,2.273287012923738,2.2779485044795327
2026-07-16_ttft_component_regression/phase1/input8000_rate2p5_reuse00_seed1,1,1614.589001,0.8151391761756557,1972.4452610816288,1607.8174051696549,1972.4452610816288
2026-07-16_ttft_component_regression/phase1/input8000_rate2p5_reuse00_seed1,1,4468.037277,0.712550530542193,3860.2028650731427,2750.589599508361,3860.2028650731427
2026-07-16_ttft_component_regression/phase1/input8000_rate2p5_reuse00_seed1,1,10809.297685,0.9955909047346763,6597.2593269306035,6568.171382068121,6597.2593269306035
2026-07-16_ttft_component_regression/phase1/input8000_rate2p5_reuse00_seed1,1,11851.419886,0.9963952754490079,4805.7898395849015,4788.466290963242,4805.7898395849015
2026-07-16_ttft_component_regression/phase1/input8000_rate2p5_reuse00_seed1,1,4882.348415,0.7691885172682742,3857.0640163828316,2966.8093517703246,3857.0640163828316
2026-07-16_ttft_component_regression/phase1/input8000_rate2p5_reuse00_seed1,1,13490.876025,0.9916128077300009,6993.975277743049,6935.315462356998,6993.975277743049
2026-07-16_ttft_component_regression/phase1/input8000_rate2p5_reuse00_seed1,1,7466.16077,0.7897700399422063,6005.173209877357,4742.705885824707,6005.173209877357
2026-07-16_ttft_component_regression/phase1/input8000_rate2p5_reuse00_seed1,1,3832.80639,0.8403421264932629,3372.912811626112,2834.4007245982575,3372.912811626112
2026-07-16_ttft_component_regression/phase1/input8000_rate2p5_reuse00_seed1,1,874.148183,0.7787223337672246,1005.4869224033564,782.9951227863659,1005.4869224033564
2026-07-16_ttft_component_regression/phase1/input8000_rate2p5_reuse00_seed1,1,9774.587365,0.9912024162588113,3402.408382721552,3372.4754100528367,3402.408382721552
2026-07-16_ttft_component_regression/phase1/input8000_rate2p5_reuse00_seed1,0,0.0,2.6697072478733176e-09,0.33320821059069594,8.895683748648797e-10,0.0
2026-07-16_ttft_component_regression/phase1/input8000_rate2p5_reuse00_seed1,0,0.0,2.035064752419261e-06,0.43586108767022086,8.870055364687877e-07,0.0
2026-07-16_ttft_component_regression/phase1/input8000_rate2p5_reuse00_seed1,0,0.0,8.993643256532481e-08,0.36128938373699887,3.249307829703036e-08,0.0
2026-07-16_ttft_component_regression/phase1/input8000_rate2p5_reuse00_seed1,0,0.0,3.210146151551704e-12,0.4711288074540243,1.51239232813368e-12,0.0
2026-07-16_ttft_component_regression/phase1/input8000_rate2p5_reuse00_seed1,0,0.0,8.887663230396349e-11,0.45926900022981426,4.081828206203413e-11,0.0
2026-07-16_ttft_component_regression/phase1/input8000_rate2p5_reuse00_seed1,0,0.0,0.0031056226104178375,0.3886378368061908,0.0012069624532491839,0.0
2026-07-16_ttft_component_regression/phase1/input8000_rate2p5_reuse00_seed1,0,0.0,0.00015673241960972457,0.4318314510918597,6.768198819320561e-05,0.0
2026-07-16_ttft_component_regression/phase1/input8000_rate2p5_reuse00_seed1,0,0.0,7.841832216026951e-09,0.20745461537544052,1.6268242862146096e-09,0.0
2026-07-16_ttft_component_regression/phase1/input8000_rate2p5_reuse00_seed1,0,0.0,1.8320274177309003e-07,3.239891364805387,5.935569810793055e-07,0.0
2026-07-16_ttft_component_regression/phase1/input8000_rate2p5_reuse00_seed1,0,0.0,0.005236756402163038,2.530284044252083,0.013250481168028077,0.0
2026-07-16_ttft_component_regression/phase1/input8000_rate2p5_reuse00_seed1,0,0.0,0.00011682796927739317,2.998446111782789,0.0003503023702272787,0.0
2026-07-16_ttft_component_regression/phase1/input8000_rate2p5_reuse00_seed1,0,0.0,7.571705138759437e-06,3.5062842738321853,2.654855065412656e-05,0.0
2026-07-16_ttft_component_regression/phase1/input8000_rate2p5_reuse00_seed1,0,0.0,6.27278823160355e-05,5.368779572397553,0.0003367721731980891,0.0
2026-07-16_ttft_component_regression/phase1/input8000_rate2p5_reuse00_seed1,0,0.0,2.1629198408198043e-06,5.515731975818963,1.1930086127143057e-05,0.0
2026-07-16_ttft_component_regression/phase1/input8000_rate2p5_reuse00_seed1,0,0.0,0.00010345628188787367,3.327872158938516,0.00034428928016194986,0.0
2026-07-16_ttft_component_regression/phase1/input8000_rate2p5_reuse00_seed1,1,3.069677,0.985193304602098,2.7731375364729685,2.732076533673925,2.7731375364729685
2026-07-16_ttft_component_regression/phase1/input8000_rate2p5_reuse00_seed1,0,0.0,0.054870878325361326,2.691635722152984,0.14769241620645243,0.0
2026-07-16_ttft_component_regression/phase1/input8000_rate2p5_reuse00_seed1,0,0.0,0.13188670467549368,1.8684984566627512,0.246430104140496,0.0
2026-07-16_ttft_component_regression/phase1/input8000_rate2p5_reuse00_seed1,1,0.573714,0.9922888205370567,1.6326846961576948,1.6200947714592218,1.6326846961576948
2026-07-16_ttft_component_regression/phase1/input8000_rate2p5_reuse00_seed1,1,1.591298,0.986033698978287,3.0178281470238035,2.9756802506906705,3.0178281470238035
2026-07-16_ttft_component_regression/phase1/input8000_rate2p5_reuse00_seed1,1,0.55677,0.9931106575624152,2.0509208376325025,2.036791341669674,2.0509208376325025
2026-07-16_ttft_component_regression/phase1/input8000_rate2p5_reuse00_seed1,0,0.0,0.006528816810671963,2.1013550924801043,0.013719362452975243,0.0
2026-07-16_ttft_component_regression/phase1/input8000_rate2p5_reuse00_seed1,1,1255.463756,0.7368845293881978,1141.5928176084196,841.222086156327,1141.5928176084196
2026-07-16_ttft_component_regression/phase1/input8000_rate2p5_reuse00_seed1,1,1.419876,0.9912546379827974,2.559923826696715,2.53753636609579,2.559923826696715
2026-07-16_ttft_component_regression/phase1/input8000_rate2p5_reuse00_seed1,1,1020.35644,0.759253689959881,819.2036916245219,621.9834256946747,819.2036916245219
2026-07-16_ttft_component_regression/phase1/input8000_rate2p5_reuse00_seed1,1,9523.932687,0.9863048813445658,5454.445912344118,5379.746628374918,5454.445912344118
2026-07-16_ttft_component_regression/phase1/input8000_rate2p5_reuse00_seed1,1,9280.249106,0.9919630298871055,5692.957750232504,5647.203618939914,5692.957750232504
2026-07-16_ttft_component_regression/phase1/input8000_rate2p5_reuse00_seed1,1,5187.829892,0.8148703396363771,4606.012081995605,3753.302629625015,4606.012081995605
2026-07-16_ttft_component_regression/phase1/input8000_rate2p5_reuse00_seed1,1,3873.640599,0.8322841910792332,3576.9665591751987,2977.0527192205986,3576.9665591751987
2026-07-16_ttft_component_regression/phase1/input8000_rate2p5_reuse00_seed1,1,3303.046659,0.846887310583815,2483.2189617288195,2103.0066280892534,2483.2189617288195
2026-07-16_ttft_component_regression/phase1/input8000_rate2p5_reuse00_seed1,1,12759.40419,0.9889835404220451,5222.239017429458,5164.708432387527,5222.239017429458
2026-07-16_ttft_component_regression/phase1/input8000_rate2p5_reuse00_seed1,1,0.88774,0.9855197607943907,4.181372856725173,4.120825577551951,4.181372856725173
2026-07-16_ttft_component_regression/phase1/input8000_rate2p5_reuse00_seed1,1,5954.108968,0.9952150880570523,11322.764492224765,11268.586061178736,11322.764492224765
2026-07-16_ttft_component_regression/phase1/input8000_rate2p5_reuse00_seed1,1,1296.436337,0.8965193717243997,6700.7835188948675,6007.382230420839,6700.7835188948675
2026-07-16_ttft_component_regression/phase1/input8000_rate2p5_reuse00_seed1,1,9525.466746,0.9943952107728786,11413.463448520246,11349.493391539836,11413.463448520246
2026-07-16_ttft_component_regression/phase1/input8000_rate2p5_reuse00_seed1,1,10326.099957,0.9971186740559297,11552.9279906935,11519.64023954394,11552.9279906935
2026-07-16_ttft_component_regression/phase1/input8000_rate2p5_reuse00_seed1,1,12809.430196,0.9958154474540512,6380.028731256487,6353.331165785881,6380.028731256487
2026-07-16_ttft_component_regression/phase1/input8000_rate2p5_reuse00_seed1,0,0.0,2.495526230450493e-12,0.3768078292248611,9.403338216697507e-13,0.0
2026-07-16_ttft_component_regression/phase1/input8000_rate2p5_reuse00_seed1,0,0.0,8.51249183023837e-11,0.1888350403061037,1.607456737868441e-11,0.0
2026-07-16_ttft_component_regression/phase1/input8000_rate2p5_reuse00_seed1,0,0.0,9.381048278165517e-11,0.503750377154767,4.7257066082329564e-11,0.0
2026-07-16_ttft_component_regression/phase1/input8000_rate2p5_reuse00_seed1,0,0.0,6.479386500157104e-09,0.6502474769737688,4.213204724065056e-09,0.0
2026-07-16_ttft_component_regression/phase1/input8000_rate2p5_reuse00_seed1,0,0.0,1.2999343677423602e-08,0.5000823752746397,6.500742663217365e-09,0.0
2026-07-16_ttft_component_regression/phase1/input8000_rate2p5_reuse00_seed1,0,0.0,0.00015582781164246373,0.43012522595576697,6.70254726929074e-05,0.0
2026-07-16_ttft_component_regression/phase1/input8000_rate2p5_reuse00_seed1,0,0.0,2.9819864788496576e-07,0.5099241093902037,1.520586799441041e-07,0.0
2026-07-16_ttft_component_regression/phase1/input8000_rate2p5_reuse00_seed1,0,0.0,5.631085048464321e-06,0.7409951096590232,4.172606482986105e-06,0.0
2026-07-16_ttft_component_regression/phase1/input8000_rate2p5_reuse00_seed1,0,0.0,6.960289718248152e-05,3.1077606339663384,0.00021630914387372265,0.0
2026-07-16_ttft_component_regression/phase1/input8000_rate2p5_reuse00_seed1,0,0.0,8.764488848155164e-05,2.820677678732016,0.00024721798059486945,0.0
2026-07-16_ttft_component_regression/phase1/input8000_rate2p5_reuse00_seed1,0,0.0,0.00011779946102338256,3.5364237142026527,0.0004165888074833812,0.0
2026-07-16_ttft_component_regression/phase1/input8000_rate2p5_reuse00_seed1,0,0.0,7.347450161198991e-05,2.88542943827084,0.00021200548991351397,0.0
2026-07-16_ttft_component_regression/phase1/input8000_rate2p5_reuse00_seed1,0,0.0,5.329420787960623e-07,2.3574729659927307,1.2563965432016845e-06,0.0
2026-07-16_ttft_component_regression/phase1/input8000_rate2p5_reuse00_seed1,0,0.0,2.9301558458201663e-08,2.5354674665419745,7.429314818974814e-08,0.0
2026-07-16_ttft_component_regression/phase1/input8000_rate2p5_reuse00_seed1,1,5.569261,0.9890283848653101,3.23658692645675,3.2010763403496973,3.23658692645675
2026-07-16_ttft_component_regression/phase1/input8000_rate2p5_reuse00_seed1,0,0.0,8.489891947639743e-06,3.125830770798317,2.6537965490685163e-05,0.0
2026-07-16_ttft_component_regression/phase1/input8000_rate2p5_reuse00_seed1,0,0.0,1.0456035220174489e-05,2.386916999507885,2.495768821448766e-05,0.0
2026-07-16_ttft_component_regression/phase1/input8000_rate2p5_reuse00_seed1,1,10.580733,0.9919636400374184,1.8086351695958682,1.794100326332011,1.8086351695958682
2026-07-16_ttft_component_regression/phase1/input8000_rate2p5_reuse00_seed1,0,0.0,0.00013593093925219626,2.8442655218943544,0.0003866236838737378,0.0
2026-07-16_ttft_component_regression/phase1/input8000_rate2p5_reuse00_seed1,1,0.645778,0.9867146898410515,1.8994241316136986,1.8741896929018191,1.8994241316136986
2026-07-16_ttft_component_regression/phase1/input8000_rate2p5_reuse00_seed1,0,0.0,0.007696625882473269,4.785309273484817,0.036830735209942594,0.0
2026-07-16_ttft_component_regression/phase1/input8000_rate2p5_reuse00_seed1,0,0.0,0.011207515984413724,1.9664530155298725,0.022039053604149615,0.0
2026-07-16_ttft_component_regression/phase1/input8000_rate2p5_reuse00_seed1,0,0.0,0.00044429832564846727,2.4421269729668538,0.001085032925110133,0.0
2026-07-16_ttft_component_regression/phase1/input8000_rate2p5_reuse00_seed1,0,0.0,0.00028671741620360367,2.66497308797309,0.0007640941980357833,0.0
2026-07-16_ttft_component_regression/phase1/input8000_rate2p5_reuse00_seed1,1,6.248617,0.9919359721366452,2.822792390058653,2.8000293135727543,2.822792390058653
2026-07-16_ttft_component_regression/phase1/input8000_rate2p5_reuse00_seed1,1,2.10024,0.9897781101455376,4.11352660669797,4.071478590810903,4.11352660669797
2026-07-16_ttft_component_regression/phase1/input8000_rate2p5_reuse00_seed1,1,0.703487,0.9921029594683094,3.3468839566780546,3.320453478417303,3.3468839566780546
2026-07-16_ttft_component_regression/phase1/input8000_rate2p5_reuse00_seed1,0,0.0,0.009729373583645982,6.221009351323974,0.060526524046386095,0.0
2026-07-16_ttft_component_regression/phase1/input8000_rate2p5_reuse00_seed1,0,0.0,0.09210016600815524,4.265583409801057,0.3928609401643103,0.0
2026-07-16_ttft_component_regression/phase1/input8000_rate2p5_reuse50_seed1,0,0.0,3.985041710312364e-10,0.7199775680749283,2.8691406392678486e-10,0.0
2026-07-16_ttft_component_regression/phase1/input8000_rate2p5_reuse50_seed1,0,0.0,1.1935726519482404e-11,0.9399409645198765,1.121887829696776e-11,0.0
2026-07-16_ttft_component_regression/phase1/input8000_rate2p5_reuse50_seed1,0,0.0,4.0809793207629895e-07,0.643427445999609,2.6258141015357495e-07,0.0
2026-07-16_ttft_component_regression/phase1/input8000_rate2p5_reuse50_seed1,0,0.0,1.5734093208364527e-08,1.0051980327553605,1.58158795402375e-08,0.0
2026-07-16_ttft_component_regression/phase1/input8000_rate2p5_reuse50_seed1,0,0.0,4.230039465848042e-11,0.8045642426401938,3.40333849917816e-11,0.0
2026-07-16_ttft_component_regression/phase1/input8000_rate2p5_reuse50_seed1,0,0.0,9.153686428844359e-10,1.3931954891383607,1.275287464165299e-09,0.0
2026-07-16_ttft_component_regression/phase1/input8000_rate2p5_reuse50_seed1,0,0.0,1.2713271739560131e-08,2.5131897518337722,3.1950864248140435e-08,0.0
2026-07-16_ttft_component_regression/phase1/input8000_rate2p5_reuse50_seed1,0,0.0,1.3596726881370566e-08,2.5570448801189936,3.4767440858384894e-08,0.0
2026-07-16_ttft_component_regression/phase1/input8000_rate2p5_reuse50_seed1,0,0.0,7.834001605917867e-10,1.8929359980968923,1.4829263648990794e-09,0.0
2026-07-16_ttft_component_regression/phase1/input8000_rate2p5_reuse50_seed1,0,0.0,3.891732216942587e-07,2.817720135401139,1.0965812229268443e-06,0.0
2026-07-16_ttft_component_regression/phase1/input8000_rate2p5_reuse50_seed1,0,0.0,9.289132883449826e-07,0.9952474864653047,9.244986153695648e-07,0.0
2026-07-16_ttft_component_regression/phase1/input8000_rate2p5_reuse50_seed1,0,0.0,4.149766609007986e-08,2.8980088282993903,1.2026060268287167e-07,0.0
2026-07-16_ttft_component_regression/phase1/input8000_rate2p5_reuse50_seed1,0,0.0,2.3076367438099038e-05,1.7665854395207623,4.07663747131768e-05,0.0
2026-07-16_ttft_component_regression/phase1/input8000_rate2p5_reuse50_seed1,0,0.0,2.093839167274581e-05,2.235774416474682,4.6813520424051605e-05,0.0
2026-07-16_ttft_component_regression/phase1/input8000_rate2p5_reuse50_seed1,0,0.0,1.3110621859939967e-06,2.7391365798295406,3.591178392087437e-06,0.0
2026-07-16_ttft_component_regression/phase1/input8000_rate2p5_reuse50_seed1,0,0.0,0.0009286350185136015,1.473440354287453,0.0013682883106824165,0.0
2026-07-16_ttft_component_regression/phase1/input8000_rate2p5_reuse50_seed1,0,0.0,6.565896270729592e-08,2.7782177664533374,1.8241489672030666e-07,0.0
2026-07-16_ttft_component_regression/phase1/input8000_rate2p5_reuse50_seed1,0,0.0,9.737453797905877e-09,3.580056566086091,3.486063540615288e-08,0.0
2026-07-16_ttft_component_regression/phase1/input8000_rate2p5_reuse50_seed1,0,0.0,2.579784199485532e-07,4.954685734973347,1.27820199725006e-06,0.0
2026-07-16_ttft_component_regression/phase1/input8000_rate2p5_reuse50_seed1,0,0.0,2.1146606450724676e-06,4.070890742043231,8.608552442588675e-06,0.0
2026-07-16_ttft_component_regression/phase1/input8000_rate2p5_reuse50_seed1,0,0.0,5.572232495890494e-07,4.241434197460269,2.363425746426933e-06,0.0
2026-07-16_ttft_component_regression/phase1/input8000_rate2p5_reuse50_seed1,0,0.0,1.187337981918928e-05,4.578802567743306,5.436586200389543e-05,0.0
2026-07-16_ttft_component_regression/phase1/input8000_rate2p5_reuse50_seed1,0,0.0,0.0003368224678104527,3.161987443892072,0.0010650284140373931,0.0
2026-07-16_ttft_component_regression/phase1/input8000_rate2p5_reuse50_seed1,0,0.0,2.1584977936316496e-05,2.2740055703725286,4.9084360063551836e-05,0.0
2026-07-16_ttft_component_regression/phase1/input8000_rate2p5_reuse50_seed1,0,0.0,2.2253905437991688e-11,0.6318409752180325,1.4060929314350544e-11,0.0
2026-07-16_ttft_component_regression/phase1/input8000_rate2p5_reuse50_seed1,0,0.0,6.548507740164282e-10,0.8633231979852466,5.653478644269769e-10,0.0
2026-07-16_ttft_component_regression/phase1/input8000_rate2p5_reuse50_seed1,0,0.0,1.7561288178507717e-08,0.6377185066468081,1.1199158471992185e-08,0.0
2026-07-16_ttft_component_regression/phase1/input8000_rate2p5_reuse50_seed1,0,0.0,6.154496542931605e-07,1.02751964305386,6.323866090969299e-07,0.0
2026-07-16_ttft_component_regression/phase1/input8000_rate2p5_reuse50_seed1,0,0.0,3.1458739843969356e-09,0.7695043118150378,2.4207635954201947e-09,0.0
2026-07-16_ttft_component_regression/phase1/input8000_rate2p5_reuse50_seed1,0,0.0,3.4881836223654684e-08,0.778736000275448,2.7163741623072087e-08,0.0
2026-07-16_ttft_component_regression/phase1/input8000_rate2p5_reuse50_seed1,0,0.0,5.032321495047009e-07,1.7881978100863212,8.998786277093383e-07,0.0
2026-07-16_ttft_component_regression/phase1/input8000_rate2p5_reuse50_seed1,0,0.0,7.25211360008e-06,3.029455417504762,2.196995483412232e-05,0.0
2026-07-16_ttft_component_regression/phase1/input8000_rate2p5_reuse50_seed1,0,0.0,1.80933958566e-05,2.938380610340477,5.316528356024816e-05,0.0
2026-07-16_ttft_component_regression/phase1/input8000_rate2p5_reuse50_seed1,0,0.0,9.360458943119385e-07,3.399099360073107,3.1817130003547693e-06,0.0
2026-07-16_ttft_component_regression/phase1/input8000_rate2p5_reuse50_seed1,0,0.0,0.0006159526601093494,1.4556366277149535,0.0008966032529936283,0.0
2026-07-16_ttft_component_regression/phase1/input8000_rate2p5_reuse50_seed1,0,0.0,0.00027927157514699523,1.5912223159036727,0.0004443831625714683,0.0
2026-07-16_ttft_component_regression/phase1/input8000_rate2p5_reuse50_seed1,0,0.0,0.0001603735196787138,2.5205204017445957,0.00040422472824978655,0.0
2026-07-16_ttft_component_regression/phase1/input8000_rate2p5_reuse50_seed1,0,0.0,0.00032577157105613796,1.5315287209220045,0.0004989285175323589,0.0
2026-07-16_ttft_component_regression/phase1/input8000_rate2p5_reuse50_seed1,0,0.0,0.0005782659214593688,1.1883903823136197,0.0006872056594820369,0.0
2026-07-16_ttft_component_regression/phase1/input8000_rate2p5_reuse50_seed1,0,0.0,0.0003433067930671203,1.5500694049412873,0.0005321493564418528,0.0
2026-07-16_ttft_component_regression/phase1/input8000_rate2p5_reuse50_seed1,0,0.0,0.014082864858468191,2.0447280094605986,0.02879562822955828,0.0
2026-07-16_ttft_component_regression/phase1/input8000_rate2p5_reuse50_seed1,0,0.0,0.011962675200402086,0.6797583811524948,0.008131728728478418,0.0
2026-07-16_ttft_component_regression/phase1/input8000_rate2p5_reuse50_seed1,0,0.0,0.1407042459034037,1.1816647975202532,0.16626525424568545,0.0
2026-07-16_ttft_component_regression/phase1/input8000_rate2p5_reuse50_seed1,0,0.0,0.13187563739958735,1.229609199334659,0.16215549691465442,0.0
2026-07-16_ttft_component_regression/phase1/input8000_rate2p5_reuse50_seed1,0,0.0,0.011443012915966813,1.626676441091822,0.01861407952551265,0.0
2026-07-16_ttft_component_regression/phase1/input8000_rate2p5_reuse50_seed1,0,0.0,0.007409453885898578,1.5644873317230181,0.011591996739474215,0.0
2026-07-16_ttft_component_regression/phase1/input8000_rate2p5_reuse50_seed1,0,0.0,3.46682418841519e-05,3.105975413743936,0.00010767870692990355,0.0
2026-07-16_ttft_component_regression/phase1/input8000_rate2p5_reuse50_seed1,0,0.0,0.015051916521833767,1.5069874611694953,0.02268304946497345,0.0
2026-07-16_ttft_component_regression/phase1/input8000_rate2p5_reuse50_seed1,0,0.0,3.3239252349715247e-06,2.9538051124983187,9.818227352621065e-06,0.0
2026-07-16_ttft_component_regression/phase1/input8000_rate2p5_reuse50_seed1,0,0.0,8.075733014062744e-05,3.499720917435303,0.0002826281175293823,0.0
2026-07-16_ttft_component_regression/phase1/input8000_rate2p5_reuse50_seed1,0,0.0,0.0005876651370828091,3.248305831153871,0.0019089160915519276,0.0
2026-07-16_ttft_component_regression/phase1/input8000_rate2p5_reuse50_seed1,0,0.0,0.0006933960851434335,3.9604618637307207,0.0027461687516707484,0.0
2026-07-16_ttft_component_regression/phase1/input8000_rate2p5_reuse50_seed1,0,0.0,0.024483210295466257,1.445449830531563,0.03538925217245032,0.0
2026-07-16_ttft_component_regression/phase1/input8000_rate2p5_reuse50_seed1,0,0.0,2.1084197111490454e-10,1.9943468524332912,4.2049202145384077e-10,0.0
2026-07-16_ttft_component_regression/phase1/input8000_rate2p5_reuse50_seed1,0,0.0,7.638248629444201e-10,1.276299029907998,9.748689315955728e-10,0.0
2026-07-16_ttft_component_regression/phase1/input8000_rate2p5_reuse50_seed1,0,0.0,5.6304289343324935e-11,0.6389793893620219,3.597728042306036e-11,0.0
2026-07-16_ttft_component_regression/phase1/input8000_rate2p5_reuse50_seed1,0,0.0,9.556878858424055e-09,1.7237929079072951,1.6474079997880553e-08,0.0
2026-07-16_ttft_component_regression/phase1/input8000_rate2p5_reuse50_seed1,0,0.0,7.403957381975559e-10,1.4103093921715844,1.0441870635038265e-09,0.0
2026-07-16_ttft_component_regression/phase1/input8000_rate2p5_reuse50_seed1,0,0.0,9.611438544171398e-09,2.1423181596703005,2.059075933373346e-08,0.0
2026-07-16_ttft_component_regression/phase1/input8000_rate2p5_reuse50_seed1,0,0.0,3.1108026463044044e-07,2.9158090268035988,9.070506436698905e-07,0.0
2026-07-16_ttft_component_regression/phase1/input8000_rate2p5_reuse50_seed1,0,0.0,1.0005185943609744e-05,2.5887860615602727,2.590128591413567e-05,0.0
2026-07-16_ttft_component_regression/phase1/input8000_rate2p5_reuse50_seed1,0,0.0,9.75298276390207e-06,2.702621556403751,2.6358621456955965e-05,0.0
2026-07-16_ttft_component_regression/phase1/input8000_rate2p5_reuse50_seed1,0,0.0,1.2659146818928028e-06,0.8176844914971644,1.035118802942311e-06,0.0
2026-07-16_ttft_component_regression/phase1/input8000_rate2p5_reuse50_seed1,0,0.0,2.4521593177441293e-05,3.4089050924173367,8.359178385676585e-05,0.0
2026-07-16_ttft_component_regression/phase1/input8000_rate2p5_reuse50_seed1,0,0.0,0.0003713227248307292,1.3176024122078693,0.0004892557179445677,0.0
2026-07-16_ttft_component_regression/phase1/input8000_rate2p5_reuse50_seed1,0,0.0,3.910112870125394e-08,2.5276698582882164,9.883474444320785e-08,0.0
2026-07-16_ttft_component_regression/phase1/input8000_rate2p5_reuse50_seed1,0,0.0,8.161531005208288e-08,2.322024320106163,1.8951273483394147e-07,0.0
2026-07-16_ttft_component_regression/phase1/input8000_rate2p5_reuse50_seed1,0,0.0,4.260741970665001e-08,2.816852900221163,1.200188337716174e-07,0.0
2026-07-16_ttft_component_regression/phase1/input8000_rate2p5_reuse50_seed1,0,0.0,1.402637361753252e-06,2.928446367101642,4.107548286387342e-06,0.0
2026-07-16_ttft_component_regression/phase1/input8000_rate2p5_reuse50_seed1,0,0.0,9.389187073734312e-07,4.274455002863302,4.013365766014308e-06,0.0
2026-07-16_ttft_component_regression/phase1/input8000_rate2p5_reuse50_seed1,0,0.0,1.3171348383117796e-07,3.9428445270717405,5.193257888653122e-07,0.0
2026-07-16_ttft_component_regression/phase1/input8000_rate2p5_reuse50_seed1,0,0.0,7.363909864535946e-08,5.3474709776294524,3.93782942824852e-07,0.0
2026-07-16_ttft_component_regression/phase1/input8000_rate2p5_reuse50_seed1,0,0.0,1.0741378790693228e-06,4.99867209283844,5.369263039964495e-06,0.0
2026-07-16_ttft_component_regression/phase1/input8000_rate2p5_reuse50_seed1,0,0.0,1.7011950798350707e-05,4.8371279579870885,8.228898282660298e-05,0.0
2026-07-16_ttft_component_regression/phase1/input8000_rate2p5_reuse50_seed1,0,0.0,9.547905764366993e-07,4.982337789700816,4.757089170230793e-06,0.0
2026-07-16_ttft_component_regression/phase1/input8000_rate2p5_reuse50_seed1,0,0.0,0.0004454428853044902,2.260324415042848,0.0010068454291608702,0.0
2026-07-16_ttft_component_regression/phase1/input8000_rate2p5_reuse50_seed1,0,0.0,6.038617523195332e-10,0.9446281224181208,5.704247932937169e-10,0.0
2026-07-16_ttft_component_regression/phase1/input8000_rate2p5_reuse50_seed1,0,0.0,1.7458453661145026e-11,0.6627777004615246,1.1571073771147786e-11,0.0
2026-07-16_ttft_component_regression/phase1/input8000_rate2p5_reuse50_seed1,0,0.0,1.1051744585377834e-08,0.9081602774170556,1.0036755428599176e-08,0.0
2026-07-16_ttft_component_regression/phase1/input8000_rate2p5_reuse50_seed1,0,0.0,3.808178021882393e-07,0.9806356445531219,3.7344351090616735e-07,0.0
2026-07-16_ttft_component_regression/phase1/input8000_rate2p5_reuse50_seed1,0,0.0,1.3754815424651452e-09,0.9053005917513842,1.2452242543368026e-09,0.0
2026-07-16_ttft_component_regression/phase1/input8000_rate2p5_reuse50_seed1,0,0.0,3.945379297519831e-08,0.7043131822586172,2.7787826482534594e-08,0.0
2026-07-16_ttft_component_regression/phase1/input8000_rate2p5_reuse50_seed1,0,0.0,1.109988269970372e-05,0.9229786722355292,1.024495499614266e-05,0.0
2026-07-16_ttft_component_regression/phase1/input8000_rate2p5_reuse50_seed1,0,0.0,9.685656276414374e-07,0.703280725042454,6.811735368588696e-07,0.0
2026-07-16_ttft_component_regression/phase1/input8000_rate2p5_reuse50_seed1,0,0.0,8.808483348218071e-06,0.8946384007263863,7.88040745547482e-06,0.0
2026-07-16_ttft_component_regression/phase1/input8000_rate2p5_reuse50_seed1,0,0.0,0.05822236639425174,1.2480097134934685,0.07266207880260186,0.0
2026-07-16_ttft_component_regression/phase1/input8000_rate2p5_reuse50_seed1,0,0.0,0.00020344447203369246,0.9904840244088619,0.00020150849940366784,0.0
2026-07-16_ttft_component_regression/phase1/input8000_rate2p5_reuse50_seed1,0,0.0,0.004094912490907599,0.7863644688291748,0.0032200936858145074,0.0
2026-07-16_ttft_component_regression/phase1/input8000_rate2p5_reuse50_seed1,0,0.0,7.700632904782835e-06,1.8487432920748321,1.4236493427447995e-05,0.0
2026-07-16_ttft_component_regression/phase1/input8000_rate2p5_reuse50_seed1,0,0.0,0.00023807071412918794,2.676353024881835,0.0006371612758954308,0.0
2026-07-16_ttft_component_regression/phase1/input8000_rate2p5_reuse50_seed1,0,0.0,0.110268463503377,1.918118876871718,0.2115080213694675,0.0
2026-07-16_ttft_component_regression/phase1/input8000_rate2p5_reuse50_seed1,0,0.0,0.003772809997302102,1.761291230226488,0.006645017161559012,0.0
2026-07-16_ttft_component_regression/phase1/input8000_rate2p5_reuse50_seed1,0,0.0,0.00015009244928236432,1.407349733932953,0.00021123256856288067,0.0
2026-07-16_ttft_component_regression/phase1/input8000_rate2p5_reuse50_seed1,0,0.0,0.0038524829754326313,1.4296547701887308,0.005507720662898136,0.0
2026-07-16_ttft_component_regression/phase1/input8000_rate2p5_reuse50_seed1,0,0.0,0.22042882897733704,1.6861980266370697,0.37168665643550586,0.0
2026-07-16_ttft_component_regression/phase1/input8000_rate2p5_reuse50_seed1,0,0.0,0.011558382283461352,1.295092290080195,0.014969171781110317,0.0
2026-07-16_ttft_component_regression/phase1/input8000_rate2p5_reuse50_seed1,1,5566.489941,0.896554285387826,5666.512041561272,5080.335654063477,5666.512041561272
2026-07-16_ttft_component_regression/phase1/input8000_rate2p5_reuse50_seed1,0,0.0,0.2357203370982625,1.0460517667413485,0.24657567507850373,0.0
2026-07-16_ttft_component_regression/phase1/input8000_rate2p5_reuse50_seed1,1,4690.05512,0.8433528243847563,5219.287089007915,4401.700507789718,5219.287089007915
2026-07-16_ttft_component_regression/phase1/input8000_rate2p5_reuse50_seed1,1,4140.886136,0.8175056982734075,4771.06568306402,3900.3733827415435,4771.06568306402
2026-07-16_ttft_component_regression/phase1/input8000_rate2p5_reuse50_seed1,1,6144.38368,0.8759159301891867,7261.719125275166,6360.655462388005,7261.719125275166
2026-07-16_ttft_component_regression/phase1/input8000_rate2p5_reuse50_seed1,1,2662.150327,0.8607130802371534,3306.7910028964225,2846.1982698034853,3306.7910028964225
2026-07-16_ttft_component_regression/phase1/input8000_rate2p5_reuse50_seed1,1,10974.145294,0.9124448586742361,8915.090827691298,8134.528790340764,8915.090827691298
2026-07-16_ttft_component_regression/phase1/input8000_rate2p5_reuse50_seed1,1,9157.664667,0.9150948193590996,9194.835123436105,8414.145986317468,9194.835123436105
2026-07-16_ttft_component_regression/phase1/input8000_rate2p5_reuse50_seed1,1,9325.222075,0.8499610234880948,11104.871083343265,9438.70759170179,11104.871083343265
2026-07-16_ttft_component_regression/phase1/input8000_rate2p5_reuse50_seed1,1,11808.016231,0.9002377624539416,13492.345777276138,12146.319172789958,13492.345777276138
2026-07-16_ttft_component_regression/phase1/input8000_rate2p5_reuse50_seed1,1,4397.685114,0.8988980800844749,5047.424859520552,4537.120515593674,5047.424859520552
2026-07-16_ttft_component_regression/phase1/input8000_rate2p5_reuse50_seed1,1,4112.739844,0.8938915838221145,4886.540825360124,4368.037717792584,4886.540825360124
2026-07-16_ttft_component_regression/phase1/input8000_rate2p5_reuse50_seed1,0,0.0,7.510117710082408e-05,4.190315702867301,0.0003146976417094013,0.0
2026-07-16_ttft_component_regression/phase1/input8000_rate2p5_reuse50_seed1,0,0.0,1.1135906431788473e-06,4.271802361975661,4.7570391398053955e-06,0.0
2026-07-16_ttft_component_regression/phase1/input8000_rate2p5_reuse50_seed1,0,0.0,1.9056381507022718e-06,3.6660223632400246,6.986112076717893e-06,0.0
2026-07-16_ttft_component_regression/phase1/input8000_rate2p5_reuse50_seed1,0,0.0,1.9808829994947592e-08,0.9221504249181384,1.8266720996972087e-08,0.0
2026-07-16_ttft_component_regression/phase1/input8000_rate2p5_reuse50_seed1,0,0.0,9.611166779850362e-10,0.8856935124979837,8.512548064449602e-10,0.0
2026-07-16_ttft_component_regression/phase1/input8000_rate2p5_reuse50_seed1,0,0.0,3.687932278365432e-11,1.0636289769617753,3.9225916363421335e-11,0.0
2026-07-16_ttft_component_regression/phase1/input8000_rate2p5_reuse50_seed1,0,0.0,5.753935792108743e-07,0.8632549345706634,4.96711346574063e-07,0.0
2026-07-16_ttft_component_regression/phase1/input8000_rate2p5_reuse50_seed1,0,0.0,1.0478367395976345e-05,0.8977926654127152,9.407401393607295e-06,0.0
2026-07-16_ttft_component_regression/phase1/input8000_rate2p5_reuse50_seed1,0,0.0,0.0003694326970891011,0.5651158937952971,0.00020877228881271466,0.0
2026-07-16_ttft_component_regression/phase1/input8000_rate2p5_reuse50_seed1,0,0.0,0.008007444357345682,0.20607455394873617,0.0016501305242093357,0.0
2026-07-16_ttft_component_regression/phase1/input8000_rate2p5_reuse50_seed1,0,0.0,0.17054306723070167,0.7621609439243235,0.12998126510030095,0.0
2026-07-16_ttft_component_regression/phase1/input8000_rate2p5_reuse50_seed1,0,0.0,7.400244944126454e-07,1.9006731664491667,1.4065446990452263e-06,0.0
2026-07-16_ttft_component_regression/phase1/input8000_rate2p5_reuse50_seed1,0,0.0,3.638421103434473e-05,2.0051174475777604,7.29546163613159e-05,0.0
2026-07-16_ttft_component_regression/phase1/input8000_rate2p5_reuse50_seed1,0,0.0,0.0006266286508368399,1.4693327254586186,0.000920725983384551,0.0
2026-07-16_ttft_component_regression/phase1/input8000_rate2p5_reuse50_seed1,0,0.0,0.0005716338948901742,1.5337992223175931,0.000876771623432926,0.0
2026-07-16_ttft_component_regression/phase1/input8000_rate2p5_reuse50_seed1,0,0.0,5.126261656416697e-05,2.8485618810399487,0.0001460247354670531,0.0
2026-07-16_ttft_component_regression/phase1/input8000_rate2p5_reuse50_seed1,0,0.0,2.114537344718106e-05,2.004723203828158,4.239062080317568e-05,0.0
2026-07-16_ttft_component_regression/phase1/input8000_rate2p5_reuse50_seed1,0,0.0,0.01872992717671867,1.0288363558426872,0.019270030021694147,0.0
2026-07-16_ttft_component_regression/phase1/input8000_rate2p5_reuse50_seed1,0,0.0,0.2448931410777951,2.0128461844394265,0.4929322246138261,0.0
2026-07-16_ttft_component_regression/phase1/input8000_rate2p5_reuse50_seed1,0,0.0,0.012907696236136494,1.397802234701381,0.018042406643718194,0.0
2026-07-16_ttft_component_regression/phase1/input8000_rate2p5_reuse50_seed1,1,2024.740279,0.8915543516561252,2474.713933949531,2206.341976916753,2474.713933949531
2026-07-16_ttft_component_regression/phase1/input8000_rate2p5_reuse50_seed1,1,3254.366391,0.9032646855528172,7504.662107928909,6778.696259098549,7504.662107928909
2026-07-16_ttft_component_regression/phase1/input8000_rate2p5_reuse50_seed1,0,0.0,0.13398194362880403,2.20522280381283,0.29546003738940374,0.0
2026-07-16_ttft_component_regression/phase1/input8000_rate2p5_reuse50_seed1,0,0.0,0.32975143521729905,1.360768589708473,0.4487153954549889,0.0
2026-07-16_ttft_component_regression/phase1/input8000_rate2p5_reuse50_seed1,0,0.0,0.21525799396912892,1.9237736716897764,0.4141076614185669,0.0
2026-07-16_ttft_component_regression/phase1/input8000_rate2p5_reuse50_seed1,1,1603.678502,0.9280298552856384,2255.5111593458414,2093.1816948028636,2255.5111593458414
2026-07-16_ttft_component_regression/phase1/input8000_rate2p5_reuse50_seed1,1,4192.680292,0.9372090621350766,4296.98233516116,4027.1707843473823,4296.98233516116
2026-07-16_ttft_component_regression/phase1/input8000_rate2p5_reuse50_seed1,0,0.0,0.3136294107411789,2.0780122293035497,0.6517257509894357,0.0
2026-07-16_ttft_component_regression/phase1/input8000_rate2p5_reuse50_seed1,0,0.0,0.015485157866680936,1.0243057376136824,0.015861536050694933,0.0
2026-07-16_ttft_component_regression/phase1/input8000_rate2p5_reuse50_seed1,0,0.0,0.025763267996253142,1.8396999814829795,0.04739668365564795,0.0
2026-07-16_ttft_component_regression/phase1/input8000_rate2p5_reuse50_seed1,0,0.0,0.28569092151461034,1.9079506807893447,0.5450841881991361,0.0
2026-07-16_ttft_component_regression/phase1/input8000_rate2p5_reuse50_seed1,1,392.878955,0.9682138413816036,424.6716552344786,411.1729746404585,424.6716552344786
2026-07-16_ttft_component_regression/phase1/input8000_rate2p5_reuse50_seed1,0,0.0,0.42396678859860815,2.330965867057976,0.9882521129895403,0.0
2026-07-16_ttft_component_regression/phase1/input8000_rate2p5_reuse50_seed1,1,3077.105489,0.970948512300756,3712.530670877426,3604.676131759364,3712.530670877426
2026-07-16_ttft_component_regression/phase1/input8000_rate2p5_reuse50_seed1,0,0.0,0.030466979084992917,1.5771492302256118,0.048050972611196396,0.0
2026-07-16_ttft_component_regression/phase1/input8000_rate2p5_reuse50_seed1,1,527.683278,0.9609777878388144,785.6050646605222,754.9490171524374,785.6050646605222
2026-07-16_ttft_component_regression/phase1/input8000_rate2p5_reuse50_seed1,1,6650.494731,0.9782006323658451,7376.429751851102,7215.628247862982,7376.429751851102
2026-07-16_ttft_component_regression/phase1/input8000_rate2p5_reuse50_seed1,1,10152.115619,0.9812800974343227,12340.513700809186,12109.500486719631,12340.513700809186
2026-07-16_ttft_component_regression/phase1/input8000_rate2p5_reuse50_seed1,1,9540.826695,0.9839023205926828,10766.76879489704,10593.44880258408,10766.76879489704
2026-07-16_ttft_component_regression/phase1/input8000_rate2p5_reuse50_seed1,1,13744.144181,0.9865823897494346,14880.807050508874,14681.14218129128,14880.807050508874
2026-07-16_ttft_component_regression/phase1/input8000_rate2p5_reuse50_seed1,1,16622.27985,0.9599597340972525,20294.865745049763,19482.25392415741,20294.865745049763
2026-07-16_ttft_component_regression/phase1/input8000_rate2p5_reuse50_seed1,1,16616.717411,0.9866821779618279,12233.18257452203,12070.263226034078,12233.18257452203
2026-07-16_ttft_component_regression/phase1/input8000_rate2p5_reuse50_seed1,1,16071.397194,0.9539040928075342,22529.26127284261,21490.754536094842,22529.26127284261
2026-07-16_ttft_component_regression/phase1/input8000_rate2p5_reuse50_seed1,1,15823.598362,0.9661690577607784,15559.114967919108,15032.735448146028,15559.114967919108
2026-07-16_ttft_component_regression/phase1/input8000_rate2p5_reuse50_seed1,1,17496.909268,0.9915523552448765,14617.53505031351,14494.051307012896,14617.53505031351
2026-07-16_ttft_component_regression/phase1/input8000_rate2p5_reuse50_seed1,1,23534.47504,0.9988490519297879,23180.216755513415,23153.53752977156,23180.216755513415
2026-07-16_ttft_component_regression/phase1/input8000_rate2p5_reuse50_seed1,1,22692.037012,0.9987642023879751,24964.706669760268,24933.855344872878,24964.706669760268
2026-07-16_ttft_component_regression/phase1/input8000_rate2p5_reuse50_seed1,1,24663.813138,0.9993459113975861,29625.49775814534,29606.1200577209,29625.49775814534
2026-07-16_ttft_component_regression/phase1/input8000_rate2p5_reuse50_seed1,1,22938.542538,0.9997732563476335,13223.605520368845,13220.607151755703,13223.605520368845
2026-07-16_ttft_component_regression/phase1/input8000_rate2p5_reuse50_seed1,1,25251.482664,0.9997921860960379,14308.253645876808,14305.280191827778,14308.253645876808
2026-07-16_ttft_component_regression/phase1/input8000_rate2p5_reuse50_seed1,1,23650.806562,0.9997652640295426,13388.912123647422,13385.769264366709,13388.912123647422
2026-07-16_ttft_component_regression/phase1/input8000_rate2p5_reuse50_seed1,1,24790.491659,0.999706342872329,18646.32778767975,18640.85216062001,18646.32778767975
2026-07-16_ttft_component_regression/phase1/input8000_rate2p5_reuse50_seed1,0,0.0,1.3484029698518228e-11,0.7101198973720348,9.575277785673234e-12,0.0
2026-07-16_ttft_component_regression/phase1/input8000_rate2p5_reuse50_seed1,0,0.0,5.388151274235937e-10,0.9905672856519077,5.33732638240176e-10,0.0
2026-07-16_ttft_component_regression/phase1/input8000_rate2p5_reuse50_seed1,0,0.0,1.6603063215008455e-08,1.0156184313248955,1.6862377017614963e-08,0.0
2026-07-16_ttft_component_regression/phase1/input8000_rate2p5_reuse50_seed1,0,0.0,6.690231461460274e-06,1.0536185335351622,7.048951861434579e-06,0.0
2026-07-16_ttft_component_regression/phase1/input8000_rate2p5_reuse50_seed1,0,0.0,3.8001302188029903e-07,0.7782210238705238,2.957341229718181e-07,0.0
2026-07-16_ttft_component_regression/phase1/input8000_rate2p5_reuse50_seed1,0,0.0,0.0001462765967468542,0.19681761084711233,2.8789810294562325e-05,0.0
2026-07-16_ttft_component_regression/phase1/input8000_rate2p5_reuse50_seed1,0,0.0,0.0001010215719062114,0.6204383764178975,6.267766005667369e-05,0.0
2026-07-16_ttft_component_regression/phase1/input8000_rate2p5_reuse50_seed1,0,0.0,0.001957170061272073,0.457863292063117,0.0008961163273814039,0.0
2026-07-16_ttft_component_regression/phase1/input8000_rate2p5_reuse50_seed1,0,0.0,2.2616680600805876e-08,2.1263183632597595,4.8090263277474306e-08,0.0
2026-07-16_ttft_component_regression/phase1/input8000_rate2p5_reuse50_seed1,0,0.0,1.764514986422567e-08,1.1429418765520343,2.016738069785996e-08,0.0
2026-07-16_ttft_component_regression/phase1/input8000_rate2p5_reuse50_seed1,0,0.0,1.061952791957576e-06,2.951672710743513,3.13453707611906e-06,0.0
2026-07-16_ttft_component_regression/phase1/input8000_rate2p5_reuse50_seed1,0,0.0,3.484095159705877e-07,3.6187071287894583,1.2607919991808504e-06,0.0
2026-07-16_ttft_component_regression/phase1/input8000_rate2p5_reuse50_seed1,0,0.0,9.242086524800557e-08,2.4363887976087666,2.2517316075555013e-07,0.0
2026-07-16_ttft_component_regression/phase1/input8000_rate2p5_reuse50_seed1,0,0.0,2.2670809312595125e-06,2.442980717169686,5.538434999330083e-06,0.0
2026-07-16_ttft_component_regression/phase1/input8000_rate2p5_reuse50_seed1,0,0.0,1.2820939497851745e-06,2.9813727071654,3.822399909911406e-06,0.0
2026-07-16_ttft_component_regression/phase1/input8000_rate2p5_reuse50_seed1,0,0.0,0.00048644237811446597,1.998518380742817,0.0009721640338340077,0.0
2026-07-16_ttft_component_regression/phase1/input8000_rate2p5_reuse50_seed1,0,0.0,0.010853362470497159,1.3935584038621356,0.015124794480923225,0.0
2026-07-16_ttft_component_regression/phase1/input8000_rate2p5_reuse50_seed1,0,0.0,1.368333264777064e-06,2.9519884251902324,4.039303959424655e-06,0.0
2026-07-16_ttft_component_regression/phase1/input8000_rate2p5_reuse50_seed1,0,0.0,3.3375268320329725e-05,2.6559890705636247,8.864434788592413e-05,0.0
2026-07-16_ttft_component_regression/phase1/input8000_rate2p5_reuse50_seed1,0,0.0,0.00043992393794986453,2.020498713211899,0.0008888657505388125,0.0
2026-07-16_ttft_component_regression/phase1/input8000_rate2p5_reuse50_seed1,0,0.0,5.1761523206004896e-05,3.4824854937484138,0.00018025875369923395,0.0
2026-07-16_ttft_component_regression/phase1/input8000_rate2p5_reuse50_seed1,0,0.0,1.07026050075899e-07,4.970204224133545,5.319413261795616e-07,0.0
2026-07-16_ttft_component_regression/phase1/input8000_rate2p5_reuse50_seed1,0,0.0,1.2355972607622766e-06,4.042632411116225,4.995065533444005e-06,0.0
2026-07-16_ttft_component_regression/phase1/input8000_rate2p5_reuse50_seed1,0,0.0,1.945487584740266e-06,3.9939961196889495,7.770269864355648e-06,0.0
2026-07-16_ttft_component_regression/phase1/input8000_rate2p5_reuse50_seed1,0,0.0,5.0212855127404765e-08,3.51989878976585,1.7674416799363999e-07,0.0
2026-07-16_ttft_component_regression/phase1/input8000_rate2p5_reuse50_seed1,0,0.0,2.6781323700629622e-11,1.0628230549398336,2.8463808270835746e-11,0.0
2026-07-16_ttft_component_regression/phase1/input8000_rate2p5_reuse50_seed1,0,0.0,1.6784802775933754e-08,0.5913728225501813,9.926076193552063e-09,0.0
2026-07-16_ttft_component_regression/phase1/input8000_rate2p5_reuse50_seed1,0,0.0,4.162565625840437e-07,0.6059466991822753,2.5222929011076146e-07,0.0
2026-07-16_ttft_component_regression/phase1/input8000_rate2p5_reuse50_seed1,0,0.0,9.159925705970964e-10,1.0522695637634247,9.638711026727447e-10,0.0
2026-07-16_ttft_component_regression/phase1/input8000_rate2p5_reuse50_seed1,0,0.0,6.133864154207686e-06,0.9791818580393816,6.006168499478242e-06,0.0
2026-07-16_ttft_component_regression/phase1/input8000_rate2p5_reuse50_seed1,0,0.0,4.460649188391179e-07,0.9297599511774801,4.147332971618449e-07,0.0
2026-07-16_ttft_component_regression/phase1/input8000_rate2p5_reuse50_seed1,0,0.0,0.0004946033656048313,0.6831641931349742,0.00033789530918526724,0.0
2026-07-16_ttft_component_regression/phase1/input8000_rate2p5_reuse50_seed1,0,0.0,1.1057217554514674e-05,1.118841403799294,1.2371272810807394e-05,0.0
2026-07-16_ttft_component_regression/phase1/input8000_rate2p5_reuse50_seed1,0,0.0,0.006971376305349158,0.806868326700695,0.0056249827342979486,0.0
2026-07-16_ttft_component_regression/phase1/input8000_rate2p5_reuse50_seed1,0,0.0,7.213242025787506e-06,1.9634169869795108,1.4162601924625688e-05,0.0
2026-07-16_ttft_component_regression/phase1/input8000_rate2p5_reuse50_seed1,0,0.0,0.00018369678905079455,1.417583842336127,0.00026040560004743433,0.0
2026-07-16_ttft_component_regression/phase1/input8000_rate2p5_reuse50_seed1,0,0.0,0.09041514998149673,2.0150772125653424,0.1821935083983918,0.0
2026-07-16_ttft_component_regression/phase1/input8000_rate2p5_reuse50_seed1,0,0.0,0.003893610666305019,1.2596047069695555,0.004904410322384669,0.0
2026-07-16_ttft_component_regression/phase1/input8000_rate2p5_reuse50_seed1,0,0.0,0.003445010272057572,2.271247115721253,0.007824469644040849,0.0
2026-07-16_ttft_component_regression/phase1/input8000_rate2p5_reuse50_seed1,0,0.0,0.00015979711396975243,1.812650861739241,0.00028965637634071543,0.0
2026-07-16_ttft_component_regression/phase1/input8000_rate2p5_reuse50_seed1,0,0.0,0.07365382999317506,2.8587996969875027,0.2105615468664579,0.0
2026-07-16_ttft_component_regression/phase1/input8000_rate2p5_reuse50_seed1,0,0.0,0.0006967037704323134,1.0687434945026133,0.0007445976222449772,0.0
2026-07-16_ttft_component_regression/phase1/input8000_rate2p5_reuse50_seed1,0,0.0,3.240987009472233e-05,3.4403186868390474,0.00011150028172489925,0.0
2026-07-16_ttft_component_regression/phase1/input8000_rate2p5_reuse50_seed1,0,0.0,2.8615691761177925e-05,2.5680370504320504,7.348615666644808e-05,0.0
2026-07-16_ttft_component_regression/phase1/input8000_rate2p5_reuse50_seed1,0,0.0,1.2514202872761454e-06,2.7992957201698934,3.5030954543058926e-06,0.0
2026-07-16_ttft_component_regression/phase1/input8000_rate2p5_reuse50_seed1,0,0.0,9.094133168899026e-07,3.427724817063682,3.117218595271718e-06,0.0
2026-07-16_ttft_component_regression/phase1/input8000_rate2p5_reuse50_seed1,0,0.0,2.6105895290653033e-05,3.4684493018494633,9.05469742950207e-05,0.0
2026-07-16_ttft_component_regression/phase1/input8000_rate2p5_reuse50_seed1,0,0.0,1.115741369971761e-07,4.5249205628554705,5.048641067813755e-07,0.0
2026-07-16_ttft_component_regression/phase1/input8000_rate2p5_reuse50_seed1,0,0.0,2.1525695541210295e-05,6.396974192207436,0.00013769931884643693,0.0
2026-07-16_ttft_component_regression/phase1/input8000_rate2p5_reuse50_seed1,0,0.0,5.883531231359124e-08,5.320159571230605,3.130132499314943e-07,0.0
2026-07-16_ttft_component_regression/phase1/input8000_rate2p5_reuse50_seed1,0,0.0,7.403852745704461e-09,3.6852828336064642,2.7285291426294738e-08,0.0
2026-07-16_ttft_component_regression/phase1/input8000_rate2p5_reuse50_seed1,0,0.0,0.0007438552847026789,2.5296885345840834,0.001881722185102146,0.0
2026-07-16_ttft_component_regression/phase1/input8000_rate2p5_reuse50_seed1,0,0.0,1.3572338359610198e-06,6.006025168062015,8.151580577727238e-06,0.0
2026-07-16_ttft_component_regression/phase1/input8000_rate2p5_reuse50_seed1,0,0.0,0.20563345308004657,1.733427407775272,0.3564506635244232,0.0
2026-07-16_ttft_component_regression/phase1/input8000_rate2p5_reuse50_seed1,0,0.0,0.013054271707477886,3.070307766100992,0.040080631804261815,0.0
2026-07-16_ttft_component_regression/phase1/input8000_rate2p5_reuse50_seed1,0,0.0,2.8474052491130924e-11,0.6563072712323742,1.8687727691381523e-11,0.0
2026-07-16_ttft_component_regression/phase1/input8000_rate2p5_reuse50_seed1,0,0.0,1.2097264706258665e-09,0.7606559617867205,9.201856520127733e-10,0.0
2026-07-16_ttft_component_regression/phase1/input8000_rate2p5_reuse50_seed1,0,0.0,1.9522412971742257e-08,1.0896823218213894,2.1273228294604112e-08,0.0
2026-07-16_ttft_component_regression/phase1/input8000_rate2p5_reuse50_seed1,0,0.0,2.5496755786251267e-08,0.9943991916216319,2.5353953342822426e-08,0.0
2026-07-16_ttft_component_regression/phase1/input8000_rate2p5_reuse50_seed1,0,0.0,5.008927660509168e-07,0.9744007355119733,4.880702796526401e-07,0.0
2026-07-16_ttft_component_regression/phase1/input8000_rate2p5_reuse50_seed1,0,0.0,3.5243762606258146e-08,2.8288467873078362,9.96992046213534e-08,0.0
2026-07-16_ttft_component_regression/phase1/input8000_rate2p5_reuse50_seed1,0,0.0,1.6495973782958713e-09,2.505227016520567,4.132615918488314e-09,0.0
2026-07-16_ttft_component_regression/phase1/input8000_rate2p5_reuse50_seed1,0,0.0,8.868842130804211e-07,2.2909650573424454,2.0318207420758965e-06,0.0
2026-07-16_ttft_component_regression/phase1/input8000_rate2p5_reuse50_seed1,0,0.0,1.581100239420926e-08,3.0275055884069944,4.78678981067849e-08,0.0
2026-07-16_ttft_component_regression/phase1/input8000_rate2p5_reuse50_seed1,0,0.0,1.691559515430115e-06,1.9860649918366924,3.3595471352039907e-06,0.0
2026-07-16_ttft_component_regression/phase1/input8000_rate2p5_reuse50_seed1,0,0.0,6.625438076061668e-08,2.654422717467389,1.758671334227152e-07,0.0
2026-07-16_ttft_component_regression/phase1/input8000_rate2p5_reuse50_seed1,0,0.0,2.9834102042109434e-09,2.297233506952723,6.853589886098046e-09,0.0
2026-07-16_ttft_component_regression/phase1/input8000_rate2p5_reuse50_seed1,0,0.0,1.5799032939228753e-05,2.6801141887797253,4.2343212349425225e-05,0.0
2026-07-16_ttft_component_regression/phase1/input8000_rate2p5_reuse50_seed1,0,0.0,0.0005681250073124146,1.7388502078372008,0.0009878842870427035,0.0
2026-07-16_ttft_component_regression/phase1/input8000_rate2p5_reuse50_seed1,0,0.0,2.3560732105900894e-05,2.776104388149532,6.540705178720704e-05,0.0
2026-07-16_ttft_component_regression/phase1/input8000_rate2p5_reuse50_seed1,0,0.0,1.5646433576235567e-06,3.4583576156897795,5.411096271675855e-06,0.0
2026-07-16_ttft_component_regression/phase1/input8000_rate2p5_reuse50_seed1,0,0.0,0.11555555021787527,2.2779018066580163,0.2632241966106592,0.0
2026-07-16_ttft_component_regression/phase1/input8000_rate2p5_reuse50_seed1,0,0.0,0.00731653429976991,1.2021357858130504,0.008795467709882036,0.0
2026-07-16_ttft_component_regression/phase1/input8000_rate2p5_reuse50_seed1,1,3899.738703,0.8831081186596408,4530.206384592953,4000.6620374377762,4530.206384592953
2026-07-16_ttft_component_regression/phase1/input8000_rate2p5_reuse50_seed1,1,1735.751934,0.8869565628022835,2059.347377121219,1826.5516712273343,2059.347377121219
2026-07-16_ttft_component_regression/phase1/input8000_rate2p5_reuse50_seed1,1,2848.802909,0.9193690910670229,3101.2594822445726,2851.2021113541787,3101.2594822445726
2026-07-16_ttft_component_regression/phase1/input8000_rate2p5_reuse50_seed1,1,152.902168,0.8990338543064037,249.69278238269982,224.4822645380087,249.69278238269982
2026-07-16_ttft_component_regression/phase1/input8000_rate2p5_reuse50_seed1,0,0.0,0.2063324077175487,2.135448793476791,0.44061229111560074,0.0
2026-07-16_ttft_component_regression/phase1/input8000_rate2p5_reuse50_seed1,1,1088.849023,0.8685995379138836,1578.2218008074767,1370.8427269069914,1578.2218008074767
2026-07-16_ttft_component_regression/phase1/input8000_rate2p5_reuse50_seed1,0,0.0,0.0002753230171055449,2.5124306320402843,0.0006917299818817222,0.0
2026-07-16_ttft_component_regression/phase1/input8000_rate2p5_reuse50_seed1,0,0.0,0.00048342866950682427,1.7536806720243028,0.0008477795140165421,0.0
2026-07-16_ttft_component_regression/phase1/input8000_rate2p5_reuse50_seed1,0,0.0,0.012193859841287593,1.1961690341344338,0.01458591754872364,0.0
2026-07-16_ttft_component_regression/phase1/input8000_rate2p5_reuse50_seed1,0,0.0,0.0005818275576633052,2.628557719723053,0.0015293673182434906,0.0
2026-07-16_ttft_component_regression/phase1/input8000_rate2p5_reuse50_seed1,0,0.0,0.010887085700408554,2.090534263295589,0.022759825684139534,0.0
2026-07-16_ttft_component_regression/phase1/input8000_rate2p5_reuse50_seed1,0,0.0,1.1442128995076967e-08,0.6117837813431088,7.000108943223813e-09,0.0
2026-07-16_ttft_component_regression/phase1/input8000_rate2p5_reuse50_seed1,0,0.0,7.627068954966512e-06,1.0452871546097584,7.972477205949369e-06,0.0
2026-07-16_ttft_component_regression/phase1/input8000_rate2p5_reuse50_seed1,0,0.0,3.3370770934406795e-07,0.6698478397801423,2.2353338822210353e-07,0.0
2026-07-16_ttft_component_regression/phase1/input8000_rate2p5_reuse50_seed1,0,0.0,1.5422458638201318e-11,1.0781529076136764,1.6627768623328412e-11,0.0
2026-07-16_ttft_component_regression/phase1/input8000_rate2p5_reuse50_seed1,0,0.0,4.1508556264008375e-10,1.1346521040917583,4.709777070276824e-10,0.0
2026-07-16_ttft_component_regression/phase1/input8000_rate2p5_reuse50_seed1,0,0.0,0.00023347047696741473,0.3860702520479887,9.013600588857395e-05,0.0
2026-07-16_ttft_component_regression/phase1/input8000_rate2p5_reuse50_seed1,0,0.0,2.8272072806368186e-08,0.7158576568073252,2.0238779792252828e-08,0.0
2026-07-16_ttft_component_regression/phase1/input8000_rate2p5_reuse50_seed1,0,0.0,2.6150198690842315e-08,0.7375396068640231,1.9286807261859932e-08,0.0
2026-07-16_ttft_component_regression/phase1/input8000_rate2p5_reuse50_seed1,0,0.0,6.791703088952431e-07,2.75321611890248,1.8699026419303596e-06,0.0
2026-07-16_ttft_component_regression/phase1/input8000_rate2p5_reuse50_seed1,0,0.0,2.427089313300246e-08,3.2843194351911364,7.971336602616707e-08,0.0
2026-07-16_ttft_component_regression/phase1/input8000_rate2p5_reuse50_seed1,0,0.0,5.423870234095197e-07,1.9219233679342151,1.042426294755038e-06,0.0
2026-07-16_ttft_component_regression/phase1/input8000_rate2p5_reuse50_seed1,0,0.0,4.462374049132353e-08,3.370855330086309,1.5042017348356617e-07,0.0
2026-07-16_ttft_component_regression/phase1/input8000_rate2p5_reuse50_seed1,0,0.0,1.5215674410216848e-05,3.515574899772767,5.349184303967315e-05,0.0
2026-07-16_ttft_component_regression/phase1/input8000_rate2p5_reuse50_seed1,0,0.0,5.747047130229465e-07,2.8754973114532634,1.6525618571770018e-06,0.0
2026-07-16_ttft_component_regression/phase1/input8000_rate2p5_reuse50_seed1,0,0.0,0.0002883493662111637,1.820321683851154,0.0005248886038389186,0.0
2026-07-16_ttft_component_regression/phase1/input8000_rate2p5_reuse50_seed1,0,0.0,0.015826311393780622,0.9716951569931286,0.015378350134401801,0.0
2026-07-16_ttft_component_regression/phase1/input8000_rate2p5_reuse50_seed1,0,0.0,8.984706338514812e-08,2.806365637820971,2.5214371134320245e-07,0.0
2026-07-16_ttft_component_regression/phase1/input8000_rate2p5_reuse50_seed1,0,0.0,6.447994286841725e-09,2.505697656510869,1.615672417373478e-08,0.0
2026-07-16_ttft_component_regression/phase1/input8000_rate2p5_reuse50_seed1,0,0.0,3.3236061816599176e-06,3.9564546983675783,1.3149697292951909e-05,0.0
2026-07-16_ttft_component_regression/phase1/input8000_rate2p5_reuse50_seed1,0,0.0,4.50546294008075e-05,2.7840458233681424,0.00012543415280671764,0.0
2026-07-16_ttft_component_regression/phase1/input8000_rate2p5_reuse50_seed1,0,0.0,1.0778796575863872e-06,3.6241672682556536,3.906416174143196e-06,0.0
2026-07-16_ttft_component_regression/phase1/input8000_rate2p5_reuse50_seed1,0,0.0,0.012564297328905216,1.2553190190990537,0.015772201398590157,0.0
2026-07-16_ttft_component_regression/phase1/input8000_rate2p5_reuse50_seed1,0,0.0,0.02806707705867333,0.5705414948054482,0.016013432099875186,0.0
2026-07-16_ttft_component_regression/phase1/input8000_rate2p5_reuse50_seed1,0,0.0,0.0006709057650587922,2.402741189687929,0.0016120129161058528,0.0
2026-07-16_ttft_component_regression/phase1/input8000_rate2p5_reuse50_seed1,0,0.0,0.21971032926120188,1.8895253889529309,0.415148245354249,0.0
2026-07-16_ttft_component_regression/phase1/input8000_rate2p5_reuse50_seed1,0,0.0,0.3735542219224245,3.581583471594288,1.3379156269816201,0.0
2026-07-16_ttft_component_regression/phase1/input8000_rate2p5_reuse50_seed1,0,0.0,0.013653369068827172,2.8966057526208817,0.039548427387420794,0.0
2026-07-16_ttft_component_regression/phase1/input8000_rate2p5_reuse50_seed1,0,0.0,0.007277882713828702,2.463910389895752,0.017932050835045232,0.0
2026-07-16_ttft_component_regression/phase1/input8000_rate2p5_reuse50_seed1,0,0.0,0.020028076734546107,2.352522343373726,0.04711649801282321,0.0
2026-07-16_ttft_component_regression/phase1/input8000_rate2p5_reuse50_seed1,0,0.0,3.811903889882003e-05,2.4038639397589145,9.163298302714083e-05,0.0
2026-07-16_ttft_component_regression/phase1/input8000_rate2p5_reuse50_seed1,0,0.0,1.052523962889222e-11,0.4604439700433615,4.84628312038485e-12,0.0
2026-07-16_ttft_component_regression/phase1/input8000_rate2p5_reuse50_seed1,0,0.0,3.512992866153079e-10,1.0192502613044159,3.5806188967870743e-10,0.0
2026-07-16_ttft_component_regression/phase1/input8000_rate2p5_reuse50_seed1,0,0.0,3.7375653514261383e-10,0.851089100606627,3.1810011334037637e-10,0.0
2026-07-16_ttft_component_regression/phase1/input8000_rate2p5_reuse50_seed1,0,0.0,2.192561910690099e-08,1.0583275655839541,2.3204487093327553e-08,0.0
2026-07-16_ttft_component_regression/phase1/input8000_rate2p5_reuse50_seed1,0,0.0,1.895454661783584e-08,1.0935385598566958,2.072752761120481e-08,0.0
2026-07-16_ttft_component_regression/phase1/input8000_rate2p5_reuse50_seed1,0,0.0,0.0002145370901499342,0.3861315854473593,8.283954675685714e-05,0.0
2026-07-16_ttft_component_regression/phase1/input8000_rate2p5_reuse50_seed1,0,0.0,4.70027405432644e-07,0.9785672216692066,4.5995341224260816e-07,0.0
2026-07-16_ttft_component_regression/phase1/input8000_rate2p5_reuse50_seed1,0,0.0,9.169976956395404e-06,0.8150812387651175,7.474276177066347e-06,0.0
2026-07-16_ttft_component_regression/phase1/input8000_rate2p5_reuse50_seed1,0,0.0,1.261486314360991e-05,2.023374907533397,2.5524597546748158e-05,0.0
2026-07-16_ttft_component_regression/phase1/input8000_rate2p5_reuse50_seed1,0,0.0,6.168067019703191e-06,2.4138703100460726,1.4888913849235897e-05,0.0
2026-07-16_ttft_component_regression/phase1/input8000_rate2p5_reuse50_seed1,0,0.0,1.4072419514099862e-05,3.2635168183198733,4.592557775871768e-05,0.0
2026-07-16_ttft_component_regression/phase1/input8000_rate2p5_reuse50_seed1,0,0.0,4.886049817482238e-06,2.891133000872109,1.4126219871228043e-05,0.0
2026-07-16_ttft_component_regression/phase1/input8000_rate2p5_reuse50_seed1,0,0.0,4.0474366772120725e-09,1.653629797376621,6.692961892432903e-09,0.0
2026-07-16_ttft_component_regression/phase1/input8000_rate2p5_reuse50_seed1,0,0.0,1.3711836329031191e-10,1.1004077380300192,1.5088610799067055e-10,0.0
2026-07-16_ttft_component_regression/phase1/input8000_rate2p5_reuse50_seed1,0,0.0,4.86660956481131e-08,2.926008033276128,1.4239738681456334e-07,0.0
2026-07-16_ttft_component_regression/phase1/input8000_rate2p5_reuse50_seed1,0,0.0,1.0454132020915558e-06,2.5564229459034378,2.672518297777241e-06,0.0
2026-07-16_ttft_component_regression/phase1/input8000_rate2p5_reuse50_seed1,0,0.0,2.900187757392049e-05,2.2069631997249157,6.400607652856984e-05,0.0
2026-07-16_ttft_component_regression/phase1/input8000_rate2p5_reuse50_seed1,0,0.0,0.0005498998966789417,2.225787475632623,0.0012239603028796617,0.0
2026-07-16_ttft_component_regression/phase1/input8000_rate2p5_reuse50_seed1,0,0.0,2.344593543515431e-05,2.7179923041129173,6.372587207547775e-05,0.0
2026-07-16_ttft_component_regression/phase1/input8000_rate2p5_reuse50_seed1,0,0.0,0.007802188895198984,1.210710617210814,0.00944619293290172,0.0
2026-07-16_ttft_component_regression/phase1/input8000_rate2p5_reuse50_seed1,0,0.0,0.0002810869380274104,1.5114259364036002,0.00042484208851889955,0.0
2026-07-16_ttft_component_regression/phase1/input8000_rate2p5_reuse50_seed1,0,0.0,0.031383397092004287,2.7292984206314315,0.08565465611725635,0.0
2026-07-16_ttft_component_regression/phase1/input8000_rate2p5_reuse50_seed1,0,0.0,0.0013413389234461692,3.1366245236844565,0.0042072765618537625,0.0
2026-07-16_ttft_component_regression/phase1/input8000_rate2p5_reuse50_seed1,0,0.0,4.5691524394731516e-05,4.513122603089138,0.00020621145151546153,0.0
2026-07-16_ttft_component_regression/phase1/input8000_rate2p5_reuse50_seed1,0,0.0,2.338271939392038e-06,4.195397571847027,9.809980416843395e-06,0.0
2026-07-16_ttft_component_regression/phase1/input8000_rate2p5_reuse50_seed1,0,0.0,2.2109431393726494e-09,2.5355222391974412,5.605895499480361e-09,0.0
2026-07-16_ttft_component_regression/phase1/input8000_rate2p5_reuse50_seed1,0,0.0,1.8988195697864644e-10,0.7196189874237429,1.3664266161101225e-10,0.0
2026-07-16_ttft_component_regression/phase1/input8000_rate2p5_reuse50_seed1,0,0.0,5.6872155268983225e-12,0.9399409645198765,5.345646847785227e-12,0.0
2026-07-16_ttft_component_regression/phase1/input8000_rate2p5_reuse50_seed1,0,0.0,1.9445329849450434e-07,0.6437477370856234,1.2517887087467242e-07,0.0
2026-07-16_ttft_component_regression/phase1/input8000_rate2p5_reuse50_seed1,0,0.0,7.497086983915806e-09,1.0051980327553605,7.536057087627987e-09,0.0
2026-07-16_ttft_component_regression/phase1/input8000_rate2p5_reuse50_seed1,0,0.0,2.015557753495623e-11,0.8097920899262707,1.63218272557032e-11,0.0
2026-07-16_ttft_component_regression/phase1/input8000_rate2p5_reuse50_seed1,0,0.0,4.361610290427569e-10,1.4005963753866824,6.108855563622107e-10,0.0
2026-07-16_ttft_component_regression/phase1/input8000_rate2p5_reuse50_seed1,0,0.0,6.057705561337341e-09,2.5265758090311494,1.5305252329508384e-08,0.0
2026-07-16_ttft_component_regression/phase1/input8000_rate2p5_reuse50_seed1,0,0.0,6.478660235591489e-09,2.5712939168739375,1.6658539653269465e-08,0.0
2026-07-16_ttft_component_regression/phase1/input8000_rate2p5_reuse50_seed1,0,0.0,3.732797958816548e-10,1.9039587465034258,7.107093322618901e-10,0.0
2026-07-16_ttft_component_regression/phase1/input8000_rate2p5_reuse50_seed1,0,0.0,1.8543592100409149e-07,2.830737839440355,5.249204783777543e-07,0.0
2026-07-16_ttft_component_regression/phase1/input8000_rate2p5_reuse50_seed1,0,0.0,4.4261508815934347e-07,1.0028498361427751,4.4387646863491755e-07,0.0
2026-07-16_ttft_component_regression/phase1/input8000_rate2p5_reuse50_seed1,0,0.0,1.968141792698747e-08,2.9128611342712665,5.732923734687156e-08,0.0
2026-07-16_ttft_component_regression/phase1/input8000_rate2p5_reuse50_seed1,0,0.0,1.1012761164851506e-05,1.7691046293994284,1.948272675920904e-05,0.0
2026-07-16_ttft_component_regression/phase1/input8000_rate2p5_reuse50_seed1,0,0.0,9.77249477816182e-06,2.3802030269626733,2.326052165195768e-05,0.0
2026-07-16_ttft_component_regression/phase1/input8000_rate2p5_reuse50_seed1,0,0.0,6.119005920690325e-07,2.8338825625687787,1.7340544178899428e-06,0.0
2026-07-16_ttft_component_regression/phase1/input8000_rate2p5_reuse50_seed1,0,0.0,0.000548148302775425,1.8147557137346637,0.000994755264435661,0.0
2026-07-16_ttft_component_regression/phase1/input8000_rate2p5_reuse50_seed1,0,0.0,8.134154036105933e-08,2.581204295716392,2.0995913340015463e-07,0.0
2026-07-16_ttft_component_regression/phase1/input8000_rate2p5_reuse50_seed1,0,0.0,4.6325864373507836e-09,3.575179059595117,1.6562326022580867e-08,0.0
2026-07-16_ttft_component_regression/phase1/input8000_rate2p5_reuse50_seed1,0,0.0,1.228169212058314e-07,4.932569109075615,6.058029516116578e-07,0.0
2026-07-16_ttft_component_regression/phase1/input8000_rate2p5_reuse50_seed1,0,0.0,2.6305510212274643e-06,3.9054824689488585,1.0273570897079378e-05,0.0
2026-07-16_ttft_component_regression/phase1/input8000_rate2p5_reuse50_seed1,0,0.0,6.929343986771558e-07,4.624578225173425,3.204529331596016e-06,0.0
2026-07-16_ttft_component_regression/phase1/input8000_rate2p5_reuse50_seed1,0,0.0,1.3279905391753168e-05,3.417118742648561,4.537901361475943e-05,0.0
2026-07-16_ttft_component_regression/phase1/input8000_rate2p5_reuse50_seed1,0,0.0,0.0003148916939469736,3.324015449471578,0.001046704855590016,0.0
2026-07-16_ttft_component_regression/phase1/input8000_rate2p5_reuse50_seed1,0,0.0,2.663053617670454e-05,2.2902932737001302,6.09917378805344e-05,0.0
2026-07-16_ttft_component_regression/phase1/input8000_rate2p5_reuse50_seed1,0,0.0,1.0603691056021696e-11,0.6321590081920025,6.7032188211490836e-12,0.0
2026-07-16_ttft_component_regression/phase1/input8000_rate2p5_reuse50_seed1,0,0.0,3.1202771653338814e-10,0.8514856063205378,2.656871094012449e-10,0.0
2026-07-16_ttft_component_regression/phase1/input8000_rate2p5_reuse50_seed1,0,0.0,8.367721190302346e-09,0.6380376851054352,5.338921457868206e-09,0.0
2026-07-16_ttft_component_regression/phase1/input8000_rate2p5_reuse50_seed1,0,0.0,2.932536994655839e-07,1.0154428764675427,2.9778238012008086e-07,0.0
2026-07-16_ttft_component_regression/phase1/input8000_rate2p5_reuse50_seed1,0,0.0,1.4989672702267183e-09,0.7698491742907849,1.153978715272951e-09,0.0
2026-07-16_ttft_component_regression/phase1/input8000_rate2p5_reuse50_seed1,0,0.0,1.662073304674738e-08,0.7688225775911242,1.2778394822454298e-08,0.0
2026-07-16_ttft_component_regression/phase1/input8000_rate2p5_reuse50_seed1,0,0.0,2.3978351410747883e-07,1.7973530073397466,4.3097562019156964e-07,0.0
2026-07-16_ttft_component_regression/phase1/input8000_rate2p5_reuse50_seed1,0,0.0,3.455549152330985e-06,3.0411288049470135,1.0508770064063995e-05,0.0
2026-07-16_ttft_component_regression/phase1/input8000_rate2p5_reuse50_seed1,0,0.0,8.621345033576247e-06,2.953386742043878,2.546216612074992e-05,0.0
2026-07-16_ttft_component_regression/phase1/input8000_rate2p5_reuse50_seed1,0,0.0,4.460136837069725e-07,3.415860935681184,1.5235207189539106e-06,0.0
2026-07-16_ttft_component_regression/phase1/input8000_rate2p5_reuse50_seed1,0,0.0,0.00029358795077495377,1.4644792640283133,0.00042995346607848495,0.0
2026-07-16_ttft_component_regression/phase1/input8000_rate2p5_reuse50_seed1,0,0.0,0.0001330886628228627,1.6016023991648967,0.00021315512167874488,0.0
2026-07-16_ttft_component_regression/phase1/input8000_rate2p5_reuse50_seed1,0,0.0,7.64222732614551e-05,2.5352964516009315,0.00019375311822304386,0.0
2026-07-16_ttft_component_regression/phase1/input8000_rate2p5_reuse50_seed1,0,0.0,0.00015501205691204924,1.5411744248687884,0.00023890061765915538,0.0
2026-07-16_ttft_component_regression/phase1/input8000_rate2p5_reuse50_seed1,0,0.0,0.00017097224059181492,1.1967286506387362,0.00020460737878012403,0.0
2026-07-16_ttft_component_regression/phase1/input8000_rate2p5_reuse50_seed1,0,0.0,0.00016310455446831945,1.5597857531385362,0.00025440816033169304,0.0
2026-07-16_ttft_component_regression/phase1/input8000_rate2p5_reuse50_seed1,0,0.0,0.0041973214538066055,2.056329120178806,0.008631074332213764,0.0
2026-07-16_ttft_component_regression/phase1/input8000_rate2p5_reuse50_seed1,0,0.0,0.00754724643926454,1.0482846887582349,0.007911662884566125,0.0
2026-07-16_ttft_component_regression/phase1/input8000_rate2p5_reuse50_seed1,0,0.0,0.09357984285998618,1.182364874538559,0.11064551916248563,0.0
2026-07-16_ttft_component_regression/phase1/input8000_rate2p5_reuse50_seed1,0,0.0,0.06690650787789354,1.1538145967644107,0.0771977054080466,0.0
2026-07-16_ttft_component_regression/phase1/input8000_rate2p5_reuse50_seed1,0,0.0,0.008221186245504188,1.6734228783000138,0.013757521149992102,0.0
2026-07-16_ttft_component_regression/phase1/input8000_rate2p5_reuse50_seed1,0,0.0,0.007519403259556521,1.5994657014782212,0.012027027609244194,0.0
2026-07-16_ttft_component_regression/phase1/input8000_rate2p5_reuse50_seed1,0,0.0,1.665045154407508e-05,3.125085760336081,5.203408902355495e-05,0.0
2026-07-16_ttft_component_regression/phase1/input8000_rate2p5_reuse50_seed1,0,0.0,0.007252463083674924,1.5713710463152093,0.011396310504156695,0.0
2026-07-16_ttft_component_regression/phase1/input8000_rate2p5_reuse50_seed1,0,0.0,2.5578607224562184e-06,3.1396567317041226,8.030804636021237e-06,0.0
2026-07-16_ttft_component_regression/phase1/input8000_rate2p5_reuse50_seed1,0,0.0,6.21463103658311e-05,3.8064144787645304,0.0002365546155782937,0.0
2026-07-16_ttft_component_regression/phase1/input8000_rate2p5_reuse50_seed1,0,0.0,0.0007334214405479151,3.4985807515706195,0.0025659341346901316,0.0
2026-07-16_ttft_component_regression/phase1/input8000_rate2p5_reuse50_seed1,0,0.0,0.0005343651318271877,4.143748847686491,0.002214274899252749,0.0
2026-07-16_ttft_component_regression/phase1/input8000_rate2p5_reuse50_seed1,0,0.0,0.011887145893561778,1.6798022314152627,0.019968054197163854,0.0
2026-07-16_ttft_component_regression/phase1/input8000_rate2p5_reuse50_seed1,0,0.0,1.6135922029914112e-10,2.0704652354013016,3.340886560408317e-10,0.0
2026-07-16_ttft_component_regression/phase1/input8000_rate2p5_reuse50_seed1,0,0.0,3.639524259363452e-10,1.2833384173144902,4.670741302789185e-10,0.0
2026-07-16_ttft_component_regression/phase1/input8000_rate2p5_reuse50_seed1,0,0.0,2.6828247787773313e-11,0.6396110904619499,1.715964482272108e-11,0.0
2026-07-16_ttft_component_regression/phase1/input8000_rate2p5_reuse50_seed1,0,0.0,4.553726161133966e-09,1.7347040508829015,7.899367218330536e-09,0.0
2026-07-16_ttft_component_regression/phase1/input8000_rate2p5_reuse50_seed1,0,0.0,3.527887584437472e-10,1.4194932227261798,5.007812516648825e-10,0.0
2026-07-16_ttft_component_regression/phase1/input8000_rate2p5_reuse50_seed1,0,0.0,4.579723128685972e-09,2.154291111201241,9.866056827890928e-09,0.0
2026-07-16_ttft_component_regression/phase1/input8000_rate2p5_reuse50_seed1,0,0.0,1.4822564812777255e-07,2.9208852925152544,4.329501155899521e-07,0.0
2026-07-16_ttft_component_regression/phase1/input8000_rate2p5_reuse50_seed1,0,0.0,4.752617426634161e-06,2.60246015800329,1.2368497499047528e-05,0.0
2026-07-16_ttft_component_regression/phase1/input8000_rate2p5_reuse50_seed1,0,0.0,4.647190778448632e-06,2.7167293921414566,1.2625159778700135e-05,0.0
2026-07-16_ttft_component_regression/phase1/input8000_rate2p5_reuse50_seed1,0,0.0,3.7471284834187807e-07,0.8246102855159091,3.089920688576756e-07,0.0
2026-07-16_ttft_component_regression/phase1/input8000_rate2p5_reuse50_seed1,0,0.0,7.236099568332097e-06,3.425704030110383,2.4788735453515268e-05,0.0
2026-07-16_ttft_component_regression/phase1/input8000_rate2p5_reuse50_seed1,0,0.0,0.00017641747782449623,1.326433007946229,0.00023400596576503367,0.0
2026-07-16_ttft_component_regression/phase1/input8000_rate2p5_reuse50_seed1,0,0.0,1.8427956119801617e-08,2.6009513527049486,4.7930217397385454e-08,0.0
2026-07-16_ttft_component_regression/phase1/input8000_rate2p5_reuse50_seed1,0,0.0,3.907622564832655e-08,2.334681993246877,9.123056038519977e-08,0.0
2026-07-16_ttft_component_regression/phase1/input8000_rate2p5_reuse50_seed1,0,0.0,3.2273009276678673e-08,2.5985234378424127,8.386217101515514e-08,0.0
2026-07-16_ttft_component_regression/phase1/input8000_rate2p5_reuse50_seed1,0,0.0,1.3086216695280981e-06,3.03289835392986,3.968916507428714e-06,0.0
2026-07-16_ttft_component_regression/phase1/input8000_rate2p5_reuse50_seed1,0,0.0,1.1719657195600497e-06,4.587492793915642,5.3763842931978885e-06,0.0
2026-07-16_ttft_component_regression/phase1/input8000_rate2p5_reuse50_seed1,0,0.0,6.323250757975143e-08,3.7323804709378794,2.3600777641909566e-07,0.0
2026-07-16_ttft_component_regression/phase1/input8000_rate2p5_reuse50_seed1,0,0.0,5.335027401911852e-08,5.500996988562951,2.9347969671817924e-07,0.0
2026-07-16_ttft_component_regression/phase1/input8000_rate2p5_reuse50_seed1,0,0.0,1.3378135101929035e-06,5.114473063037099,6.842211161248713e-06,0.0
2026-07-16_ttft_component_regression/phase1/input8000_rate2p5_reuse50_seed1,0,0.0,1.3039089615007352e-05,4.829168018574253,6.296795456011717e-05,0.0
2026-07-16_ttft_component_regression/phase1/input8000_rate2p5_reuse50_seed1,0,0.0,6.036341067651578e-07,4.883160550270862,2.947642256953608e-06,0.0
2026-07-16_ttft_component_regression/phase1/input8000_rate2p5_reuse50_seed1,0,0.0,0.00035694808169114576,2.237889766874228,0.0007988104593220012,0.0
2026-07-16_ttft_component_regression/phase1/input8000_rate2p5_reuse50_seed1,0,0.0,2.87732123331595e-10,0.9446281224181208,2.7179985542210376e-10,0.0
2026-07-16_ttft_component_regression/phase1/input8000_rate2p5_reuse50_seed1,0,0.0,8.31872182858054e-12,0.6634185739887544,5.518794572926025e-12,0.0
2026-07-16_ttft_component_regression/phase1/input8000_rate2p5_reuse50_seed1,0,0.0,5.266009879326771e-09,0.9081602774170556,4.782380992890356e-09,0.0
2026-07-16_ttft_component_regression/phase1/input8000_rate2p5_reuse50_seed1,0,0.0,1.8145467272184532e-07,0.9806356445531219,1.7794091994176259e-07,0.0
2026-07-16_ttft_component_regression/phase1/input8000_rate2p5_reuse50_seed1,0,0.0,6.553987290245942e-10,0.9053005917513842,5.933328572190703e-10,0.0
2026-07-16_ttft_component_regression/phase1/input8000_rate2p5_reuse50_seed1,0,0.0,1.879920994088165e-08,0.7036333350581538,1.3227750787160954e-08,0.0
2026-07-16_ttft_component_regression/phase1/input8000_rate2p5_reuse50_seed1,0,0.0,5.288977756369304e-06,0.9229786722355292,4.881613667056988e-06,0.0
2026-07-16_ttft_component_regression/phase1/input8000_rate2p5_reuse50_seed1,0,0.0,4.615089211713721e-07,0.7026012896871581,3.24256763217135e-07,0.0
2026-07-16_ttft_component_regression/phase1/input8000_rate2p5_reuse50_seed1,0,0.0,4.197144949223397e-06,0.9001271940800903,3.7779643062918795e-06,0.0
2026-07-16_ttft_component_regression/phase1/input8000_rate2p5_reuse50_seed1,0,0.0,0.028614356841359264,1.254961617025878,0.035909919531787717,0.0
2026-07-16_ttft_component_regression/phase1/input8000_rate2p5_reuse50_seed1,0,0.0,9.694892072211028e-05,0.9958343058600003,9.65450611711789e-05,0.0
2026-07-16_ttft_component_regression/phase1/input8000_rate2p5_reuse50_seed1,0,0.0,0.001955363332901906,0.787052975595737,0.0015389745295312427,0.0
2026-07-16_ttft_component_regression/phase1/input8000_rate2p5_reuse50_seed1,0,0.0,3.6692643306674816e-06,1.8601549692513135,6.82540027818771e-06,0.0
2026-07-16_ttft_component_regression/phase1/input8000_rate2p5_reuse50_seed1,0,0.0,0.00011345168046329676,2.6903607715010236,0.0003052259505793227,0.0
2026-07-16_ttft_component_regression/phase1/input8000_rate2p5_reuse50_seed1,0,0.0,0.05576033888114305,1.9292375778112734,0.10757494112099218,0.0
2026-07-16_ttft_component_regression/phase1/input8000_rate2p5_reuse50_seed1,0,0.0,0.0018012516514171325,1.7718123819311842,0.0031914799789548687,0.0
2026-07-16_ttft_component_regression/phase1/input8000_rate2p5_reuse50_seed1,0,0.0,7.152268313850828e-05,1.4165222875121315,0.00010131347472836511,0.0
2026-07-16_ttft_component_regression/phase1/input8000_rate2p5_reuse50_seed1,0,0.0,0.0018393667712682023,1.439852325073004,0.0026484165222725453,0.0
2026-07-16_ttft_component_regression/phase1/input8000_rate2p5_reuse50_seed1,0,0.0,0.06097861294632816,1.6964330560456784,0.10344613471396606,0.0
2026-07-16_ttft_component_regression/phase1/input8000_rate2p5_reuse50_seed1,0,0.0,0.005191048045415661,1.3067819682425001,0.006783567982029661,0.0
2026-07-16_ttft_component_regression/phase1/input8000_rate2p5_reuse50_seed1,0,0.0,0.06660215566819475,1.0538476923568367,0.07018852805691785,0.0
2026-07-16_ttft_component_regression/phase1/input8000_rate2p5_reuse50_seed1,1,489.936806,0.8032812464744682,644.9248858311491,518.0560661728496,644.9248858311491
2026-07-16_ttft_component_regression/phase1/input8000_rate2p5_reuse50_seed1,1,266.387888,0.8623995421224359,560.8339237102567,483.66291901445453,560.8339237102567
2026-07-16_ttft_component_regression/phase1/input8000_rate2p5_reuse50_seed1,1,1065.704233,0.8426819287466841,939.4945297344262,791.6950623635653,939.4945297344262
2026-07-16_ttft_component_regression/phase1/input8000_rate2p5_reuse50_seed1,0,0.0,0.15547985138387269,1.4725587143632723,0.22895321006322822,0.0
2026-07-16_ttft_component_regression/phase1/input8000_rate2p5_reuse50_seed1,0,0.0,0.08209736164365015,2.17803422619811,0.17881086354043393,0.0
2026-07-16_ttft_component_regression/phase1/input8000_rate2p5_reuse50_seed1,0,0.0,2.389228727330929e-06,3.005809068940072,7.181565376383453e-06,0.0
2026-07-16_ttft_component_regression/phase1/input8000_rate2p5_reuse50_seed1,0,0.0,1.3722327516224993e-07,3.151006194592817,4.323913900785642e-07,0.0
2026-07-16_ttft_component_regression/phase1/input8000_rate2p5_reuse50_seed1,0,0.0,5.2283319718561116e-09,4.010811634156031,2.0969854699950436e-08,0.0
2026-07-16_ttft_component_regression/phase1/input8000_rate2p5_reuse50_seed1,0,0.0,3.3317564776168258e-09,3.0243478121875023,1.0076390413821985e-08,0.0
2026-07-16_ttft_component_regression/phase1/input8000_rate2p5_reuse50_seed1,0,0.0,6.081457782992194e-08,5.269863547299034,3.204845268502856e-07,0.0
2026-07-16_ttft_component_regression/phase1/input8000_rate2p5_reuse50_seed1,0,0.0,9.438645104731426e-09,0.9221504249181384,8.703850593979591e-09,0.0
2026-07-16_ttft_component_regression/phase1/input8000_rate2p5_reuse50_seed1,0,0.0,4.579593615848541e-10,0.8849413130379619,4.052671587589275e-10,0.0
2026-07-16_ttft_component_regression/phase1/input8000_rate2p5_reuse50_seed1,0,0.0,1.75725086208265e-11,1.0636289769617753,1.8690629367021666e-11,0.0
2026-07-16_ttft_component_regression/phase1/input8000_rate2p5_reuse50_seed1,0,0.0,2.7416749857101286e-07,0.8632549345706634,2.3667644604032215e-07,0.0
2026-07-16_ttft_component_regression/phase1/input8000_rate2p5_reuse50_seed1,0,0.0,4.992830604392265e-06,0.8977926654127152,4.482526696271509e-06,0.0
2026-07-16_ttft_component_regression/phase1/input8000_rate2p5_reuse50_seed1,0,0.0,0.0001760638360887868,0.5651158937952971,9.949647209634345e-05,0.0
2026-07-16_ttft_component_regression/phase1/input8000_rate2p5_reuse50_seed1,0,0.0,0.003831502802172477,0.20630960839524592,0.0007904758426814911,0.0
2026-07-16_ttft_component_regression/phase1/input8000_rate2p5_reuse50_seed1,0,0.0,0.08922791909380012,0.7621609439243235,0.06800603504093387,0.0
2026-07-16_ttft_component_regression/phase1/input8000_rate2p5_reuse50_seed1,0,0.0,3.526120021691675e-07,1.9090764562754312,6.73163271541299e-07,0.0
2026-07-16_ttft_component_regression/phase1/input8000_rate2p5_reuse50_seed1,0,0.0,1.7336924659734395e-05,2.013194992507087,3.490260991044992e-05,0.0
2026-07-16_ttft_component_regression/phase1/input8000_rate2p5_reuse50_seed1,0,0.0,0.00029867822961715995,1.4774409120815808,0.0004412794359844886,0.0
2026-07-16_ttft_component_regression/phase1/input8000_rate2p5_reuse50_seed1,0,0.0,0.0002724575112929048,1.5350947944451865,0.0004182481072932288,0.0
2026-07-16_ttft_component_regression/phase1/input8000_rate2p5_reuse50_seed1,0,0.0,2.4426613043334703e-05,2.8647147606543544,6.99752789380331e-05,0.0
2026-07-16_ttft_component_regression/phase1/input8000_rate2p5_reuse50_seed1,0,0.0,1.0075601787109637e-05,2.016171887078966,2.0314145068573042e-05,0.0
2026-07-16_ttft_component_regression/phase1/input8000_rate2p5_reuse50_seed1,0,0.0,0.009012937250508739,1.036566686801683,0.009342510504111314,0.0
2026-07-16_ttft_component_regression/phase1/input8000_rate2p5_reuse50_seed1,0,0.0,0.13384833645486832,2.024325818105884,0.27095264319611295,0.0
2026-07-16_ttft_component_regression/phase1/input8000_rate2p5_reuse50_seed1,0,0.0,0.006192189005824934,1.406938410122864,0.00871202855503561,0.0
2026-07-16_ttft_component_regression/phase1/input8000_rate2p5_reuse50_seed1,0,0.0,0.06865626177639166,2.2174354364381474,0.15224082779634474,0.0
2026-07-16_ttft_component_regression/phase1/input8000_rate2p5_reuse50_seed1,1,2.716139,0.9879252661194159,1.3935440146120688,1.3767173414847473,1.3935440146120688
2026-07-16_ttft_component_regression/phase1/input8000_rate2p5_reuse50_seed1,1,2465.30081,0.9223562180592881,2681.236976890427,2473.055597725373,2681.236976890427
2026-07-16_ttft_component_regression/phase1/input8000_rate2p5_reuse50_seed1,0,0.0,3.5216297188981245e-05,2.3275271300420246,8.196688712697654e-05,0.0
2026-07-16_ttft_component_regression/phase1/input8000_rate2p5_reuse50_seed1,1,4.737331,0.9836630532306911,1.6998175474936041,1.672047718702664,1.6998175474936041
2026-07-16_ttft_component_regression/phase1/input8000_rate2p5_reuse50_seed1,1,4.53204,0.986618267648524,2.4661623971107534,2.4331608719773428,2.4661623971107534
2026-07-16_ttft_component_regression/phase1/input8000_rate2p5_reuse50_seed1,0,0.0,0.019977711506244934,1.900121152800007,0.037960072217552085,0.0
2026-07-16_ttft_component_regression/phase1/input8000_rate2p5_reuse50_seed1,1,2.392871,0.9846910786703177,1.0331320790684881,1.0173159413468575,1.0331320790684881
2026-07-16_ttft_component_regression/phase1/input8000_rate2p5_reuse50_seed1,0,0.0,0.18819999479409402,0.9660208703191512,0.18180512276505043,0.0
2026-07-16_ttft_component_regression/phase1/input8000_rate2p5_reuse50_seed1,0,0.0,0.243435613263614,1.7794123971117448,0.433172348139775,0.0
2026-07-16_ttft_component_regression/phase1/input8000_rate2p5_reuse50_seed1,0,0.0,0.30764643365817484,2.838896545113815,0.873376397628779,0.0
2026-07-16_ttft_component_regression/phase1/input8000_rate2p5_reuse50_seed1,1,772.992458,0.9535120092775436,875.4862331595863,834.7866372748251,875.4862331595863
2026-07-16_ttft_component_regression/phase1/input8000_rate2p5_reuse50_seed1,1,301.836349,0.9523946115182393,628.7333826827007,598.8022857486393,628.7333826827007
2026-07-16_ttft_component_regression/phase1/input8000_rate2p5_reuse50_seed1,1,2597.771996,0.9744800710445461,3440.588791272313,3352.7852097541127,3440.588791272313
2026-07-16_ttft_component_regression/phase1/input8000_rate2p5_reuse50_seed1,1,328.07516,0.9780182288660025,879.3910563738302,860.0604834353364,879.3910563738302
2026-07-16_ttft_component_regression/phase1/input8000_rate2p5_reuse50_seed1,1,2402.606728,0.9720954312243507,3048.212727391465,2963.1536656971602,3048.212727391465
2026-07-16_ttft_component_regression/phase1/input8000_rate2p5_reuse50_seed1,1,91.463918,0.9677267903042893,390.9620040408997,378.34440530143246,390.9620040408997
2026-07-16_ttft_component_regression/phase1/input8000_rate2p5_reuse50_seed1,1,2287.717891,0.8810129882586347,2547.6698445005773,2244.530222799865,2547.6698445005773
2026-07-16_ttft_component_regression/phase1/input8000_rate2p5_reuse50_seed1,1,4914.641152,0.9733725400940381,6305.149881809929,6137.259756130955,6305.149881809929
2026-07-16_ttft_component_regression/phase1/input8000_rate2p5_reuse50_seed1,1,1630.893543,0.9400961661976284,6018.269202220086,5657.751804152363,6018.269202220086
2026-07-16_ttft_component_regression/phase1/input8000_rate2p5_reuse50_seed1,1,4297.897392,0.9737543833443302,7028.05028026118,6843.594766768672,7028.05028026118
2026-07-16_ttft_component_regression/phase1/input8000_rate2p5_reuse50_seed1,1,2888.369393,0.981489214507389,6592.697134605898,6470.661132129458,6592.697134605898
2026-07-16_ttft_component_regression/phase1/input8000_rate2p5_reuse50_seed1,1,4583.916842,0.9013885474560301,5106.084180777149,4602.565802898928,5106.084180777149
2026-07-16_ttft_component_regression/phase1/input8000_rate2p5_reuse50_seed1,0,0.0,6.424961475236482e-12,0.7107790176923942,4.5667278060800625e-12,0.0
2026-07-16_ttft_component_regression/phase1/input8000_rate2p5_reuse50_seed1,0,0.0,2.5673826847946857e-10,0.9905672856519077,2.543165297306779e-10,0.0
2026-07-16_ttft_component_regression/phase1/input8000_rate2p5_reuse50_seed1,0,0.0,7.911139684416282e-09,1.0156184313248955,8.034699276278993e-09,0.0
2026-07-16_ttft_component_regression/phase1/input8000_rate2p5_reuse50_seed1,0,0.0,3.1878178045805166e-06,1.0536185335351622,3.358743920439404e-06,0.0
2026-07-16_ttft_component_regression/phase1/input8000_rate2p5_reuse50_seed1,0,0.0,1.8107120541647546e-07,0.7789063919623894,1.4103751929922757e-07,0.0
2026-07-16_ttft_component_regression/phase1/input8000_rate2p5_reuse50_seed1,0,0.0,6.970419783626326e-05,0.19705086118820422,1.3735272212068638e-05,0.0
2026-07-16_ttft_component_regression/phase1/input8000_rate2p5_reuse50_seed1,0,0.0,4.8137986213760224e-05,0.6204383764178975,2.9866654010492523e-05,0.0
2026-07-16_ttft_component_regression/phase1/input8000_rate2p5_reuse50_seed1,0,0.0,0.0009335220907398706,0.457863292063117,0.00042742549767980096,0.0
2026-07-16_ttft_component_regression/phase1/input8000_rate2p5_reuse50_seed1,0,0.0,1.0776548741460737e-08,2.1382303519036867,2.3042743607760824e-08,0.0
2026-07-16_ttft_component_regression/phase1/input8000_rate2p5_reuse50_seed1,0,0.0,8.407680173036745e-09,1.151526209500253,9.681664080347433e-09,0.0
2026-07-16_ttft_component_regression/phase1/input8000_rate2p5_reuse50_seed1,0,0.0,5.060067148010059e-07,2.9667294883922906,1.501185042124652e-06,0.0
2026-07-16_ttft_component_regression/phase1/input8000_rate2p5_reuse50_seed1,0,0.0,1.660125478844056e-07,3.6380924011409514,6.039689889523043e-07,0.0
2026-07-16_ttft_component_regression/phase1/input8000_rate2p5_reuse50_seed1,1,3.157496,0.9938909623601682,2.3809065202354915,2.3663614726864517,2.3809065202354915
2026-07-16_ttft_component_regression/phase1/input8000_rate2p5_reuse50_seed1,1,0.517393,0.9943222922910439,2.1027463052663715,2.0908075263589816,2.1027463052663715
2026-07-16_ttft_component_regression/phase1/input8000_rate2p5_reuse50_seed1,0,0.0,1.844503925801044e-05,2.514930262068248,4.6387987415007324e-05,0.0
2026-07-16_ttft_component_regression/phase1/input8000_rate2p5_reuse50_seed1,0,0.0,0.00014022451381882016,1.5079889880432886,0.00021145702269250477,0.0
2026-07-16_ttft_component_regression/phase1/input8000_rate2p5_reuse50_seed1,1,0.171165,0.9930365103593882,1.4430920992858185,1.433043142401993,1.4430920992858185
2026-07-16_ttft_component_regression/phase1/input8000_rate2p5_reuse50_seed1,1,2.72442,0.9941967840594468,1.4429785786565257,1.4346046623669892,1.4429785786565257
2026-07-16_ttft_component_regression/phase1/input8000_rate2p5_reuse50_seed1,0,0.0,0.002771364732705691,1.750041132943065,0.004850002276622722,0.0
2026-07-16_ttft_component_regression/phase1/input8000_rate2p5_reuse50_seed1,0,0.0,0.06808657544325926,1.7063112258782784,0.1161768880104416,0.0
2026-07-16_ttft_component_regression/phase1/input8000_rate2p5_reuse50_seed1,0,0.0,0.0811772998255081,1.0340633637461374,0.08394247171739364,0.0
2026-07-16_ttft_component_regression/phase1/input8000_rate2p5_reuse50_seed1,1,1.890621,0.9954489382672025,3.0884766548573936,3.0744208069408336,3.0884766548573936
2026-07-16_ttft_component_regression/phase1/input8000_rate2p5_reuse50_seed1,1,1.968031,0.9973076245387006,1.4835216267759175,1.479527429551679,1.4835216267759175
2026-07-16_ttft_component_regression/phase1/input8000_rate2p5_reuse50_seed1,1,1.358952,0.9980694597832176,1.9976566211923257,1.9938000647457923,1.9976566211923257
2026-07-16_ttft_component_regression/phase1/input8000_rate2p5_reuse50_seed1,1,0.195352,0.9950091375530687,1.7234764416571031,1.7148748078062659,1.7234764416571031
2026-07-16_ttft_component_regression/phase1/input8000_rate2p5_reuse50_seed1,1,4.164545,0.9978538946326612,1.738974166221358,1.7352421444295667,1.738974166221358
2026-07-16_ttft_component_regression/phase1/input8000_rate2p5_reuse50_seed1,0,0.0,0.009157294042850981,1.461069196598603,0.013379440250205456,0.0
2026-07-16_ttft_component_regression/phase1/input8000_rate2p5_reuse50_seed1,1,1050.996641,0.8210597651190522,1322.00470002665,1085.4448684901643,1322.00470002665
2026-07-16_ttft_component_regression/phase1/input8000_rate2p5_reuse50_seed1,1,3309.552091,0.9988109954951851,8997.111409095227,8986.41380309949,8997.111409095227
2026-07-16_ttft_component_regression/phase1/input8000_rate2p5_reuse50_seed1,1,5909.7883,0.9989340435114694,11529.355519885921,11517.065728560923,11529.355519885921
2026-07-16_ttft_component_regression/phase1/input8000_rate2p5_reuse50_seed1,1,13046.69303,0.9972662925550094,3651.0065260316633,3641.0257423097414,3651.0065260316633
2026-07-16_ttft_component_regression/phase1/input8000_rate2p5_reuse50_seed1,1,9082.322925,0.9977828620135986,9193.830461979811,9173.446471222022,9193.830461979811
2026-07-16_ttft_component_regression/phase1/input8000_rate2p5_reuse50_seed1,1,9475.923626,0.9979637047420854,8359.492016149681,8342.469622198621,8359.492016149681
2026-07-16_ttft_component_regression/phase1/input8000_rate2p5_reuse50_seed1,1,12837.024423,0.993720422330396,6180.547335560299,6141.7361085259845,6180.547335560299
2026-07-16_ttft_component_regression/phase1/input8000_rate2p5_reuse50_seed1,0,0.0,1.2760945865647987e-11,1.0505360062650007,1.3405833105861708e-11,0.0
2026-07-16_ttft_component_regression/phase1/input8000_rate2p5_reuse50_seed1,0,0.0,7.997736178489623e-09,0.5916829685994207,4.732124284163727e-09,0.0
2026-07-16_ttft_component_regression/phase1/input8000_rate2p5_reuse50_seed1,0,0.0,1.9834077949955344e-07,0.6053060901798352,1.200568817620955e-07,0.0
2026-07-16_ttft_component_regression/phase1/input8000_rate2p5_reuse50_seed1,0,0.0,4.3645832233049206e-10,1.0522695637634247,4.592718084396231e-10,0.0
2026-07-16_ttft_component_regression/phase1/input8000_rate2p5_reuse50_seed1,0,0.0,2.922714375276782e-06,0.9791818580393816,2.86186889250193e-06,0.0
2026-07-16_ttft_component_regression/phase1/input8000_rate2p5_reuse50_seed1,0,0.0,2.1254407267805742e-07,0.9297599511774801,1.9761496663621346e-07,0.0
2026-07-16_ttft_component_regression/phase1/input8000_rate2p5_reuse50_seed1,0,0.0,0.000235732988424545,0.6831641931349742,0.0001610443368323505,0.0
2026-07-16_ttft_component_regression/phase1/input8000_rate2p5_reuse50_seed1,0,0.0,5.268648144226894e-06,1.1249797163185946,5.927122294674861e-06,0.0
2026-07-16_ttft_component_regression/phase1/input8000_rate2p5_reuse50_seed1,0,0.0,0.0033339359912083473,0.8141063948348373,0.002714178610412737,0.0
2026-07-16_ttft_component_regression/phase1/input8000_rate2p5_reuse50_seed1,0,0.0,3.4370272220030393e-06,1.9720020465117947,6.777824715706742e-06,0.0
2026-07-16_ttft_component_regression/phase1/input8000_rate2p5_reuse50_seed1,0,0.0,8.753750410714119e-05,1.4245876157847965,0.0001247048442677441,0.0
2026-07-16_ttft_component_regression/phase1/input8000_rate2p5_reuse50_seed1,0,0.0,0.04522214457622627,2.026565346959689,0.09164563111338121,0.0
2026-07-16_ttft_component_regression/phase1/input8000_rate2p5_reuse50_seed1,0,0.0,0.0018590432819427132,1.255572887814971,0.002334164342081834,0.0
2026-07-16_ttft_component_regression/phase1/input8000_rate2p5_reuse50_seed1,0,0.0,0.0016444675562496613,2.2837113160892923,0.003755489167149056,0.0
2026-07-16_ttft_component_regression/phase1/input8000_rate2p5_reuse50_seed1,0,0.0,7.614757753825492e-05,1.8233677053972985,0.00013884503372749073,0.0
2026-07-16_ttft_component_regression/phase1/input8000_rate2p5_reuse50_seed1,0,0.0,0.03650256760592524,2.873502607193288,0.10489022318487543,0.0
2026-07-16_ttft_component_regression/phase1/input8000_rate2p5_reuse50_seed1,0,0.0,0.0002056884219762289,1.0766258807954852,0.00022144947847959086,0.0
2026-07-16_ttft_component_regression/phase1/input8000_rate2p5_reuse50_seed1,0,0.0,2.4705730334009494e-05,3.466078453912569,8.563199959888448e-05,0.0
2026-07-16_ttft_component_regression/phase1/input8000_rate2p5_reuse50_seed1,0,0.0,1.3593027143900327e-05,2.5816320883927846,3.509219505308721e-05,0.0
2026-07-16_ttft_component_regression/phase1/input8000_rate2p5_reuse50_seed1,0,0.0,5.897817707244621e-07,2.287116646771697,1.3488997057864055e-06,0.0
2026-07-16_ttft_component_regression/phase1/input8000_rate2p5_reuse50_seed1,0,0.0,1.1088952273004693e-06,3.504617897341763,3.886254059874087e-06,0.0
2026-07-16_ttft_component_regression/phase1/input8000_rate2p5_reuse50_seed1,0,0.0,1.977404716845958e-05,3.6090082883942647,7.136470012606977e-05,0.0
2026-07-16_ttft_component_regression/phase1/input8000_rate2p5_reuse50_seed1,0,0.0,1.3926774445494592e-07,4.490736956698075,6.25414806899809e-07,0.0
2026-07-16_ttft_component_regression/phase1/input8000_rate2p5_reuse50_seed1,0,0.0,2.404274395951316e-05,5.086734232809481,0.00012229904874952897,0.0
2026-07-16_ttft_component_regression/phase1/input8000_rate2p5_reuse50_seed1,0,0.0,5.490944627961204e-08,4.055271826795227,2.2267273052263672e-07,0.0
2026-07-16_ttft_component_regression/phase1/input8000_rate2p5_reuse50_seed1,0,0.0,5.70957829147722e-09,3.526835047386029,2.0136740824176303e-08,0.0
2026-07-16_ttft_component_regression/phase1/input8000_rate2p5_reuse50_seed1,0,0.0,0.0004705443226908201,3.4604783323403345,0.0016283084330773415,0.0
2026-07-16_ttft_component_regression/phase1/input8000_rate2p5_reuse50_seed1,0,0.0,1.2688355574442209e-06,5.800697290166032,7.3601309797329985e-06,0.0
2026-07-16_ttft_component_regression/phase1/input8000_rate2p5_reuse50_seed1,0,0.0,0.2427478890740903,1.9002089969668141,0.4612717228132886,0.0
2026-07-16_ttft_component_regression/phase1/input8000_rate2p5_reuse50_seed1,0,0.0,0.008354197861890093,3.0287860647753866,0.025303078066469042,0.0
2026-07-16_ttft_component_regression/phase1/input8000_rate2p5_reuse50_seed1,0,0.0,1.3567508704086962e-11,0.6569456509044111,8.913115836757672e-12,0.0
2026-07-16_ttft_component_regression/phase1/input8000_rate2p5_reuse50_seed1,0,0.0,5.764186335978347e-10,0.7613345598916595,4.3884742672355927e-10,0.0
2026-07-16_ttft_component_regression/phase1/input8000_rate2p5_reuse50_seed1,0,0.0,9.302171185660607e-09,1.0896823218213894,1.0136411495570677e-08,0.0
2026-07-16_ttft_component_regression/phase1/input8000_rate2p5_reuse50_seed1,0,0.0,1.214886643816995e-08,0.9943991916216319,1.2080822965235373e-08,0.0
2026-07-16_ttft_component_regression/phase1/input8000_rate2p5_reuse50_seed1,0,0.0,2.3866882830483534e-07,0.980120601440201,2.3392423554316327e-07,0.0
2026-07-16_ttft_component_regression/phase1/input8000_rate2p5_reuse50_seed1,0,0.0,1.6793186178521925e-08,2.8434355700708918,4.775034291483211e-08,0.0
2026-07-16_ttft_component_regression/phase1/input8000_rate2p5_reuse50_seed1,0,0.0,7.860112927105749e-10,2.498972629909147,1.9642207072832338e-09,0.0
2026-07-16_ttft_component_regression/phase1/input8000_rate2p5_reuse50_seed1,0,0.0,4.2258877168390363e-07,2.3035043875819126,9.73435089716723e-07,0.0
2026-07-16_ttft_component_regression/phase1/input8000_rate2p5_reuse50_seed1,0,0.0,7.533733192456544e-09,3.042851306679408,2.2924029888840422e-08,0.0
2026-07-16_ttft_component_regression/phase1/input8000_rate2p5_reuse50_seed1,0,0.0,4.991558258448079e-07,1.9974425830285563,9.970351021092052e-07,0.0
2026-07-16_ttft_component_regression/phase1/input8000_rate2p5_reuse50_seed1,0,0.0,5.0114111236112585e-08,2.6828207688356303,1.3444717843598186e-07,0.0
2026-07-16_ttft_component_regression/phase1/input8000_rate2p5_reuse50_seed1,0,0.0,2.2812634823073014e-09,2.309796721420185,5.269254912128999e-09,0.0
2026-07-16_ttft_component_regression/phase1/input8000_rate2p5_reuse50_seed1,0,0.0,7.4575247293817726e-06,2.860937648084491,2.1335513259809418e-05,0.0
2026-07-16_ttft_component_regression/phase1/input8000_rate2p5_reuse50_seed1,0,0.0,0.0004310705871717173,1.8565257229364294,0.0008002936334856036,0.0
2026-07-16_ttft_component_regression/phase1/input8000_rate2p5_reuse50_seed1,0,0.0,1.787459390938541e-05,2.592734438176316,4.634407519728019e-05,0.0
2026-07-16_ttft_component_regression/phase1/input8000_rate2p5_reuse50_seed1,0,0.0,7.385438642787889e-07,3.7743014856995365,2.7874872042017096e-06,0.0
2026-07-16_ttft_component_regression/phase1/input8000_rate2p5_reuse50_seed1,0,0.0,0.05791706471946102,2.127311955900192,0.12320766422835464,0.0
2026-07-16_ttft_component_regression/phase1/input8000_rate2p5_reuse50_seed1,0,0.0,0.008907139695401616,1.346427965660545,0.011992821979933883,0.0
2026-07-16_ttft_component_regression/phase1/input8000_rate2p5_reuse50_seed1,1,2281.66836,0.9941356537850575,6994.858195564955,6953.837925381735,6994.858195564955
2026-07-16_ttft_component_regression/phase1/input8000_rate2p5_reuse50_seed1,1,588.257487,0.8099580197491044,611.2684917168119,495.1018170859708,611.2684917168119
2026-07-16_ttft_component_regression/phase1/input8000_rate2p5_reuse50_seed1,0,0.0,0.18207551500095662,2.5644337106291886,0.46692058854862367,0.0
2026-07-16_ttft_component_regression/phase1/input8000_rate2p5_reuse50_seed1,0,0.0,0.020294786722802785,2.717812114148986,0.05515741720930341,0.0
2026-07-16_ttft_component_regression/phase1/input8000_rate2p5_reuse50_seed1,1,3.792138,0.9962618220072247,3.4248658707305677,3.4120631125043954,3.4248658707305677
2026-07-16_ttft_component_regression/phase1/input8000_rate2p5_reuse50_seed1,0,0.0,1.4347358502844698e-05,3.887753487125064,5.5778993050467914e-05,0.0
2026-07-16_ttft_component_regression/phase1/input8000_rate2p5_reuse50_seed1,0,0.0,0.0072899071331349805,1.417063343228152,0.01033026017390301,0.0
2026-07-16_ttft_component_regression/phase1/input8000_rate2p5_reuse50_seed1,0,0.0,0.15742441415036948,1.6211412658064122,0.2552072140245628,0.0
2026-07-16_ttft_component_regression/phase1/input8000_rate2p5_reuse50_seed1,0,0.0,0.008747776240764471,1.9863923415471207,0.01737651573022241,0.0
2026-07-16_ttft_component_regression/phase1/input8000_rate2p5_reuse50_seed1,0,0.0,0.00032931945619774577,3.2754726075662615,0.0010786768579143335,0.0
2026-07-16_ttft_component_regression/phase1/input8000_rate2p5_reuse50_seed1,0,0.0,5.452022879776037e-09,0.6120979053277138,3.337171784509682e-09,0.0
2026-07-16_ttft_component_regression/phase1/input8000_rate2p5_reuse50_seed1,0,0.0,3.6342118021020837e-06,1.033104557191856,3.75452077455209e-06,0.0
2026-07-16_ttft_component_regression/phase1/input8000_rate2p5_reuse50_seed1,0,0.0,1.5900732933817292e-07,0.6691817407374949,1.064048014365387e-07,0.0
2026-07-16_ttft_component_regression/phase1/input8000_rate2p5_reuse50_seed1,0,0.0,7.348597178991757e-12,1.0781529076136764,7.922911415411623e-12,0.0
2026-07-16_ttft_component_regression/phase1/input8000_rate2p5_reuse50_seed1,0,0.0,1.9778277036449845e-10,1.1346521040917583,2.2441463654717524e-10,0.0
2026-07-16_ttft_component_regression/phase1/input8000_rate2p5_reuse50_seed1,0,0.0,0.0001112591872119713,0.38660447603425674,4.301329977608144e-05,0.0
2026-07-16_ttft_component_regression/phase1/input8000_rate2p5_reuse50_seed1,0,0.0,1.3471268259902833e-08,0.7165189885947535,9.652419508674182e-09,0.0
2026-07-16_ttft_component_regression/phase1/input8000_rate2p5_reuse50_seed1,0,0.0,1.2460223331889201e-08,0.7429128966937579,9.256860608944954e-09,0.0
2026-07-16_ttft_component_regression/phase1/input8000_rate2p5_reuse50_seed1,0,0.0,3.2361576760241653e-07,2.7675167315054634,8.956120514186715e-07,0.0
2026-07-16_ttft_component_regression/phase1/input8000_rate2p5_reuse50_seed1,0,0.0,1.1564759112518635e-08,3.3014818346433237,3.818084213200612e-08,0.0
2026-07-16_ttft_component_regression/phase1/input8000_rate2p5_reuse50_seed1,0,0.0,2.5844030289663606e-07,1.9330565648556466,4.995797241376241e-07,0.0
2026-07-16_ttft_component_regression/phase1/input8000_rate2p5_reuse50_seed1,0,0.0,2.126262153404745e-08,3.387509289474485,7.202732796516595e-08,0.0
2026-07-16_ttft_component_regression/phase1/input8000_rate2p5_reuse50_seed1,0,0.0,7.2501249860321306e-06,3.532780273850796,2.561309853360709e-05,0.0
2026-07-16_ttft_component_regression/phase1/input8000_rate2p5_reuse50_seed1,0,0.0,2.738392627629665e-07,2.8902638433925976,7.91467720065087e-07,0.0
2026-07-16_ttft_component_regression/phase1/input8000_rate2p5_reuse50_seed1,0,0.0,0.00013699040832593966,1.83106775509747,0.0002508387194432641,0.0
2026-07-16_ttft_component_regression/phase1/input8000_rate2p5_reuse50_seed1,0,0.0,0.004722808669155984,0.9742511673733008,0.0046012018592059625,0.0
2026-07-16_ttft_component_regression/phase1/input8000_rate2p5_reuse50_seed1,0,0.0,7.000424776511672e-07,2.5753729628491,1.8028704697887112e-06,0.0
2026-07-16_ttft_component_regression/phase1/input8000_rate2p5_reuse50_seed1,1,6.797838,0.9882283692934543,3.6335737120106764,3.590800624127874,3.6335737120106764
2026-07-16_ttft_component_regression/phase1/input8000_rate2p5_reuse50_seed1,0,0.0,8.040506887474538e-08,3.5072061481773504,2.819971519021303e-07,0.0
2026-07-16_ttft_component_regression/phase1/input8000_rate2p5_reuse50_seed1,0,0.0,3.107590664857176e-05,4.276378746941943,0.0001328923467339041,0.0
2026-07-16_ttft_component_regression/phase1/input8000_rate2p5_reuse50_seed1,0,0.0,0.008414794527468733,1.4824680216563606,0.012474663795781342,0.0
2026-07-16_ttft_component_regression/phase1/input8000_rate2p5_reuse50_seed1,1,2.688796,0.9891667482817336,1.363784072395853,1.3490098562502262,1.363784072395853
2026-07-16_ttft_component_regression/phase1/input8000_rate2p5_reuse50_seed1,0,0.0,1.617274251427739e-05,3.3768608989324247,5.4613101824965384e-05,0.0
2026-07-16_ttft_component_regression/phase1/input8000_rate2p5_reuse50_seed1,1,0.972892,0.9815430280170182,2.0820129696693765,2.043585314619984,2.0820129696693765
2026-07-16_ttft_component_regression/phase1/input8000_rate2p5_reuse50_seed1,1,1670.557728,0.8550179326587642,2324.7024302658533,1987.662265972715,2324.7024302658533
2026-07-16_ttft_component_regression/phase1/input8000_rate2p5_reuse50_seed1,1,4543.834489,0.9934899052926444,5238.450003073999,5204.34719743424,5238.450003073999
2026-07-16_ttft_component_regression/phase1/input8000_rate2p5_reuse50_seed1,1,7143.678448,0.9954926214118892,6720.36271550238,6690.071496494186,6720.36271550238
2026-07-16_ttft_component_regression/phase1/input8000_rate2p5_reuse50_seed1,1,1300.844519,0.9116221766132384,2015.5408669237952,1837.4117521580038,2015.5408669237952
2026-07-16_ttft_component_regression/phase1/input8000_rate2p5_reuse50_seed1,1,5708.846501,0.882029410662035,6378.144971295538,5625.711450148826,6378.144971295538
2026-07-16_ttft_component_regression/phase1/input8000_rate2p5_reuse50_seed1,0,0.0,0.006083366148759417,2.316934044867641,0.014094758137456039,0.0
2026-07-16_ttft_component_regression/phase1/input8000_rate2p5_reuse50_seed1,1,8.320786,0.9886588587056885,3.2858390386596175,3.248573873851814,3.2858390386596175
2026-07-16_ttft_component_regression/phase1/input8000_rate2p5_reuse50_seed1,0,0.0,0.0007984100655689108,1.6353979533741165,0.001305718187184691,0.0
2026-07-16_ttft_component_regression/phase1/input8000_rate2p5_reuse50_seed1,0,0.0,5.015137213810154e-12,0.4607285990888158,2.3106171427569393e-12,0.0
2026-07-16_ttft_component_regression/phase1/input8000_rate2p5_reuse50_seed1,0,0.0,1.6738945505501372e-10,1.0192502613044159,1.7061174580442651e-10,0.0
2026-07-16_ttft_component_regression/phase1/input8000_rate2p5_reuse50_seed1,0,0.0,1.7809003640254346e-10,0.851089100606627,1.5157048890884218e-10,0.0
2026-07-16_ttft_component_regression/phase1/input8000_rate2p5_reuse50_seed1,0,0.0,1.044726708915542e-08,1.0583275655839541,1.1056630745471219e-08,0.0
2026-07-16_ttft_component_regression/phase1/input8000_rate2p5_reuse50_seed1,0,0.0,9.031590387340372e-09,1.081068556612356,9.763768383956085e-09,0.0
2026-07-16_ttft_component_regression/phase1/input8000_rate2p5_reuse50_seed1,0,0.0,0.0001022355630207551,0.3895927005893981,3.983022909353358e-05,0.0
2026-07-16_ttft_component_regression/phase1/input8000_rate2p5_reuse50_seed1,0,0.0,2.2396188549007819e-07,0.9785672216692066,2.191617600438228e-07,0.0
2026-07-16_ttft_component_regression/phase1/input8000_rate2p5_reuse50_seed1,0,0.0,4.369393484580421e-06,0.8203395539327755,3.5843863020974783e-06,0.0
2026-07-16_ttft_component_regression/phase1/input8000_rate2p5_reuse50_seed1,0,0.0,6.010854825030491e-06,2.035486135148826,1.2235011656741987e-05,0.0
2026-07-16_ttft_component_regression/phase1/input8000_rate2p5_reuse50_seed1,0,0.0,2.939011692423262e-06,2.426877937433933,7.132622634202379e-06,0.0
2026-07-16_ttft_component_regression/phase1/input8000_rate2p5_reuse50_seed1,0,0.0,6.705370824718539e-06,3.2797617934061805,2.1992019041532354e-05,0.0
2026-07-16_ttft_component_regression/phase1/input8000_rate2p5_reuse50_seed1,0,0.0,2.3281439484337037e-06,2.9059591083674663,6.765491112541518e-06,0.0
2026-07-16_ttft_component_regression/phase1/input8000_rate2p5_reuse50_seed1,0,0.0,1.1943411836753962e-09,1.6598365253935963,1.9824111204462445e-09,0.0
2026-07-16_ttft_component_regression/phase1/input8000_rate2p5_reuse50_seed1,0,0.0,6.543636356630002e-11,1.1084107723393402,7.253037027960046e-11,0.0
2026-07-16_ttft_component_regression/phase1/input8000_rate2p5_reuse50_seed1,0,0.0,2.3081244348916798e-08,2.9409670226285716,6.788117847139638e-08,0.0
2026-07-16_ttft_component_regression/phase1/input8000_rate2p5_reuse50_seed1,0,0.0,4.879164951355871e-07,2.4724099723016875,1.2063296082237135e-06,0.0
2026-07-16_ttft_component_regression/phase1/input8000_rate2p5_reuse50_seed1,0,0.0,1.8256766871407247e-05,3.4864644767553417,6.365156915756512e-05,0.0
2026-07-16_ttft_component_regression/phase1/input8000_rate2p5_reuse50_seed1,1,0.602714,0.9913810380792826,1.8691040652036064,1.8529943284397583,1.8691040652036064
2026-07-16_ttft_component_regression/phase1/input8000_rate2p5_reuse50_seed1,0,0.0,0.000564516367427669,1.1974679739023768,0.0006759902707383404,0.0
2026-07-16_ttft_component_regression/phase1/input8000_rate2p5_reuse50_seed1,0,0.0,0.008193150240522829,1.715877436780974,0.014058441633869732,0.0
2026-07-16_ttft_component_regression/phase1/input8000_rate2p5_reuse50_seed1,0,0.0,0.06813233121115826,1.6537544763024312,0.11267414772137282,0.0
2026-07-16_ttft_component_regression/phase1/input8000_rate2p5_reuse50_seed1,0,0.0,0.006708217341224368,1.2412432868226393,0.008326529741341961,0.0
2026-07-16_ttft_component_regression/phase1/input8000_rate2p5_reuse50_seed1,0,0.0,0.23362392591193895,2.741934984116409,0.6405816155845654,0.0
2026-07-16_ttft_component_regression/phase1/input8000_rate2p5_reuse50_seed1,0,0.0,0.01247943546871311,2.2673464968002937,0.028295204292032,0.0
2026-07-16_ttft_component_regression/phase1/input8000_rate2p5_reuse50_seed1,0,0.0,0.005165482507857613,2.263418641198263,0.011691649399068475,0.0
2026-07-16_ttft_component_regression/phase1/input8000_rate2p5_reuse50_seed1,1,5.370607,0.9895118357958338,3.7562063956046257,3.716810686142785,3.7562063956046257
2026-07-16_ttft_component_regression/phase1/input8000_rate2p5_reuse50_seed1,1,3.603438,0.9914993202412502,3.3457940415433054,3.3173525178574126,3.3457940415433054
2026-07-16_ttft_component_regression/phase1/input8000_rate2p5_reuse50_seed1,0,0.0,2.2369218369305045e-05,3.958172805487454,8.854123182939365e-05,0.0
2026-07-16_ttft_component_regression/phase1/input8000_rate2p5_reuse50_seed1,0,0.0,0.0030116452820312988,1.89212709795724,0.005698415647566495,0.0
2026-07-16_ttft_component_regression/phase1/input8000_rate2p5_reuse50_seed1,0,0.0,1.8233103605744103e-10,0.7196189874237429,1.3120887554357766e-10,0.0
2026-07-16_ttft_component_regression/phase1/input8000_rate2p5_reuse50_seed1,0,0.0,5.461055467267772e-12,0.9399409645198765,5.133069743200214e-12,0.0
2026-07-16_ttft_component_regression/phase1/input8000_rate2p5_reuse50_seed1,0,0.0,1.8672059324294528e-07,0.6437477370856234,1.2020095936743116e-07,0.0
2026-07-16_ttft_component_regression/phase1/input8000_rate2p5_reuse50_seed1,0,0.0,7.198954862999744e-09,1.0051980327553605,7.236375266181978e-09,0.0
2026-07-16_ttft_component_regression/phase1/input8000_rate2p5_reuse50_seed1,0,0.0,1.9354062875353274e-11,0.8097920899262707,1.5672767024396775e-11,0.0
2026-07-16_ttft_component_regression/phase1/input8000_rate2p5_reuse50_seed1,0,0.0,4.1881647724416403e-10,1.4005963753866824,5.865928399803951e-10,0.0
2026-07-16_ttft_component_regression/phase1/input8000_rate2p5_reuse50_seed1,0,0.0,5.8168124500186064e-09,2.5265758090311494,1.4696617621888223e-08,0.0
2026-07-16_ttft_component_regression/phase1/input8000_rate2p5_reuse50_seed1,0,0.0,6.2210272745808816e-09,2.5712939168739375,1.599608958783667e-08,0.0
2026-07-16_ttft_component_regression/phase1/input8000_rate2p5_reuse50_seed1,0,0.0,3.58435804043048e-10,1.9039587465034258,6.824469841677493e-10,0.0
2026-07-16_ttft_component_regression/phase1/input8000_rate2p5_reuse50_seed1,0,0.0,1.7806180421772815e-07,2.830737839440355,5.040462869581433e-07,0.0
2026-07-16_ttft_component_regression/phase1/input8000_rate2p5_reuse50_seed1,0,0.0,4.250138891694477e-07,1.0028498361427751,4.2622510911198423e-07,0.0
2026-07-16_ttft_component_regression/phase1/input8000_rate2p5_reuse50_seed1,0,0.0,1.8928055164694287e-08,2.9128611342712665,5.51347962365805e-08,0.0
2026-07-16_ttft_component_regression/phase1/input8000_rate2p5_reuse50_seed1,0,0.0,1.0574827984402638e-05,1.7691046293994284,1.8707977142309333e-05,0.0
2026-07-16_ttft_component_regression/phase1/input8000_rate2p5_reuse50_seed1,0,0.0,9.383881536486659e-06,2.3802030269626733,2.2335543237804687e-05,0.0
2026-07-16_ttft_component_regression/phase1/input8000_rate2p5_reuse50_seed1,0,0.0,5.875675256634169e-07,2.8338825625687787,1.6650973653092405e-06,0.0
2026-07-16_ttft_component_regression/phase1/input8000_rate2p5_reuse50_seed1,0,0.0,0.0005263618943711784,1.8147557137346637,0.0009552182553022975,0.0
2026-07-16_ttft_component_regression/phase1/input8000_rate2p5_reuse50_seed1,0,0.0,4.877312719570034e-08,2.736315606255979,1.3345866911150275e-07,0.0
2026-07-16_ttft_component_regression/phase1/input8000_rate2p5_reuse50_seed1,0,0.0,4.227771953362599e-09,3.620967974905636,1.5308626848330216e-08,0.0
2026-07-16_ttft_component_regression/phase1/input8000_rate2p5_reuse50_seed1,0,0.0,1.1931150058593262e-07,4.986239030041321,5.949156609543752e-07,0.0
2026-07-16_ttft_component_regression/phase1/input8000_rate2p5_reuse50_seed1,0,0.0,1.484972088239781e-06,3.965143279272791,5.888127095591649e-06,0.0
2026-07-16_ttft_component_regression/phase1/input8000_rate2p5_reuse50_seed1,0,0.0,4.124517312107984e-07,4.482979363321561,1.8490125993842604e-06,0.0
2026-07-16_ttft_component_regression/phase1/input8000_rate2p5_reuse50_seed1,0,0.0,1.2704584820160878e-05,3.3347583609546696,4.2366720451489266e-05,0.0
2026-07-16_ttft_component_regression/phase1/input8000_rate2p5_reuse50_seed1,0,0.0,0.0002834501821616332,3.267507375970808,0.0009261755609334056,0.0
2026-07-16_ttft_component_regression/phase1/input8000_rate2p5_reuse50_seed1,0,0.0,1.4680185012370036e-05,2.257664617227115,3.314293427677563e-05,0.0
2026-07-16_ttft_component_regression/phase1/input8000_rate2p5_reuse50_seed1,0,0.0,1.018202048802932e-11,0.6321590081920025,6.4366559731032654e-12,0.0
2026-07-16_ttft_component_regression/phase1/input8000_rate2p5_reuse50_seed1,0,0.0,2.996194990809193e-10,0.8514856063205378,2.551216908403724e-10,0.0
2026-07-16_ttft_component_regression/phase1/input8000_rate2p5_reuse50_seed1,0,0.0,8.034967086079518e-09,0.6380376851054352,5.12661179950054e-09,0.0
2026-07-16_ttft_component_regression/phase1/input8000_rate2p5_reuse50_seed1,0,0.0,2.8159206027345715e-07,1.0154428764675427,2.85940651674501e-07,0.0
2026-07-16_ttft_component_regression/phase1/input8000_rate2p5_reuse50_seed1,0,0.0,1.4393587456105422e-09,0.7698491742907849,1.1080891418164958e-09,0.0
2026-07-16_ttft_component_regression/phase1/input8000_rate2p5_reuse50_seed1,0,0.0,1.595978642019424e-08,0.7688225775911242,1.2270244133377557e-08,0.0
2026-07-16_ttft_component_regression/phase1/input8000_rate2p5_reuse50_seed1,0,0.0,2.3024819034375888e-07,1.7973530073397466,4.138372773488894e-07,0.0
2026-07-16_ttft_component_regression/phase1/input8000_rate2p5_reuse50_seed1,0,0.0,3.3181348754305884e-06,3.0411288049470135,1.0090875548371233e-05,0.0
2026-07-16_ttft_component_regression/phase1/input8000_rate2p5_reuse50_seed1,0,0.0,8.278508058924834e-06,2.953386742043878,2.4449635945132003e-05,0.0
2026-07-16_ttft_component_regression/phase1/input8000_rate2p5_reuse50_seed1,0,0.0,4.282773349390845e-07,3.415860935681184,1.462935818056065e-06,0.0
2026-07-16_ttft_component_regression/phase1/input8000_rate2p5_reuse50_seed1,0,0.0,0.000281916307683783,1.4644792640283133,0.0004128605867943261,0.0
2026-07-16_ttft_component_regression/phase1/input8000_rate2p5_reuse50_seed1,0,0.0,0.00012779688283383735,1.6016023991648967,0.00020467979415246908,0.0
2026-07-16_ttft_component_regression/phase1/input8000_rate2p5_reuse50_seed1,0,0.0,7.33834579640395e-05,2.5352964516009315,0.0001860488205824355,0.0
2026-07-16_ttft_component_regression/phase1/input8000_rate2p5_reuse50_seed1,0,0.0,0.00014884870375613394,1.5411744248687884,0.00022940181540382438,0.0
2026-07-16_ttft_component_regression/phase1/input8000_rate2p5_reuse50_seed1,0,0.0,0.0001641744071357331,1.1967286506387362,0.00019647221672096038,0.0
2026-07-16_ttft_component_regression/phase1/input8000_rate2p5_reuse50_seed1,0,0.0,0.00015661949016014203,1.5597857531385362,0.0002442928494156107,0.0
2026-07-16_ttft_component_regression/phase1/input8000_rate2p5_reuse50_seed1,0,0.0,0.003787839791498107,2.086354180551632,0.007902775384251897,0.0
2026-07-16_ttft_component_regression/phase1/input8000_rate2p5_reuse50_seed1,0,0.0,0.007265376390531857,1.0435713727655649,0.007581938813525855,0.0
2026-07-16_ttft_component_regression/phase1/input8000_rate2p5_reuse50_seed1,0,0.0,0.02832260895756648,1.2115798957550588,0.034315103608319686,0.0
2026-07-16_ttft_component_regression/phase1/input8000_rate2p5_reuse50_seed1,0,0.0,0.09958231953314764,1.1538145967644107,0.11489953385700344,0.0
2026-07-16_ttft_component_regression/phase1/input8000_rate2p5_reuse50_seed1,0,0.0,0.008401723839818166,1.6525933567327227,0.013884633002786443,0.0
2026-07-16_ttft_component_regression/phase1/input8000_rate2p5_reuse50_seed1,0,0.0,0.0013270459929491329,1.676843171823888,0.002225248011973005,0.0
2026-07-16_ttft_component_regression/phase1/input8000_rate2p5_reuse50_seed1,0,0.0,5.756577594994416e-06,2.9884003298407786,1.720295838363535e-05,0.0
2026-07-16_ttft_component_regression/phase1/input8000_rate2p5_reuse50_seed1,0,0.0,0.004288789582555189,1.428736696250939,0.006127551059095344,0.0
2026-07-16_ttft_component_regression/phase1/input8000_rate2p5_reuse50_seed1,0,0.0,2.3256982237371343e-06,3.1602027203561214,7.349677853381491e-06,0.0
2026-07-16_ttft_component_regression/phase1/input8000_rate2p5_reuse50_seed1,0,0.0,6.024227033009627e-05,3.956441237642542,0.00023834500258320266,0.0
2026-07-16_ttft_component_regression/phase1/input8000_rate2p5_reuse50_seed1,0,0.0,0.0004425036091021487,3.4686211520997863,0.0015348773784122085,0.0
2026-07-16_ttft_component_regression/phase1/input8000_rate2p5_reuse50_seed1,0,0.0,0.00048793115119956555,4.374460061901224,0.0021344353338799867,0.0
2026-07-16_ttft_component_regression/phase1/input8000_rate2p5_reuse50_seed1,0,0.0,0.011467814247935955,1.6641003546626956,0.019083593757196135,0.0
2026-07-16_ttft_component_regression/phase1/input8000_rate2p5_reuse50_seed1,0,0.0,9.488099669104703e-11,1.976357330119534,1.8751875329939806e-10,0.0
2026-07-16_ttft_component_regression/phase1/input8000_rate2p5_reuse50_seed1,0,0.0,3.4947934997591614e-10,1.2833384173144902,4.4850027588218904e-10,0.0
2026-07-16_ttft_component_regression/phase1/input8000_rate2p5_reuse50_seed1,0,0.0,2.5761385086571642e-11,0.6396110904619499,1.64772676070323e-11,0.0
2026-07-16_ttft_component_regression/phase1/input8000_rate2p5_reuse50_seed1,0,0.0,4.372640888248715e-09,1.7347040508829015,7.585237861901255e-09,0.0
2026-07-16_ttft_component_regression/phase1/input8000_rate2p5_reuse50_seed1,0,0.0,3.3875962129523e-10,1.4194932227261798,4.808669865618662e-10,0.0
2026-07-16_ttft_component_regression/phase1/input8000_rate2p5_reuse50_seed1,0,0.0,4.397604050126863e-09,2.154291111201241,9.473719315770878e-09,0.0
2026-07-16_ttft_component_regression/phase1/input8000_rate2p5_reuse50_seed1,0,0.0,1.4233124928010176e-07,2.9208852925152544,4.157332526875716e-07,0.0
2026-07-16_ttft_component_regression/phase1/input8000_rate2p5_reuse50_seed1,0,0.0,4.5706981813556185e-06,2.60246015800329,1.1895059911236092e-05,0.0
2026-07-16_ttft_component_regression/phase1/input8000_rate2p5_reuse50_seed1,0,0.0,4.462389578530679e-06,2.7167293921414566,1.2123104927180021e-05,0.0
2026-07-16_ttft_component_regression/phase1/input8000_rate2p5_reuse50_seed1,0,0.0,3.598118745291758e-07,0.8246102855159091,2.967045725875181e-07,0.0
2026-07-16_ttft_component_regression/phase1/input8000_rate2p5_reuse50_seed1,0,0.0,6.94834797336478e-06,3.425704030110383,2.380298365496504e-05,0.0
2026-07-16_ttft_component_regression/phase1/input8000_rate2p5_reuse50_seed1,0,0.0,0.00016940317914552555,1.326433007946229,0.00022470196846965335,0.0
2026-07-16_ttft_component_regression/phase1/input8000_rate2p5_reuse50_seed1,0,0.0,1.7656195288248427e-08,2.8146066558799827,4.969524477582082e-08,0.0
2026-07-16_ttft_component_regression/phase1/input8000_rate2p5_reuse50_seed1,0,0.0,2.3003532945809795e-08,2.3146825542361347,5.324587639546209e-08,0.0
2026-07-16_ttft_component_regression/phase1/input8000_rate2p5_reuse50_seed1,0,0.0,1.9363858591642453e-08,2.6820952397657427,5.19357129521412e-08,0.0
2026-07-16_ttft_component_regression/phase1/input8000_rate2p5_reuse50_seed1,0,0.0,6.490404282420196e-07,2.751461450967427,1.7858097184273074e-06,0.0
2026-07-16_ttft_component_regression/phase1/input8000_rate2p5_reuse50_seed1,0,0.0,7.068901133784688e-07,4.665766519607081,3.298184224042514e-06,0.0
2026-07-16_ttft_component_regression/phase1/input8000_rate2p5_reuse50_seed1,0,0.0,6.107056048157478e-08,3.865827391098094,2.3608824549938458e-07,0.0
2026-07-16_ttft_component_regression/phase1/input8000_rate2p5_reuse50_seed1,0,0.0,3.175539737251725e-08,5.339060272086187,1.6954398053591693e-07,0.0
2026-07-16_ttft_component_regression/phase1/input8000_rate2p5_reuse50_seed1,0,0.0,7.962999721220621e-07,4.9153121973636935,3.914062965731941e-06,0.0
2026-07-16_ttft_component_regression/phase1/input8000_rate2p5_reuse50_seed1,0,0.0,1.1723390836239196e-05,4.916487259455922,5.763790168399231e-05,0.0
2026-07-16_ttft_component_regression/phase1/input8000_rate2p5_reuse50_seed1,0,0.0,5.811200521811863e-07,4.8273561442565756,2.8052734544475516e-06,0.0
2026-07-16_ttft_component_regression/phase1/input8000_rate2p5_reuse50_seed1,0,0.0,0.00034039100316851287,2.2144673726608377,0.0007537847704639635,0.0
2026-07-16_ttft_component_regression/phase1/input8000_rate2p5_reuse50_seed1,0,0.0,2.762900540368942e-10,0.9446281224181208,2.609913549876725e-10,0.0
2026-07-16_ttft_component_regression/phase1/input8000_rate2p5_reuse50_seed1,0,0.0,7.987916249664307e-12,0.6634185739887544,5.299332007493894e-12,0.0
2026-07-16_ttft_component_regression/phase1/input8000_rate2p5_reuse50_seed1,0,0.0,5.056599650951389e-09,0.9081602774170556,4.592202941795e-09,0.0
2026-07-16_ttft_component_regression/phase1/input8000_rate2p5_reuse50_seed1,0,0.0,1.7423887577186764e-07,0.9806356445531219,1.7086485224875675e-07,0.0
2026-07-16_ttft_component_regression/phase1/input8000_rate2p5_reuse50_seed1,0,0.0,6.293358842379901e-10,0.9053005917513842,5.697381484110332e-10,0.0
2026-07-16_ttft_component_regression/phase1/input8000_rate2p5_reuse50_seed1,0,0.0,1.805163314439795e-08,0.7036333350581538,1.2701730832639037e-08,0.0
2026-07-16_ttft_component_regression/phase1/input8000_rate2p5_reuse50_seed1,0,0.0,5.078655245422987e-06,0.9229786722355292,4.687490475162514e-06,0.0
2026-07-16_ttft_component_regression/phase1/input8000_rate2p5_reuse50_seed1,0,0.0,4.4315638320535606e-07,0.7026012896871581,3.113622463731796e-07,0.0
2026-07-16_ttft_component_regression/phase1/input8000_rate2p5_reuse50_seed1,0,0.0,4.030240297571105e-06,0.9001271940800903,3.627728890521187e-06,0.0
2026-07-16_ttft_component_regression/phase1/input8000_rate2p5_reuse50_seed1,0,0.0,0.027507767830795733,1.254961617025878,0.03452119279770784,0.0
2026-07-16_ttft_component_regression/phase1/input8000_rate2p5_reuse50_seed1,0,0.0,9.309397054269329e-05,0.9958343058600003,9.270616953513429e-05,0.0
2026-07-16_ttft_component_regression/phase1/input8000_rate2p5_reuse50_seed1,0,0.0,0.0018777515917923243,0.787052975595737,0.0014778899777497805,0.0
2026-07-16_ttft_component_regression/phase1/input8000_rate2p5_reuse50_seed1,0,0.0,3.5233514296912275e-06,1.8601549692513135,6.553979670358857e-06,0.0
2026-07-16_ttft_component_regression/phase1/input8000_rate2p5_reuse50_seed1,0,0.0,0.00010894060760638866,2.6903607715010236,0.00029308953712771406,0.0
2026-07-16_ttft_component_regression/phase1/input8000_rate2p5_reuse50_seed1,0,0.0,0.0536619405396937,1.9292375778112734,0.10352663218745124,0.0
2026-07-16_ttft_component_regression/phase1/input8000_rate2p5_reuse50_seed1,0,0.0,0.0017297462670698186,1.7718123819311842,0.0030647858535935496,0.0
2026-07-16_ttft_component_regression/phase1/input8000_rate2p5_reuse50_seed1,0,0.0,6.867867919843363e-05,1.4165222875121315,9.728487976147705e-05,0.0
2026-07-16_ttft_component_regression/phase1/input8000_rate2p5_reuse50_seed1,0,0.0,0.0017663509852353947,1.439852325073004,0.0025432845729861744,0.0
2026-07-16_ttft_component_regression/phase1/input8000_rate2p5_reuse50_seed1,0,0.0,0.055337502486398085,1.7285876630503012,0.0956557241020031,0.0
2026-07-16_ttft_component_regression/phase1/input8000_rate2p5_reuse50_seed1,0,0.0,0.004985647961542563,1.3067819682425001,0.006515154856148799,0.0
2026-07-16_ttft_component_regression/phase1/input8000_rate2p5_reuse50_seed1,0,0.0,0.06412346078977714,1.0538476923568367,0.06757636117924075,0.0
2026-07-16_ttft_component_regression/phase1/input8000_rate2p5_reuse50_seed1,1,489.936806,0.7967920832939948,644.9248858311491,513.871043349543,644.9248858311491
2026-07-16_ttft_component_regression/phase1/input8000_rate2p5_reuse50_seed1,1,1065.704233,0.8372379332085156,1307.2276137425872,1094.4605455629435,1307.2276137425872
2026-07-16_ttft_component_regression/phase1/input8000_rate2p5_reuse50_seed1,0,0.0,0.15022580528985086,1.4725587143632723,0.22121631870181005,0.0
2026-07-16_ttft_component_regression/phase1/input8000_rate2p5_reuse50_seed1,0,0.0,0.10317262361042746,0.8974376681565923,0.0925909987505398,0.0
2026-07-16_ttft_component_regression/phase1/input8000_rate2p5_reuse50_seed1,0,0.0,0.0045810188635977194,1.869168630542033,0.00856269675575817,0.0
2026-07-16_ttft_component_regression/phase1/input8000_rate2p5_reuse50_seed1,0,0.0,2.496897759353705e-05,2.916506490698248,7.282218521764992e-05,0.0
2026-07-16_ttft_component_regression/phase1/input8000_rate2p5_reuse50_seed1,0,0.0,1.2740409289209379e-06,3.4314591593760606,4.371819414965737e-06,0.0
2026-07-16_ttft_component_regression/phase1/input8000_rate2p5_reuse50_seed1,0,0.0,9.476226456715916e-08,4.155627449766527,3.9379666783732455e-07,0.0
2026-07-16_ttft_component_regression/phase1/input8000_rate2p5_reuse50_seed1,0,0.0,2.9943490103407108e-09,3.072554187723788,9.20029959122893e-09,0.0
2026-07-16_ttft_component_regression/phase1/input8000_rate2p5_reuse50_seed1,0,0.0,5.462917363246237e-08,5.295874550585714,2.8930925035968557e-07,0.0
2026-07-16_ttft_component_regression/phase1/input8000_rate2p5_reuse50_seed1,0,0.0,9.063304217739127e-09,0.9221504249181384,8.357729835550492e-09,0.0
2026-07-16_ttft_component_regression/phase1/input8000_rate2p5_reuse50_seed1,0,0.0,4.397479686827277e-10,0.8849413130379619,3.891511448118696e-10,0.0
2026-07-16_ttft_component_regression/phase1/input8000_rate2p5_reuse50_seed1,0,0.0,1.6873713300216198e-11,1.0636289769617753,1.7947370415055257e-11,0.0
2026-07-16_ttft_component_regression/phase1/input8000_rate2p5_reuse50_seed1,0,0.0,2.632648483709772e-07,0.8632549345706634,2.2726467945524354e-07,0.0
2026-07-16_ttft_component_regression/phase1/input8000_rate2p5_reuse50_seed1,0,0.0,4.794284681826958e-06,0.8977926654127152,4.304273623244776e-06,0.0
2026-07-16_ttft_component_regression/phase1/input8000_rate2p5_reuse50_seed1,0,0.0,0.00016906359570690614,0.5651158937952971,9.554052499615503e-05,0.0
2026-07-16_ttft_component_regression/phase1/input8000_rate2p5_reuse50_seed1,0,0.0,0.0036796984053816626,0.20630960839524592,0.0007591571370269016,0.0
2026-07-16_ttft_component_regression/phase1/input8000_rate2p5_reuse50_seed1,0,0.0,0.08598474372705342,0.7621609439243235,0.0655342134421021,0.0
2026-07-16_ttft_component_regression/phase1/input8000_rate2p5_reuse50_seed1,0,0.0,3.385898987234924e-07,1.9090764562754312,6.46394003985702e-07,0.0
2026-07-16_ttft_component_regression/phase1/input8000_rate2p5_reuse50_seed1,0,0.0,1.664750914122927e-05,2.013194992507087,3.351468204083872e-05,0.0
2026-07-16_ttft_component_regression/phase1/input8000_rate2p5_reuse50_seed1,0,0.0,0.00028680427960866656,1.4774409120815808,0.00042373637645392903,0.0
2026-07-16_ttft_component_regression/phase1/input8000_rate2p5_reuse50_seed1,0,0.0,0.0002616256928759005,1.5350947944451865,0.00040162023922691,0.0
2026-07-16_ttft_component_regression/phase1/input8000_rate2p5_reuse50_seed1,0,0.0,2.3455277481705797e-05,2.8647147606543544,6.719267961708628e-05,0.0
2026-07-16_ttft_component_regression/phase1/input8000_rate2p5_reuse50_seed1,0,0.0,9.674935302085642e-06,2.016171887078966,1.9506332565372917e-05,0.0
2026-07-16_ttft_component_regression/phase1/input8000_rate2p5_reuse50_seed1,0,0.0,0.00865762822489284,1.036566686801683,0.008974209004637907,0.0
2026-07-16_ttft_component_regression/phase1/input8000_rate2p5_reuse50_seed1,0,0.0,0.12921343053614887,2.024325818105884,0.2615700834803574,0.0
2026-07-16_ttft_component_regression/phase1/input8000_rate2p5_reuse50_seed1,0,0.0,0.005947412468316613,1.406938410122864,0.008367643042518273,0.0
2026-07-16_ttft_component_regression/phase1/input8000_rate2p5_reuse50_seed1,0,0.0,0.06610653460099178,2.2174354364381474,0.1465869724043637,0.0
2026-07-16_ttft_component_regression/phase1/input8000_rate2p5_reuse50_seed1,1,2.716139000001192,0.9976830920774085,1.3935440146120688,1.390315301444134,1.3935440146120688
2026-07-16_ttft_component_regression/phase1/input8000_rate2p5_reuse50_seed1,1,1089.907417,0.9144888678708016,819.422932323917,749.3531496882714,819.422932323917
2026-07-16_ttft_component_regression/phase1/input8000_rate2p5_reuse50_seed1,0,0.0,3.381591935785443e-05,2.3275271300420246,7.870746973271947e-05,0.0
2026-07-16_ttft_component_regression/phase1/input8000_rate2p5_reuse50_seed1,1,4.742357000001192,0.9968591419488021,1.6998175474936041,1.6944786618639913,1.6998175474936041
2026-07-16_ttft_component_regression/phase1/input8000_rate2p5_reuse50_seed1,1,95.7124630000012,0.9981972233000908,358.68911717314967,358.0424807901989,358.68911717314967
2026-07-16_ttft_component_regression/phase1/input8000_rate2p5_reuse50_seed1,1,4.532040000001192,0.9974295562333881,2.4661623971107534,2.4598232653496472,2.4661623971107534
2026-07-16_ttft_component_regression/phase1/input8000_rate2p5_reuse50_seed1,0,0.0,0.18486206719334117,1.794265357447473,0.33169160307113904,0.0
2026-07-16_ttft_component_regression/phase1/input8000_rate2p5_reuse50_seed1,0,0.0,0.007393455500202184,0.8743998535429912,0.006464836406553412,0.0
2026-07-16_ttft_component_regression/phase1/input8000_rate2p5_reuse50_seed1,0,0.0,0.105426940077101,1.7807351952231234,0.187737462719973,0.0
2026-07-16_ttft_component_regression/phase1/input8000_rate2p5_reuse50_seed1,0,0.0,0.02045763492576305,0.6049975723124887,0.012376819465341825,0.0
2026-07-16_ttft_component_regression/phase1/input8000_rate2p5_reuse50_seed1,0,0.0,0.298798353487387,2.7947502190730167,0.8350667638675314,0.0
2026-07-16_ttft_component_regression/phase1/input8000_rate2p5_reuse50_seed1,0,0.0,0.36720176292350437,2.2211880606254484,0.8156241716463043,0.0
2026-07-16_ttft_component_regression/phase1/input8000_rate2p5_reuse50_seed1,0,0.0,0.025558200003713304,1.6498624127462769,0.04216751352357834,0.0
2026-07-16_ttft_component_regression/phase1/input8000_rate2p5_reuse50_seed1,1,195.734871,0.9774243871877152,658.9361163243514,644.0602296941821,658.9361163243514
2026-07-16_ttft_component_regression/phase1/input8000_rate2p5_reuse50_seed1,1,934.827475,0.9699048485436267,1351.6483107913211,1310.970250162305,1351.6483107913211
2026-07-16_ttft_component_regression/phase1/input8000_rate2p5_reuse50_seed1,1,2305.207635,0.9489640670811461,2822.253476396211,2678.217137294852,2822.253476396211
2026-07-16_ttft_component_regression/phase1/input8000_rate2p5_reuse50_seed1,0,0.0,0.27649241001075486,3.7589850925396777,1.0393308474307958,0.0
2026-07-16_ttft_component_regression/phase1/input8000_rate2p5_reuse50_seed1,0,0.0,0.1663596634282741,2.7577439380355617,0.4587773533529592,0.0
2026-07-16_ttft_component_regression/phase1/input8000_rate2p5_reuse50_seed1,1,975.844451,0.924479592708572,1265.412734516845,1169.8482494143732,1265.412734516845
2026-07-16_ttft_component_regression/phase1/input8000_rate2p5_reuse50_seed1,1,303.307286,0.9246109017731754,787.4236255175658,728.0604684672998,787.4236255175658
2026-07-16_ttft_component_regression/phase1/input8000_rate2p5_reuse50_seed1,1,1044.950723,0.8933221006891165,1352.1695714268076,1207.922962034898,1352.1695714268076
2026-07-16_ttft_component_regression/phase1/input8000_rate2p5_reuse50_seed1,0,0.0,6.169463918745109e-12,0.7107790176923942,4.385125503854317e-12,0.0
2026-07-16_ttft_component_regression/phase1/input8000_rate2p5_reuse50_seed1,0,0.0,2.465287130616822e-10,0.9905672856519077,2.442032781327685e-10,0.0
2026-07-16_ttft_component_regression/phase1/input8000_rate2p5_reuse50_seed1,0,0.0,7.596542180465671e-09,1.0156184313248955,7.715188252817946e-09,0.0
2026-07-16_ttft_component_regression/phase1/input8000_rate2p5_reuse50_seed1,0,0.0,3.0610501703166867e-06,1.0536185335351622,3.225179191526626e-06,0.0
2026-07-16_ttft_component_regression/phase1/input8000_rate2p5_reuse50_seed1,0,0.0,1.73870657573561e-07,0.7789063919623894,1.354289665587505e-07,0.0
2026-07-16_ttft_component_regression/phase1/input8000_rate2p5_reuse50_seed1,0,0.0,6.69324986945092e-05,0.19705086118820422,1.3189106509231394e-05,0.0
2026-07-16_ttft_component_regression/phase1/input8000_rate2p5_reuse50_seed1,0,0.0,4.622380051994481e-05,0.6204383764178975,2.867901974645932e-05,0.0
2026-07-16_ttft_component_regression/phase1/input8000_rate2p5_reuse50_seed1,0,0.0,0.0008964325605438979,0.457863292063117,0.00041044356328319854,0.0
2026-07-16_ttft_component_regression/phase1/input8000_rate2p5_reuse50_seed1,0,0.0,1.0348004250884274e-08,2.1382303519036867,2.2126416770869127e-08,0.0
2026-07-16_ttft_component_regression/phase1/input8000_rate2p5_reuse50_seed1,0,0.0,8.073337044144512e-09,1.151526209500253,9.296659204461707e-09,0.0
2026-07-16_ttft_component_regression/phase1/input8000_rate2p5_reuse50_seed1,0,0.0,4.858846616366218e-07,2.9667294883922906,1.4414883536348763e-06,0.0
2026-07-16_ttft_component_regression/phase1/input8000_rate2p5_reuse50_seed1,0,0.0,1.5941082836692986e-07,3.6380924011409514,5.79951323341312e-07,0.0
2026-07-16_ttft_component_regression/phase1/input8000_rate2p5_reuse50_seed1,1,3.157496000001192,0.998833486308886,2.3809065202354915,2.3781291601823744,2.3809065202354915
2026-07-16_ttft_component_regression/phase1/input8000_rate2p5_reuse50_seed1,1,0.517393000001192,0.9989162287877842,2.1027463052663715,2.1004674093541307,2.1027463052663715
2026-07-16_ttft_component_regression/phase1/input8000_rate2p5_reuse50_seed1,0,0.0,1.7711559530637687e-05,2.514930262068248,4.454333705202402e-05,0.0
2026-07-16_ttft_component_regression/phase1/input8000_rate2p5_reuse50_seed1,0,0.0,0.00013464904123346527,1.5079889880432886,0.00020304927143065233,0.0
2026-07-16_ttft_component_regression/phase1/input8000_rate2p5_reuse50_seed1,1,0.171165000001192,0.9986694041962968,1.4430920992858185,1.4411719269941516,1.4430920992858185
2026-07-16_ttft_component_regression/phase1/input8000_rate2p5_reuse50_seed1,1,4.616116000001192,0.9984389509973621,1.7236497564299698,1.7209590546967977,1.7236497564299698
2026-07-16_ttft_component_regression/phase1/input8000_rate2p5_reuse50_seed1,0,0.0,0.002661450858800121,1.750041132943065,0.004657648476206857,0.0
2026-07-16_ttft_component_regression/phase1/input8000_rate2p5_reuse50_seed1,0,0.0,0.04352995436195891,1.532648112115115,0.06671610237331344,0.0
2026-07-16_ttft_component_regression/phase1/input8000_rate2p5_reuse50_seed1,0,0.0,0.08177015881796212,1.1775245374851222,0.09628636844220584,0.0
2026-07-16_ttft_component_regression/phase1/input8000_rate2p5_reuse50_seed1,1,0.085969000001192,0.9991335257087364,3.198771044068862,3.1959993911955378,3.198771044068862
2026-07-16_ttft_component_regression/phase1/input8000_rate2p5_reuse50_seed1,0,0.0,0.0435146408925783,1.9763818481825306,0.08600154639027303,0.0
2026-07-16_ttft_component_regression/phase1/input8000_rate2p5_reuse50_seed1,1,1.358952000001192,0.999633472213918,1.9822040872233626,1.98147755434771,1.9822040872233626
2026-07-16_ttft_component_regression/phase1/input8000_rate2p5_reuse50_seed1,1,0.1953520000011921,0.998171168736112,2.889996737754667,2.8847114213681273,2.889996737754667
2026-07-16_ttft_component_regression/phase1/input8000_rate2p5_reuse50_seed1,1,1.971249000001192,0.9995300679845043,2.4090639912203526,2.4079318949235002,2.4090639912203526
2026-07-16_ttft_component_regression/phase1/input8000_rate2p5_reuse50_seed1,1,246.7193140000012,0.9998064204021375,2664.6869007487053,2664.171071730029,2664.6869007487053
2026-07-16_ttft_component_regression/phase1/input8000_rate2p5_reuse50_seed1,0,0.0,0.005356681680176805,1.8103411297202634,0.009697421164443115,0.0
2026-07-16_ttft_component_regression/phase1/input8000_rate2p5_reuse50_seed1,1,1499.003947,0.7585534445204655,2570.862282167098,1950.1364395255969,2570.862282167098
2026-07-16_ttft_component_regression/phase1/input8000_rate2p5_reuse50_seed1,1,5407.2154740000005,0.9996671087010366,8756.241660009518,8753.326783349281,8756.241660009518
2026-07-16_ttft_component_regression/phase1/input8000_rate2p5_reuse50_seed1,1,11126.236298000002,0.9996666221414926,7174.543722855234,7172.15188883314,7174.543722855234
2026-07-16_ttft_component_regression/phase1/input8000_rate2p5_reuse50_seed1,1,8661.260914000002,0.9996403002082248,7316.762073170599,7314.130235376411,7316.762073170599
2026-07-16_ttft_component_regression/phase1/input8000_rate2p5_reuse50_seed1,1,0.006857000001192,0.9996721181386173,2.3809804873602376,2.380199807046126,2.3809804873602376
2026-07-16_ttft_component_regression/phase1/input8000_rate2p5_reuse50_seed1,1,11885.473607000002,0.9996140960272368,9937.462708722021,9933.62780238354,9937.462708722021
2026-07-16_ttft_component_regression/phase1/input8000_rate2p5_reuse50_seed1,1,12407.591516000002,0.9996071358189885,32.3688847958548,32.356168220439216,32.3688847958548
2026-07-16_ttft_component_regression/phase1/input8000_rate2p5_reuse50_seed1,0,0.0,1.2253489050577837e-11,1.0505360062650007,1.2872731450005955e-11,0.0
2026-07-16_ttft_component_regression/phase1/input8000_rate2p5_reuse50_seed1,0,0.0,7.679695044194477e-09,0.5916829685994207,4.543944761687248e-09,0.0
2026-07-16_ttft_component_regression/phase1/input8000_rate2p5_reuse50_seed1,0,0.0,1.9045348320073193e-07,0.6053060901798352,1.1528265327736597e-07,0.0
2026-07-16_ttft_component_regression/phase1/input8000_rate2p5_reuse50_seed1,0,0.0,4.1910194824957005e-10,1.0522695637634247,4.410082242569765e-10,0.0
2026-07-16_ttft_component_regression/phase1/input8000_rate2p5_reuse50_seed1,0,0.0,2.806488886866805e-06,0.9791818580393816,2.748063002809114e-06,0.0
2026-07-16_ttft_component_regression/phase1/input8000_rate2p5_reuse50_seed1,0,0.0,2.0409196283389734e-07,0.9297599511774801,1.8975653340016046e-07,0.0
2026-07-16_ttft_component_regression/phase1/input8000_rate2p5_reuse50_seed1,0,0.0,0.00022636085923352864,0.6831641931349742,0.00015464163375561308,0.0
2026-07-16_ttft_component_regression/phase1/input8000_rate2p5_reuse50_seed1,0,0.0,5.059134060473406e-06,1.1249797163185946,5.6914232001691115e-06,0.0
2026-07-16_ttft_component_regression/phase1/input8000_rate2p5_reuse50_seed1,0,0.0,0.0032017818631689273,0.8141063948348373,0.002606591089672024,0.0
2026-07-16_ttft_component_regression/phase1/input8000_rate2p5_reuse50_seed1,0,0.0,3.3003494906271404e-06,1.9720020465117947,6.50829594972088e-06,0.0
2026-07-16_ttft_component_regression/phase1/input8000_rate2p5_reuse50_seed1,0,0.0,8.405674573902261e-05,1.4245876157847965,0.00011974619900298308,0.0
2026-07-16_ttft_component_regression/phase1/input8000_rate2p5_reuse50_seed1,0,0.0,0.043502053593565765,2.026565346959689,0.08815975433430359,0.0
2026-07-16_ttft_component_regression/phase1/input8000_rate2p5_reuse50_seed1,0,0.0,0.001785247811112356,1.255572887814971,0.0022415087496636967,0.0
2026-07-16_ttft_component_regression/phase1/input8000_rate2p5_reuse50_seed1,0,0.0,0.0015791762792040178,2.2837113160892923,0.0036063827389179993,0.0
2026-07-16_ttft_component_regression/phase1/input8000_rate2p5_reuse50_seed1,0,0.0,7.311968429914606e-05,1.8233677053972985,0.00013332407097990884,0.0
2026-07-16_ttft_component_regression/phase1/input8000_rate2p5_reuse50_seed1,0,0.0,0.03510194520508761,2.873502607193288,0.10086553106437518,0.0
2026-07-16_ttft_component_regression/phase1/input8000_rate2p5_reuse50_seed1,0,0.0,0.00019751055045649175,1.0766258807954852,0.00021264497035162154,0.0
2026-07-16_ttft_component_regression/phase1/input8000_rate2p5_reuse50_seed1,0,0.0,2.3723295807580074e-05,3.466078453912569,8.222680445444767e-05,0.0
2026-07-16_ttft_component_regression/phase1/input8000_rate2p5_reuse50_seed1,0,0.0,1.3052488511428373e-05,2.5816320883927846,3.369672317448166e-05,0.0
2026-07-16_ttft_component_regression/phase1/input8000_rate2p5_reuse50_seed1,0,0.0,5.650817867610685e-07,2.5377077982277605,1.43401245690004e-06,0.0
2026-07-16_ttft_component_regression/phase1/input8000_rate2p5_reuse50_seed1,0,0.0,4.126458428506092e-07,3.574014545590279,1.4748022445254378e-06,0.0
2026-07-16_ttft_component_regression/phase1/input8000_rate2p5_reuse50_seed1,0,0.0,1.1864554481057796e-05,3.4617167781922875,4.107172731285426e-05,0.0
2026-07-16_ttft_component_regression/phase1/input8000_rate2p5_reuse50_seed1,0,0.0,8.40015622301118e-08,4.515902228619946,3.7934284208251895e-07,0.0
2026-07-16_ttft_component_regression/phase1/input8000_rate2p5_reuse50_seed1,0,0.0,2.3036814379781856e-05,5.0628858134803245,0.0001166327607111771,0.0
2026-07-16_ttft_component_regression/phase1/input8000_rate2p5_reuse50_seed1,0,0.0,5.261202524169548e-08,3.9520011600243414,2.0792278478641047e-07,0.0
2026-07-16_ttft_component_regression/phase1/input8000_rate2p5_reuse50_seed1,0,0.0,5.499767760636691e-09,3.498819084360371,1.9242692400465554e-08,0.0
2026-07-16_ttft_component_regression/phase1/input8000_rate2p5_reuse50_seed1,0,0.0,0.0004501680179053535,3.3902280678348538,0.0015261722495443124,0.0
2026-07-16_ttft_component_regression/phase1/input8000_rate2p5_reuse50_seed1,0,0.0,1.215747312884485e-06,5.666318721713412,6.8888117598701315e-06,0.0
2026-07-16_ttft_component_regression/phase1/input8000_rate2p5_reuse50_seed1,0,0.0,0.1583226701732121,1.8085371735818594,0.286332434428994,0.0
2026-07-16_ttft_component_regression/phase1/input8000_rate2p5_reuse50_seed1,0,0.0,0.007998380140385694,2.9905712291640967,0.023919725527754943,0.0
2026-07-16_ttft_component_regression/phase1/input8000_rate2p5_reuse50_seed1,0,0.0,1.3027977792515498e-11,0.6569456509044111,8.558673350872308e-12,0.0
2026-07-16_ttft_component_regression/phase1/input8000_rate2p5_reuse50_seed1,0,0.0,5.534965424868794e-10,0.7613345598916595,4.213960465758036e-10,0.0
2026-07-16_ttft_component_regression/phase1/input8000_rate2p5_reuse50_seed1,0,0.0,8.932257374356549e-09,1.0896823218213894,9.733322954795071e-09,0.0
2026-07-16_ttft_component_regression/phase1/input8000_rate2p5_reuse50_seed1,0,0.0,1.1665749821071933e-08,0.9943991916216319,1.1600412191734127e-08,0.0
2026-07-16_ttft_component_regression/phase1/input8000_rate2p5_reuse50_seed1,0,0.0,2.2917783155678484e-07,0.980120601440201,2.2462191410219703e-07,0.0
2026-07-16_ttft_component_regression/phase1/input8000_rate2p5_reuse50_seed1,0,0.0,1.612538171281529e-08,2.8434355700708918,4.585148394318967e-08,0.0
2026-07-16_ttft_component_regression/phase1/input8000_rate2p5_reuse50_seed1,0,0.0,7.547544571192842e-10,2.498972629909147,1.886110730643028e-09,0.0
2026-07-16_ttft_component_regression/phase1/input8000_rate2p5_reuse50_seed1,0,0.0,4.057839464456371e-07,2.3035043875819126,9.347251010478289e-07,0.0
2026-07-16_ttft_component_regression/phase1/input8000_rate2p5_reuse50_seed1,0,0.0,7.234143783953958e-09,3.042851306679408,2.2012423865711018e-08,0.0
2026-07-16_ttft_component_regression/phase1/input8000_rate2p5_reuse50_seed1,0,0.0,4.793062075744537e-07,1.9974425830285563,9.573866293191381e-07,0.0
2026-07-16_ttft_component_regression/phase1/input8000_rate2p5_reuse50_seed1,0,0.0,1.8461722254926914e-08,2.7313476200109723,5.042538114229823e-08,0.0
2026-07-16_ttft_component_regression/phase1/input8000_rate2p5_reuse50_seed1,0,0.0,2.190545857553305e-09,2.309796721420185,5.059715639897191e-09,0.0
2026-07-16_ttft_component_regression/phase1/input8000_rate2p5_reuse50_seed1,0,0.0,1.1502386771916714e-05,2.860937648084491,3.290761135860556e-05,0.0
2026-07-16_ttft_component_regression/phase1/input8000_rate2p5_reuse50_seed1,0,0.0,0.0004152193609472371,1.8565257229364294,0.0007708654242597715,0.0
2026-07-16_ttft_component_regression/phase1/input8000_rate2p5_reuse50_seed1,0,0.0,1.721705183928188e-05,2.596830770389907,4.470976999164533e-05,0.0
2026-07-16_ttft_component_regression/phase1/input8000_rate2p5_reuse50_seed1,0,0.0,4.347507613380677e-07,3.389774721177325,1.473707140796378e-06,0.0
2026-07-16_ttft_component_regression/phase1/input8000_rate2p5_reuse50_seed1,0,0.0,0.05605003421755526,2.2521201941247457,0.12623141394273918,0.0
2026-07-16_ttft_component_regression/phase1/input8000_rate2p5_reuse50_seed1,0,0.0,0.005346465419684391,1.2330156118940527,0.006592275330922544,0.0
2026-07-16_ttft_component_regression/phase1/input8000_rate2p5_reuse50_seed1,1,2281.668360000001,0.998239413401629,7437.942516820289,7424.847374905721,7437.942516820289
2026-07-16_ttft_component_regression/phase1/input8000_rate2p5_reuse50_seed1,0,0.0,0.06533091608872796,2.071469864814697,0.13533102391853763,0.0
2026-07-16_ttft_component_regression/phase1/input8000_rate2p5_reuse50_seed1,0,0.0,0.010839596385108853,1.9760059026722008,0.021419106439559344,0.0
2026-07-16_ttft_component_regression/phase1/input8000_rate2p5_reuse50_seed1,0,0.0,0.013176788710909413,2.7632756699083925,0.03641109965237955,0.0
2026-07-16_ttft_component_regression/phase1/input8000_rate2p5_reuse50_seed1,1,1.675463000001192,0.9987885380253035,3.447420677160243,3.443244258099081,3.447420677160243
2026-07-16_ttft_component_regression/phase1/input8000_rate2p5_reuse50_seed1,0,0.0,1.372579367827e-05,3.9194110000525972,5.379702672706384e-05,0.0
2026-07-16_ttft_component_regression/phase1/input8000_rate2p5_reuse50_seed1,0,0.0,0.00035699086712457273,1.7512807279249267,0.0006251912256404725,0.0
2026-07-16_ttft_component_regression/phase1/input8000_rate2p5_reuse50_seed1,0,0.0,0.15122441722014,1.6021803349418715,0.2422887874331532,0.0
2026-07-16_ttft_component_regression/phase1/input8000_rate2p5_reuse50_seed1,0,0.0,0.008332449920832635,1.9863923415471207,0.016551514709066857,0.0
2026-07-16_ttft_component_regression/phase1/input8000_rate2p5_reuse50_seed1,0,0.0,0.00029629299084378086,3.297953725325849,0.0009771605729411847,0.0
2026-07-16_ttft_component_regression/phase1/input8000_rate2p5_reuse50_seed1,0,0.0,5.235215585008135e-09,0.6120979053277138,3.204464493522481e-09,0.0
2026-07-16_ttft_component_regression/phase1/input8000_rate2p5_reuse50_seed1,0,0.0,3.4896928040502608e-06,1.033104557191856,3.605217539063951e-06,0.0
2026-07-16_ttft_component_regression/phase1/input8000_rate2p5_reuse50_seed1,0,0.0,1.526841820221909e-07,0.6691817407374949,1.0217346670869024e-07,0.0
2026-07-16_ttft_component_regression/phase1/input8000_rate2p5_reuse50_seed1,0,0.0,7.056369960181698e-12,1.0781529076136764,7.607845789767699e-12,0.0
2026-07-16_ttft_component_regression/phase1/input8000_rate2p5_reuse50_seed1,0,0.0,1.8991766257673807e-10,1.1346521040917583,2.1549047544688445e-10,0.0
2026-07-16_ttft_component_regression/phase1/input8000_rate2p5_reuse50_seed1,0,0.0,0.00010683528309492412,0.38660447603425674,4.1302998642884626e-05,0.0
2026-07-16_ttft_component_regression/phase1/input8000_rate2p5_reuse50_seed1,0,0.0,1.2935564490781493e-08,0.7165189885947535,9.268577585836963e-09,0.0
2026-07-16_ttft_component_regression/phase1/input8000_rate2p5_reuse50_seed1,0,0.0,1.1964725173832644e-08,0.7429128966937579,8.888748637036736e-09,0.0
2026-07-16_ttft_component_regression/phase1/input8000_rate2p5_reuse50_seed1,0,0.0,3.1074673912804997e-07,2.7675167315054634,8.599967997976418e-07,0.0
2026-07-16_ttft_component_regression/phase1/input8000_rate2p5_reuse50_seed1,0,0.0,1.1104870337581347e-08,3.3014818346433237,3.666252769559429e-08,0.0
2026-07-16_ttft_component_regression/phase1/input8000_rate2p5_reuse50_seed1,0,0.0,2.481630662536664e-07,1.9330565648556466,4.797132443763566e-07,0.0
2026-07-16_ttft_component_regression/phase1/input8000_rate2p5_reuse50_seed1,0,0.0,2.0417083742637232e-08,3.387509289474485,6.916306084216211e-08,0.0
2026-07-16_ttft_component_regression/phase1/input8000_rate2p5_reuse50_seed1,0,0.0,6.961815658521443e-06,3.532780273850796,2.459456502861014e-05,0.0
2026-07-16_ttft_component_regression/phase1/input8000_rate2p5_reuse50_seed1,0,0.0,2.629496653108893e-07,2.8902638433925976,7.599939102802481e-07,0.0
2026-07-16_ttft_component_regression/phase1/input8000_rate2p5_reuse50_seed1,0,0.0,0.00013154351022261603,1.83106775509747,0.00024086507996096663,0.0
2026-07-16_ttft_component_regression/phase1/input8000_rate2p5_reuse50_seed1,0,0.0,0.0045358514677320315,0.9742511673733008,0.0044190585874698315,0.0
2026-07-16_ttft_component_regression/phase1/input8000_rate2p5_reuse50_seed1,0,0.0,4.1208655305135844e-07,2.5753729628491,1.0612765670821496e-06,0.0
2026-07-16_ttft_component_regression/phase1/input8000_rate2p5_reuse50_seed1,1,1.339938000001192,0.9981551750573313,1.0117101805433761,1.0098437523675579,1.0117101805433761
2026-07-16_ttft_component_regression/phase1/input8000_rate2p5_reuse50_seed1,1,6.797838000001192,0.9977418116040636,3.6335737120106764,3.6253684180184345,3.6335737120106764
2026-07-16_ttft_component_regression/phase1/input8000_rate2p5_reuse50_seed1,0,0.0,4.796266170113732e-08,3.5449341156634193,1.7002447574238496e-07,0.0
2026-07-16_ttft_component_regression/phase1/input8000_rate2p5_reuse50_seed1,0,0.0,2.9775723811576334e-05,4.27028799348287,0.0001271509158898364,0.0
2026-07-16_ttft_component_regression/phase1/input8000_rate2p5_reuse50_seed1,0,0.0,0.0047249695550172326,1.048226343881146,0.004952837561605439,0.0
2026-07-16_ttft_component_regression/phase1/input8000_rate2p5_reuse50_seed1,0,0.0,0.00018309307312559724,2.1870271330398063,0.00040042951879732254,0.0
2026-07-16_ttft_component_regression/phase1/input8000_rate2p5_reuse50_seed1,1,2.209664000001192,0.9966105562276679,1.1036335599266454,1.0998928560300154,1.1036335599266454
2026-07-16_ttft_component_regression/phase1/input8000_rate2p5_reuse50_seed1,1,1126.520589,0.768117895914686,1068.6955452479647,820.8841735892648,1068.6955452479647
2026-07-16_ttft_component_regression/phase1/input8000_rate2p5_reuse50_seed1,1,1876.9502340000013,0.9987667419214596,3529.2306742284727,3524.878221988448,3529.2306742284727
2026-07-16_ttft_component_regression/phase1/input8000_rate2p5_reuse50_seed1,1,4289.734594000001,0.9991473701127873,2674.214975974905,2671.934860361557,2674.214975974905
2026-07-16_ttft_component_regression/phase1/input8000_rate2p5_reuse50_seed1,1,926.565701,0.8081510376397294,995.6390101990534,804.626699206958,995.6390101990534
2026-07-16_ttft_component_regression/phase1/input8000_rate2p5_reuse50_seed1,1,490.533233,0.8993680440878331,811.8984781275352,730.1955462714496,811.8984781275352
2026-07-16_ttft_component_regression/phase1/input8000_rate2p5_reuse50_seed1,0,0.0,0.005448733357890309,2.3537328933588824,0.012824862931608217,0.0
2026-07-16_ttft_component_regression/phase1/input8000_rate2p5_reuse50_seed1,1,383.133396,0.8488552918624305,760.1889768805296,645.2904358405243,760.1889768805296
2026-07-16_ttft_component_regression/phase1/input8000_rate2p5_reuse50_seed1,1,6.777383000001192,0.9976763061969591,3.3216865209191835,3.313967938534879,3.3216865209191835
2026-07-16_ttft_component_regression/phase1/input8000_rate2p5_reuse50_seed1,0,0.0,0.0007530870586968561,1.6330354991935654,0.0012298179008352343,0.0
2026-07-16_ttft_component_regression/phase1/input8000_rate2p5_reuse50_seed1,0,0.0,4.8157032859122406e-12,0.4607285990888158,2.2187322285457536e-12,0.0
2026-07-16_ttft_component_regression/phase1/input8000_rate2p5_reuse50_seed1,0,0.0,1.6073297985166722e-10,1.0192502613044159,1.6382713171404924e-10,0.0
2026-07-16_ttft_component_regression/phase1/input8000_rate2p5_reuse50_seed1,0,0.0,1.710080376537279e-10,0.851089100606627,1.455430769632155e-10,0.0
2026-07-16_ttft_component_regression/phase1/input8000_rate2p5_reuse50_seed1,0,0.0,1.0031816942595131e-08,1.0583275655839541,1.0616948403240571e-08,0.0
2026-07-16_ttft_component_regression/phase1/input8000_rate2p5_reuse50_seed1,0,0.0,8.67243659877798e-09,1.081068556612356,9.37549851615308e-09,0.0
2026-07-16_ttft_component_regression/phase1/input8000_rate2p5_reuse50_seed1,0,0.0,9.817042234469325e-05,0.3895927005893981,3.824647995927083e-05,0.0
2026-07-16_ttft_component_regression/phase1/input8000_rate2p5_reuse50_seed1,0,0.0,2.150557305808291e-07,0.9785672216692066,2.1044648877852336e-07,0.0
2026-07-16_ttft_component_regression/phase1/input8000_rate2p5_reuse50_seed1,0,0.0,4.195639185961465e-06,0.8203395539327755,3.4418487782745013e-06,0.0
2026-07-16_ttft_component_regression/phase1/input8000_rate2p5_reuse50_seed1,0,0.0,5.771826176840766e-06,2.035486135148826,1.1748472157448435e-05,0.0
2026-07-16_ttft_component_regression/phase1/input8000_rate2p5_reuse50_seed1,0,0.0,2.8221381221084855e-06,2.426877937433933,6.848984744936314e-06,0.0
2026-07-16_ttft_component_regression/phase1/input8000_rate2p5_reuse50_seed1,0,0.0,6.438724116121454e-06,3.2797617934061805,2.1117481354338124e-05,0.0
2026-07-16_ttft_component_regression/phase1/input8000_rate2p5_reuse50_seed1,0,0.0,2.2355622633153646e-06,2.9059591083674663,6.496452521403872e-06,0.0
2026-07-16_ttft_component_regression/phase1/input8000_rate2p5_reuse50_seed1,0,0.0,1.0773807969787045e-09,1.644195787474301,1.771424967898091e-09,0.0
2026-07-16_ttft_component_regression/phase1/input8000_rate2p5_reuse50_seed1,0,0.0,6.283419527932061e-11,1.1084107723393402,6.964609891887268e-11,0.0
2026-07-16_ttft_component_regression/phase1/input8000_rate2p5_reuse50_seed1,0,0.0,2.085320201544824e-08,3.03509606780038,6.329147143813392e-08,0.0
2026-07-16_ttft_component_regression/phase1/input8000_rate2p5_reuse50_seed1,0,0.0,4.685138241071915e-07,2.4724099723016875,1.158358250883819e-06,0.0
2026-07-16_ttft_component_regression/phase1/input8000_rate2p5_reuse50_seed1,0,0.0,1.0890477023589394e-05,3.459557331528769,3.76762296308043e-05,0.0
2026-07-16_ttft_component_regression/phase1/input8000_rate2p5_reuse50_seed1,0,0.0,0.00024877858606098404,2.318059996635396,0.0005766836883674832,0.0
2026-07-16_ttft_component_regression/phase1/input8000_rate2p5_reuse50_seed1,0,0.0,2.589354959693824e-05,2.37713845116449,6.155255238401667e-05,0.0
2026-07-16_ttft_component_regression/phase1/input8000_rate2p5_reuse50_seed1,0,0.0,0.0035758146882764364,1.1756640900782687,0.004203956921781025,0.0
2026-07-16_ttft_component_regression/phase1/input8000_rate2p5_reuse50_seed1,0,0.0,0.00020469227331579512,1.4095988259358492,0.0002885339881440848,0.0
2026-07-16_ttft_component_regression/phase1/input8000_rate2p5_reuse50_seed1,0,0.0,0.01478829481664626,2.7988349994909116,0.04138999711561959,0.0
2026-07-16_ttft_component_regression/phase1/input8000_rate2p5_reuse50_seed1,0,0.0,0.0006218588144518953,3.2119074740980134,0.001997352973971772,0.0
2026-07-16_ttft_component_regression/phase1/input8000_rate2p5_reuse50_seed1,0,0.0,1.3000587514125175e-05,4.52317339237121,5.880391152908436e-05,0.0
2026-07-16_ttft_component_regression/phase1/input8000_rate2p5_reuse50_seed1,1,5.3706070000011925,0.9969923582087322,4.029796578677462,4.017676394077124,4.029796578677462
2026-07-16_ttft_component_regression/phase1/input8000_rate2p5_reuse50_seed1,1,8.066227000001192,0.9987747695442633,3.35454952442974,3.3504394281871317,3.35454952442974
2026-07-16_ttft_component_regression/phase1/input8000_rate2p5_reuse50_seed1,0,0.0,2.1547231833837503e-05,4.007146657221601,8.634291801534082e-05,0.0
2026-07-16_ttft_component_regression/phase1/input8000_rate2p5_reuse50_seed1,0,0.0,8.16555394768192e-06,3.656725498434059,2.985918932932737e-05,0.0
