arm,tpot_ms,cdf
1: no_redirect,0.000000000,0.001666667
1: no_redirect,0.000000000,0.003333333
1: no_redirect,0.000000000,0.005000000
1: no_redirect,0.000000000,0.006666667
1: no_redirect,0.000000000,0.008333333
1: no_redirect,0.000000000,0.010000000
1: no_redirect,19.173186000,0.011666667
1: no_redirect,19.591564000,0.013333333
1: no_redirect,20.427472000,0.015000000
1: no_redirect,20.522004000,0.016666667
1: no_redirect,20.805959000,0.018333333
1: no_redirect,20.823120000,0.020000000
1: no_redirect,21.441854000,0.021666667
1: no_redirect,21.491073000,0.023333333
1: no_redirect,22.395198000,0.025000000
1: no_redirect,22.432205000,0.026666667
1: no_redirect,22.587286000,0.028333333
1: no_redirect,22.692315000,0.030000000
1: no_redirect,22.837954000,0.031666667
1: no_redirect,22.877035000,0.033333333
1: no_redirect,23.116198000,0.035000000
1: no_redirect,23.215646000,0.036666667
1: no_redirect,23.389419000,0.038333333
1: no_redirect,23.390308000,0.040000000
1: no_redirect,23.409430000,0.041666667
1: no_redirect,23.773201000,0.043333333
1: no_redirect,23.872353000,0.045000000
1: no_redirect,23.971180000,0.046666667
1: no_redirect,23.980110000,0.048333333
1: no_redirect,24.065983000,0.050000000
1: no_redirect,24.207229000,0.051666667
1: no_redirect,24.381754000,0.053333333
1: no_redirect,24.643556000,0.055000000
1: no_redirect,24.796920000,0.056666667
1: no_redirect,24.907931000,0.058333333
1: no_redirect,24.937553000,0.060000000
1: no_redirect,24.949152000,0.061666667
1: no_redirect,25.086660000,0.063333333
1: no_redirect,25.137694000,0.065000000
1: no_redirect,25.236879000,0.066666667
1: no_redirect,25.751714000,0.068333333
1: no_redirect,25.888003000,0.070000000
1: no_redirect,25.901794000,0.071666667
1: no_redirect,25.931895000,0.073333333
1: no_redirect,26.100432000,0.075000000
1: no_redirect,26.102680000,0.076666667
1: no_redirect,26.148716000,0.078333333
1: no_redirect,26.332990000,0.080000000
1: no_redirect,26.334547000,0.081666667
1: no_redirect,26.347470000,0.083333333
1: no_redirect,26.486036000,0.085000000
1: no_redirect,26.751374000,0.086666667
1: no_redirect,26.781837000,0.088333333
1: no_redirect,26.784105000,0.090000000
1: no_redirect,26.831425000,0.091666667
1: no_redirect,26.945029000,0.093333333
1: no_redirect,27.082819000,0.095000000
1: no_redirect,27.091683000,0.096666667
1: no_redirect,27.160799000,0.098333333
1: no_redirect,27.250126000,0.100000000
1: no_redirect,27.310172000,0.101666667
1: no_redirect,27.328834000,0.103333333
1: no_redirect,27.454195000,0.105000000
1: no_redirect,27.467710000,0.106666667
1: no_redirect,27.742997000,0.108333333
1: no_redirect,27.763833000,0.110000000
1: no_redirect,27.869267000,0.111666667
1: no_redirect,27.889404000,0.113333333
1: no_redirect,27.909532000,0.115000000
1: no_redirect,27.926926000,0.116666667
1: no_redirect,28.004367000,0.118333333
1: no_redirect,28.100674000,0.120000000
1: no_redirect,28.114046000,0.121666667
1: no_redirect,28.123518000,0.123333333
1: no_redirect,28.150873000,0.125000000
1: no_redirect,28.187977000,0.126666667
1: no_redirect,28.265647000,0.128333333
1: no_redirect,28.413013000,0.130000000
1: no_redirect,28.418188000,0.131666667
1: no_redirect,28.425802000,0.133333333
1: no_redirect,28.483592000,0.135000000
1: no_redirect,28.539993000,0.136666667
1: no_redirect,28.613250000,0.138333333
1: no_redirect,28.707037000,0.140000000
1: no_redirect,28.734442000,0.141666667
1: no_redirect,28.791869000,0.143333333
1: no_redirect,28.818673000,0.145000000
1: no_redirect,28.842375000,0.146666667
1: no_redirect,28.862213000,0.148333333
1: no_redirect,28.949886000,0.150000000
1: no_redirect,28.982781000,0.151666667
1: no_redirect,29.096666000,0.153333333
1: no_redirect,29.102906000,0.155000000
1: no_redirect,29.334690000,0.156666667
1: no_redirect,29.439706000,0.158333333
1: no_redirect,29.442576000,0.160000000
1: no_redirect,29.449252000,0.161666667
1: no_redirect,29.568770000,0.163333333
1: no_redirect,29.620587000,0.165000000
1: no_redirect,29.621238000,0.166666667
1: no_redirect,29.745698000,0.168333333
1: no_redirect,29.899673000,0.170000000
1: no_redirect,29.975905000,0.171666667
1: no_redirect,30.111589000,0.173333333
1: no_redirect,30.207220000,0.175000000
1: no_redirect,30.246072000,0.176666667
1: no_redirect,30.328638000,0.178333333
1: no_redirect,30.376499000,0.180000000
1: no_redirect,30.481108000,0.181666667
1: no_redirect,30.494234000,0.183333333
1: no_redirect,30.667836000,0.185000000
1: no_redirect,30.700615000,0.186666667
1: no_redirect,30.743114000,0.188333333
1: no_redirect,30.743147000,0.190000000
1: no_redirect,30.847347000,0.191666667
1: no_redirect,30.917310000,0.193333333
1: no_redirect,30.981361000,0.195000000
1: no_redirect,31.002395000,0.196666667
1: no_redirect,31.004817000,0.198333333
1: no_redirect,31.131047000,0.200000000
1: no_redirect,31.160131000,0.201666667
1: no_redirect,31.215834000,0.203333333
1: no_redirect,31.244216000,0.205000000
1: no_redirect,31.255075000,0.206666667
1: no_redirect,31.305769000,0.208333333
1: no_redirect,31.491122000,0.210000000
1: no_redirect,31.501119000,0.211666667
1: no_redirect,31.519853000,0.213333333
1: no_redirect,31.526490000,0.215000000
1: no_redirect,31.566136000,0.216666667
1: no_redirect,31.600467000,0.218333333
1: no_redirect,31.611649000,0.220000000
1: no_redirect,31.615401000,0.221666667
1: no_redirect,31.736226000,0.223333333
1: no_redirect,31.745530000,0.225000000
1: no_redirect,31.767795000,0.226666667
1: no_redirect,31.800482000,0.228333333
1: no_redirect,31.887599000,0.230000000
1: no_redirect,31.897755000,0.231666667
1: no_redirect,31.975794000,0.233333333
1: no_redirect,32.154697000,0.235000000
1: no_redirect,32.273089000,0.236666667
1: no_redirect,32.688016000,0.238333333
1: no_redirect,32.703058000,0.240000000
1: no_redirect,32.763866000,0.241666667
1: no_redirect,32.855412000,0.243333333
1: no_redirect,32.911273000,0.245000000
1: no_redirect,32.916825000,0.246666667
1: no_redirect,32.918591000,0.248333333
1: no_redirect,32.958856000,0.250000000
1: no_redirect,33.106478000,0.251666667
1: no_redirect,33.233458000,0.253333333
1: no_redirect,33.461219000,0.255000000
1: no_redirect,33.540279000,0.256666667
1: no_redirect,33.585680000,0.258333333
1: no_redirect,33.644768000,0.260000000
1: no_redirect,33.659989000,0.261666667
1: no_redirect,33.803746000,0.263333333
1: no_redirect,33.893476000,0.265000000
1: no_redirect,33.943648000,0.266666667
1: no_redirect,33.994094000,0.268333333
1: no_redirect,34.010639000,0.270000000
1: no_redirect,34.122718000,0.271666667
1: no_redirect,34.226369000,0.273333333
1: no_redirect,34.315967000,0.275000000
1: no_redirect,34.360548000,0.276666667
1: no_redirect,34.374389000,0.278333333
1: no_redirect,34.471493000,0.280000000
1: no_redirect,34.547611000,0.281666667
1: no_redirect,34.588048000,0.283333333
1: no_redirect,34.623428000,0.285000000
1: no_redirect,34.840413000,0.286666667
1: no_redirect,34.891078000,0.288333333
1: no_redirect,35.042397000,0.290000000
1: no_redirect,35.133629000,0.291666667
1: no_redirect,35.153521000,0.293333333
1: no_redirect,35.211640000,0.295000000
1: no_redirect,35.238484000,0.296666667
1: no_redirect,35.270185000,0.298333333
1: no_redirect,35.295514000,0.300000000
1: no_redirect,35.338576000,0.301666667
1: no_redirect,35.384533000,0.303333333
1: no_redirect,35.398707000,0.305000000
1: no_redirect,35.401195000,0.306666667
1: no_redirect,35.415560000,0.308333333
1: no_redirect,35.565794000,0.310000000
1: no_redirect,35.583127000,0.311666667
1: no_redirect,35.603271000,0.313333333
1: no_redirect,35.658017000,0.315000000
1: no_redirect,35.698196000,0.316666667
1: no_redirect,35.727999000,0.318333333
1: no_redirect,35.787716000,0.320000000
1: no_redirect,35.811724000,0.321666667
1: no_redirect,35.821531000,0.323333333
1: no_redirect,35.928029000,0.325000000
1: no_redirect,36.006826000,0.326666667
1: no_redirect,36.029478000,0.328333333
1: no_redirect,36.037728000,0.330000000
1: no_redirect,36.052667000,0.331666667
1: no_redirect,36.083538000,0.333333333
1: no_redirect,36.108895000,0.335000000
1: no_redirect,36.117436000,0.336666667
1: no_redirect,36.131620000,0.338333333
1: no_redirect,36.185694000,0.340000000
1: no_redirect,36.240951000,0.341666667
1: no_redirect,36.285571000,0.343333333
1: no_redirect,36.287791000,0.345000000
1: no_redirect,36.439859000,0.346666667
1: no_redirect,36.442677000,0.348333333
1: no_redirect,36.478507000,0.350000000
1: no_redirect,36.520044000,0.351666667
1: no_redirect,36.574276000,0.353333333
1: no_redirect,36.626987000,0.355000000
1: no_redirect,36.670543000,0.356666667
1: no_redirect,36.774270000,0.358333333
1: no_redirect,36.855309000,0.360000000
1: no_redirect,36.949815000,0.361666667
1: no_redirect,36.955369000,0.363333333
1: no_redirect,37.010891000,0.365000000
1: no_redirect,37.073570000,0.366666667
1: no_redirect,37.075388000,0.368333333
1: no_redirect,37.115621000,0.370000000
1: no_redirect,37.124398000,0.371666667
1: no_redirect,37.152603000,0.373333333
1: no_redirect,37.199900000,0.375000000
1: no_redirect,37.243711000,0.376666667
1: no_redirect,37.277160000,0.378333333
1: no_redirect,37.293066000,0.380000000
1: no_redirect,37.324414000,0.381666667
1: no_redirect,37.378056000,0.383333333
1: no_redirect,37.414182000,0.385000000
1: no_redirect,37.435400000,0.386666667
1: no_redirect,37.439558000,0.388333333
1: no_redirect,37.502480000,0.390000000
1: no_redirect,37.505308000,0.391666667
1: no_redirect,37.530204000,0.393333333
1: no_redirect,37.530960000,0.395000000
1: no_redirect,37.547560000,0.396666667
1: no_redirect,37.550414000,0.398333333
1: no_redirect,37.616282000,0.400000000
1: no_redirect,37.623507000,0.401666667
1: no_redirect,37.655983000,0.403333333
1: no_redirect,37.656240000,0.405000000
1: no_redirect,37.676071000,0.406666667
1: no_redirect,37.676116000,0.408333333
1: no_redirect,37.694043000,0.410000000
1: no_redirect,37.702323000,0.411666667
1: no_redirect,37.723435000,0.413333333
1: no_redirect,37.748720000,0.415000000
1: no_redirect,37.761347000,0.416666667
1: no_redirect,37.784371000,0.418333333
1: no_redirect,37.802831000,0.420000000
1: no_redirect,37.835819000,0.421666667
1: no_redirect,37.877716000,0.423333333
1: no_redirect,37.897862000,0.425000000
1: no_redirect,37.919757000,0.426666667
1: no_redirect,37.961572000,0.428333333
1: no_redirect,37.988470000,0.430000000
1: no_redirect,38.032136000,0.431666667
1: no_redirect,38.080571000,0.433333333
1: no_redirect,38.093580000,0.435000000
1: no_redirect,38.113651000,0.436666667
1: no_redirect,38.130290000,0.438333333
1: no_redirect,38.135895000,0.440000000
1: no_redirect,38.196166000,0.441666667
1: no_redirect,38.200197000,0.443333333
1: no_redirect,38.204584000,0.445000000
1: no_redirect,38.220406000,0.446666667
1: no_redirect,38.224461000,0.448333333
1: no_redirect,38.300572000,0.450000000
1: no_redirect,38.334684000,0.451666667
1: no_redirect,38.345386000,0.453333333
1: no_redirect,38.359338000,0.455000000
1: no_redirect,38.370220000,0.456666667
1: no_redirect,38.379112000,0.458333333
1: no_redirect,38.401687000,0.460000000
1: no_redirect,38.430616000,0.461666667
1: no_redirect,38.436539000,0.463333333
1: no_redirect,38.442015000,0.465000000
1: no_redirect,38.442234000,0.466666667
1: no_redirect,38.462145000,0.468333333
1: no_redirect,38.478483000,0.470000000
1: no_redirect,38.496184000,0.471666667
1: no_redirect,38.508640000,0.473333333
1: no_redirect,38.523583000,0.475000000
1: no_redirect,38.573251000,0.476666667
1: no_redirect,38.574316000,0.478333333
1: no_redirect,38.679571000,0.480000000
1: no_redirect,38.694032000,0.481666667
1: no_redirect,38.717922000,0.483333333
1: no_redirect,38.726658000,0.485000000
1: no_redirect,38.745954000,0.486666667
1: no_redirect,38.791866000,0.488333333
1: no_redirect,38.817650000,0.490000000
1: no_redirect,38.819299000,0.491666667
1: no_redirect,38.835749000,0.493333333
1: no_redirect,38.852626000,0.495000000
1: no_redirect,38.869064000,0.496666667
1: no_redirect,38.903944000,0.498333333
1: no_redirect,38.952809000,0.500000000
1: no_redirect,38.969512000,0.501666667
1: no_redirect,39.016944000,0.503333333
1: no_redirect,39.121244000,0.505000000
1: no_redirect,39.152569000,0.506666667
1: no_redirect,39.219838000,0.508333333
1: no_redirect,39.231006000,0.510000000
1: no_redirect,39.268174000,0.511666667
1: no_redirect,39.313027000,0.513333333
1: no_redirect,39.368248000,0.515000000
1: no_redirect,39.400880000,0.516666667
1: no_redirect,39.406287000,0.518333333
1: no_redirect,39.418751000,0.520000000
1: no_redirect,39.425540000,0.521666667
1: no_redirect,39.441403000,0.523333333
1: no_redirect,39.445333000,0.525000000
1: no_redirect,39.508838000,0.526666667
1: no_redirect,39.517165000,0.528333333
1: no_redirect,39.567480000,0.530000000
1: no_redirect,39.614533000,0.531666667
1: no_redirect,39.728255000,0.533333333
1: no_redirect,39.733035000,0.535000000
1: no_redirect,39.742022000,0.536666667
1: no_redirect,39.760467000,0.538333333
1: no_redirect,39.774206000,0.540000000
1: no_redirect,39.780956000,0.541666667
1: no_redirect,39.805373000,0.543333333
1: no_redirect,39.808132000,0.545000000
1: no_redirect,39.845400000,0.546666667
1: no_redirect,39.886387000,0.548333333
1: no_redirect,39.912139000,0.550000000
1: no_redirect,39.961890000,0.551666667
1: no_redirect,40.004128000,0.553333333
1: no_redirect,40.007461000,0.555000000
1: no_redirect,40.204715000,0.556666667
1: no_redirect,40.214292000,0.558333333
1: no_redirect,40.218233000,0.560000000
1: no_redirect,40.224505000,0.561666667
1: no_redirect,40.421607000,0.563333333
1: no_redirect,40.422597000,0.565000000
1: no_redirect,40.433321000,0.566666667
1: no_redirect,40.464227000,0.568333333
1: no_redirect,40.484761000,0.570000000
1: no_redirect,40.606516000,0.571666667
1: no_redirect,40.609670000,0.573333333
1: no_redirect,40.615252000,0.575000000
1: no_redirect,40.616578000,0.576666667
1: no_redirect,40.668272000,0.578333333
1: no_redirect,40.685245000,0.580000000
1: no_redirect,40.762027000,0.581666667
1: no_redirect,40.765756000,0.583333333
1: no_redirect,40.770867000,0.585000000
1: no_redirect,40.786443000,0.586666667
1: no_redirect,40.801558000,0.588333333
1: no_redirect,40.813016000,0.590000000
1: no_redirect,40.820871000,0.591666667
1: no_redirect,40.829578000,0.593333333
1: no_redirect,40.899324000,0.595000000
1: no_redirect,40.901819000,0.596666667
1: no_redirect,40.926614000,0.598333333
1: no_redirect,40.972315000,0.600000000
1: no_redirect,41.003336000,0.601666667
1: no_redirect,41.032265000,0.603333333
1: no_redirect,41.041612000,0.605000000
1: no_redirect,41.052055000,0.606666667
1: no_redirect,41.098352000,0.608333333
1: no_redirect,41.172002000,0.610000000
1: no_redirect,41.239952000,0.611666667
1: no_redirect,41.246623000,0.613333333
1: no_redirect,41.249142000,0.615000000
1: no_redirect,41.259400000,0.616666667
1: no_redirect,41.344378000,0.618333333
1: no_redirect,41.380637000,0.620000000
1: no_redirect,41.409387000,0.621666667
1: no_redirect,41.446892000,0.623333333
1: no_redirect,41.456913000,0.625000000
1: no_redirect,41.477596000,0.626666667
1: no_redirect,41.489151000,0.628333333
1: no_redirect,41.498940000,0.630000000
1: no_redirect,41.504024000,0.631666667
1: no_redirect,41.550069000,0.633333333
1: no_redirect,41.562636000,0.635000000
1: no_redirect,41.594682000,0.636666667
1: no_redirect,41.624974000,0.638333333
1: no_redirect,41.648856000,0.640000000
1: no_redirect,41.650905000,0.641666667
1: no_redirect,41.691105000,0.643333333
1: no_redirect,41.706106000,0.645000000
1: no_redirect,41.710719000,0.646666667
1: no_redirect,41.727019000,0.648333333
1: no_redirect,41.736554000,0.650000000
1: no_redirect,41.787536000,0.651666667
1: no_redirect,41.811783000,0.653333333
1: no_redirect,41.828970000,0.655000000
1: no_redirect,41.862924000,0.656666667
1: no_redirect,41.952625000,0.658333333
1: no_redirect,41.976139000,0.660000000
1: no_redirect,41.985604000,0.661666667
1: no_redirect,41.991679000,0.663333333
1: no_redirect,42.056353000,0.665000000
1: no_redirect,42.072439000,0.666666667
1: no_redirect,42.096867000,0.668333333
1: no_redirect,42.118822000,0.670000000
1: no_redirect,42.129176000,0.671666667
1: no_redirect,42.152752000,0.673333333
1: no_redirect,42.208266000,0.675000000
1: no_redirect,42.255251000,0.676666667
1: no_redirect,42.260446000,0.678333333
1: no_redirect,42.288855000,0.680000000
1: no_redirect,42.388166000,0.681666667
1: no_redirect,42.414442000,0.683333333
1: no_redirect,42.488357000,0.685000000
1: no_redirect,42.555237000,0.686666667
1: no_redirect,42.587769000,0.688333333
1: no_redirect,42.646874000,0.690000000
1: no_redirect,42.647152000,0.691666667
1: no_redirect,42.810543000,0.693333333
1: no_redirect,42.837009000,0.695000000
1: no_redirect,42.913051000,0.696666667
1: no_redirect,43.003843000,0.698333333
1: no_redirect,43.052214000,0.700000000
1: no_redirect,43.084748000,0.701666667
1: no_redirect,43.124321000,0.703333333
1: no_redirect,43.167501000,0.705000000
1: no_redirect,43.186437000,0.706666667
1: no_redirect,43.262216000,0.708333333
1: no_redirect,43.308318000,0.710000000
1: no_redirect,43.328369000,0.711666667
1: no_redirect,43.334666000,0.713333333
1: no_redirect,43.343789000,0.715000000
1: no_redirect,43.369083000,0.716666667
1: no_redirect,43.408083000,0.718333333
1: no_redirect,43.433966000,0.720000000
1: no_redirect,43.446780000,0.721666667
1: no_redirect,43.449234000,0.723333333
1: no_redirect,43.454529000,0.725000000
1: no_redirect,43.457605000,0.726666667
1: no_redirect,43.462754000,0.728333333
1: no_redirect,43.492021000,0.730000000
1: no_redirect,43.588591000,0.731666667
1: no_redirect,43.611256000,0.733333333
1: no_redirect,43.614880000,0.735000000
1: no_redirect,43.624077000,0.736666667
1: no_redirect,43.643678000,0.738333333
1: no_redirect,43.657115000,0.740000000
1: no_redirect,43.670157000,0.741666667
1: no_redirect,43.784373000,0.743333333
1: no_redirect,43.791532000,0.745000000
1: no_redirect,43.862346000,0.746666667
1: no_redirect,43.891691000,0.748333333
1: no_redirect,43.950063000,0.750000000
1: no_redirect,43.955959000,0.751666667
1: no_redirect,43.977111000,0.753333333
1: no_redirect,43.999909000,0.755000000
1: no_redirect,44.009568000,0.756666667
1: no_redirect,44.022226000,0.758333333
1: no_redirect,44.054513000,0.760000000
1: no_redirect,44.258687000,0.761666667
1: no_redirect,44.332702000,0.763333333
1: no_redirect,44.344659000,0.765000000
1: no_redirect,44.362696000,0.766666667
1: no_redirect,44.374413000,0.768333333
1: no_redirect,44.396163000,0.770000000
1: no_redirect,44.575237000,0.771666667
1: no_redirect,44.652928000,0.773333333
1: no_redirect,44.692654000,0.775000000
1: no_redirect,44.708229000,0.776666667
1: no_redirect,44.720921000,0.778333333
1: no_redirect,44.820635000,0.780000000
1: no_redirect,44.870836000,0.781666667
1: no_redirect,44.905203000,0.783333333
1: no_redirect,44.937308000,0.785000000
1: no_redirect,44.945912000,0.786666667
1: no_redirect,44.954056000,0.788333333
1: no_redirect,45.034298000,0.790000000
1: no_redirect,45.050074000,0.791666667
1: no_redirect,45.116368000,0.793333333
1: no_redirect,45.143016000,0.795000000
1: no_redirect,45.215294000,0.796666667
1: no_redirect,45.297658000,0.798333333
1: no_redirect,45.334286000,0.800000000
1: no_redirect,45.432807000,0.801666667
1: no_redirect,45.492109000,0.803333333
1: no_redirect,45.576574000,0.805000000
1: no_redirect,45.679452000,0.806666667
1: no_redirect,45.689414000,0.808333333
1: no_redirect,45.712101000,0.810000000
1: no_redirect,45.727017000,0.811666667
1: no_redirect,45.763734000,0.813333333
1: no_redirect,45.800960000,0.815000000
1: no_redirect,45.827792000,0.816666667
1: no_redirect,45.867392000,0.818333333
1: no_redirect,45.928243000,0.820000000
1: no_redirect,45.949118000,0.821666667
1: no_redirect,46.072163000,0.823333333
1: no_redirect,46.243190000,0.825000000
1: no_redirect,46.252505000,0.826666667
1: no_redirect,46.265908000,0.828333333
1: no_redirect,46.306904000,0.830000000
1: no_redirect,46.380455000,0.831666667
1: no_redirect,46.382448000,0.833333333
1: no_redirect,46.504429000,0.835000000
1: no_redirect,46.516114000,0.836666667
1: no_redirect,46.527036000,0.838333333
1: no_redirect,46.551184000,0.840000000
1: no_redirect,46.712075000,0.841666667
1: no_redirect,46.741745000,0.843333333
1: no_redirect,46.841565000,0.845000000
1: no_redirect,46.959922000,0.846666667
1: no_redirect,46.961470000,0.848333333
1: no_redirect,47.081163000,0.850000000
1: no_redirect,47.123803000,0.851666667
1: no_redirect,47.134825000,0.853333333
1: no_redirect,47.142361000,0.855000000
1: no_redirect,47.351850000,0.856666667
1: no_redirect,47.399356000,0.858333333
1: no_redirect,47.632287000,0.860000000
1: no_redirect,47.779070000,0.861666667
1: no_redirect,47.858630000,0.863333333
1: no_redirect,47.996432000,0.865000000
1: no_redirect,48.061845000,0.866666667
1: no_redirect,48.062602000,0.868333333
1: no_redirect,48.091393000,0.870000000
1: no_redirect,48.171106000,0.871666667
1: no_redirect,48.221069000,0.873333333
1: no_redirect,48.368251000,0.875000000
1: no_redirect,48.424568000,0.876666667
1: no_redirect,48.540091000,0.878333333
1: no_redirect,48.738970000,0.880000000
1: no_redirect,48.888625000,0.881666667
1: no_redirect,49.000845000,0.883333333
1: no_redirect,49.278794000,0.885000000
1: no_redirect,49.367495000,0.886666667
1: no_redirect,49.413131000,0.888333333
1: no_redirect,49.466481000,0.890000000
1: no_redirect,49.561611000,0.891666667
1: no_redirect,49.573029000,0.893333333
1: no_redirect,49.642186000,0.895000000
1: no_redirect,49.740349000,0.896666667
1: no_redirect,49.768522000,0.898333333
1: no_redirect,49.840723000,0.900000000
1: no_redirect,49.947736000,0.901666667
1: no_redirect,50.157109000,0.903333333
1: no_redirect,50.242351000,0.905000000
1: no_redirect,50.461195000,0.906666667
1: no_redirect,50.698845000,0.908333333
1: no_redirect,50.699406000,0.910000000
1: no_redirect,50.802176000,0.911666667
1: no_redirect,50.882692000,0.913333333
1: no_redirect,50.893828000,0.915000000
1: no_redirect,50.908711000,0.916666667
1: no_redirect,51.037732000,0.918333333
1: no_redirect,51.334666000,0.920000000
1: no_redirect,51.723252000,0.921666667
1: no_redirect,51.812167000,0.923333333
1: no_redirect,51.925884000,0.925000000
1: no_redirect,52.071432000,0.926666667
1: no_redirect,52.770380000,0.928333333
1: no_redirect,53.306884000,0.930000000
1: no_redirect,53.516838000,0.931666667
1: no_redirect,53.779042000,0.933333333
1: no_redirect,53.789175000,0.935000000
1: no_redirect,53.790168000,0.936666667
1: no_redirect,54.542685000,0.938333333
1: no_redirect,54.840604000,0.940000000
1: no_redirect,55.706045000,0.941666667
1: no_redirect,55.802841000,0.943333333
1: no_redirect,56.221544000,0.945000000
1: no_redirect,56.488840000,0.946666667
1: no_redirect,57.305040000,0.948333333
1: no_redirect,58.041104000,0.950000000
1: no_redirect,58.555254000,0.951666667
1: no_redirect,58.832827000,0.953333333
1: no_redirect,59.122703000,0.955000000
1: no_redirect,59.529899000,0.956666667
1: no_redirect,59.631596000,0.958333333
1: no_redirect,60.246897000,0.960000000
1: no_redirect,61.027045000,0.961666667
1: no_redirect,62.288048000,0.963333333
1: no_redirect,62.723924000,0.965000000
1: no_redirect,63.157451000,0.966666667
1: no_redirect,63.630984000,0.968333333
1: no_redirect,64.801772000,0.970000000
1: no_redirect,65.036335000,0.971666667
1: no_redirect,66.662881000,0.973333333
1: no_redirect,67.592210000,0.975000000
1: no_redirect,68.362148000,0.976666667
1: no_redirect,75.768753000,0.978333333
1: no_redirect,91.285088000,0.980000000
1: no_redirect,95.894606000,0.981666667
1: no_redirect,102.438049000,0.983333333
1: no_redirect,103.627311000,0.985000000
1: no_redirect,116.455454000,0.986666667
1: no_redirect,116.662426000,0.988333333
1: no_redirect,177.742211000,0.990000000
1: no_redirect,195.273255000,0.991666667
1: no_redirect,222.118842000,0.993333333
1: no_redirect,257.948742000,0.995000000
1: no_redirect,261.176623000,0.996666667
1: no_redirect,268.851773000,0.998333333
1: no_redirect,273.735890000,1.000000000
2: redirect_no_kv,0.000000000,0.001666667
2: redirect_no_kv,0.000000000,0.003333333
2: redirect_no_kv,0.000000000,0.005000000
2: redirect_no_kv,0.000000000,0.006666667
2: redirect_no_kv,0.000000000,0.008333333
2: redirect_no_kv,0.000000000,0.010000000
2: redirect_no_kv,19.173186000,0.011666667
2: redirect_no_kv,19.591564000,0.013333333
2: redirect_no_kv,19.991903000,0.015000000
2: redirect_no_kv,20.349553000,0.016666667
2: redirect_no_kv,20.859765000,0.018333333
2: redirect_no_kv,21.418881000,0.020000000
2: redirect_no_kv,21.584436000,0.021666667
2: redirect_no_kv,21.809277000,0.023333333
2: redirect_no_kv,22.095848000,0.025000000
2: redirect_no_kv,22.587286000,0.026666667
2: redirect_no_kv,22.755237000,0.028333333
2: redirect_no_kv,22.874515000,0.030000000
2: redirect_no_kv,22.877035000,0.031666667
2: redirect_no_kv,23.020478000,0.033333333
2: redirect_no_kv,23.355984000,0.035000000
2: redirect_no_kv,23.574349000,0.036666667
2: redirect_no_kv,23.779700000,0.038333333
2: redirect_no_kv,23.814075000,0.040000000
2: redirect_no_kv,23.860722000,0.041666667
2: redirect_no_kv,23.980110000,0.043333333
2: redirect_no_kv,24.102975000,0.045000000
2: redirect_no_kv,24.210470000,0.046666667
2: redirect_no_kv,24.328615000,0.048333333
2: redirect_no_kv,24.543533000,0.050000000
2: redirect_no_kv,24.791069000,0.051666667
2: redirect_no_kv,24.947157000,0.053333333
2: redirect_no_kv,25.137694000,0.055000000
2: redirect_no_kv,25.371741000,0.056666667
2: redirect_no_kv,25.404606000,0.058333333
2: redirect_no_kv,25.640467000,0.060000000
2: redirect_no_kv,25.770329000,0.061666667
2: redirect_no_kv,26.093638000,0.063333333
2: redirect_no_kv,26.406108000,0.065000000
2: redirect_no_kv,26.812657000,0.066666667
2: redirect_no_kv,26.914567000,0.068333333
2: redirect_no_kv,27.010548000,0.070000000
2: redirect_no_kv,27.036953000,0.071666667
2: redirect_no_kv,27.064003000,0.073333333
2: redirect_no_kv,27.348561000,0.075000000
2: redirect_no_kv,27.384397000,0.076666667
2: redirect_no_kv,27.493767000,0.078333333
2: redirect_no_kv,27.552700000,0.080000000
2: redirect_no_kv,27.561948000,0.081666667
2: redirect_no_kv,27.631559000,0.083333333
2: redirect_no_kv,27.688466000,0.085000000
2: redirect_no_kv,27.829717000,0.086666667
2: redirect_no_kv,27.931115000,0.088333333
2: redirect_no_kv,28.026166000,0.090000000
2: redirect_no_kv,28.509530000,0.091666667
2: redirect_no_kv,28.572988000,0.093333333
2: redirect_no_kv,28.584100000,0.095000000
2: redirect_no_kv,28.592332000,0.096666667
2: redirect_no_kv,28.614482000,0.098333333
2: redirect_no_kv,28.773070000,0.100000000
2: redirect_no_kv,28.778007000,0.101666667
2: redirect_no_kv,28.793371000,0.103333333
2: redirect_no_kv,28.897400000,0.105000000
2: redirect_no_kv,28.920237000,0.106666667
2: redirect_no_kv,29.006637000,0.108333333
2: redirect_no_kv,29.041285000,0.110000000
2: redirect_no_kv,29.072827000,0.111666667
2: redirect_no_kv,29.145994000,0.113333333
2: redirect_no_kv,29.195306000,0.115000000
2: redirect_no_kv,29.195345000,0.116666667
2: redirect_no_kv,29.196097000,0.118333333
2: redirect_no_kv,29.231241000,0.120000000
2: redirect_no_kv,29.242156000,0.121666667
2: redirect_no_kv,29.283934000,0.123333333
2: redirect_no_kv,29.285712000,0.125000000
2: redirect_no_kv,29.317533000,0.126666667
2: redirect_no_kv,29.406897000,0.128333333
2: redirect_no_kv,29.519203000,0.130000000
2: redirect_no_kv,29.528147000,0.131666667
2: redirect_no_kv,29.575405000,0.133333333
2: redirect_no_kv,29.575757000,0.135000000
2: redirect_no_kv,29.601886000,0.136666667
2: redirect_no_kv,29.624755000,0.138333333
2: redirect_no_kv,29.627859000,0.140000000
2: redirect_no_kv,29.713091000,0.141666667
2: redirect_no_kv,29.785355000,0.143333333
2: redirect_no_kv,29.796387000,0.145000000
2: redirect_no_kv,29.946169000,0.146666667
2: redirect_no_kv,29.968985000,0.148333333
2: redirect_no_kv,30.021852000,0.150000000
2: redirect_no_kv,30.057946000,0.151666667
2: redirect_no_kv,30.080235000,0.153333333
2: redirect_no_kv,30.102733000,0.155000000
2: redirect_no_kv,30.189147000,0.156666667
2: redirect_no_kv,30.376358000,0.158333333
2: redirect_no_kv,30.562537000,0.160000000
2: redirect_no_kv,30.777224000,0.161666667
2: redirect_no_kv,31.322629000,0.163333333
2: redirect_no_kv,31.487838000,0.165000000
2: redirect_no_kv,31.613221000,0.166666667
2: redirect_no_kv,31.708887000,0.168333333
2: redirect_no_kv,31.810793000,0.170000000
2: redirect_no_kv,31.820611000,0.171666667
2: redirect_no_kv,31.854495000,0.173333333
2: redirect_no_kv,32.020749000,0.175000000
2: redirect_no_kv,32.139785000,0.176666667
2: redirect_no_kv,32.648238000,0.178333333
2: redirect_no_kv,32.657037000,0.180000000
2: redirect_no_kv,32.731060000,0.181666667
2: redirect_no_kv,32.918591000,0.183333333
2: redirect_no_kv,32.964189000,0.185000000
2: redirect_no_kv,33.022022000,0.186666667
2: redirect_no_kv,33.045050000,0.188333333
2: redirect_no_kv,33.293122000,0.190000000
2: redirect_no_kv,33.327659000,0.191666667
2: redirect_no_kv,33.363778000,0.193333333
2: redirect_no_kv,33.383398000,0.195000000
2: redirect_no_kv,33.430539000,0.196666667
2: redirect_no_kv,33.634187000,0.198333333
2: redirect_no_kv,33.783690000,0.200000000
2: redirect_no_kv,33.925076000,0.201666667
2: redirect_no_kv,33.988262000,0.203333333
2: redirect_no_kv,34.054548000,0.205000000
2: redirect_no_kv,34.213972000,0.206666667
2: redirect_no_kv,34.394825000,0.208333333
2: redirect_no_kv,34.427489000,0.210000000
2: redirect_no_kv,34.441699000,0.211666667
2: redirect_no_kv,34.697487000,0.213333333
2: redirect_no_kv,34.791752000,0.215000000
2: redirect_no_kv,34.827446000,0.216666667
2: redirect_no_kv,34.860152000,0.218333333
2: redirect_no_kv,34.937278000,0.220000000
2: redirect_no_kv,35.105331000,0.221666667
2: redirect_no_kv,35.140940000,0.223333333
2: redirect_no_kv,35.211640000,0.225000000
2: redirect_no_kv,35.392608000,0.226666667
2: redirect_no_kv,35.420513000,0.228333333
2: redirect_no_kv,35.529524000,0.230000000
2: redirect_no_kv,35.732580000,0.231666667
2: redirect_no_kv,35.839226000,0.233333333
2: redirect_no_kv,35.840805000,0.235000000
2: redirect_no_kv,35.841409000,0.236666667
2: redirect_no_kv,36.024398000,0.238333333
2: redirect_no_kv,36.039030000,0.240000000
2: redirect_no_kv,36.088306000,0.241666667
2: redirect_no_kv,36.118678000,0.243333333
2: redirect_no_kv,36.216612000,0.245000000
2: redirect_no_kv,36.352093000,0.246666667
2: redirect_no_kv,36.362936000,0.248333333
2: redirect_no_kv,36.399226000,0.250000000
2: redirect_no_kv,36.520357000,0.251666667
2: redirect_no_kv,36.553056000,0.253333333
2: redirect_no_kv,36.555463000,0.255000000
2: redirect_no_kv,36.583576000,0.256666667
2: redirect_no_kv,36.636281000,0.258333333
2: redirect_no_kv,36.664411000,0.260000000
2: redirect_no_kv,36.845487000,0.261666667
2: redirect_no_kv,36.860424000,0.263333333
2: redirect_no_kv,37.020851000,0.265000000
2: redirect_no_kv,37.166401000,0.266666667
2: redirect_no_kv,37.178432000,0.268333333
2: redirect_no_kv,37.382547000,0.270000000
2: redirect_no_kv,37.385831000,0.271666667
2: redirect_no_kv,37.513948000,0.273333333
2: redirect_no_kv,37.549661000,0.275000000
2: redirect_no_kv,37.555125000,0.276666667
2: redirect_no_kv,37.715686000,0.278333333
2: redirect_no_kv,37.873139000,0.280000000
2: redirect_no_kv,37.958625000,0.281666667
2: redirect_no_kv,38.082396000,0.283333333
2: redirect_no_kv,38.084879000,0.285000000
2: redirect_no_kv,38.142330000,0.286666667
2: redirect_no_kv,38.194370000,0.288333333
2: redirect_no_kv,38.214321000,0.290000000
2: redirect_no_kv,38.403540000,0.291666667
2: redirect_no_kv,38.462145000,0.293333333
2: redirect_no_kv,38.489817000,0.295000000
2: redirect_no_kv,38.496184000,0.296666667
2: redirect_no_kv,38.573251000,0.298333333
2: redirect_no_kv,38.580268000,0.300000000
2: redirect_no_kv,38.597977000,0.301666667
2: redirect_no_kv,38.620362000,0.303333333
2: redirect_no_kv,38.691972000,0.305000000
2: redirect_no_kv,38.697389000,0.306666667
2: redirect_no_kv,38.725755000,0.308333333
2: redirect_no_kv,38.733377000,0.310000000
2: redirect_no_kv,38.775740000,0.311666667
2: redirect_no_kv,38.791866000,0.313333333
2: redirect_no_kv,38.812954000,0.315000000
2: redirect_no_kv,38.878354000,0.316666667
2: redirect_no_kv,38.986363000,0.318333333
2: redirect_no_kv,39.098814000,0.320000000
2: redirect_no_kv,39.107069000,0.321666667
2: redirect_no_kv,39.111000000,0.323333333
2: redirect_no_kv,39.203751000,0.325000000
2: redirect_no_kv,39.264158000,0.326666667
2: redirect_no_kv,39.269285000,0.328333333
2: redirect_no_kv,39.305098000,0.330000000
2: redirect_no_kv,39.364892000,0.331666667
2: redirect_no_kv,39.457547000,0.333333333
2: redirect_no_kv,39.477467000,0.335000000
2: redirect_no_kv,39.610865000,0.336666667
2: redirect_no_kv,39.655421000,0.338333333
2: redirect_no_kv,39.690637000,0.340000000
2: redirect_no_kv,39.708822000,0.341666667
2: redirect_no_kv,39.718393000,0.343333333
2: redirect_no_kv,39.758125000,0.345000000
2: redirect_no_kv,39.762265000,0.346666667
2: redirect_no_kv,39.763144000,0.348333333
2: redirect_no_kv,39.772456000,0.350000000
2: redirect_no_kv,39.773424000,0.351666667
2: redirect_no_kv,39.781854000,0.353333333
2: redirect_no_kv,39.914285000,0.355000000
2: redirect_no_kv,39.916290000,0.356666667
2: redirect_no_kv,39.936054000,0.358333333
2: redirect_no_kv,39.954075000,0.360000000
2: redirect_no_kv,39.955209000,0.361666667
2: redirect_no_kv,40.016779000,0.363333333
2: redirect_no_kv,40.048629000,0.365000000
2: redirect_no_kv,40.051120000,0.366666667
2: redirect_no_kv,40.076797000,0.368333333
2: redirect_no_kv,40.133972000,0.370000000
2: redirect_no_kv,40.254558000,0.371666667
2: redirect_no_kv,40.284766000,0.373333333
2: redirect_no_kv,40.287120000,0.375000000
2: redirect_no_kv,40.287788000,0.376666667
2: redirect_no_kv,40.300525000,0.378333333
2: redirect_no_kv,40.351779000,0.380000000
2: redirect_no_kv,40.388097000,0.381666667
2: redirect_no_kv,40.419239000,0.383333333
2: redirect_no_kv,40.426867000,0.385000000
2: redirect_no_kv,40.432591000,0.386666667
2: redirect_no_kv,40.526798000,0.388333333
2: redirect_no_kv,40.554871000,0.390000000
2: redirect_no_kv,40.594815000,0.391666667
2: redirect_no_kv,40.596106000,0.393333333
2: redirect_no_kv,40.627993000,0.395000000
2: redirect_no_kv,40.670843000,0.396666667
2: redirect_no_kv,40.678413000,0.398333333
2: redirect_no_kv,40.786634000,0.400000000
2: redirect_no_kv,40.793087000,0.401666667
2: redirect_no_kv,40.808531000,0.403333333
2: redirect_no_kv,40.844200000,0.405000000
2: redirect_no_kv,40.853776000,0.406666667
2: redirect_no_kv,40.854912000,0.408333333
2: redirect_no_kv,40.856233000,0.410000000
2: redirect_no_kv,40.972315000,0.411666667
2: redirect_no_kv,41.029955000,0.413333333
2: redirect_no_kv,41.030382000,0.415000000
2: redirect_no_kv,41.043342000,0.416666667
2: redirect_no_kv,41.152917000,0.418333333
2: redirect_no_kv,41.197970000,0.420000000
2: redirect_no_kv,41.213727000,0.421666667
2: redirect_no_kv,41.226190000,0.423333333
2: redirect_no_kv,41.246493000,0.425000000
2: redirect_no_kv,41.259601000,0.426666667
2: redirect_no_kv,41.287317000,0.428333333
2: redirect_no_kv,41.289297000,0.430000000
2: redirect_no_kv,41.314949000,0.431666667
2: redirect_no_kv,41.336066000,0.433333333
2: redirect_no_kv,41.472862000,0.435000000
2: redirect_no_kv,41.511906000,0.436666667
2: redirect_no_kv,41.523001000,0.438333333
2: redirect_no_kv,41.541984000,0.440000000
2: redirect_no_kv,41.545262000,0.441666667
2: redirect_no_kv,41.579331000,0.443333333
2: redirect_no_kv,41.596471000,0.445000000
2: redirect_no_kv,41.618859000,0.446666667
2: redirect_no_kv,41.641668000,0.448333333
2: redirect_no_kv,41.653391000,0.450000000
2: redirect_no_kv,41.702460000,0.451666667
2: redirect_no_kv,41.716971000,0.453333333
2: redirect_no_kv,41.796004000,0.455000000
2: redirect_no_kv,41.799680000,0.456666667
2: redirect_no_kv,41.823405000,0.458333333
2: redirect_no_kv,41.889211000,0.460000000
2: redirect_no_kv,41.936121000,0.461666667
2: redirect_no_kv,41.976406000,0.463333333
2: redirect_no_kv,41.983792000,0.465000000
2: redirect_no_kv,41.997041000,0.466666667
2: redirect_no_kv,42.051199000,0.468333333
2: redirect_no_kv,42.086647000,0.470000000
2: redirect_no_kv,42.092280000,0.471666667
2: redirect_no_kv,42.101811000,0.473333333
2: redirect_no_kv,42.106391000,0.475000000
2: redirect_no_kv,42.205789000,0.476666667
2: redirect_no_kv,42.216504000,0.478333333
2: redirect_no_kv,42.266552000,0.480000000
2: redirect_no_kv,42.292918000,0.481666667
2: redirect_no_kv,42.330145000,0.483333333
2: redirect_no_kv,42.331401000,0.485000000
2: redirect_no_kv,42.335665000,0.486666667
2: redirect_no_kv,42.356744000,0.488333333
2: redirect_no_kv,42.383225000,0.490000000
2: redirect_no_kv,42.413256000,0.491666667
2: redirect_no_kv,42.445812000,0.493333333
2: redirect_no_kv,42.447059000,0.495000000
2: redirect_no_kv,42.451202000,0.496666667
2: redirect_no_kv,42.502431000,0.498333333
2: redirect_no_kv,42.532940000,0.500000000
2: redirect_no_kv,42.563011000,0.501666667
2: redirect_no_kv,42.636371000,0.503333333
2: redirect_no_kv,42.642175000,0.505000000
2: redirect_no_kv,42.648694000,0.506666667
2: redirect_no_kv,42.649394000,0.508333333
2: redirect_no_kv,42.710808000,0.510000000
2: redirect_no_kv,42.728698000,0.511666667
2: redirect_no_kv,42.877980000,0.513333333
2: redirect_no_kv,42.898102000,0.515000000
2: redirect_no_kv,42.916201000,0.516666667
2: redirect_no_kv,42.934026000,0.518333333
2: redirect_no_kv,42.975630000,0.520000000
2: redirect_no_kv,43.022684000,0.521666667
2: redirect_no_kv,43.037663000,0.523333333
2: redirect_no_kv,43.046433000,0.525000000
2: redirect_no_kv,43.068433000,0.526666667
2: redirect_no_kv,43.089419000,0.528333333
2: redirect_no_kv,43.090656000,0.530000000
2: redirect_no_kv,43.153559000,0.531666667
2: redirect_no_kv,43.207837000,0.533333333
2: redirect_no_kv,43.250536000,0.535000000
2: redirect_no_kv,43.258569000,0.536666667
2: redirect_no_kv,43.314023000,0.538333333
2: redirect_no_kv,43.322889000,0.540000000
2: redirect_no_kv,43.359979000,0.541666667
2: redirect_no_kv,43.365074000,0.543333333
2: redirect_no_kv,43.429184000,0.545000000
2: redirect_no_kv,43.490259000,0.546666667
2: redirect_no_kv,43.496633000,0.548333333
2: redirect_no_kv,43.551037000,0.550000000
2: redirect_no_kv,43.589542000,0.551666667
2: redirect_no_kv,43.607905000,0.553333333
2: redirect_no_kv,43.616382000,0.555000000
2: redirect_no_kv,43.629805000,0.556666667
2: redirect_no_kv,43.649642000,0.558333333
2: redirect_no_kv,43.657115000,0.560000000
2: redirect_no_kv,43.708926000,0.561666667
2: redirect_no_kv,43.785939000,0.563333333
2: redirect_no_kv,43.817432000,0.565000000
2: redirect_no_kv,43.879660000,0.566666667
2: redirect_no_kv,43.888880000,0.568333333
2: redirect_no_kv,43.916583000,0.570000000
2: redirect_no_kv,43.922414000,0.571666667
2: redirect_no_kv,43.941051000,0.573333333
2: redirect_no_kv,44.001546000,0.575000000
2: redirect_no_kv,44.022226000,0.576666667
2: redirect_no_kv,44.077005000,0.578333333
2: redirect_no_kv,44.106375000,0.580000000
2: redirect_no_kv,44.132345000,0.581666667
2: redirect_no_kv,44.173949000,0.583333333
2: redirect_no_kv,44.192979000,0.585000000
2: redirect_no_kv,44.236001000,0.586666667
2: redirect_no_kv,44.324675000,0.588333333
2: redirect_no_kv,44.339477000,0.590000000
2: redirect_no_kv,44.400253000,0.591666667
2: redirect_no_kv,44.442763000,0.593333333
2: redirect_no_kv,44.458377000,0.595000000
2: redirect_no_kv,44.542330000,0.596666667
2: redirect_no_kv,44.554615000,0.598333333
2: redirect_no_kv,44.583254000,0.600000000
2: redirect_no_kv,44.601260000,0.601666667
2: redirect_no_kv,44.668112000,0.603333333
2: redirect_no_kv,44.712810000,0.605000000
2: redirect_no_kv,44.720839000,0.606666667
2: redirect_no_kv,44.734572000,0.608333333
2: redirect_no_kv,44.759939000,0.610000000
2: redirect_no_kv,44.808303000,0.611666667
2: redirect_no_kv,44.903735000,0.613333333
2: redirect_no_kv,44.907520000,0.615000000
2: redirect_no_kv,44.921340000,0.616666667
2: redirect_no_kv,44.974343000,0.618333333
2: redirect_no_kv,45.074585000,0.620000000
2: redirect_no_kv,45.101206000,0.621666667
2: redirect_no_kv,45.111837000,0.623333333
2: redirect_no_kv,45.143756000,0.625000000
2: redirect_no_kv,45.166464000,0.626666667
2: redirect_no_kv,45.213542000,0.628333333
2: redirect_no_kv,45.216802000,0.630000000
2: redirect_no_kv,45.254374000,0.631666667
2: redirect_no_kv,45.274277000,0.633333333
2: redirect_no_kv,45.322727000,0.635000000
2: redirect_no_kv,45.362514000,0.636666667
2: redirect_no_kv,45.407254000,0.638333333
2: redirect_no_kv,45.443167000,0.640000000
2: redirect_no_kv,45.464798000,0.641666667
2: redirect_no_kv,45.566162000,0.643333333
2: redirect_no_kv,45.586584000,0.645000000
2: redirect_no_kv,45.604333000,0.646666667
2: redirect_no_kv,45.629795000,0.648333333
2: redirect_no_kv,45.715050000,0.650000000
2: redirect_no_kv,45.812282000,0.651666667
2: redirect_no_kv,45.863724000,0.653333333
2: redirect_no_kv,45.979329000,0.655000000
2: redirect_no_kv,46.104262000,0.656666667
2: redirect_no_kv,46.109533000,0.658333333
2: redirect_no_kv,46.126372000,0.660000000
2: redirect_no_kv,46.176999000,0.661666667
2: redirect_no_kv,46.193785000,0.663333333
2: redirect_no_kv,46.223602000,0.665000000
2: redirect_no_kv,46.272095000,0.666666667
2: redirect_no_kv,46.287960000,0.668333333
2: redirect_no_kv,46.331558000,0.670000000
2: redirect_no_kv,46.357535000,0.671666667
2: redirect_no_kv,46.364274000,0.673333333
2: redirect_no_kv,46.365963000,0.675000000
2: redirect_no_kv,46.422236000,0.676666667
2: redirect_no_kv,46.431902000,0.678333333
2: redirect_no_kv,46.435757000,0.680000000
2: redirect_no_kv,46.513593000,0.681666667
2: redirect_no_kv,46.520231000,0.683333333
2: redirect_no_kv,46.523978000,0.685000000
2: redirect_no_kv,46.529102000,0.686666667
2: redirect_no_kv,46.530649000,0.688333333
2: redirect_no_kv,46.613668000,0.690000000
2: redirect_no_kv,46.652097000,0.691666667
2: redirect_no_kv,46.708822000,0.693333333
2: redirect_no_kv,46.792988000,0.695000000
2: redirect_no_kv,46.809902000,0.696666667
2: redirect_no_kv,46.833621000,0.698333333
2: redirect_no_kv,46.852772000,0.700000000
2: redirect_no_kv,46.894696000,0.701666667
2: redirect_no_kv,46.922091000,0.703333333
2: redirect_no_kv,46.924906000,0.705000000
2: redirect_no_kv,46.961855000,0.706666667
2: redirect_no_kv,47.048343000,0.708333333
2: redirect_no_kv,47.123803000,0.710000000
2: redirect_no_kv,47.134825000,0.711666667
2: redirect_no_kv,47.135393000,0.713333333
2: redirect_no_kv,47.165198000,0.715000000
2: redirect_no_kv,47.215773000,0.716666667
2: redirect_no_kv,47.226253000,0.718333333
2: redirect_no_kv,47.306907000,0.720000000
2: redirect_no_kv,47.316234000,0.721666667
2: redirect_no_kv,47.345179000,0.723333333
2: redirect_no_kv,47.359942000,0.725000000
2: redirect_no_kv,47.387482000,0.726666667
2: redirect_no_kv,47.390343000,0.728333333
2: redirect_no_kv,47.393551000,0.730000000
2: redirect_no_kv,47.496240000,0.731666667
2: redirect_no_kv,47.512649000,0.733333333
2: redirect_no_kv,47.621272000,0.735000000
2: redirect_no_kv,47.672204000,0.736666667
2: redirect_no_kv,47.872785000,0.738333333
2: redirect_no_kv,47.892708000,0.740000000
2: redirect_no_kv,47.982314000,0.741666667
2: redirect_no_kv,47.998026000,0.743333333
2: redirect_no_kv,48.054915000,0.745000000
2: redirect_no_kv,48.076191000,0.746666667
2: redirect_no_kv,48.126635000,0.748333333
2: redirect_no_kv,48.134399000,0.750000000
2: redirect_no_kv,48.197151000,0.751666667
2: redirect_no_kv,48.233261000,0.753333333
2: redirect_no_kv,48.237243000,0.755000000
2: redirect_no_kv,48.247373000,0.756666667
2: redirect_no_kv,48.267217000,0.758333333
2: redirect_no_kv,48.267279000,0.760000000
2: redirect_no_kv,48.270239000,0.761666667
2: redirect_no_kv,48.270358000,0.763333333
2: redirect_no_kv,48.286445000,0.765000000
2: redirect_no_kv,48.387107000,0.766666667
2: redirect_no_kv,48.391675000,0.768333333
2: redirect_no_kv,48.415461000,0.770000000
2: redirect_no_kv,48.545984000,0.771666667
2: redirect_no_kv,48.670172000,0.773333333
2: redirect_no_kv,48.670472000,0.775000000
2: redirect_no_kv,48.689922000,0.776666667
2: redirect_no_kv,48.707193000,0.778333333
2: redirect_no_kv,48.723433000,0.780000000
2: redirect_no_kv,48.783635000,0.781666667
2: redirect_no_kv,48.833479000,0.783333333
2: redirect_no_kv,48.887583000,0.785000000
2: redirect_no_kv,48.944847000,0.786666667
2: redirect_no_kv,48.966659000,0.788333333
2: redirect_no_kv,49.054068000,0.790000000
2: redirect_no_kv,49.099200000,0.791666667
2: redirect_no_kv,49.150355000,0.793333333
2: redirect_no_kv,49.210627000,0.795000000
2: redirect_no_kv,49.235736000,0.796666667
2: redirect_no_kv,49.385440000,0.798333333
2: redirect_no_kv,49.529535000,0.800000000
2: redirect_no_kv,49.680418000,0.801666667
2: redirect_no_kv,49.895607000,0.803333333
2: redirect_no_kv,50.082349000,0.805000000
2: redirect_no_kv,50.104928000,0.806666667
2: redirect_no_kv,50.173695000,0.808333333
2: redirect_no_kv,50.246888000,0.810000000
2: redirect_no_kv,50.372369000,0.811666667
2: redirect_no_kv,50.383406000,0.813333333
2: redirect_no_kv,50.435648000,0.815000000
2: redirect_no_kv,50.614566000,0.816666667
2: redirect_no_kv,50.724248000,0.818333333
2: redirect_no_kv,50.748842000,0.820000000
2: redirect_no_kv,50.846927000,0.821666667
2: redirect_no_kv,50.874339000,0.823333333
2: redirect_no_kv,50.893828000,0.825000000
2: redirect_no_kv,50.941325000,0.826666667
2: redirect_no_kv,50.966727000,0.828333333
2: redirect_no_kv,50.977453000,0.830000000
2: redirect_no_kv,51.055106000,0.831666667
2: redirect_no_kv,51.074515000,0.833333333
2: redirect_no_kv,51.300285000,0.835000000
2: redirect_no_kv,51.323725000,0.836666667
2: redirect_no_kv,51.355488000,0.838333333
2: redirect_no_kv,51.466641000,0.840000000
2: redirect_no_kv,51.634452000,0.841666667
2: redirect_no_kv,51.700865000,0.843333333
2: redirect_no_kv,51.925429000,0.845000000
2: redirect_no_kv,52.155670000,0.846666667
2: redirect_no_kv,52.165716000,0.848333333
2: redirect_no_kv,52.246628000,0.850000000
2: redirect_no_kv,52.262076000,0.851666667
2: redirect_no_kv,52.399784000,0.853333333
2: redirect_no_kv,52.402724000,0.855000000
2: redirect_no_kv,52.406128000,0.856666667
2: redirect_no_kv,52.411644000,0.858333333
2: redirect_no_kv,52.610953000,0.860000000
2: redirect_no_kv,52.640150000,0.861666667
2: redirect_no_kv,52.643438000,0.863333333
2: redirect_no_kv,52.651542000,0.865000000
2: redirect_no_kv,52.741521000,0.866666667
2: redirect_no_kv,52.994203000,0.868333333
2: redirect_no_kv,53.002273000,0.870000000
2: redirect_no_kv,53.051142000,0.871666667
2: redirect_no_kv,53.430835000,0.873333333
2: redirect_no_kv,53.461765000,0.875000000
2: redirect_no_kv,53.464998000,0.876666667
2: redirect_no_kv,53.479784000,0.878333333
2: redirect_no_kv,53.536451000,0.880000000
2: redirect_no_kv,53.538684000,0.881666667
2: redirect_no_kv,53.559000000,0.883333333
2: redirect_no_kv,53.886483000,0.885000000
2: redirect_no_kv,53.892909000,0.886666667
2: redirect_no_kv,54.024880000,0.888333333
2: redirect_no_kv,54.170226000,0.890000000
2: redirect_no_kv,54.291982000,0.891666667
2: redirect_no_kv,54.321069000,0.893333333
2: redirect_no_kv,54.334570000,0.895000000
2: redirect_no_kv,54.490430000,0.896666667
2: redirect_no_kv,54.627952000,0.898333333
2: redirect_no_kv,54.997643000,0.900000000
2: redirect_no_kv,55.186700000,0.901666667
2: redirect_no_kv,55.450352000,0.903333333
2: redirect_no_kv,55.907942000,0.905000000
2: redirect_no_kv,56.125754000,0.906666667
2: redirect_no_kv,56.272410000,0.908333333
2: redirect_no_kv,56.384883000,0.910000000
2: redirect_no_kv,56.662223000,0.911666667
2: redirect_no_kv,56.883298000,0.913333333
2: redirect_no_kv,56.926867000,0.915000000
2: redirect_no_kv,57.102873000,0.916666667
2: redirect_no_kv,57.124816000,0.918333333
2: redirect_no_kv,57.260933000,0.920000000
2: redirect_no_kv,58.199090000,0.921666667
2: redirect_no_kv,58.253879000,0.923333333
2: redirect_no_kv,58.736979000,0.925000000
2: redirect_no_kv,58.855232000,0.926666667
2: redirect_no_kv,59.044544000,0.928333333
2: redirect_no_kv,59.105579000,0.930000000
2: redirect_no_kv,59.237025000,0.931666667
2: redirect_no_kv,59.631883000,0.933333333
2: redirect_no_kv,59.847910000,0.935000000
2: redirect_no_kv,59.883776000,0.936666667
2: redirect_no_kv,60.306185000,0.938333333
2: redirect_no_kv,61.410989000,0.940000000
2: redirect_no_kv,61.552286000,0.941666667
2: redirect_no_kv,62.649752000,0.943333333
2: redirect_no_kv,63.192894000,0.945000000
2: redirect_no_kv,63.514801000,0.946666667
2: redirect_no_kv,63.565982000,0.948333333
2: redirect_no_kv,64.250545000,0.950000000
2: redirect_no_kv,65.508434000,0.951666667
2: redirect_no_kv,65.606546000,0.953333333
2: redirect_no_kv,65.885068000,0.955000000
2: redirect_no_kv,66.764201000,0.956666667
2: redirect_no_kv,67.652402000,0.958333333
2: redirect_no_kv,67.883633000,0.960000000
2: redirect_no_kv,69.210688000,0.961666667
2: redirect_no_kv,69.342685000,0.963333333
2: redirect_no_kv,70.752254000,0.965000000
2: redirect_no_kv,70.844176000,0.966666667
2: redirect_no_kv,72.850604000,0.968333333
2: redirect_no_kv,74.570576000,0.970000000
2: redirect_no_kv,78.168909000,0.971666667
2: redirect_no_kv,82.244383000,0.973333333
2: redirect_no_kv,84.028929000,0.975000000
2: redirect_no_kv,90.097886000,0.976666667
2: redirect_no_kv,95.894606000,0.978333333
2: redirect_no_kv,98.008593000,0.980000000
2: redirect_no_kv,100.871757000,0.981666667
2: redirect_no_kv,102.438049000,0.983333333
2: redirect_no_kv,114.030517000,0.985000000
2: redirect_no_kv,116.455454000,0.986666667
2: redirect_no_kv,133.232878000,0.988333333
2: redirect_no_kv,133.942688000,0.990000000
2: redirect_no_kv,195.273255000,0.991666667
2: redirect_no_kv,219.452111000,0.993333333
2: redirect_no_kv,222.118842000,0.995000000
2: redirect_no_kv,242.472903000,0.996666667
2: redirect_no_kv,268.851773000,0.998333333
2: redirect_no_kv,273.735890000,1.000000000
3: redirect_kv_nopp,0.000000000,0.001666667
3: redirect_kv_nopp,0.000000000,0.003333333
3: redirect_kv_nopp,0.000000000,0.005000000
3: redirect_kv_nopp,0.000000000,0.006666667
3: redirect_kv_nopp,0.000000000,0.008333333
3: redirect_kv_nopp,0.000000000,0.010000000
3: redirect_kv_nopp,19.173186000,0.011666667
3: redirect_kv_nopp,19.591564000,0.013333333
3: redirect_kv_nopp,21.049361000,0.015000000
3: redirect_kv_nopp,21.487334000,0.016666667
3: redirect_kv_nopp,21.839091000,0.018333333
3: redirect_kv_nopp,21.878197000,0.020000000
3: redirect_kv_nopp,21.924646000,0.021666667
3: redirect_kv_nopp,22.039644000,0.023333333
3: redirect_kv_nopp,22.257501000,0.025000000
3: redirect_kv_nopp,22.406516000,0.026666667
3: redirect_kv_nopp,22.428406000,0.028333333
3: redirect_kv_nopp,22.448756000,0.030000000
3: redirect_kv_nopp,22.507235000,0.031666667
3: redirect_kv_nopp,22.587286000,0.033333333
3: redirect_kv_nopp,22.848574000,0.035000000
3: redirect_kv_nopp,22.877035000,0.036666667
3: redirect_kv_nopp,23.106483000,0.038333333
3: redirect_kv_nopp,23.130179000,0.040000000
3: redirect_kv_nopp,23.313382000,0.041666667
3: redirect_kv_nopp,23.382593000,0.043333333
3: redirect_kv_nopp,23.567839000,0.045000000
3: redirect_kv_nopp,23.579434000,0.046666667
3: redirect_kv_nopp,23.941732000,0.048333333
3: redirect_kv_nopp,23.980110000,0.050000000
3: redirect_kv_nopp,24.109763000,0.051666667
3: redirect_kv_nopp,24.686589000,0.053333333
3: redirect_kv_nopp,24.858639000,0.055000000
3: redirect_kv_nopp,24.911067000,0.056666667
3: redirect_kv_nopp,25.094861000,0.058333333
3: redirect_kv_nopp,25.238804000,0.060000000
3: redirect_kv_nopp,25.306998000,0.061666667
3: redirect_kv_nopp,25.333126000,0.063333333
3: redirect_kv_nopp,25.665222000,0.065000000
3: redirect_kv_nopp,25.940297000,0.066666667
3: redirect_kv_nopp,26.002151000,0.068333333
3: redirect_kv_nopp,26.031349000,0.070000000
3: redirect_kv_nopp,26.196772000,0.071666667
3: redirect_kv_nopp,26.235129000,0.073333333
3: redirect_kv_nopp,26.256681000,0.075000000
3: redirect_kv_nopp,26.349696000,0.076666667
3: redirect_kv_nopp,26.357923000,0.078333333
3: redirect_kv_nopp,26.419344000,0.080000000
3: redirect_kv_nopp,26.430046000,0.081666667
3: redirect_kv_nopp,26.502178000,0.083333333
3: redirect_kv_nopp,26.529683000,0.085000000
3: redirect_kv_nopp,26.551853000,0.086666667
3: redirect_kv_nopp,26.617226000,0.088333333
3: redirect_kv_nopp,26.669499000,0.090000000
3: redirect_kv_nopp,26.710797000,0.091666667
3: redirect_kv_nopp,27.012270000,0.093333333
3: redirect_kv_nopp,27.048852000,0.095000000
3: redirect_kv_nopp,27.103482000,0.096666667
3: redirect_kv_nopp,27.301953000,0.098333333
3: redirect_kv_nopp,27.482748000,0.100000000
3: redirect_kv_nopp,27.487535000,0.101666667
3: redirect_kv_nopp,27.688014000,0.103333333
3: redirect_kv_nopp,27.706045000,0.105000000
3: redirect_kv_nopp,27.835635000,0.106666667
3: redirect_kv_nopp,27.845847000,0.108333333
3: redirect_kv_nopp,27.858022000,0.110000000
3: redirect_kv_nopp,27.878782000,0.111666667
3: redirect_kv_nopp,27.880277000,0.113333333
3: redirect_kv_nopp,27.915891000,0.115000000
3: redirect_kv_nopp,27.933076000,0.116666667
3: redirect_kv_nopp,27.954721000,0.118333333
3: redirect_kv_nopp,28.354555000,0.120000000
3: redirect_kv_nopp,28.412036000,0.121666667
3: redirect_kv_nopp,28.425802000,0.123333333
3: redirect_kv_nopp,28.433327000,0.125000000
3: redirect_kv_nopp,28.450334000,0.126666667
3: redirect_kv_nopp,28.493714000,0.128333333
3: redirect_kv_nopp,28.548685000,0.130000000
3: redirect_kv_nopp,28.553536000,0.131666667
3: redirect_kv_nopp,28.580039000,0.133333333
3: redirect_kv_nopp,28.690708000,0.135000000
3: redirect_kv_nopp,28.761782000,0.136666667
3: redirect_kv_nopp,28.783789000,0.138333333
3: redirect_kv_nopp,28.819646000,0.140000000
3: redirect_kv_nopp,28.949372000,0.141666667
3: redirect_kv_nopp,28.989673000,0.143333333
3: redirect_kv_nopp,28.996239000,0.145000000
3: redirect_kv_nopp,29.056467000,0.146666667
3: redirect_kv_nopp,29.114498000,0.148333333
3: redirect_kv_nopp,29.129616000,0.150000000
3: redirect_kv_nopp,29.280410000,0.151666667
3: redirect_kv_nopp,29.309399000,0.153333333
3: redirect_kv_nopp,29.454067000,0.155000000
3: redirect_kv_nopp,29.508451000,0.156666667
3: redirect_kv_nopp,29.517904000,0.158333333
3: redirect_kv_nopp,29.525024000,0.160000000
3: redirect_kv_nopp,29.551657000,0.161666667
3: redirect_kv_nopp,29.582122000,0.163333333
3: redirect_kv_nopp,29.597998000,0.165000000
3: redirect_kv_nopp,29.604715000,0.166666667
3: redirect_kv_nopp,29.747443000,0.168333333
3: redirect_kv_nopp,29.891968000,0.170000000
3: redirect_kv_nopp,29.893914000,0.171666667
3: redirect_kv_nopp,29.986611000,0.173333333
3: redirect_kv_nopp,30.019962000,0.175000000
3: redirect_kv_nopp,30.056121000,0.176666667
3: redirect_kv_nopp,30.080282000,0.178333333
3: redirect_kv_nopp,30.145091000,0.180000000
3: redirect_kv_nopp,30.190811000,0.181666667
3: redirect_kv_nopp,30.378945000,0.183333333
3: redirect_kv_nopp,30.436409000,0.185000000
3: redirect_kv_nopp,30.557394000,0.186666667
3: redirect_kv_nopp,30.745319000,0.188333333
3: redirect_kv_nopp,30.955202000,0.190000000
3: redirect_kv_nopp,30.965854000,0.191666667
3: redirect_kv_nopp,31.046356000,0.193333333
3: redirect_kv_nopp,31.049137000,0.195000000
3: redirect_kv_nopp,31.156332000,0.196666667
3: redirect_kv_nopp,31.210859000,0.198333333
3: redirect_kv_nopp,31.225199000,0.200000000
3: redirect_kv_nopp,31.292033000,0.201666667
3: redirect_kv_nopp,31.326283000,0.203333333
3: redirect_kv_nopp,31.564320000,0.205000000
3: redirect_kv_nopp,31.674520000,0.206666667
3: redirect_kv_nopp,31.764610000,0.208333333
3: redirect_kv_nopp,31.791961000,0.210000000
3: redirect_kv_nopp,31.847610000,0.211666667
3: redirect_kv_nopp,31.867242000,0.213333333
3: redirect_kv_nopp,31.869071000,0.215000000
3: redirect_kv_nopp,31.895719000,0.216666667
3: redirect_kv_nopp,31.899355000,0.218333333
3: redirect_kv_nopp,31.931914000,0.220000000
3: redirect_kv_nopp,32.042899000,0.221666667
3: redirect_kv_nopp,32.091521000,0.223333333
3: redirect_kv_nopp,32.146641000,0.225000000
3: redirect_kv_nopp,32.317877000,0.226666667
3: redirect_kv_nopp,32.372087000,0.228333333
3: redirect_kv_nopp,32.540334000,0.230000000
3: redirect_kv_nopp,32.580181000,0.231666667
3: redirect_kv_nopp,32.603322000,0.233333333
3: redirect_kv_nopp,32.608229000,0.235000000
3: redirect_kv_nopp,32.731128000,0.236666667
3: redirect_kv_nopp,32.791245000,0.238333333
3: redirect_kv_nopp,32.815796000,0.240000000
3: redirect_kv_nopp,32.852723000,0.241666667
3: redirect_kv_nopp,33.066396000,0.243333333
3: redirect_kv_nopp,33.143792000,0.245000000
3: redirect_kv_nopp,33.255403000,0.246666667
3: redirect_kv_nopp,33.288630000,0.248333333
3: redirect_kv_nopp,33.381914000,0.250000000
3: redirect_kv_nopp,33.387306000,0.251666667
3: redirect_kv_nopp,33.512544000,0.253333333
3: redirect_kv_nopp,33.596760000,0.255000000
3: redirect_kv_nopp,33.659953000,0.256666667
3: redirect_kv_nopp,33.681463000,0.258333333
3: redirect_kv_nopp,33.692413000,0.260000000
3: redirect_kv_nopp,33.756447000,0.261666667
3: redirect_kv_nopp,33.815919000,0.263333333
3: redirect_kv_nopp,33.827593000,0.265000000
3: redirect_kv_nopp,33.906709000,0.266666667
3: redirect_kv_nopp,33.933923000,0.268333333
3: redirect_kv_nopp,34.004856000,0.270000000
3: redirect_kv_nopp,34.028373000,0.271666667
3: redirect_kv_nopp,34.033037000,0.273333333
3: redirect_kv_nopp,34.073228000,0.275000000
3: redirect_kv_nopp,34.105401000,0.276666667
3: redirect_kv_nopp,34.113685000,0.278333333
3: redirect_kv_nopp,34.258273000,0.280000000
3: redirect_kv_nopp,34.276725000,0.281666667
3: redirect_kv_nopp,34.286149000,0.283333333
3: redirect_kv_nopp,34.383310000,0.285000000
3: redirect_kv_nopp,34.473757000,0.286666667
3: redirect_kv_nopp,34.500585000,0.288333333
3: redirect_kv_nopp,34.511584000,0.290000000
3: redirect_kv_nopp,34.521896000,0.291666667
3: redirect_kv_nopp,34.526060000,0.293333333
3: redirect_kv_nopp,34.555419000,0.295000000
3: redirect_kv_nopp,34.574291000,0.296666667
3: redirect_kv_nopp,34.641931000,0.298333333
3: redirect_kv_nopp,34.646029000,0.300000000
3: redirect_kv_nopp,34.752763000,0.301666667
3: redirect_kv_nopp,34.754264000,0.303333333
3: redirect_kv_nopp,34.769625000,0.305000000
3: redirect_kv_nopp,34.841471000,0.306666667
3: redirect_kv_nopp,34.876964000,0.308333333
3: redirect_kv_nopp,34.924314000,0.310000000
3: redirect_kv_nopp,34.964809000,0.311666667
3: redirect_kv_nopp,35.106208000,0.313333333
3: redirect_kv_nopp,35.115698000,0.315000000
3: redirect_kv_nopp,35.127084000,0.316666667
3: redirect_kv_nopp,35.179737000,0.318333333
3: redirect_kv_nopp,35.183649000,0.320000000
3: redirect_kv_nopp,35.211640000,0.321666667
3: redirect_kv_nopp,35.268998000,0.323333333
3: redirect_kv_nopp,35.368061000,0.325000000
3: redirect_kv_nopp,35.445106000,0.326666667
3: redirect_kv_nopp,35.550082000,0.328333333
3: redirect_kv_nopp,35.593871000,0.330000000
3: redirect_kv_nopp,35.698593000,0.331666667
3: redirect_kv_nopp,35.711557000,0.333333333
3: redirect_kv_nopp,35.723035000,0.335000000
3: redirect_kv_nopp,35.758238000,0.336666667
3: redirect_kv_nopp,35.848926000,0.338333333
3: redirect_kv_nopp,35.871581000,0.340000000
3: redirect_kv_nopp,35.879535000,0.341666667
3: redirect_kv_nopp,35.936007000,0.343333333
3: redirect_kv_nopp,36.021309000,0.345000000
3: redirect_kv_nopp,36.032107000,0.346666667
3: redirect_kv_nopp,36.059764000,0.348333333
3: redirect_kv_nopp,36.140687000,0.350000000
3: redirect_kv_nopp,36.188372000,0.351666667
3: redirect_kv_nopp,36.207873000,0.353333333
3: redirect_kv_nopp,36.208753000,0.355000000
3: redirect_kv_nopp,36.234529000,0.356666667
3: redirect_kv_nopp,36.237807000,0.358333333
3: redirect_kv_nopp,36.336965000,0.360000000
3: redirect_kv_nopp,36.348237000,0.361666667
3: redirect_kv_nopp,36.357760000,0.363333333
3: redirect_kv_nopp,36.406324000,0.365000000
3: redirect_kv_nopp,36.427440000,0.366666667
3: redirect_kv_nopp,36.582368000,0.368333333
3: redirect_kv_nopp,36.597794000,0.370000000
3: redirect_kv_nopp,36.681825000,0.371666667
3: redirect_kv_nopp,36.691568000,0.373333333
3: redirect_kv_nopp,36.700723000,0.375000000
3: redirect_kv_nopp,36.770075000,0.376666667
3: redirect_kv_nopp,36.792638000,0.378333333
3: redirect_kv_nopp,36.804415000,0.380000000
3: redirect_kv_nopp,36.811175000,0.381666667
3: redirect_kv_nopp,36.816318000,0.383333333
3: redirect_kv_nopp,36.925575000,0.385000000
3: redirect_kv_nopp,36.929312000,0.386666667
3: redirect_kv_nopp,36.937948000,0.388333333
3: redirect_kv_nopp,36.958587000,0.390000000
3: redirect_kv_nopp,36.988223000,0.391666667
3: redirect_kv_nopp,37.090249000,0.393333333
3: redirect_kv_nopp,37.146359000,0.395000000
3: redirect_kv_nopp,37.163410000,0.396666667
3: redirect_kv_nopp,37.203962000,0.398333333
3: redirect_kv_nopp,37.299734000,0.400000000
3: redirect_kv_nopp,37.305651000,0.401666667
3: redirect_kv_nopp,37.313757000,0.403333333
3: redirect_kv_nopp,37.335636000,0.405000000
3: redirect_kv_nopp,37.362193000,0.406666667
3: redirect_kv_nopp,37.385625000,0.408333333
3: redirect_kv_nopp,37.393787000,0.410000000
3: redirect_kv_nopp,37.403475000,0.411666667
3: redirect_kv_nopp,37.443345000,0.413333333
3: redirect_kv_nopp,37.460979000,0.415000000
3: redirect_kv_nopp,37.503428000,0.416666667
3: redirect_kv_nopp,37.521788000,0.418333333
3: redirect_kv_nopp,37.578182000,0.420000000
3: redirect_kv_nopp,37.587890000,0.421666667
3: redirect_kv_nopp,37.618076000,0.423333333
3: redirect_kv_nopp,37.657413000,0.425000000
3: redirect_kv_nopp,37.665948000,0.426666667
3: redirect_kv_nopp,37.720298000,0.428333333
3: redirect_kv_nopp,37.721232000,0.430000000
3: redirect_kv_nopp,37.743750000,0.431666667
3: redirect_kv_nopp,37.743938000,0.433333333
3: redirect_kv_nopp,37.891800000,0.435000000
3: redirect_kv_nopp,37.892995000,0.436666667
3: redirect_kv_nopp,37.962148000,0.438333333
3: redirect_kv_nopp,37.993829000,0.440000000
3: redirect_kv_nopp,38.020555000,0.441666667
3: redirect_kv_nopp,38.031448000,0.443333333
3: redirect_kv_nopp,38.098150000,0.445000000
3: redirect_kv_nopp,38.100715000,0.446666667
3: redirect_kv_nopp,38.127853000,0.448333333
3: redirect_kv_nopp,38.137147000,0.450000000
3: redirect_kv_nopp,38.206369000,0.451666667
3: redirect_kv_nopp,38.213498000,0.453333333
3: redirect_kv_nopp,38.215901000,0.455000000
3: redirect_kv_nopp,38.225607000,0.456666667
3: redirect_kv_nopp,38.230292000,0.458333333
3: redirect_kv_nopp,38.389645000,0.460000000
3: redirect_kv_nopp,38.437264000,0.461666667
3: redirect_kv_nopp,38.461472000,0.463333333
3: redirect_kv_nopp,38.462145000,0.465000000
3: redirect_kv_nopp,38.493704000,0.466666667
3: redirect_kv_nopp,38.496184000,0.468333333
3: redirect_kv_nopp,38.499424000,0.470000000
3: redirect_kv_nopp,38.537679000,0.471666667
3: redirect_kv_nopp,38.563858000,0.473333333
3: redirect_kv_nopp,38.566926000,0.475000000
3: redirect_kv_nopp,38.573251000,0.476666667
3: redirect_kv_nopp,38.594456000,0.478333333
3: redirect_kv_nopp,38.605597000,0.480000000
3: redirect_kv_nopp,38.648793000,0.481666667
3: redirect_kv_nopp,38.668802000,0.483333333
3: redirect_kv_nopp,38.681027000,0.485000000
3: redirect_kv_nopp,38.705294000,0.486666667
3: redirect_kv_nopp,38.741114000,0.488333333
3: redirect_kv_nopp,38.746401000,0.490000000
3: redirect_kv_nopp,38.791866000,0.491666667
3: redirect_kv_nopp,38.810006000,0.493333333
3: redirect_kv_nopp,38.865360000,0.495000000
3: redirect_kv_nopp,38.885889000,0.496666667
3: redirect_kv_nopp,38.921502000,0.498333333
3: redirect_kv_nopp,38.926927000,0.500000000
3: redirect_kv_nopp,38.946500000,0.501666667
3: redirect_kv_nopp,38.970034000,0.503333333
3: redirect_kv_nopp,38.993074000,0.505000000
3: redirect_kv_nopp,39.014564000,0.506666667
3: redirect_kv_nopp,39.021264000,0.508333333
3: redirect_kv_nopp,39.034063000,0.510000000
3: redirect_kv_nopp,39.039221000,0.511666667
3: redirect_kv_nopp,39.164257000,0.513333333
3: redirect_kv_nopp,39.199660000,0.515000000
3: redirect_kv_nopp,39.210304000,0.516666667
3: redirect_kv_nopp,39.252583000,0.518333333
3: redirect_kv_nopp,39.277392000,0.520000000
3: redirect_kv_nopp,39.328276000,0.521666667
3: redirect_kv_nopp,39.335375000,0.523333333
3: redirect_kv_nopp,39.350007000,0.525000000
3: redirect_kv_nopp,39.352440000,0.526666667
3: redirect_kv_nopp,39.407749000,0.528333333
3: redirect_kv_nopp,39.441405000,0.530000000
3: redirect_kv_nopp,39.465839000,0.531666667
3: redirect_kv_nopp,39.524219000,0.533333333
3: redirect_kv_nopp,39.535729000,0.535000000
3: redirect_kv_nopp,39.565782000,0.536666667
3: redirect_kv_nopp,39.570725000,0.538333333
3: redirect_kv_nopp,39.615555000,0.540000000
3: redirect_kv_nopp,39.635270000,0.541666667
3: redirect_kv_nopp,39.698587000,0.543333333
3: redirect_kv_nopp,39.870526000,0.545000000
3: redirect_kv_nopp,39.872220000,0.546666667
3: redirect_kv_nopp,39.880862000,0.548333333
3: redirect_kv_nopp,39.915669000,0.550000000
3: redirect_kv_nopp,39.934516000,0.551666667
3: redirect_kv_nopp,39.971234000,0.553333333
3: redirect_kv_nopp,39.989724000,0.555000000
3: redirect_kv_nopp,40.032822000,0.556666667
3: redirect_kv_nopp,40.035404000,0.558333333
3: redirect_kv_nopp,40.085369000,0.560000000
3: redirect_kv_nopp,40.126858000,0.561666667
3: redirect_kv_nopp,40.136553000,0.563333333
3: redirect_kv_nopp,40.140461000,0.565000000
3: redirect_kv_nopp,40.153204000,0.566666667
3: redirect_kv_nopp,40.168156000,0.568333333
3: redirect_kv_nopp,40.220767000,0.570000000
3: redirect_kv_nopp,40.285887000,0.571666667
3: redirect_kv_nopp,40.310089000,0.573333333
3: redirect_kv_nopp,40.360740000,0.575000000
3: redirect_kv_nopp,40.410090000,0.576666667
3: redirect_kv_nopp,40.425090000,0.578333333
3: redirect_kv_nopp,40.508316000,0.580000000
3: redirect_kv_nopp,40.588219000,0.581666667
3: redirect_kv_nopp,40.611202000,0.583333333
3: redirect_kv_nopp,40.625871000,0.585000000
3: redirect_kv_nopp,40.669390000,0.586666667
3: redirect_kv_nopp,40.719747000,0.588333333
3: redirect_kv_nopp,40.723813000,0.590000000
3: redirect_kv_nopp,40.737845000,0.591666667
3: redirect_kv_nopp,40.737873000,0.593333333
3: redirect_kv_nopp,40.789454000,0.595000000
3: redirect_kv_nopp,40.822096000,0.596666667
3: redirect_kv_nopp,40.906900000,0.598333333
3: redirect_kv_nopp,40.913332000,0.600000000
3: redirect_kv_nopp,40.972315000,0.601666667
3: redirect_kv_nopp,41.012745000,0.603333333
3: redirect_kv_nopp,41.028460000,0.605000000
3: redirect_kv_nopp,41.064103000,0.606666667
3: redirect_kv_nopp,41.067519000,0.608333333
3: redirect_kv_nopp,41.104819000,0.610000000
3: redirect_kv_nopp,41.127028000,0.611666667
3: redirect_kv_nopp,41.210605000,0.613333333
3: redirect_kv_nopp,41.222198000,0.615000000
3: redirect_kv_nopp,41.230387000,0.616666667
3: redirect_kv_nopp,41.236739000,0.618333333
3: redirect_kv_nopp,41.258396000,0.620000000
3: redirect_kv_nopp,41.261840000,0.621666667
3: redirect_kv_nopp,41.288266000,0.623333333
3: redirect_kv_nopp,41.297677000,0.625000000
3: redirect_kv_nopp,41.299851000,0.626666667
3: redirect_kv_nopp,41.337193000,0.628333333
3: redirect_kv_nopp,41.365619000,0.630000000
3: redirect_kv_nopp,41.396103000,0.631666667
3: redirect_kv_nopp,41.399007000,0.633333333
3: redirect_kv_nopp,41.407201000,0.635000000
3: redirect_kv_nopp,41.509328000,0.636666667
3: redirect_kv_nopp,41.520124000,0.638333333
3: redirect_kv_nopp,41.520821000,0.640000000
3: redirect_kv_nopp,41.535347000,0.641666667
3: redirect_kv_nopp,41.539304000,0.643333333
3: redirect_kv_nopp,41.544927000,0.645000000
3: redirect_kv_nopp,41.624778000,0.646666667
3: redirect_kv_nopp,41.672003000,0.648333333
3: redirect_kv_nopp,41.682667000,0.650000000
3: redirect_kv_nopp,41.714918000,0.651666667
3: redirect_kv_nopp,41.754332000,0.653333333
3: redirect_kv_nopp,41.794093000,0.655000000
3: redirect_kv_nopp,41.864783000,0.656666667
3: redirect_kv_nopp,41.899583000,0.658333333
3: redirect_kv_nopp,41.944642000,0.660000000
3: redirect_kv_nopp,41.945506000,0.661666667
3: redirect_kv_nopp,42.002977000,0.663333333
3: redirect_kv_nopp,42.016146000,0.665000000
3: redirect_kv_nopp,42.049810000,0.666666667
3: redirect_kv_nopp,42.137495000,0.668333333
3: redirect_kv_nopp,42.296119000,0.670000000
3: redirect_kv_nopp,42.366180000,0.671666667
3: redirect_kv_nopp,42.418523000,0.673333333
3: redirect_kv_nopp,42.450445000,0.675000000
3: redirect_kv_nopp,42.566083000,0.676666667
3: redirect_kv_nopp,42.603126000,0.678333333
3: redirect_kv_nopp,42.679936000,0.680000000
3: redirect_kv_nopp,42.703310000,0.681666667
3: redirect_kv_nopp,42.745554000,0.683333333
3: redirect_kv_nopp,42.777546000,0.685000000
3: redirect_kv_nopp,42.810453000,0.686666667
3: redirect_kv_nopp,42.810542000,0.688333333
3: redirect_kv_nopp,42.892191000,0.690000000
3: redirect_kv_nopp,42.943767000,0.691666667
3: redirect_kv_nopp,43.018619000,0.693333333
3: redirect_kv_nopp,43.116507000,0.695000000
3: redirect_kv_nopp,43.148773000,0.696666667
3: redirect_kv_nopp,43.175730000,0.698333333
3: redirect_kv_nopp,43.245176000,0.700000000
3: redirect_kv_nopp,43.262413000,0.701666667
3: redirect_kv_nopp,43.318717000,0.703333333
3: redirect_kv_nopp,43.394985000,0.705000000
3: redirect_kv_nopp,43.409193000,0.706666667
3: redirect_kv_nopp,43.420668000,0.708333333
3: redirect_kv_nopp,43.429127000,0.710000000
3: redirect_kv_nopp,43.448050000,0.711666667
3: redirect_kv_nopp,43.453410000,0.713333333
3: redirect_kv_nopp,43.517477000,0.715000000
3: redirect_kv_nopp,43.620950000,0.716666667
3: redirect_kv_nopp,43.634639000,0.718333333
3: redirect_kv_nopp,43.655719000,0.720000000
3: redirect_kv_nopp,43.657115000,0.721666667
3: redirect_kv_nopp,43.687328000,0.723333333
3: redirect_kv_nopp,43.707350000,0.725000000
3: redirect_kv_nopp,43.729100000,0.726666667
3: redirect_kv_nopp,43.737873000,0.728333333
3: redirect_kv_nopp,43.859931000,0.730000000
3: redirect_kv_nopp,43.906811000,0.731666667
3: redirect_kv_nopp,43.954418000,0.733333333
3: redirect_kv_nopp,43.985340000,0.735000000
3: redirect_kv_nopp,43.987017000,0.736666667
3: redirect_kv_nopp,44.022226000,0.738333333
3: redirect_kv_nopp,44.048408000,0.740000000
3: redirect_kv_nopp,44.056613000,0.741666667
3: redirect_kv_nopp,44.067225000,0.743333333
3: redirect_kv_nopp,44.089116000,0.745000000
3: redirect_kv_nopp,44.142715000,0.746666667
3: redirect_kv_nopp,44.236296000,0.748333333
3: redirect_kv_nopp,44.265196000,0.750000000
3: redirect_kv_nopp,44.340208000,0.751666667
3: redirect_kv_nopp,44.498264000,0.753333333
3: redirect_kv_nopp,44.501472000,0.755000000
3: redirect_kv_nopp,44.530688000,0.756666667
3: redirect_kv_nopp,44.595540000,0.758333333
3: redirect_kv_nopp,44.605389000,0.760000000
3: redirect_kv_nopp,44.606379000,0.761666667
3: redirect_kv_nopp,44.625496000,0.763333333
3: redirect_kv_nopp,44.686869000,0.765000000
3: redirect_kv_nopp,44.694869000,0.766666667
3: redirect_kv_nopp,44.747624000,0.768333333
3: redirect_kv_nopp,44.888291000,0.770000000
3: redirect_kv_nopp,44.925616000,0.771666667
3: redirect_kv_nopp,44.928768000,0.773333333
3: redirect_kv_nopp,44.955061000,0.775000000
3: redirect_kv_nopp,45.001275000,0.776666667
3: redirect_kv_nopp,45.045576000,0.778333333
3: redirect_kv_nopp,45.091771000,0.780000000
3: redirect_kv_nopp,45.116575000,0.781666667
3: redirect_kv_nopp,45.251586000,0.783333333
3: redirect_kv_nopp,45.341484000,0.785000000
3: redirect_kv_nopp,45.347246000,0.786666667
3: redirect_kv_nopp,45.428261000,0.788333333
3: redirect_kv_nopp,45.443378000,0.790000000
3: redirect_kv_nopp,45.468543000,0.791666667
3: redirect_kv_nopp,45.617918000,0.793333333
3: redirect_kv_nopp,45.653685000,0.795000000
3: redirect_kv_nopp,45.661513000,0.796666667
3: redirect_kv_nopp,45.687119000,0.798333333
3: redirect_kv_nopp,45.703093000,0.800000000
3: redirect_kv_nopp,45.727017000,0.801666667
3: redirect_kv_nopp,45.737995000,0.803333333
3: redirect_kv_nopp,45.764164000,0.805000000
3: redirect_kv_nopp,45.787253000,0.806666667
3: redirect_kv_nopp,45.803798000,0.808333333
3: redirect_kv_nopp,45.874724000,0.810000000
3: redirect_kv_nopp,45.919410000,0.811666667
3: redirect_kv_nopp,45.961360000,0.813333333
3: redirect_kv_nopp,45.992248000,0.815000000
3: redirect_kv_nopp,46.086220000,0.816666667
3: redirect_kv_nopp,46.091366000,0.818333333
3: redirect_kv_nopp,46.244407000,0.820000000
3: redirect_kv_nopp,46.280170000,0.821666667
3: redirect_kv_nopp,46.335180000,0.823333333
3: redirect_kv_nopp,46.366071000,0.825000000
3: redirect_kv_nopp,46.421848000,0.826666667
3: redirect_kv_nopp,46.482655000,0.828333333
3: redirect_kv_nopp,46.497404000,0.830000000
3: redirect_kv_nopp,46.506816000,0.831666667
3: redirect_kv_nopp,46.530805000,0.833333333
3: redirect_kv_nopp,46.639048000,0.835000000
3: redirect_kv_nopp,46.739679000,0.836666667
3: redirect_kv_nopp,47.123803000,0.838333333
3: redirect_kv_nopp,47.134825000,0.840000000
3: redirect_kv_nopp,47.170290000,0.841666667
3: redirect_kv_nopp,47.173024000,0.843333333
3: redirect_kv_nopp,47.616914000,0.845000000
3: redirect_kv_nopp,47.627246000,0.846666667
3: redirect_kv_nopp,48.006206000,0.848333333
3: redirect_kv_nopp,48.166013000,0.850000000
3: redirect_kv_nopp,48.225752000,0.851666667
3: redirect_kv_nopp,48.258567000,0.853333333
3: redirect_kv_nopp,48.391675000,0.855000000
3: redirect_kv_nopp,48.396607000,0.856666667
3: redirect_kv_nopp,48.448232000,0.858333333
3: redirect_kv_nopp,48.509874000,0.860000000
3: redirect_kv_nopp,48.645389000,0.861666667
3: redirect_kv_nopp,48.707539000,0.863333333
3: redirect_kv_nopp,48.850773000,0.865000000
3: redirect_kv_nopp,48.889940000,0.866666667
3: redirect_kv_nopp,48.895095000,0.868333333
3: redirect_kv_nopp,48.984428000,0.870000000
3: redirect_kv_nopp,49.012395000,0.871666667
3: redirect_kv_nopp,49.052811000,0.873333333
3: redirect_kv_nopp,49.098253000,0.875000000
3: redirect_kv_nopp,49.160759000,0.876666667
3: redirect_kv_nopp,49.197723000,0.878333333
3: redirect_kv_nopp,49.539417000,0.880000000
3: redirect_kv_nopp,49.549938000,0.881666667
3: redirect_kv_nopp,49.895457000,0.883333333
3: redirect_kv_nopp,50.017150000,0.885000000
3: redirect_kv_nopp,50.079924000,0.886666667
3: redirect_kv_nopp,50.137795000,0.888333333
3: redirect_kv_nopp,50.156120000,0.890000000
3: redirect_kv_nopp,50.166409000,0.891666667
3: redirect_kv_nopp,50.428267000,0.893333333
3: redirect_kv_nopp,50.520515000,0.895000000
3: redirect_kv_nopp,50.883401000,0.896666667
3: redirect_kv_nopp,50.893828000,0.898333333
3: redirect_kv_nopp,50.932379000,0.900000000
3: redirect_kv_nopp,50.955493000,0.901666667
3: redirect_kv_nopp,51.016375000,0.903333333
3: redirect_kv_nopp,51.089809000,0.905000000
3: redirect_kv_nopp,51.107662000,0.906666667
3: redirect_kv_nopp,51.153072000,0.908333333
3: redirect_kv_nopp,51.166390000,0.910000000
3: redirect_kv_nopp,51.337241000,0.911666667
3: redirect_kv_nopp,51.449769000,0.913333333
3: redirect_kv_nopp,51.499799000,0.915000000
3: redirect_kv_nopp,51.752768000,0.916666667
3: redirect_kv_nopp,51.854529000,0.918333333
3: redirect_kv_nopp,52.331375000,0.920000000
3: redirect_kv_nopp,52.355947000,0.921666667
3: redirect_kv_nopp,52.530210000,0.923333333
3: redirect_kv_nopp,53.240120000,0.925000000
3: redirect_kv_nopp,53.244127000,0.926666667
3: redirect_kv_nopp,53.312752000,0.928333333
3: redirect_kv_nopp,53.356478000,0.930000000
3: redirect_kv_nopp,53.363734000,0.931666667
3: redirect_kv_nopp,53.375261000,0.933333333
3: redirect_kv_nopp,53.687574000,0.935000000
3: redirect_kv_nopp,53.907510000,0.936666667
3: redirect_kv_nopp,54.209084000,0.938333333
3: redirect_kv_nopp,54.911227000,0.940000000
3: redirect_kv_nopp,55.258635000,0.941666667
3: redirect_kv_nopp,55.737674000,0.943333333
3: redirect_kv_nopp,56.256299000,0.945000000
3: redirect_kv_nopp,56.294802000,0.946666667
3: redirect_kv_nopp,56.716868000,0.948333333
3: redirect_kv_nopp,57.229421000,0.950000000
3: redirect_kv_nopp,57.692167000,0.951666667
3: redirect_kv_nopp,57.948173000,0.953333333
3: redirect_kv_nopp,58.041104000,0.955000000
3: redirect_kv_nopp,58.647588000,0.956666667
3: redirect_kv_nopp,60.696484000,0.958333333
3: redirect_kv_nopp,60.698881000,0.960000000
3: redirect_kv_nopp,63.514801000,0.961666667
3: redirect_kv_nopp,64.017393000,0.963333333
3: redirect_kv_nopp,66.352959000,0.965000000
3: redirect_kv_nopp,66.675255000,0.966666667
3: redirect_kv_nopp,66.989846000,0.968333333
3: redirect_kv_nopp,67.895012000,0.970000000
3: redirect_kv_nopp,69.736940000,0.971666667
3: redirect_kv_nopp,71.180407000,0.973333333
3: redirect_kv_nopp,74.597133000,0.975000000
3: redirect_kv_nopp,75.291739000,0.976666667
3: redirect_kv_nopp,84.599093000,0.978333333
3: redirect_kv_nopp,95.894606000,0.980000000
3: redirect_kv_nopp,95.995086000,0.981666667
3: redirect_kv_nopp,102.438049000,0.983333333
3: redirect_kv_nopp,103.627311000,0.985000000
3: redirect_kv_nopp,114.796693000,0.986666667
3: redirect_kv_nopp,116.455454000,0.988333333
3: redirect_kv_nopp,116.656761000,0.990000000
3: redirect_kv_nopp,117.400968000,0.991666667
3: redirect_kv_nopp,122.534167000,0.993333333
3: redirect_kv_nopp,222.118842000,0.995000000
3: redirect_kv_nopp,268.851773000,0.996666667
3: redirect_kv_nopp,273.735890000,0.998333333
3: redirect_kv_nopp,289.648093000,1.000000000
4: redirect_kv_pp2,0.000000000,0.001666667
4: redirect_kv_pp2,0.000000000,0.003333333
4: redirect_kv_pp2,0.000000000,0.005000000
4: redirect_kv_pp2,0.000000000,0.006666667
4: redirect_kv_pp2,0.000000000,0.008333333
4: redirect_kv_pp2,0.000000000,0.010000000
4: redirect_kv_pp2,24.581902000,0.011666667
4: redirect_kv_pp2,24.970250000,0.013333333
4: redirect_kv_pp2,27.132564000,0.015000000
4: redirect_kv_pp2,27.629825000,0.016666667
4: redirect_kv_pp2,27.862056000,0.018333333
4: redirect_kv_pp2,28.157442000,0.020000000
4: redirect_kv_pp2,28.580951000,0.021666667
4: redirect_kv_pp2,29.053356000,0.023333333
4: redirect_kv_pp2,29.086703000,0.025000000
4: redirect_kv_pp2,29.842614000,0.026666667
4: redirect_kv_pp2,30.277285000,0.028333333
4: redirect_kv_pp2,30.327385000,0.030000000
4: redirect_kv_pp2,30.517584000,0.031666667
4: redirect_kv_pp2,30.759766000,0.033333333
4: redirect_kv_pp2,31.046890000,0.035000000
4: redirect_kv_pp2,31.124503000,0.036666667
4: redirect_kv_pp2,31.293343000,0.038333333
4: redirect_kv_pp2,31.406915000,0.040000000
4: redirect_kv_pp2,32.019103000,0.041666667
4: redirect_kv_pp2,32.130302000,0.043333333
4: redirect_kv_pp2,32.242866000,0.045000000
4: redirect_kv_pp2,32.312308000,0.046666667
4: redirect_kv_pp2,32.459833000,0.048333333
4: redirect_kv_pp2,32.597296000,0.050000000
4: redirect_kv_pp2,32.717252000,0.051666667
4: redirect_kv_pp2,32.754750000,0.053333333
4: redirect_kv_pp2,32.757599000,0.055000000
4: redirect_kv_pp2,32.949726000,0.056666667
4: redirect_kv_pp2,33.186280000,0.058333333
4: redirect_kv_pp2,33.395450000,0.060000000
4: redirect_kv_pp2,33.504385000,0.061666667
4: redirect_kv_pp2,33.569419000,0.063333333
4: redirect_kv_pp2,33.638965000,0.065000000
4: redirect_kv_pp2,33.904563000,0.066666667
4: redirect_kv_pp2,33.956362000,0.068333333
4: redirect_kv_pp2,34.020595000,0.070000000
4: redirect_kv_pp2,34.025634000,0.071666667
4: redirect_kv_pp2,34.396729000,0.073333333
4: redirect_kv_pp2,34.669743000,0.075000000
4: redirect_kv_pp2,34.847485000,0.076666667
4: redirect_kv_pp2,35.324052000,0.078333333
4: redirect_kv_pp2,35.413301000,0.080000000
4: redirect_kv_pp2,35.861389000,0.081666667
4: redirect_kv_pp2,36.157960000,0.083333333
4: redirect_kv_pp2,36.265419000,0.085000000
4: redirect_kv_pp2,36.475432000,0.086666667
4: redirect_kv_pp2,36.602923000,0.088333333
4: redirect_kv_pp2,36.614847000,0.090000000
4: redirect_kv_pp2,36.788788000,0.091666667
4: redirect_kv_pp2,37.137893000,0.093333333
4: redirect_kv_pp2,37.323013000,0.095000000
4: redirect_kv_pp2,37.763077000,0.096666667
4: redirect_kv_pp2,37.763222000,0.098333333
4: redirect_kv_pp2,37.817543000,0.100000000
4: redirect_kv_pp2,38.217867000,0.101666667
4: redirect_kv_pp2,38.360640000,0.103333333
4: redirect_kv_pp2,38.700355000,0.105000000
4: redirect_kv_pp2,38.754966000,0.106666667
4: redirect_kv_pp2,38.867575000,0.108333333
4: redirect_kv_pp2,38.875095000,0.110000000
4: redirect_kv_pp2,39.007039000,0.111666667
4: redirect_kv_pp2,39.011101000,0.113333333
4: redirect_kv_pp2,39.098243000,0.115000000
4: redirect_kv_pp2,39.117151000,0.116666667
4: redirect_kv_pp2,39.168971000,0.118333333
4: redirect_kv_pp2,39.179097000,0.120000000
4: redirect_kv_pp2,39.280873000,0.121666667
4: redirect_kv_pp2,39.317826000,0.123333333
4: redirect_kv_pp2,39.325881000,0.125000000
4: redirect_kv_pp2,39.352873000,0.126666667
4: redirect_kv_pp2,39.361048000,0.128333333
4: redirect_kv_pp2,39.604281000,0.130000000
4: redirect_kv_pp2,39.695431000,0.131666667
4: redirect_kv_pp2,39.968255000,0.133333333
4: redirect_kv_pp2,40.122175000,0.135000000
4: redirect_kv_pp2,40.131934000,0.136666667
4: redirect_kv_pp2,40.305528000,0.138333333
4: redirect_kv_pp2,40.442077000,0.140000000
4: redirect_kv_pp2,40.462159000,0.141666667
4: redirect_kv_pp2,40.724815000,0.143333333
4: redirect_kv_pp2,40.844519000,0.145000000
4: redirect_kv_pp2,40.962836000,0.146666667
4: redirect_kv_pp2,41.053389000,0.148333333
4: redirect_kv_pp2,41.170403000,0.150000000
4: redirect_kv_pp2,41.348014000,0.151666667
4: redirect_kv_pp2,41.454711000,0.153333333
4: redirect_kv_pp2,41.813807000,0.155000000
4: redirect_kv_pp2,41.875441000,0.156666667
4: redirect_kv_pp2,42.170039000,0.158333333
4: redirect_kv_pp2,42.280581000,0.160000000
4: redirect_kv_pp2,42.373785000,0.161666667
4: redirect_kv_pp2,42.500399000,0.163333333
4: redirect_kv_pp2,42.843874000,0.165000000
4: redirect_kv_pp2,42.944062000,0.166666667
4: redirect_kv_pp2,42.961223000,0.168333333
4: redirect_kv_pp2,42.978197000,0.170000000
4: redirect_kv_pp2,42.996113000,0.171666667
4: redirect_kv_pp2,43.259936000,0.173333333
4: redirect_kv_pp2,43.605124000,0.175000000
4: redirect_kv_pp2,43.806635000,0.176666667
4: redirect_kv_pp2,43.906368000,0.178333333
4: redirect_kv_pp2,43.974249000,0.180000000
4: redirect_kv_pp2,44.368613000,0.181666667
4: redirect_kv_pp2,44.450668000,0.183333333
4: redirect_kv_pp2,44.509039000,0.185000000
4: redirect_kv_pp2,44.792268000,0.186666667
4: redirect_kv_pp2,45.204314000,0.188333333
4: redirect_kv_pp2,45.309564000,0.190000000
4: redirect_kv_pp2,45.311425000,0.191666667
4: redirect_kv_pp2,45.401805000,0.193333333
4: redirect_kv_pp2,45.505754000,0.195000000
4: redirect_kv_pp2,45.657278000,0.196666667
4: redirect_kv_pp2,45.868256000,0.198333333
4: redirect_kv_pp2,45.926729000,0.200000000
4: redirect_kv_pp2,46.314337000,0.201666667
4: redirect_kv_pp2,46.575538000,0.203333333
4: redirect_kv_pp2,46.707664000,0.205000000
4: redirect_kv_pp2,46.733369000,0.206666667
4: redirect_kv_pp2,46.934916000,0.208333333
4: redirect_kv_pp2,46.991290000,0.210000000
4: redirect_kv_pp2,47.067872000,0.211666667
4: redirect_kv_pp2,47.473022000,0.213333333
4: redirect_kv_pp2,47.596534000,0.215000000
4: redirect_kv_pp2,47.616598000,0.216666667
4: redirect_kv_pp2,47.705726000,0.218333333
4: redirect_kv_pp2,47.791715000,0.220000000
4: redirect_kv_pp2,47.819381000,0.221666667
4: redirect_kv_pp2,47.871258000,0.223333333
4: redirect_kv_pp2,48.207399000,0.225000000
4: redirect_kv_pp2,48.214026000,0.226666667
4: redirect_kv_pp2,48.217098000,0.228333333
4: redirect_kv_pp2,48.250305000,0.230000000
4: redirect_kv_pp2,48.382608000,0.231666667
4: redirect_kv_pp2,48.432842000,0.233333333
4: redirect_kv_pp2,48.446736000,0.235000000
4: redirect_kv_pp2,48.593285000,0.236666667
4: redirect_kv_pp2,48.671413000,0.238333333
4: redirect_kv_pp2,48.730360000,0.240000000
4: redirect_kv_pp2,48.854658000,0.241666667
4: redirect_kv_pp2,48.865575000,0.243333333
4: redirect_kv_pp2,48.875143000,0.245000000
4: redirect_kv_pp2,48.915878000,0.246666667
4: redirect_kv_pp2,49.036054000,0.248333333
4: redirect_kv_pp2,49.283959000,0.250000000
4: redirect_kv_pp2,49.324994000,0.251666667
4: redirect_kv_pp2,49.535033000,0.253333333
4: redirect_kv_pp2,49.695908000,0.255000000
4: redirect_kv_pp2,49.723973000,0.256666667
4: redirect_kv_pp2,49.768532000,0.258333333
4: redirect_kv_pp2,49.860310000,0.260000000
4: redirect_kv_pp2,49.876001000,0.261666667
4: redirect_kv_pp2,49.908270000,0.263333333
4: redirect_kv_pp2,49.968979000,0.265000000
4: redirect_kv_pp2,50.212313000,0.266666667
4: redirect_kv_pp2,50.404713000,0.268333333
4: redirect_kv_pp2,50.657848000,0.270000000
4: redirect_kv_pp2,50.824955000,0.271666667
4: redirect_kv_pp2,50.841905000,0.273333333
4: redirect_kv_pp2,50.860074000,0.275000000
4: redirect_kv_pp2,51.071647000,0.276666667
4: redirect_kv_pp2,51.111995000,0.278333333
4: redirect_kv_pp2,51.307160000,0.280000000
4: redirect_kv_pp2,51.458631000,0.281666667
4: redirect_kv_pp2,51.531930000,0.283333333
4: redirect_kv_pp2,51.537648000,0.285000000
4: redirect_kv_pp2,51.615761000,0.286666667
4: redirect_kv_pp2,51.620533000,0.288333333
4: redirect_kv_pp2,51.681455000,0.290000000
4: redirect_kv_pp2,51.776428000,0.291666667
4: redirect_kv_pp2,51.919370000,0.293333333
4: redirect_kv_pp2,51.923678000,0.295000000
4: redirect_kv_pp2,52.074756000,0.296666667
4: redirect_kv_pp2,52.168775000,0.298333333
4: redirect_kv_pp2,52.224368000,0.300000000
4: redirect_kv_pp2,52.263066000,0.301666667
4: redirect_kv_pp2,52.566405000,0.303333333
4: redirect_kv_pp2,52.772072000,0.305000000
4: redirect_kv_pp2,52.813514000,0.306666667
4: redirect_kv_pp2,52.833841000,0.308333333
4: redirect_kv_pp2,53.298684000,0.310000000
4: redirect_kv_pp2,53.392081000,0.311666667
4: redirect_kv_pp2,53.407506000,0.313333333
4: redirect_kv_pp2,53.607528000,0.315000000
4: redirect_kv_pp2,53.673859000,0.316666667
4: redirect_kv_pp2,53.717214000,0.318333333
4: redirect_kv_pp2,53.767764000,0.320000000
4: redirect_kv_pp2,53.946923000,0.321666667
4: redirect_kv_pp2,53.974249000,0.323333333
4: redirect_kv_pp2,54.161161000,0.325000000
4: redirect_kv_pp2,54.195738000,0.326666667
4: redirect_kv_pp2,54.444283000,0.328333333
4: redirect_kv_pp2,54.830993000,0.330000000
4: redirect_kv_pp2,55.045828000,0.331666667
4: redirect_kv_pp2,55.164029000,0.333333333
4: redirect_kv_pp2,55.297229000,0.335000000
4: redirect_kv_pp2,55.343723000,0.336666667
4: redirect_kv_pp2,55.559824000,0.338333333
4: redirect_kv_pp2,55.829126000,0.340000000
4: redirect_kv_pp2,56.018326000,0.341666667
4: redirect_kv_pp2,56.048802000,0.343333333
4: redirect_kv_pp2,56.492732000,0.345000000
4: redirect_kv_pp2,56.707623000,0.346666667
4: redirect_kv_pp2,56.791301000,0.348333333
4: redirect_kv_pp2,56.811185000,0.350000000
4: redirect_kv_pp2,56.894175000,0.351666667
4: redirect_kv_pp2,56.935558000,0.353333333
4: redirect_kv_pp2,56.992601000,0.355000000
4: redirect_kv_pp2,57.215230000,0.356666667
4: redirect_kv_pp2,57.260768000,0.358333333
4: redirect_kv_pp2,57.378088000,0.360000000
4: redirect_kv_pp2,57.513915000,0.361666667
4: redirect_kv_pp2,58.088271000,0.363333333
4: redirect_kv_pp2,58.181726000,0.365000000
4: redirect_kv_pp2,58.370633000,0.366666667
4: redirect_kv_pp2,58.421691000,0.368333333
4: redirect_kv_pp2,58.434636000,0.370000000
4: redirect_kv_pp2,58.478453000,0.371666667
4: redirect_kv_pp2,58.529744000,0.373333333
4: redirect_kv_pp2,58.569144000,0.375000000
4: redirect_kv_pp2,58.611204000,0.376666667
4: redirect_kv_pp2,58.614410000,0.378333333
4: redirect_kv_pp2,58.617203000,0.380000000
4: redirect_kv_pp2,58.695997000,0.381666667
4: redirect_kv_pp2,58.711878000,0.383333333
4: redirect_kv_pp2,58.814691000,0.385000000
4: redirect_kv_pp2,58.917032000,0.386666667
4: redirect_kv_pp2,59.008040000,0.388333333
4: redirect_kv_pp2,59.121290000,0.390000000
4: redirect_kv_pp2,59.584205000,0.391666667
4: redirect_kv_pp2,59.724567000,0.393333333
4: redirect_kv_pp2,59.759463000,0.395000000
4: redirect_kv_pp2,59.947964000,0.396666667
4: redirect_kv_pp2,60.238070000,0.398333333
4: redirect_kv_pp2,60.367106000,0.400000000
4: redirect_kv_pp2,60.381600000,0.401666667
4: redirect_kv_pp2,60.527100000,0.403333333
4: redirect_kv_pp2,60.567637000,0.405000000
4: redirect_kv_pp2,60.625085000,0.406666667
4: redirect_kv_pp2,60.666423000,0.408333333
4: redirect_kv_pp2,61.030278000,0.410000000
4: redirect_kv_pp2,61.284157000,0.411666667
4: redirect_kv_pp2,61.284693000,0.413333333
4: redirect_kv_pp2,61.381468000,0.415000000
4: redirect_kv_pp2,61.659747000,0.416666667
4: redirect_kv_pp2,61.663738000,0.418333333
4: redirect_kv_pp2,61.666620000,0.420000000
4: redirect_kv_pp2,61.683796000,0.421666667
4: redirect_kv_pp2,61.837545000,0.423333333
4: redirect_kv_pp2,62.002280000,0.425000000
4: redirect_kv_pp2,62.034751000,0.426666667
4: redirect_kv_pp2,62.034909000,0.428333333
4: redirect_kv_pp2,62.312008000,0.430000000
4: redirect_kv_pp2,62.318131000,0.431666667
4: redirect_kv_pp2,62.488080000,0.433333333
4: redirect_kv_pp2,62.490492000,0.435000000
4: redirect_kv_pp2,62.574298000,0.436666667
4: redirect_kv_pp2,62.926748000,0.438333333
4: redirect_kv_pp2,63.156877000,0.440000000
4: redirect_kv_pp2,63.339987000,0.441666667
4: redirect_kv_pp2,63.348103000,0.443333333
4: redirect_kv_pp2,63.508290000,0.445000000
4: redirect_kv_pp2,64.047348000,0.446666667
4: redirect_kv_pp2,64.229641000,0.448333333
4: redirect_kv_pp2,64.292935000,0.450000000
4: redirect_kv_pp2,64.503012000,0.451666667
4: redirect_kv_pp2,64.577809000,0.453333333
4: redirect_kv_pp2,64.830753000,0.455000000
4: redirect_kv_pp2,65.086501000,0.456666667
4: redirect_kv_pp2,65.213026000,0.458333333
4: redirect_kv_pp2,65.249325000,0.460000000
4: redirect_kv_pp2,65.469350000,0.461666667
4: redirect_kv_pp2,65.767725000,0.463333333
4: redirect_kv_pp2,65.796510000,0.465000000
4: redirect_kv_pp2,66.089449000,0.466666667
4: redirect_kv_pp2,66.134669000,0.468333333
4: redirect_kv_pp2,66.165059000,0.470000000
4: redirect_kv_pp2,66.206876000,0.471666667
4: redirect_kv_pp2,66.529276000,0.473333333
4: redirect_kv_pp2,66.557044000,0.475000000
4: redirect_kv_pp2,66.673203000,0.476666667
4: redirect_kv_pp2,66.724252000,0.478333333
4: redirect_kv_pp2,66.895857000,0.480000000
4: redirect_kv_pp2,66.929004000,0.481666667
4: redirect_kv_pp2,67.240242000,0.483333333
4: redirect_kv_pp2,67.570542000,0.485000000
4: redirect_kv_pp2,67.595320000,0.486666667
4: redirect_kv_pp2,67.830252000,0.488333333
4: redirect_kv_pp2,67.884990000,0.490000000
4: redirect_kv_pp2,67.918299000,0.491666667
4: redirect_kv_pp2,68.052464000,0.493333333
4: redirect_kv_pp2,68.134183000,0.495000000
4: redirect_kv_pp2,68.203197000,0.496666667
4: redirect_kv_pp2,68.256714000,0.498333333
4: redirect_kv_pp2,68.375633000,0.500000000
4: redirect_kv_pp2,68.418997000,0.501666667
4: redirect_kv_pp2,68.963368000,0.503333333
4: redirect_kv_pp2,69.021281000,0.505000000
4: redirect_kv_pp2,69.050509000,0.506666667
4: redirect_kv_pp2,69.053877000,0.508333333
4: redirect_kv_pp2,69.383804000,0.510000000
4: redirect_kv_pp2,69.419467000,0.511666667
4: redirect_kv_pp2,69.433755000,0.513333333
4: redirect_kv_pp2,69.476133000,0.515000000
4: redirect_kv_pp2,69.583694000,0.516666667
4: redirect_kv_pp2,69.644136000,0.518333333
4: redirect_kv_pp2,69.661046000,0.520000000
4: redirect_kv_pp2,69.683310000,0.521666667
4: redirect_kv_pp2,69.691134000,0.523333333
4: redirect_kv_pp2,69.832524000,0.525000000
4: redirect_kv_pp2,69.950358000,0.526666667
4: redirect_kv_pp2,70.114780000,0.528333333
4: redirect_kv_pp2,70.245679000,0.530000000
4: redirect_kv_pp2,70.325664000,0.531666667
4: redirect_kv_pp2,70.388201000,0.533333333
4: redirect_kv_pp2,70.634603000,0.535000000
4: redirect_kv_pp2,71.054897000,0.536666667
4: redirect_kv_pp2,71.132101000,0.538333333
4: redirect_kv_pp2,71.341015000,0.540000000
4: redirect_kv_pp2,71.449281000,0.541666667
4: redirect_kv_pp2,71.739313000,0.543333333
4: redirect_kv_pp2,71.943880000,0.545000000
4: redirect_kv_pp2,71.973930000,0.546666667
4: redirect_kv_pp2,72.009379000,0.548333333
4: redirect_kv_pp2,72.126744000,0.550000000
4: redirect_kv_pp2,72.183223000,0.551666667
4: redirect_kv_pp2,72.419480000,0.553333333
4: redirect_kv_pp2,72.480086000,0.555000000
4: redirect_kv_pp2,72.557839000,0.556666667
4: redirect_kv_pp2,72.612556000,0.558333333
4: redirect_kv_pp2,72.741547000,0.560000000
4: redirect_kv_pp2,72.909530000,0.561666667
4: redirect_kv_pp2,72.927577000,0.563333333
4: redirect_kv_pp2,73.122500000,0.565000000
4: redirect_kv_pp2,73.358156000,0.566666667
4: redirect_kv_pp2,73.446036000,0.568333333
4: redirect_kv_pp2,73.649691000,0.570000000
4: redirect_kv_pp2,73.690334000,0.571666667
4: redirect_kv_pp2,73.708688000,0.573333333
4: redirect_kv_pp2,73.721128000,0.575000000
4: redirect_kv_pp2,73.859100000,0.576666667
4: redirect_kv_pp2,73.966888000,0.578333333
4: redirect_kv_pp2,73.979928000,0.580000000
4: redirect_kv_pp2,74.275344000,0.581666667
4: redirect_kv_pp2,74.280663000,0.583333333
4: redirect_kv_pp2,74.337189000,0.585000000
4: redirect_kv_pp2,74.460905000,0.586666667
4: redirect_kv_pp2,74.872018000,0.588333333
4: redirect_kv_pp2,75.115742000,0.590000000
4: redirect_kv_pp2,75.116843000,0.591666667
4: redirect_kv_pp2,75.203784000,0.593333333
4: redirect_kv_pp2,75.272276000,0.595000000
4: redirect_kv_pp2,75.301037000,0.596666667
4: redirect_kv_pp2,75.526132000,0.598333333
4: redirect_kv_pp2,75.662202000,0.600000000
4: redirect_kv_pp2,75.995787000,0.601666667
4: redirect_kv_pp2,76.289552000,0.603333333
4: redirect_kv_pp2,76.311558000,0.605000000
4: redirect_kv_pp2,76.329904000,0.606666667
4: redirect_kv_pp2,76.468623000,0.608333333
4: redirect_kv_pp2,76.554176000,0.610000000
4: redirect_kv_pp2,76.587661000,0.611666667
4: redirect_kv_pp2,76.643144000,0.613333333
4: redirect_kv_pp2,76.709921000,0.615000000
4: redirect_kv_pp2,76.969332000,0.616666667
4: redirect_kv_pp2,76.987881000,0.618333333
4: redirect_kv_pp2,77.093070000,0.620000000
4: redirect_kv_pp2,77.289906000,0.621666667
4: redirect_kv_pp2,77.355699000,0.623333333
4: redirect_kv_pp2,77.732954000,0.625000000
4: redirect_kv_pp2,77.746092000,0.626666667
4: redirect_kv_pp2,77.791427000,0.628333333
4: redirect_kv_pp2,77.807880000,0.630000000
4: redirect_kv_pp2,78.221880000,0.631666667
4: redirect_kv_pp2,78.277980000,0.633333333
4: redirect_kv_pp2,78.295756000,0.635000000
4: redirect_kv_pp2,78.779705000,0.636666667
4: redirect_kv_pp2,78.788864000,0.638333333
4: redirect_kv_pp2,78.869123000,0.640000000
4: redirect_kv_pp2,78.967850000,0.641666667
4: redirect_kv_pp2,79.224015000,0.643333333
4: redirect_kv_pp2,79.407927000,0.645000000
4: redirect_kv_pp2,79.678461000,0.646666667
4: redirect_kv_pp2,79.871098000,0.648333333
4: redirect_kv_pp2,79.941758000,0.650000000
4: redirect_kv_pp2,79.955876000,0.651666667
4: redirect_kv_pp2,80.004853000,0.653333333
4: redirect_kv_pp2,80.089170000,0.655000000
4: redirect_kv_pp2,80.131102000,0.656666667
4: redirect_kv_pp2,80.317283000,0.658333333
4: redirect_kv_pp2,80.477276000,0.660000000
4: redirect_kv_pp2,80.491212000,0.661666667
4: redirect_kv_pp2,80.713053000,0.663333333
4: redirect_kv_pp2,80.790092000,0.665000000
4: redirect_kv_pp2,81.255845000,0.666666667
4: redirect_kv_pp2,81.660062000,0.668333333
4: redirect_kv_pp2,81.735761000,0.670000000
4: redirect_kv_pp2,81.835473000,0.671666667
4: redirect_kv_pp2,82.411780000,0.673333333
4: redirect_kv_pp2,82.652384000,0.675000000
4: redirect_kv_pp2,82.852587000,0.676666667
4: redirect_kv_pp2,82.894506000,0.678333333
4: redirect_kv_pp2,83.130671000,0.680000000
4: redirect_kv_pp2,83.241688000,0.681666667
4: redirect_kv_pp2,83.321536000,0.683333333
4: redirect_kv_pp2,83.376195000,0.685000000
4: redirect_kv_pp2,83.630091000,0.686666667
4: redirect_kv_pp2,84.505086000,0.688333333
4: redirect_kv_pp2,84.539147000,0.690000000
4: redirect_kv_pp2,84.584565000,0.691666667
4: redirect_kv_pp2,84.723248000,0.693333333
4: redirect_kv_pp2,84.732887000,0.695000000
4: redirect_kv_pp2,85.222664000,0.696666667
4: redirect_kv_pp2,85.474248000,0.698333333
4: redirect_kv_pp2,85.623008000,0.700000000
4: redirect_kv_pp2,85.776678000,0.701666667
4: redirect_kv_pp2,85.883998000,0.703333333
4: redirect_kv_pp2,86.042260000,0.705000000
4: redirect_kv_pp2,86.094820000,0.706666667
4: redirect_kv_pp2,86.383076000,0.708333333
4: redirect_kv_pp2,86.749363000,0.710000000
4: redirect_kv_pp2,86.868604000,0.711666667
4: redirect_kv_pp2,87.001646000,0.713333333
4: redirect_kv_pp2,87.157173000,0.715000000
4: redirect_kv_pp2,87.453662000,0.716666667
4: redirect_kv_pp2,88.874159000,0.718333333
4: redirect_kv_pp2,88.932848000,0.720000000
4: redirect_kv_pp2,89.034703000,0.721666667
4: redirect_kv_pp2,89.119377000,0.723333333
4: redirect_kv_pp2,89.130447000,0.725000000
4: redirect_kv_pp2,89.355221000,0.726666667
4: redirect_kv_pp2,89.683208000,0.728333333
4: redirect_kv_pp2,89.690854000,0.730000000
4: redirect_kv_pp2,89.775707000,0.731666667
4: redirect_kv_pp2,90.113091000,0.733333333
4: redirect_kv_pp2,90.367372000,0.735000000
4: redirect_kv_pp2,90.471977000,0.736666667
4: redirect_kv_pp2,90.576171000,0.738333333
4: redirect_kv_pp2,90.641483000,0.740000000
4: redirect_kv_pp2,90.666603000,0.741666667
4: redirect_kv_pp2,90.882143000,0.743333333
4: redirect_kv_pp2,91.345301000,0.745000000
4: redirect_kv_pp2,91.444458000,0.746666667
4: redirect_kv_pp2,91.565395000,0.748333333
4: redirect_kv_pp2,91.756812000,0.750000000
4: redirect_kv_pp2,91.774679000,0.751666667
4: redirect_kv_pp2,92.299122000,0.753333333
4: redirect_kv_pp2,92.889474000,0.755000000
4: redirect_kv_pp2,93.036525000,0.756666667
4: redirect_kv_pp2,93.410353000,0.758333333
4: redirect_kv_pp2,93.494280000,0.760000000
4: redirect_kv_pp2,94.015355000,0.761666667
4: redirect_kv_pp2,94.355504000,0.763333333
4: redirect_kv_pp2,94.530171000,0.765000000
4: redirect_kv_pp2,94.826143000,0.766666667
4: redirect_kv_pp2,95.016828000,0.768333333
4: redirect_kv_pp2,95.157268000,0.770000000
4: redirect_kv_pp2,95.216650000,0.771666667
4: redirect_kv_pp2,95.229838000,0.773333333
4: redirect_kv_pp2,95.349886000,0.775000000
4: redirect_kv_pp2,95.579019000,0.776666667
4: redirect_kv_pp2,95.603318000,0.778333333
4: redirect_kv_pp2,95.715876000,0.780000000
4: redirect_kv_pp2,95.830270000,0.781666667
4: redirect_kv_pp2,96.237147000,0.783333333
4: redirect_kv_pp2,96.319043000,0.785000000
4: redirect_kv_pp2,96.608838000,0.786666667
4: redirect_kv_pp2,96.670816000,0.788333333
4: redirect_kv_pp2,97.050783000,0.790000000
4: redirect_kv_pp2,97.069515000,0.791666667
4: redirect_kv_pp2,97.264413000,0.793333333
4: redirect_kv_pp2,97.491024000,0.795000000
4: redirect_kv_pp2,97.587508000,0.796666667
4: redirect_kv_pp2,97.999637000,0.798333333
4: redirect_kv_pp2,98.088362000,0.800000000
4: redirect_kv_pp2,98.102253000,0.801666667
4: redirect_kv_pp2,98.248513000,0.803333333
4: redirect_kv_pp2,98.324356000,0.805000000
4: redirect_kv_pp2,98.389113000,0.806666667
4: redirect_kv_pp2,98.416453000,0.808333333
4: redirect_kv_pp2,98.566588000,0.810000000
4: redirect_kv_pp2,98.613353000,0.811666667
4: redirect_kv_pp2,98.617861000,0.813333333
4: redirect_kv_pp2,98.640887000,0.815000000
4: redirect_kv_pp2,98.683190000,0.816666667
4: redirect_kv_pp2,99.058988000,0.818333333
4: redirect_kv_pp2,99.553947000,0.820000000
4: redirect_kv_pp2,100.065140000,0.821666667
4: redirect_kv_pp2,100.350699000,0.823333333
4: redirect_kv_pp2,100.539351000,0.825000000
4: redirect_kv_pp2,100.693338000,0.826666667
4: redirect_kv_pp2,100.905265000,0.828333333
4: redirect_kv_pp2,101.307505000,0.830000000
4: redirect_kv_pp2,101.377340000,0.831666667
4: redirect_kv_pp2,101.737611000,0.833333333
4: redirect_kv_pp2,101.747659000,0.835000000
4: redirect_kv_pp2,101.769877000,0.836666667
4: redirect_kv_pp2,101.855747000,0.838333333
4: redirect_kv_pp2,101.928788000,0.840000000
4: redirect_kv_pp2,102.370451000,0.841666667
4: redirect_kv_pp2,102.727605000,0.843333333
4: redirect_kv_pp2,103.464893000,0.845000000
4: redirect_kv_pp2,103.594118000,0.846666667
4: redirect_kv_pp2,103.667981000,0.848333333
4: redirect_kv_pp2,103.818353000,0.850000000
4: redirect_kv_pp2,104.435839000,0.851666667
4: redirect_kv_pp2,104.716291000,0.853333333
4: redirect_kv_pp2,105.716918000,0.855000000
4: redirect_kv_pp2,105.870690000,0.856666667
4: redirect_kv_pp2,106.006360000,0.858333333
4: redirect_kv_pp2,106.271934000,0.860000000
4: redirect_kv_pp2,106.623686000,0.861666667
4: redirect_kv_pp2,107.288765000,0.863333333
4: redirect_kv_pp2,107.329489000,0.865000000
4: redirect_kv_pp2,107.340236000,0.866666667
4: redirect_kv_pp2,107.510315000,0.868333333
4: redirect_kv_pp2,108.001139000,0.870000000
4: redirect_kv_pp2,108.096254000,0.871666667
4: redirect_kv_pp2,108.190565000,0.873333333
4: redirect_kv_pp2,108.400491000,0.875000000
4: redirect_kv_pp2,108.451908000,0.876666667
4: redirect_kv_pp2,108.626477000,0.878333333
4: redirect_kv_pp2,109.948645000,0.880000000
4: redirect_kv_pp2,110.430249000,0.881666667
4: redirect_kv_pp2,110.829563000,0.883333333
4: redirect_kv_pp2,110.917316000,0.885000000
4: redirect_kv_pp2,111.999008000,0.886666667
4: redirect_kv_pp2,112.460667000,0.888333333
4: redirect_kv_pp2,112.720676000,0.890000000
4: redirect_kv_pp2,113.103226000,0.891666667
4: redirect_kv_pp2,113.621498000,0.893333333
4: redirect_kv_pp2,115.708265000,0.895000000
4: redirect_kv_pp2,118.270531000,0.896666667
4: redirect_kv_pp2,118.528424000,0.898333333
4: redirect_kv_pp2,118.832447000,0.900000000
4: redirect_kv_pp2,120.989692000,0.901666667
4: redirect_kv_pp2,121.591956000,0.903333333
4: redirect_kv_pp2,121.988456000,0.905000000
4: redirect_kv_pp2,124.302796000,0.906666667
4: redirect_kv_pp2,125.557053000,0.908333333
4: redirect_kv_pp2,125.677857000,0.910000000
4: redirect_kv_pp2,126.012416000,0.911666667
4: redirect_kv_pp2,126.283457000,0.913333333
4: redirect_kv_pp2,126.660164000,0.915000000
4: redirect_kv_pp2,127.394700000,0.916666667
4: redirect_kv_pp2,129.114504000,0.918333333
4: redirect_kv_pp2,129.644350000,0.920000000
4: redirect_kv_pp2,129.888337000,0.921666667
4: redirect_kv_pp2,131.849308000,0.923333333
4: redirect_kv_pp2,132.909431000,0.925000000
4: redirect_kv_pp2,134.035496000,0.926666667
4: redirect_kv_pp2,134.239721000,0.928333333
4: redirect_kv_pp2,135.437502000,0.930000000
4: redirect_kv_pp2,137.204991000,0.931666667
4: redirect_kv_pp2,140.438906000,0.933333333
4: redirect_kv_pp2,140.442599000,0.935000000
4: redirect_kv_pp2,147.148031000,0.936666667
4: redirect_kv_pp2,147.636624000,0.938333333
4: redirect_kv_pp2,150.931289000,0.940000000
4: redirect_kv_pp2,153.520260000,0.941666667
4: redirect_kv_pp2,154.897497000,0.943333333
4: redirect_kv_pp2,159.606023000,0.945000000
4: redirect_kv_pp2,161.389471000,0.946666667
4: redirect_kv_pp2,161.679818000,0.948333333
4: redirect_kv_pp2,164.734462000,0.950000000
4: redirect_kv_pp2,167.099427000,0.951666667
4: redirect_kv_pp2,171.339964000,0.953333333
4: redirect_kv_pp2,172.079999000,0.955000000
4: redirect_kv_pp2,182.850298000,0.956666667
4: redirect_kv_pp2,185.087919000,0.958333333
4: redirect_kv_pp2,188.662897000,0.960000000
4: redirect_kv_pp2,191.087757000,0.961666667
4: redirect_kv_pp2,201.765988000,0.963333333
4: redirect_kv_pp2,204.700001000,0.965000000
4: redirect_kv_pp2,205.258963000,0.966666667
4: redirect_kv_pp2,223.107167000,0.968333333
4: redirect_kv_pp2,226.490273000,0.970000000
4: redirect_kv_pp2,237.793278000,0.971666667
4: redirect_kv_pp2,246.787907000,0.973333333
4: redirect_kv_pp2,249.089322000,0.975000000
4: redirect_kv_pp2,249.568524000,0.976666667
4: redirect_kv_pp2,253.494637000,0.978333333
4: redirect_kv_pp2,254.187376000,0.980000000
4: redirect_kv_pp2,274.430789000,0.981666667
4: redirect_kv_pp2,276.838608000,0.983333333
4: redirect_kv_pp2,277.217014000,0.985000000
4: redirect_kv_pp2,279.515656000,0.986666667
4: redirect_kv_pp2,280.690526000,0.988333333
4: redirect_kv_pp2,287.164360000,0.990000000
4: redirect_kv_pp2,292.449415000,0.991666667
4: redirect_kv_pp2,292.787585000,0.993333333
4: redirect_kv_pp2,294.600081000,0.995000000
4: redirect_kv_pp2,297.400181000,0.996666667
4: redirect_kv_pp2,298.453000000,0.998333333
4: redirect_kv_pp2,310.591194000,1.000000000
