arm,ttft_ms,cdf
1: no_redirect,31.445167000,0.001666667
1: no_redirect,31.664129000,0.003333333
1: no_redirect,35.277205000,0.005000000
1: no_redirect,39.914742000,0.006666667
1: no_redirect,42.854444000,0.008333333
1: no_redirect,43.554173000,0.010000000
1: no_redirect,46.237375000,0.011666667
1: no_redirect,46.400764000,0.013333333
1: no_redirect,47.033644000,0.015000000
1: no_redirect,48.480560000,0.016666667
1: no_redirect,48.799613000,0.018333333
1: no_redirect,53.806441000,0.020000000
1: no_redirect,69.335247000,0.021666667
1: no_redirect,82.412765000,0.023333333
1: no_redirect,85.663839000,0.025000000
1: no_redirect,171.235876000,0.026666667
1: no_redirect,175.343879000,0.028333333
1: no_redirect,183.212134000,0.030000000
1: no_redirect,183.321892000,0.031666667
1: no_redirect,183.635953000,0.033333333
1: no_redirect,184.312668000,0.035000000
1: no_redirect,184.694905000,0.036666667
1: no_redirect,186.216252000,0.038333333
1: no_redirect,188.390116000,0.040000000
1: no_redirect,188.422534000,0.041666667
1: no_redirect,188.609016000,0.043333333
1: no_redirect,189.472541000,0.045000000
1: no_redirect,190.176306000,0.046666667
1: no_redirect,193.084479000,0.048333333
1: no_redirect,195.102903000,0.050000000
1: no_redirect,195.448246000,0.051666667
1: no_redirect,195.474708000,0.053333333
1: no_redirect,195.660687000,0.055000000
1: no_redirect,196.973848000,0.056666667
1: no_redirect,197.029385000,0.058333333
1: no_redirect,197.274212000,0.060000000
1: no_redirect,197.512412000,0.061666667
1: no_redirect,197.992610000,0.063333333
1: no_redirect,198.617607000,0.065000000
1: no_redirect,198.675501000,0.066666667
1: no_redirect,198.776262000,0.068333333
1: no_redirect,199.099299000,0.070000000
1: no_redirect,199.203885000,0.071666667
1: no_redirect,199.232228000,0.073333333
1: no_redirect,199.286000000,0.075000000
1: no_redirect,199.753427000,0.076666667
1: no_redirect,200.259480000,0.078333333
1: no_redirect,201.143512000,0.080000000
1: no_redirect,201.629667000,0.081666667
1: no_redirect,202.244510000,0.083333333
1: no_redirect,202.287684000,0.085000000
1: no_redirect,202.725828000,0.086666667
1: no_redirect,203.162619000,0.088333333
1: no_redirect,203.427887000,0.090000000
1: no_redirect,203.541519000,0.091666667
1: no_redirect,203.847345000,0.093333333
1: no_redirect,204.250549000,0.095000000
1: no_redirect,204.505345000,0.096666667
1: no_redirect,204.508882000,0.098333333
1: no_redirect,204.617735000,0.100000000
1: no_redirect,205.512065000,0.101666667
1: no_redirect,205.698089000,0.103333333
1: no_redirect,205.741112000,0.105000000
1: no_redirect,205.797856000,0.106666667
1: no_redirect,205.950756000,0.108333333
1: no_redirect,205.952364000,0.110000000
1: no_redirect,206.108159000,0.111666667
1: no_redirect,206.275172000,0.113333333
1: no_redirect,206.717003000,0.115000000
1: no_redirect,206.885539000,0.116666667
1: no_redirect,206.893925000,0.118333333
1: no_redirect,206.918572000,0.120000000
1: no_redirect,207.061217000,0.121666667
1: no_redirect,207.362422000,0.123333333
1: no_redirect,207.977542000,0.125000000
1: no_redirect,208.026036000,0.126666667
1: no_redirect,208.083318000,0.128333333
1: no_redirect,208.331975000,0.130000000
1: no_redirect,208.419701000,0.131666667
1: no_redirect,208.553496000,0.133333333
1: no_redirect,208.615345000,0.135000000
1: no_redirect,208.683388000,0.136666667
1: no_redirect,208.700592000,0.138333333
1: no_redirect,209.200305000,0.140000000
1: no_redirect,209.236381000,0.141666667
1: no_redirect,209.920877000,0.143333333
1: no_redirect,209.951754000,0.145000000
1: no_redirect,209.965186000,0.146666667
1: no_redirect,209.995164000,0.148333333
1: no_redirect,210.362843000,0.150000000
1: no_redirect,210.499301000,0.151666667
1: no_redirect,210.545652000,0.153333333
1: no_redirect,210.991659000,0.155000000
1: no_redirect,211.108258000,0.156666667
1: no_redirect,211.442039000,0.158333333
1: no_redirect,212.221179000,0.160000000
1: no_redirect,212.283194000,0.161666667
1: no_redirect,212.356542000,0.163333333
1: no_redirect,212.746705000,0.165000000
1: no_redirect,212.863754000,0.166666667
1: no_redirect,213.531312000,0.168333333
1: no_redirect,213.682240000,0.170000000
1: no_redirect,213.704711000,0.171666667
1: no_redirect,213.809287000,0.173333333
1: no_redirect,214.026398000,0.175000000
1: no_redirect,214.299184000,0.176666667
1: no_redirect,214.604880000,0.178333333
1: no_redirect,215.097679000,0.180000000
1: no_redirect,215.776165000,0.181666667
1: no_redirect,215.847928000,0.183333333
1: no_redirect,216.072598000,0.185000000
1: no_redirect,216.243783000,0.186666667
1: no_redirect,216.404518000,0.188333333
1: no_redirect,216.532102000,0.190000000
1: no_redirect,216.652722000,0.191666667
1: no_redirect,216.951153000,0.193333333
1: no_redirect,216.957968000,0.195000000
1: no_redirect,217.030766000,0.196666667
1: no_redirect,217.443295000,0.198333333
1: no_redirect,217.495895000,0.200000000
1: no_redirect,217.617584000,0.201666667
1: no_redirect,217.624676000,0.203333333
1: no_redirect,217.782333000,0.205000000
1: no_redirect,217.843888000,0.206666667
1: no_redirect,217.859584000,0.208333333
1: no_redirect,218.228092000,0.210000000
1: no_redirect,218.340237000,0.211666667
1: no_redirect,218.373808000,0.213333333
1: no_redirect,218.516419000,0.215000000
1: no_redirect,218.891238000,0.216666667
1: no_redirect,219.788256000,0.218333333
1: no_redirect,220.115524000,0.220000000
1: no_redirect,220.117004000,0.221666667
1: no_redirect,220.270508000,0.223333333
1: no_redirect,220.757580000,0.225000000
1: no_redirect,220.847173000,0.226666667
1: no_redirect,221.504035000,0.228333333
1: no_redirect,221.589156000,0.230000000
1: no_redirect,221.941908000,0.231666667
1: no_redirect,222.434660000,0.233333333
1: no_redirect,222.601641000,0.235000000
1: no_redirect,222.605563000,0.236666667
1: no_redirect,223.016148000,0.238333333
1: no_redirect,223.252652000,0.240000000
1: no_redirect,223.320352000,0.241666667
1: no_redirect,223.360403000,0.243333333
1: no_redirect,223.388341000,0.245000000
1: no_redirect,223.457917000,0.246666667
1: no_redirect,223.647306000,0.248333333
1: no_redirect,224.385479000,0.250000000
1: no_redirect,224.600778000,0.251666667
1: no_redirect,225.363964000,0.253333333
1: no_redirect,225.384379000,0.255000000
1: no_redirect,225.501967000,0.256666667
1: no_redirect,225.956972000,0.258333333
1: no_redirect,226.668782000,0.260000000
1: no_redirect,226.824719000,0.261666667
1: no_redirect,226.922475000,0.263333333
1: no_redirect,227.336803000,0.265000000
1: no_redirect,227.376276000,0.266666667
1: no_redirect,227.843948000,0.268333333
1: no_redirect,228.426499000,0.270000000
1: no_redirect,228.532685000,0.271666667
1: no_redirect,228.579006000,0.273333333
1: no_redirect,228.718417000,0.275000000
1: no_redirect,229.058656000,0.276666667
1: no_redirect,229.166053000,0.278333333
1: no_redirect,229.580142000,0.280000000
1: no_redirect,229.629181000,0.281666667
1: no_redirect,229.711088000,0.283333333
1: no_redirect,229.745469000,0.285000000
1: no_redirect,229.960713000,0.286666667
1: no_redirect,229.970950000,0.288333333
1: no_redirect,230.101147000,0.290000000
1: no_redirect,230.319692000,0.291666667
1: no_redirect,230.593395000,0.293333333
1: no_redirect,231.065212000,0.295000000
1: no_redirect,231.716749000,0.296666667
1: no_redirect,231.785602000,0.298333333
1: no_redirect,232.017654000,0.300000000
1: no_redirect,232.367511000,0.301666667
1: no_redirect,233.235914000,0.303333333
1: no_redirect,233.457096000,0.305000000
1: no_redirect,233.472434000,0.306666667
1: no_redirect,233.633497000,0.308333333
1: no_redirect,233.642108000,0.310000000
1: no_redirect,233.801740000,0.311666667
1: no_redirect,233.834206000,0.313333333
1: no_redirect,236.300501000,0.315000000
1: no_redirect,236.615351000,0.316666667
1: no_redirect,236.777751000,0.318333333
1: no_redirect,236.974348000,0.320000000
1: no_redirect,237.220628000,0.321666667
1: no_redirect,237.854829000,0.323333333
1: no_redirect,237.970112000,0.325000000
1: no_redirect,238.074446000,0.326666667
1: no_redirect,238.631677000,0.328333333
1: no_redirect,238.890570000,0.330000000
1: no_redirect,238.920782000,0.331666667
1: no_redirect,239.003050000,0.333333333
1: no_redirect,239.751700000,0.335000000
1: no_redirect,239.832337000,0.336666667
1: no_redirect,240.181426000,0.338333333
1: no_redirect,240.204204000,0.340000000
1: no_redirect,240.497099000,0.341666667
1: no_redirect,240.696268000,0.343333333
1: no_redirect,241.269061000,0.345000000
1: no_redirect,241.421369000,0.346666667
1: no_redirect,241.648960000,0.348333333
1: no_redirect,242.382663000,0.350000000
1: no_redirect,242.866181000,0.351666667
1: no_redirect,243.274707000,0.353333333
1: no_redirect,243.631145000,0.355000000
1: no_redirect,244.441801000,0.356666667
1: no_redirect,244.584546000,0.358333333
1: no_redirect,245.300321000,0.360000000
1: no_redirect,246.432650000,0.361666667
1: no_redirect,246.770272000,0.363333333
1: no_redirect,247.319214000,0.365000000
1: no_redirect,248.052416000,0.366666667
1: no_redirect,248.532107000,0.368333333
1: no_redirect,248.899820000,0.370000000
1: no_redirect,249.511982000,0.371666667
1: no_redirect,249.802236000,0.373333333
1: no_redirect,249.941849000,0.375000000
1: no_redirect,250.856013000,0.376666667
1: no_redirect,251.034698000,0.378333333
1: no_redirect,252.034858000,0.380000000
1: no_redirect,252.376495000,0.381666667
1: no_redirect,252.431953000,0.383333333
1: no_redirect,252.581603000,0.385000000
1: no_redirect,252.838070000,0.386666667
1: no_redirect,252.959398000,0.388333333
1: no_redirect,253.165891000,0.390000000
1: no_redirect,253.657291000,0.391666667
1: no_redirect,255.682208000,0.393333333
1: no_redirect,256.859118000,0.395000000
1: no_redirect,257.792722000,0.396666667
1: no_redirect,259.704145000,0.398333333
1: no_redirect,261.854420000,0.400000000
1: no_redirect,262.957684000,0.401666667
1: no_redirect,264.426772000,0.403333333
1: no_redirect,266.332219000,0.405000000
1: no_redirect,267.447072000,0.406666667
1: no_redirect,268.177186000,0.408333333
1: no_redirect,268.441892000,0.410000000
1: no_redirect,268.702769000,0.411666667
1: no_redirect,270.572872000,0.413333333
1: no_redirect,271.176068000,0.415000000
1: no_redirect,271.401252000,0.416666667
1: no_redirect,271.510588000,0.418333333
1: no_redirect,272.277782000,0.420000000
1: no_redirect,274.306629000,0.421666667
1: no_redirect,274.738986000,0.423333333
1: no_redirect,276.254542000,0.425000000
1: no_redirect,280.930591000,0.426666667
1: no_redirect,280.942145000,0.428333333
1: no_redirect,281.005082000,0.430000000
1: no_redirect,283.992128000,0.431666667
1: no_redirect,285.287522000,0.433333333
1: no_redirect,289.170472000,0.435000000
1: no_redirect,290.674599000,0.436666667
1: no_redirect,293.773189000,0.438333333
1: no_redirect,296.578443000,0.440000000
1: no_redirect,296.597035000,0.441666667
1: no_redirect,296.787403000,0.443333333
1: no_redirect,297.389885000,0.445000000
1: no_redirect,301.651288000,0.446666667
1: no_redirect,304.428730000,0.448333333
1: no_redirect,306.128733000,0.450000000
1: no_redirect,308.461405000,0.451666667
1: no_redirect,309.187565000,0.453333333
1: no_redirect,310.532672000,0.455000000
1: no_redirect,310.746213000,0.456666667
1: no_redirect,312.692798000,0.458333333
1: no_redirect,312.710932000,0.460000000
1: no_redirect,313.679449000,0.461666667
1: no_redirect,314.242365000,0.463333333
1: no_redirect,315.615558000,0.465000000
1: no_redirect,315.964291000,0.466666667
1: no_redirect,315.990724000,0.468333333
1: no_redirect,322.515386000,0.470000000
1: no_redirect,323.146924000,0.471666667
1: no_redirect,323.352764000,0.473333333
1: no_redirect,324.460846000,0.475000000
1: no_redirect,326.057425000,0.476666667
1: no_redirect,326.547394000,0.478333333
1: no_redirect,328.442453000,0.480000000
1: no_redirect,328.547233000,0.481666667
1: no_redirect,329.473214000,0.483333333
1: no_redirect,329.760924000,0.485000000
1: no_redirect,330.024493000,0.486666667
1: no_redirect,330.359447000,0.488333333
1: no_redirect,331.620315000,0.490000000
1: no_redirect,331.697784000,0.491666667
1: no_redirect,336.199289000,0.493333333
1: no_redirect,336.710028000,0.495000000
1: no_redirect,337.729406000,0.496666667
1: no_redirect,338.540217000,0.498333333
1: no_redirect,339.674978000,0.500000000
1: no_redirect,340.488109000,0.501666667
1: no_redirect,341.081227000,0.503333333
1: no_redirect,341.108217000,0.505000000
1: no_redirect,342.021753000,0.506666667
1: no_redirect,342.315795000,0.508333333
1: no_redirect,343.421894000,0.510000000
1: no_redirect,345.195784000,0.511666667
1: no_redirect,345.547379000,0.513333333
1: no_redirect,346.508318000,0.515000000
1: no_redirect,346.621958000,0.516666667
1: no_redirect,347.199334000,0.518333333
1: no_redirect,347.720207000,0.520000000
1: no_redirect,349.056298000,0.521666667
1: no_redirect,350.976331000,0.523333333
1: no_redirect,351.120237000,0.525000000
1: no_redirect,351.918315000,0.526666667
1: no_redirect,352.091424000,0.528333333
1: no_redirect,352.138283000,0.530000000
1: no_redirect,355.733650000,0.531666667
1: no_redirect,355.824405000,0.533333333
1: no_redirect,356.058849000,0.535000000
1: no_redirect,356.751654000,0.536666667
1: no_redirect,358.999931000,0.538333333
1: no_redirect,359.629948000,0.540000000
1: no_redirect,359.823473000,0.541666667
1: no_redirect,362.056766000,0.543333333
1: no_redirect,364.436731000,0.545000000
1: no_redirect,364.986155000,0.546666667
1: no_redirect,365.263967000,0.548333333
1: no_redirect,365.492035000,0.550000000
1: no_redirect,365.916984000,0.551666667
1: no_redirect,366.267375000,0.553333333
1: no_redirect,369.352211000,0.555000000
1: no_redirect,370.101123000,0.556666667
1: no_redirect,372.022033000,0.558333333
1: no_redirect,372.872760000,0.560000000
1: no_redirect,373.981375000,0.561666667
1: no_redirect,374.014438000,0.563333333
1: no_redirect,375.783478000,0.565000000
1: no_redirect,376.705217000,0.566666667
1: no_redirect,378.059875000,0.568333333
1: no_redirect,378.602798000,0.570000000
1: no_redirect,378.705748000,0.571666667
1: no_redirect,378.711883000,0.573333333
1: no_redirect,379.734540000,0.575000000
1: no_redirect,380.948763000,0.576666667
1: no_redirect,380.961596000,0.578333333
1: no_redirect,385.699666000,0.580000000
1: no_redirect,386.513081000,0.581666667
1: no_redirect,387.604875000,0.583333333
1: no_redirect,387.910663000,0.585000000
1: no_redirect,389.104171000,0.586666667
1: no_redirect,389.678713000,0.588333333
1: no_redirect,391.218301000,0.590000000
1: no_redirect,391.286933000,0.591666667
1: no_redirect,392.620652000,0.593333333
1: no_redirect,393.586145000,0.595000000
1: no_redirect,395.287013000,0.596666667
1: no_redirect,397.262704000,0.598333333
1: no_redirect,397.757780000,0.600000000
1: no_redirect,397.813905000,0.601666667
1: no_redirect,398.557777000,0.603333333
1: no_redirect,400.850490000,0.605000000
1: no_redirect,402.301680000,0.606666667
1: no_redirect,402.344956000,0.608333333
1: no_redirect,402.674236000,0.610000000
1: no_redirect,404.013596000,0.611666667
1: no_redirect,405.968959000,0.613333333
1: no_redirect,410.254254000,0.615000000
1: no_redirect,413.855192000,0.616666667
1: no_redirect,414.404734000,0.618333333
1: no_redirect,416.428493000,0.620000000
1: no_redirect,420.101016000,0.621666667
1: no_redirect,421.172281000,0.623333333
1: no_redirect,424.434354000,0.625000000
1: no_redirect,424.567674000,0.626666667
1: no_redirect,427.133234000,0.628333333
1: no_redirect,428.107424000,0.630000000
1: no_redirect,435.347959000,0.631666667
1: no_redirect,435.884030000,0.633333333
1: no_redirect,437.642667000,0.635000000
1: no_redirect,437.871455000,0.636666667
1: no_redirect,438.639042000,0.638333333
1: no_redirect,440.535719000,0.640000000
1: no_redirect,441.587398000,0.641666667
1: no_redirect,441.669597000,0.643333333
1: no_redirect,442.685838000,0.645000000
1: no_redirect,445.502543000,0.646666667
1: no_redirect,446.413198000,0.648333333
1: no_redirect,449.698068000,0.650000000
1: no_redirect,454.517638000,0.651666667
1: no_redirect,454.972661000,0.653333333
1: no_redirect,457.709282000,0.655000000
1: no_redirect,460.297606000,0.656666667
1: no_redirect,460.661527000,0.658333333
1: no_redirect,461.323465000,0.660000000
1: no_redirect,461.951441000,0.661666667
1: no_redirect,464.245667000,0.663333333
1: no_redirect,469.186958000,0.665000000
1: no_redirect,470.264271000,0.666666667
1: no_redirect,471.399355000,0.668333333
1: no_redirect,471.409708000,0.670000000
1: no_redirect,473.909157000,0.671666667
1: no_redirect,481.703834000,0.673333333
1: no_redirect,492.877783000,0.675000000
1: no_redirect,496.194371000,0.676666667
1: no_redirect,501.548272000,0.678333333
1: no_redirect,502.100342000,0.680000000
1: no_redirect,506.900056000,0.681666667
1: no_redirect,507.280531000,0.683333333
1: no_redirect,507.455489000,0.685000000
1: no_redirect,508.653038000,0.686666667
1: no_redirect,511.121405000,0.688333333
1: no_redirect,526.859479000,0.690000000
1: no_redirect,530.264005000,0.691666667
1: no_redirect,532.061266000,0.693333333
1: no_redirect,533.530697000,0.695000000
1: no_redirect,536.003080000,0.696666667
1: no_redirect,536.521199000,0.698333333
1: no_redirect,538.752335000,0.700000000
1: no_redirect,539.735854000,0.701666667
1: no_redirect,540.067082000,0.703333333
1: no_redirect,540.316683000,0.705000000
1: no_redirect,541.730815000,0.706666667
1: no_redirect,543.033145000,0.708333333
1: no_redirect,544.058743000,0.710000000
1: no_redirect,546.150090000,0.711666667
1: no_redirect,546.981792000,0.713333333
1: no_redirect,547.505110000,0.715000000
1: no_redirect,549.350316000,0.716666667
1: no_redirect,553.866190000,0.718333333
1: no_redirect,555.107453000,0.720000000
1: no_redirect,556.194105000,0.721666667
1: no_redirect,558.368822000,0.723333333
1: no_redirect,559.234703000,0.725000000
1: no_redirect,559.371656000,0.726666667
1: no_redirect,560.471882000,0.728333333
1: no_redirect,560.500422000,0.730000000
1: no_redirect,561.854685000,0.731666667
1: no_redirect,562.260022000,0.733333333
1: no_redirect,563.978632000,0.735000000
1: no_redirect,567.202115000,0.736666667
1: no_redirect,567.312642000,0.738333333
1: no_redirect,568.903694000,0.740000000
1: no_redirect,571.562301000,0.741666667
1: no_redirect,572.960036000,0.743333333
1: no_redirect,573.332504000,0.745000000
1: no_redirect,574.170439000,0.746666667
1: no_redirect,576.062851000,0.748333333
1: no_redirect,585.320936000,0.750000000
1: no_redirect,589.889052000,0.751666667
1: no_redirect,602.288985000,0.753333333
1: no_redirect,602.396626000,0.755000000
1: no_redirect,603.319922000,0.756666667
1: no_redirect,610.465446000,0.758333333
1: no_redirect,611.470491000,0.760000000
1: no_redirect,613.430304000,0.761666667
1: no_redirect,622.129954000,0.763333333
1: no_redirect,625.122923000,0.765000000
1: no_redirect,625.257692000,0.766666667
1: no_redirect,626.627773000,0.768333333
1: no_redirect,634.659500000,0.770000000
1: no_redirect,646.521978000,0.771666667
1: no_redirect,656.620710000,0.773333333
1: no_redirect,663.668776000,0.775000000
1: no_redirect,677.446987000,0.776666667
1: no_redirect,680.503279000,0.778333333
1: no_redirect,681.245960000,0.780000000
1: no_redirect,685.849577000,0.781666667
1: no_redirect,686.478344000,0.783333333
1: no_redirect,689.553921000,0.785000000
1: no_redirect,693.079427000,0.786666667
1: no_redirect,698.924252000,0.788333333
1: no_redirect,714.473441000,0.790000000
1: no_redirect,721.264665000,0.791666667
1: no_redirect,721.307786000,0.793333333
1: no_redirect,721.614392000,0.795000000
1: no_redirect,723.377396000,0.796666667
1: no_redirect,728.918628000,0.798333333
1: no_redirect,744.259873000,0.800000000
1: no_redirect,754.938314000,0.801666667
1: no_redirect,786.960178000,0.803333333
1: no_redirect,793.649979000,0.805000000
1: no_redirect,826.742914000,0.806666667
1: no_redirect,841.949500000,0.808333333
1: no_redirect,845.503064000,0.810000000
1: no_redirect,846.558203000,0.811666667
1: no_redirect,865.863643000,0.813333333
1: no_redirect,892.612896000,0.815000000
1: no_redirect,916.276128000,0.816666667
1: no_redirect,925.772799000,0.818333333
1: no_redirect,931.262640000,0.820000000
1: no_redirect,962.534943000,0.821666667
1: no_redirect,994.557992000,0.823333333
1: no_redirect,1015.860883000,0.825000000
1: no_redirect,1025.412938000,0.826666667
1: no_redirect,1051.522101000,0.828333333
1: no_redirect,1092.697595000,0.830000000
1: no_redirect,1095.073888000,0.831666667
1: no_redirect,1131.590538000,0.833333333
1: no_redirect,1184.819287000,0.835000000
1: no_redirect,1227.063107000,0.836666667
1: no_redirect,1227.673162000,0.838333333
1: no_redirect,1234.431257000,0.840000000
1: no_redirect,1256.215020000,0.841666667
1: no_redirect,1301.981688000,0.843333333
1: no_redirect,1320.904655000,0.845000000
1: no_redirect,1345.122090000,0.846666667
1: no_redirect,1347.374358000,0.848333333
1: no_redirect,1418.595182000,0.850000000
1: no_redirect,1425.687147000,0.851666667
1: no_redirect,1463.268848000,0.853333333
1: no_redirect,1486.491458000,0.855000000
1: no_redirect,1499.094411000,0.856666667
1: no_redirect,1596.518762000,0.858333333
1: no_redirect,1732.115639000,0.860000000
1: no_redirect,1757.133205000,0.861666667
1: no_redirect,1797.549287000,0.863333333
1: no_redirect,1845.584346000,0.865000000
1: no_redirect,1849.654831000,0.866666667
1: no_redirect,1877.724023000,0.868333333
1: no_redirect,1897.298895000,0.870000000
1: no_redirect,1901.176820000,0.871666667
1: no_redirect,1904.302691000,0.873333333
1: no_redirect,1916.687550000,0.875000000
1: no_redirect,1919.809603000,0.876666667
1: no_redirect,2013.685996000,0.878333333
1: no_redirect,2106.456251000,0.880000000
1: no_redirect,2114.263969000,0.881666667
1: no_redirect,2181.012762000,0.883333333
1: no_redirect,2289.848698000,0.885000000
1: no_redirect,2344.545569000,0.886666667
1: no_redirect,2419.749640000,0.888333333
1: no_redirect,2453.179539000,0.890000000
1: no_redirect,2456.050146000,0.891666667
1: no_redirect,2480.876456000,0.893333333
1: no_redirect,2496.848085000,0.895000000
1: no_redirect,2574.591745000,0.896666667
1: no_redirect,2577.369416000,0.898333333
1: no_redirect,2599.648518000,0.900000000
1: no_redirect,2614.703728000,0.901666667
1: no_redirect,2667.163903000,0.903333333
1: no_redirect,2678.948048000,0.905000000
1: no_redirect,2807.268332000,0.906666667
1: no_redirect,2847.772168000,0.908333333
1: no_redirect,2876.252296000,0.910000000
1: no_redirect,2886.043269000,0.911666667
1: no_redirect,2954.032466000,0.913333333
1: no_redirect,3060.222435000,0.915000000
1: no_redirect,3135.954324000,0.916666667
1: no_redirect,3422.300433000,0.918333333
1: no_redirect,3453.217485000,0.920000000
1: no_redirect,3474.623095000,0.921666667
1: no_redirect,3487.720258000,0.923333333
1: no_redirect,3490.288613000,0.925000000
1: no_redirect,3666.285965000,0.926666667
1: no_redirect,4207.146020000,0.928333333
1: no_redirect,4259.958207000,0.930000000
1: no_redirect,4837.546379000,0.931666667
1: no_redirect,5027.276013000,0.933333333
1: no_redirect,5107.157913000,0.935000000
1: no_redirect,5141.406120000,0.936666667
1: no_redirect,5203.147835000,0.938333333
1: no_redirect,5331.682335000,0.940000000
1: no_redirect,5407.071662000,0.941666667
1: no_redirect,5505.552095000,0.943333333
1: no_redirect,5675.936677000,0.945000000
1: no_redirect,5731.930787000,0.946666667
1: no_redirect,5766.560449000,0.948333333
1: no_redirect,5977.408995000,0.950000000
1: no_redirect,6075.676816000,0.951666667
1: no_redirect,6897.905088000,0.953333333
1: no_redirect,7212.095476000,0.955000000
1: no_redirect,7828.886359000,0.956666667
1: no_redirect,8484.720327000,0.958333333
1: no_redirect,8501.122905000,0.960000000
1: no_redirect,8805.908843000,0.961666667
1: no_redirect,9183.917440000,0.963333333
1: no_redirect,9221.148078000,0.965000000
1: no_redirect,9244.648507000,0.966666667
1: no_redirect,9262.324980000,0.968333333
1: no_redirect,9270.073492000,0.970000000
1: no_redirect,9275.553290000,0.971666667
1: no_redirect,9333.061815000,0.973333333
1: no_redirect,9382.426329000,0.975000000
1: no_redirect,9385.760767000,0.976666667
1: no_redirect,9544.376991000,0.978333333
1: no_redirect,10153.453220000,0.980000000
1: no_redirect,10239.903244000,0.981666667
1: no_redirect,11075.840148000,0.983333333
1: no_redirect,11244.295681000,0.985000000
1: no_redirect,11769.046116000,0.986666667
1: no_redirect,12155.706520000,0.988333333
1: no_redirect,12374.547487000,0.990000000
1: no_redirect,12374.962727000,0.991666667
1: no_redirect,12446.376079000,0.993333333
1: no_redirect,12827.684852000,0.995000000
1: no_redirect,13380.481815000,0.996666667
1: no_redirect,13864.442237000,0.998333333
1: no_redirect,14077.809158000,1.000000000
2: redirect_no_kv,31.445167000,0.001666667
2: redirect_no_kv,31.664129000,0.003333333
2: redirect_no_kv,39.914742000,0.005000000
2: redirect_no_kv,40.904953000,0.006666667
2: redirect_no_kv,43.554173000,0.008333333
2: redirect_no_kv,46.237375000,0.010000000
2: redirect_no_kv,47.033644000,0.011666667
2: redirect_no_kv,48.799613000,0.013333333
2: redirect_no_kv,49.821930000,0.015000000
2: redirect_no_kv,63.485926000,0.016666667
2: redirect_no_kv,85.663839000,0.018333333
2: redirect_no_kv,91.470543000,0.020000000
2: redirect_no_kv,103.089065000,0.021666667
2: redirect_no_kv,171.235876000,0.023333333
2: redirect_no_kv,175.343879000,0.025000000
2: redirect_no_kv,183.212134000,0.026666667
2: redirect_no_kv,183.321892000,0.028333333
2: redirect_no_kv,183.635953000,0.030000000
2: redirect_no_kv,184.312668000,0.031666667
2: redirect_no_kv,184.694905000,0.033333333
2: redirect_no_kv,188.390116000,0.035000000
2: redirect_no_kv,188.422534000,0.036666667
2: redirect_no_kv,188.609016000,0.038333333
2: redirect_no_kv,189.472541000,0.040000000
2: redirect_no_kv,190.176306000,0.041666667
2: redirect_no_kv,191.731615000,0.043333333
2: redirect_no_kv,193.084479000,0.045000000
2: redirect_no_kv,195.448246000,0.046666667
2: redirect_no_kv,195.474708000,0.048333333
2: redirect_no_kv,195.660687000,0.050000000
2: redirect_no_kv,196.973848000,0.051666667
2: redirect_no_kv,197.029385000,0.053333333
2: redirect_no_kv,197.512412000,0.055000000
2: redirect_no_kv,197.650685000,0.056666667
2: redirect_no_kv,197.992610000,0.058333333
2: redirect_no_kv,198.617607000,0.060000000
2: redirect_no_kv,198.675501000,0.061666667
2: redirect_no_kv,198.776262000,0.063333333
2: redirect_no_kv,199.232228000,0.065000000
2: redirect_no_kv,199.286000000,0.066666667
2: redirect_no_kv,199.753427000,0.068333333
2: redirect_no_kv,200.259480000,0.070000000
2: redirect_no_kv,202.244510000,0.071666667
2: redirect_no_kv,202.453136000,0.073333333
2: redirect_no_kv,202.725828000,0.075000000
2: redirect_no_kv,203.162619000,0.076666667
2: redirect_no_kv,203.427887000,0.078333333
2: redirect_no_kv,203.541519000,0.080000000
2: redirect_no_kv,204.250549000,0.081666667
2: redirect_no_kv,204.508882000,0.083333333
2: redirect_no_kv,204.572063000,0.085000000
2: redirect_no_kv,205.512065000,0.086666667
2: redirect_no_kv,205.797856000,0.088333333
2: redirect_no_kv,205.950756000,0.090000000
2: redirect_no_kv,205.952364000,0.091666667
2: redirect_no_kv,206.108159000,0.093333333
2: redirect_no_kv,206.275172000,0.095000000
2: redirect_no_kv,206.885539000,0.096666667
2: redirect_no_kv,206.893925000,0.098333333
2: redirect_no_kv,206.918572000,0.100000000
2: redirect_no_kv,207.061217000,0.101666667
2: redirect_no_kv,207.977542000,0.103333333
2: redirect_no_kv,208.026036000,0.105000000
2: redirect_no_kv,208.083318000,0.106666667
2: redirect_no_kv,208.174985000,0.108333333
2: redirect_no_kv,208.615345000,0.110000000
2: redirect_no_kv,208.700592000,0.111666667
2: redirect_no_kv,208.733778000,0.113333333
2: redirect_no_kv,208.894212000,0.115000000
2: redirect_no_kv,209.161379000,0.116666667
2: redirect_no_kv,209.236381000,0.118333333
2: redirect_no_kv,209.920877000,0.120000000
2: redirect_no_kv,209.951754000,0.121666667
2: redirect_no_kv,209.995164000,0.123333333
2: redirect_no_kv,210.991659000,0.125000000
2: redirect_no_kv,211.442039000,0.126666667
2: redirect_no_kv,211.725528000,0.128333333
2: redirect_no_kv,212.221179000,0.130000000
2: redirect_no_kv,212.356542000,0.131666667
2: redirect_no_kv,212.537432000,0.133333333
2: redirect_no_kv,212.967678000,0.135000000
2: redirect_no_kv,213.123796000,0.136666667
2: redirect_no_kv,213.531312000,0.138333333
2: redirect_no_kv,213.694842000,0.140000000
2: redirect_no_kv,213.704711000,0.141666667
2: redirect_no_kv,213.809287000,0.143333333
2: redirect_no_kv,214.026398000,0.145000000
2: redirect_no_kv,214.299184000,0.146666667
2: redirect_no_kv,215.418085000,0.148333333
2: redirect_no_kv,215.482896000,0.150000000
2: redirect_no_kv,215.541767000,0.151666667
2: redirect_no_kv,215.775952000,0.153333333
2: redirect_no_kv,215.776165000,0.155000000
2: redirect_no_kv,215.847928000,0.156666667
2: redirect_no_kv,216.243783000,0.158333333
2: redirect_no_kv,216.306915000,0.160000000
2: redirect_no_kv,216.347403000,0.161666667
2: redirect_no_kv,216.854100000,0.163333333
2: redirect_no_kv,216.951153000,0.165000000
2: redirect_no_kv,216.957968000,0.166666667
2: redirect_no_kv,217.443295000,0.168333333
2: redirect_no_kv,217.617584000,0.170000000
2: redirect_no_kv,217.624676000,0.171666667
2: redirect_no_kv,217.859584000,0.173333333
2: redirect_no_kv,217.979645000,0.175000000
2: redirect_no_kv,218.150363000,0.176666667
2: redirect_no_kv,218.340237000,0.178333333
2: redirect_no_kv,218.516419000,0.180000000
2: redirect_no_kv,218.719045000,0.181666667
2: redirect_no_kv,218.739469000,0.183333333
2: redirect_no_kv,220.006472000,0.185000000
2: redirect_no_kv,220.270508000,0.186666667
2: redirect_no_kv,220.757580000,0.188333333
2: redirect_no_kv,220.805801000,0.190000000
2: redirect_no_kv,221.092210000,0.191666667
2: redirect_no_kv,221.752351000,0.193333333
2: redirect_no_kv,221.941908000,0.195000000
2: redirect_no_kv,222.274669000,0.196666667
2: redirect_no_kv,222.434660000,0.198333333
2: redirect_no_kv,222.605563000,0.200000000
2: redirect_no_kv,222.721926000,0.201666667
2: redirect_no_kv,222.941326000,0.203333333
2: redirect_no_kv,223.016148000,0.205000000
2: redirect_no_kv,223.320352000,0.206666667
2: redirect_no_kv,223.388341000,0.208333333
2: redirect_no_kv,223.457917000,0.210000000
2: redirect_no_kv,224.385479000,0.211666667
2: redirect_no_kv,225.956972000,0.213333333
2: redirect_no_kv,226.623730000,0.215000000
2: redirect_no_kv,226.641646000,0.216666667
2: redirect_no_kv,226.668782000,0.218333333
2: redirect_no_kv,226.824719000,0.220000000
2: redirect_no_kv,226.922475000,0.221666667
2: redirect_no_kv,227.166285000,0.223333333
2: redirect_no_kv,227.336803000,0.225000000
2: redirect_no_kv,227.527496000,0.226666667
2: redirect_no_kv,227.627400000,0.228333333
2: redirect_no_kv,228.426499000,0.230000000
2: redirect_no_kv,228.532685000,0.231666667
2: redirect_no_kv,228.641785000,0.233333333
2: redirect_no_kv,229.052388000,0.235000000
2: redirect_no_kv,229.166053000,0.236666667
2: redirect_no_kv,229.580142000,0.238333333
2: redirect_no_kv,229.745469000,0.240000000
2: redirect_no_kv,229.960713000,0.241666667
2: redirect_no_kv,230.101147000,0.243333333
2: redirect_no_kv,230.441715000,0.245000000
2: redirect_no_kv,231.062839000,0.246666667
2: redirect_no_kv,231.065212000,0.248333333
2: redirect_no_kv,231.212317000,0.250000000
2: redirect_no_kv,231.716749000,0.251666667
2: redirect_no_kv,231.873003000,0.253333333
2: redirect_no_kv,232.017654000,0.255000000
2: redirect_no_kv,232.277479000,0.256666667
2: redirect_no_kv,232.367511000,0.258333333
2: redirect_no_kv,232.442574000,0.260000000
2: redirect_no_kv,233.457096000,0.261666667
2: redirect_no_kv,233.633497000,0.263333333
2: redirect_no_kv,233.642108000,0.265000000
2: redirect_no_kv,234.397063000,0.266666667
2: redirect_no_kv,235.585572000,0.268333333
2: redirect_no_kv,235.790854000,0.270000000
2: redirect_no_kv,236.777751000,0.271666667
2: redirect_no_kv,236.800394000,0.273333333
2: redirect_no_kv,236.974348000,0.275000000
2: redirect_no_kv,237.220628000,0.276666667
2: redirect_no_kv,238.762839000,0.278333333
2: redirect_no_kv,240.181426000,0.280000000
2: redirect_no_kv,240.204204000,0.281666667
2: redirect_no_kv,241.421369000,0.283333333
2: redirect_no_kv,242.468922000,0.285000000
2: redirect_no_kv,243.651628000,0.286666667
2: redirect_no_kv,244.441801000,0.288333333
2: redirect_no_kv,244.584546000,0.290000000
2: redirect_no_kv,245.300321000,0.291666667
2: redirect_no_kv,245.764467000,0.293333333
2: redirect_no_kv,246.770272000,0.295000000
2: redirect_no_kv,247.255481000,0.296666667
2: redirect_no_kv,247.319214000,0.298333333
2: redirect_no_kv,248.052416000,0.300000000
2: redirect_no_kv,248.197686000,0.301666667
2: redirect_no_kv,248.680897000,0.303333333
2: redirect_no_kv,248.899820000,0.305000000
2: redirect_no_kv,249.511982000,0.306666667
2: redirect_no_kv,249.782585000,0.308333333
2: redirect_no_kv,252.034858000,0.310000000
2: redirect_no_kv,252.376495000,0.311666667
2: redirect_no_kv,252.431953000,0.313333333
2: redirect_no_kv,252.581603000,0.315000000
2: redirect_no_kv,252.617860000,0.316666667
2: redirect_no_kv,252.786755000,0.318333333
2: redirect_no_kv,252.959398000,0.320000000
2: redirect_no_kv,253.253814000,0.321666667
2: redirect_no_kv,253.382068000,0.323333333
2: redirect_no_kv,253.502947000,0.325000000
2: redirect_no_kv,253.657291000,0.326666667
2: redirect_no_kv,256.332688000,0.328333333
2: redirect_no_kv,256.705117000,0.330000000
2: redirect_no_kv,257.554299000,0.331666667
2: redirect_no_kv,257.792722000,0.333333333
2: redirect_no_kv,257.962039000,0.335000000
2: redirect_no_kv,258.077617000,0.336666667
2: redirect_no_kv,259.490270000,0.338333333
2: redirect_no_kv,261.565176000,0.340000000
2: redirect_no_kv,261.934589000,0.341666667
2: redirect_no_kv,262.103247000,0.343333333
2: redirect_no_kv,262.609317000,0.345000000
2: redirect_no_kv,262.957684000,0.346666667
2: redirect_no_kv,264.760525000,0.348333333
2: redirect_no_kv,265.355463000,0.350000000
2: redirect_no_kv,265.655159000,0.351666667
2: redirect_no_kv,266.332219000,0.353333333
2: redirect_no_kv,267.447072000,0.355000000
2: redirect_no_kv,268.441892000,0.356666667
2: redirect_no_kv,269.638110000,0.358333333
2: redirect_no_kv,270.572872000,0.360000000
2: redirect_no_kv,271.176068000,0.361666667
2: redirect_no_kv,271.826601000,0.363333333
2: redirect_no_kv,272.277782000,0.365000000
2: redirect_no_kv,272.305212000,0.366666667
2: redirect_no_kv,273.899346000,0.368333333
2: redirect_no_kv,274.422315000,0.370000000
2: redirect_no_kv,274.738986000,0.371666667
2: redirect_no_kv,275.879324000,0.373333333
2: redirect_no_kv,276.254542000,0.375000000
2: redirect_no_kv,280.942145000,0.376666667
2: redirect_no_kv,281.005082000,0.378333333
2: redirect_no_kv,281.111631000,0.380000000
2: redirect_no_kv,285.287522000,0.381666667
2: redirect_no_kv,287.275159000,0.383333333
2: redirect_no_kv,290.674599000,0.385000000
2: redirect_no_kv,291.659126000,0.386666667
2: redirect_no_kv,296.787403000,0.388333333
2: redirect_no_kv,297.389885000,0.390000000
2: redirect_no_kv,301.565298000,0.391666667
2: redirect_no_kv,302.536478000,0.393333333
2: redirect_no_kv,304.063722000,0.395000000
2: redirect_no_kv,304.428730000,0.396666667
2: redirect_no_kv,306.128733000,0.398333333
2: redirect_no_kv,307.114076000,0.400000000
2: redirect_no_kv,307.371460000,0.401666667
2: redirect_no_kv,308.461405000,0.403333333
2: redirect_no_kv,309.187565000,0.405000000
2: redirect_no_kv,309.635374000,0.406666667
2: redirect_no_kv,310.746213000,0.408333333
2: redirect_no_kv,312.009381000,0.410000000
2: redirect_no_kv,312.710932000,0.411666667
2: redirect_no_kv,313.679449000,0.413333333
2: redirect_no_kv,314.242365000,0.415000000
2: redirect_no_kv,315.558550000,0.416666667
2: redirect_no_kv,315.615558000,0.418333333
2: redirect_no_kv,315.964291000,0.420000000
2: redirect_no_kv,318.455303000,0.421666667
2: redirect_no_kv,318.572094000,0.423333333
2: redirect_no_kv,322.515386000,0.425000000
2: redirect_no_kv,323.352764000,0.426666667
2: redirect_no_kv,324.464001000,0.428333333
2: redirect_no_kv,325.421224000,0.430000000
2: redirect_no_kv,326.547394000,0.431666667
2: redirect_no_kv,328.442453000,0.433333333
2: redirect_no_kv,328.547233000,0.435000000
2: redirect_no_kv,331.620315000,0.436666667
2: redirect_no_kv,331.697784000,0.438333333
2: redirect_no_kv,331.860043000,0.440000000
2: redirect_no_kv,334.400699000,0.441666667
2: redirect_no_kv,336.199289000,0.443333333
2: redirect_no_kv,340.843755000,0.445000000
2: redirect_no_kv,341.081227000,0.446666667
2: redirect_no_kv,342.021753000,0.448333333
2: redirect_no_kv,343.421894000,0.450000000
2: redirect_no_kv,346.508318000,0.451666667
2: redirect_no_kv,346.621958000,0.453333333
2: redirect_no_kv,347.531939000,0.455000000
2: redirect_no_kv,347.720207000,0.456666667
2: redirect_no_kv,349.056298000,0.458333333
2: redirect_no_kv,351.918315000,0.460000000
2: redirect_no_kv,352.091424000,0.461666667
2: redirect_no_kv,352.138283000,0.463333333
2: redirect_no_kv,352.843094000,0.465000000
2: redirect_no_kv,353.801950000,0.466666667
2: redirect_no_kv,358.999931000,0.468333333
2: redirect_no_kv,362.056766000,0.470000000
2: redirect_no_kv,363.536962000,0.471666667
2: redirect_no_kv,365.492035000,0.473333333
2: redirect_no_kv,365.596811000,0.475000000
2: redirect_no_kv,366.267375000,0.476666667
2: redirect_no_kv,369.352211000,0.478333333
2: redirect_no_kv,370.101123000,0.480000000
2: redirect_no_kv,372.022033000,0.481666667
2: redirect_no_kv,372.323003000,0.483333333
2: redirect_no_kv,372.872760000,0.485000000
2: redirect_no_kv,373.496375000,0.486666667
2: redirect_no_kv,374.239917000,0.488333333
2: redirect_no_kv,377.402436000,0.490000000
2: redirect_no_kv,378.602798000,0.491666667
2: redirect_no_kv,379.940043000,0.493333333
2: redirect_no_kv,380.961596000,0.495000000
2: redirect_no_kv,381.127823000,0.496666667
2: redirect_no_kv,385.145540000,0.498333333
2: redirect_no_kv,385.188458000,0.500000000
2: redirect_no_kv,386.513081000,0.501666667
2: redirect_no_kv,389.104171000,0.503333333
2: redirect_no_kv,389.678713000,0.505000000
2: redirect_no_kv,391.218301000,0.506666667
2: redirect_no_kv,391.286933000,0.508333333
2: redirect_no_kv,393.586145000,0.510000000
2: redirect_no_kv,393.739823000,0.511666667
2: redirect_no_kv,394.368950000,0.513333333
2: redirect_no_kv,395.594183000,0.515000000
2: redirect_no_kv,397.262704000,0.516666667
2: redirect_no_kv,397.660197000,0.518333333
2: redirect_no_kv,398.290535000,0.520000000
2: redirect_no_kv,401.543814000,0.521666667
2: redirect_no_kv,402.344956000,0.523333333
2: redirect_no_kv,403.570350000,0.525000000
2: redirect_no_kv,403.783659000,0.526666667
2: redirect_no_kv,405.181291000,0.528333333
2: redirect_no_kv,405.968959000,0.530000000
2: redirect_no_kv,406.499909000,0.531666667
2: redirect_no_kv,410.254254000,0.533333333
2: redirect_no_kv,410.849422000,0.535000000
2: redirect_no_kv,411.686874000,0.536666667
2: redirect_no_kv,413.923566000,0.538333333
2: redirect_no_kv,414.187621000,0.540000000
2: redirect_no_kv,414.404734000,0.541666667
2: redirect_no_kv,415.712689000,0.543333333
2: redirect_no_kv,416.428493000,0.545000000
2: redirect_no_kv,421.189973000,0.546666667
2: redirect_no_kv,424.371681000,0.548333333
2: redirect_no_kv,424.434354000,0.550000000
2: redirect_no_kv,424.567674000,0.551666667
2: redirect_no_kv,425.186552000,0.553333333
2: redirect_no_kv,425.220349000,0.555000000
2: redirect_no_kv,427.929376000,0.556666667
2: redirect_no_kv,428.107424000,0.558333333
2: redirect_no_kv,431.418181000,0.560000000
2: redirect_no_kv,435.347959000,0.561666667
2: redirect_no_kv,435.884030000,0.563333333
2: redirect_no_kv,441.587398000,0.565000000
2: redirect_no_kv,443.249474000,0.566666667
2: redirect_no_kv,445.502543000,0.568333333
2: redirect_no_kv,454.972661000,0.570000000
2: redirect_no_kv,457.709282000,0.571666667
2: redirect_no_kv,460.044067000,0.573333333
2: redirect_no_kv,466.562761000,0.575000000
2: redirect_no_kv,467.940795000,0.576666667
2: redirect_no_kv,470.264271000,0.578333333
2: redirect_no_kv,471.399355000,0.580000000
2: redirect_no_kv,472.727994000,0.581666667
2: redirect_no_kv,479.833810000,0.583333333
2: redirect_no_kv,481.703834000,0.585000000
2: redirect_no_kv,483.236858000,0.586666667
2: redirect_no_kv,486.206808000,0.588333333
2: redirect_no_kv,491.149690000,0.590000000
2: redirect_no_kv,492.877783000,0.591666667
2: redirect_no_kv,494.027522000,0.593333333
2: redirect_no_kv,495.496028000,0.595000000
2: redirect_no_kv,497.784860000,0.596666667
2: redirect_no_kv,498.336950000,0.598333333
2: redirect_no_kv,499.213938000,0.600000000
2: redirect_no_kv,499.362277000,0.601666667
2: redirect_no_kv,499.770907000,0.603333333
2: redirect_no_kv,501.548272000,0.605000000
2: redirect_no_kv,501.683147000,0.606666667
2: redirect_no_kv,506.900056000,0.608333333
2: redirect_no_kv,507.280531000,0.610000000
2: redirect_no_kv,508.653038000,0.611666667
2: redirect_no_kv,508.967645000,0.613333333
2: redirect_no_kv,509.282393000,0.615000000
2: redirect_no_kv,509.616195000,0.616666667
2: redirect_no_kv,511.121405000,0.618333333
2: redirect_no_kv,512.755382000,0.620000000
2: redirect_no_kv,513.206208000,0.621666667
2: redirect_no_kv,518.696339000,0.623333333
2: redirect_no_kv,522.600585000,0.625000000
2: redirect_no_kv,524.365597000,0.626666667
2: redirect_no_kv,524.787007000,0.628333333
2: redirect_no_kv,525.002725000,0.630000000
2: redirect_no_kv,530.264005000,0.631666667
2: redirect_no_kv,531.539382000,0.633333333
2: redirect_no_kv,532.061266000,0.635000000
2: redirect_no_kv,532.816596000,0.636666667
2: redirect_no_kv,533.530697000,0.638333333
2: redirect_no_kv,536.003080000,0.640000000
2: redirect_no_kv,536.521199000,0.641666667
2: redirect_no_kv,538.752335000,0.643333333
2: redirect_no_kv,540.319671000,0.645000000
2: redirect_no_kv,541.730815000,0.646666667
2: redirect_no_kv,543.723613000,0.648333333
2: redirect_no_kv,544.416952000,0.650000000
2: redirect_no_kv,546.981792000,0.651666667
2: redirect_no_kv,547.505110000,0.653333333
2: redirect_no_kv,549.350316000,0.655000000
2: redirect_no_kv,553.866190000,0.656666667
2: redirect_no_kv,554.244280000,0.658333333
2: redirect_no_kv,556.611848000,0.660000000
2: redirect_no_kv,557.663475000,0.661666667
2: redirect_no_kv,558.336684000,0.663333333
2: redirect_no_kv,558.368822000,0.665000000
2: redirect_no_kv,559.371656000,0.666666667
2: redirect_no_kv,560.500422000,0.668333333
2: redirect_no_kv,561.030645000,0.670000000
2: redirect_no_kv,561.422500000,0.671666667
2: redirect_no_kv,561.854685000,0.673333333
2: redirect_no_kv,562.102458000,0.675000000
2: redirect_no_kv,563.978632000,0.676666667
2: redirect_no_kv,567.202115000,0.678333333
2: redirect_no_kv,567.312642000,0.680000000
2: redirect_no_kv,568.903694000,0.681666667
2: redirect_no_kv,571.004269000,0.683333333
2: redirect_no_kv,571.405230000,0.685000000
2: redirect_no_kv,573.332504000,0.686666667
2: redirect_no_kv,577.761079000,0.688333333
2: redirect_no_kv,577.954977000,0.690000000
2: redirect_no_kv,579.703888000,0.691666667
2: redirect_no_kv,579.983098000,0.693333333
2: redirect_no_kv,582.776962000,0.695000000
2: redirect_no_kv,585.320936000,0.696666667
2: redirect_no_kv,593.412456000,0.698333333
2: redirect_no_kv,600.081842000,0.700000000
2: redirect_no_kv,610.080364000,0.701666667
2: redirect_no_kv,611.128431000,0.703333333
2: redirect_no_kv,611.470491000,0.705000000
2: redirect_no_kv,613.876955000,0.706666667
2: redirect_no_kv,617.433741000,0.708333333
2: redirect_no_kv,621.102358000,0.710000000
2: redirect_no_kv,623.922935000,0.711666667
2: redirect_no_kv,625.257692000,0.713333333
2: redirect_no_kv,625.469832000,0.715000000
2: redirect_no_kv,628.242091000,0.716666667
2: redirect_no_kv,633.224191000,0.718333333
2: redirect_no_kv,634.659500000,0.720000000
2: redirect_no_kv,635.107141000,0.721666667
2: redirect_no_kv,637.336481000,0.723333333
2: redirect_no_kv,638.602501000,0.725000000
2: redirect_no_kv,639.864143000,0.726666667
2: redirect_no_kv,642.878723000,0.728333333
2: redirect_no_kv,649.853784000,0.730000000
2: redirect_no_kv,649.862197000,0.731666667
2: redirect_no_kv,656.620710000,0.733333333
2: redirect_no_kv,661.712165000,0.735000000
2: redirect_no_kv,663.386671000,0.736666667
2: redirect_no_kv,663.516388000,0.738333333
2: redirect_no_kv,663.668776000,0.740000000
2: redirect_no_kv,666.724502000,0.741666667
2: redirect_no_kv,667.818095000,0.743333333
2: redirect_no_kv,675.652574000,0.745000000
2: redirect_no_kv,678.448902000,0.746666667
2: redirect_no_kv,684.443019000,0.748333333
2: redirect_no_kv,686.027237000,0.750000000
2: redirect_no_kv,693.079427000,0.751666667
2: redirect_no_kv,695.215979000,0.753333333
2: redirect_no_kv,703.767541000,0.755000000
2: redirect_no_kv,705.949236000,0.756666667
2: redirect_no_kv,707.415650000,0.758333333
2: redirect_no_kv,722.623210000,0.760000000
2: redirect_no_kv,723.377396000,0.761666667
2: redirect_no_kv,723.638436000,0.763333333
2: redirect_no_kv,725.068319000,0.765000000
2: redirect_no_kv,727.620735000,0.766666667
2: redirect_no_kv,727.938796000,0.768333333
2: redirect_no_kv,728.918628000,0.770000000
2: redirect_no_kv,730.748458000,0.771666667
2: redirect_no_kv,731.701264000,0.773333333
2: redirect_no_kv,744.462678000,0.775000000
2: redirect_no_kv,745.139075000,0.776666667
2: redirect_no_kv,747.086506000,0.778333333
2: redirect_no_kv,749.481558000,0.780000000
2: redirect_no_kv,751.423064000,0.781666667
2: redirect_no_kv,754.938314000,0.783333333
2: redirect_no_kv,765.414875000,0.785000000
2: redirect_no_kv,773.127756000,0.786666667
2: redirect_no_kv,773.555865000,0.788333333
2: redirect_no_kv,774.051644000,0.790000000
2: redirect_no_kv,781.358663000,0.791666667
2: redirect_no_kv,783.461280000,0.793333333
2: redirect_no_kv,785.839264000,0.795000000
2: redirect_no_kv,786.960178000,0.796666667
2: redirect_no_kv,794.132003000,0.798333333
2: redirect_no_kv,798.782454000,0.800000000
2: redirect_no_kv,799.927269000,0.801666667
2: redirect_no_kv,804.725271000,0.803333333
2: redirect_no_kv,805.064663000,0.805000000
2: redirect_no_kv,810.168122000,0.806666667
2: redirect_no_kv,813.671159000,0.808333333
2: redirect_no_kv,814.244983000,0.810000000
2: redirect_no_kv,817.436164000,0.811666667
2: redirect_no_kv,820.984563000,0.813333333
2: redirect_no_kv,821.270029000,0.815000000
2: redirect_no_kv,823.531973000,0.816666667
2: redirect_no_kv,834.256406000,0.818333333
2: redirect_no_kv,841.949500000,0.820000000
2: redirect_no_kv,845.433158000,0.821666667
2: redirect_no_kv,845.503064000,0.823333333
2: redirect_no_kv,849.987846000,0.825000000
2: redirect_no_kv,859.992638000,0.826666667
2: redirect_no_kv,861.813926000,0.828333333
2: redirect_no_kv,865.475575000,0.830000000
2: redirect_no_kv,865.615660000,0.831666667
2: redirect_no_kv,870.700344000,0.833333333
2: redirect_no_kv,881.277213000,0.835000000
2: redirect_no_kv,886.698451000,0.836666667
2: redirect_no_kv,896.470787000,0.838333333
2: redirect_no_kv,900.540177000,0.840000000
2: redirect_no_kv,909.205646000,0.841666667
2: redirect_no_kv,912.106163000,0.843333333
2: redirect_no_kv,915.960328000,0.845000000
2: redirect_no_kv,916.276128000,0.846666667
2: redirect_no_kv,936.279757000,0.848333333
2: redirect_no_kv,936.613833000,0.850000000
2: redirect_no_kv,944.857102000,0.851666667
2: redirect_no_kv,949.058209000,0.853333333
2: redirect_no_kv,950.318278000,0.855000000
2: redirect_no_kv,951.210916000,0.856666667
2: redirect_no_kv,958.776905000,0.858333333
2: redirect_no_kv,973.048374000,0.860000000
2: redirect_no_kv,974.308580000,0.861666667
2: redirect_no_kv,990.154867000,0.863333333
2: redirect_no_kv,1004.617130000,0.865000000
2: redirect_no_kv,1011.979607000,0.866666667
2: redirect_no_kv,1017.745693000,0.868333333
2: redirect_no_kv,1018.512834000,0.870000000
2: redirect_no_kv,1020.643517000,0.871666667
2: redirect_no_kv,1022.067161000,0.873333333
2: redirect_no_kv,1032.823827000,0.875000000
2: redirect_no_kv,1052.076809000,0.876666667
2: redirect_no_kv,1060.600019000,0.878333333
2: redirect_no_kv,1063.732704000,0.880000000
2: redirect_no_kv,1067.503724000,0.881666667
2: redirect_no_kv,1072.822071000,0.883333333
2: redirect_no_kv,1073.821374000,0.885000000
2: redirect_no_kv,1078.327884000,0.886666667
2: redirect_no_kv,1102.377991000,0.888333333
2: redirect_no_kv,1120.575550000,0.890000000
2: redirect_no_kv,1122.388046000,0.891666667
2: redirect_no_kv,1137.458270000,0.893333333
2: redirect_no_kv,1164.227497000,0.895000000
2: redirect_no_kv,1168.020583000,0.896666667
2: redirect_no_kv,1185.767448000,0.898333333
2: redirect_no_kv,1193.023318000,0.900000000
2: redirect_no_kv,1200.498955000,0.901666667
2: redirect_no_kv,1220.052503000,0.903333333
2: redirect_no_kv,1224.526508000,0.905000000
2: redirect_no_kv,1234.007347000,0.906666667
2: redirect_no_kv,1242.298940000,0.908333333
2: redirect_no_kv,1261.516412000,0.910000000
2: redirect_no_kv,1307.010772000,0.911666667
2: redirect_no_kv,1318.776426000,0.913333333
2: redirect_no_kv,1362.483486000,0.915000000
2: redirect_no_kv,1370.859888000,0.916666667
2: redirect_no_kv,1385.366388000,0.918333333
2: redirect_no_kv,1412.261561000,0.920000000
2: redirect_no_kv,1437.192222000,0.921666667
2: redirect_no_kv,1481.131183000,0.923333333
2: redirect_no_kv,1500.137975000,0.925000000
2: redirect_no_kv,1506.792172000,0.926666667
2: redirect_no_kv,1510.385022000,0.928333333
2: redirect_no_kv,1515.666995000,0.930000000
2: redirect_no_kv,1516.851801000,0.931666667
2: redirect_no_kv,1612.252698000,0.933333333
2: redirect_no_kv,1652.774045000,0.935000000
2: redirect_no_kv,1703.320918000,0.936666667
2: redirect_no_kv,1707.166270000,0.938333333
2: redirect_no_kv,1733.050942000,0.940000000
2: redirect_no_kv,1893.049918000,0.941666667
2: redirect_no_kv,1924.034033000,0.943333333
2: redirect_no_kv,1933.996576000,0.945000000
2: redirect_no_kv,1997.506007000,0.946666667
2: redirect_no_kv,2117.912834000,0.948333333
2: redirect_no_kv,2148.341816000,0.950000000
2: redirect_no_kv,2404.410419000,0.951666667
2: redirect_no_kv,2419.268427000,0.953333333
2: redirect_no_kv,2705.776443000,0.955000000
2: redirect_no_kv,2807.643593000,0.956666667
2: redirect_no_kv,2814.496701000,0.958333333
2: redirect_no_kv,2968.988188000,0.960000000
2: redirect_no_kv,3001.439873000,0.961666667
2: redirect_no_kv,3174.876283000,0.963333333
2: redirect_no_kv,3285.070318000,0.965000000
2: redirect_no_kv,3298.267599000,0.966666667
2: redirect_no_kv,3328.477504000,0.968333333
2: redirect_no_kv,3419.578437000,0.970000000
2: redirect_no_kv,3434.148219000,0.971666667
2: redirect_no_kv,3603.398444000,0.973333333
2: redirect_no_kv,3683.437230000,0.975000000
2: redirect_no_kv,3705.304592000,0.976666667
2: redirect_no_kv,4059.098478000,0.978333333
2: redirect_no_kv,4075.672671000,0.980000000
2: redirect_no_kv,4196.486901000,0.981666667
2: redirect_no_kv,4236.271041000,0.983333333
2: redirect_no_kv,4482.777815000,0.985000000
2: redirect_no_kv,4625.284165000,0.986666667
2: redirect_no_kv,4739.480861000,0.988333333
2: redirect_no_kv,4785.279892000,0.990000000
2: redirect_no_kv,4869.978847000,0.991666667
2: redirect_no_kv,5655.551916000,0.993333333
2: redirect_no_kv,5863.188513000,0.995000000
2: redirect_no_kv,6015.171639000,0.996666667
2: redirect_no_kv,6147.574599000,0.998333333
2: redirect_no_kv,6604.365308000,1.000000000
3: redirect_kv_nopp,31.445167000,0.001666667
3: redirect_kv_nopp,31.664129000,0.003333333
3: redirect_kv_nopp,35.277205000,0.005000000
3: redirect_kv_nopp,37.860728000,0.006666667
3: redirect_kv_nopp,39.914742000,0.008333333
3: redirect_kv_nopp,46.103667000,0.010000000
3: redirect_kv_nopp,46.237375000,0.011666667
3: redirect_kv_nopp,47.033644000,0.013333333
3: redirect_kv_nopp,48.799613000,0.015000000
3: redirect_kv_nopp,49.160278000,0.016666667
3: redirect_kv_nopp,80.109587000,0.018333333
3: redirect_kv_nopp,85.663839000,0.020000000
3: redirect_kv_nopp,103.089065000,0.021666667
3: redirect_kv_nopp,171.235876000,0.023333333
3: redirect_kv_nopp,175.343879000,0.025000000
3: redirect_kv_nopp,183.212134000,0.026666667
3: redirect_kv_nopp,183.321892000,0.028333333
3: redirect_kv_nopp,183.635953000,0.030000000
3: redirect_kv_nopp,184.312668000,0.031666667
3: redirect_kv_nopp,184.694905000,0.033333333
3: redirect_kv_nopp,188.390116000,0.035000000
3: redirect_kv_nopp,188.422534000,0.036666667
3: redirect_kv_nopp,188.609016000,0.038333333
3: redirect_kv_nopp,189.007247000,0.040000000
3: redirect_kv_nopp,190.176306000,0.041666667
3: redirect_kv_nopp,195.102903000,0.043333333
3: redirect_kv_nopp,195.448246000,0.045000000
3: redirect_kv_nopp,195.474708000,0.046666667
3: redirect_kv_nopp,195.660687000,0.048333333
3: redirect_kv_nopp,196.973848000,0.050000000
3: redirect_kv_nopp,197.029385000,0.051666667
3: redirect_kv_nopp,197.512412000,0.053333333
3: redirect_kv_nopp,197.650685000,0.055000000
3: redirect_kv_nopp,197.864053000,0.056666667
3: redirect_kv_nopp,197.992610000,0.058333333
3: redirect_kv_nopp,198.675501000,0.060000000
3: redirect_kv_nopp,198.776262000,0.061666667
3: redirect_kv_nopp,199.232228000,0.063333333
3: redirect_kv_nopp,199.286000000,0.065000000
3: redirect_kv_nopp,199.753427000,0.066666667
3: redirect_kv_nopp,200.259480000,0.068333333
3: redirect_kv_nopp,201.629667000,0.070000000
3: redirect_kv_nopp,202.244510000,0.071666667
3: redirect_kv_nopp,202.287684000,0.073333333
3: redirect_kv_nopp,202.725828000,0.075000000
3: redirect_kv_nopp,203.823460000,0.076666667
3: redirect_kv_nopp,204.572063000,0.078333333
3: redirect_kv_nopp,205.797856000,0.080000000
3: redirect_kv_nopp,205.950756000,0.081666667
3: redirect_kv_nopp,205.952364000,0.083333333
3: redirect_kv_nopp,206.108159000,0.085000000
3: redirect_kv_nopp,206.275172000,0.086666667
3: redirect_kv_nopp,206.885539000,0.088333333
3: redirect_kv_nopp,206.893925000,0.090000000
3: redirect_kv_nopp,206.918572000,0.091666667
3: redirect_kv_nopp,207.061217000,0.093333333
3: redirect_kv_nopp,208.026036000,0.095000000
3: redirect_kv_nopp,208.083318000,0.096666667
3: redirect_kv_nopp,208.085095000,0.098333333
3: redirect_kv_nopp,208.174985000,0.100000000
3: redirect_kv_nopp,208.615345000,0.101666667
3: redirect_kv_nopp,208.647603000,0.103333333
3: redirect_kv_nopp,208.700592000,0.105000000
3: redirect_kv_nopp,208.769535000,0.106666667
3: redirect_kv_nopp,209.161379000,0.108333333
3: redirect_kv_nopp,209.236381000,0.110000000
3: redirect_kv_nopp,209.430404000,0.111666667
3: redirect_kv_nopp,209.920877000,0.113333333
3: redirect_kv_nopp,209.951754000,0.115000000
3: redirect_kv_nopp,209.965186000,0.116666667
3: redirect_kv_nopp,209.995164000,0.118333333
3: redirect_kv_nopp,210.991659000,0.120000000
3: redirect_kv_nopp,211.442039000,0.121666667
3: redirect_kv_nopp,211.452206000,0.123333333
3: redirect_kv_nopp,211.509564000,0.125000000
3: redirect_kv_nopp,211.515938000,0.126666667
3: redirect_kv_nopp,211.557644000,0.128333333
3: redirect_kv_nopp,211.784396000,0.130000000
3: redirect_kv_nopp,211.957998000,0.131666667
3: redirect_kv_nopp,212.221179000,0.133333333
3: redirect_kv_nopp,212.356542000,0.135000000
3: redirect_kv_nopp,212.506396000,0.136666667
3: redirect_kv_nopp,212.609769000,0.138333333
3: redirect_kv_nopp,212.736005000,0.140000000
3: redirect_kv_nopp,213.531312000,0.141666667
3: redirect_kv_nopp,213.668357000,0.143333333
3: redirect_kv_nopp,213.682240000,0.145000000
3: redirect_kv_nopp,213.704711000,0.146666667
3: redirect_kv_nopp,213.722552000,0.148333333
3: redirect_kv_nopp,213.809287000,0.150000000
3: redirect_kv_nopp,214.843064000,0.151666667
3: redirect_kv_nopp,215.179985000,0.153333333
3: redirect_kv_nopp,215.418085000,0.155000000
3: redirect_kv_nopp,215.527419000,0.156666667
3: redirect_kv_nopp,215.541767000,0.158333333
3: redirect_kv_nopp,215.762452000,0.160000000
3: redirect_kv_nopp,215.774716000,0.161666667
3: redirect_kv_nopp,215.776165000,0.163333333
3: redirect_kv_nopp,215.847928000,0.165000000
3: redirect_kv_nopp,216.069574000,0.166666667
3: redirect_kv_nopp,216.243783000,0.168333333
3: redirect_kv_nopp,216.615700000,0.170000000
3: redirect_kv_nopp,216.652722000,0.171666667
3: redirect_kv_nopp,216.951153000,0.173333333
3: redirect_kv_nopp,216.957968000,0.175000000
3: redirect_kv_nopp,217.443295000,0.176666667
3: redirect_kv_nopp,217.575659000,0.178333333
3: redirect_kv_nopp,217.617584000,0.180000000
3: redirect_kv_nopp,217.624676000,0.181666667
3: redirect_kv_nopp,217.701254000,0.183333333
3: redirect_kv_nopp,217.859584000,0.185000000
3: redirect_kv_nopp,218.161649000,0.186666667
3: redirect_kv_nopp,219.105010000,0.188333333
3: redirect_kv_nopp,219.905264000,0.190000000
3: redirect_kv_nopp,220.060831000,0.191666667
3: redirect_kv_nopp,220.115524000,0.193333333
3: redirect_kv_nopp,220.757580000,0.195000000
3: redirect_kv_nopp,221.941908000,0.196666667
3: redirect_kv_nopp,222.434660000,0.198333333
3: redirect_kv_nopp,222.601641000,0.200000000
3: redirect_kv_nopp,222.605563000,0.201666667
3: redirect_kv_nopp,222.721926000,0.203333333
3: redirect_kv_nopp,223.016148000,0.205000000
3: redirect_kv_nopp,223.048328000,0.206666667
3: redirect_kv_nopp,223.280690000,0.208333333
3: redirect_kv_nopp,223.320352000,0.210000000
3: redirect_kv_nopp,223.388341000,0.211666667
3: redirect_kv_nopp,223.457917000,0.213333333
3: redirect_kv_nopp,223.464366000,0.215000000
3: redirect_kv_nopp,224.274315000,0.216666667
3: redirect_kv_nopp,224.385479000,0.218333333
3: redirect_kv_nopp,224.607772000,0.220000000
3: redirect_kv_nopp,224.856775000,0.221666667
3: redirect_kv_nopp,224.960669000,0.223333333
3: redirect_kv_nopp,225.956972000,0.225000000
3: redirect_kv_nopp,226.173499000,0.226666667
3: redirect_kv_nopp,226.189052000,0.228333333
3: redirect_kv_nopp,226.623730000,0.230000000
3: redirect_kv_nopp,226.668782000,0.231666667
3: redirect_kv_nopp,226.824719000,0.233333333
3: redirect_kv_nopp,226.922475000,0.235000000
3: redirect_kv_nopp,227.034032000,0.236666667
3: redirect_kv_nopp,227.336803000,0.238333333
3: redirect_kv_nopp,227.608687000,0.240000000
3: redirect_kv_nopp,227.901245000,0.241666667
3: redirect_kv_nopp,228.204659000,0.243333333
3: redirect_kv_nopp,228.532685000,0.245000000
3: redirect_kv_nopp,228.825139000,0.246666667
3: redirect_kv_nopp,229.004932000,0.248333333
3: redirect_kv_nopp,229.166053000,0.250000000
3: redirect_kv_nopp,229.417836000,0.251666667
3: redirect_kv_nopp,229.580142000,0.253333333
3: redirect_kv_nopp,229.629181000,0.255000000
3: redirect_kv_nopp,229.745469000,0.256666667
3: redirect_kv_nopp,229.973173000,0.258333333
3: redirect_kv_nopp,230.101147000,0.260000000
3: redirect_kv_nopp,230.109156000,0.261666667
3: redirect_kv_nopp,230.319692000,0.263333333
3: redirect_kv_nopp,230.338939000,0.265000000
3: redirect_kv_nopp,230.759121000,0.266666667
3: redirect_kv_nopp,231.065212000,0.268333333
3: redirect_kv_nopp,231.716749000,0.270000000
3: redirect_kv_nopp,231.873003000,0.271666667
3: redirect_kv_nopp,231.877425000,0.273333333
3: redirect_kv_nopp,232.017654000,0.275000000
3: redirect_kv_nopp,232.161432000,0.276666667
3: redirect_kv_nopp,232.367511000,0.278333333
3: redirect_kv_nopp,232.734772000,0.280000000
3: redirect_kv_nopp,233.045064000,0.281666667
3: redirect_kv_nopp,233.457096000,0.283333333
3: redirect_kv_nopp,233.472434000,0.285000000
3: redirect_kv_nopp,233.642108000,0.286666667
3: redirect_kv_nopp,234.168759000,0.288333333
3: redirect_kv_nopp,234.397063000,0.290000000
3: redirect_kv_nopp,235.522952000,0.291666667
3: redirect_kv_nopp,235.585572000,0.293333333
3: redirect_kv_nopp,235.602991000,0.295000000
3: redirect_kv_nopp,236.177064000,0.296666667
3: redirect_kv_nopp,236.466262000,0.298333333
3: redirect_kv_nopp,236.615351000,0.300000000
3: redirect_kv_nopp,236.777751000,0.301666667
3: redirect_kv_nopp,236.974348000,0.303333333
3: redirect_kv_nopp,237.150024000,0.305000000
3: redirect_kv_nopp,237.220628000,0.306666667
3: redirect_kv_nopp,237.775058000,0.308333333
3: redirect_kv_nopp,237.854829000,0.310000000
3: redirect_kv_nopp,238.890570000,0.311666667
3: redirect_kv_nopp,239.022687000,0.313333333
3: redirect_kv_nopp,239.284158000,0.315000000
3: redirect_kv_nopp,239.740344000,0.316666667
3: redirect_kv_nopp,239.751700000,0.318333333
3: redirect_kv_nopp,240.181426000,0.320000000
3: redirect_kv_nopp,240.204204000,0.321666667
3: redirect_kv_nopp,240.717093000,0.323333333
3: redirect_kv_nopp,240.720223000,0.325000000
3: redirect_kv_nopp,240.893742000,0.326666667
3: redirect_kv_nopp,241.200489000,0.328333333
3: redirect_kv_nopp,241.421369000,0.330000000
3: redirect_kv_nopp,242.611016000,0.331666667
3: redirect_kv_nopp,243.631145000,0.333333333
3: redirect_kv_nopp,244.441801000,0.335000000
3: redirect_kv_nopp,244.452903000,0.336666667
3: redirect_kv_nopp,244.584546000,0.338333333
3: redirect_kv_nopp,245.300321000,0.340000000
3: redirect_kv_nopp,246.032608000,0.341666667
3: redirect_kv_nopp,246.614732000,0.343333333
3: redirect_kv_nopp,246.770272000,0.345000000
3: redirect_kv_nopp,247.255481000,0.346666667
3: redirect_kv_nopp,247.319214000,0.348333333
3: redirect_kv_nopp,247.405409000,0.350000000
3: redirect_kv_nopp,248.052416000,0.351666667
3: redirect_kv_nopp,248.680897000,0.353333333
3: redirect_kv_nopp,248.899820000,0.355000000
3: redirect_kv_nopp,249.219951000,0.356666667
3: redirect_kv_nopp,249.511982000,0.358333333
3: redirect_kv_nopp,250.302802000,0.360000000
3: redirect_kv_nopp,251.066578000,0.361666667
3: redirect_kv_nopp,252.034858000,0.363333333
3: redirect_kv_nopp,252.376495000,0.365000000
3: redirect_kv_nopp,252.431953000,0.366666667
3: redirect_kv_nopp,252.581603000,0.368333333
3: redirect_kv_nopp,252.617860000,0.370000000
3: redirect_kv_nopp,252.786755000,0.371666667
3: redirect_kv_nopp,252.959398000,0.373333333
3: redirect_kv_nopp,253.884075000,0.375000000
3: redirect_kv_nopp,254.199402000,0.376666667
3: redirect_kv_nopp,254.544945000,0.378333333
3: redirect_kv_nopp,255.175656000,0.380000000
3: redirect_kv_nopp,255.598586000,0.381666667
3: redirect_kv_nopp,256.720229000,0.383333333
3: redirect_kv_nopp,257.401583000,0.385000000
3: redirect_kv_nopp,257.962039000,0.386666667
3: redirect_kv_nopp,258.077617000,0.388333333
3: redirect_kv_nopp,258.787322000,0.390000000
3: redirect_kv_nopp,259.704145000,0.391666667
3: redirect_kv_nopp,260.679271000,0.393333333
3: redirect_kv_nopp,260.767036000,0.395000000
3: redirect_kv_nopp,262.057531000,0.396666667
3: redirect_kv_nopp,262.957684000,0.398333333
3: redirect_kv_nopp,263.318001000,0.400000000
3: redirect_kv_nopp,264.057938000,0.401666667
3: redirect_kv_nopp,265.877910000,0.403333333
3: redirect_kv_nopp,266.332219000,0.405000000
3: redirect_kv_nopp,267.447072000,0.406666667
3: redirect_kv_nopp,268.177186000,0.408333333
3: redirect_kv_nopp,270.572872000,0.410000000
3: redirect_kv_nopp,271.176068000,0.411666667
3: redirect_kv_nopp,271.401252000,0.413333333
3: redirect_kv_nopp,271.826601000,0.415000000
3: redirect_kv_nopp,272.277782000,0.416666667
3: redirect_kv_nopp,273.899346000,0.418333333
3: redirect_kv_nopp,274.738986000,0.420000000
3: redirect_kv_nopp,280.942145000,0.421666667
3: redirect_kv_nopp,281.005082000,0.423333333
3: redirect_kv_nopp,284.483257000,0.425000000
3: redirect_kv_nopp,285.287522000,0.426666667
3: redirect_kv_nopp,290.674599000,0.428333333
3: redirect_kv_nopp,291.676951000,0.430000000
3: redirect_kv_nopp,292.116449000,0.431666667
3: redirect_kv_nopp,296.597035000,0.433333333
3: redirect_kv_nopp,296.787403000,0.435000000
3: redirect_kv_nopp,297.369917000,0.436666667
3: redirect_kv_nopp,297.389885000,0.438333333
3: redirect_kv_nopp,298.826912000,0.440000000
3: redirect_kv_nopp,300.137045000,0.441666667
3: redirect_kv_nopp,302.536478000,0.443333333
3: redirect_kv_nopp,304.428730000,0.445000000
3: redirect_kv_nopp,306.128733000,0.446666667
3: redirect_kv_nopp,307.371460000,0.448333333
3: redirect_kv_nopp,308.461405000,0.450000000
3: redirect_kv_nopp,309.187565000,0.451666667
3: redirect_kv_nopp,310.746213000,0.453333333
3: redirect_kv_nopp,312.710932000,0.455000000
3: redirect_kv_nopp,313.679449000,0.456666667
3: redirect_kv_nopp,314.242365000,0.458333333
3: redirect_kv_nopp,315.615558000,0.460000000
3: redirect_kv_nopp,315.964291000,0.461666667
3: redirect_kv_nopp,318.455303000,0.463333333
3: redirect_kv_nopp,322.515386000,0.465000000
3: redirect_kv_nopp,322.810573000,0.466666667
3: redirect_kv_nopp,323.146924000,0.468333333
3: redirect_kv_nopp,323.352764000,0.470000000
3: redirect_kv_nopp,323.543180000,0.471666667
3: redirect_kv_nopp,324.842185000,0.473333333
3: redirect_kv_nopp,326.547394000,0.475000000
3: redirect_kv_nopp,328.547233000,0.476666667
3: redirect_kv_nopp,329.760924000,0.478333333
3: redirect_kv_nopp,329.775329000,0.480000000
3: redirect_kv_nopp,330.024493000,0.481666667
3: redirect_kv_nopp,330.360750000,0.483333333
3: redirect_kv_nopp,331.620315000,0.485000000
3: redirect_kv_nopp,331.697784000,0.486666667
3: redirect_kv_nopp,331.731402000,0.488333333
3: redirect_kv_nopp,332.278289000,0.490000000
3: redirect_kv_nopp,334.613218000,0.491666667
3: redirect_kv_nopp,335.260094000,0.493333333
3: redirect_kv_nopp,335.372981000,0.495000000
3: redirect_kv_nopp,336.199289000,0.496666667
3: redirect_kv_nopp,337.165840000,0.498333333
3: redirect_kv_nopp,338.540217000,0.500000000
3: redirect_kv_nopp,342.021753000,0.501666667
3: redirect_kv_nopp,343.421894000,0.503333333
3: redirect_kv_nopp,344.453089000,0.505000000
3: redirect_kv_nopp,346.508318000,0.506666667
3: redirect_kv_nopp,346.876344000,0.508333333
3: redirect_kv_nopp,347.720207000,0.510000000
3: redirect_kv_nopp,349.056298000,0.511666667
3: redirect_kv_nopp,350.086016000,0.513333333
3: redirect_kv_nopp,351.120237000,0.515000000
3: redirect_kv_nopp,351.918315000,0.516666667
3: redirect_kv_nopp,352.091424000,0.518333333
3: redirect_kv_nopp,352.138283000,0.520000000
3: redirect_kv_nopp,352.170144000,0.521666667
3: redirect_kv_nopp,352.747379000,0.523333333
3: redirect_kv_nopp,352.843094000,0.525000000
3: redirect_kv_nopp,354.301100000,0.526666667
3: redirect_kv_nopp,355.733650000,0.528333333
3: redirect_kv_nopp,358.999931000,0.530000000
3: redirect_kv_nopp,360.075922000,0.531666667
3: redirect_kv_nopp,362.056766000,0.533333333
3: redirect_kv_nopp,363.445209000,0.535000000
3: redirect_kv_nopp,364.328974000,0.536666667
3: redirect_kv_nopp,364.743524000,0.538333333
3: redirect_kv_nopp,365.492035000,0.540000000
3: redirect_kv_nopp,366.267375000,0.541666667
3: redirect_kv_nopp,369.352211000,0.543333333
3: redirect_kv_nopp,369.461588000,0.545000000
3: redirect_kv_nopp,370.101123000,0.546666667
3: redirect_kv_nopp,370.591183000,0.548333333
3: redirect_kv_nopp,371.565135000,0.550000000
3: redirect_kv_nopp,371.952158000,0.551666667
3: redirect_kv_nopp,372.022033000,0.553333333
3: redirect_kv_nopp,372.481481000,0.555000000
3: redirect_kv_nopp,372.642326000,0.556666667
3: redirect_kv_nopp,372.872760000,0.558333333
3: redirect_kv_nopp,373.279712000,0.560000000
3: redirect_kv_nopp,373.863840000,0.561666667
3: redirect_kv_nopp,375.189208000,0.563333333
3: redirect_kv_nopp,375.432743000,0.565000000
3: redirect_kv_nopp,376.137454000,0.566666667
3: redirect_kv_nopp,376.181188000,0.568333333
3: redirect_kv_nopp,377.958693000,0.570000000
3: redirect_kv_nopp,378.602798000,0.571666667
3: redirect_kv_nopp,378.819521000,0.573333333
3: redirect_kv_nopp,379.221673000,0.575000000
3: redirect_kv_nopp,380.067547000,0.576666667
3: redirect_kv_nopp,380.961596000,0.578333333
3: redirect_kv_nopp,380.991031000,0.580000000
3: redirect_kv_nopp,381.064422000,0.581666667
3: redirect_kv_nopp,384.256737000,0.583333333
3: redirect_kv_nopp,386.513081000,0.585000000
3: redirect_kv_nopp,386.516091000,0.586666667
3: redirect_kv_nopp,387.063057000,0.588333333
3: redirect_kv_nopp,387.159276000,0.590000000
3: redirect_kv_nopp,387.520084000,0.591666667
3: redirect_kv_nopp,387.902478000,0.593333333
3: redirect_kv_nopp,387.910663000,0.595000000
3: redirect_kv_nopp,389.104171000,0.596666667
3: redirect_kv_nopp,389.678713000,0.598333333
3: redirect_kv_nopp,391.218301000,0.600000000
3: redirect_kv_nopp,391.286933000,0.601666667
3: redirect_kv_nopp,393.586145000,0.603333333
3: redirect_kv_nopp,395.127144000,0.605000000
3: redirect_kv_nopp,396.415346000,0.606666667
3: redirect_kv_nopp,396.663489000,0.608333333
3: redirect_kv_nopp,397.262704000,0.610000000
3: redirect_kv_nopp,397.757780000,0.611666667
3: redirect_kv_nopp,397.815091000,0.613333333
3: redirect_kv_nopp,397.854462000,0.615000000
3: redirect_kv_nopp,397.922121000,0.616666667
3: redirect_kv_nopp,398.413715000,0.618333333
3: redirect_kv_nopp,399.452199000,0.620000000
3: redirect_kv_nopp,402.344956000,0.621666667
3: redirect_kv_nopp,402.674236000,0.623333333
3: redirect_kv_nopp,405.110270000,0.625000000
3: redirect_kv_nopp,405.968959000,0.626666667
3: redirect_kv_nopp,410.160165000,0.628333333
3: redirect_kv_nopp,410.505895000,0.630000000
3: redirect_kv_nopp,411.548271000,0.631666667
3: redirect_kv_nopp,412.747923000,0.633333333
3: redirect_kv_nopp,414.404734000,0.635000000
3: redirect_kv_nopp,414.665141000,0.636666667
3: redirect_kv_nopp,415.619059000,0.638333333
3: redirect_kv_nopp,415.892393000,0.640000000
3: redirect_kv_nopp,416.428493000,0.641666667
3: redirect_kv_nopp,417.390730000,0.643333333
3: redirect_kv_nopp,417.446129000,0.645000000
3: redirect_kv_nopp,419.281930000,0.646666667
3: redirect_kv_nopp,421.266221000,0.648333333
3: redirect_kv_nopp,424.434354000,0.650000000
3: redirect_kv_nopp,424.567674000,0.651666667
3: redirect_kv_nopp,425.351245000,0.653333333
3: redirect_kv_nopp,427.834157000,0.655000000
3: redirect_kv_nopp,427.834990000,0.656666667
3: redirect_kv_nopp,428.107424000,0.658333333
3: redirect_kv_nopp,435.347959000,0.660000000
3: redirect_kv_nopp,435.884030000,0.661666667
3: redirect_kv_nopp,436.041862000,0.663333333
3: redirect_kv_nopp,439.262959000,0.665000000
3: redirect_kv_nopp,439.736858000,0.666666667
3: redirect_kv_nopp,440.535719000,0.668333333
3: redirect_kv_nopp,440.844261000,0.670000000
3: redirect_kv_nopp,441.587398000,0.671666667
3: redirect_kv_nopp,445.502543000,0.673333333
3: redirect_kv_nopp,449.698068000,0.675000000
3: redirect_kv_nopp,450.002787000,0.676666667
3: redirect_kv_nopp,452.962367000,0.678333333
3: redirect_kv_nopp,454.972661000,0.680000000
3: redirect_kv_nopp,457.709282000,0.681666667
3: redirect_kv_nopp,458.752694000,0.683333333
3: redirect_kv_nopp,461.253169000,0.685000000
3: redirect_kv_nopp,463.027833000,0.686666667
3: redirect_kv_nopp,463.617042000,0.688333333
3: redirect_kv_nopp,463.717017000,0.690000000
3: redirect_kv_nopp,464.976147000,0.691666667
3: redirect_kv_nopp,466.124741000,0.693333333
3: redirect_kv_nopp,466.753610000,0.695000000
3: redirect_kv_nopp,468.563322000,0.696666667
3: redirect_kv_nopp,470.708426000,0.698333333
3: redirect_kv_nopp,471.409708000,0.700000000
3: redirect_kv_nopp,471.783423000,0.701666667
3: redirect_kv_nopp,472.071976000,0.703333333
3: redirect_kv_nopp,472.315810000,0.705000000
3: redirect_kv_nopp,476.422596000,0.706666667
3: redirect_kv_nopp,476.618739000,0.708333333
3: redirect_kv_nopp,481.703834000,0.710000000
3: redirect_kv_nopp,481.848962000,0.711666667
3: redirect_kv_nopp,482.906456000,0.713333333
3: redirect_kv_nopp,484.120922000,0.715000000
3: redirect_kv_nopp,485.018244000,0.716666667
3: redirect_kv_nopp,486.221954000,0.718333333
3: redirect_kv_nopp,486.789146000,0.720000000
3: redirect_kv_nopp,492.172971000,0.721666667
3: redirect_kv_nopp,492.877783000,0.723333333
3: redirect_kv_nopp,493.428959000,0.725000000
3: redirect_kv_nopp,495.920611000,0.726666667
3: redirect_kv_nopp,500.906893000,0.728333333
3: redirect_kv_nopp,501.548272000,0.730000000
3: redirect_kv_nopp,502.621322000,0.731666667
3: redirect_kv_nopp,503.395343000,0.733333333
3: redirect_kv_nopp,503.526729000,0.735000000
3: redirect_kv_nopp,506.900056000,0.736666667
3: redirect_kv_nopp,507.280531000,0.738333333
3: redirect_kv_nopp,507.958079000,0.740000000
3: redirect_kv_nopp,508.653038000,0.741666667
3: redirect_kv_nopp,511.121405000,0.743333333
3: redirect_kv_nopp,514.067037000,0.745000000
3: redirect_kv_nopp,516.167885000,0.746666667
3: redirect_kv_nopp,519.061715000,0.748333333
3: redirect_kv_nopp,524.787007000,0.750000000
3: redirect_kv_nopp,524.975881000,0.751666667
3: redirect_kv_nopp,531.791049000,0.753333333
3: redirect_kv_nopp,532.029064000,0.755000000
3: redirect_kv_nopp,532.061266000,0.756666667
3: redirect_kv_nopp,532.222666000,0.758333333
3: redirect_kv_nopp,533.530697000,0.760000000
3: redirect_kv_nopp,535.796809000,0.761666667
3: redirect_kv_nopp,536.003080000,0.763333333
3: redirect_kv_nopp,536.521199000,0.765000000
3: redirect_kv_nopp,538.752335000,0.766666667
3: redirect_kv_nopp,539.354644000,0.768333333
3: redirect_kv_nopp,540.316683000,0.770000000
3: redirect_kv_nopp,541.637799000,0.771666667
3: redirect_kv_nopp,541.730815000,0.773333333
3: redirect_kv_nopp,542.027813000,0.775000000
3: redirect_kv_nopp,542.607901000,0.776666667
3: redirect_kv_nopp,544.058743000,0.778333333
3: redirect_kv_nopp,544.641970000,0.780000000
3: redirect_kv_nopp,545.233278000,0.781666667
3: redirect_kv_nopp,546.150090000,0.783333333
3: redirect_kv_nopp,546.981792000,0.785000000
3: redirect_kv_nopp,547.256478000,0.786666667
3: redirect_kv_nopp,547.505110000,0.788333333
3: redirect_kv_nopp,553.503397000,0.790000000
3: redirect_kv_nopp,553.866190000,0.791666667
3: redirect_kv_nopp,554.472142000,0.793333333
3: redirect_kv_nopp,555.403477000,0.795000000
3: redirect_kv_nopp,556.326764000,0.796666667
3: redirect_kv_nopp,558.368822000,0.798333333
3: redirect_kv_nopp,559.371656000,0.800000000
3: redirect_kv_nopp,560.500422000,0.801666667
3: redirect_kv_nopp,561.854685000,0.803333333
3: redirect_kv_nopp,563.978632000,0.805000000
3: redirect_kv_nopp,564.592569000,0.806666667
3: redirect_kv_nopp,567.202115000,0.808333333
3: redirect_kv_nopp,567.312642000,0.810000000
3: redirect_kv_nopp,568.419868000,0.811666667
3: redirect_kv_nopp,568.903694000,0.813333333
3: redirect_kv_nopp,570.977841000,0.815000000
3: redirect_kv_nopp,574.373975000,0.816666667
3: redirect_kv_nopp,574.772175000,0.818333333
3: redirect_kv_nopp,578.258049000,0.820000000
3: redirect_kv_nopp,585.320936000,0.821666667
3: redirect_kv_nopp,585.522632000,0.823333333
3: redirect_kv_nopp,588.584912000,0.825000000
3: redirect_kv_nopp,590.682788000,0.826666667
3: redirect_kv_nopp,590.814002000,0.828333333
3: redirect_kv_nopp,592.654122000,0.830000000
3: redirect_kv_nopp,593.143833000,0.831666667
3: redirect_kv_nopp,594.655273000,0.833333333
3: redirect_kv_nopp,597.469304000,0.835000000
3: redirect_kv_nopp,600.493984000,0.836666667
3: redirect_kv_nopp,601.739440000,0.838333333
3: redirect_kv_nopp,611.470491000,0.840000000
3: redirect_kv_nopp,615.938518000,0.841666667
3: redirect_kv_nopp,622.263455000,0.843333333
3: redirect_kv_nopp,624.544060000,0.845000000
3: redirect_kv_nopp,625.061180000,0.846666667
3: redirect_kv_nopp,625.257692000,0.848333333
3: redirect_kv_nopp,626.046182000,0.850000000
3: redirect_kv_nopp,627.931207000,0.851666667
3: redirect_kv_nopp,630.079743000,0.853333333
3: redirect_kv_nopp,631.357774000,0.855000000
3: redirect_kv_nopp,634.659500000,0.856666667
3: redirect_kv_nopp,637.714775000,0.858333333
3: redirect_kv_nopp,641.428034000,0.860000000
3: redirect_kv_nopp,641.615434000,0.861666667
3: redirect_kv_nopp,646.521978000,0.863333333
3: redirect_kv_nopp,652.703323000,0.865000000
3: redirect_kv_nopp,657.474647000,0.866666667
3: redirect_kv_nopp,661.665053000,0.868333333
3: redirect_kv_nopp,663.668776000,0.870000000
3: redirect_kv_nopp,663.906170000,0.871666667
3: redirect_kv_nopp,665.164152000,0.873333333
3: redirect_kv_nopp,675.263835000,0.875000000
3: redirect_kv_nopp,687.104618000,0.876666667
3: redirect_kv_nopp,692.689902000,0.878333333
3: redirect_kv_nopp,693.079427000,0.880000000
3: redirect_kv_nopp,701.859493000,0.881666667
3: redirect_kv_nopp,711.125686000,0.883333333
3: redirect_kv_nopp,711.529094000,0.885000000
3: redirect_kv_nopp,723.377396000,0.886666667
3: redirect_kv_nopp,728.918628000,0.888333333
3: redirect_kv_nopp,729.425893000,0.890000000
3: redirect_kv_nopp,737.423774000,0.891666667
3: redirect_kv_nopp,742.339789000,0.893333333
3: redirect_kv_nopp,748.046503000,0.895000000
3: redirect_kv_nopp,754.938314000,0.896666667
3: redirect_kv_nopp,755.182909000,0.898333333
3: redirect_kv_nopp,759.180369000,0.900000000
3: redirect_kv_nopp,760.049463000,0.901666667
3: redirect_kv_nopp,760.392318000,0.903333333
3: redirect_kv_nopp,764.200672000,0.905000000
3: redirect_kv_nopp,768.424901000,0.906666667
3: redirect_kv_nopp,768.576171000,0.908333333
3: redirect_kv_nopp,772.971457000,0.910000000
3: redirect_kv_nopp,798.112559000,0.911666667
3: redirect_kv_nopp,799.566624000,0.913333333
3: redirect_kv_nopp,808.657015000,0.915000000
3: redirect_kv_nopp,808.688411000,0.916666667
3: redirect_kv_nopp,810.518161000,0.918333333
3: redirect_kv_nopp,822.711389000,0.920000000
3: redirect_kv_nopp,822.826683000,0.921666667
3: redirect_kv_nopp,827.340381000,0.923333333
3: redirect_kv_nopp,834.761805000,0.925000000
3: redirect_kv_nopp,835.633474000,0.926666667
3: redirect_kv_nopp,841.949500000,0.928333333
3: redirect_kv_nopp,844.968246000,0.930000000
3: redirect_kv_nopp,850.959066000,0.931666667
3: redirect_kv_nopp,854.622814000,0.933333333
3: redirect_kv_nopp,860.469627000,0.935000000
3: redirect_kv_nopp,863.184384000,0.936666667
3: redirect_kv_nopp,868.478794000,0.938333333
3: redirect_kv_nopp,870.376080000,0.940000000
3: redirect_kv_nopp,872.431908000,0.941666667
3: redirect_kv_nopp,878.776162000,0.943333333
3: redirect_kv_nopp,880.551518000,0.945000000
3: redirect_kv_nopp,887.572560000,0.946666667
3: redirect_kv_nopp,895.130950000,0.948333333
3: redirect_kv_nopp,896.043723000,0.950000000
3: redirect_kv_nopp,899.533471000,0.951666667
3: redirect_kv_nopp,903.110080000,0.953333333
3: redirect_kv_nopp,906.668886000,0.955000000
3: redirect_kv_nopp,911.961949000,0.956666667
3: redirect_kv_nopp,916.276128000,0.958333333
3: redirect_kv_nopp,925.961410000,0.960000000
3: redirect_kv_nopp,940.640742000,0.961666667
3: redirect_kv_nopp,966.525385000,0.963333333
3: redirect_kv_nopp,967.065578000,0.965000000
3: redirect_kv_nopp,967.475059000,0.966666667
3: redirect_kv_nopp,990.144137000,0.968333333
3: redirect_kv_nopp,999.257907000,0.970000000
3: redirect_kv_nopp,1024.924528000,0.971666667
3: redirect_kv_nopp,1025.848602000,0.973333333
3: redirect_kv_nopp,1029.277895000,0.975000000
3: redirect_kv_nopp,1032.088664000,0.976666667
3: redirect_kv_nopp,1036.853865000,0.978333333
3: redirect_kv_nopp,1064.320537000,0.980000000
3: redirect_kv_nopp,1077.786028000,0.981666667
3: redirect_kv_nopp,1150.180159000,0.983333333
3: redirect_kv_nopp,1186.446021000,0.985000000
3: redirect_kv_nopp,1269.327817000,0.986666667
3: redirect_kv_nopp,1270.429280000,0.988333333
3: redirect_kv_nopp,1279.779394000,0.990000000
3: redirect_kv_nopp,1287.472722000,0.991666667
3: redirect_kv_nopp,1298.908863000,0.993333333
3: redirect_kv_nopp,1352.430155000,0.995000000
3: redirect_kv_nopp,1437.006044000,0.996666667
3: redirect_kv_nopp,1483.947951000,0.998333333
3: redirect_kv_nopp,1572.601554000,1.000000000
4: redirect_kv_pp2,26.170807000,0.001666667
4: redirect_kv_pp2,37.863942000,0.003333333
4: redirect_kv_pp2,39.868981000,0.005000000
4: redirect_kv_pp2,40.890229000,0.006666667
4: redirect_kv_pp2,49.543635000,0.008333333
4: redirect_kv_pp2,54.112017000,0.010000000
4: redirect_kv_pp2,54.468058000,0.011666667
4: redirect_kv_pp2,57.589266000,0.013333333
4: redirect_kv_pp2,61.650665000,0.015000000
4: redirect_kv_pp2,64.427933000,0.016666667
4: redirect_kv_pp2,69.044990000,0.018333333
4: redirect_kv_pp2,69.570973000,0.020000000
4: redirect_kv_pp2,76.494015000,0.021666667
4: redirect_kv_pp2,98.842994000,0.023333333
4: redirect_kv_pp2,110.096182000,0.025000000
4: redirect_kv_pp2,132.885099000,0.026666667
4: redirect_kv_pp2,134.560831000,0.028333333
4: redirect_kv_pp2,169.550197000,0.030000000
4: redirect_kv_pp2,171.973515000,0.031666667
4: redirect_kv_pp2,173.007825000,0.033333333
4: redirect_kv_pp2,174.223682000,0.035000000
4: redirect_kv_pp2,180.616068000,0.036666667
4: redirect_kv_pp2,181.348971000,0.038333333
4: redirect_kv_pp2,185.118563000,0.040000000
4: redirect_kv_pp2,185.218970000,0.041666667
4: redirect_kv_pp2,185.476413000,0.043333333
4: redirect_kv_pp2,189.176010000,0.045000000
4: redirect_kv_pp2,189.400009000,0.046666667
4: redirect_kv_pp2,189.414384000,0.048333333
4: redirect_kv_pp2,189.734437000,0.050000000
4: redirect_kv_pp2,192.226924000,0.051666667
4: redirect_kv_pp2,192.968527000,0.053333333
4: redirect_kv_pp2,193.183002000,0.055000000
4: redirect_kv_pp2,193.325034000,0.056666667
4: redirect_kv_pp2,194.205445000,0.058333333
4: redirect_kv_pp2,194.763427000,0.060000000
4: redirect_kv_pp2,194.895710000,0.061666667
4: redirect_kv_pp2,195.254363000,0.063333333
4: redirect_kv_pp2,195.580608000,0.065000000
4: redirect_kv_pp2,196.442436000,0.066666667
4: redirect_kv_pp2,196.485111000,0.068333333
4: redirect_kv_pp2,196.693288000,0.070000000
4: redirect_kv_pp2,197.554313000,0.071666667
4: redirect_kv_pp2,197.742217000,0.073333333
4: redirect_kv_pp2,197.875754000,0.075000000
4: redirect_kv_pp2,197.878628000,0.076666667
4: redirect_kv_pp2,198.190255000,0.078333333
4: redirect_kv_pp2,199.292070000,0.080000000
4: redirect_kv_pp2,199.548076000,0.081666667
4: redirect_kv_pp2,199.670960000,0.083333333
4: redirect_kv_pp2,199.977461000,0.085000000
4: redirect_kv_pp2,200.557026000,0.086666667
4: redirect_kv_pp2,201.252061000,0.088333333
4: redirect_kv_pp2,201.448515000,0.090000000
4: redirect_kv_pp2,201.787062000,0.091666667
4: redirect_kv_pp2,202.254659000,0.093333333
4: redirect_kv_pp2,202.525020000,0.095000000
4: redirect_kv_pp2,202.679423000,0.096666667
4: redirect_kv_pp2,202.915847000,0.098333333
4: redirect_kv_pp2,203.672100000,0.100000000
4: redirect_kv_pp2,204.217103000,0.101666667
4: redirect_kv_pp2,204.276721000,0.103333333
4: redirect_kv_pp2,204.743718000,0.105000000
4: redirect_kv_pp2,205.817675000,0.106666667
4: redirect_kv_pp2,206.486499000,0.108333333
4: redirect_kv_pp2,206.905623000,0.110000000
4: redirect_kv_pp2,207.340235000,0.111666667
4: redirect_kv_pp2,207.704201000,0.113333333
4: redirect_kv_pp2,207.730807000,0.115000000
4: redirect_kv_pp2,208.166697000,0.116666667
4: redirect_kv_pp2,208.356587000,0.118333333
4: redirect_kv_pp2,208.984691000,0.120000000
4: redirect_kv_pp2,209.632040000,0.121666667
4: redirect_kv_pp2,209.953802000,0.123333333
4: redirect_kv_pp2,210.174245000,0.125000000
4: redirect_kv_pp2,210.274675000,0.126666667
4: redirect_kv_pp2,210.404337000,0.128333333
4: redirect_kv_pp2,210.533266000,0.130000000
4: redirect_kv_pp2,210.681971000,0.131666667
4: redirect_kv_pp2,210.804066000,0.133333333
4: redirect_kv_pp2,211.223859000,0.135000000
4: redirect_kv_pp2,211.282676000,0.136666667
4: redirect_kv_pp2,211.940070000,0.138333333
4: redirect_kv_pp2,212.195906000,0.140000000
4: redirect_kv_pp2,212.378089000,0.141666667
4: redirect_kv_pp2,212.455457000,0.143333333
4: redirect_kv_pp2,212.499367000,0.145000000
4: redirect_kv_pp2,212.578224000,0.146666667
4: redirect_kv_pp2,212.769820000,0.148333333
4: redirect_kv_pp2,212.881049000,0.150000000
4: redirect_kv_pp2,213.291575000,0.151666667
4: redirect_kv_pp2,213.397804000,0.153333333
4: redirect_kv_pp2,213.524032000,0.155000000
4: redirect_kv_pp2,213.614352000,0.156666667
4: redirect_kv_pp2,213.877494000,0.158333333
4: redirect_kv_pp2,213.892094000,0.160000000
4: redirect_kv_pp2,214.350835000,0.161666667
4: redirect_kv_pp2,214.381661000,0.163333333
4: redirect_kv_pp2,214.428927000,0.165000000
4: redirect_kv_pp2,214.652363000,0.166666667
4: redirect_kv_pp2,215.058333000,0.168333333
4: redirect_kv_pp2,215.112341000,0.170000000
4: redirect_kv_pp2,216.441540000,0.171666667
4: redirect_kv_pp2,216.783471000,0.173333333
4: redirect_kv_pp2,216.857901000,0.175000000
4: redirect_kv_pp2,217.130819000,0.176666667
4: redirect_kv_pp2,217.498383000,0.178333333
4: redirect_kv_pp2,217.500218000,0.180000000
4: redirect_kv_pp2,217.957295000,0.181666667
4: redirect_kv_pp2,218.087770000,0.183333333
4: redirect_kv_pp2,218.622320000,0.185000000
4: redirect_kv_pp2,218.909351000,0.186666667
4: redirect_kv_pp2,218.933259000,0.188333333
4: redirect_kv_pp2,219.266163000,0.190000000
4: redirect_kv_pp2,219.615021000,0.191666667
4: redirect_kv_pp2,219.728386000,0.193333333
4: redirect_kv_pp2,219.895238000,0.195000000
4: redirect_kv_pp2,220.253843000,0.196666667
4: redirect_kv_pp2,220.505876000,0.198333333
4: redirect_kv_pp2,220.628678000,0.200000000
4: redirect_kv_pp2,220.936392000,0.201666667
4: redirect_kv_pp2,221.357879000,0.203333333
4: redirect_kv_pp2,221.601849000,0.205000000
4: redirect_kv_pp2,221.730878000,0.206666667
4: redirect_kv_pp2,221.900985000,0.208333333
4: redirect_kv_pp2,221.939638000,0.210000000
4: redirect_kv_pp2,222.406991000,0.211666667
4: redirect_kv_pp2,222.420710000,0.213333333
4: redirect_kv_pp2,222.502955000,0.215000000
4: redirect_kv_pp2,222.544672000,0.216666667
4: redirect_kv_pp2,222.813265000,0.218333333
4: redirect_kv_pp2,224.353220000,0.220000000
4: redirect_kv_pp2,224.805818000,0.221666667
4: redirect_kv_pp2,224.806515000,0.223333333
4: redirect_kv_pp2,225.106528000,0.225000000
4: redirect_kv_pp2,225.678870000,0.226666667
4: redirect_kv_pp2,225.972962000,0.228333333
4: redirect_kv_pp2,227.503969000,0.230000000
4: redirect_kv_pp2,227.763498000,0.231666667
4: redirect_kv_pp2,227.996273000,0.233333333
4: redirect_kv_pp2,228.038814000,0.235000000
4: redirect_kv_pp2,228.479454000,0.236666667
4: redirect_kv_pp2,228.536577000,0.238333333
4: redirect_kv_pp2,228.817640000,0.240000000
4: redirect_kv_pp2,229.753728000,0.241666667
4: redirect_kv_pp2,230.249393000,0.243333333
4: redirect_kv_pp2,230.551190000,0.245000000
4: redirect_kv_pp2,231.283598000,0.246666667
4: redirect_kv_pp2,231.441266000,0.248333333
4: redirect_kv_pp2,231.707447000,0.250000000
4: redirect_kv_pp2,232.075146000,0.251666667
4: redirect_kv_pp2,232.347643000,0.253333333
4: redirect_kv_pp2,232.372626000,0.255000000
4: redirect_kv_pp2,232.515751000,0.256666667
4: redirect_kv_pp2,232.517571000,0.258333333
4: redirect_kv_pp2,232.586285000,0.260000000
4: redirect_kv_pp2,233.530090000,0.261666667
4: redirect_kv_pp2,233.595898000,0.263333333
4: redirect_kv_pp2,233.670044000,0.265000000
4: redirect_kv_pp2,234.507993000,0.266666667
4: redirect_kv_pp2,235.024051000,0.268333333
4: redirect_kv_pp2,235.237689000,0.270000000
4: redirect_kv_pp2,235.719560000,0.271666667
4: redirect_kv_pp2,235.966633000,0.273333333
4: redirect_kv_pp2,236.322168000,0.275000000
4: redirect_kv_pp2,236.495946000,0.276666667
4: redirect_kv_pp2,236.589249000,0.278333333
4: redirect_kv_pp2,236.721075000,0.280000000
4: redirect_kv_pp2,237.099534000,0.281666667
4: redirect_kv_pp2,237.159100000,0.283333333
4: redirect_kv_pp2,237.402935000,0.285000000
4: redirect_kv_pp2,237.419708000,0.286666667
4: redirect_kv_pp2,237.527343000,0.288333333
4: redirect_kv_pp2,237.887493000,0.290000000
4: redirect_kv_pp2,238.018291000,0.291666667
4: redirect_kv_pp2,238.295810000,0.293333333
4: redirect_kv_pp2,238.516976000,0.295000000
4: redirect_kv_pp2,238.745735000,0.296666667
4: redirect_kv_pp2,239.006634000,0.298333333
4: redirect_kv_pp2,239.031374000,0.300000000
4: redirect_kv_pp2,239.364576000,0.301666667
4: redirect_kv_pp2,239.914433000,0.303333333
4: redirect_kv_pp2,240.250809000,0.305000000
4: redirect_kv_pp2,241.107049000,0.306666667
4: redirect_kv_pp2,241.689159000,0.308333333
4: redirect_kv_pp2,241.776041000,0.310000000
4: redirect_kv_pp2,241.865727000,0.311666667
4: redirect_kv_pp2,242.184044000,0.313333333
4: redirect_kv_pp2,243.010842000,0.315000000
4: redirect_kv_pp2,243.674972000,0.316666667
4: redirect_kv_pp2,243.737649000,0.318333333
4: redirect_kv_pp2,244.515888000,0.320000000
4: redirect_kv_pp2,244.947045000,0.321666667
4: redirect_kv_pp2,245.302001000,0.323333333
4: redirect_kv_pp2,246.141051000,0.325000000
4: redirect_kv_pp2,246.147974000,0.326666667
4: redirect_kv_pp2,246.884523000,0.328333333
4: redirect_kv_pp2,247.474328000,0.330000000
4: redirect_kv_pp2,247.739977000,0.331666667
4: redirect_kv_pp2,248.184776000,0.333333333
4: redirect_kv_pp2,248.300420000,0.335000000
4: redirect_kv_pp2,249.596667000,0.336666667
4: redirect_kv_pp2,249.879526000,0.338333333
4: redirect_kv_pp2,250.671822000,0.340000000
4: redirect_kv_pp2,250.748636000,0.341666667
4: redirect_kv_pp2,251.222424000,0.343333333
4: redirect_kv_pp2,251.223901000,0.345000000
4: redirect_kv_pp2,251.341896000,0.346666667
4: redirect_kv_pp2,252.538811000,0.348333333
4: redirect_kv_pp2,252.723010000,0.350000000
4: redirect_kv_pp2,253.072782000,0.351666667
4: redirect_kv_pp2,253.775721000,0.353333333
4: redirect_kv_pp2,255.500186000,0.355000000
4: redirect_kv_pp2,255.854814000,0.356666667
4: redirect_kv_pp2,256.266283000,0.358333333
4: redirect_kv_pp2,256.943546000,0.360000000
4: redirect_kv_pp2,257.077406000,0.361666667
4: redirect_kv_pp2,257.450957000,0.363333333
4: redirect_kv_pp2,257.721000000,0.365000000
4: redirect_kv_pp2,258.214400000,0.366666667
4: redirect_kv_pp2,258.569334000,0.368333333
4: redirect_kv_pp2,258.642194000,0.370000000
4: redirect_kv_pp2,258.784544000,0.371666667
4: redirect_kv_pp2,258.863019000,0.373333333
4: redirect_kv_pp2,259.209580000,0.375000000
4: redirect_kv_pp2,259.324229000,0.376666667
4: redirect_kv_pp2,259.409049000,0.378333333
4: redirect_kv_pp2,259.641027000,0.380000000
4: redirect_kv_pp2,259.646655000,0.381666667
4: redirect_kv_pp2,260.280331000,0.383333333
4: redirect_kv_pp2,260.474771000,0.385000000
4: redirect_kv_pp2,260.675522000,0.386666667
4: redirect_kv_pp2,261.096394000,0.388333333
4: redirect_kv_pp2,261.212119000,0.390000000
4: redirect_kv_pp2,261.288154000,0.391666667
4: redirect_kv_pp2,261.523429000,0.393333333
4: redirect_kv_pp2,262.471224000,0.395000000
4: redirect_kv_pp2,262.603690000,0.396666667
4: redirect_kv_pp2,263.100094000,0.398333333
4: redirect_kv_pp2,263.148749000,0.400000000
4: redirect_kv_pp2,263.272121000,0.401666667
4: redirect_kv_pp2,263.422905000,0.403333333
4: redirect_kv_pp2,263.596215000,0.405000000
4: redirect_kv_pp2,263.988776000,0.406666667
4: redirect_kv_pp2,265.243031000,0.408333333
4: redirect_kv_pp2,265.331011000,0.410000000
4: redirect_kv_pp2,265.859313000,0.411666667
4: redirect_kv_pp2,265.861801000,0.413333333
4: redirect_kv_pp2,265.928845000,0.415000000
4: redirect_kv_pp2,266.194464000,0.416666667
4: redirect_kv_pp2,266.242408000,0.418333333
4: redirect_kv_pp2,266.898406000,0.420000000
4: redirect_kv_pp2,267.578881000,0.421666667
4: redirect_kv_pp2,267.994755000,0.423333333
4: redirect_kv_pp2,268.520891000,0.425000000
4: redirect_kv_pp2,268.708503000,0.426666667
4: redirect_kv_pp2,269.077792000,0.428333333
4: redirect_kv_pp2,269.218487000,0.430000000
4: redirect_kv_pp2,269.343511000,0.431666667
4: redirect_kv_pp2,269.767008000,0.433333333
4: redirect_kv_pp2,270.124539000,0.435000000
4: redirect_kv_pp2,270.513192000,0.436666667
4: redirect_kv_pp2,271.139023000,0.438333333
4: redirect_kv_pp2,271.345008000,0.440000000
4: redirect_kv_pp2,272.035371000,0.441666667
4: redirect_kv_pp2,272.965600000,0.443333333
4: redirect_kv_pp2,273.357547000,0.445000000
4: redirect_kv_pp2,273.811998000,0.446666667
4: redirect_kv_pp2,274.299767000,0.448333333
4: redirect_kv_pp2,275.468980000,0.450000000
4: redirect_kv_pp2,275.933163000,0.451666667
4: redirect_kv_pp2,276.028411000,0.453333333
4: redirect_kv_pp2,277.889974000,0.455000000
4: redirect_kv_pp2,278.607243000,0.456666667
4: redirect_kv_pp2,278.976019000,0.458333333
4: redirect_kv_pp2,279.486230000,0.460000000
4: redirect_kv_pp2,279.962241000,0.461666667
4: redirect_kv_pp2,280.438040000,0.463333333
4: redirect_kv_pp2,282.027723000,0.465000000
4: redirect_kv_pp2,282.049310000,0.466666667
4: redirect_kv_pp2,282.257244000,0.468333333
4: redirect_kv_pp2,282.444953000,0.470000000
4: redirect_kv_pp2,282.648268000,0.471666667
4: redirect_kv_pp2,282.780316000,0.473333333
4: redirect_kv_pp2,284.598825000,0.475000000
4: redirect_kv_pp2,284.685128000,0.476666667
4: redirect_kv_pp2,285.687180000,0.478333333
4: redirect_kv_pp2,285.951379000,0.480000000
4: redirect_kv_pp2,286.287798000,0.481666667
4: redirect_kv_pp2,286.300943000,0.483333333
4: redirect_kv_pp2,286.416348000,0.485000000
4: redirect_kv_pp2,286.526281000,0.486666667
4: redirect_kv_pp2,286.863650000,0.488333333
4: redirect_kv_pp2,286.890183000,0.490000000
4: redirect_kv_pp2,287.245794000,0.491666667
4: redirect_kv_pp2,287.644405000,0.493333333
4: redirect_kv_pp2,287.644906000,0.495000000
4: redirect_kv_pp2,287.990449000,0.496666667
4: redirect_kv_pp2,288.540336000,0.498333333
4: redirect_kv_pp2,288.794212000,0.500000000
4: redirect_kv_pp2,288.988457000,0.501666667
4: redirect_kv_pp2,289.629496000,0.503333333
4: redirect_kv_pp2,289.961976000,0.505000000
4: redirect_kv_pp2,290.181558000,0.506666667
4: redirect_kv_pp2,290.987818000,0.508333333
4: redirect_kv_pp2,293.001373000,0.510000000
4: redirect_kv_pp2,294.028991000,0.511666667
4: redirect_kv_pp2,296.211265000,0.513333333
4: redirect_kv_pp2,297.794790000,0.515000000
4: redirect_kv_pp2,298.349328000,0.516666667
4: redirect_kv_pp2,298.606364000,0.518333333
4: redirect_kv_pp2,301.529226000,0.520000000
4: redirect_kv_pp2,301.672870000,0.521666667
4: redirect_kv_pp2,302.634470000,0.523333333
4: redirect_kv_pp2,303.722595000,0.525000000
4: redirect_kv_pp2,304.428521000,0.526666667
4: redirect_kv_pp2,304.834463000,0.528333333
4: redirect_kv_pp2,305.283698000,0.530000000
4: redirect_kv_pp2,305.683810000,0.531666667
4: redirect_kv_pp2,307.148655000,0.533333333
4: redirect_kv_pp2,307.223975000,0.535000000
4: redirect_kv_pp2,308.162252000,0.536666667
4: redirect_kv_pp2,308.363479000,0.538333333
4: redirect_kv_pp2,308.434541000,0.540000000
4: redirect_kv_pp2,308.475153000,0.541666667
4: redirect_kv_pp2,308.817690000,0.543333333
4: redirect_kv_pp2,309.341161000,0.545000000
4: redirect_kv_pp2,310.278089000,0.546666667
4: redirect_kv_pp2,310.322123000,0.548333333
4: redirect_kv_pp2,310.729480000,0.550000000
4: redirect_kv_pp2,310.897947000,0.551666667
4: redirect_kv_pp2,310.968112000,0.553333333
4: redirect_kv_pp2,311.690177000,0.555000000
4: redirect_kv_pp2,312.395213000,0.556666667
4: redirect_kv_pp2,312.654539000,0.558333333
4: redirect_kv_pp2,312.731997000,0.560000000
4: redirect_kv_pp2,312.783704000,0.561666667
4: redirect_kv_pp2,313.349717000,0.563333333
4: redirect_kv_pp2,313.601604000,0.565000000
4: redirect_kv_pp2,314.064366000,0.566666667
4: redirect_kv_pp2,314.199219000,0.568333333
4: redirect_kv_pp2,315.789801000,0.570000000
4: redirect_kv_pp2,317.291852000,0.571666667
4: redirect_kv_pp2,317.532241000,0.573333333
4: redirect_kv_pp2,318.411292000,0.575000000
4: redirect_kv_pp2,319.144188000,0.576666667
4: redirect_kv_pp2,319.261696000,0.578333333
4: redirect_kv_pp2,319.296907000,0.580000000
4: redirect_kv_pp2,319.802917000,0.581666667
4: redirect_kv_pp2,319.852904000,0.583333333
4: redirect_kv_pp2,319.884829000,0.585000000
4: redirect_kv_pp2,320.593363000,0.586666667
4: redirect_kv_pp2,320.918852000,0.588333333
4: redirect_kv_pp2,321.114895000,0.590000000
4: redirect_kv_pp2,321.487239000,0.591666667
4: redirect_kv_pp2,322.676801000,0.593333333
4: redirect_kv_pp2,323.853525000,0.595000000
4: redirect_kv_pp2,324.076790000,0.596666667
4: redirect_kv_pp2,325.645708000,0.598333333
4: redirect_kv_pp2,326.586889000,0.600000000
4: redirect_kv_pp2,326.691470000,0.601666667
4: redirect_kv_pp2,326.740802000,0.603333333
4: redirect_kv_pp2,327.165297000,0.605000000
4: redirect_kv_pp2,328.385618000,0.606666667
4: redirect_kv_pp2,330.679633000,0.608333333
4: redirect_kv_pp2,331.101399000,0.610000000
4: redirect_kv_pp2,332.241781000,0.611666667
4: redirect_kv_pp2,332.892429000,0.613333333
4: redirect_kv_pp2,336.718243000,0.615000000
4: redirect_kv_pp2,337.314050000,0.616666667
4: redirect_kv_pp2,338.924826000,0.618333333
4: redirect_kv_pp2,338.955553000,0.620000000
4: redirect_kv_pp2,339.168603000,0.621666667
4: redirect_kv_pp2,340.876597000,0.623333333
4: redirect_kv_pp2,342.608919000,0.625000000
4: redirect_kv_pp2,342.860095000,0.626666667
4: redirect_kv_pp2,343.281328000,0.628333333
4: redirect_kv_pp2,345.905297000,0.630000000
4: redirect_kv_pp2,346.315725000,0.631666667
4: redirect_kv_pp2,346.903438000,0.633333333
4: redirect_kv_pp2,347.607663000,0.635000000
4: redirect_kv_pp2,347.917047000,0.636666667
4: redirect_kv_pp2,348.666457000,0.638333333
4: redirect_kv_pp2,350.267067000,0.640000000
4: redirect_kv_pp2,350.948956000,0.641666667
4: redirect_kv_pp2,351.715413000,0.643333333
4: redirect_kv_pp2,352.311292000,0.645000000
4: redirect_kv_pp2,354.440402000,0.646666667
4: redirect_kv_pp2,356.021852000,0.648333333
4: redirect_kv_pp2,356.073032000,0.650000000
4: redirect_kv_pp2,356.893508000,0.651666667
4: redirect_kv_pp2,357.014395000,0.653333333
4: redirect_kv_pp2,357.366620000,0.655000000
4: redirect_kv_pp2,359.391183000,0.656666667
4: redirect_kv_pp2,359.704327000,0.658333333
4: redirect_kv_pp2,360.269193000,0.660000000
4: redirect_kv_pp2,361.639630000,0.661666667
4: redirect_kv_pp2,362.256884000,0.663333333
4: redirect_kv_pp2,362.686103000,0.665000000
4: redirect_kv_pp2,363.795706000,0.666666667
4: redirect_kv_pp2,364.670894000,0.668333333
4: redirect_kv_pp2,365.676788000,0.670000000
4: redirect_kv_pp2,367.688982000,0.671666667
4: redirect_kv_pp2,368.806948000,0.673333333
4: redirect_kv_pp2,370.886442000,0.675000000
4: redirect_kv_pp2,371.348273000,0.676666667
4: redirect_kv_pp2,371.836638000,0.678333333
4: redirect_kv_pp2,373.508781000,0.680000000
4: redirect_kv_pp2,373.958189000,0.681666667
4: redirect_kv_pp2,374.282713000,0.683333333
4: redirect_kv_pp2,376.070787000,0.685000000
4: redirect_kv_pp2,378.815534000,0.686666667
4: redirect_kv_pp2,380.599827000,0.688333333
4: redirect_kv_pp2,380.833619000,0.690000000
4: redirect_kv_pp2,380.962087000,0.691666667
4: redirect_kv_pp2,381.079299000,0.693333333
4: redirect_kv_pp2,381.171694000,0.695000000
4: redirect_kv_pp2,382.482095000,0.696666667
4: redirect_kv_pp2,386.365682000,0.698333333
4: redirect_kv_pp2,387.542537000,0.700000000
4: redirect_kv_pp2,387.783387000,0.701666667
4: redirect_kv_pp2,388.570483000,0.703333333
4: redirect_kv_pp2,388.672238000,0.705000000
4: redirect_kv_pp2,388.975928000,0.706666667
4: redirect_kv_pp2,389.099934000,0.708333333
4: redirect_kv_pp2,389.691387000,0.710000000
4: redirect_kv_pp2,397.458704000,0.711666667
4: redirect_kv_pp2,399.564100000,0.713333333
4: redirect_kv_pp2,399.759832000,0.715000000
4: redirect_kv_pp2,401.340253000,0.716666667
4: redirect_kv_pp2,401.474465000,0.718333333
4: redirect_kv_pp2,401.896217000,0.720000000
4: redirect_kv_pp2,402.154571000,0.721666667
4: redirect_kv_pp2,403.875422000,0.723333333
4: redirect_kv_pp2,405.631778000,0.725000000
4: redirect_kv_pp2,406.342070000,0.726666667
4: redirect_kv_pp2,406.368206000,0.728333333
4: redirect_kv_pp2,406.790855000,0.730000000
4: redirect_kv_pp2,409.278936000,0.731666667
4: redirect_kv_pp2,409.417497000,0.733333333
4: redirect_kv_pp2,411.201490000,0.735000000
4: redirect_kv_pp2,411.904412000,0.736666667
4: redirect_kv_pp2,412.144853000,0.738333333
4: redirect_kv_pp2,413.053523000,0.740000000
4: redirect_kv_pp2,416.029341000,0.741666667
4: redirect_kv_pp2,416.683015000,0.743333333
4: redirect_kv_pp2,416.928475000,0.745000000
4: redirect_kv_pp2,417.771153000,0.746666667
4: redirect_kv_pp2,417.844574000,0.748333333
4: redirect_kv_pp2,419.844007000,0.750000000
4: redirect_kv_pp2,422.177107000,0.751666667
4: redirect_kv_pp2,423.419705000,0.753333333
4: redirect_kv_pp2,423.646633000,0.755000000
4: redirect_kv_pp2,424.312813000,0.756666667
4: redirect_kv_pp2,428.940009000,0.758333333
4: redirect_kv_pp2,429.147278000,0.760000000
4: redirect_kv_pp2,430.277521000,0.761666667
4: redirect_kv_pp2,431.088177000,0.763333333
4: redirect_kv_pp2,432.112742000,0.765000000
4: redirect_kv_pp2,432.154419000,0.766666667
4: redirect_kv_pp2,434.541483000,0.768333333
4: redirect_kv_pp2,436.663793000,0.770000000
4: redirect_kv_pp2,437.084628000,0.771666667
4: redirect_kv_pp2,440.985435000,0.773333333
4: redirect_kv_pp2,445.329543000,0.775000000
4: redirect_kv_pp2,446.380766000,0.776666667
4: redirect_kv_pp2,450.499229000,0.778333333
4: redirect_kv_pp2,452.104579000,0.780000000
4: redirect_kv_pp2,455.222291000,0.781666667
4: redirect_kv_pp2,458.540022000,0.783333333
4: redirect_kv_pp2,459.405360000,0.785000000
4: redirect_kv_pp2,459.718740000,0.786666667
4: redirect_kv_pp2,465.154540000,0.788333333
4: redirect_kv_pp2,465.328280000,0.790000000
4: redirect_kv_pp2,467.240411000,0.791666667
4: redirect_kv_pp2,467.753828000,0.793333333
4: redirect_kv_pp2,471.143459000,0.795000000
4: redirect_kv_pp2,472.421743000,0.796666667
4: redirect_kv_pp2,473.880400000,0.798333333
4: redirect_kv_pp2,473.977772000,0.800000000
4: redirect_kv_pp2,474.184573000,0.801666667
4: redirect_kv_pp2,475.827537000,0.803333333
4: redirect_kv_pp2,478.075706000,0.805000000
4: redirect_kv_pp2,479.817620000,0.806666667
4: redirect_kv_pp2,479.938530000,0.808333333
4: redirect_kv_pp2,485.399278000,0.810000000
4: redirect_kv_pp2,486.383860000,0.811666667
4: redirect_kv_pp2,487.519699000,0.813333333
4: redirect_kv_pp2,490.440195000,0.815000000
4: redirect_kv_pp2,495.227783000,0.816666667
4: redirect_kv_pp2,497.794221000,0.818333333
4: redirect_kv_pp2,498.799552000,0.820000000
4: redirect_kv_pp2,499.732340000,0.821666667
4: redirect_kv_pp2,499.981601000,0.823333333
4: redirect_kv_pp2,505.977373000,0.825000000
4: redirect_kv_pp2,506.755926000,0.826666667
4: redirect_kv_pp2,508.162189000,0.828333333
4: redirect_kv_pp2,508.167007000,0.830000000
4: redirect_kv_pp2,514.100238000,0.831666667
4: redirect_kv_pp2,517.512646000,0.833333333
4: redirect_kv_pp2,517.574460000,0.835000000
4: redirect_kv_pp2,520.104019000,0.836666667
4: redirect_kv_pp2,521.211259000,0.838333333
4: redirect_kv_pp2,521.850640000,0.840000000
4: redirect_kv_pp2,522.016225000,0.841666667
4: redirect_kv_pp2,522.177431000,0.843333333
4: redirect_kv_pp2,523.306320000,0.845000000
4: redirect_kv_pp2,523.316860000,0.846666667
4: redirect_kv_pp2,523.847606000,0.848333333
4: redirect_kv_pp2,528.074264000,0.850000000
4: redirect_kv_pp2,528.544679000,0.851666667
4: redirect_kv_pp2,528.985275000,0.853333333
4: redirect_kv_pp2,529.227165000,0.855000000
4: redirect_kv_pp2,529.355772000,0.856666667
4: redirect_kv_pp2,530.127567000,0.858333333
4: redirect_kv_pp2,532.529456000,0.860000000
4: redirect_kv_pp2,534.066123000,0.861666667
4: redirect_kv_pp2,536.028360000,0.863333333
4: redirect_kv_pp2,536.834939000,0.865000000
4: redirect_kv_pp2,537.444117000,0.866666667
4: redirect_kv_pp2,538.275934000,0.868333333
4: redirect_kv_pp2,539.059985000,0.870000000
4: redirect_kv_pp2,540.603339000,0.871666667
4: redirect_kv_pp2,543.169381000,0.873333333
4: redirect_kv_pp2,545.701341000,0.875000000
4: redirect_kv_pp2,546.629475000,0.876666667
4: redirect_kv_pp2,547.110540000,0.878333333
4: redirect_kv_pp2,547.766949000,0.880000000
4: redirect_kv_pp2,552.754790000,0.881666667
4: redirect_kv_pp2,553.606988000,0.883333333
4: redirect_kv_pp2,554.547047000,0.885000000
4: redirect_kv_pp2,555.146821000,0.886666667
4: redirect_kv_pp2,555.790292000,0.888333333
4: redirect_kv_pp2,556.942975000,0.890000000
4: redirect_kv_pp2,556.996196000,0.891666667
4: redirect_kv_pp2,558.270618000,0.893333333
4: redirect_kv_pp2,558.739479000,0.895000000
4: redirect_kv_pp2,558.772862000,0.896666667
4: redirect_kv_pp2,558.810455000,0.898333333
4: redirect_kv_pp2,560.689526000,0.900000000
4: redirect_kv_pp2,560.849178000,0.901666667
4: redirect_kv_pp2,563.486962000,0.903333333
4: redirect_kv_pp2,563.759407000,0.905000000
4: redirect_kv_pp2,563.889515000,0.906666667
4: redirect_kv_pp2,565.382245000,0.908333333
4: redirect_kv_pp2,567.285968000,0.910000000
4: redirect_kv_pp2,568.020522000,0.911666667
4: redirect_kv_pp2,569.742283000,0.913333333
4: redirect_kv_pp2,572.846109000,0.915000000
4: redirect_kv_pp2,574.115239000,0.916666667
4: redirect_kv_pp2,574.622055000,0.918333333
4: redirect_kv_pp2,575.946358000,0.920000000
4: redirect_kv_pp2,576.444127000,0.921666667
4: redirect_kv_pp2,577.508084000,0.923333333
4: redirect_kv_pp2,577.661415000,0.925000000
4: redirect_kv_pp2,578.587192000,0.926666667
4: redirect_kv_pp2,580.332853000,0.928333333
4: redirect_kv_pp2,583.617490000,0.930000000
4: redirect_kv_pp2,585.470771000,0.931666667
4: redirect_kv_pp2,590.530213000,0.933333333
4: redirect_kv_pp2,590.957844000,0.935000000
4: redirect_kv_pp2,592.629966000,0.936666667
4: redirect_kv_pp2,596.697227000,0.938333333
4: redirect_kv_pp2,597.341245000,0.940000000
4: redirect_kv_pp2,598.704630000,0.941666667
4: redirect_kv_pp2,598.810652000,0.943333333
4: redirect_kv_pp2,599.089170000,0.945000000
4: redirect_kv_pp2,600.719092000,0.946666667
4: redirect_kv_pp2,601.762391000,0.948333333
4: redirect_kv_pp2,602.065764000,0.950000000
4: redirect_kv_pp2,602.539816000,0.951666667
4: redirect_kv_pp2,609.753181000,0.953333333
4: redirect_kv_pp2,614.229403000,0.955000000
4: redirect_kv_pp2,616.273543000,0.956666667
4: redirect_kv_pp2,624.445358000,0.958333333
4: redirect_kv_pp2,624.785551000,0.960000000
4: redirect_kv_pp2,631.607302000,0.961666667
4: redirect_kv_pp2,631.809407000,0.963333333
4: redirect_kv_pp2,637.466772000,0.965000000
4: redirect_kv_pp2,639.835199000,0.966666667
4: redirect_kv_pp2,643.204676000,0.968333333
4: redirect_kv_pp2,647.720707000,0.970000000
4: redirect_kv_pp2,649.931456000,0.971666667
4: redirect_kv_pp2,653.265490000,0.973333333
4: redirect_kv_pp2,659.141044000,0.975000000
4: redirect_kv_pp2,661.732406000,0.976666667
4: redirect_kv_pp2,663.357791000,0.978333333
4: redirect_kv_pp2,664.896070000,0.980000000
4: redirect_kv_pp2,672.969757000,0.981666667
4: redirect_kv_pp2,673.561866000,0.983333333
4: redirect_kv_pp2,682.102057000,0.985000000
4: redirect_kv_pp2,698.852495000,0.986666667
4: redirect_kv_pp2,722.542286000,0.988333333
4: redirect_kv_pp2,784.396137000,0.990000000
4: redirect_kv_pp2,792.985720000,0.991666667
4: redirect_kv_pp2,801.013486000,0.993333333
4: redirect_kv_pp2,822.338735000,0.995000000
4: redirect_kv_pp2,888.701754000,0.996666667
4: redirect_kv_pp2,962.731729000,0.998333333
4: redirect_kv_pp2,1195.430080000,1.000000000
