prefill_chunk,kv_prefill,n_decode,kv_decode,time_us
0,0,1,16,11.3493
0,0,1,32,11.456
0,0,1,64,11.243
0,0,1,128,12.6933
0,0,1,256,13.4827
0,0,1,512,14.8693
0,0,1,1024,15.7337
0,0,1,2048,16.736
0,0,1,4096,19.008
0,0,1,8192,24.1493
0,0,1,16384,33.0347
0,0,2,16,11.3067
0,0,2,32,11.4027
0,0,2,64,11.2
0,0,2,128,12.4373
0,0,2,256,13.6107
0,0,2,512,15.5413
0,0,2,1024,16.864
0,0,2,2048,18.88
0,0,2,4096,23.7333
0,0,2,8192,33.28
0,0,2,16384,50.688
0,0,4,16,11.9893
0,0,4,32,11.968
0,0,4,64,12.1493
0,0,4,128,13.44
0,0,4,256,14.3683
0,0,4,512,17.5147
0,0,4,1024,19.0507
0,0,4,2048,24.0107
0,0,4,4096,32.416
0,0,4,8192,51.552
0,0,4,16384,87.67
0,0,8,16,12.6507
0,0,8,32,12.768
0,0,8,64,12.6827
0,0,8,128,14.08
0,0,8,256,14.912
0,0,8,512,19.4987
0,0,8,1024,24.64
0,0,8,2048,33.771
0,0,8,4096,51.4133
0,0,8,8192,87.712
0,0,8,16384,158.145
0,0,16,16,13.0133
0,0,16,32,13.227
0,0,16,64,13.3123
0,0,16,128,15.072
0,0,16,256,17.0347
0,0,16,512,24.9493
0,0,16,1024,34.6667
0,0,16,2048,51.563
0,0,16,4096,88.064
0,0,16,8192,158.091
0,0,16,16384,298.859
0,0,32,16,17.2373
0,0,32,32,17.2693
0,0,32,64,17.536
0,0,32,128,21.0777
0,0,32,256,24.256
0,0,32,512,37.184
0,0,32,1024,56.3733
0,0,32,2048,90.7947
0,0,32,4096,160.96
0,0,32,8192,299.894
0,0,32,16384,580.299
0,0,64,16,23.7227
0,0,64,32,24.2453
0,0,64,64,25.0133
0,0,64,128,30.9013
0,0,64,256,39.36
0,0,64,512,61.227
0,0,64,1024,96.534
0,0,64,2048,165.622
0,0,64,4096,302.134
0,0,64,8192,578.657
0,0,64,16384,1134.6
0,0,128,16,37.291
0,0,128,32,37.8133
0,0,128,64,38.3253
0,0,128,128,51.3387
0,0,128,256,66.7627
0,0,128,512,106.795
0,0,128,1024,176.587
0,0,128,2048,311.573
0,0,128,4096,582.688
0,0,128,8192,1134.46
0,0,128,16384,2244.39
16,0,0,0,11.7333
16,0,1,16,11.6373
16,0,1,32,11.6587
16,0,1,64,11.648
16,0,1,128,12.4053
16,0,1,256,13.3013
16,0,1,512,15.2
16,0,1,1024,16.3093
16,0,1,2048,17.0773
16,0,1,4096,19.7763
16,0,1,8192,24.896
16,0,1,16384,34.24
16,0,2,16,12.2347
16,0,2,32,12.1707
16,0,2,64,12.1173
16,0,2,128,13.1093
16,0,2,256,14.4533
16,0,2,512,15.648
16,0,2,1024,17.2907
16,0,2,2048,19.7227
16,0,2,4096,24.309
16,0,2,8192,33.952
16,0,2,16384,51.7123
16,0,4,16,12.2453
16,0,4,32,12.4053
16,0,4,64,12.32
16,0,4,128,13.6107
16,0,4,256,14.3573
16,0,4,512,17.728
16,0,4,1024,19.2
16,0,4,2048,24.0533
16,0,4,4096,33.6533
16,0,4,8192,51.84
16,0,4,16384,87.0507
16,0,8,16,12.64
16,0,8,32,12.8213
16,0,8,64,12.7897
16,0,8,128,14.1867
16,0,8,256,14.9973
16,0,8,512,21.9413
16,0,8,1024,25.024
16,0,8,2048,35.4773
16,0,8,4096,52.48
16,0,8,8192,88.672
16,0,8,16384,158.379
16,0,16,16,15.776
16,0,16,32,16.224
16,0,16,64,16.1817
16,0,16,128,16.928
16,0,16,256,17.1197
16,0,16,512,24.448
16,0,16,1024,34.9547
16,0,16,2048,52.9493
16,0,16,4096,88.1173
16,0,16,8192,158.933
16,0,16,16384,300.043
16,0,32,16,17.344
16,0,32,32,17.4613
16,0,32,64,17.5573
16,0,32,128,20.7573
16,0,32,256,24.5653
16,0,32,512,37.4507
16,0,32,1024,56.1493
16,0,32,2048,91.6373
16,0,32,4096,160.224
16,0,32,8192,299.638
16,0,32,16384,580.502
16,0,64,16,24.2987
16,0,64,32,24.288
16,0,64,64,25.0347
16,0,64,128,31.0293
16,0,64,256,39.5307
16,0,64,512,61.7173
16,0,64,1024,96.3947
16,0,64,2048,165.494
16,0,64,4096,303.264
16,0,64,8192,579.116
16,0,64,16384,1136
16,16,0,0,11.744
16,16,1,16,11.6373
16,16,1,32,11.68
16,16,1,64,11.6693
16,16,1,128,12.4373
16,16,1,256,13.4507
16,16,1,512,15.6267
16,16,1,1024,16.2027
16,16,1,2048,17.1947
16,16,1,4096,19.6587
16,16,1,8192,24.7893
16,16,1,16384,34.4217
16,16,2,16,12.2773
16,16,2,32,12.3947
16,16,2,64,12.1387
16,16,2,128,13.0667
16,16,2,256,14.2507
16,16,2,512,15.84
16,16,2,1024,17.2693
16,16,2,2048,19.4987
16,16,2,4096,24.1173
16,16,2,8192,34.272
16,16,2,16384,52.4803
16,16,4,16,12.3413
16,16,4,32,12.384
16,16,4,64,12.4053
16,16,4,128,13.6533
16,16,4,256,14.4533
16,16,4,512,17.7387
16,16,4,1024,19.3493
16,16,4,2048,24.3097
16,16,4,4096,33.8027
16,16,4,8192,52.9387
16,16,4,16384,88.0213
16,16,8,16,12.6613
16,16,8,32,12.736
16,16,8,64,12.8323
16,16,8,128,14.112
16,16,8,256,14.8053
16,16,8,512,21.9733
16,16,8,1024,24.7893
16,16,8,2048,35.3813
16,16,8,4096,52.5337
16,16,8,8192,88.7467
16,16,8,16384,159.158
16,16,16,16,15.9573
16,16,16,32,16.064
16,16,16,64,15.936
16,16,16,128,16.576
16,16,16,256,17.952
16,16,16,512,24.576
16,16,16,1024,34.6667
16,16,16,2048,52.896
16,16,16,4096,88.192
16,16,16,8192,158.784
16,16,16,16384,299.04
16,16,32,16,17.2373
16,16,32,32,17.2057
16,16,32,64,17.4293
16,16,32,128,20.8747
16,16,32,256,24.9067
16,16,32,512,37.4187
16,16,32,1024,56.608
16,16,32,2048,91.264
16,16,32,4096,159.819
16,16,32,8192,298.742
16,16,32,16384,580.502
16,16,64,16,24.4267
16,16,64,32,24.64
16,16,64,64,25.12
16,16,64,128,30.9227
16,16,64,256,39.4453
16,16,64,512,61.963
16,16,64,1024,97.3017
16,16,64,2048,165.92
16,16,64,4096,302.849
16,16,64,8192,577.334
16,16,64,16384,1135.25
16,32,0,0,11.68
16,32,1,16,11.6477
16,32,1,32,11.6693
16,32,1,64,11.6267
16,32,1,128,12.5227
16,32,1,256,13.3013
16,32,1,512,15.2853
16,32,1,1024,16.096
16,32,1,2048,17.2693
16,32,1,4096,19.9147
16,32,1,8192,24.352
16,32,1,16384,33.92
16,32,2,16,12.2453
16,32,2,32,12.3523
16,32,2,64,12.2137
16,32,2,128,13.28
16,32,2,256,14.0907
16,32,2,512,15.7013
16,32,2,1024,16.9493
16,32,2,2048,19.4987
16,32,2,4096,24.3417
16,32,2,8192,34.6347
16,32,2,16384,52.288
16,32,4,16,12.1813
16,32,4,32,12.2343
16,32,4,64,12.352
16,32,4,128,13.5253
16,32,4,256,14.4853
16,32,4,512,17.4933
16,32,4,1024,19.4773
16,32,4,2048,24.576
16,32,4,4096,34.0053
16,32,4,8192,52.128
16,32,4,16384,88.8427
16,32,8,16,12.8
16,32,8,32,12.7573
16,32,8,64,12.832
16,32,8,128,14.1017
16,32,8,256,14.944
16,32,8,512,22.176
16,32,8,1024,25.024
16,32,8,2048,34.912
16,32,8,4096,52.5547
16,32,8,8192,88.2667
16,32,8,16384,159.19
16,32,16,16,15.84
16,32,16,32,15.84
16,32,16,64,16.352
16,32,16,128,17.44
16,32,16,256,17.664
16,32,16,512,25.0667
16,32,16,1024,34.336
16,32,16,2048,53.12
16,32,16,4096,89.6213
16,32,16,8192,160.085
16,32,16,16384,301.238
16,32,32,16,17.2373
16,32,32,32,17.6533
16,32,32,64,17.4613
16,32,32,128,20.6507
16,32,32,256,24.576
16,32,32,512,37.5043
16,32,32,1024,56.288
16,32,32,2048,91.5947
16,32,32,4096,160.352
16,32,32,8192,299.872
16,32,32,16384,580.139
16,32,64,16,24.373
16,32,64,32,24.3093
16,32,64,64,24.8643
16,32,64,128,31.2427
16,32,64,256,38.912
16,32,64,512,61.312
16,32,64,1024,96.7897
16,32,64,2048,165.291
16,32,64,4096,302.295
16,32,64,8192,578.86
16,32,64,16384,1134.18
16,64,0,0,11.8187
16,64,1,16,11.5413
16,64,1,32,11.6907
16,64,1,64,11.5733
16,64,1,128,12.352
16,64,1,256,13.536
16,64,1,512,15.5733
16,64,1,1024,16.1067
16,64,1,2048,17.1947
16,64,1,4096,19.7013
16,64,1,8192,24.6613
16,64,1,16384,34.9227
16,64,2,16,12.2347
16,64,2,32,12.3307
16,64,2,64,12.171
16,64,2,128,13.312
16,64,2,256,14.1973
16,64,2,512,15.6907
16,64,2,1024,17.6217
16,64,2,2048,19.2533
16,64,2,4096,24.6293
16,64,2,8192,34.1227
16,64,2,16384,52.9067
16,64,4,16,12.3413
16,64,4,32,12.32
16,64,4,64,12.352
16,64,4,128,13.7387
16,64,4,256,14.6987
16,64,4,512,17.696
16,64,4,1024,19.3173
16,64,4,2048,24.3093
16,64,4,4096,34.0587
16,64,4,8192,52.0003
16,64,4,16384,88.6403
16,64,8,16,12.8747
16,64,8,32,12.768
16,64,8,64,12.6933
16,64,8,128,14.1867
16,64,8,256,14.9547
16,64,8,512,21.8347
16,64,8,1024,25.0667
16,64,8,2048,34.3893
16,64,8,4096,53.4293
16,64,8,8192,89.4507
16,64,8,16384,160.512
16,64,16,16,15.9253
16,64,16,32,16.139
16,64,16,64,16.2453
16,64,16,128,17.1733
16,64,16,256,17.92
16,64,16,512,25.1737
16,64,16,1024,34.7627
16,64,16,2048,53.2267
16,64,16,4096,89.5147
16,64,16,8192,158.699
16,64,16,16384,299.691
16,64,32,16,17.3973
16,64,32,32,17.5253
16,64,32,64,17.3653
16,64,32,128,20.7787
16,64,32,256,24.8853
16,64,32,512,36.9173
16,64,32,1024,55.6587
16,64,32,2048,91.7013
16,64,32,4096,160.449
16,64,32,8192,297.803
16,64,32,16384,582.838
16,64,64,16,24.512
16,64,64,32,24.4053
16,64,64,64,25.0133
16,64,64,128,31.072
16,64,64,256,39.6587
16,64,64,512,62.144
16,64,64,1024,97.2907
16,64,64,2048,165.547
16,64,64,4096,303.072
16,64,64,8192,579.585
16,64,64,16384,1134.28
16,128,0,0,12.8
16,128,1,16,12.96
16,128,1,32,12.736
16,128,1,64,12.8107
16,128,1,128,12.832
16,128,1,256,13.4613
16,128,1,512,17.056
16,128,1,1024,16.5227
16,128,1,2048,17.0773
16,128,1,4096,19.84
16,128,1,8192,24.8213
16,128,1,16384,34.4963
16,128,2,16,13.216
16,128,2,32,13.376
16,128,2,64,13.3333
16,128,2,128,13.5253
16,128,2,256,14.3573
16,128,2,512,17.184
16,128,2,1024,17.28
16,128,2,2048,19.4773
16,128,2,4096,25.0667
16,128,2,8192,34.5173
16,128,2,16384,52.768
16,128,4,16,13.3227
16,128,4,32,13.1947
16,128,4,64,13.2907
16,128,4,128,13.6647
16,128,4,256,14.496
16,128,4,512,17.3973
16,128,4,1024,19.5947
16,128,4,2048,26.688
16,128,4,4096,34.624
16,128,4,8192,52.0747
16,128,4,16384,88.3947
16,128,8,16,13.824
16,128,8,32,13.984
16,128,8,64,13.824
16,128,8,128,14.144
16,128,8,256,15.2427
16,128,8,512,25.0667
16,128,8,1024,26.8267
16,128,8,2048,35.648
16,128,8,4096,53.0453
16,128,8,8192,88.2773
16,128,8,16384,159.413
16,128,16,16,17.0987
16,128,16,32,17.088
16,128,16,64,17.376
16,128,16,128,19.456
16,128,16,256,20.672
16,128,16,512,26.1867
16,128,16,1024,35.2533
16,128,16,2048,52.992
16,128,16,4096,88.0637
16,128,16,8192,159.051
16,128,16,16384,301.996
16,128,32,16,18.336
16,128,32,32,18.5493
16,128,32,64,18.7733
16,128,32,128,21.2907
16,128,32,256,24.736
16,128,32,512,38.0267
16,128,32,1024,56.352
16,128,32,2048,90.3893
16,128,32,4096,160.844
16,128,32,8192,299.67
16,128,32,16384,579.692
16,128,64,16,25.184
16,128,64,32,25.5787
16,128,64,64,26.432
16,128,64,128,31.6693
16,128,64,256,39.1467
16,128,64,512,61.8027
16,128,64,1024,96.992
16,128,64,2048,165.686
16,128,64,4096,301.921
16,128,64,8192,577.515
16,128,64,16384,1133.36
16,256,0,0,13.984
16,256,1,16,13.5787
16,256,1,32,13.76
16,256,1,64,13.7067
16,256,1,128,13.792
16,256,1,256,13.7707
16,256,1,512,17.472
16,256,1,1024,17.088
16,256,1,2048,18.5707
16,256,1,4096,19.712
16,256,1,8192,24.8853
16,256,1,16384,34.368
16,256,2,16,14.1227
16,256,2,32,14.2827
16,256,2,64,14.3147
16,256,2,128,14.4427
16,256,2,256,14.432
16,256,2,512,17.184
16,256,2,1024,18.6027
16,256,2,2048,19.7973
16,256,2,4096,24.5013
16,256,2,8192,34.7413
16,256,2,16384,52.8533
16,256,4,16,14.208
16,256,4,32,14.3147
16,256,4,64,14.5813
16,256,4,128,14.4747
16,256,4,256,14.6133
16,256,4,512,18.624
16,256,4,1024,19.4667
16,256,4,2048,26.859
16,256,4,4096,34.208
16,256,4,8192,51.7547
16,256,4,16384,87.936
16,256,8,16,14.7097
16,256,8,32,14.688
16,256,8,64,14.8907
16,256,8,128,14.8057
16,256,8,256,15.0507
16,256,8,512,25.2693
16,256,8,1024,30.048
16,256,8,2048,35.3707
16,256,8,4096,53.3117
16,256,8,8192,88.9493
16,256,8,16384,159.317
16,256,16,16,18.1013
16,256,16,32,18.315
16,256,16,64,18.3787
16,256,16,128,20.7467
16,256,16,256,22.7947
16,256,16,512,29.1413
16,256,16,1024,34.496
16,256,16,2048,53.0453
16,256,16,4096,88.7787
16,256,16,8192,159.222
16,256,16,16384,300.256
16,256,32,16,19.3813
16,256,32,32,19.8827
16,256,32,64,19.5947
16,256,32,128,22.496
16,256,32,256,25.3333
16,256,32,512,37.6853
16,256,32,1024,55.808
16,256,32,2048,91.424
16,256,32,4096,160.405
16,256,32,8192,299.382
16,256,32,16384,581.43
16,256,64,16,26.5493
16,256,64,32,26.6667
16,256,64,64,27.147
16,256,64,128,32.8747
16,256,64,256,40.6507
16,256,64,512,62.112
16,256,64,1024,96.6723
16,256,64,2048,166.763
16,256,64,4096,302.783
16,256,64,8192,578.443
16,256,64,16384,1136.65
16,512,0,0,17.035
16,512,1,16,17.6
16,512,1,32,17.2053
16,512,1,64,17.0773
16,512,1,128,17.3867
16,512,1,256,17.3657
16,512,1,512,17.3973
16,512,1,1024,17.1733
16,512,1,2048,18.7733
16,512,1,4096,20.096
16,512,1,8192,25.4187
16,512,1,16384,34.6987
16,512,2,16,17.6
16,512,2,32,17.6427
16,512,2,64,17.8027
16,512,2,128,17.568
16,512,2,256,17.5787
16,512,2,512,18.24
16,512,2,1024,18.6027
16,512,2,2048,20.768
16,512,2,4096,24.96
16,512,2,8192,35.701
16,512,2,16384,52.8747
16,512,4,16,17.184
16,512,4,32,17.28
16,512,4,64,16.96
16,512,4,128,17.5893
16,512,4,256,18.3043
16,512,4,512,18.6027
16,512,4,1024,20.544
16,512,4,2048,30.016
16,512,4,4096,38.8907
16,512,4,8192,52.1387
16,512,4,16384,88.171
16,512,8,16,17.6427
16,512,8,32,17.5573
16,512,8,64,17.7813
16,512,8,128,18.624
16,512,8,256,23.3493
16,512,8,512,26.08
16,512,8,1024,32.288
16,512,8,2048,39.4453
16,512,8,4096,53.2267
16,512,8,8192,89.6213
16,512,8,16384,159.093
16,512,16,16,22.336
16,512,16,32,22.1653
16,512,16,64,22.624
16,512,16,128,25.6003
16,512,16,256,27.4773
16,512,16,512,32.2667
16,512,16,1024,40.5013
16,512,16,2048,53.056
16,512,16,4096,89.2693
16,512,16,8192,159.841
16,512,16,16384,300.917
16,512,32,16,26.72
16,512,32,32,26.8053
16,512,32,64,27.3387
16,512,32,128,26.8693
16,512,32,256,30.0373
16,512,32,512,38.1013
16,512,32,1024,56.4053
16,512,32,2048,92.1603
16,512,32,4096,160.939
16,512,32,8192,298.859
16,512,32,16384,579.318
16,512,64,16,31.68
16,512,64,32,32.4057
16,512,64,64,32.9387
16,512,64,128,38.2827
16,512,64,256,46.6133
16,512,64,512,62.5493
16,512,64,1024,97.675
16,512,64,2048,166.549
16,512,64,4096,302.273
16,512,64,8192,579.681
16,512,64,16384,1137.82
16,1024,0,0,17.3867
16,1024,1,16,18.112
16,1024,1,32,18.2827
16,1024,1,64,18.0267
16,1024,1,128,18.0267
16,1024,1,256,17.8987
16,1024,1,512,18.048
16,1024,1,1024,18.7307
16,1024,1,2048,19.2
16,1024,1,4096,21.5467
16,1024,1,8192,26.176
16,1024,1,16384,35.328
16,1024,2,16,17.8347
16,1024,2,32,17.9093
16,1024,2,64,17.5787
16,1024,2,128,17.8773
16,1024,2,256,17.7387
16,1024,2,512,18.6133
16,1024,2,1024,19.1253
16,1024,2,2048,21.4507
16,1024,2,4096,25.7067
16,1024,2,8192,34.7733
16,1024,2,16384,57.4087
16,1024,4,16,17.9623
16,1024,4,32,17.728
16,1024,4,64,17.92
16,1024,4,128,18.5173
16,1024,4,256,18.2187
16,1024,4,512,23.4133
16,1024,4,1024,21.0027
16,1024,4,2048,26.112
16,1024,4,4096,44.3947
16,1024,4,8192,55.9467
16,1024,4,16384,89.3333
16,1024,8,16,18.8377
16,1024,8,32,18.8693
16,1024,8,64,18.72
16,1024,8,128,19.1683
16,1024,8,256,20.2133
16,1024,8,512,26.806
16,1024,8,1024,33.6107
16,1024,8,2048,46.4853
16,1024,8,4096,55.9363
16,1024,8,8192,89.4933
16,1024,8,16384,160.096
16,1024,16,16,22.1013
16,1024,16,32,22.752
16,1024,16,64,23.328
16,1024,16,128,25.952
16,1024,16,256,27.9467
16,1024,16,512,34.944
16,1024,16,1024,47.7227
16,1024,16,2048,56.9817
16,1024,16,4096,88.7897
16,1024,16,8192,159.648
16,1024,16,16384,301.451
16,1024,32,16,27.2107
16,1024,32,32,27.456
16,1024,32,64,27.904
16,1024,32,128,32.8
16,1024,32,256,37.0133
16,1024,32,512,42.912
16,1024,32,1024,57.3123
16,1024,32,2048,91.8933
16,1024,32,4096,160.416
16,1024,32,8192,301.238
16,1024,32,16384,581.921
16,1024,64,16,34.5173
16,1024,64,32,34.7627
16,1024,64,64,35.1253
16,1024,64,128,43.0507
16,1024,64,256,50.688
16,1024,64,512,66.3787
16,1024,64,1024,98.5813
16,1024,64,2048,167.136
16,1024,64,4096,303.722
16,1024,64,8192,578.571
16,1024,64,16384,1137.8
16,2048,0,0,18.5063
16,2048,1,16,18.8267
16,2048,1,32,19.1147
16,2048,1,64,18.9333
16,2048,1,128,18.9867
16,2048,1,256,19.4347
16,2048,1,512,19.2213
16,2048,1,1024,19.8613
16,2048,1,2048,20.651
16,2048,1,4096,23.083
16,2048,1,8192,27.904
16,2048,1,16384,36.192
16,2048,2,16,19.1147
16,2048,2,32,19.0933
16,2048,2,64,19.2853
16,2048,2,128,19.104
16,2048,2,256,19.4133
16,2048,2,512,19.8507
16,2048,2,1024,21.248
16,2048,2,2048,23.2213
16,2048,2,4096,27.488
16,2048,2,8192,36.8323
16,2048,2,16384,54.6133
16,2048,4,16,19.3813
16,2048,4,32,18.9333
16,2048,4,64,19.019
16,2048,4,128,19.52
16,2048,4,256,23.5413
16,2048,4,512,21.0347
16,2048,4,1024,26.88
16,2048,4,2048,27.2533
16,2048,4,4096,44.8213
16,2048,4,8192,70.8477
16,2048,4,16384,88.8433
16,2048,8,16,23.0827
16,2048,8,32,23.008
16,2048,8,64,23.2107
16,2048,8,128,20.544
16,2048,8,256,20.96
16,2048,8,512,28.48
16,2048,8,1024,34.603
16,2048,8,2048,46.912
16,2048,8,4096,72.9277
16,2048,8,8192,90.8153
16,2048,8,16384,160.672
16,2048,16,16,23.7547
16,2048,16,32,24.0217
16,2048,16,64,24.2347
16,2048,16,128,27.1573
16,2048,16,256,30.24
16,2048,16,512,36.1387
16,2048,16,1024,48.5227
16,2048,16,2048,73.6217
16,2048,16,4096,90.3147
16,2048,16,8192,160.8
16,2048,16,16384,301.121
16,2048,32,16,28.4693
16,2048,32,32,28.8427
16,2048,32,64,29.1627
16,2048,32,128,34.1547
16,2048,32,256,38.9867
16,2048,32,512,51.136
16,2048,32,1024,65.5257
16,2048,32,2048,92.6827
16,2048,32,4096,162.956
16,2048,32,8192,300.801
16,2048,32,16384,580.406
16,2048,64,16,37.4613
16,2048,64,32,37.984
16,2048,64,64,38.2293
16,2048,64,128,45.216
16,2048,64,256,52.5867
16,2048,64,512,75.4023
16,2048,64,1024,106.656
16,2048,64,2048,167.648
16,2048,64,4096,304.544
16,2048,64,8192,579.425
16,2048,64,16384,1139.07
16,4096,0,0,21.4293
16,4096,1,16,21.4507
16,4096,1,32,21.2267
16,4096,1,64,21.472
16,4096,1,128,21.3547
16,4096,1,256,21.3443
16,4096,1,512,22.2293
16,4096,1,1024,22.8373
16,4096,1,2048,23.5947
16,4096,1,4096,25.632
16,4096,1,8192,30.208
16,4096,1,16384,38.9973
16,4096,2,16,21.5893
16,4096,2,32,21.7817
16,4096,2,64,21.92
16,4096,2,128,22.0373
16,4096,2,256,22.176
16,4096,2,512,22.5387
16,4096,2,1024,23.968
16,4096,2,2048,25.4187
16,4096,2,4096,30.5707
16,4096,2,8192,38.9867
16,4096,2,16384,56.3733
16,4096,4,16,22.1867
16,4096,4,32,22.2933
16,4096,4,64,22.3037
16,4096,4,128,22.6347
16,4096,4,256,22.9333
16,4096,4,512,27.6587
16,4096,4,1024,25.7497
16,4096,4,2048,38.5387
16,4096,4,4096,38.88
16,4096,4,8192,69.9417
16,4096,4,16384,123.424
16,4096,8,16,25.2377
16,4096,8,32,25.4507
16,4096,8,64,25.472
16,4096,8,128,27.2
16,4096,8,256,27.1253
16,4096,8,512,26.8587
16,4096,8,1024,36.4907
16,4096,8,2048,49.3653
16,4096,8,4096,73.4827
16,4096,8,8192,126.283
16,4096,8,16384,163.029
16,4096,16,16,25.5893
16,4096,16,32,25.2907
16,4096,16,64,25.6
16,4096,16,128,28.6187
16,4096,16,256,31.8827
16,4096,16,512,38.6133
16,4096,16,1024,51.2
16,4096,16,2048,74.5707
16,4096,16,4096,126.613
16,4096,16,8192,161.952
16,4096,16,16384,302.837
16,4096,32,16,29.8667
16,4096,32,32,30.6133
16,4096,32,64,30.6133
16,4096,32,128,35.9677
16,4096,32,256,41.9093
16,4096,32,512,54.8587
16,4096,32,1024,77.8453
16,4096,32,2048,110.752
16,4096,32,4096,165.205
16,4096,32,8192,303.371
16,4096,32,16384,583.936
16,4096,64,16,39.6053
16,4096,64,32,39.136
16,4096,64,64,39.776
16,4096,64,128,50.5387
16,4096,64,256,59.296
16,4096,64,512,78.944
16,4096,64,1024,124.523
16,4096,64,2048,185.643
16,4096,64,4096,305.749
16,4096,64,8192,582.368
16,4096,64,16384,1140.04
16,8192,0,0,25.6213
16,8192,1,16,26.464
16,8192,1,32,26.8267
16,8192,1,64,26.7733
16,8192,1,128,26.8697
16,8192,1,256,26.976
16,8192,1,512,27.371
16,8192,1,1024,27.648
16,8192,1,2048,29.152
16,8192,1,4096,31.5833
16,8192,1,8192,35.1147
16,8192,1,16384,43.904
16,8192,2,16,26.8587
16,8192,2,32,26.592
16,8192,2,64,26.9547
16,8192,2,128,26.9227
16,8192,2,256,27.6163
16,8192,2,512,27.872
16,8192,2,1024,29.376
16,8192,2,2048,31.136
16,8192,2,4096,34.6667
16,8192,2,8192,44.0427
16,8192,2,16384,61.4077
16,8192,4,16,27.8403
16,8192,4,32,27.7333
16,8192,4,64,28.512
16,8192,4,128,30.7093
16,8192,4,256,27.552
16,8192,4,512,29.0453
16,8192,4,1024,36.427
16,8192,4,2048,35.7973
16,8192,4,4096,58.6987
16,8192,4,8192,61.5253
16,8192,4,16384,124.949
16,8192,8,16,28.3627
16,8192,8,32,28.1813
16,8192,8,64,28.789
16,8192,8,128,32.0747
16,8192,8,256,34.624
16,8192,8,512,38.8907
16,8192,8,1024,36.9387
16,8192,8,2048,52.032
16,8192,8,4096,79.488
16,8192,8,8192,126.347
16,8192,8,16384,229.718
16,8192,16,16,30.9547
16,8192,16,32,30.0373
16,8192,16,64,30.4213
16,8192,16,128,32.704
16,8192,16,256,35.4987
16,8192,16,512,42.4533
16,8192,16,1024,53.8133
16,8192,16,2048,80.8853
16,8192,16,4096,128.833
16,8192,16,8192,231.157
16,8192,16,16384,307.392
16,8192,32,16,33.504
16,8192,32,32,33.952
16,8192,32,64,34.24
16,8192,32,128,38.9547
16,8192,32,256,44.9813
16,8192,32,512,56.4803
16,8192,32,1024,84.864
16,8192,32,2048,130.443
16,8192,32,4096,199.51
16,8192,32,8192,307.468
16,8192,32,16384,586.635
16,8192,64,16,42.5387
16,8192,64,32,42.8267
16,8192,64,64,43.7333
16,8192,64,128,53.088
16,8192,64,256,66.1867
16,8192,64,512,90.2827
16,8192,64,1024,128.246
16,8192,64,2048,220.331
16,8192,64,4096,342.048
16,8192,64,8192,587.542
16,8192,64,16384,1143.89
16,16384,0,0,35.3923
16,16384,1,16,35.84
16,16384,1,32,35.5737
16,16384,1,64,35.4133
16,16384,1,128,35.7863
16,16384,1,256,35.328
16,16384,1,512,35.8933
16,16384,1,1024,36.9813
16,16384,1,2048,37.8667
16,16384,1,4096,40.32
16,16384,1,8192,44.203
16,16384,1,16384,52.672
16,16384,2,16,38.624
16,16384,2,32,38.443
16,16384,2,64,38.7413
16,16384,2,128,40.288
16,16384,2,256,41.056
16,16384,2,512,36.3947
16,16384,2,1024,37.7387
16,16384,2,2048,39.6907
16,16384,2,4096,43.8933
16,16384,2,8192,52.2347
16,16384,2,16384,71.4667
16,16384,4,16,38.1547
16,16384,4,32,37.9307
16,16384,4,64,38.0053
16,16384,4,128,39.3067
16,16384,4,256,41.6853
16,16384,4,512,46.1227
16,16384,4,1024,40.1493
16,16384,4,2048,53.696
16,16384,4,4096,53.184
16,16384,4,8192,96.512
16,16384,4,16384,108.341
16,16384,8,16,39.424
16,16384,8,32,38.688
16,16384,8,64,39.339
16,16384,8,128,40.7787
16,16384,8,256,42.688
16,16384,8,512,46.9973
16,16384,8,1024,55.5307
16,16384,8,2048,53.2053
16,16384,8,4096,85.2697
16,16384,8,8192,138.027
16,16384,8,16384,230.507
16,16384,16,16,39.712
16,16384,16,32,39.7867
16,16384,16,64,40.3953
16,16384,16,128,42.741
16,16384,16,256,45.8987
16,16384,16,512,47.9467
16,16384,16,1024,61.1947
16,16384,16,2048,85.856
16,16384,16,4096,138.912
16,16384,16,8192,231.541
16,16384,16,16384,437.803
16,16384,32,16,42.8373
16,16384,32,32,43.712
16,16384,32,64,43.5947
16,16384,32,128,47.0827
16,16384,32,256,52.672
16,16384,32,512,64.448
16,16384,32,1024,89.504
16,16384,32,2048,141.995
16,16384,32,4096,234.902
16,16384,32,8192,377.504
16,16384,32,16384,595.04
16,16384,64,16,50.9123
16,16384,64,32,52.1387
16,16384,64,64,51.936
16,16384,64,128,59.9787
16,16384,64,256,74.0053
16,16384,64,512,95.4137
16,16384,64,1024,148.811
16,16384,64,2048,226.507
16,16384,64,4096,413.377
16,16384,64,8192,657.974
16,16384,64,16384,1158.65
32,0,0,0,13.8027
32,0,1,16,13.728
32,0,1,32,13.8133
32,0,1,64,13.8453
32,0,1,128,14.8587
32,0,1,256,16.256
32,0,1,512,17.5573
32,0,1,1024,18.4107
32,0,1,2048,19.4667
32,0,1,4096,21.397
32,0,1,8192,26.0053
32,0,1,16384,36.0747
32,0,2,16,14.3893
32,0,2,32,14.0907
32,0,2,64,14.1653
32,0,2,128,15.456
32,0,2,256,16.6507
32,0,2,512,18.3467
32,0,2,1024,19.0513
32,0,2,2048,21.0667
32,0,2,4096,26.2507
32,0,2,8192,35.776
32,0,2,16384,54.4853
32,0,4,16,14.0907
32,0,4,32,14.0693
32,0,4,64,14.144
32,0,4,128,15.7867
32,0,4,256,16.9387
32,0,4,512,19.1893
32,0,4,1024,21.216
32,0,4,2048,26.2187
32,0,4,4096,35.296
32,0,4,8192,54.9973
32,0,4,16384,90.528
32,0,8,16,14.507
32,0,8,32,14.24
32,0,8,64,14.784
32,0,8,128,16.352
32,0,8,256,17.6
32,0,8,512,24.16
32,0,8,1024,26.4747
32,0,8,2048,36.5333
32,0,8,4096,54.3787
32,0,8,8192,90.2083
32,0,8,16384,160.896
32,0,16,16,19.2747
32,0,16,32,19.3493
32,0,16,64,19.552
32,0,16,128,19.8293
32,0,16,256,21.088
32,0,16,512,26.048
32,0,16,1024,36.5867
32,0,16,2048,54.112
32,0,16,4096,90.5813
32,0,16,8192,160.576
32,0,16,16384,300.16
32,0,32,16,20.4053
32,0,32,32,20.32
32,0,32,64,20.4907
32,0,32,128,23.488
32,0,32,256,27.1253
32,0,32,512,39.5523
32,0,32,1024,57.1947
32,0,32,2048,93.0773
32,0,32,4096,163.563
32,0,32,8192,302.337
32,0,32,16384,582.465
32,0,64,16,29.7493
32,0,64,32,29.952
32,0,64,64,30.4323
32,0,64,128,36.096
32,0,64,256,43.5413
32,0,64,512,65.184
32,0,64,1024,101.685
32,0,64,2048,171.296
32,0,64,4096,308.597
32,0,64,8192,584.769
32,0,64,16384,1136.25
32,16,0,0,13.8987
32,16,1,16,13.888
32,16,1,32,13.6427
32,16,1,64,13.568
32,16,1,128,14.9227
32,16,1,256,16.5227
32,16,1,512,17.824
32,16,1,1024,18.496
32,16,1,2048,19.584
32,16,1,4096,21.504
32,16,1,8192,26.3253
32,16,1,16384,36.128
32,16,2,16,14.0587
32,16,2,32,14.2293
32,16,2,64,14.0267
32,16,2,128,15.3067
32,16,2,256,17.0347
32,16,2,512,18.4643
32,16,2,1024,19.52
32,16,2,2048,21.248
32,16,2,4096,26.2827
32,16,2,8192,35.7547
32,16,2,16384,54.176
32,16,4,16,14.091
32,16,4,32,14.176
32,16,4,64,14.0053
32,16,4,128,15.648
32,16,4,256,17.184
32,16,4,512,19.4667
32,16,4,1024,21.3013
32,16,4,2048,25.984
32,16,4,4096,36.9493
32,16,4,8192,54.144
32,16,4,16384,90.1647
32,16,8,16,14.4747
32,16,8,32,14.432
32,16,8,64,14.8587
32,16,8,128,16.1387
32,16,8,256,17.376
32,16,8,512,24.2347
32,16,8,1024,26.3787
32,16,8,2048,36.832
32,16,8,4096,55.328
32,16,8,8192,90.6027
32,16,8,16384,160.299
32,16,16,16,19.4347
32,16,16,32,19.5093
32,16,16,64,19.5627
32,16,16,128,19.9257
32,16,16,256,20.8533
32,16,16,512,26.1763
32,16,16,1024,36.2453
32,16,16,2048,54.283
32,16,16,4096,90.5173
32,16,16,8192,160.524
32,16,16,16384,300.374
32,16,32,16,20.3627
32,16,32,32,20.4053
32,16,32,64,20.288
32,16,32,128,23.7013
32,16,32,256,27.04
32,16,32,512,39.3173
32,16,32,1024,57.568
32,16,32,2048,93.6853
32,16,32,4096,162.592
32,16,32,8192,302.604
32,16,32,16384,582.636
32,16,64,16,29.8027
32,16,64,32,30.0373
32,16,64,64,30.752
32,16,64,128,36.4907
32,16,64,256,44.32
32,16,64,512,65.515
32,16,64,1024,101.867
32,16,64,2048,172.203
32,16,64,4096,309.536
32,16,64,8192,584.619
32,16,64,16384,1137.18
32,32,0,0,13.76
32,32,1,16,13.7493
32,32,1,32,13.7813
32,32,1,64,13.792
32,32,1,128,15.1573
32,32,1,256,16.4373
32,32,1,512,17.792
32,32,1,1024,18.2293
32,32,1,2048,19.3493
32,32,1,4096,21.536
32,32,1,8192,26.656
32,32,1,16384,35.968
32,32,2,16,14.0907
32,32,2,32,14.208
32,32,2,64,14.0693
32,32,2,128,15.4663
32,32,2,256,16.7253
32,32,2,512,18.4747
32,32,2,1024,19.4133
32,32,2,2048,21.1093
32,32,2,4096,26.155
32,32,2,8192,36.427
32,32,2,16384,55.072
32,32,4,16,14.016
32,32,4,32,14.208
32,32,4,64,14.0373
32,32,4,128,15.5307
32,32,4,256,16.9707
32,32,4,512,19.3067
32,32,4,1024,21.2377
32,32,4,2048,25.5893
32,32,4,4096,35.68
32,32,4,8192,54.4537
32,32,4,16384,90.4747
32,32,8,16,14.4853
32,32,8,32,14.496
32,32,8,64,14.6027
32,32,8,128,16.128
32,32,8,256,17.4293
32,32,8,512,24.171
32,32,8,1024,26.08
32,32,8,2048,36.7467
32,32,8,4096,54.4107
32,32,8,8192,91.296
32,32,8,16384,160.928
32,32,16,16,19.328
32,32,16,32,19.6587
32,32,16,64,19.52
32,32,16,128,20.2453
32,32,16,256,20.928
32,32,16,512,26.1973
32,32,16,1024,36.192
32,32,16,2048,54.5173
32,32,16,4096,90.4853
32,32,16,8192,160.321
32,32,16,16384,299.936
32,32,32,16,20.192
32,32,32,32,20.2347
32,32,32,64,20.512
32,32,32,128,23.4773
32,32,32,256,26.5707
32,32,32,512,39.5413
32,32,32,1024,57.568
32,32,32,2048,92.6723
32,32,32,4096,162.56
32,32,32,8192,302.571
32,32,32,16384,581.6
32,32,64,16,29.9093
32,32,64,32,29.7497
32,32,64,64,30.2613
32,32,64,128,36.0747
32,32,64,256,43.456
32,32,64,512,65.5467
32,32,64,1024,102.165
32,32,64,2048,171.563
32,32,64,4096,308.545
32,32,64,8192,584.875
32,32,64,16384,1138.47
32,64,0,0,13.7387
32,64,1,16,13.728
32,64,1,32,13.8987
32,64,1,64,13.8453
32,64,1,128,15.0827
32,64,1,256,16.2453
32,64,1,512,17.6533
32,64,1,1024,18.56
32,64,1,2048,19.616
32,64,1,4096,21.7067
32,64,1,8192,25.8347
32,64,1,16384,35.776
32,64,2,16,14.2613
32,64,2,32,14.0053
32,64,2,64,14.3787
32,64,2,128,15.328
32,64,2,256,16.8427
32,64,2,512,18.3037
32,64,2,1024,19.6697
32,64,2,2048,21.024
32,64,2,4096,26.3573
32,64,2,8192,36.1813
32,64,2,16384,54.443
32,64,4,16,14.144
32,64,4,32,13.8347
32,64,4,64,14.2507
32,64,4,128,15.6907
32,64,4,256,16.8747
32,64,4,512,19.2107
32,64,4,1024,20.9813
32,64,4,2048,25.3973
32,64,4,4096,36.0643
32,64,4,8192,54.6133
32,64,4,16384,90.5603
32,64,8,16,14.464
32,64,8,32,14.432
32,64,8,64,14.5707
32,64,8,128,16.1387
32,64,8,256,17.3333
32,64,8,512,24.576
32,64,8,1024,26.24
32,64,8,2048,36.864
32,64,8,4096,54.0693
32,64,8,8192,90.72
32,64,8,16384,160.534
32,64,16,16,19.488
32,64,16,32,19.168
32,64,16,64,19.9147
32,64,16,128,20.384
32,64,16,256,21.5573
32,64,16,512,26.2293
32,64,16,1024,36.128
32,64,16,2048,54.7093
32,64,16,4096,89.8027
32,64,16,8192,159.776
32,64,16,16384,300.939
32,64,32,16,20
32,64,32,32,20.352
32,64,32,64,20.8
32,64,32,128,23.4347
32,64,32,256,26.976
32,64,32,512,39.9787
32,64,32,1024,58.0697
32,64,32,2048,93.536
32,64,32,4096,163.456
32,64,32,8192,303.189
32,64,32,16384,581.313
32,64,64,16,29.9307
32,64,64,32,30.005
32,64,64,64,30.368
32,64,64,128,36.0853
32,64,64,256,43.8297
32,64,64,512,65.5787
32,64,64,1024,101.92
32,64,64,2048,171.125
32,64,64,4096,309.163
32,64,64,8192,584.843
32,64,64,16384,1137.24
32,128,0,0,15.232
32,128,1,16,15.4563
32,128,1,32,15.392
32,128,1,64,15.3387
32,128,1,128,15.1467
32,128,1,256,16.416
32,128,1,512,21.3547
32,128,1,1024,19.264
32,128,1,2048,19.4667
32,128,1,4096,21.6853
32,128,1,8192,25.696
32,128,1,16384,36.3093
32,128,2,16,15.7013
32,128,2,32,15.68
32,128,2,64,15.584
32,128,2,128,15.7763
32,128,2,256,16.9173
32,128,2,512,21.0133
32,128,2,1024,19.4453
32,128,2,2048,21.323
32,128,2,4096,26.261
32,128,2,8192,35.7547
32,128,2,16384,53.5147
32,128,4,16,15.3813
32,128,4,32,15.68
32,128,4,64,15.5307
32,128,4,128,16.1173
32,128,4,256,17.152
32,128,4,512,19.2107
32,128,4,1024,21.3013
32,128,4,2048,28.832
32,128,4,4096,35.52
32,128,4,8192,54.0797
32,128,4,16384,90.3253
32,128,8,16,15.9147
32,128,8,32,16.203
32,128,8,64,15.9787
32,128,8,128,16.5227
32,128,8,256,17.4933
32,128,8,512,26.8587
32,128,8,1024,29.3547
32,128,8,2048,36.6293
32,128,8,4096,54.315
32,128,8,8192,89.9843
32,128,8,16384,159.883
32,128,16,16,20.9493
32,128,16,32,20.8107
32,128,16,64,21.0667
32,128,16,128,22.5387
32,128,16,256,24.288
32,128,16,512,29.1947
32,128,16,1024,36.0533
32,128,16,2048,54.3783
32,128,16,4096,90.1227
32,128,16,8192,160.885
32,128,16,16384,299.905
32,128,32,16,21.7173
32,128,32,32,21.9733
32,128,32,64,22.2613
32,128,32,128,23.6587
32,128,32,256,26.4643
32,128,32,512,39.4667
32,128,32,1024,57.6
32,128,32,2048,93.12
32,128,32,4096,163.457
32,128,32,8192,301.781
32,128,32,16384,579.862
32,128,64,16,31.3813
32,128,64,32,31.456
32,128,64,64,31.9253
32,128,64,128,36.7787
32,128,64,256,43.4667
32,128,64,512,66.176
32,128,64,1024,101.398
32,128,64,2048,171.915
32,128,64,4096,308.694
32,128,64,8192,584.662
32,128,64,16384,1137.04
32,256,0,0,17.013
32,256,1,16,16.736
32,256,1,32,16.7043
32,256,1,64,16.672
32,256,1,128,16.885
32,256,1,256,16.8107
32,256,1,512,21.664
32,256,1,1024,19.3493
32,256,1,2048,22.1333
32,256,1,4096,22.8587
32,256,1,8192,26.144
32,256,1,16384,35.8617
32,256,2,16,16.9173
32,256,2,32,17.0027
32,256,2,64,16.9063
32,256,2,128,17.1413
32,256,2,256,17.1097
32,256,2,512,22.1653
32,256,2,1024,21.2693
32,256,2,2048,21.1627
32,256,2,4096,26.1653
32,256,2,8192,36.469
32,256,2,16384,54.5813
32,256,4,16,16.896
32,256,4,32,16.96
32,256,4,64,17.2267
32,256,4,128,17.1093
32,256,4,256,17.088
32,256,4,512,20.7573
32,256,4,1024,21.568
32,256,4,2048,29.792
32,256,4,4096,35.5947
32,256,4,8192,53.9413
32,256,4,16384,89.2697
32,256,8,16,17.3973
32,256,8,32,17.536
32,256,8,64,17.4187
32,256,8,128,17.2587
32,256,8,256,17.5787
32,256,8,512,28.5867
32,256,8,1024,32.128
32,256,8,2048,37.1627
32,256,8,4096,55.1253
32,256,8,8192,90.5813
32,256,8,16384,161.387
32,256,16,16,22.4533
32,256,16,32,22.283
32,256,16,64,22.571
32,256,16,128,23.968
32,256,16,256,25.7813
32,256,16,512,31.392
32,256,16,1024,35.9787
32,256,16,2048,54.656
32,256,16,4096,90.5493
32,256,16,8192,161.099
32,256,16,16384,302.261
32,256,32,16,23.2
32,256,32,32,23.3493
32,256,32,64,23.3707
32,256,32,128,25.4187
32,256,32,256,26.9867
32,256,32,512,39.8507
32,256,32,1024,58.187
32,256,32,2048,93.8137
32,256,32,4096,162.325
32,256,32,8192,302.155
32,256,32,16384,582.593
32,256,64,16,32.864
32,256,64,32,32.832
32,256,64,64,33.2693
32,256,64,128,37.9413
32,256,64,256,44.3307
32,256,64,512,65.9307
32,256,64,1024,101.493
32,256,64,2048,170.752
32,256,64,4096,309.451
32,256,64,8192,584.843
32,256,64,16384,1138.01
32,512,0,0,20.5227
32,512,1,16,21.6853
32,512,1,32,21.5787
32,512,1,64,21.8453
32,512,1,128,22.0907
32,512,1,256,22.208
32,512,1,512,22.3147
32,512,1,1024,20.3733
32,512,1,2048,22.2187
32,512,1,4096,24.5333
32,512,1,8192,26.5707
32,512,1,16384,36.0213
32,512,2,16,20.3947
32,512,2,32,20.448
32,512,2,64,20.32
32,512,2,128,21.2693
32,512,2,256,21.6
32,512,2,512,23.7013
32,512,2,1024,21.6747
32,512,2,2048,23.6267
32,512,2,4096,27.1043
32,512,2,8192,37.92
32,512,2,16384,54.56
32,512,4,16,20.6507
32,512,4,32,20.5013
32,512,4,64,20.992
32,512,4,128,22.336
32,512,4,256,21.184
32,512,4,512,21.728
32,512,4,1024,24.096
32,512,4,2048,33.5573
32,512,4,4096,41.5893
32,512,4,8192,54.016
32,512,4,16384,90.7307
32,512,8,16,21.8987
32,512,8,32,21.76
32,512,8,64,22.016
32,512,8,128,21.248
32,512,8,256,26.848
32,512,8,512,29.5787
32,512,8,1024,35.9253
32,512,8,2048,42.6667
32,512,8,4096,55.0613
32,512,8,8192,90.8373
32,512,8,16384,160.672
32,512,16,16,27.7227
32,512,16,32,26.7203
32,512,16,64,27.2
32,512,16,128,29.024
32,512,16,256,32.2667
32,512,16,512,36.491
32,512,16,1024,43.04
32,512,16,2048,54.656
32,512,16,4096,90.6133
32,512,16,8192,159.744
32,512,16,16384,302.112
32,512,32,16,32.3627
32,512,32,32,33.024
32,512,32,64,32.832
32,512,32,128,30.6347
32,512,32,256,33.76
32,512,32,512,40.256
32,512,32,1024,57.7177
32,512,32,2048,93.5147
32,512,32,4096,163.328
32,512,32,8192,302.838
32,512,32,16384,581.312
32,512,64,16,39.9467
32,512,64,32,39.8617
32,512,64,64,39.8933
32,512,64,128,45.728
32,512,64,256,51.328
32,512,64,512,65.8347
32,512,64,1024,101.877
32,512,64,2048,172.086
32,512,64,4096,309.312
32,512,64,8192,585.185
32,512,64,16384,1137.23
32,1024,0,0,20.928
32,1024,1,16,21.7173
32,1024,1,32,21.9307
32,1024,1,64,22.1333
32,1024,1,128,21.6533
32,1024,1,256,21.707
32,1024,1,512,21.792
32,1024,1,1024,22.8267
32,1024,1,2048,23.2853
32,1024,1,4096,25.1413
32,1024,1,8192,29.6747
32,1024,1,16384,37.1733
32,1024,2,16,20.736
32,1024,2,32,20.928
32,1024,2,64,20.8747
32,1024,2,128,20.8213
32,1024,2,256,21.0133
32,1024,2,512,21.792
32,1024,2,1024,23.008
32,1024,2,2048,23.4987
32,1024,2,4096,28
32,1024,2,8192,36.3523
32,1024,2,16384,59.4777
32,1024,4,16,20.8853
32,1024,4,32,20.8853
32,1024,4,64,21.0133
32,1024,4,128,22.2827
32,1024,4,256,21.6213
32,1024,4,512,27.8933
32,1024,4,1024,25.9733
32,1024,4,2048,27.936
32,1024,4,4096,50.1973
32,1024,4,8192,58.208
32,1024,4,16384,90.944
32,1024,8,16,21.92
32,1024,8,32,21.8453
32,1024,8,64,21.9413
32,1024,8,128,22.336
32,1024,8,256,23.936
32,1024,8,512,30.3037
32,1024,8,1024,37.6427
32,1024,8,2048,52.0317
32,1024,8,4096,59.0827
32,1024,8,8192,90.8693
32,1024,8,16384,162.357
32,1024,16,16,26.784
32,1024,16,32,26.8053
32,1024,16,64,26.7953
32,1024,16,128,29.5147
32,1024,16,256,31.7867
32,1024,16,512,40.3947
32,1024,16,1024,53.3867
32,1024,16,2048,59.8507
32,1024,16,4096,91.5633
32,1024,16,8192,161.408
32,1024,16,16384,301.728
32,1024,32,16,32.672
32,1024,32,32,33.0347
32,1024,32,64,33.1947
32,1024,32,128,40.1497
32,1024,32,256,43.7017
32,1024,32,512,46.6027
32,1024,32,1024,59.0297
32,1024,32,2048,94.4107
32,1024,32,4096,163.36
32,1024,32,8192,303.883
32,1024,32,16384,581.388
32,1024,64,16,42.88
32,1024,64,32,43.2
32,1024,64,64,43.1893
32,1024,64,128,52.4693
32,1024,64,256,57.4613
32,1024,64,512,72.7043
32,1024,64,1024,103.435
32,1024,64,2048,171.136
32,1024,64,4096,309.771
32,1024,64,8192,584.918
32,1024,64,16384,1139.25
32,2048,0,0,23.8613
32,2048,1,16,23.7013
32,2048,1,32,23.808
32,2048,1,64,24.0107
32,2048,1,128,24.0107
32,2048,1,256,23.7657
32,2048,1,512,24.16
32,2048,1,1024,24.6293
32,2048,1,2048,24.7893
32,2048,1,4096,26.5173
32,2048,1,8192,30.7623
32,2048,1,16384,38.7733
32,2048,2,16,22.88
32,2048,2,32,22.6453
32,2048,2,64,22.9973
32,2048,2,128,23.392
32,2048,2,256,23.296
32,2048,2,512,23.6587
32,2048,2,1024,24.5867
32,2048,2,2048,25.056
32,2048,2,4096,29.44
32,2048,2,8192,37.7493
32,2048,2,16384,55.8293
32,2048,4,16,22.9013
32,2048,4,32,22.8693
32,2048,4,64,22.7093
32,2048,4,128,23.52
32,2048,4,256,27.6587
32,2048,4,512,24.1173
32,2048,4,1024,32.2027
32,2048,4,2048,30.24
32,2048,4,4096,49.6
32,2048,4,8192,80.2667
32,2048,4,16384,93.0027
32,2048,8,16,27.488
32,2048,8,32,27.904
32,2048,8,64,27.3707
32,2048,8,128,23.584
32,2048,8,256,25.7383
32,2048,8,512,31.9787
32,2048,8,1024,39.275
32,2048,8,2048,53.0777
32,2048,8,4096,83.0613
32,2048,8,8192,94.0053
32,2048,8,16384,162.273
32,2048,16,16,28.4907
32,2048,16,32,28.032
32,2048,16,64,28.7147
32,2048,16,128,31.7547
32,2048,16,256,35.5413
32,2048,16,512,40.8427
32,2048,16,1024,55.008
32,2048,16,2048,84.0747
32,2048,16,4096,94.688
32,2048,16,8192,162.496
32,2048,16,16384,303.936
32,2048,32,16,34.7307
32,2048,32,32,34.71
32,2048,32,64,34.656
32,2048,32,128,41.4827
32,2048,32,256,45.2163
32,2048,32,512,59.0293
32,2048,32,1024,71.7653
32,2048,32,2048,94.976
32,2048,32,4096,165.419
32,2048,32,8192,303.594
32,2048,32,16384,582.464
32,2048,64,16,47.6587
32,2048,64,32,47.872
32,2048,64,64,48.075
32,2048,64,128,54.88
32,2048,64,256,59.1577
32,2048,64,512,85.9093
32,2048,64,1024,115.765
32,2048,64,2048,173.643
32,2048,64,4096,310.752
32,2048,64,8192,586.411
32,2048,64,16384,1140.14
32,4096,0,0,26.1653
32,4096,1,16,27.2853
32,4096,1,32,27.1467
32,4096,1,64,27.712
32,4096,1,128,27.243
32,4096,1,256,27.8717
32,4096,1,512,27.52
32,4096,1,1024,28.5867
32,4096,1,2048,27.5097
32,4096,1,4096,29.12
32,4096,1,8192,32.9387
32,4096,1,16384,41.664
32,4096,2,16,25.6747
32,4096,2,32,25.9307
32,4096,2,64,25.856
32,4096,2,128,25.8133
32,4096,2,256,27.6163
32,4096,2,512,26.592
32,4096,2,1024,26.1333
32,4096,2,2048,27.8507
32,4096,2,4096,32.1707
32,4096,2,8192,41.1413
32,4096,2,16384,58.4427
32,4096,4,16,25.9307
32,4096,4,32,25.9627
32,4096,4,64,26.1973
32,4096,4,128,25.888
32,4096,4,256,26.4213
32,4096,4,512,32.288
32,4096,4,1024,28.256
32,4096,4,2048,44.1387
32,4096,4,4096,40.8537
32,4096,4,8192,79.798
32,4096,4,16384,139.702
32,4096,8,16,28.896
32,4096,8,32,28.7147
32,4096,8,64,29.216
32,4096,8,128,31.904
32,4096,8,256,32.288
32,4096,8,512,28.2987
32,4096,8,1024,41.0987
32,4096,8,2048,56.1283
32,4096,8,4096,83.6267
32,4096,8,8192,143.115
32,4096,8,16384,163.904
32,4096,16,16,30.6457
32,4096,16,32,30.5603
32,4096,16,64,30.9973
32,4096,16,128,33.6427
32,4096,16,256,36.8
32,4096,16,512,43.0507
32,4096,16,1024,58.6237
32,4096,16,2048,85.5787
32,4096,16,4096,144.64
32,4096,16,8192,163.552
32,4096,16,16384,304.907
32,4096,32,16,36.768
32,4096,32,32,37.0027
32,4096,32,64,37.0133
32,4096,32,128,43.2747
32,4096,32,256,50.1867
32,4096,32,512,62.592
32,4096,32,1024,89.9307
32,4096,32,2048,121.216
32,4096,32,4096,167.211
32,4096,32,8192,306.4
32,4096,32,16384,582.965
32,4096,64,16,49.536
32,4096,64,32,50.272
32,4096,64,64,50.3257
32,4096,64,128,62.4427
32,4096,64,256,69.9097
32,4096,64,512,88.6083
32,4096,64,1024,141.653
32,4096,64,2048,198.454
32,4096,64,4096,313.12
32,4096,64,8192,588.811
32,4096,64,16384,1140.97
32,8192,0,0,31.883
32,8192,1,16,31.9147
32,8192,1,32,31.8293
32,8192,1,64,31.8933
32,8192,1,128,31.744
32,8192,1,256,32
32,8192,1,512,32.3733
32,8192,1,1024,32.8107
32,8192,1,2048,32.6933
32,8192,1,4096,34.5707
32,8192,1,8192,38.528
32,8192,1,16384,45.856
32,8192,2,16,32.032
32,8192,2,32,31.9893
32,8192,2,64,32.1813
32,8192,2,128,32.352
32,8192,2,256,32.384
32,8192,2,512,32.9173
32,8192,2,1024,32.331
32,8192,2,2048,33.8773
32,8192,2,4096,37.4297
32,8192,2,8192,45.5577
32,8192,2,16384,62.8167
32,8192,4,16,32.4903
32,8192,4,32,32.032
32,8192,4,64,33.248
32,8192,4,128,34.56
32,8192,4,256,31.2963
32,8192,4,512,32.416
32,8192,4,1024,41.2693
32,8192,4,2048,37.9417
32,8192,4,4096,65.8133
32,8192,4,8192,63.2853
32,8192,4,16384,141.984
32,8192,8,16,32.672
32,8192,8,32,33.1413
32,8192,8,64,32.7147
32,8192,8,128,36.1387
32,8192,8,256,38.208
32,8192,8,512,43.488
32,8192,8,1024,38.944
32,8192,8,2048,59.3813
32,8192,8,4096,92.3947
32,8192,8,8192,143.36
32,8192,8,16384,262.453
32,8192,16,16,35.7227
32,8192,16,32,35.584
32,8192,16,64,36.0853
32,8192,16,128,37.9517
32,8192,16,256,41.0773
32,8192,16,512,48.384
32,8192,16,1024,61.6107
32,8192,16,2048,94.4213
32,8192,16,4096,145.472
32,8192,16,8192,264.128
32,8192,16,16384,308.736
32,8192,32,16,40.8533
32,8192,32,32,40.704
32,8192,32,64,41.1733
32,8192,32,128,47.328
32,8192,32,256,53.568
32,8192,32,512,66.4
32,8192,32,1024,98.027
32,8192,32,2048,149.984
32,8192,32,4096,218.657
32,8192,32,8192,311.413
32,8192,32,16384,589.547
32,8192,64,16,54.112
32,8192,64,32,54.432
32,8192,64,64,53.824
32,8192,64,128,66.7947
32,8192,64,256,79.915
32,8192,64,512,105.579
32,8192,64,1024,144.523
32,8192,64,2048,248.747
32,8192,64,4096,363.467
32,8192,64,8192,592.129
32,8192,64,16384,1144.97
32,16384,0,0,37.9947
32,16384,1,16,41.2267
32,16384,1,32,40.9173
32,16384,1,64,41.8027
32,16384,1,128,41.0347
32,16384,1,256,41.0453
32,16384,1,512,41.1947
32,16384,1,1024,40.491
32,16384,1,2048,41.9733
32,16384,1,4096,43.3173
32,16384,1,8192,46.5707
32,16384,1,16384,55.5947
32,16384,2,16,41.408
32,16384,2,32,41.3867
32,16384,2,64,41.6
32,16384,2,128,43.616
32,16384,2,256,45.0133
32,16384,2,512,39.8293
32,16384,2,1024,41.1947
32,16384,2,2048,43.0507
32,16384,2,4096,47.104
32,16384,2,8192,55.4347
32,16384,2,16384,71.68
32,16384,4,16,41.0347
32,16384,4,32,41.0987
32,16384,4,64,41.2373
32,16384,4,128,44.2667
32,16384,4,256,45.7067
32,16384,4,512,50.315
32,16384,4,1024,43.1147
32,16384,4,2048,60.5227
32,16384,4,4096,55.2317
32,16384,4,8192,110.229
32,16384,4,16384,107.637
32,16384,8,16,43.1147
32,16384,8,32,43.0297
32,16384,8,64,43.0507
32,16384,8,128,44.5013
32,16384,8,256,46.731
32,16384,8,512,52.032
32,16384,8,1024,63.2853
32,16384,8,2048,55.4027
32,16384,8,4096,99.3707
32,16384,8,8192,160.021
32,16384,8,16384,263.456
32,16384,16,16,43.5413
32,16384,16,32,44.096
32,16384,16,64,44
32,16384,16,128,46.1973
32,16384,16,256,49.1943
32,16384,16,512,54.4957
32,16384,16,1024,72.299
32,16384,16,2048,101.301
32,16384,16,4096,162.293
32,16384,16,8192,266.22
32,16384,16,16384,502.112
32,16384,32,16,49.9627
32,16384,32,32,49.643
32,16384,32,64,49.643
32,16384,32,128,55.008
32,16384,32,256,60.7467
32,16384,32,512,77.0883
32,16384,32,1024,105.856
32,16384,32,2048,166.816
32,16384,32,4096,269.664
32,16384,32,8192,411.094
32,16384,32,16384,597.184
32,16384,64,16,61.2267
32,16384,64,32,61.472
32,16384,64,64,61.44
32,16384,64,128,73.9413
32,16384,64,256,88.256
32,16384,64,512,113.216
32,16384,64,1024,175.275
32,16384,64,2048,253.888
32,16384,64,4096,463.541
32,16384,64,8192,691.66
32,16384,64,16384,1156.66
64,0,0,0,13.9093
64,0,1,16,14.144
64,0,1,32,14.2187
64,0,1,64,14.2293
64,0,1,128,14.7733
64,0,1,256,16.128
64,0,1,512,18.656
64,0,1,1024,18.496
64,0,1,2048,20.512
64,0,1,4096,23.3603
64,0,1,8192,30.0907
64,0,1,16384,43.1893
64,0,2,16,14.091
64,0,2,32,14.1013
64,0,2,64,14.336
64,0,2,128,15.6053
64,0,2,256,16.992
64,0,2,512,18.8267
64,0,2,1024,19.5093
64,0,2,2048,21.0133
64,0,2,4096,25.8133
64,0,2,8192,36.0747
64,0,2,16384,55.104
64,0,4,16,14.2613
64,0,4,32,13.9947
64,0,4,64,14.048
64,0,4,128,15.8293
64,0,4,256,17.056
64,0,4,512,19.52
64,0,4,1024,21.024
64,0,4,2048,25.8027
64,0,4,4096,36.6083
64,0,4,8192,54.752
64,0,4,16384,90.059
64,0,8,16,14.72
64,0,8,32,14.4747
64,0,8,64,14.6347
64,0,8,128,16.0427
64,0,8,256,17.0983
64,0,8,512,25.0347
64,0,8,1024,28.5977
64,0,8,2048,39.0933
64,0,8,4096,54.9337
64,0,8,8192,91.5417
64,0,8,16384,161.099
64,0,16,16,19.3277
64,0,16,32,19.4773
64,0,16,64,19.7333
64,0,16,128,21.259
64,0,16,256,23.0933
64,0,16,512,30.4533
64,0,16,1024,38.699
64,0,16,2048,54.9867
64,0,16,4096,90.656
64,0,16,8192,161.782
64,0,16,16384,301.931
64,0,32,16,24.491
64,0,32,32,24.288
64,0,32,64,24.4693
64,0,32,128,27.4667
64,0,32,256,29.4183
64,0,32,512,40.3947
64,0,32,1024,58.9653
64,0,32,2048,93.4727
64,0,32,4096,165.003
64,0,32,8192,302.091
64,0,32,16384,583.392
64,0,64,16,30.2827
64,0,64,32,30.2613
64,0,64,64,30.8587
64,0,64,128,36.2987
64,0,64,256,43.6267
64,0,64,512,65.8773
64,0,64,1024,102.357
64,0,64,2048,171.317
64,0,64,4096,308.555
64,0,64,8192,585.739
64,0,64,16384,1136.85
64,16,0,0,13.7813
64,16,1,16,13.9733
64,16,1,32,14.0693
64,16,1,64,14.1013
64,16,1,128,14.88
64,16,1,256,16.2773
64,16,1,512,18.7093
64,16,1,1024,18.7093
64,16,1,2048,20.2027
64,16,1,4096,23.4773
64,16,1,8192,30.08
64,16,1,16384,42.9653
64,16,2,16,14.0373
64,16,2,32,14.1973
64,16,2,64,14.4427
64,16,2,128,15.2533
64,16,2,256,16.8
64,16,2,512,18.496
64,16,2,1024,19.584
64,16,2,2048,21.248
64,16,2,4096,26.4853
64,16,2,8192,36.4693
64,16,2,16384,54.9227
64,16,4,16,14.1013
64,16,4,32,14.016
64,16,4,64,14.0483
64,16,4,128,15.6693
64,16,4,256,16.9493
64,16,4,512,19.584
64,16,4,1024,20.9173
64,16,4,2048,25.963
64,16,4,4096,36.4907
64,16,4,8192,54.1013
64,16,4,16384,91.52
64,16,8,16,14.5707
64,16,8,32,14.5067
64,16,8,64,14.976
64,16,8,128,15.936
64,16,8,256,17.3227
64,16,8,512,25.0453
64,16,8,1024,28.704
64,16,8,2048,38.6453
64,16,8,4096,54.8907
64,16,8,8192,92.3733
64,16,8,16384,161.771
64,16,16,16,19.3813
64,16,16,32,19.4667
64,16,16,64,19.5733
64,16,16,128,21.0667
64,16,16,256,23.4987
64,16,16,512,30.4533
64,16,16,1024,38.656
64,16,16,2048,54.5707
64,16,16,4096,90.752
64,16,16,8192,162.059
64,16,16,16384,302.496
64,16,32,16,24.6293
64,16,32,32,24.128
64,16,32,64,24.9173
64,16,32,128,27.5307
64,16,32,256,29.6533
64,16,32,512,40.2347
64,16,32,1024,58.1973
64,16,32,2048,93.728
64,16,32,4096,163.328
64,16,32,8192,303.915
64,16,32,16384,579.03
64,16,64,16,30.2507
64,16,64,32,30.2507
64,16,64,64,30.6667
64,16,64,128,35.9253
64,16,64,256,44.1707
64,16,64,512,65.8773
64,16,64,1024,102.923
64,16,64,2048,171.467
64,16,64,4096,309.526
64,16,64,8192,585.196
64,16,64,16384,1136.04
64,32,0,0,14.08
64,32,1,16,14.1547
64,32,1,32,14.0053
64,32,1,64,14.2187
64,32,1,128,14.9973
64,32,1,256,16.3093
64,32,1,512,18.6027
64,32,1,1024,18.6667
64,32,1,2048,20.512
64,32,1,4096,23.392
64,32,1,8192,30.176
64,32,1,16384,43.296
64,32,2,16,14.24
64,32,2,32,14.1653
64,32,2,64,14.1867
64,32,2,128,15.712
64,32,2,256,16.8427
64,32,2,512,18.6987
64,32,2,1024,19.3387
64,32,2,2048,21.632
64,32,2,4096,26.016
64,32,2,8192,36.6827
64,32,2,16384,55.4667
64,32,4,16,14.08
64,32,4,32,13.9627
64,32,4,64,14.1653
64,32,4,128,15.6693
64,32,4,256,16.9173
64,32,4,512,19.3387
64,32,4,1024,20.8533
64,32,4,2048,25.696
64,32,4,4096,36.2023
64,32,4,8192,54.347
64,32,4,16384,89.7167
64,32,8,16,14.4
64,32,8,32,14.5173
64,32,8,64,14.7307
64,32,8,128,16.384
64,32,8,256,17.5893
64,32,8,512,24.8107
64,32,8,1024,29.1307
64,32,8,2048,38.9973
64,32,8,4096,55.7123
64,32,8,8192,90.9223
64,32,8,16384,162.08
64,32,16,16,19.5307
64,32,16,32,19.776
64,32,16,64,19.904
64,32,16,128,21.2053
64,32,16,256,23.0827
64,32,16,512,30.368
64,32,16,1024,38.336
64,32,16,2048,55.0403
64,32,16,4096,90.816
64,32,16,8192,160.565
64,32,16,16384,302.315
64,32,32,16,24.2987
64,32,32,32,24.384
64,32,32,64,24.64
64,32,32,128,27.5307
64,32,32,256,29.5787
64,32,32,512,40.2667
64,32,32,1024,58.1333
64,32,32,2048,93.9093
64,32,32,4096,162.87
64,32,32,8192,303.105
64,32,32,16384,579.829
64,32,64,16,30.0267
64,32,64,32,30.0267
64,32,64,64,30.6773
64,32,64,128,36.3413
64,32,64,256,43.4457
64,32,64,512,65.4613
64,32,64,1024,102.187
64,32,64,2048,171.894
64,32,64,4096,309.334
64,32,64,8192,585.974
64,32,64,16384,1138.71
64,64,0,0,14.0267
64,64,1,16,14.4213
64,64,1,32,14.304
64,64,1,64,14.0693
64,64,1,128,14.6773
64,64,1,256,16.2987
64,64,1,512,18.7307
64,64,1,1024,18.6133
64,64,1,2048,20.4693
64,64,1,4096,23.5947
64,64,1,8192,30.368
64,64,1,16384,42.9867
64,64,2,16,14.1973
64,64,2,32,14.3253
64,64,2,64,14.3573
64,64,2,128,15.392
64,64,2,256,17.0347
64,64,2,512,18.7093
64,64,2,1024,19.0613
64,64,2,2048,21.408
64,64,2,4096,26.2187
64,64,2,8192,36.5653
64,64,2,16384,54.9763
64,64,4,16,14.1227
64,64,4,32,13.92
64,64,4,64,14.3573
64,64,4,128,15.776
64,64,4,256,17.0027
64,64,4,512,19.488
64,64,4,1024,20.9387
64,64,4,2048,26.56
64,64,4,4096,36.0427
64,64,4,8192,54.4107
64,64,4,16384,91.3493
64,64,8,16,14.6027
64,64,8,32,14.656
64,64,8,64,14.752
64,64,8,128,16.2133
64,64,8,256,17.6213
64,64,8,512,25.1947
64,64,8,1024,29.0773
64,64,8,2048,38.688
64,64,8,4096,55.0833
64,64,8,8192,90.9977
64,64,8,16384,160.949
64,64,16,16,19.6693
64,64,16,32,19.744
64,64,16,64,19.8293
64,64,16,128,20.9493
64,64,16,256,22.923
64,64,16,512,30.3467
64,64,16,1024,39.4557
64,64,16,2048,55.6053
64,64,16,4096,91.4457
64,64,16,8192,162.027
64,64,16,16384,300.587
64,64,32,16,24.256
64,64,32,32,24.256
64,64,32,64,24.3947
64,64,32,128,27.2747
64,64,32,256,29.9627
64,64,32,512,41.184
64,64,32,1024,58.3253
64,64,32,2048,94.7947
64,64,32,4096,162.592
64,64,32,8192,303.008
64,64,32,16384,582.123
64,64,64,16,30.272
64,64,64,32,30.016
64,64,64,64,30.848
64,64,64,128,36.0853
64,64,64,256,44.064
64,64,64,512,65.5253
64,64,64,1024,102.037
64,64,64,2048,171.371
64,64,64,4096,309.536
64,64,64,8192,585.473
64,64,64,16384,1138.16
64,128,0,0,15.4453
64,128,1,16,15.8613
64,128,1,32,16.064
64,128,1,64,15.9893
64,128,1,128,15.9467
64,128,1,256,16.2133
64,128,1,512,21.984
64,128,1,1024,20.5973
64,128,1,2048,20.416
64,128,1,4096,23.808
64,128,1,8192,30.2187
64,128,1,16384,43.0613
64,128,2,16,15.7333
64,128,2,32,15.7547
64,128,2,64,15.6267
64,128,2,128,16.1173
64,128,2,256,16.992
64,128,2,512,22.4427
64,128,2,1024,19.755
64,128,2,2048,21.4827
64,128,2,4096,26.272
64,128,2,8192,36.736
64,128,2,16384,54.9547
64,128,4,16,15.776
64,128,4,32,15.552
64,128,4,64,15.4133
64,128,4,128,15.9467
64,128,4,256,16.9707
64,128,4,512,19.4453
64,128,4,1024,20.8533
64,128,4,2048,28.7147
64,128,4,4096,36.9493
64,128,4,8192,54.56
64,128,4,16384,91.1677
64,128,8,16,16.2027
64,128,8,32,16.3413
64,128,8,64,16.256
64,128,8,128,16.352
64,128,8,256,17.2907
64,128,8,512,26.56
64,128,8,1024,30.624
64,128,8,2048,40.5973
64,128,8,4096,55.936
64,128,8,8192,90.955
64,128,8,16384,162.24
64,128,16,16,20.96
64,128,16,32,21.152
64,128,16,64,21.536
64,128,16,128,22.4107
64,128,16,256,24.8747
64,128,16,512,31.7227
64,128,16,1024,41.8453
64,128,16,2048,54.7733
64,128,16,4096,91.659
64,128,16,8192,161.142
64,128,16,16384,302.016
64,128,32,16,25.824
64,128,32,32,25.9093
64,128,32,64,26.2613
64,128,32,128,29.152
64,128,32,256,32.672
64,128,32,512,43.115
64,128,32,1024,58.0373
64,128,32,2048,93.9737
64,128,32,4096,163.189
64,128,32,8192,302.571
64,128,32,16384,581.281
64,128,64,16,31.6693
64,128,64,32,31.819
64,128,64,64,32.2243
64,128,64,128,36.9707
64,128,64,256,44.1067
64,128,64,512,66.2293
64,128,64,1024,102.752
64,128,64,2048,172.128
64,128,64,4096,308.844
64,128,64,8192,585.238
64,128,64,16384,1138.27
64,256,0,0,16.9813
64,256,1,16,17.024
64,256,1,32,17.0773
64,256,1,64,17.1627
64,256,1,128,17.1627
64,256,1,256,17.301
64,256,1,512,22.6243
64,256,1,1024,21.6
64,256,1,2048,22.7947
64,256,1,4096,23.808
64,256,1,8192,30.3253
64,256,1,16384,42.944
64,256,2,16,17.1413
64,256,2,32,16.96
64,256,2,64,17.0667
64,256,2,128,17.1733
64,256,2,256,17.1413
64,256,2,512,21.568
64,256,2,1024,22.6987
64,256,2,2048,21.8453
64,256,2,4096,26.5813
64,256,2,8192,36.2563
64,256,2,16384,55.2427
64,256,4,16,16.864
64,256,4,32,16.8853
64,256,4,64,17.3227
64,256,4,128,17.216
64,256,4,256,17.3227
64,256,4,512,22.848
64,256,4,1024,21.632
64,256,4,2048,30.4427
64,256,4,4096,38.9657
64,256,4,8192,56.3947
64,256,4,16384,91.0617
64,256,8,16,17.408
64,256,8,32,17.3653
64,256,8,64,17.472
64,256,8,128,17.7173
64,256,8,256,17.92
64,256,8,512,28.171
64,256,8,1024,32.4267
64,256,8,2048,42.7307
64,256,8,4096,56.7147
64,256,8,8192,91.0187
64,256,8,16384,162.305
64,256,16,16,22.3787
64,256,16,32,22.336
64,256,16,64,22.6453
64,256,16,128,23.9147
64,256,16,256,26.5493
64,256,16,512,33.728
64,256,16,1024,43.2643
64,256,16,2048,56.2137
64,256,16,4096,90.5707
64,256,16,8192,162.176
64,256,16,16384,302.166
64,256,32,16,27.2427
64,256,32,32,27.328
64,256,32,64,27.648
64,256,32,128,30.208
64,256,32,256,34.5173
64,256,32,512,46.3147
64,256,32,1024,58.016
64,256,32,2048,94.7093
64,256,32,4096,164.341
64,256,32,8192,303.605
64,256,32,16384,581.366
64,256,64,16,33.2587
64,256,64,32,33.3653
64,256,64,64,33.8773
64,256,64,128,38.5173
64,256,64,256,44.7893
64,256,64,512,65.6107
64,256,64,1024,102.485
64,256,64,2048,171.893
64,256,64,4096,309.856
64,256,64,8192,585.739
64,256,64,16384,1136.8
64,512,0,0,23.3813
64,512,1,16,23.296
64,512,1,32,23.232
64,512,1,64,23.6693
64,512,1,128,23.424
64,512,1,256,23.136
64,512,1,512,24.0217
64,512,1,1024,22.08
64,512,1,2048,22.9547
64,512,1,4096,25.6103
64,512,1,8192,30.176
64,512,1,16384,43.008
64,512,2,16,22.0907
64,512,2,32,22.304
64,512,2,64,22.6453
64,512,2,128,23.2533
64,512,2,256,22.0587
64,512,2,512,22.6667
64,512,2,1024,23.2003
64,512,2,2048,24.224
64,512,2,4096,26.9867
64,512,2,8192,36.1493
64,512,2,16384,55.9787
64,512,4,16,23.4453
64,512,4,32,23.3707
64,512,4,64,23.1787
64,512,4,128,22.848
64,512,4,256,22.3467
64,512,4,512,28.0107
64,512,4,1024,24.6933
64,512,4,2048,27.296
64,512,4,4096,42.208
64,512,4,8192,60.608
64,512,4,16384,91.7547
64,512,8,16,21.9307
64,512,8,32,22.0267
64,512,8,64,21.9307
64,512,8,128,23.0187
64,512,8,256,24.0427
64,512,8,512,30.7093
64,512,8,1024,36.1387
64,512,8,2048,44.576
64,512,8,4096,63.5307
64,512,8,8192,91.8827
64,512,8,16384,161.398
64,512,16,16,27.1467
64,512,16,32,26.88
64,512,16,64,27.04
64,512,16,128,30.3253
64,512,16,256,32.0747
64,512,16,512,37.5893
64,512,16,1024,46.8907
64,512,16,2048,65.0453
64,512,16,4096,91.6907
64,512,16,8192,161.366
64,512,16,16384,303.318
64,512,32,16,33.3973
64,512,32,32,33.6853
64,512,32,64,33.7387
64,512,32,128,36.96
64,512,32,256,41.0667
64,512,32,512,51.4457
64,512,32,1024,65.2373
64,512,32,2048,94.9653
64,512,32,4096,164.299
64,512,32,8192,302.731
64,512,32,16384,582.145
64,512,64,16,40.224
64,512,64,32,39.8933
64,512,64,64,40.1813
64,512,64,128,45.856
64,512,64,256,51.3493
64,512,64,512,66.9443
64,512,64,1024,102.315
64,512,64,2048,171.915
64,512,64,4096,309.664
64,512,64,8192,585.633
64,512,64,16384,1139.15
64,1024,0,0,23.808
64,1024,1,16,24.1387
64,1024,1,32,23.9467
64,1024,1,64,24.2027
64,1024,1,128,24.8
64,1024,1,256,24.4053
64,1024,1,512,24.1067
64,1024,1,1024,24.544
64,1024,1,2048,25.067
64,1024,1,4096,26.2827
64,1024,1,8192,32.5973
64,1024,1,16384,43.296
64,1024,2,16,22.9867
64,1024,2,32,23.584
64,1024,2,64,23.424
64,1024,2,128,23.5093
64,1024,2,256,23.776
64,1024,2,512,23.8507
64,1024,2,1024,25.632
64,1024,2,2048,25.0667
64,1024,2,4096,28.4693
64,1024,2,8192,37.6107
64,1024,2,16384,55.4347
64,1024,4,16,23.8403
64,1024,4,32,23.8187
64,1024,4,64,23.8613
64,1024,4,128,23.7867
64,1024,4,256,28.224
64,1024,4,512,24.512
64,1024,4,1024,32.864
64,1024,4,2048,28.5973
64,1024,4,4096,50.4
64,1024,4,8192,65.6747
64,1024,4,16384,102.752
64,1024,8,16,27.328
64,1024,8,32,27.3173
64,1024,8,64,27.6693
64,1024,8,128,24.0747
64,1024,8,256,25.568
64,1024,8,512,31.872
64,1024,8,1024,38.112
64,1024,8,2048,52.5227
64,1024,8,4096,69.5147
64,1024,8,8192,105.621
64,1024,8,16384,162.858
64,1024,16,16,28.9387
64,1024,16,32,29.0027
64,1024,16,64,29.5253
64,1024,16,128,30.944
64,1024,16,256,35.1147
64,1024,16,512,39.936
64,1024,16,1024,53.7493
64,1024,16,2048,71.136
64,1024,16,4096,106.315
64,1024,16,8192,163.435
64,1024,16,16384,303.809
64,1024,32,16,33.7813
64,1024,32,32,33.9413
64,1024,32,64,34.0907
64,1024,32,128,40.1493
64,1024,32,256,44.2453
64,1024,32,512,58.0163
64,1024,32,1024,75.648
64,1024,32,2048,99.7547
64,1024,32,4096,166.624
64,1024,32,8192,305.334
64,1024,32,16384,584.31
64,1024,64,16,46.8587
64,1024,64,32,46.5387
64,1024,64,64,46.8267
64,1024,64,128,52.331
64,1024,64,256,57.568
64,1024,64,512,73.088
64,1024,64,1024,103.286
64,1024,64,2048,172.469
64,1024,64,4096,311.275
64,1024,64,8192,587.222
64,1024,64,16384,1141
64,2048,0,0,26.08
64,2048,1,16,26.0163
64,2048,1,32,26.1333
64,2048,1,64,25.9947
64,2048,1,128,25.824
64,2048,1,256,26.0907
64,2048,1,512,26.368
64,2048,1,1024,26.5813
64,2048,1,2048,27.3387
64,2048,1,4096,28.6293
64,2048,1,8192,32.4373
64,2048,1,16384,44.6827
64,2048,2,16,25.5787
64,2048,2,32,25.4827
64,2048,2,64,25.3653
64,2048,2,128,25.472
64,2048,2,256,25.8347
64,2048,2,512,25.7493
64,2048,2,1024,25.8453
64,2048,2,2048,28.256
64,2048,2,4096,30.474
64,2048,2,8192,39.456
64,2048,2,16384,56
64,2048,4,16,25.9947
64,2048,4,32,26.176
64,2048,4,64,25.9733
64,2048,4,128,26.048
64,2048,4,256,26.1013
64,2048,4,512,31.6053
64,2048,4,1024,27.9573
64,2048,4,2048,41.888
64,2048,4,4096,39.616
64,2048,4,8192,80.4267
64,2048,4,16384,116.224
64,2048,8,16,29.0243
64,2048,8,32,28.8427
64,2048,8,64,28.7573
64,2048,8,128,31.2963
64,2048,8,256,31.5947
64,2048,8,512,28.192
64,2048,8,1024,39.8827
64,2048,8,2048,53.0983
64,2048,8,4096,83.7337
64,2048,8,8192,118.411
64,2048,8,16384,171.094
64,2048,16,16,31.4667
64,2048,16,32,31.4027
64,2048,16,64,31.616
64,2048,16,128,34.2187
64,2048,16,256,37.152
64,2048,16,512,41.6427
64,2048,16,1024,55.4987
64,2048,16,2048,83.9467
64,2048,16,4096,119.829
64,2048,16,8192,169.632
64,2048,16,16384,307.787
64,2048,32,16,37.1947
64,2048,32,32,37.632
64,2048,32,64,37.7813
64,2048,32,128,42.6773
64,2048,32,256,50.2827
64,2048,32,512,60.3733
64,2048,32,1024,88.683
64,2048,32,2048,122.368
64,2048,32,4096,166.965
64,2048,32,8192,305.173
64,2048,32,16384,585.504
64,2048,64,16,48.8963
64,2048,64,32,48.6293
64,2048,64,64,49.0133
64,2048,64,128,60.4807
64,2048,64,256,66.6777
64,2048,64,512,86.4533
64,2048,64,1024,115.947
64,2048,64,2048,173.323
64,2048,64,4096,311.552
64,2048,64,8192,586.976
64,2048,64,16384,1140.33
64,4096,0,0,29.1733
64,4096,1,16,29.9627
64,4096,1,32,29.9733
64,4096,1,64,29.7173
64,4096,1,128,29.9627
64,4096,1,256,29.728
64,4096,1,512,29.504
64,4096,1,1024,29.9627
64,4096,1,2048,30.944
64,4096,1,4096,32.7147
64,4096,1,8192,35.9573
64,4096,1,16384,45.8773
64,4096,2,16,29.5893
64,4096,2,32,29.9947
64,4096,2,64,29.824
64,4096,2,128,29.6853
64,4096,2,256,29.76
64,4096,2,512,30.1333
64,4096,2,1024,30.5813
64,4096,2,2048,30.9977
64,4096,2,4096,34.6553
64,4096,2,8192,42.2933
64,4096,2,16384,60.149
64,4096,4,16,32.064
64,4096,4,32,32.0427
64,4096,4,64,32.2987
64,4096,4,128,33.664
64,4096,4,256,30.848
64,4096,4,512,30.6987
64,4096,4,1024,40.7147
64,4096,4,2048,35.424
64,4096,4,4096,61.024
64,4096,4,8192,59.5627
64,4096,4,16384,139.616
64,4096,8,16,32.256
64,4096,8,32,32.8427
64,4096,8,64,32.448
64,4096,8,128,34.8907
64,4096,8,256,37.728
64,4096,8,512,42.1973
64,4096,8,1024,35.8507
64,4096,8,2048,57.3547
64,4096,8,4096,83.776
64,4096,8,8192,143.243
64,4096,8,16384,212
64,4096,16,16,35.7653
64,4096,16,32,35.7227
64,4096,16,64,36.1597
64,4096,16,128,37.771
64,4096,16,256,39.7653
64,4096,16,512,46.8593
64,4096,16,1024,59.264
64,4096,16,2048,86.1443
64,4096,16,4096,143.979
64,4096,16,8192,213.249
64,4096,16,16384,305.12
64,4096,32,16,41.3227
64,4096,32,32,41.6427
64,4096,32,64,42.0373
64,4096,32,128,47.2213
64,4096,32,256,54.0693
64,4096,32,512,63.2
64,4096,32,1024,91.7017
64,4096,32,2048,147.605
64,4096,32,4096,216.608
64,4096,32,8192,307.125
64,4096,32,16384,586.913
64,4096,64,16,55.3497
64,4096,64,32,55.083
64,4096,64,64,55.52
64,4096,64,128,65.216
64,4096,64,256,79.8507
64,4096,64,512,99.1257
64,4096,64,1024,141.184
64,4096,64,2048,199.584
64,4096,64,4096,315.009
64,4096,64,8192,589.558
64,4096,64,16384,1142.3
64,8192,0,0,35.9893
64,8192,1,16,39.68
64,8192,1,32,39.5197
64,8192,1,64,39.4453
64,8192,1,128,41.12
64,8192,1,256,41.7283
64,8192,1,512,41.376
64,8192,1,1024,37.7173
64,8192,1,2048,38.0907
64,8192,1,4096,39.2747
64,8192,1,8192,43.3493
64,8192,1,16384,49.2267
64,8192,2,16,38.6027
64,8192,2,32,38.688
64,8192,2,64,39.104
64,8192,2,128,41.312
64,8192,2,256,37.5573
64,8192,2,512,37.6213
64,8192,2,1024,37.7493
64,8192,2,2048,39.1467
64,8192,2,4096,42.6563
64,8192,2,8192,48.6933
64,8192,2,16384,65.259
64,8192,4,16,38.8907
64,8192,4,32,39.072
64,8192,4,64,39.1147
64,8192,4,128,41.568
64,8192,4,256,42.8487
64,8192,4,512,46.731
64,8192,4,1024,39.1573
64,8192,4,2048,57.152
64,8192,4,4096,49.0987
64,8192,4,8192,99.3173
64,8192,4,16384,100.683
64,8192,8,16,40.2347
64,8192,8,32,40.5653
64,8192,8,64,40.5973
64,8192,8,128,42.5813
64,8192,8,256,44.224
64,8192,8,512,48.224
64,8192,8,1024,58.795
64,8192,8,2048,49.0883
64,8192,8,4096,93.024
64,8192,8,8192,145.002
64,8192,8,16384,261.302
64,8192,16,16,42.7627
64,8192,16,32,42.9227
64,8192,16,64,43.1787
64,8192,16,128,45.536
64,8192,16,256,47.2427
64,8192,16,512,54.272
64,8192,16,1024,68.704
64,8192,16,2048,95.0293
64,8192,16,4096,146.059
64,8192,16,8192,261.6
64,8192,16,16384,399.146
64,8192,32,16,49.184
64,8192,32,32,49.5787
64,8192,32,64,49.3333
64,8192,32,128,55.0187
64,8192,32,256,59.0083
64,8192,32,512,73.771
64,8192,32,1024,99.7867
64,8192,32,2048,151.157
64,8192,32,4096,266.645
64,8192,32,8192,402.657
64,8192,32,16384,589.302
64,8192,64,16,62.24
64,8192,64,32,62.3143
64,8192,64,64,62.464
64,8192,64,128,74.5173
64,8192,64,256,88.043
64,8192,64,512,107.371
64,8192,64,1024,160.555
64,8192,64,2048,250.176
64,8192,64,4096,364.224
64,8192,64,8192,594.059
64,8192,64,16384,1147.61
64,16384,0,0,48.448
64,16384,1,16,50.5707
64,16384,1,32,50.976
64,16384,1,64,50.976
64,16384,1,128,52.2777
64,16384,1,256,53.696
64,16384,1,512,56.9813
64,16384,1,1024,63.392
64,16384,1,2048,51.9257
64,16384,1,4096,52.5973
64,16384,1,8192,56.8107
64,16384,1,16384,63.062
64,16384,2,16,51.083
64,16384,2,32,51.2217
64,16384,2,64,50.837
64,16384,2,128,52.672
64,16384,2,256,53.8983
64,16384,2,512,57.088
64,16384,2,1024,51.5307
64,16384,2,2048,52
64,16384,2,4096,57.3013
64,16384,2,8192,62.656
64,16384,2,16384,75.7227
64,16384,4,16,50.8373
64,16384,4,32,50.976
64,16384,4,64,51.3387
64,16384,4,128,53.0987
64,16384,4,256,53.8237
64,16384,4,512,60.2133
64,16384,4,1024,67.7227
64,16384,4,2048,56.448
64,16384,4,4096,91.9253
64,16384,4,8192,76.3413
64,16384,4,16384,173.227
64,16384,8,16,52.6507
64,16384,8,32,51.9153
64,16384,8,64,52.704
64,16384,8,128,56.2133
64,16384,8,256,58.016
64,16384,8,512,61.7497
64,16384,8,1024,73.376
64,16384,8,2048,93.3013
64,16384,8,4096,76.1387
64,16384,8,8192,160.619
64,16384,8,16384,262.785
64,16384,16,16,56.8853
64,16384,16,32,56.7787
64,16384,16,64,56.9707
64,16384,16,128,58.4427
64,16384,16,256,60.5017
64,16384,16,512,69.088
64,16384,16,1024,84.3093
64,16384,16,2048,113.355
64,16384,16,4096,163.509
64,16384,16,8192,264.022
64,16384,16,16384,498.103
64,16384,32,16,62.336
64,16384,32,32,63.0077
64,16384,32,64,62.6773
64,16384,32,128,70.2827
64,16384,32,256,74.048
64,16384,32,512,88.5013
64,16384,32,1024,117.781
64,16384,32,2048,167.595
64,16384,32,4096,269.355
64,16384,32,8192,503.02
64,16384,32,16384,778.87
64,16384,64,16,76.5867
64,16384,64,32,77.1093
64,16384,64,64,76.8107
64,16384,64,128,89.6213
64,16384,64,256,97.1733
64,16384,64,512,125.259
64,16384,64,1024,175.392
64,16384,64,2048,278.763
64,16384,64,4096,463.83
64,16384,64,8192,693.995
64,16384,64,16384,1158.97
128,0,0,0,14.5817
128,0,1,16,14.432
128,0,1,32,14.8907
128,0,1,64,14.656
128,0,1,128,15.1787
128,0,1,256,16.6507
128,0,1,512,18.4
128,0,1,1024,20.3627
128,0,1,2048,23.6267
128,0,1,4096,29.3653
128,0,1,8192,42.08
128,0,1,16384,67.5737
128,0,2,16,14.528
128,0,2,32,14.4213
128,0,2,64,14.4853
128,0,2,128,15.712
128,0,2,256,17.184
128,0,2,512,18.9867
128,0,2,1024,21.1307
128,0,2,2048,23.968
128,0,2,4096,30.7947
128,0,2,8192,43.8187
128,0,2,16384,69.6
128,0,4,16,14.8163
128,0,4,32,14.72
128,0,4,64,14.848
128,0,4,128,16.1707
128,0,4,256,17.3977
128,0,4,512,19.9467
128,0,4,1024,21.6427
128,0,4,2048,27.136
128,0,4,4096,37.0347
128,0,4,8192,55.1893
128,0,4,16384,93.2693
128,0,8,16,14.9547
128,0,8,32,15.0507
128,0,8,64,15.2003
128,0,8,128,16.7253
128,0,8,256,17.8027
128,0,8,512,26.0907
128,0,8,1024,30.4427
128,0,8,2048,39.9043
128,0,8,4096,57.6213
128,0,8,8192,93.7923
128,0,8,16384,164.053
128,0,16,16,19.8933
128,0,16,32,20.2133
128,0,16,64,20.2667
128,0,16,128,21.8987
128,0,16,256,23.68
128,0,16,512,31.4133
128,0,16,1024,40.6617
128,0,16,2048,59.232
128,0,16,4096,93.312
128,0,16,8192,163.243
128,0,16,16384,305.227
128,0,32,16,24.704
128,0,32,32,25.1733
128,0,32,64,25.0987
128,0,32,128,28.064
128,0,32,256,31.808
128,0,32,512,46.08
128,0,32,1024,62.6457
128,0,32,2048,95.648
128,0,32,4096,164.875
128,0,32,8192,305.334
128,0,32,16384,582.465
128,0,64,16,34.0587
128,0,64,32,34.3253
128,0,64,64,34.6667
128,0,64,128,40.6083
128,0,64,256,46.6987
128,0,64,512,68.832
128,0,64,1024,103.957
128,0,64,2048,173.952
128,0,64,4096,310.763
128,0,64,8192,588.107
128,0,64,16384,1141.16
128,16,0,0,16.363
128,16,1,16,16.8213
128,16,1,32,17.0667
128,16,1,64,16.96
128,16,1,128,16.8427
128,16,1,256,16.9283
128,16,1,512,21.088
128,16,1,1024,20.448
128,16,1,2048,23.4777
128,16,1,4096,29.7707
128,16,1,8192,42.2507
128,16,1,16384,67.2427
128,16,2,16,16.6827
128,16,2,32,16.6293
128,16,2,64,16.7147
128,16,2,128,16.8213
128,16,2,256,17.2693
128,16,2,512,20.736
128,16,2,1024,20.6933
128,16,2,2048,23.9787
128,16,2,4096,30.528
128,16,2,8192,43.712
128,16,2,16384,69.632
128,16,4,16,16.8107
128,16,4,32,16.6507
128,16,4,64,16.7787
128,16,4,128,17.0987
128,16,4,256,17.312
128,16,4,512,21.2373
128,16,4,1024,21.3013
128,16,4,2048,27.2427
128,16,4,4096,36.8427
128,16,4,8192,55.4667
128,16,4,16384,93.12
128,16,8,16,17.344
128,16,8,32,17.3227
128,16,8,64,17.5147
128,16,8,128,17.696
128,16,8,256,17.728
128,16,8,512,28.3737
128,16,8,1024,31.2107
128,16,8,2048,40.5653
128,16,8,4096,58.048
128,16,8,8192,92.747
128,16,8,16384,165.077
128,16,16,16,21.8457
128,16,16,32,22.0267
128,16,16,64,22.3147
128,16,16,128,24.1497
128,16,16,256,25.024
128,16,16,512,31.6267
128,16,16,1024,41.1627
128,16,16,2048,58.688
128,16,16,4096,93.312
128,16,16,8192,163.637
128,16,16,16384,304.48
128,16,32,16,24.5333
128,16,32,32,24.896
128,16,32,64,25.3333
128,16,32,128,28.3733
128,16,32,256,31.9147
128,16,32,512,46.272
128,16,32,1024,62.944
128,16,32,2048,95.52
128,16,32,4096,165.269
128,16,32,8192,304.715
128,16,32,16384,582.976
128,16,64,16,34.219
128,16,64,32,34.272
128,16,64,64,34.464
128,16,64,128,40.864
128,16,64,256,47.4773
128,16,64,512,70.272
128,16,64,1024,104.704
128,16,64,2048,174.358
128,16,64,4096,311.158
128,16,64,8192,586.913
128,16,64,16384,1139.69
128,32,0,0,15.7017
128,32,1,16,16.1813
128,32,1,32,16.0107
128,32,1,64,15.9573
128,32,1,128,16.2347
128,32,1,256,16.5973
128,32,1,512,21.2587
128,32,1,1024,20.2347
128,32,1,2048,23.3603
128,32,1,4096,29.248
128,32,1,8192,42.1653
128,32,1,16384,67.7867
128,32,2,16,15.9147
128,32,2,32,15.7547
128,32,2,64,15.8507
128,32,2,128,16.224
128,32,2,256,17.3657
128,32,2,512,19.8293
128,32,2,1024,21.088
128,32,2,2048,24.3413
128,32,2,4096,30.2613
128,32,2,8192,43.6913
128,32,2,16384,69.1733
128,32,4,16,15.8293
128,32,4,32,15.936
128,32,4,64,15.9467
128,32,4,128,16.3733
128,32,4,256,17.3547
128,32,4,512,20.1283
128,32,4,1024,21.568
128,32,4,2048,27.3173
128,32,4,4096,37.6753
128,32,4,8192,55.872
128,32,4,16384,93.2267
128,32,8,16,16.6293
128,32,8,32,16.4907
128,32,8,64,16.6613
128,32,8,128,16.9493
128,32,8,256,18.08
128,32,8,512,27.4773
128,32,8,1024,30.9123
128,32,8,2048,40.1707
128,32,8,4096,58.4213
128,32,8,8192,93.2493
128,32,8,16384,164.192
128,32,16,16,21.408
128,32,16,32,21.3333
128,32,16,64,21.5467
128,32,16,128,22.944
128,32,16,256,24.5653
128,32,16,512,31.712
128,32,16,1024,41.728
128,32,16,2048,59.2
128,32,16,4096,93.3867
128,32,16,8192,165.003
128,32,16,16384,304.854
128,32,32,16,24.64
128,32,32,32,25.1413
128,32,32,64,24.9817
128,32,32,128,28.288
128,32,32,256,31.872
128,32,32,512,46.5173
128,32,32,1024,63.3493
128,32,32,2048,95.0827
128,32,32,4096,165.301
128,32,32,8192,305.046
128,32,32,16384,583.435
128,32,64,16,34.368
128,32,64,32,34.624
128,32,64,64,34.7733
128,32,64,128,40.832
128,32,64,256,46.976
128,32,64,512,69.184
128,32,64,1024,103.798
128,32,64,2048,173.845
128,32,64,4096,310.923
128,32,64,8192,588.022
128,32,64,16384,1139.14
128,64,0,0,15.6693
128,64,1,16,16.2987
128,64,1,32,16.224
128,64,1,64,16.2133
128,64,1,128,16.1067
128,64,1,256,16.5547
128,64,1,512,21.4507
128,64,1,1024,20.1813
128,64,1,2048,23.616
128,64,1,4096,29.632
128,64,1,8192,42.4217
128,64,1,16384,67.3387
128,64,2,16,15.84
128,64,2,32,16.064
128,64,2,64,15.9787
128,64,2,128,16.2133
128,64,2,256,17.376
128,64,2,512,19.851
128,64,2,1024,20.8423
128,64,2,2048,24.075
128,64,2,4096,30.2187
128,64,2,8192,44.1603
128,64,2,16384,68.843
128,64,4,16,16.2667
128,64,4,32,16.3307
128,64,4,64,16.384
128,64,4,128,16.608
128,64,4,256,17.408
128,64,4,512,20.128
128,64,4,1024,21.5787
128,64,4,2048,27.2
128,64,4,4096,37.6213
128,64,4,8192,55.7123
128,64,4,16384,93.1733
128,64,8,16,16.7893
128,64,8,32,16.5547
128,64,8,64,16.896
128,64,8,128,16.9497
128,64,8,256,17.7493
128,64,8,512,27.3173
128,64,8,1024,31.2107
128,64,8,2048,41.3867
128,64,8,4096,58.421
128,64,8,8192,93.696
128,64,8,16384,164.523
128,64,16,16,21.0027
128,64,16,32,21.4613
128,64,16,64,21.4933
128,64,16,128,23.3493
128,64,16,256,25.1843
128,64,16,512,32.8427
128,64,16,1024,42.1227
128,64,16,2048,59.3387
128,64,16,4096,92.6187
128,64,16,8192,162.56
128,64,16,16384,304.448
128,64,32,16,26.336
128,64,32,32,26.464
128,64,32,64,26.624
128,64,32,128,29.5893
128,64,32,256,33.2053
128,64,32,512,46.4533
128,64,32,1024,63.8187
128,64,32,2048,95.488
128,64,32,4096,166.443
128,64,32,8192,306.325
128,64,32,16384,582.71
128,64,64,16,34.3467
128,64,64,32,34.2933
128,64,64,64,34.6667
128,64,64,128,41.0347
128,64,64,256,47.744
128,64,64,512,69.664
128,64,64,1024,103.904
128,64,64,2048,174.827
128,64,64,4096,310.731
128,64,64,8192,587.894
128,64,64,16384,1142.35
128,128,0,0,16.2667
128,128,1,16,16.192
128,128,1,32,16.1493
128,128,1,64,16.2347
128,128,1,128,16.1813
128,128,1,256,16.6933
128,128,1,512,21.9093
128,128,1,1024,20.608
128,128,1,2048,23.7763
128,128,1,4096,29.7387
128,128,1,8192,42.2293
128,128,1,16384,67.6053
128,128,2,16,16.192
128,128,2,32,16.2987
128,128,2,64,16.3413
128,128,2,128,16.2027
128,128,2,256,17.3227
128,128,2,512,20.0747
128,128,2,1024,20.6083
128,128,2,2048,24.107
128,128,2,4096,30.7093
128,128,2,8192,44.0427
128,128,2,16384,69.312
128,128,4,16,16.3733
128,128,4,32,16.2347
128,128,4,64,16.288
128,128,4,128,16.6187
128,128,4,256,17.376
128,128,4,512,20.2773
128,128,4,1024,21.6853
128,128,4,2048,27.4347
128,128,4,4096,38.9547
128,128,4,8192,56.6293
128,128,4,16384,93.5573
128,128,8,16,16.928
128,128,8,32,16.928
128,128,8,64,17.216
128,128,8,128,17.0027
128,128,8,256,17.7813
128,128,8,512,27.3707
128,128,8,1024,31.9467
128,128,8,2048,41.9413
128,128,8,4096,59.1147
128,128,8,8192,93.5147
128,128,8,16384,164.213
128,128,16,16,21.184
128,128,16,32,21.8027
128,128,16,64,21.8987
128,128,16,128,23.1893
128,128,16,256,25.1627
128,128,16,512,33.3013
128,128,16,1024,42.8693
128,128,16,2048,61.2377
128,128,16,4096,93.664
128,128,16,8192,163.531
128,128,16,16384,305.803
128,128,32,16,26.3893
128,128,32,32,26.3997
128,128,32,64,26.88
128,128,32,128,29.6107
128,128,32,256,33.4933
128,128,32,512,48.032
128,128,32,1024,64.736
128,128,32,2048,95.4667
128,128,32,4096,166.336
128,128,32,8192,305.344
128,128,32,16384,582.368
128,128,64,16,35.744
128,128,64,32,35.872
128,128,64,64,35.9147
128,128,64,128,42.4
128,128,64,256,49.5147
128,128,64,512,71.3173
128,128,64,1024,104.214
128,128,64,2048,173.856
128,128,64,4096,312.043
128,128,64,8192,586.902
128,128,64,16384,1139.84
128,256,0,0,17.3443
128,256,1,16,17.3657
128,256,1,32,17.3227
128,256,1,64,17.504
128,256,1,128,17.44
128,256,1,256,17.5573
128,256,1,512,23.424
128,256,1,1024,23.4453
128,256,1,2048,26.6453
128,256,1,4096,29.6427
128,256,1,8192,41.8667
128,256,1,16384,67.0827
128,256,2,16,17.2483
128,256,2,32,17.344
128,256,2,64,17.472
128,256,2,128,17.4187
128,256,2,256,17.376
128,256,2,512,23.872
128,256,2,1024,23.5947
128,256,2,2048,24.0853
128,256,2,4096,30.2187
128,256,2,8192,43.8613
128,256,2,16384,68.8853
128,256,4,16,17.504
128,256,4,32,17.4507
128,256,4,64,17.6107
128,256,4,128,17.9627
128,256,4,256,17.9843
128,256,4,512,21.6747
128,256,4,1024,22.272
128,256,4,2048,27.584
128,256,4,4096,39.8713
128,256,4,8192,58.656
128,256,4,16384,93.9947
128,256,8,16,18.08
128,256,8,32,18.1547
128,256,8,64,18.336
128,256,8,128,18.4107
128,256,8,256,18.4427
128,256,8,512,29.376
128,256,8,1024,33.6537
128,256,8,2048,43.2107
128,256,8,4096,61.1627
128,256,8,8192,97.3227
128,256,8,16384,164.257
128,256,16,16,23.1893
128,256,16,32,22.9227
128,256,16,64,22.9227
128,256,16,128,24.8427
128,256,16,256,26.56
128,256,16,512,35.296
128,256,16,1024,44.8533
128,256,16,2048,62.6667
128,256,16,4096,97.44
128,256,16,8192,164.598
128,256,16,16384,307.489
128,256,32,16,27.6907
128,256,32,32,27.936
128,256,32,64,28.3947
128,256,32,128,31.2213
128,256,32,256,35.072
128,256,32,512,49.2907
128,256,32,1024,67.2217
128,256,32,2048,98.816
128,256,32,4096,168
128,256,32,8192,305.707
128,256,32,16384,583.745
128,256,64,16,37.0667
128,256,64,32,37.5147
128,256,64,64,38.1547
128,256,64,128,43.6267
128,256,64,256,50.0693
128,256,64,512,74.0267
128,256,64,1024,104.267
128,256,64,2048,173.12
128,256,64,4096,311.456
128,256,64,8192,586.752
128,256,64,16384,1139.93
128,512,0,0,23.6693
128,512,1,16,24.9707
128,512,1,32,24.5227
128,512,1,64,24.6613
128,512,1,128,24.8747
128,512,1,256,24.7147
128,512,1,512,24.8217
128,512,1,1024,23.9147
128,512,1,2048,26.5813
128,512,1,4096,32.6613
128,512,1,8192,41.899
128,512,1,16384,67.6377
128,512,2,16,24.3307
128,512,2,32,24.491
128,512,2,64,24.5333
128,512,2,128,24.4907
128,512,2,256,24.8
128,512,2,512,29.7173
128,512,2,1024,25.3653
128,512,2,2048,26.6773
128,512,2,4096,30.88
128,512,2,8192,43.616
128,512,2,16384,69.248
128,512,4,16,24.6293
128,512,4,32,24.7467
128,512,4,64,24.5337
128,512,4,128,24.512
128,512,4,256,25.0027
128,512,4,512,25.0667
128,512,4,1024,33.3333
128,512,4,2048,28.0853
128,512,4,4096,37.5573
128,512,4,8192,61.2267
128,512,4,16384,96.9177
128,512,8,16,29.44
128,512,8,32,29.664
128,512,8,64,30.155
128,512,8,128,25.1947
128,512,8,256,25.5787
128,512,8,512,32.832
128,512,8,1024,36.8747
128,512,8,2048,47.0507
128,512,8,4096,64.7787
128,512,8,8192,99.8513
128,512,8,16384,164.927
128,512,16,16,30.2827
128,512,16,32,30.3147
128,512,16,64,30.7413
128,512,16,128,31.6483
128,512,16,256,32.6827
128,512,16,512,38.2297
128,512,16,1024,48.2987
128,512,16,2048,65.7603
128,512,16,4096,101.419
128,512,16,8192,165.696
128,512,16,16384,306.571
128,512,32,16,36.1387
128,512,32,32,36.2453
128,512,32,64,36.5333
128,512,32,128,38.1653
128,512,32,256,42.315
128,512,32,512,52.3733
128,512,32,1024,70.3253
128,512,32,2048,105.259
128,512,32,4096,168.501
128,512,32,8192,307.221
128,512,32,16384,586.112
128,512,64,16,45.056
128,512,64,32,44.8747
128,512,64,64,45.536
128,512,64,128,52.256
128,512,64,256,59.3813
128,512,64,512,78.1547
128,512,64,1024,110.432
128,512,64,2048,173.301
128,512,64,4096,312.373
128,512,64,8192,587.648
128,512,64,16384,1140.83
128,1024,0,0,27.6373
128,1024,1,16,26.6347
128,1024,1,32,26.4857
128,1024,1,64,27.072
128,1024,1,128,26.7307
128,1024,1,256,27.2533
128,1024,1,512,27.0827
128,1024,1,1024,27.8293
128,1024,1,2048,26.955
128,1024,1,4096,32.619
128,1024,1,8192,45.7173
128,1024,1,16384,67.328
128,1024,2,16,26.7947
128,1024,2,32,27.4453
128,1024,2,64,26.6667
128,1024,2,128,26.848
128,1024,2,256,27.7117
128,1024,2,512,27.168
128,1024,2,1024,34.368
128,1024,2,2048,28.3947
128,1024,2,4096,34.9013
128,1024,2,8192,43.659
128,1024,2,16384,69.5893
128,1024,4,16,26.176
128,1024,4,32,26.7203
128,1024,4,64,27.2747
128,1024,4,128,27.0187
128,1024,4,256,28.0853
128,1024,4,512,32.288
128,1024,4,1024,28.6187
128,1024,4,2048,40.9603
128,1024,4,4096,37.216
128,1024,4,8192,67.6053
128,1024,4,16384,104.683
128,1024,8,16,30.3147
128,1024,8,32,30.4427
128,1024,8,64,30.4853
128,1024,8,128,31.8403
128,1024,8,256,34.2827
128,1024,8,512,28.832
128,1024,8,1024,40.4267
128,1024,8,2048,53.5573
128,1024,8,4096,70.6987
128,1024,8,8192,106.933
128,1024,8,16384,177.792
128,1024,16,16,31.8613
128,1024,16,32,31.872
128,1024,16,64,32.1173
128,1024,16,128,35.008
128,1024,16,256,37.2907
128,1024,16,512,41.92
128,1024,16,1024,54.144
128,1024,16,2048,72.3947
128,1024,16,4096,107.606
128,1024,16,8192,178.102
128,1024,16,16384,307.734
128,1024,32,16,39.3493
128,1024,32,32,39.5523
128,1024,32,64,39.328
128,1024,32,128,42.9547
128,1024,32,256,48.8213
128,1024,32,512,58.7307
128,1024,32,1024,77.718
128,1024,32,2048,113.376
128,1024,32,4096,182.859
128,1024,32,8192,309.589
128,1024,32,16384,588.203
128,1024,64,16,49.8987
128,1024,64,32,49.856
128,1024,64,64,50.1547
128,1024,64,128,58.8053
128,1024,64,256,65.7707
128,1024,64,512,84.256
128,1024,64,1024,120.533
128,1024,64,2048,180.203
128,1024,64,4096,313.996
128,1024,64,8192,589.996
128,1024,64,16384,1143.06
128,2048,0,0,28.907
128,2048,1,16,29.824
128,2048,1,32,29.6533
128,2048,1,64,29.504
128,2048,1,128,31.712
128,2048,1,256,32.3413
128,2048,1,512,31.7333
128,2048,1,1024,30.8693
128,2048,1,2048,30.8693
128,2048,1,4096,33.2693
128,2048,1,8192,45.8347
128,2048,1,16384,71.1253
128,2048,2,16,32.8107
128,2048,2,32,33.0133
128,2048,2,64,32.864
128,2048,2,128,35.424
128,2048,2,256,35.6373
128,2048,2,512,30.7093
128,2048,2,1024,30.5067
128,2048,2,2048,41.8347
128,2048,2,4096,35.584
128,2048,2,8192,47.0293
128,2048,2,16384,69.9737
128,2048,4,16,33.0667
128,2048,4,32,33.3867
128,2048,4,64,33.216
128,2048,4,128,30.3787
128,2048,4,256,30.603
128,2048,4,512,30.496
128,2048,4,1024,40.1707
128,2048,4,2048,35.1467
128,2048,4,4096,55.6587
128,2048,4,8192,57.291
128,2048,4,16384,117.622
128,2048,8,16,34.8053
128,2048,8,32,34.8587
128,2048,8,64,34.9653
128,2048,8,128,36.736
128,2048,8,256,38.0373
128,2048,8,512,41.952
128,2048,8,1024,35.168
128,2048,8,2048,55.488
128,2048,8,4096,83.744
128,2048,8,8192,119.626
128,2048,8,16384,189.323
128,2048,16,16,35.8403
128,2048,16,32,36.1813
128,2048,16,64,35.8933
128,2048,16,128,37.365
128,2048,16,256,39.712
128,2048,16,512,48.6403
128,2048,16,1024,57.664
128,2048,16,2048,85.4507
128,2048,16,4096,121.195
128,2048,16,8192,190.997
128,2048,16,16384,326.603
128,2048,32,16,41.4617
128,2048,32,32,41.5893
128,2048,32,64,41.4723
128,2048,32,128,49.3973
128,2048,32,256,52.7893
128,2048,32,512,61.9947
128,2048,32,1024,90.24
128,2048,32,2048,125.6
128,2048,32,4096,194.166
128,2048,32,8192,311.669
128,2048,32,16384,588.992
128,2048,64,16,55.7653
128,2048,64,32,56.139
128,2048,64,64,57.0667
128,2048,64,128,63.627
128,2048,64,256,79.264
128,2048,64,512,97.92
128,2048,64,1024,132.235
128,2048,64,2048,201.419
128,2048,64,4096,314.859
128,2048,64,8192,589.985
128,2048,64,16384,1143.92
128,4096,0,0,35.168
128,4096,1,16,36.1707
128,4096,1,32,36.096
128,4096,1,64,36.3733
128,4096,1,128,36.6187
128,4096,1,256,38.2293
128,4096,1,512,40.8
128,4096,1,1024,44.416
128,4096,1,2048,49.568
128,4096,1,4096,40.4267
128,4096,1,8192,46.656
128,4096,1,16384,70.8373
128,4096,2,16,39.232
128,4096,2,32,39.0613
128,4096,2,64,39.115
128,4096,2,128,40.608
128,4096,2,256,41.9947
128,4096,2,512,45.184
128,4096,2,1024,48.576
128,4096,2,2048,40.0107
128,4096,2,4096,59.573
128,4096,2,8192,47.52
128,4096,2,16384,73.76
128,4096,4,16,39.5413
128,4096,4,32,39.4347
128,4096,4,64,39.3387
128,4096,4,128,41.0027
128,4096,4,256,42.6027
128,4096,4,512,39.4347
128,4096,4,1024,39.8193
128,4096,4,2048,55.104
128,4096,4,4096,48
128,4096,4,8192,84.3413
128,4096,4,16384,95.616
128,4096,8,16,40.5013
128,4096,8,32,40.224
128,4096,8,64,40.2987
128,4096,8,128,41.5893
128,4096,8,256,45.7173
128,4096,8,512,48.9067
128,4096,8,1024,56.757
128,4096,8,2048,48.384
128,4096,8,4096,86.8377
128,4096,8,8192,144.853
128,4096,8,16384,214.016
128,4096,16,16,41.2057
128,4096,16,32,41.184
128,4096,16,64,41.1733
128,4096,16,128,46.123
128,4096,16,256,48.448
128,4096,16,512,51.7867
128,4096,16,1024,70.0587
128,4096,16,2048,88.544
128,4096,16,4096,145.216
128,4096,16,8192,214.081
128,4096,16,16384,350.4
128,4096,32,16,49.5787
128,4096,32,32,49.6003
128,4096,32,64,49.9947
128,4096,32,128,53.824
128,4096,32,256,56.448
128,4096,32,512,74.8053
128,4096,32,1024,94.048
128,4096,32,2048,148.929
128,4096,32,4096,218.197
128,4096,32,8192,354.913
128,4096,32,16384,587.136
128,4096,64,16,60.4373
128,4096,64,32,60.5233
128,4096,64,64,60.8427
128,4096,64,128,75.104
128,4096,64,256,82.9443
128,4096,64,512,102.293
128,4096,64,1024,157.92
128,4096,64,2048,226.059
128,4096,64,4096,362.902
128,4096,64,8192,591.285
128,4096,64,16384,1143.46
128,8192,0,0,47.936
128,8192,1,16,48.9603
128,8192,1,32,48.9067
128,8192,1,64,48.6827
128,8192,1,128,49.536
128,8192,1,256,50.8587
128,8192,1,512,53.984
128,8192,1,1024,59.808
128,8192,1,2048,69.6427
128,8192,1,4096,75.3173
128,8192,1,8192,56.4267
128,8192,1,16384,71.9683
128,8192,2,16,51.9467
128,8192,2,32,51.9893
128,8192,2,64,51.8613
128,8192,2,128,53.6853
128,8192,2,256,54.304
128,8192,2,512,57.792
128,8192,2,1024,64.064
128,8192,2,2048,74.4107
128,8192,2,4096,55.968
128,8192,2,8192,95.019
128,8192,2,16384,74.0797
128,8192,4,16,52.224
128,8192,4,32,52.064
128,8192,4,64,52.2027
128,8192,4,128,53.5147
128,8192,4,256,55.3493
128,8192,4,512,58.582
128,8192,4,1024,64.6617
128,8192,4,2048,55.6373
128,8192,4,4096,86.912
128,8192,4,8192,74.6883
128,8192,4,16384,141.365
128,8192,8,16,52.96
128,8192,8,32,52.8213
128,8192,8,64,53.1203
128,8192,8,128,54.7847
128,8192,8,256,55.6377
128,8192,8,512,58.88
128,8192,8,1024,73.5573
128,8192,8,2048,88.9387
128,8192,8,4096,74.6237
128,8192,8,8192,148.96
128,8192,8,16384,262.709
128,8192,16,16,53.6533
128,8192,16,32,53.5257
128,8192,16,64,53.2373
128,8192,16,128,55.2643
128,8192,16,256,56.896
128,8192,16,512,69.2693
128,8192,16,1024,79.5097
128,8192,16,2048,114.528
128,8192,16,4096,148.555
128,8192,16,8192,262.432
128,8192,16,16384,397.568
128,8192,32,16,59.787
128,8192,32,32,59.3387
128,8192,32,64,59.915
128,8192,32,128,69.803
128,8192,32,256,73.344
128,8192,32,512,83.5307
128,8192,32,1024,119.616
128,8192,32,2048,153.611
128,8192,32,4096,268.182
128,8192,32,8192,405.024
128,8192,32,16384,676.481
128,8192,64,16,77.3337
128,8192,64,32,76.992
128,8192,64,64,76.8537
128,8192,64,128,83.52
128,8192,64,256,91.6693
128,8192,64,512,127.509
128,8192,64,1024,162.859
128,8192,64,2048,275.947
128,8192,64,4096,413.781
128,8192,64,8192,686.582
128,8192,64,16384,1148.22
128,16384,0,0,72.821
128,16384,1,16,73.632
128,16384,1,32,74.1653
128,16384,1,64,74.176
128,16384,1,128,73.7923
128,16384,1,256,75.3913
128,16384,1,512,78.752
128,16384,1,1024,86.027
128,16384,1,2048,99.5627
128,16384,1,4096,120.95
128,16384,1,8192,126.72
128,16384,1,16384,90.8267
128,16384,2,16,76.8643
128,16384,2,32,76.5333
128,16384,2,64,76.449
128,16384,2,128,78.688
128,16384,2,256,79.8933
128,16384,2,512,83.0617
128,16384,2,1024,90.272
128,16384,2,2048,103.658
128,16384,2,4096,125.973
128,16384,2,8192,92.1493
128,16384,2,16384,163.701
128,16384,4,16,77.365
128,16384,4,32,77.2053
128,16384,4,64,77.7817
128,16384,4,128,78.9867
128,16384,4,256,80.1707
128,16384,4,512,83.5307
128,16384,4,1024,91.104
128,16384,4,2048,104.704
128,16384,4,4096,91.072
128,16384,4,8192,147.104
128,16384,4,16384,128.533
128,16384,8,16,78.176
128,16384,8,32,78.6347
128,16384,8,64,78.3897
128,16384,8,128,79.5733
128,16384,8,256,80.8533
128,16384,8,512,84.4907
128,16384,8,1024,92.8
128,16384,8,2048,120.853
128,16384,8,4096,148.235
128,16384,8,8192,129.707
128,16384,8,16384,266.432
128,16384,16,16,78.5707
128,16384,16,32,78.6777
128,16384,16,64,78.7733
128,16384,16,128,79.7547
128,16384,16,256,81.8883
128,16384,16,512,87.9257
128,16384,16,1024,113.995
128,16384,16,2048,132.182
128,16384,16,4096,199.851
128,16384,16,8192,267.926
128,16384,16,16384,497.366
128,16384,32,16,84.5227
128,16384,32,32,85.0027
128,16384,32,64,84.6613
128,16384,32,128,88.3523
128,16384,32,256,92.0213
128,16384,32,512,117.76
128,16384,32,1024,137.536
128,16384,32,2048,203.947
128,16384,32,4096,272.928
128,16384,32,8192,503.019
128,16384,32,16384,779.222
128,16384,64,16,95.2323
128,16384,64,32,94.9973
128,16384,64,64,94.987
128,16384,64,128,117.003
128,16384,64,256,126.24
128,16384,64,512,144.587
128,16384,64,1024,213.366
128,16384,64,2048,281.867
128,16384,64,4096,512.181
128,16384,64,8192,786.603
128,16384,64,16384,1336.25
256,0,0,0,17.4187
256,0,1,16,17.056
256,0,1,32,17.28
256,0,1,64,17.28
256,0,1,128,17.3227
256,0,1,256,17.28
256,0,1,512,21.024
256,0,1,1024,24.1493
256,0,1,2048,30.1333
256,0,1,4096,43.328
256,0,1,8192,67.7973
256,0,1,16384,118.304
256,0,2,16,16.9707
256,0,2,32,16.768
256,0,2,64,17.024
256,0,2,128,17.1307
256,0,2,256,17.9627
256,0,2,512,21.5147
256,0,2,1024,24.3627
256,0,2,2048,30.5707
256,0,2,4096,43.424
256,0,2,8192,68.5333
256,0,2,16384,118.07
256,0,4,16,16.8643
256,0,4,32,17.0773
256,0,4,64,17.0453
256,0,4,128,17.184
256,0,4,256,18.0267
256,0,4,512,21.9307
256,0,4,1024,24.9173
256,0,4,2048,31.5413
256,0,4,4096,44.96
256,0,4,8192,70.6027
256,0,4,16384,121.834
256,0,8,16,16.9493
256,0,8,32,17.1947
256,0,8,64,17.2587
256,0,8,128,17.3867
256,0,8,256,18.187
256,0,8,512,28.6187
256,0,8,1024,32.5337
256,0,8,2048,42.4
256,0,8,4096,61.0027
256,0,8,8192,95.9467
256,0,8,16384,168.438
256,0,16,16,21.7177
256,0,16,32,22.2507
256,0,16,64,22.0693
256,0,16,128,23.9467
256,0,16,256,25.7067
256,0,16,512,34.2297
256,0,16,1024,45.2587
256,0,16,2048,63.168
256,0,16,4096,97.4293
256,0,16,8192,169.045
256,0,16,16384,308.629
256,0,32,16,26.837
256,0,32,32,26.8907
256,0,32,64,27.5097
256,0,32,128,30.176
256,0,32,256,34.091
256,0,32,512,49.92
256,0,32,1024,67.3923
256,0,32,2048,101.003
256,0,32,4096,169.974
256,0,32,8192,309.035
256,0,32,16384,587.585
256,0,64,16,36.2987
256,0,64,32,36.203
256,0,64,64,36.8533
256,0,64,128,42.7093
256,0,64,256,49.408
256,0,64,512,73.76
256,0,64,1024,109.355
256,0,64,2048,176.064
256,0,64,4096,314.369
256,0,64,8192,590.582
256,0,64,16384,1142.48
256,16,0,0,18.6347
256,16,1,16,18.3467
256,16,1,32,18.2933
256,16,1,64,18.3893
256,16,1,128,18.2933
256,16,1,256,18.7733
256,16,1,512,26.4
256,16,1,1024,24.1707
256,16,1,2048,30.6987
256,16,1,4096,43.04
256,16,1,8192,67.9143
256,16,1,16384,117.931
256,16,2,16,18.859
256,16,2,32,18.848
256,16,2,64,18.8907
256,16,2,128,19.0293
256,16,2,256,19.0937
256,16,2,512,22.656
256,16,2,1024,24.3413
256,16,2,2048,30.816
256,16,2,4096,43.2853
256,16,2,8192,68.2877
256,16,2,16384,118.198
256,16,4,16,18.891
256,16,4,32,18.9867
256,16,4,64,19.1787
256,16,4,128,19.1467
256,16,4,256,19.072
256,16,4,512,23.008
256,16,4,1024,24.832
256,16,4,2048,31.7013
256,16,4,4096,45.1733
256,16,4,8192,70.144
256,16,4,16384,122.037
256,16,8,16,18.784
256,16,8,32,19.04
256,16,8,64,19.392
256,16,8,128,19.3067
256,16,8,256,19.392
256,16,8,512,25.3867
256,16,8,1024,34.7733
256,16,8,2048,43.776
256,16,8,4096,62.1867
256,16,8,8192,97.8023
256,16,8,16384,166.624
256,16,16,16,23.7763
256,16,16,32,24.2453
256,16,16,64,24
256,16,16,128,25.4933
256,16,16,256,27.7227
256,16,16,512,34.9123
256,16,16,1024,45.5567
256,16,16,2048,63.4557
256,16,16,4096,99.723
256,16,16,8192,167.35
256,16,16,16384,307.99
256,16,32,16,27.712
256,16,32,32,27.7547
256,16,32,64,28.128
256,16,32,128,31.168
256,16,32,256,34.6453
256,16,32,512,50.304
256,16,32,1024,68.8
256,16,32,2048,103.221
256,16,32,4096,170.496
256,16,32,8192,308.907
256,16,32,16384,586.881
256,16,64,16,36.7787
256,16,64,32,36.864
256,16,64,64,37.4613
256,16,64,128,43.584
256,16,64,256,50.1227
256,16,64,512,75.7653
256,16,64,1024,110.624
256,16,64,2048,176.299
256,16,64,4096,314.72
256,16,64,8192,590.496
256,16,64,16384,1143.45
256,32,0,0,17.6
256,32,1,16,17.6107
256,32,1,32,17.5253
256,32,1,64,17.664
256,32,1,128,17.6853
256,32,1,256,17.792
256,32,1,512,26.368
256,32,1,1024,24.0533
256,32,1,2048,30.528
256,32,1,4096,42.8803
256,32,1,8192,68.1387
256,32,1,16384,118.347
256,32,2,16,17.9947
256,32,2,32,17.9733
256,32,2,64,18.1333
256,32,2,128,18.1653
256,32,2,256,18.176
256,32,2,512,21.952
256,32,2,1024,24.3413
256,32,2,2048,30.848
256,32,2,4096,43.6267
256,32,2,8192,68.171
256,32,2,16384,118.486
256,32,4,16,18.144
256,32,4,32,18.272
256,32,4,64,18.4533
256,32,4,128,18.24
256,32,4,256,18.4213
256,32,4,512,22.4213
256,32,4,1024,24.7253
256,32,4,2048,31.8293
256,32,4,4096,44.928
256,32,4,8192,71.2107
256,32,4,16384,122.752
256,32,8,16,18.6243
256,32,8,32,18.464
256,32,8,64,18.5387
256,32,8,128,18.6133
256,32,8,256,18.7733
256,32,8,512,25.408
256,32,8,1024,33.4187
256,32,8,2048,42.432
256,32,8,4096,61.0883
256,32,8,8192,97.12
256,32,8,16384,167.136
256,32,16,16,23.0507
256,32,16,32,23.2107
256,32,16,64,23.499
256,32,16,128,24.8533
256,32,16,256,26.8267
256,32,16,512,35.0293
256,32,16,1024,44.3413
256,32,16,2048,62.3467
256,32,16,4096,98.368
256,32,16,8192,167.532
256,32,16,16384,308.374
256,32,32,16,26.688
256,32,32,32,26.88
256,32,32,64,27.3813
256,32,32,128,30.368
256,32,32,256,34.0053
256,32,32,512,49.4717
256,32,32,1024,67.2853
256,32,32,2048,101.664
256,32,32,4096,169.846
256,32,32,8192,309.077
256,32,32,16384,588.417
256,32,64,16,36.1387
256,32,64,32,36.2027
256,32,64,64,36.5333
256,32,64,128,43.0933
256,32,64,256,49.5573
256,32,64,512,74.2293
256,32,64,1024,110.038
256,32,64,2048,176.587
256,32,64,4096,314.496
256,32,64,8192,589.729
256,32,64,16384,1144.1
256,64,0,0,17.7493
256,64,1,16,18.0693
256,64,1,32,18.0693
256,64,1,64,18.2293
256,64,1,128,18.1543
256,64,1,256,18.3253
256,64,1,512,26.5707
256,64,1,1024,24.4267
256,64,1,2048,30.443
256,64,1,4096,42.88
256,64,1,8192,68.341
256,64,1,16384,117.825
256,64,2,16,18.1013
256,64,2,32,17.9843
256,64,2,64,18.0267
256,64,2,128,18.112
256,64,2,256,18.176
256,64,2,512,21.6213
256,64,2,1024,24.4907
256,64,2,2048,30.8373
256,64,2,4096,43.2213
256,64,2,8192,68.3413
256,64,2,16384,119.445
256,64,4,16,18.08
256,64,4,32,18.016
256,64,4,64,18.208
256,64,4,128,18.2827
256,64,4,256,18.3573
256,64,4,512,22.336
256,64,4,1024,24.768
256,64,4,2048,31.808
256,64,4,4096,45.0563
256,64,4,8192,70.4107
256,64,4,16384,122.357
256,64,8,16,18.187
256,64,8,32,18.6453
256,64,8,64,18.56
256,64,8,128,18.4963
256,64,8,256,18.539
256,64,8,512,25.0457
256,64,8,1024,34.3467
256,64,8,2048,43.968
256,64,8,4096,61.952
256,64,8,8192,96.9497
256,64,8,16384,167.776
256,64,16,16,23.136
256,64,16,32,23.4987
256,64,16,64,23.7333
256,64,16,128,24.8747
256,64,16,256,27.1783
256,64,16,512,35.9147
256,64,16,1024,45.8663
256,64,16,2048,63.1467
256,64,16,4096,98.8053
256,64,16,8192,167.648
256,64,16,16384,309.493
256,64,32,16,28.2347
256,64,32,32,28.224
256,64,32,64,28.5547
256,64,32,128,31.456
256,64,32,256,35.2213
256,64,32,512,49.2053
256,64,32,1024,67.2107
256,64,32,2048,103.285
256,64,32,4096,169.461
256,64,32,8192,308.876
256,64,32,16384,586.87
256,64,64,16,36.3307
256,64,64,32,36.4907
256,64,64,64,36.64
256,64,64,128,42.8587
256,64,64,256,49.6747
256,64,64,512,74.7843
256,64,64,1024,110.741
256,64,64,2048,176.853
256,64,64,4096,314.24
256,64,64,8192,591.979
256,64,64,16384,1143.12
256,128,0,0,17.9093
256,128,1,16,18.304
256,128,1,32,18.1653
256,128,1,64,18.4853
256,128,1,128,18.3253
256,128,1,256,18.2613
256,128,1,512,31.7547
256,128,1,1024,24.3627
256,128,1,2048,30.635
256,128,1,4096,42.8373
256,128,1,8192,68.5547
256,128,1,16384,118.475
256,128,2,16,18.1653
256,128,2,32,18.1973
256,128,2,64,18.2613
256,128,2,128,18.176
256,128,2,256,18.3573
256,128,2,512,21.6853
256,128,2,1024,24.512
256,128,2,2048,30.88
256,128,2,4096,43.6057
256,128,2,8192,68.4903
256,128,2,16384,118.613
256,128,4,16,18.112
256,128,4,32,18.1017
256,128,4,64,18.3573
256,128,4,128,18.1867
256,128,4,256,18.2507
256,128,4,512,22.3147
256,128,4,1024,24.704
256,128,4,2048,31.8187
256,128,4,4096,45.0773
256,128,4,8192,71.3173
256,128,4,16384,122.133
256,128,8,16,18.2827
256,128,8,32,18.5387
256,128,8,64,18.592
256,128,8,128,18.6347
256,128,8,256,18.6453
256,128,8,512,25.4187
256,128,8,1024,34.2507
256,128,8,2048,44.1707
256,128,8,4096,62.304
256,128,8,8192,97.8563
256,128,8,16384,167.499
256,128,16,16,23.2853
256,128,16,32,23.456
256,128,16,64,23.776
256,128,16,128,25.28
256,128,16,256,27.0293
256,128,16,512,36.768
256,128,16,1024,46.507
256,128,16,2048,64.2877
256,128,16,4096,99.328
256,128,16,8192,168.736
256,128,16,16384,310.24
256,128,32,16,28.288
256,128,32,32,28.4267
256,128,32,64,28.704
256,128,32,128,31.7017
256,128,32,256,35.616
256,128,32,512,50.944
256,128,32,1024,69.2267
256,128,32,2048,103.552
256,128,32,4096,171.296
256,128,32,8192,310.496
256,128,32,16384,589.75
256,128,64,16,37.6433
256,128,64,32,37.5573
256,128,64,64,38.2187
256,128,64,128,44.384
256,128,64,256,50.8377
256,128,64,512,75.776
256,128,64,1024,111.904
256,128,64,2048,177.248
256,128,64,4096,314.752
256,128,64,8192,591.061
256,128,64,16384,1143.83
256,256,0,0,19.488
256,256,1,16,19.904
256,256,1,32,19.7547
256,256,1,64,19.68
256,256,1,128,19.68
256,256,1,256,19.584
256,256,1,512,33.152
256,256,1,1024,32.8107
256,256,1,2048,30.2933
256,256,1,4096,42.912
256,256,1,8192,67.7547
256,256,1,16384,118.229
256,256,2,16,19.5627
256,256,2,32,19.68
256,256,2,64,19.5947
256,256,2,128,19.5733
256,256,2,256,19.5307
256,256,2,512,32.8427
256,256,2,1024,24.64
256,256,2,2048,31.0293
256,256,2,4096,43.4133
256,256,2,8192,68.5227
256,256,2,16384,118.379
256,256,4,16,19.5733
256,256,4,32,19.68
256,256,4,64,19.616
256,256,4,128,19.6053
256,256,4,256,19.712
256,256,4,512,24.0107
256,256,4,1024,24.8427
256,256,4,2048,31.872
256,256,4,4096,44.7043
256,256,4,8192,70.7307
256,256,4,16384,122.421
256,256,8,16,20.0853
256,256,8,32,19.904
256,256,8,64,20.064
256,256,8,128,19.9787
256,256,8,256,19.968
256,256,8,512,25.344
256,256,8,1024,36.128
256,256,8,2048,45.3547
256,256,8,4096,63.8293
256,256,8,8192,100.032
256,256,8,16384,168.619
256,256,16,16,24.6827
256,256,16,32,25.2373
256,256,16,64,25.0453
256,256,16,128,26.688
256,256,16,256,28.7253
256,256,16,512,37.9627
256,256,16,1024,48.064
256,256,16,2048,66.1547
256,256,16,4096,101.717
256,256,16,8192,170.88
256,256,16,16384,310.293
256,256,32,16,29.696
256,256,32,32,30.0907
256,256,32,64,29.8347
256,256,32,128,33.152
256,256,32,256,37.44
256,256,32,512,52.544
256,256,32,1024,70.2187
256,256,32,2048,106.059
256,256,32,4096,174.389
256,256,32,8192,311.307
256,256,32,16384,590.336
256,256,64,16,39.072
256,256,64,32,39.1467
256,256,64,64,39.6693
256,256,64,128,45.76
256,256,64,256,51.7867
256,256,64,512,78.6027
256,256,64,1024,112.288
256,256,64,2048,181.536
256,256,64,4096,316.064
256,256,64,8192,590.774
256,256,64,16384,1144.28
256,512,0,0,28.3733
256,512,1,16,31.6053
256,512,1,32,31.2107
256,512,1,64,31.328
256,512,1,128,34.4963
256,512,1,256,34.8053
256,512,1,512,36.2773
256,512,1,1024,36.2773
256,512,1,2048,36.107
256,512,1,4096,43.1147
256,512,1,8192,68.3947
256,512,1,16384,118.155
256,512,2,16,32.576
256,512,2,32,32.5973
256,512,2,64,32.3627
256,512,2,128,35.5093
256,512,2,256,35.6693
256,512,2,512,35.552
256,512,2,1024,35.9467
256,512,2,2048,30.688
256,512,2,4096,43.7227
256,512,2,8192,68.672
256,512,2,16384,119.029
256,512,4,16,33.2373
256,512,4,32,33.3013
256,512,4,64,33.2693
256,512,4,128,35.6693
256,512,4,256,36.1497
256,512,4,512,35.9787
256,512,4,1024,27.328
256,512,4,2048,32.0533
256,512,4,4096,45.184
256,512,4,8192,70.6773
256,512,4,16384,121.845
256,512,8,16,33.5467
256,512,8,32,33.536
256,512,8,64,33.5043
256,512,8,128,35.424
256,512,8,256,36.544
256,512,8,512,27.3173
256,512,8,1024,39.3493
256,512,8,2048,49.2907
256,512,8,4096,67.584
256,512,8,8192,103.222
256,512,8,16384,173.131
256,512,16,16,34.3253
256,512,16,32,34.1227
256,512,16,64,34.432
256,512,16,128,33.9733
256,512,16,256,36.3093
256,512,16,512,41.3973
256,512,16,1024,51.2427
256,512,16,2048,68.896
256,512,16,4096,105.067
256,512,16,8192,173.931
256,512,16,16384,312.139
256,512,32,16,37.4827
256,512,32,32,37.6213
256,512,32,64,37.568
256,512,32,128,41.344
256,512,32,256,45.792
256,512,32,512,56.2667
256,512,32,1024,73.6213
256,512,32,2048,109.387
256,512,32,4096,179.179
256,512,32,8192,314.699
256,512,32,16384,593.365
256,512,64,16,47.8613
256,512,64,32,47.9047
256,512,64,64,48.3627
256,512,64,128,55.4137
256,512,64,256,63.3493
256,512,64,512,81.227
256,512,64,1024,116.309
256,512,64,2048,185.888
256,512,64,4096,316.203
256,512,64,8192,592.022
256,512,64,16384,1146.53
256,1024,0,0,31.4347
256,1024,1,16,34.336
256,1024,1,32,34.4213
256,1024,1,64,34.496
256,1024,1,128,35.936
256,1024,1,256,37.6217
256,1024,1,512,40.5973
256,1024,1,1024,41.6967
256,1024,1,2048,42.144
256,1024,1,4096,48.9387
256,1024,1,8192,68.0533
256,1024,1,16384,118.475
256,1024,2,16,35.648
256,1024,2,32,35.2533
256,1024,2,64,35.4667
256,1024,2,128,37.3013
256,1024,2,256,38.6353
256,1024,2,512,41.2907
256,1024,2,1024,41.44
256,1024,2,2048,42.1013
256,1024,2,4096,43.766
256,1024,2,8192,68.502
256,1024,2,16384,119.093
256,1024,4,16,36.3307
256,1024,4,32,36.63
256,1024,4,64,36.5013
256,1024,4,128,37.739
256,1024,4,256,39.403
256,1024,4,512,41.728
256,1024,4,1024,42.3893
256,1024,4,2048,33.664
256,1024,4,4096,45.632
256,1024,4,8192,71.3493
256,1024,4,16384,123.115
256,1024,8,16,36.5333
256,1024,8,32,36.4587
256,1024,8,64,36.8
256,1024,8,128,38.3893
256,1024,8,256,39.6373
256,1024,8,512,43.4773
256,1024,8,1024,34.0053
256,1024,8,2048,56.128
256,1024,8,4096,73.2693
256,1024,8,8192,110.795
256,1024,8,16384,180.565
256,1024,16,16,37.558
256,1024,16,32,37.248
256,1024,16,64,37.4187
256,1024,16,128,39.3813
256,1024,16,256,41.3233
256,1024,16,512,47.4133
256,1024,16,1024,58.112
256,1024,16,2048,75.8293
256,1024,16,4096,112.427
256,1024,16,8192,182.283
256,1024,16,16384,320.449
256,1024,32,16,43.3387
256,1024,32,32,43.264
256,1024,32,64,43.2533
256,1024,32,128,47.4987
256,1024,32,256,51.7547
256,1024,32,512,62.4107
256,1024,32,1024,80.896
256,1024,32,2048,115.691
256,1024,32,4096,186.218
256,1024,32,8192,326.209
256,1024,32,16384,597.867
256,1024,64,16,54.0907
256,1024,64,32,54.1763
256,1024,64,64,54.5387
256,1024,64,128,62.112
256,1024,64,256,69.5363
256,1024,64,512,88.544
256,1024,64,1024,123.904
256,1024,64,2048,192.363
256,1024,64,4096,329.889
256,1024,64,8192,596.353
256,1024,64,16384,1148.05
256,2048,0,0,37.7387
256,2048,1,16,40.7147
256,2048,1,32,41.0133
256,2048,1,64,40.9493
256,2048,1,128,42.144
256,2048,1,256,43.5843
256,2048,1,512,46.8053
256,2048,1,1024,53.0667
256,2048,1,2048,54.656
256,2048,1,4096,54.5813
256,2048,1,8192,74.9653
256,2048,1,16384,118.891
256,2048,2,16,42.0053
256,2048,2,32,42.0587
256,2048,2,64,42.1013
256,2048,2,128,43.7867
256,2048,2,256,45.2693
256,2048,2,512,48.128
256,2048,2,1024,53.92
256,2048,2,2048,54.048
256,2048,2,4096,54.5387
256,2048,2,8192,69.152
256,2048,2,16384,119.797
256,2048,4,16,42.656
256,2048,4,32,43.2
256,2048,4,64,42.6453
256,2048,4,128,44.3733
256,2048,4,256,45.8453
256,2048,4,512,48.928
256,2048,4,1024,54.5173
256,2048,4,2048,55.584
256,2048,4,4096,46.731
256,2048,4,8192,71.2107
256,2048,4,16384,123.936
256,2048,8,16,42.976
256,2048,8,32,43.179
256,2048,8,64,43.051
256,2048,8,128,44.5973
256,2048,8,256,46.0697
256,2048,8,512,49.0133
256,2048,8,1024,56.4587
256,2048,8,2048,46.5387
256,2048,8,4096,88.363
256,2048,8,8192,123.808
256,2048,8,16384,193.269
256,2048,16,16,43.936
256,2048,16,32,44.1497
256,2048,16,64,44.0533
256,2048,16,128,45.7493
256,2048,16,256,47.36
256,2048,16,512,52.4693
256,2048,16,1024,70.9653
256,2048,16,2048,89.632
256,2048,16,4096,125.344
256,2048,16,8192,194.923
256,2048,16,16384,334.826
256,2048,32,16,49.472
256,2048,32,32,49.92
256,2048,32,64,49.7173
256,2048,32,128,53.408
256,2048,32,256,56.2453
256,2048,32,512,74.6347
256,2048,32,1024,94.507
256,2048,32,2048,128.011
256,2048,32,4096,199.2
256,2048,32,8192,335.915
256,2048,32,16384,608.491
256,2048,64,16,60.5657
256,2048,64,32,60.2667
256,2048,64,64,60.512
256,2048,64,128,74.72
256,2048,64,256,82.848
256,2048,64,512,101.557
256,2048,64,1024,136.693
256,2048,64,2048,205.888
256,2048,64,4096,342.625
256,2048,64,8192,601.323
256,2048,64,16384,1148.75
256,4096,0,0,49.8027
256,4096,1,16,53.472
256,4096,1,32,53.5147
256,4096,1,64,53.664
256,4096,1,128,55.6053
256,4096,1,256,56.64
256,4096,1,512,59.275
256,4096,1,1024,65.8773
256,4096,1,2048,79.008
256,4096,1,4096,80.1923
256,4096,1,8192,80.672
256,4096,1,16384,126.742
256,4096,2,16,54.4853
256,4096,2,32,54.6887
256,4096,2,64,54.6457
256,4096,2,128,56.3627
256,4096,2,256,57.8133
256,4096,2,512,60.8857
256,4096,2,1024,66.9653
256,4096,2,2048,79.904
256,4096,2,4096,80.3097
256,4096,2,8192,81.1307
256,4096,2,16384,120.715
256,4096,4,16,55.52
256,4096,4,32,55.6267
256,4096,4,64,55.168
256,4096,4,128,57.067
256,4096,4,256,58.1333
256,4096,4,512,62.0053
256,4096,4,1024,67.488
256,4096,4,2048,81.4827
256,4096,4,4096,82.1973
256,4096,4,8192,72.0107
256,4096,4,16384,124.672
256,4096,8,16,55.4133
256,4096,8,32,55.3493
256,4096,8,64,55.52
256,4096,8,128,57.2907
256,4096,8,256,58.4533
256,4096,8,512,61.7173
256,4096,8,1024,68.2773
256,4096,8,2048,82.6773
256,4096,8,4096,72.2027
256,4096,8,8192,148.085
256,4096,8,16384,217.344
256,4096,16,16,56.256
256,4096,16,32,56.8003
256,4096,16,64,56.3413
256,4096,16,128,58.464
256,4096,16,256,59.4347
256,4096,16,512,64.3413
256,4096,16,1024,74.9657
256,4096,16,2048,114.613
256,4096,16,4096,150.347
256,4096,16,8192,218.55
256,4096,16,16384,356.757
256,4096,32,16,62.24
256,4096,32,32,61.8667
256,4096,32,64,62.1653
256,4096,32,128,65.056
256,4096,32,256,68.64
256,4096,32,512,78.8167
256,4096,32,1024,119.936
256,4096,32,2048,154.101
256,4096,32,4096,222.39
256,4096,32,8192,358.902
256,4096,32,16384,633.248
256,4096,64,16,73.1627
256,4096,64,32,72.928
256,4096,64,64,73.1307
256,4096,64,128,79.52
256,4096,64,256,87.232
256,4096,64,512,127.04
256,4096,64,1024,163.393
256,4096,64,2048,231.531
256,4096,64,4096,368.299
256,4096,64,8192,640.427
256,4096,64,16384,1148.48
256,8192,0,0,75.5413
256,8192,1,16,78.699
256,8192,1,32,79.2427
256,8192,1,64,79.0083
256,8192,1,128,80.309
256,8192,1,256,81.856
256,8192,1,512,84.928
256,8192,1,1024,92.3417
256,8192,1,2048,105.173
256,8192,1,4096,130.837
256,8192,1,8192,132.395
256,8192,1,16384,134.155
256,8192,2,16,80.3527
256,8192,2,32,79.936
256,8192,2,64,80.3203
256,8192,2,128,81.7913
256,8192,2,256,83.3813
256,8192,2,512,86.88
256,8192,2,1024,93.3977
256,8192,2,2048,108.757
256,8192,2,4096,132.662
256,8192,2,8192,132.011
256,8192,2,16384,134.805
256,8192,4,16,80.064
256,8192,4,32,80.7037
256,8192,4,64,81.1733
256,8192,4,128,82.272
256,8192,4,256,83.3173
256,8192,4,512,86.6453
256,8192,4,1024,94.0587
256,8192,4,2048,107.392
256,8192,4,4096,133.504
256,8192,4,8192,134.944
256,8192,4,16384,126.944
256,8192,8,16,80.96
256,8192,8,32,80.5657
256,8192,8,64,80.896
256,8192,8,128,82.6563
256,8192,8,256,83.5947
256,8192,8,512,87.168
256,8192,8,1024,94.7527
256,8192,8,2048,109.301
256,8192,8,4096,135.808
256,8192,8,8192,128.491
256,8192,8,16384,267.627
256,8192,16,16,81.1307
256,8192,16,32,81.494
256,8192,16,64,81.7707
256,8192,16,128,83.072
256,8192,16,256,85.2373
256,8192,16,512,91.456
256,8192,16,1024,102.101
256,8192,16,2048,120.267
256,8192,16,4096,200.363
256,8192,16,8192,267.297
256,8192,16,16384,404.469
256,8192,32,16,87.8507
256,8192,32,32,88.0853
256,8192,32,64,88.0747
256,8192,32,128,91.424
256,8192,32,256,95.264
256,8192,32,512,106.571
256,8192,32,1024,125.386
256,8192,32,2048,205.707
256,8192,32,4096,272.192
256,8192,32,8192,408.95
256,8192,32,16384,682.913
256,8192,64,16,98.2827
256,8192,64,32,99.4027
256,8192,64,64,98.624
256,8192,64,128,106.496
256,8192,64,256,113.963
256,8192,64,512,132.629
256,8192,64,1024,213.355
256,8192,64,2048,282.07
256,8192,64,4096,416.907
256,8192,64,8192,690.55
256,8192,64,16384,1239.22
256,16384,0,0,128.96
256,16384,1,16,131.541
256,16384,1,32,132.64
256,16384,1,64,132.534
256,16384,1,128,132.875
256,16384,1,256,134.496
256,16384,1,512,137.675
256,16384,1,1024,143.691
256,16384,1,2048,158.016
256,16384,1,4096,181.675
256,16384,1,8192,232.171
256,16384,1,16384,233.888
256,16384,2,16,133.013
256,16384,2,32,132.853
256,16384,2,64,133.131
256,16384,2,128,134.037
256,16384,2,256,135.904
256,16384,2,512,139.509
256,16384,2,1024,145.696
256,16384,2,2048,158.294
256,16384,2,4096,183.894
256,16384,2,8192,232.321
256,16384,2,16384,233.59
256,16384,4,16,132.533
256,16384,4,32,132.757
256,16384,4,64,133.333
256,16384,4,128,134.133
256,16384,4,256,135.616
256,16384,4,512,138.571
256,16384,4,1024,144.843
256,16384,4,2048,159.819
256,16384,4,4096,184.341
256,16384,4,8192,234.582
256,16384,4,16384,237.301
256,16384,8,16,133.792
256,16384,8,32,134.293
256,16384,8,64,133.697
256,16384,8,128,134.251
256,16384,8,256,135.446
256,16384,8,512,139.211
256,16384,8,1024,146.229
256,16384,8,2048,159.446
256,16384,8,4096,186.55
256,16384,8,8192,238.39
256,16384,8,16384,231.456
256,16384,16,16,134.795
256,16384,16,32,134.613
256,16384,16,64,134.934
256,16384,16,128,136.437
256,16384,16,256,137.675
256,16384,16,512,143.509
256,16384,16,1024,154.475
256,16384,16,2048,171.669
256,16384,16,4096,207.446
256,16384,16,8192,366.507
256,16384,16,16384,503.702
256,16384,32,16,140.651
256,16384,32,32,140.619
256,16384,32,64,141.526
256,16384,32,128,144.362
256,16384,32,256,148.192
256,16384,32,512,158.432
256,16384,32,1024,177.771
256,16384,32,2048,212.843
256,16384,32,4096,371.957
256,16384,32,8192,506.433
256,16384,32,16384,783.563
256,16384,64,16,151.019
256,16384,64,32,152.48
256,16384,64,64,152.47
256,16384,64,128,159.776
256,16384,64,256,167.787
256,16384,64,512,186.763
256,16384,64,1024,221.418
256,16384,64,2048,379.595
256,16384,64,4096,517.505
256,16384,64,8192,790.038
256,16384,64,16384,1339.44
512,0,0,0,22.0053
512,0,1,16,21.6643
512,0,1,32,22.0057
512,0,1,64,21.6533
512,0,1,128,22.08
512,0,1,256,22.6773
512,0,1,512,23.0187
512,0,1,1024,29.0027
512,0,1,2048,40.8533
512,0,1,4096,64.918
512,0,1,8192,113.109
512,0,1,16384,209.184
512,0,2,16,22.1973
512,0,2,32,22.3147
512,0,2,64,22.4
512,0,2,128,22.4747
512,0,2,256,22.4213
512,0,2,512,23.04
512,0,2,1024,28.896
512,0,2,2048,41.0453
512,0,2,4096,64.9493
512,0,2,8192,113.355
512,0,2,16384,209.515
512,0,4,16,22.272
512,0,4,32,22.176
512,0,4,64,22.08
512,0,4,128,24.7147
512,0,4,256,24.448
512,0,4,512,24.6827
512,0,4,1024,28.8853
512,0,4,2048,41.0133
512,0,4,4096,65.1947
512,0,4,8192,113.76
512,0,4,16384,209.824
512,0,8,16,24.2453
512,0,8,32,23.648
512,0,8,64,24.1387
512,0,8,128,25.248
512,0,8,256,27.008
512,0,8,512,27.4773
512,0,8,1024,30.1013
512,0,8,2048,43.2427
512,0,8,4096,67.5413
512,0,8,8192,118.561
512,0,8,16384,216.385
512,0,16,16,26.5387
512,0,16,32,26.528
512,0,16,64,26.6133
512,0,16,128,28.2987
512,0,16,256,30.2933
512,0,16,512,35.2853
512,0,16,1024,45.9307
512,0,16,2048,63.9143
512,0,16,4096,100.32
512,0,16,8192,169.067
512,0,16,16384,313.174
512,0,32,16,31.456
512,0,32,32,31.5627
512,0,32,64,32.0427
512,0,32,128,34.784
512,0,32,256,38.8373
512,0,32,512,49.163
512,0,32,1024,67.179
512,0,32,2048,102.901
512,0,32,4096,172.021
512,0,32,8192,311.286
512,0,32,16384,592.992
512,0,64,16,40.7147
512,0,64,32,40.8427
512,0,64,64,41.0453
512,0,64,128,46.9653
512,0,64,256,54.464
512,0,64,512,73.259
512,0,64,1024,107.936
512,0,64,2048,175.936
512,0,64,4096,311.905
512,0,64,8192,588.705
512,0,64,16384,1143.4
512,16,0,0,23.84
512,16,1,16,23.872
512,16,1,32,23.776
512,16,1,64,23.552
512,16,1,128,23.776
512,16,1,256,23.744
512,16,1,512,23.808
512,16,1,1024,29.035
512,16,1,2048,41.056
512,16,1,4096,65.4083
512,16,1,8192,113.184
512,16,1,16384,209.355
512,16,2,16,23.7653
512,16,2,32,23.8827
512,16,2,64,23.776
512,16,2,128,23.84
512,16,2,256,23.872
512,16,2,512,23.7653
512,16,2,1024,29.312
512,16,2,2048,41.0133
512,16,2,4096,65.024
512,16,2,8192,113.056
512,16,2,16384,209.419
512,16,4,16,24.3093
512,16,4,32,24.032
512,16,4,64,24.2667
512,16,4,128,25.6
512,16,4,256,26.5703
512,16,4,512,26.752
512,16,4,1024,28.96
512,16,4,2048,41.355
512,16,4,4096,65.92
512,16,4,8192,113.771
512,16,4,16384,209.589
512,16,8,16,25.6533
512,16,8,32,25.8773
512,16,8,64,25.4827
512,16,8,128,26.9757
512,16,8,256,28.8533
512,16,8,512,29.3013
512,16,8,1024,30.08
512,16,8,2048,42.8267
512,16,8,4096,67.2427
512,16,8,8192,118.485
512,16,8,16384,216.693
512,16,16,16,28.5547
512,16,16,32,28.6293
512,16,16,64,28.672
512,16,16,128,30.0267
512,16,16,256,32.149
512,16,16,512,36.96
512,16,16,1024,47.2533
512,16,16,2048,65.0987
512,16,16,4096,100.373
512,16,16,8192,169.664
512,16,16,16384,312.107
512,16,32,16,32.3413
512,16,32,32,32.3627
512,16,32,64,32.854
512,16,32,128,35.872
512,16,32,256,39.616
512,16,32,512,49.248
512,16,32,1024,68.16
512,16,32,2048,104.608
512,16,32,4096,172.683
512,16,32,8192,310.603
512,16,32,16384,592.811
512,16,64,16,41.536
512,16,64,32,41.3227
512,16,64,64,42.016
512,16,64,128,47.712
512,16,64,256,54.7737
512,16,64,512,73.0453
512,16,64,1024,109.398
512,16,64,2048,177.856
512,16,64,4096,312.704
512,16,64,8192,589.952
512,16,64,16384,1143.47
512,32,0,0,23.0507
512,32,1,16,23.1147
512,32,1,32,22.859
512,32,1,64,23.3283
512,32,1,128,23.0933
512,32,1,256,22.9013
512,32,1,512,23.0827
512,32,1,1024,29.035
512,32,1,2048,40.9173
512,32,1,4096,65.152
512,32,1,8192,113.365
512,32,1,16384,209.419
512,32,2,16,22.9973
512,32,2,32,23.0613
512,32,2,64,23.0613
512,32,2,128,23.2
512,32,2,256,23.1253
512,32,2,512,23.0723
512,32,2,1024,28.928
512,32,2,2048,41.0347
512,32,2,4096,65.12
512,32,2,8192,113.365
512,32,2,16384,209.216
512,32,4,16,23.488
512,32,4,32,23.3067
512,32,4,64,23.5947
512,32,4,128,24.9493
512,32,4,256,25.7067
512,32,4,512,25.6107
512,32,4,1024,28.9707
512,32,4,2048,41.0667
512,32,4,4096,65.3013
512,32,4,8192,114.635
512,32,4,16384,209.782
512,32,8,16,25.0347
512,32,8,32,25.0987
512,32,8,64,25.1947
512,32,8,128,26.187
512,32,8,256,27.9467
512,32,8,512,28.9067
512,32,8,1024,29.7707
512,32,8,2048,43.0397
512,32,8,4096,67.52
512,32,8,8192,117.792
512,32,8,16384,214.283
512,32,16,16,27.6907
512,32,16,32,28.0213
512,32,16,64,27.8937
512,32,16,128,29.0667
512,32,16,256,31.616
512,32,16,512,36.6827
512,32,16,1024,46.0267
512,32,16,2048,64.32
512,32,16,4096,99.2213
512,32,16,8192,168.854
512,32,16,16384,313.11
512,32,32,16,31.4347
512,32,32,32,31.6907
512,32,32,64,32.2667
512,32,32,128,35.52
512,32,32,256,39.0187
512,32,32,512,49.3013
512,32,32,1024,67.6483
512,32,32,2048,103.36
512,32,32,4096,172.15
512,32,32,8192,311.382
512,32,32,16384,593.771
512,32,64,16,40.5333
512,32,64,32,40.5867
512,32,64,64,40.96
512,32,64,128,47.0613
512,32,64,256,54.048
512,32,64,512,72.608
512,32,64,1024,108.779
512,32,64,2048,176.47
512,32,64,4096,312.203
512,32,64,8192,589.825
512,32,64,16384,1141.27
512,64,0,0,23.2427
512,64,1,16,23.1787
512,64,1,32,23.2
512,64,1,64,23.2747
512,64,1,128,23.2853
512,64,1,256,22.9653
512,64,1,512,22.9333
512,64,1,1024,28.9493
512,64,1,2048,40.96
512,64,1,4096,65.1093
512,64,1,8192,112.907
512,64,1,16384,209.025
512,64,2,16,23.232
512,64,2,32,23.424
512,64,2,64,23.2643
512,64,2,128,23.6587
512,64,2,256,24.3733
512,64,2,512,24.299
512,64,2,1024,29.2907
512,64,2,2048,41.0987
512,64,2,4096,65.206
512,64,2,8192,113.558
512,64,2,16384,209.163
512,64,4,16,23.6267
512,64,4,32,23.6587
512,64,4,64,23.52
512,64,4,128,25.4933
512,64,4,256,25.9197
512,64,4,512,25.824
512,64,4,1024,28.7787
512,64,4,2048,41.1733
512,64,4,4096,65.3333
512,64,4,8192,113.611
512,64,4,16384,210.07
512,64,8,16,25.0027
512,64,8,32,25.1307
512,64,8,64,25.0773
512,64,8,128,26.624
512,64,8,256,28.3627
512,64,8,512,28.992
512,64,8,1024,30.2293
512,64,8,2048,43.1253
512,64,8,4096,67.4347
512,64,8,8192,117.345
512,64,8,16384,216.299
512,64,16,16,28.0107
512,64,16,32,28.1173
512,64,16,64,28.4053
512,64,16,128,29.856
512,64,16,256,31.6373
512,64,16,512,37.1523
512,64,16,1024,47.0293
512,64,16,2048,65.3227
512,64,16,4096,100
512,64,16,8192,169.814
512,64,16,16384,312.992
512,64,32,16,32.9173
512,64,32,32,32.928
512,64,32,64,33.312
512,64,32,128,36.4053
512,64,32,256,40.48
512,64,32,512,50.4
512,64,32,1024,67.6373
512,64,32,2048,103.701
512,64,32,4096,172.32
512,64,32,8192,311.765
512,64,32,16384,594.315
512,64,64,16,41.0133
512,64,64,32,40.6297
512,64,64,64,41.3333
512,64,64,128,47.2
512,64,64,256,54.1227
512,64,64,512,73.12
512,64,64,1024,109.013
512,64,64,2048,177.291
512,64,64,4096,312.768
512,64,64,8192,590.55
512,64,64,16384,1142.74
512,128,0,0,23.3387
512,128,1,16,23.3813
512,128,1,32,23.3493
512,128,1,64,23.296
512,128,1,128,25.44
512,128,1,256,25.7493
512,128,1,512,25.9627
512,128,1,1024,28.96
512,128,1,2048,41.1413
512,128,1,4096,65.2053
512,128,1,8192,113.153
512,128,1,16384,209.739
512,128,2,16,23.648
512,128,2,32,23.5413
512,128,2,64,24
512,128,2,128,25.4613
512,128,2,256,26.027
512,128,2,512,25.9627
512,128,2,1024,29.3013
512,128,2,2048,41.1733
512,128,2,4096,65.2803
512,128,2,8192,113.397
512,128,2,16384,209.803
512,128,4,16,23.904
512,128,4,32,23.8613
512,128,4,64,23.8827
512,128,4,128,25.4293
512,128,4,256,26.8693
512,128,4,512,27.3707
512,128,4,1024,29.1093
512,128,4,2048,41.0027
512,128,4,4096,65.3763
512,128,4,8192,114.293
512,128,4,16384,209.91
512,128,8,16,25.5147
512,128,8,32,25.4933
512,128,8,64,25.2693
512,128,8,128,27.2213
512,128,8,256,28.448
512,128,8,512,30.0057
512,128,8,1024,30.0697
512,128,8,2048,42.8057
512,128,8,4096,67.0613
512,128,8,8192,117.526
512,128,8,16384,215.638
512,128,16,16,28.2883
512,128,16,32,28.192
512,128,16,64,28.192
512,128,16,128,29.76
512,128,16,256,31.755
512,128,16,512,37.408
512,128,16,1024,47.6907
512,128,16,2048,65.6853
512,128,16,4096,100.491
512,128,16,8192,170.571
512,128,16,16384,312.779
512,128,32,16,32.8003
512,128,32,32,32.9813
512,128,32,64,33.408
512,128,32,128,36.4693
512,128,32,256,40.6507
512,128,32,512,51.1253
512,128,32,1024,69.5683
512,128,32,2048,105.312
512,128,32,4096,173.792
512,128,32,8192,312.075
512,128,32,16384,591.734
512,128,64,16,41.8773
512,128,64,32,42.2933
512,128,64,64,42.72
512,128,64,128,48.9173
512,128,64,256,55.9253
512,128,64,512,74.4213
512,128,64,1024,109.312
512,128,64,2048,179.157
512,128,64,4096,314.422
512,128,64,8192,589.452
512,128,64,16384,1144.83
512,256,0,0,24.9387
512,256,1,16,25.0987
512,256,1,32,25.0027
512,256,1,64,24.8427
512,256,1,128,26.2933
512,256,1,256,28.0853
512,256,1,512,28.3093
512,256,1,1024,28.9813
512,256,1,2048,41.2373
512,256,1,4096,65.3867
512,256,1,8192,113.642
512,256,1,16384,209.408
512,256,2,16,25.152
512,256,2,32,25.0773
512,256,2,64,25.2693
512,256,2,128,26.688
512,256,2,256,28.5333
512,256,2,512,28.5013
512,256,2,1024,29.0347
512,256,2,2048,41.3657
512,256,2,4096,65.248
512,256,2,8192,113.675
512,256,2,16384,209.504
512,256,4,16,25.408
512,256,4,32,25.3547
512,256,4,64,25.5253
512,256,4,128,27.296
512,256,4,256,28.2667
512,256,4,512,30.1973
512,256,4,1024,30.3893
512,256,4,2048,41.248
512,256,4,4096,65.248
512,256,4,8192,114.016
512,256,4,16384,210.827
512,256,8,16,27.104
512,256,8,32,27.0613
512,256,8,64,26.5923
512,256,8,128,28.459
512,256,8,256,30.016
512,256,8,512,32.704
512,256,8,1024,33.4293
512,256,8,2048,42.6237
512,256,8,4096,67.584
512,256,8,8192,117.6
512,256,8,16384,215.051
512,256,16,16,29.536
512,256,16,32,29.6003
512,256,16,64,30.016
512,256,16,128,31.616
512,256,16,256,33.0987
512,256,16,512,38.976
512,256,16,1024,48.8963
512,256,16,2048,67.3707
512,256,16,4096,102.506
512,256,16,8192,171.563
512,256,16,16384,312.576
512,256,32,16,34.4747
512,256,32,32,34.4747
512,256,32,64,34.9333
512,256,32,128,37.7493
512,256,32,256,42.0587
512,256,32,512,52.3947
512,256,32,1024,70.987
512,256,32,2048,106.613
512,256,32,4096,176.373
512,256,32,8192,315.851
512,256,32,16384,595.83
512,256,64,16,43.5733
512,256,64,32,43.7333
512,256,64,64,44.2137
512,256,64,128,50.1547
512,256,64,256,57.099
512,256,64,512,75.456
512,256,64,1024,111.147
512,256,64,2048,179.755
512,256,64,4096,317.621
512,256,64,8192,592.726
512,256,64,16384,1147.99
512,512,0,0,28.0533
512,512,1,16,28.16
512,512,1,32,27.616
512,512,1,64,27.979
512,512,1,128,29.3333
512,512,1,256,30.72
512,512,1,512,34.219
512,512,1,1024,34.5173
512,512,1,2048,41.28
512,512,1,4096,65.1413
512,512,1,8192,113.792
512,512,1,16384,211.286
512,512,2,16,28.2987
512,512,2,32,28
512,512,2,64,28.256
512,512,2,128,29.9627
512,512,2,256,30.848
512,512,2,512,34.1867
512,512,2,1024,34.1333
512,512,2,2048,41.4827
512,512,2,4096,65.2907
512,512,2,8192,114.123
512,512,2,16384,209.579
512,512,4,16,28.864
512,512,4,32,28.3627
512,512,4,64,28.5547
512,512,4,128,30.176
512,512,4,256,31.5623
512,512,4,512,34.112
512,512,4,1024,36.395
512,512,4,2048,41.5147
512,512,4,4096,65.856
512,512,4,8192,114.933
512,512,4,16384,210.677
512,512,8,16,30.016
512,512,8,32,30.1763
512,512,8,64,30.2613
512,512,8,128,31.8187
512,512,8,256,33.1093
512,512,8,512,35.6373
512,512,8,1024,39.52
512,512,8,2048,42.4853
512,512,8,4096,67.275
512,512,8,8192,118.933
512,512,8,16384,216.288
512,512,16,16,32.9813
512,512,16,32,32.608
512,512,16,64,33.0133
512,512,16,128,34.7303
512,512,16,256,36.2987
512,512,16,512,41.952
512,512,16,1024,51.9577
512,512,16,2048,69.8667
512,512,16,4096,106.102
512,512,16,8192,175.84
512,512,16,16384,315.584
512,512,32,16,37.568
512,512,32,32,37.5893
512,512,32,64,37.6533
512,512,32,128,41.2693
512,512,32,256,44.9703
512,512,32,512,55.6163
512,512,32,1024,74.6453
512,512,32,2048,110.101
512,512,32,4096,179.445
512,512,32,8192,319.808
512,512,32,16384,600.822
512,512,64,16,46.816
512,512,64,32,46.7413
512,512,64,64,47.0827
512,512,64,128,53.0243
512,512,64,256,60.384
512,512,64,512,79.9683
512,512,64,1024,116.096
512,512,64,2048,183.51
512,512,64,4096,321.579
512,512,64,8192,594.518
512,512,64,16384,1149.84
512,1024,0,0,34.2507
512,1024,1,16,34.3467
512,1024,1,32,33.9093
512,1024,1,64,34.1333
512,1024,1,128,35.5947
512,1024,1,256,37.248
512,1024,1,512,39.808
512,1024,1,1024,46.0267
512,1024,1,2048,46.3253
512,1024,1,4096,65.8353
512,1024,1,8192,114.411
512,1024,1,16384,210.678
512,1024,2,16,34.24
512,1024,2,32,34.2507
512,1024,2,64,34.2937
512,1024,2,128,36.2453
512,1024,2,256,37.3547
512,1024,2,512,40.1707
512,1024,2,1024,46.0587
512,1024,2,2048,46.656
512,1024,2,4096,65.8457
512,1024,2,8192,114.699
512,1024,2,16384,211.04
512,1024,4,16,34.6877
512,1024,4,32,34.8053
512,1024,4,64,34.3043
512,1024,4,128,35.9573
512,1024,4,256,37.2697
512,1024,4,512,40.1923
512,1024,4,1024,46.016
512,1024,4,2048,48.0963
512,1024,4,4096,65.6003
512,1024,4,8192,115.926
512,1024,4,16384,211.275
512,1024,8,16,36.181
512,1024,8,32,36.064
512,1024,8,64,36.3623
512,1024,8,128,37.8773
512,1024,8,256,39.0933
512,1024,8,512,41.931
512,1024,8,1024,48.7893
512,1024,8,2048,53.248
512,1024,8,4096,68.4587
512,1024,8,8192,119.723
512,1024,8,16384,218.219
512,1024,16,16,38.88
512,1024,16,32,39.2
512,1024,16,64,38.9333
512,1024,16,128,40.7897
512,1024,16,256,42.6347
512,1024,16,512,48.0853
512,1024,16,1024,58.7733
512,1024,16,2048,76.192
512,1024,16,4096,112.949
512,1024,16,8192,182.368
512,1024,16,16384,323.061
512,1024,32,16,43.6693
512,1024,32,32,43.712
512,1024,32,64,43.936
512,1024,32,128,47.04
512,1024,32,256,50.5707
512,1024,32,512,61.8347
512,1024,32,1024,81.2053
512,1024,32,2048,116.352
512,1024,32,4096,187.094
512,1024,32,8192,326.325
512,1024,32,16384,606.261
512,1024,64,16,52.8747
512,1024,64,32,52.725
512,1024,64,64,53.0027
512,1024,64,128,59.1257
512,1024,64,256,65.8027
512,1024,64,512,85.664
512,1024,64,1024,121.803
512,1024,64,2048,189.526
512,1024,64,4096,327.904
512,1024,64,8192,604.545
512,1024,64,16384,1153
512,2048,0,0,46.5707
512,2048,1,16,46.1657
512,2048,1,32,46.4853
512,2048,1,64,46.016
512,2048,1,128,47.9787
512,2048,1,256,48.992
512,2048,1,512,51.6907
512,2048,1,1024,57.7707
512,2048,1,2048,70.347
512,2048,1,4096,70.3253
512,2048,1,8192,115.829
512,2048,1,16384,212.054
512,2048,2,16,46.4217
512,2048,2,32,46.2613
512,2048,2,64,46.891
512,2048,2,128,48.128
512,2048,2,256,48.949
512,2048,2,512,52
512,2048,2,1024,57.9413
512,2048,2,2048,70.4107
512,2048,2,4096,71.008
512,2048,2,8192,117.408
512,2048,2,16384,212.662
512,2048,4,16,47.9253
512,2048,4,32,48.2243
512,2048,4,64,48.0427
512,2048,4,128,49.312
512,2048,4,256,50.6027
512,2048,4,512,53.952
512,2048,4,1024,59.84
512,2048,4,2048,72.235
512,2048,4,4096,73.5893
512,2048,4,8192,117.28
512,2048,4,16384,213.045
512,2048,8,16,50.8163
512,2048,8,32,51.3283
512,2048,8,64,51.1253
512,2048,8,128,52.5547
512,2048,8,256,53.7173
512,2048,8,512,56.6827
512,2048,8,1024,63.4667
512,2048,8,2048,76.8
512,2048,8,4096,77.6427
512,2048,8,8192,120.757
512,2048,8,16384,218.102
512,2048,16,16,51.253
512,2048,16,32,51.1683
512,2048,16,64,50.9973
512,2048,16,128,52.7253
512,2048,16,256,54.678
512,2048,16,512,60.299
512,2048,16,1024,71.584
512,2048,16,2048,90.9337
512,2048,16,4096,126.518
512,2048,16,8192,197.013
512,2048,16,16384,336.405
512,2048,32,16,56.3093
512,2048,32,32,55.808
512,2048,32,64,56.3627
512,2048,32,128,59.1893
512,2048,32,256,63.4563
512,2048,32,512,74.0057
512,2048,32,1024,94.0373
512,2048,32,2048,129.259
512,2048,32,4096,199.072
512,2048,32,8192,337.057
512,2048,32,16384,611.883
512,2048,64,16,64.8427
512,2048,64,32,64.9707
512,2048,64,64,65.6533
512,2048,64,128,71.4773
512,2048,64,256,79.1147
512,2048,64,512,98.2297
512,2048,64,1024,134.453
512,2048,64,2048,203.67
512,2048,64,4096,341.526
512,2048,64,8192,614.774
512,2048,64,16384,1165.31
512,4096,0,0,70.208
512,4096,1,16,70.752
512,4096,1,32,71.168
512,4096,1,64,70.688
512,4096,1,128,71.2427
512,4096,1,256,73.0347
512,4096,1,512,75.4457
512,4096,1,1024,82.336
512,4096,1,2048,95.3063
512,4096,1,4096,121.183
512,4096,1,8192,121.013
512,4096,1,16384,213.472
512,4096,2,16,71.3707
512,4096,2,32,71.1787
512,4096,2,64,70.9547
512,4096,2,128,72.9177
512,4096,2,256,74.0907
512,4096,2,512,77.0457
512,4096,2,1024,83.6477
512,4096,2,2048,97.9523
512,4096,2,4096,122.816
512,4096,2,8192,123.371
512,4096,2,16384,215.403
512,4096,4,16,74.6453
512,4096,4,32,74.08
512,4096,4,64,74.56
512,4096,4,128,76.064
512,4096,4,256,77.4507
512,4096,4,512,80.5333
512,4096,4,1024,86.8373
512,4096,4,2048,101.344
512,4096,4,4096,127.2
512,4096,4,8192,127.169
512,4096,4,16384,215.083
512,4096,8,16,75.4347
512,4096,8,32,75.7653
512,4096,8,64,75.6803
512,4096,8,128,76.608
512,4096,8,256,78.0267
512,4096,8,512,81.1417
512,4096,8,1024,89.7067
512,4096,8,2048,103.296
512,4096,8,4096,128.533
512,4096,8,8192,130.741
512,4096,8,16384,220.235
512,4096,16,16,75.0933
512,4096,16,32,75.4777
512,4096,16,64,75.4777
512,4096,16,128,76.7467
512,4096,16,256,79.4987
512,4096,16,512,86.1867
512,4096,16,1024,97.0347
512,4096,16,2048,115.488
512,4096,16,4096,150.507
512,4096,16,8192,220.277
512,4096,16,16384,358.39
512,4096,32,16,80.1173
512,4096,32,32,80.2133
512,4096,32,64,80.8217
512,4096,32,128,83.819
512,4096,32,256,88.4057
512,4096,32,512,99.787
512,4096,32,1024,119.456
512,4096,32,2048,153.835
512,4096,32,4096,222.699
512,4096,32,8192,359.84
512,4096,32,16384,635.265
512,4096,64,16,89.2907
512,4096,64,32,89.7067
512,4096,64,64,90.016
512,4096,64,128,96.5227
512,4096,64,256,104.843
512,4096,64,512,124.576
512,4096,64,1024,159.403
512,4096,64,2048,229.312
512,4096,64,4096,364.257
512,4096,64,8192,639.936
512,4096,64,16384,1186.13
512,8192,0,0,123.318
512,8192,1,16,123.541
512,8192,1,32,122.389
512,8192,1,64,123.317
512,8192,1,128,122.72
512,8192,1,256,125.301
512,8192,1,512,128.469
512,8192,1,1024,133.685
512,8192,1,2048,145.099
512,8192,1,4096,171.169
512,8192,1,8192,218.773
512,8192,1,16384,218.753
512,8192,2,16,123.563
512,8192,2,32,124.651
512,8192,2,64,125.045
512,8192,2,128,125.867
512,8192,2,256,128.427
512,8192,2,512,130.731
512,8192,2,1024,135.691
512,8192,2,2048,148.598
512,8192,2,4096,173.739
512,8192,2,8192,221.43
512,8192,2,16384,221.365
512,8192,4,16,126.997
512,8192,4,32,126.443
512,8192,4,64,126.272
512,8192,4,128,128.181
512,8192,4,256,129.632
512,8192,4,512,132.832
512,8192,4,1024,138.422
512,8192,4,2048,150.987
512,8192,4,4096,175.979
512,8192,4,8192,225.792
512,8192,4,16384,225.195
512,8192,8,16,126.208
512,8192,8,32,127.168
512,8192,8,64,126.571
512,8192,8,128,129.888
512,8192,8,256,130.944
512,8192,8,512,133.046
512,8192,8,1024,140.256
512,8192,8,2048,152.565
512,8192,8,4096,177.995
512,8192,8,8192,226.368
512,8192,8,16384,232.075
512,8192,16,16,127.744
512,8192,16,32,127.744
512,8192,16,64,128.256
512,8192,16,128,130.603
512,8192,16,256,132.224
512,8192,16,512,137.728
512,8192,16,1024,148.224
512,8192,16,2048,166.645
512,8192,16,4096,201.909
512,8192,16,8192,270.081
512,8192,16,16384,408.011
512,8192,32,16,133.451
512,8192,32,32,132.907
512,8192,32,64,133.355
512,8192,32,128,136.779
512,8192,32,256,140.64
512,8192,32,512,151.083
512,8192,32,1024,170.336
512,8192,32,2048,205.355
512,8192,32,4096,273.344
512,8192,32,8192,409.365
512,8192,32,16384,682.721
512,8192,64,16,142.037
512,8192,64,32,141.973
512,8192,64,64,142.507
512,8192,64,128,148.992
512,8192,64,256,156.587
512,8192,64,512,175.435
512,8192,64,1024,211.318
512,8192,64,2048,280.245
512,8192,64,4096,415.776
512,8192,64,8192,686.326
512,8192,64,16384,1236.64
512,16384,0,0,220.523
512,16384,1,16,220.545
512,16384,1,32,221.953
512,16384,1,64,221.056
512,16384,1,128,221.419
512,16384,1,256,223.019
512,16384,1,512,223.904
512,16384,1,1024,229.889
512,16384,1,2048,243.862
512,16384,1,4096,267.03
512,16384,1,8192,316
512,16384,1,16384,411.573
512,16384,2,16,221.92
512,16384,2,32,221.387
512,16384,2,64,221.451
512,16384,2,128,224.182
512,16384,2,256,224.896
512,16384,2,512,226.923
512,16384,2,1024,234.187
512,16384,2,2048,245.249
512,16384,2,4096,269.376
512,16384,2,8192,318.432
512,16384,2,16384,414.773
512,16384,4,16,225.227
512,16384,4,32,223.99
512,16384,4,64,223.499
512,16384,4,128,226.059
512,16384,4,256,226.09
512,16384,4,512,229.195
512,16384,4,1024,235.339
512,16384,4,2048,247.552
512,16384,4,4096,274.08
512,16384,4,8192,322.486
512,16384,4,16384,418.719
512,16384,8,16,225.173
512,16384,8,32,223.318
512,16384,8,64,224.448
512,16384,8,128,226.656
512,16384,8,256,227.083
512,16384,8,512,230.123
512,16384,8,1024,239.83
512,16384,8,2048,250.912
512,16384,8,4096,274.848
512,16384,8,8192,326.07
512,16384,8,16384,425.099
512,16384,16,16,227.595
512,16384,16,32,225.953
512,16384,16,64,225.952
512,16384,16,128,227.777
512,16384,16,256,229.515
512,16384,16,512,236.427
512,16384,16,1024,245.899
512,16384,16,2048,264.96
512,16384,16,4096,299.051
512,16384,16,8192,366.112
512,16384,16,16384,503.798
512,16384,32,16,231.264
512,16384,32,32,231.286
512,16384,32,64,230.711
512,16384,32,128,235.797
512,16384,32,256,238.475
512,16384,32,512,248.373
512,16384,32,1024,267.36
512,16384,32,2048,303.414
512,16384,32,4096,369.088
512,16384,32,8192,503.264
512,16384,32,16384,779.617
512,16384,64,16,239.883
512,16384,64,32,240.555
512,16384,64,64,240.267
512,16384,64,128,245.707
512,16384,64,256,254.55
512,16384,64,512,272.193
512,16384,64,1024,308.075
512,16384,64,2048,375.371
512,16384,64,4096,509.665
512,16384,64,8192,782.337
512,16384,64,16384,1334.16
1024,0,0,0,35.584
1024,0,1,16,36.0213
1024,0,1,32,36.0853
1024,0,1,64,36.3523
1024,0,1,128,36.2987
1024,0,1,256,36.224
1024,0,1,512,36.288
1024,0,1,1024,37.4293
1024,0,1,2048,43.7333
1024,0,1,4096,68.0533
1024,0,1,8192,117.045
1024,0,1,16384,212.832
1024,0,2,16,37.28
1024,0,2,32,37.1307
1024,0,2,64,36.9813
1024,0,2,128,37.3223
1024,0,2,256,38.624
1024,0,2,512,41.28
1024,0,2,1024,41.1093
1024,0,2,2048,43.8187
1024,0,2,4096,68.16
1024,0,2,8192,116.661
1024,0,2,16384,213.589
1024,0,4,16,37.3973
1024,0,4,32,37.6
1024,0,4,64,37.5147
1024,0,4,128,37.6537
1024,0,4,256,39.5737
1024,0,4,512,41.5573
1024,0,4,1024,42.9547
1024,0,4,2048,44.9813
1024,0,4,4096,68.0853
1024,0,4,8192,117.717
1024,0,4,16384,214.123
1024,0,8,16,39.0933
1024,0,8,32,38.9547
1024,0,8,64,38.752
1024,0,8,128,39.1253
1024,0,8,256,41.7707
1024,0,8,512,44.5973
1024,0,8,1024,48.096
1024,0,8,2048,52.5763
1024,0,8,4096,71.488
1024,0,8,8192,123.435
1024,0,8,16384,221.238
1024,0,16,16,40.6933
1024,0,16,32,40.672
1024,0,16,64,40.6613
1024,0,16,128,42.1653
1024,0,16,256,44.267
1024,0,16,512,50.2613
1024,0,16,1024,60.448
1024,0,16,2048,79.9467
1024,0,16,4096,116.213
1024,0,16,8192,186.272
1024,0,16,16384,326.283
1024,0,32,16,45.5147
1024,0,32,32,45.4827
1024,0,32,64,45.8023
1024,0,32,128,48.7253
1024,0,32,256,52.7893
1024,0,32,512,64.1707
1024,0,32,1024,84.5013
1024,0,32,2048,119.904
1024,0,32,4096,190.048
1024,0,32,8192,329.878
1024,0,32,16384,607.211
1024,0,64,16,54.3467
1024,0,64,32,54.507
1024,0,64,64,55.6373
1024,0,64,128,60.416
1024,0,64,256,69.312
1024,0,64,512,89.7387
1024,0,64,1024,124.374
1024,0,64,2048,193.366
1024,0,64,4096,332
1024,0,64,8192,603.606
1024,0,64,16384,1159.3
1024,16,0,0,37.6533
1024,16,1,16,37.8133
1024,16,1,32,38.3893
1024,16,1,64,38.2613
1024,16,1,128,38.0267
1024,16,1,256,38.3147
1024,16,1,512,38.0907
1024,16,1,1024,38.1013
1024,16,1,2048,44.1603
1024,16,1,4096,67.8933
1024,16,1,8192,116.8
1024,16,1,16384,212.971
1024,16,2,16,38.1543
1024,16,2,32,38.624
1024,16,2,64,38.4213
1024,16,2,128,38.5067
1024,16,2,256,38.2827
1024,16,2,512,41.2483
1024,16,2,1024,42.1547
1024,16,2,2048,43.68
1024,16,2,4096,68.1923
1024,16,2,8192,117.013
1024,16,2,16384,212.981
1024,16,4,16,39.136
1024,16,4,32,39.6053
1024,16,4,64,39.8397
1024,16,4,128,39.5307
1024,16,4,256,39.701
1024,16,4,512,42.592
1024,16,4,1024,44.192
1024,16,4,2048,46.9227
1024,16,4,4096,67.9797
1024,16,4,8192,118.166
1024,16,4,16384,214.507
1024,16,8,16,41.0667
1024,16,8,32,40.9387
1024,16,8,64,40.9493
1024,16,8,128,41.045
1024,16,8,256,42.1547
1024,16,8,512,46.1653
1024,16,8,1024,49.664
1024,16,8,2048,54.688
1024,16,8,4096,72.2027
1024,16,8,8192,122.613
1024,16,8,16384,220.566
1024,16,16,16,42.368
1024,16,16,32,42.176
1024,16,16,64,42.56
1024,16,16,128,43.8293
1024,16,16,256,45.696
1024,16,16,512,51.8507
1024,16,16,1024,63.1147
1024,16,16,2048,82.2613
1024,16,16,4096,117.643
1024,16,16,8192,187.435
1024,16,16,16384,327.158
1024,16,32,16,47.584
1024,16,32,32,47.3813
1024,16,32,64,47.7653
1024,16,32,128,50.56
1024,16,32,256,54.5603
1024,16,32,512,65.7813
1024,16,32,1024,85.7283
1024,16,32,2048,121.045
1024,16,32,4096,191.574
1024,16,32,8192,332.31
1024,16,32,16384,609.324
1024,16,64,16,56.2987
1024,16,64,32,56.5333
1024,16,64,64,57.2693
1024,16,64,128,62.1547
1024,16,64,256,71.392
1024,16,64,512,90.8587
1024,16,64,1024,126.453
1024,16,64,2048,196.011
1024,16,64,4096,333.952
1024,16,64,8192,605.152
1024,16,64,16384,1161.8
1024,32,0,0,36.96
1024,32,1,16,37.504
1024,32,1,32,37.3333
1024,32,1,64,37.5147
1024,32,1,128,37.3227
1024,32,1,256,37.4507
1024,32,1,512,37.1947
1024,32,1,1024,37.3227
1024,32,1,2048,44.3413
1024,32,1,4096,68.1603
1024,32,1,8192,116.619
1024,32,1,16384,212.544
1024,32,2,16,37.3333
1024,32,2,32,37.504
1024,32,2,64,37.2587
1024,32,2,128,37.5787
1024,32,2,256,40.0113
1024,32,2,512,40.928
1024,32,2,1024,42.5067
1024,32,2,2048,43.573
1024,32,2,4096,67.861
1024,32,2,8192,116.832
1024,32,2,16384,212.875
1024,32,4,16,38.8373
1024,32,4,32,38.6987
1024,32,4,64,39.0293
1024,32,4,128,38.9333
1024,32,4,256,39.0827
1024,32,4,512,42.6777
1024,32,4,1024,43.936
1024,32,4,2048,46.016
1024,32,4,4096,68.192
1024,32,4,8192,117.899
1024,32,4,16384,213.973
1024,32,8,16,40.1493
1024,32,8,32,39.5307
1024,32,8,64,39.7547
1024,32,8,128,40.6617
1024,32,8,256,41.3127
1024,32,8,512,45.3763
1024,32,8,1024,48.427
1024,32,8,2048,52.662
1024,32,8,4096,72.5437
1024,32,8,8192,123.083
1024,32,8,16384,220.832
1024,32,16,16,41.8133
1024,32,16,32,41.685
1024,32,16,64,41.76
1024,32,16,128,42.891
1024,32,16,256,45.3867
1024,32,16,512,50.9547
1024,32,16,1024,61.4933
1024,32,16,2048,81.1203
1024,32,16,4096,117.173
1024,32,16,8192,186.955
1024,32,16,16384,326.72
1024,32,32,16,46.8057
1024,32,32,32,46.9867
1024,32,32,64,47.2747
1024,32,32,128,49.7173
1024,32,32,256,53.152
1024,32,32,512,65.0667
1024,32,32,1024,85.1307
1024,32,32,2048,120.8
1024,32,32,4096,190.528
1024,32,32,8192,331.275
1024,32,32,16384,608.406
1024,32,64,16,55.68
1024,32,64,32,55.9683
1024,32,64,64,56.288
1024,32,64,128,62.0057
1024,32,64,256,69.6213
1024,32,64,512,89.6743
1024,32,64,1024,125.952
1024,32,64,2048,195.403
1024,32,64,4096,333.462
1024,32,64,8192,604.822
1024,32,64,16384,1161.95
1024,64,0,0,37.1413
1024,64,1,16,37.504
1024,64,1,32,37.7707
1024,64,1,64,37.632
1024,64,1,128,37.728
1024,64,1,256,37.739
1024,64,1,512,37.846
1024,64,1,1024,38.5707
1024,64,1,2048,43.7657
1024,64,1,4096,67.6693
1024,64,1,8192,116.864
1024,64,1,16384,212.469
1024,64,2,16,38.6667
1024,64,2,32,38.7733
1024,64,2,64,38.5707
1024,64,2,128,38.7093
1024,64,2,256,38.8907
1024,64,2,512,42.1973
1024,64,2,1024,43.029
1024,64,2,2048,44.128
1024,64,2,4096,68.2663
1024,64,2,8192,117.344
1024,64,2,16384,213.345
1024,64,4,16,38.6773
1024,64,4,32,38.6133
1024,64,4,64,39.296
1024,64,4,128,39.0187
1024,64,4,256,40.896
1024,64,4,512,44.5013
1024,64,4,1024,45.0453
1024,64,4,2048,47.616
1024,64,4,4096,68.3943
1024,64,4,8192,118.122
1024,64,4,16384,214.507
1024,64,8,16,39.9467
1024,64,8,32,40.2133
1024,64,8,64,39.9147
1024,64,8,128,40.5013
1024,64,8,256,43.2213
1024,64,8,512,46.8907
1024,64,8,1024,49.6107
1024,64,8,2048,53.76
1024,64,8,4096,71.4453
1024,64,8,8192,123.968
1024,64,8,16384,221.323
1024,64,16,16,42.1657
1024,64,16,32,41.835
1024,64,16,64,42.368
1024,64,16,128,43.5307
1024,64,16,256,45.4723
1024,64,16,512,51.7547
1024,64,16,1024,62.5603
1024,64,16,2048,81.6747
1024,64,16,4096,117.621
1024,64,16,8192,187.52
1024,64,16,16384,327.319
1024,64,32,16,47.2533
1024,64,32,32,47.264
1024,64,32,64,47.4453
1024,64,32,128,50.2187
1024,64,32,256,54.5707
1024,64,32,512,65.7283
1024,64,32,1024,85.8133
1024,64,32,2048,120.811
1024,64,32,4096,191.808
1024,64,32,8192,332.693
1024,64,32,16384,608.619
1024,64,64,16,56.0007
1024,64,64,32,56.288
1024,64,64,64,56.6507
1024,64,64,128,62.6133
1024,64,64,256,70.987
1024,64,64,512,90.784
1024,64,64,1024,126.774
1024,64,64,2048,196.277
1024,64,64,4096,333.857
1024,64,64,8192,604.267
1024,64,64,16384,1162.39
1024,128,0,0,38.7733
1024,128,1,16,38.9547
1024,128,1,32,39.2853
1024,128,1,64,38.88
1024,128,1,128,39.0507
1024,128,1,256,39.1467
1024,128,1,512,39.3813
1024,128,1,1024,40.32
1024,128,1,2048,45.0987
1024,128,1,4096,67.9893
1024,128,1,8192,116.726
1024,128,1,16384,212.747
1024,128,2,16,40.4907
1024,128,2,32,40.4377
1024,128,2,64,40.0213
1024,128,2,128,40.1707
1024,128,2,256,41.4933
1024,128,2,512,45.4083
1024,128,2,1024,45.3973
1024,128,2,2048,46.1973
1024,128,2,4096,67.9573
1024,128,2,8192,117.173
1024,128,2,16384,213.878
1024,128,4,16,40.1493
1024,128,4,32,40.416
1024,128,4,64,40.128
1024,128,4,128,41.3017
1024,128,4,256,42.2403
1024,128,4,512,45.8773
1024,128,4,1024,47.2643
1024,128,4,2048,48.3947
1024,128,4,4096,68.384
1024,128,4,8192,118.038
1024,128,4,16384,214.721
1024,128,8,16,41.8987
1024,128,8,32,41.5573
1024,128,8,64,41.7067
1024,128,8,128,42.2293
1024,128,8,256,43.5523
1024,128,8,512,47.9147
1024,128,8,1024,50.432
1024,128,8,2048,56.7787
1024,128,8,4096,71.744
1024,128,8,8192,123.862
1024,128,8,16384,223.115
1024,128,16,16,43.5627
1024,128,16,32,43.616
1024,128,16,64,43.936
1024,128,16,128,44.9067
1024,128,16,256,47.008
1024,128,16,512,52.8857
1024,128,16,1024,64.096
1024,128,16,2048,83.7017
1024,128,16,4096,119.062
1024,128,16,8192,189.824
1024,128,16,16384,328.694
1024,128,32,16,48.8427
1024,128,32,32,48.64
1024,128,32,64,48.4803
1024,128,32,128,51.488
1024,128,32,256,55.4347
1024,128,32,512,67.4133
1024,128,32,1024,87.659
1024,128,32,2048,122.806
1024,128,32,4096,193.216
1024,128,32,8192,332.576
1024,128,32,16384,610.624
1024,128,64,16,57.6427
1024,128,64,32,57.5573
1024,128,64,64,58.464
1024,128,64,128,64
1024,128,64,256,71.9787
1024,128,64,512,93.4187
1024,128,64,1024,128.95
1024,128,64,2048,197.558
1024,128,64,4096,333.814
1024,128,64,8192,609.654
1024,128,64,16384,1162.99
1024,256,0,0,41.28
1024,256,1,16,41.9523
1024,256,1,32,41.632
1024,256,1,64,41.899
1024,256,1,128,42.176
1024,256,1,256,41.7493
1024,256,1,512,41.7493
1024,256,1,1024,42.9653
1024,256,1,2048,49.4187
1024,256,1,4096,67.552
1024,256,1,8192,116.619
1024,256,1,16384,212.426
1024,256,2,16,43.2857
1024,256,2,32,42.784
1024,256,2,64,42.9013
1024,256,2,128,43.0513
1024,256,2,256,44.2563
1024,256,2,512,47.072
1024,256,2,1024,49.8667
1024,256,2,2048,50.0587
1024,256,2,4096,67.5837
1024,256,2,8192,117.216
1024,256,2,16384,213.141
1024,256,4,16,43.1357
1024,256,4,32,43.0827
1024,256,4,64,43.4773
1024,256,4,128,43.4347
1024,256,4,256,45.0133
1024,256,4,512,48.5547
1024,256,4,1024,50.8267
1024,256,4,2048,52.8107
1024,256,4,4096,68.1813
1024,256,4,8192,118.283
1024,256,4,16384,214.229
1024,256,8,16,44.576
1024,256,8,32,44.512
1024,256,8,64,44.7787
1024,256,8,128,45.152
1024,256,8,256,46.3787
1024,256,8,512,49.6213
1024,256,8,1024,53.6853
1024,256,8,2048,58.2723
1024,256,8,4096,71.6267
1024,256,8,8192,123.765
1024,256,8,16384,220.502
1024,256,16,16,46.5067
1024,256,16,32,46.464
1024,256,16,64,46.6453
1024,256,16,128,48.0427
1024,256,16,256,49.963
1024,256,16,512,56.043
1024,256,16,1024,67.0933
1024,256,16,2048,86.6457
1024,256,16,4096,122.24
1024,256,16,8192,193.45
1024,256,16,16384,331.595
1024,256,32,16,51.0187
1024,256,32,32,51.2853
1024,256,32,64,51.4027
1024,256,32,128,54.6133
1024,256,32,256,58.432
1024,256,32,512,69.899
1024,256,32,1024,90.6987
1024,256,32,2048,125.387
1024,256,32,4096,196.032
1024,256,32,8192,336.448
1024,256,32,16384,611.489
1024,256,64,16,60.5017
1024,256,64,32,60.5657
1024,256,64,64,61.3653
1024,256,64,128,66.3893
1024,256,64,256,75.0187
1024,256,64,512,95.5627
1024,256,64,1024,132.085
1024,256,64,2048,200.608
1024,256,64,4096,338.016
1024,256,64,8192,612.512
1024,256,64,16384,1163.61
1024,512,0,0,47.5093
1024,512,1,16,48.0323
1024,512,1,32,47.872
1024,512,1,64,47.8717
1024,512,1,128,47.8507
1024,512,1,256,47.84
1024,512,1,512,47.8293
1024,512,1,1024,48.1067
1024,512,1,2048,54.5493
1024,512,1,4096,68.256
1024,512,1,8192,117.408
1024,512,1,16384,213.365
1024,512,2,16,48.9813
1024,512,2,32,49.355
1024,512,2,64,48.928
1024,512,2,128,49.3653
1024,512,2,256,50.368
1024,512,2,512,52.9603
1024,512,2,1024,57.8773
1024,512,2,2048,58.1013
1024,512,2,4096,68.0427
1024,512,2,8192,118.368
1024,512,2,16384,213.685
1024,512,4,16,49.4827
1024,512,4,32,49.035
1024,512,4,64,49.44
1024,512,4,128,49.6107
1024,512,4,256,50.688
1024,512,4,512,53.9733
1024,512,4,1024,58.6347
1024,512,4,2048,60
1024,512,4,4096,68.2563
1024,512,4,8192,119.222
1024,512,4,16384,214.442
1024,512,8,16,50.432
1024,512,8,32,50.539
1024,512,8,64,50.1547
1024,512,8,128,50.6987
1024,512,8,256,52.352
1024,512,8,512,55.424
1024,512,8,1024,61.728
1024,512,8,2048,67.456
1024,512,8,4096,81.8243
1024,512,8,8192,125.185
1024,512,8,16384,222.698
1024,512,16,16,52.5867
1024,512,16,32,52.2987
1024,512,16,64,52.587
1024,512,16,128,54.08
1024,512,16,256,55.5627
1024,512,16,512,61.7067
1024,512,16,1024,73.2587
1024,512,16,2048,93.0027
1024,512,16,4096,128.395
1024,512,16,8192,199.211
1024,512,16,16384,338.016
1024,512,32,16,57.0347
1024,512,32,32,57.3333
1024,512,32,64,57.483
1024,512,32,128,60.7573
1024,512,32,256,64.2453
1024,512,32,512,76.448
1024,512,32,1024,97.3973
1024,512,32,2048,132.225
1024,512,32,4096,202.444
1024,512,32,8192,342.059
1024,512,32,16384,620.022
1024,512,64,16,66.1653
1024,512,64,32,66.304
1024,512,64,64,67.179
1024,512,64,128,72.3413
1024,512,64,256,81.0453
1024,512,64,512,102.112
1024,512,64,1024,137.579
1024,512,64,2048,206.357
1024,512,64,4096,344.555
1024,512,64,8192,617.259
1024,512,64,16384,1166.54
1024,1024,0,0,59.4773
1024,1024,1,16,60.0107
1024,1024,1,32,59.8077
1024,1024,1,64,59.7867
1024,1024,1,128,59.7333
1024,1024,1,256,59.9467
1024,1024,1,512,60.0957
1024,1024,1,1024,59.936
1024,1024,1,2048,61.7283
1024,1024,1,4096,75.6483
1024,1024,1,8192,118.603
1024,1024,1,16384,214.934
1024,1024,2,16,61.1203
1024,1024,2,32,60.864
1024,1024,2,64,60.8747
1024,1024,2,128,61.2693
1024,1024,2,256,61.7813
1024,1024,2,512,64.5973
1024,1024,2,1024,70.8053
1024,1024,2,2048,76.5017
1024,1024,2,4096,77.1417
1024,1024,2,8192,118.539
1024,1024,2,16384,214.507
1024,1024,4,16,61.419
1024,1024,4,32,60.9387
1024,1024,4,64,60.9817
1024,1024,4,128,61.248
1024,1024,4,256,62.6987
1024,1024,4,512,65.504
1024,1024,4,1024,72.192
1024,1024,4,2048,78.763
1024,1024,4,4096,80.694
1024,1024,4,8192,121.493
1024,1024,4,16384,215.627
1024,1024,8,16,62.7523
1024,1024,8,32,62.6453
1024,1024,8,64,62.1867
1024,1024,8,128,62.8053
1024,1024,8,256,64.3413
1024,1024,8,512,67.1893
1024,1024,8,1024,75.1357
1024,1024,8,2048,85.0773
1024,1024,8,4096,91.712
1024,1024,8,8192,124.523
1024,1024,8,16384,224.555
1024,1024,16,16,64.0853
1024,1024,16,32,64.3733
1024,1024,16,64,64.512
1024,1024,16,128,65.92
1024,1024,16,256,67.7017
1024,1024,16,512,73.7493
1024,1024,16,1024,85.8667
1024,1024,16,2048,105.899
1024,1024,16,4096,141.515
1024,1024,16,8192,212.309
1024,1024,16,16384,350.465
1024,1024,32,16,69.088
1024,1024,32,32,69.376
1024,1024,32,64,69.6853
1024,1024,32,128,72.459
1024,1024,32,256,76.1387
1024,1024,32,512,89.056
1024,1024,32,1024,109.717
1024,1024,32,2048,145.078
1024,1024,32,4096,215.52
1024,1024,32,8192,354.88
1024,1024,32,16384,633.749
1024,1024,64,16,78.2827
1024,1024,64,32,79.0507
1024,1024,64,64,79.4133
1024,1024,64,128,85.3867
1024,1024,64,256,93.6213
1024,1024,64,512,114.176
1024,1024,64,1024,149.717
1024,1024,64,2048,219.787
1024,1024,64,4096,356.907
1024,1024,64,8192,632.182
1024,1024,64,16384,1175.19
1024,2048,0,0,84.3737
1024,2048,1,16,84.7463
1024,2048,1,32,84.7043
1024,2048,1,64,84.6187
1024,2048,1,128,85.5147
1024,2048,1,256,84.4797
1024,2048,1,512,84.9173
1024,2048,1,1024,84.8963
1024,2048,1,2048,84.4907
1024,2048,1,4096,98.688
1024,2048,1,8192,119.701
1024,2048,1,16384,215.691
1024,2048,2,16,85.2693
1024,2048,2,32,85.696
1024,2048,2,64,86.0587
1024,2048,2,128,85.578
1024,2048,2,256,85.7707
1024,2048,2,512,86.4427
1024,2048,2,1024,90.4107
1024,2048,2,2048,103.659
1024,2048,2,4096,104.896
1024,2048,2,8192,120.736
1024,2048,2,16384,216.779
1024,2048,4,16,86.507
1024,2048,4,32,86.6033
1024,2048,4,64,87.4987
1024,2048,4,128,87.552
1024,2048,4,256,87.4453
1024,2048,4,512,87.808
1024,2048,4,1024,92.6403
1024,2048,4,2048,106.027
1024,2048,4,4096,109.333
1024,2048,4,8192,122.454
1024,2048,4,16384,218.997
1024,2048,8,16,90.048
1024,2048,8,32,89.0453
1024,2048,8,64,88.9387
1024,2048,8,128,89.419
1024,2048,8,256,89.7813
1024,2048,8,512,90.731
1024,2048,8,1024,98.4213
1024,2048,8,2048,111.893
1024,2048,8,4096,119.157
1024,2048,8,8192,156.182
1024,2048,8,16384,226.859
1024,2048,16,16,89.578
1024,2048,16,32,89.9627
1024,2048,16,64,90.0483
1024,2048,16,128,91.585
1024,2048,16,256,93.0563
1024,2048,16,512,100.011
1024,2048,16,1024,111.51
1024,2048,16,2048,131.339
1024,2048,16,4096,166.197
1024,2048,16,8192,237.163
1024,2048,16,16384,376.128
1024,2048,32,16,94.5493
1024,2048,32,32,95.2747
1024,2048,32,64,95.4987
1024,2048,32,128,98.9333
1024,2048,32,256,102.934
1024,2048,32,512,114.837
1024,2048,32,1024,133.28
1024,2048,32,2048,168.619
1024,2048,32,4096,237.653
1024,2048,32,8192,375.765
1024,2048,32,16384,648.651
1024,2048,64,16,103.936
1024,2048,64,32,104.107
1024,2048,64,64,105.013
1024,2048,64,128,111.104
1024,2048,64,256,120.256
1024,2048,64,512,140.16
1024,2048,64,1024,174.336
1024,2048,64,2048,244.939
1024,2048,64,4096,378.624
1024,2048,64,8192,652.278
1024,2048,64,16384,1195.25
1024,4096,0,0,140.555
1024,4096,1,16,140.736
1024,4096,1,32,139.829
1024,4096,1,64,140.032
1024,4096,1,128,140.736
1024,4096,1,256,140.704
1024,4096,1,512,141.366
1024,4096,1,1024,140.693
1024,4096,1,2048,140.128
1024,4096,1,4096,140.576
1024,4096,1,8192,176.011
1024,4096,1,16384,219.488
1024,4096,2,16,140.374
1024,4096,2,32,140.907
1024,4096,2,64,140.619
1024,4096,2,128,141.771
1024,4096,2,256,141.462
1024,4096,2,512,142.602
1024,4096,2,1024,141.184
1024,4096,2,2048,153.952
1024,4096,2,4096,179.072
1024,4096,2,8192,179.446
1024,4096,2,16384,221.227
1024,4096,4,16,141.718
1024,4096,4,32,141.195
1024,4096,4,64,141.824
1024,4096,4,128,142.133
1024,4096,4,256,142.347
1024,4096,4,512,143.403
1024,4096,4,1024,146.091
1024,4096,4,2048,158.272
1024,4096,4,4096,182.294
1024,4096,4,8192,187.936
1024,4096,4,16384,222.326
1024,4096,8,16,142.56
1024,4096,8,32,143.915
1024,4096,8,64,143.573
1024,4096,8,128,144.214
1024,4096,8,256,143.915
1024,4096,8,512,146.465
1024,4096,8,1024,153.621
1024,4096,8,2048,166.112
1024,4096,8,4096,191.627
1024,4096,8,8192,200.437
1024,4096,8,16384,256.683
1024,4096,16,16,145.835
1024,4096,16,32,145.388
1024,4096,16,64,145.397
1024,4096,16,128,146.784
1024,4096,16,256,149.323
1024,4096,16,512,155.371
1024,4096,16,1024,167.115
1024,4096,16,2048,185.857
1024,4096,16,4096,220.139
1024,4096,16,8192,287.339
1024,4096,16,16384,424.982
1024,4096,32,16,150.347
1024,4096,32,32,150.069
1024,4096,32,64,150.165
1024,4096,32,128,154.229
1024,4096,32,256,157.728
1024,4096,32,512,168.843
1024,4096,32,1024,188.672
1024,4096,32,2048,222.752
1024,4096,32,4096,290.656
1024,4096,32,8192,427.435
1024,4096,32,16384,700.918
1024,4096,64,16,158.261
1024,4096,64,32,159.627
1024,4096,64,64,160.683
1024,4096,64,128,165.845
1024,4096,64,256,174.581
1024,4096,64,512,193.664
1024,4096,64,1024,229.057
1024,4096,64,2048,297.707
1024,4096,64,4096,431.702
1024,4096,64,8192,704.384
1024,4096,64,16384,1250.45
1024,8192,0,0,245.216
1024,8192,1,16,242.284
1024,8192,1,32,243.19
1024,8192,1,64,242.368
1024,8192,1,128,242.475
1024,8192,1,256,244.192
1024,8192,1,512,245.92
1024,8192,1,1024,242.933
1024,8192,1,2048,244.843
1024,8192,1,4096,245.409
1024,8192,1,8192,243.424
1024,8192,1,16384,323.936
1024,8192,2,16,243.616
1024,8192,2,32,242.529
1024,8192,2,64,243.2
1024,8192,2,128,244.714
1024,8192,2,256,243.393
1024,8192,2,512,244.812
1024,8192,2,1024,246.186
1024,8192,2,2048,254.092
1024,8192,2,4096,281.323
1024,8192,2,8192,328.747
1024,8192,2,16384,329.835
1024,8192,4,16,244.374
1024,8192,4,32,245.44
1024,8192,4,64,244.021
1024,8192,4,128,245.356
1024,8192,4,256,247.255
1024,8192,4,512,245.461
1024,8192,4,1024,250.742
1024,8192,4,2048,263.541
1024,8192,4,4096,287.894
1024,8192,4,8192,333.867
1024,8192,4,16384,337.718
1024,8192,8,16,246.422
1024,8192,8,32,246.251
1024,8192,8,64,245.44
1024,8192,8,128,247.307
1024,8192,8,256,247.765
1024,8192,8,512,249.6
1024,8192,8,1024,258.871
1024,8192,8,2048,270.571
1024,8192,8,4096,296.321
1024,8192,8,8192,341.994
1024,8192,8,16384,351.648
1024,8192,16,16,246.325
1024,8192,16,32,247.243
1024,8192,16,64,246.881
1024,8192,16,128,250.817
1024,8192,16,256,250.24
1024,8192,16,512,257.92
1024,8192,16,1024,269.664
1024,8192,16,2048,286.933
1024,8192,16,4096,321.855
1024,8192,16,8192,387.584
1024,8192,16,16384,524.609
1024,8192,32,16,251.381
1024,8192,32,32,252.534
1024,8192,32,64,252.182
1024,8192,32,128,255.744
1024,8192,32,256,261.014
1024,8192,32,512,272.128
1024,8192,32,1024,289.429
1024,8192,32,2048,325.589
1024,8192,32,4096,390.283
1024,8192,32,8192,526.251
1024,8192,32,16384,796.876
1024,8192,64,16,261.557
1024,8192,64,32,262.688
1024,8192,64,64,262.208
1024,8192,64,128,269.515
1024,8192,64,256,276.214
1024,8192,64,512,296.662
1024,8192,64,1024,331.169
1024,8192,64,2048,398.262
1024,8192,64,4096,533.28
1024,8192,64,8192,802.881
1024,8192,64,16384,1351.07
1024,16384,0,0,433.536
1024,16384,1,16,432.502
1024,16384,1,32,435.009
1024,16384,1,64,435.115
1024,16384,1,128,431.457
1024,16384,1,256,434.123
1024,16384,1,512,434.784
1024,16384,1,1024,437.333
1024,16384,1,2048,432.972
1024,16384,1,4096,435.275
1024,16384,1,8192,435.168
1024,16384,1,16384,433.632
1024,16384,2,16,431.478
1024,16384,2,32,433.91
1024,16384,2,64,432.235
1024,16384,2,128,433.952
1024,16384,2,256,435.723
1024,16384,2,512,433.472
1024,16384,2,1024,436.652
1024,16384,2,2048,445.227
1024,16384,2,4096,468.832
1024,16384,2,8192,519.488
1024,16384,2,16384,614.399
1024,16384,4,16,435.691
1024,16384,4,32,436.875
1024,16384,4,64,435.286
1024,16384,4,128,436.021
1024,16384,4,256,438.699
1024,16384,4,512,436.512
1024,16384,4,1024,441.302
1024,16384,4,2048,453.953
1024,16384,4,4096,476.961
1024,16384,4,8192,527.126
1024,16384,4,16384,619.148
1024,16384,8,16,435.115
1024,16384,8,32,436.747
1024,16384,8,64,436.811
1024,16384,8,128,440.384
1024,16384,8,256,439.414
1024,16384,8,512,442.859
1024,16384,8,1024,446.048
1024,16384,8,2048,461.772
1024,16384,8,4096,482.271
1024,16384,8,8192,532.886
1024,16384,8,16384,629.175
1024,16384,16,16,436.854
1024,16384,16,32,439.563
1024,16384,16,64,437.165
1024,16384,16,128,441.142
1024,16384,16,256,445.185
1024,16384,16,512,449.377
1024,16384,16,1024,460.492
1024,16384,16,2048,475.616
1024,16384,16,4096,512.513
1024,16384,16,8192,577.035
1024,16384,16,16384,716.011
1024,16384,32,16,441.462
1024,16384,32,32,444.31
1024,16384,32,64,445.409
1024,16384,32,128,445.334
1024,16384,32,256,451.232
1024,16384,32,512,460.864
1024,16384,32,1024,482.507
1024,16384,32,2048,514.241
1024,16384,32,4096,582.283
1024,16384,32,8192,714.603
1024,16384,32,16384,991.041
1024,16384,64,16,452.599
1024,16384,64,32,453.142
1024,16384,64,64,453.376
1024,16384,64,128,461.312
1024,16384,64,256,467.435
1024,16384,64,512,487.084
1024,16384,64,1024,521.451
1024,16384,64,2048,588.694
1024,16384,64,4096,721.814
1024,16384,64,8192,993.324
1024,16384,64,16384,1545.24
2048,0,0,0,85.2587
2048,0,1,16,84.7463
2048,0,1,32,85.3333
2048,0,1,64,84.7787
2048,0,1,128,85.1203
2048,0,1,256,85.867
2048,0,1,512,85.3657
2048,0,1,1024,85.728
2048,0,1,2048,86.1657
2048,0,1,4096,90.1973
2048,0,1,8192,123.467
2048,0,1,16384,220.129
2048,0,2,16,85.387
2048,0,2,32,85.5043
2048,0,2,64,85.483
2048,0,2,128,85.4827
2048,0,2,256,85.344
2048,0,2,512,86.016
2048,0,2,1024,86.144
2048,0,2,2048,88.2343
2048,0,2,4096,93.2477
2048,0,2,8192,124.16
2048,0,2,16384,220.374
2048,0,4,16,85.7387
2048,0,4,32,85.9843
2048,0,4,64,86.6883
2048,0,4,128,86.688
2048,0,4,256,87.3173
2048,0,4,512,86.9867
2048,0,4,1024,91.0937
2048,0,4,2048,94.8907
2048,0,4,4096,101.376
2048,0,4,8192,126.581
2048,0,4,16384,221.696
2048,0,8,16,87.5307
2048,0,8,32,87.4667
2048,0,8,64,87.1253
2048,0,8,128,88.3203
2048,0,8,256,88.5973
2048,0,8,512,90.336
2048,0,8,1024,96.608
2048,0,8,2048,104.565
2048,0,8,4096,118.336
2048,0,8,8192,145.248
2048,0,8,16384,231.765
2048,0,16,16,89.0667
2048,0,16,32,89.632
2048,0,16,64,89.344
2048,0,16,128,91.4133
2048,0,16,256,93.9737
2048,0,16,512,101.174
2048,0,16,1024,112.789
2048,0,16,2048,131.915
2048,0,16,4096,168.085
2048,0,16,8192,238.346
2048,0,16,16384,374.657
2048,0,32,16,94.7093
2048,0,32,32,94.421
2048,0,32,64,94.8587
2048,0,32,128,98.048
2048,0,32,256,103.872
2048,0,32,512,115.627
2048,0,32,1024,136.736
2048,0,32,2048,172.363
2048,0,32,4096,242.635
2048,0,32,8192,379.435
2048,0,32,16384,656.246
2048,0,64,16,103.296
2048,0,64,32,103.456
2048,0,64,64,105.664
2048,0,64,128,111.894
2048,0,64,256,120.95
2048,0,64,512,141.877
2048,0,64,1024,176.533
2048,0,64,2048,245.014
2048,0,64,4096,381.334
2048,0,64,8192,653.473
2048,0,64,16384,1197.78
2048,16,0,0,87.4133
2048,16,1,16,87.7117
2048,16,1,32,87.4457
2048,16,1,64,87.5307
2048,16,1,128,88.32
2048,16,1,256,87.115
2048,16,1,512,87.8187
2048,16,1,1024,88.0213
2048,16,1,2048,88.8533
2048,16,1,4096,91.0933
2048,16,1,8192,123.637
2048,16,1,16384,220.341
2048,16,2,16,87.8933
2048,16,2,32,88.0853
2048,16,2,64,87.8933
2048,16,2,128,88.4053
2048,16,2,256,88.8753
2048,16,2,512,89.131
2048,16,2,1024,90.0693
2048,16,2,2048,91.2537
2048,16,2,4096,95.6053
2048,16,2,8192,125.056
2048,16,2,16384,221.483
2048,16,4,16,89.9307
2048,16,4,32,89.1733
2048,16,4,64,89.3547
2048,16,4,128,89.5257
2048,16,4,256,89.9203
2048,16,4,512,90.304
2048,16,4,1024,92.384
2048,16,4,2048,96.608
2048,16,4,4096,103.616
2048,16,4,8192,126.379
2048,16,4,16384,222.624
2048,16,8,16,91.104
2048,16,8,32,91.019
2048,16,8,64,91.04
2048,16,8,128,91.5737
2048,16,8,256,92.6503
2048,16,8,512,93.3017
2048,16,8,1024,99.9253
2048,16,8,2048,108.342
2048,16,8,4096,120.373
2048,16,8,8192,146.325
2048,16,8,16384,229.899
2048,16,16,16,92.6293
2048,16,16,32,92.7787
2048,16,16,64,92.704
2048,16,16,128,94.016
2048,16,16,256,96.9493
2048,16,16,512,103.499
2048,16,16,1024,117.163
2048,16,16,2048,135.766
2048,16,16,4096,171.531
2048,16,16,8192,239.968
2048,16,16,16384,379.115
2048,16,32,16,97.4187
2048,16,32,32,97.536
2048,16,32,64,98.0693
2048,16,32,128,101.141
2048,16,32,256,107.296
2048,16,32,512,119.819
2048,16,32,1024,139.968
2048,16,32,2048,173.419
2048,16,32,4096,242.987
2048,16,32,8192,379.744
2048,16,32,16384,651.531
2048,16,64,16,106.688
2048,16,64,32,107.371
2048,16,64,64,108.587
2048,16,64,128,115.936
2048,16,64,256,125.557
2048,16,64,512,145.067
2048,16,64,1024,179.392
2048,16,64,2048,247.264
2048,16,64,4096,382.133
2048,16,64,8192,652.95
2048,16,64,16384,1194.59
2048,32,0,0,86.272
2048,32,1,16,86.496
2048,32,1,32,86.8267
2048,32,1,64,85.878
2048,32,1,128,87.0507
2048,32,1,256,86.2827
2048,32,1,512,86.656
2048,32,1,1024,86.5067
2048,32,1,2048,87.712
2048,32,1,4096,90.6023
2048,32,1,8192,122.966
2048,32,1,16384,218.636
2048,32,2,16,87.4133
2048,32,2,32,86.6883
2048,32,2,64,87.68
2048,32,2,128,87.3923
2048,32,2,256,86.656
2048,32,2,512,87.2
2048,32,2,1024,88.608
2048,32,2,2048,89.8133
2048,32,2,4096,95.9893
2048,32,2,8192,125.046
2048,32,2,16384,220.203
2048,32,4,16,88.448
2048,32,4,32,88.8857
2048,32,4,64,88.651
2048,32,4,128,88.1177
2048,32,4,256,89.0667
2048,32,4,512,88.4053
2048,32,4,1024,91.552
2048,32,4,2048,95.8933
2048,32,4,4096,102.87
2048,32,4,8192,125.568
2048,32,4,16384,222.817
2048,32,8,16,90.5707
2048,32,8,32,89.8773
2048,32,8,64,89.963
2048,32,8,128,91.2533
2048,32,8,256,90.187
2048,32,8,512,92.107
2048,32,8,1024,98.7417
2048,32,8,2048,107.061
2048,32,8,4096,119.936
2048,32,8,8192,145.312
2048,32,8,16384,232.609
2048,32,16,16,90.4103
2048,32,16,32,91.296
2048,32,16,64,91.0187
2048,32,16,128,92.8323
2048,32,16,256,95.232
2048,32,16,512,102.538
2048,32,16,1024,114.933
2048,32,16,2048,135.126
2048,32,16,4096,169.942
2048,32,16,8192,240.374
2048,32,16,16384,377.291
2048,32,32,16,96.224
2048,32,32,32,96.299
2048,32,32,64,97.216
2048,32,32,128,99.7977
2048,32,32,256,105.782
2048,32,32,512,118.613
2048,32,32,1024,137.451
2048,32,32,2048,172.79
2048,32,32,4096,241.515
2048,32,32,8192,377.334
2048,32,32,16384,650.699
2048,32,64,16,105.429
2048,32,64,32,105.941
2048,32,64,64,107.061
2048,32,64,128,113.909
2048,32,64,256,123.691
2048,32,64,512,143.947
2048,32,64,1024,178.635
2048,32,64,2048,247.488
2048,32,64,4096,381.365
2048,32,64,8192,651.286
2048,32,64,16384,1194.38
2048,64,0,0,88.416
2048,64,1,16,87.3707
2048,64,1,32,87.84
2048,64,1,64,88.3413
2048,64,1,128,88.7787
2048,64,1,256,88.64
2048,64,1,512,88.0103
2048,64,1,1024,89.163
2048,64,1,2048,89.824
2048,64,1,4096,91.8937
2048,64,1,8192,124.683
2048,64,1,16384,218.827
2048,64,2,16,89.1413
2048,64,2,32,88.9173
2048,64,2,64,89.0987
2048,64,2,128,88.9383
2048,64,2,256,88.928
2048,64,2,512,90.3687
2048,64,2,1024,89.6853
2048,64,2,2048,91.84
2048,64,2,4096,96.2133
2048,64,2,8192,124.907
2048,64,2,16384,219.531
2048,64,4,16,90.0693
2048,64,4,32,90.3997
2048,64,4,64,90.4213
2048,64,4,128,91.1893
2048,64,4,256,89.9627
2048,64,4,512,91.2003
2048,64,4,1024,93.0027
2048,64,4,2048,96.9813
2048,64,4,4096,104.437
2048,64,4,8192,125.696
2048,64,4,16384,222.955
2048,64,8,16,92.1597
2048,64,8,32,92.2877
2048,64,8,64,92.1497
2048,64,8,128,92.9173
2048,64,8,256,92.9497
2048,64,8,512,94.112
2048,64,8,1024,101.131
2048,64,8,2048,109.707
2048,64,8,4096,120.81
2048,64,8,8192,145.013
2048,64,8,16384,231.573
2048,64,16,16,92.6403
2048,64,16,32,92.8213
2048,64,16,64,92.9393
2048,64,16,128,94.198
2048,64,16,256,97.323
2048,64,16,512,104.309
2048,64,16,1024,116.821
2048,64,16,2048,136.683
2048,64,16,4096,171.68
2048,64,16,8192,241.675
2048,64,16,16384,379.915
2048,64,32,16,98.2293
2048,64,32,32,98.3893
2048,64,32,64,99.1257
2048,64,32,128,101.77
2048,64,32,256,107.744
2048,64,32,512,119.285
2048,64,32,1024,140.277
2048,64,32,2048,175.595
2048,64,32,4096,243.168
2048,64,32,8192,379.777
2048,64,32,16384,652.31
2048,64,64,16,107.819
2048,64,64,32,107.915
2048,64,64,64,109.173
2048,64,64,128,115.232
2048,64,64,256,125.675
2048,64,64,512,146.048
2048,64,64,1024,179.413
2048,64,64,2048,249.451
2048,64,64,4096,382.72
2048,64,64,8192,653.878
2048,64,64,16384,1197.02
2048,128,0,0,91.904
2048,128,1,16,92.139
2048,128,1,32,90.6987
2048,128,1,64,91.5413
2048,128,1,128,91.4673
2048,128,1,256,90.88
2048,128,1,512,91.84
2048,128,1,1024,91.8827
2048,128,1,2048,92.6827
2048,128,1,4096,94.3577
2048,128,1,8192,124.875
2048,128,1,16384,218.902
2048,128,2,16,91.9577
2048,128,2,32,92.16
2048,128,2,64,92.1287
2048,128,2,128,92.1923
2048,128,2,256,92.4273
2048,128,2,512,91.7763
2048,128,2,1024,93.3873
2048,128,2,2048,95.2637
2048,128,2,4096,100.085
2048,128,2,8192,124.267
2048,128,2,16384,220.673
2048,128,4,16,93.2907
2048,128,4,32,93.2587
2048,128,4,64,93.28
2048,128,4,128,93.216
2048,128,4,256,94.4427
2048,128,4,512,93.5893
2048,128,4,1024,96.544
2048,128,4,2048,100.363
2048,128,4,4096,106.913
2048,128,4,8192,125.867
2048,128,4,16384,223.52
2048,128,8,16,95.136
2048,128,8,32,94.7097
2048,128,8,64,94.7733
2048,128,8,128,95.616
2048,128,8,256,95.616
2048,128,8,512,96.843
2048,128,8,1024,102.752
2048,128,8,2048,111.787
2048,128,8,4096,124.736
2048,128,8,8192,146.912
2048,128,8,16384,232.768
2048,128,16,16,95.776
2048,128,16,32,96.0853
2048,128,16,64,95.6697
2048,128,16,128,97.5467
2048,128,16,256,100.469
2048,128,16,512,107.616
2048,128,16,1024,119.83
2048,128,16,2048,139.232
2048,128,16,4096,175.04
2048,128,16,8192,244.555
2048,128,16,16384,381.355
2048,128,32,16,101.974
2048,128,32,32,101.323
2048,128,32,64,102.08
2048,128,32,128,105.313
2048,128,32,256,111.093
2048,128,32,512,122.955
2048,128,32,1024,143.03
2048,128,32,2048,177.195
2048,128,32,4096,246.859
2048,128,32,8192,381.408
2048,128,32,16384,655.339
2048,128,64,16,111.115
2048,128,64,32,111.232
2048,128,64,64,112.064
2048,128,64,128,118.346
2048,128,64,256,128.875
2048,128,64,512,149.237
2048,128,64,1024,184.267
2048,128,64,2048,251.851
2048,128,64,4096,385.814
2048,128,64,8192,656.555
2048,128,64,16384,1198.29
2048,256,0,0,98.7627
2048,256,1,16,97.8773
2048,256,1,32,98.187
2048,256,1,64,97.9523
2048,256,1,128,98.0053
2048,256,1,256,97.5893
2048,256,1,512,98.4423
2048,256,1,1024,98.1337
2048,256,1,2048,99.5413
2048,256,1,4096,100.96
2048,256,1,8192,124.032
2048,256,1,16384,220.129
2048,256,2,16,98.1547
2048,256,2,32,97.9413
2048,256,2,64,98.4003
2048,256,2,128,99.0293
2048,256,2,256,99.2537
2048,256,2,512,99.072
2048,256,2,1024,100.213
2048,256,2,2048,102.421
2048,256,2,4096,105.237
2048,256,2,8192,125.515
2048,256,2,16384,222.389
2048,256,4,16,98.88
2048,256,4,32,99.328
2048,256,4,64,100.075
2048,256,4,128,99.872
2048,256,4,256,99.744
2048,256,4,512,100.278
2048,256,4,1024,102.667
2048,256,4,2048,106.326
2048,256,4,4096,112.63
2048,256,4,8192,127.68
2048,256,4,16384,222.806
2048,256,8,16,100.779
2048,256,8,32,101.195
2048,256,8,64,101.579
2048,256,8,128,101.781
2048,256,8,256,102.347
2048,256,8,512,103.605
2048,256,8,1024,109.6
2048,256,8,2048,117.92
2048,256,8,4096,128.576
2048,256,8,8192,156.491
2048,256,8,16384,233.973
2048,256,16,16,102.23
2048,256,16,32,102.453
2048,256,16,64,102.742
2048,256,16,128,104.267
2048,256,16,256,107.264
2048,256,16,512,113.333
2048,256,16,1024,126.315
2048,256,16,2048,145.728
2048,256,16,4096,181.173
2048,256,16,8192,250.315
2048,256,16,16384,386.475
2048,256,32,16,108.224
2048,256,32,32,108.395
2048,256,32,64,109.429
2048,256,32,128,111.52
2048,256,32,256,117.387
2048,256,32,512,128.629
2048,256,32,1024,149.067
2048,256,32,2048,184.085
2048,256,32,4096,253.269
2048,256,32,8192,386.657
2048,256,32,16384,660.48
2048,256,64,16,116.886
2048,256,64,32,117.739
2048,256,64,64,118.251
2048,256,64,128,124.683
2048,256,64,256,134.027
2048,256,64,512,154.933
2048,256,64,1024,189.749
2048,256,64,2048,258.038
2048,256,64,4096,391.605
2048,256,64,8192,661.558
2048,256,64,16384,1202.96
2048,512,0,0,110.752
2048,512,1,16,109.973
2048,512,1,32,109.558
2048,512,1,64,110.123
2048,512,1,128,110.251
2048,512,1,256,110.005
2048,512,1,512,110.71
2048,512,1,1024,111.413
2048,512,1,2048,111.957
2048,512,1,4096,115.04
2048,512,1,8192,124.107
2048,512,1,16384,220.811
2048,512,2,16,110.485
2048,512,2,32,111.093
2048,512,2,64,110.432
2048,512,2,128,110.891
2048,512,2,256,111.158
2048,512,2,512,110.827
2048,512,2,1024,112.704
2048,512,2,2048,114.699
2048,512,2,4096,117.728
2048,512,2,8192,130.037
2048,512,2,16384,221.249
2048,512,4,16,112.107
2048,512,4,32,111.947
2048,512,4,64,111.947
2048,512,4,128,112.032
2048,512,4,256,111.52
2048,512,4,512,111.915
2048,512,4,1024,115.541
2048,512,4,2048,119.659
2048,512,4,4096,125.536
2048,512,4,8192,141.504
2048,512,4,16384,224.183
2048,512,8,16,113.749
2048,512,8,32,113.259
2048,512,8,64,114.059
2048,512,8,128,113.856
2048,512,8,256,114.869
2048,512,8,512,116.342
2048,512,8,1024,121.185
2048,512,8,2048,129.717
2048,512,8,4096,141.974
2048,512,8,8192,170.518
2048,512,8,16384,234.337
2048,512,16,16,115.126
2048,512,16,32,114.891
2048,512,16,64,114.283
2048,512,16,128,116.406
2048,512,16,256,119.253
2048,512,16,512,125.771
2048,512,16,1024,137.312
2048,512,16,2048,156.95
2048,512,16,4096,192.224
2048,512,16,8192,261.643
2048,512,16,16384,398.87
2048,512,32,16,119.958
2048,512,32,32,120.363
2048,512,32,64,121.11
2048,512,32,128,123.179
2048,512,32,256,129.376
2048,512,32,512,141.035
2048,512,32,1024,161.398
2048,512,32,2048,196.256
2048,512,32,4096,264.245
2048,512,32,8192,398.987
2048,512,32,16384,670.208
2048,512,64,16,129.195
2048,512,64,32,130.048
2048,512,64,64,130.742
2048,512,64,128,136.864
2048,512,64,256,147.136
2048,512,64,512,166.774
2048,512,64,1024,201.984
2048,512,64,2048,271.051
2048,512,64,4096,401.888
2048,512,64,8192,670.902
2048,512,64,16384,1216.65
2048,1024,0,0,134.912
2048,1024,1,16,133.931
2048,1024,1,32,133.857
2048,1024,1,64,134.155
2048,1024,1,128,134.496
2048,1024,1,256,134.006
2048,1024,1,512,134.102
2048,1024,1,1024,134.997
2048,1024,1,2048,136.171
2048,1024,1,4096,138.261
2048,1024,1,8192,141.269
2048,1024,1,16384,222.284
2048,1024,2,16,134.763
2048,1024,2,32,135.019
2048,1024,2,64,135.253
2048,1024,2,128,134.603
2048,1024,2,256,135.253
2048,1024,2,512,135.84
2048,1024,2,1024,137.344
2048,1024,2,2048,137.12
2048,1024,2,4096,140.885
2048,1024,2,8192,160.053
2048,1024,2,16384,223.104
2048,1024,4,16,135.883
2048,1024,4,32,136.715
2048,1024,4,64,135.691
2048,1024,4,128,136.235
2048,1024,4,256,136.971
2048,1024,4,512,137.035
2048,1024,4,1024,140.267
2048,1024,4,2048,142.102
2048,1024,4,4096,147.872
2048,1024,4,8192,169.664
2048,1024,4,16384,225.973
2048,1024,8,16,138.315
2048,1024,8,32,138.369
2048,1024,8,64,137.76
2048,1024,8,128,138.827
2048,1024,8,256,139.488
2048,1024,8,512,140.384
2048,1024,8,1024,145.579
2048,1024,8,2048,152.288
2048,1024,8,4096,165.771
2048,1024,8,8192,191.723
2048,1024,8,16384,247.328
2048,1024,16,16,138.859
2048,1024,16,32,138.133
2048,1024,16,64,139.307
2048,1024,16,128,140.075
2048,1024,16,256,144.053
2048,1024,16,512,149.494
2048,1024,16,1024,161.397
2048,1024,16,2048,180.587
2048,1024,16,4096,216.821
2048,1024,16,8192,286.102
2048,1024,16,16384,424.683
2048,1024,32,16,145.333
2048,1024,32,32,145.227
2048,1024,32,64,145.771
2048,1024,32,128,149.013
2048,1024,32,256,154.902
2048,1024,32,512,165.408
2048,1024,32,1024,185.728
2048,1024,32,2048,220.822
2048,1024,32,4096,288.672
2048,1024,32,8192,423.968
2048,1024,32,16384,695.733
2048,1024,64,16,155.243
2048,1024,64,32,154.688
2048,1024,64,64,156.096
2048,1024,64,128,162.272
2048,1024,64,256,173.206
2048,1024,64,512,191.978
2048,1024,64,1024,226.816
2048,1024,64,2048,293.579
2048,1024,64,4096,428.651
2048,1024,64,8192,698.55
2048,1024,64,16384,1237.58
2048,2048,0,0,185.92
2048,2048,1,16,185.728
2048,2048,1,32,185.387
2048,2048,1,64,185.077
2048,2048,1,128,185.589
2048,2048,1,256,186.517
2048,2048,1,512,185.621
2048,2048,1,1024,185.483
2048,2048,1,2048,185.462
2048,2048,1,4096,189.205
2048,2048,1,8192,197.398
2048,2048,1,16384,226.752
2048,2048,2,16,186.24
2048,2048,2,32,185.75
2048,2048,2,64,186.112
2048,2048,2,128,186.539
2048,2048,2,256,186.592
2048,2048,2,512,185.345
2048,2048,2,1024,188.128
2048,2048,2,2048,188.48
2048,2048,2,4096,190.806
2048,2048,2,8192,206.912
2048,2048,2,16384,226.357
2048,2048,4,16,186.187
2048,2048,4,32,186.72
2048,2048,4,64,187.296
2048,2048,4,128,187.456
2048,2048,4,256,186.741
2048,2048,4,512,188.235
2048,2048,4,1024,191.072
2048,2048,4,2048,195.446
2048,2048,4,4096,208.641
2048,2048,4,8192,215.872
2048,2048,4,16384,254.507
2048,2048,8,16,188.342
2048,2048,8,32,188.225
2048,2048,8,64,187.915
2048,2048,8,128,189.483
2048,2048,8,256,188.885
2048,2048,8,512,191.904
2048,2048,8,1024,195.52
2048,2048,8,2048,204.843
2048,2048,8,4096,222.389
2048,2048,8,8192,240.139
2048,2048,8,16384,304.32
2048,2048,16,16,188.576
2048,2048,16,32,190.507
2048,2048,16,64,188.725
2048,2048,16,128,190.997
2048,2048,16,256,194.016
2048,2048,16,512,200.971
2048,2048,16,1024,211.456
2048,2048,16,2048,233.397
2048,2048,16,4096,266.625
2048,2048,16,8192,337.291
2048,2048,16,16384,472.694
2048,2048,32,16,195.637
2048,2048,32,32,195.595
2048,2048,32,64,196.385
2048,2048,32,128,199.254
2048,2048,32,256,204.598
2048,2048,32,512,217.088
2048,2048,32,1024,237.664
2048,2048,32,2048,271.168
2048,2048,32,4096,338.208
2048,2048,32,8192,474.956
2048,2048,32,16384,746.357
2048,2048,64,16,204.715
2048,2048,64,32,205.205
2048,2048,64,64,206.827
2048,2048,64,128,213.856
2048,2048,64,256,222.613
2048,2048,64,512,241.824
2048,2048,64,1024,276.587
2048,2048,64,2048,343.808
2048,2048,64,4096,476.651
2048,2048,64,8192,747.713
2048,2048,64,16384,1290.48
2048,4096,0,0,284.737
2048,4096,1,16,285.931
2048,4096,1,32,283.136
2048,4096,1,64,284.427
2048,4096,1,128,285.782
2048,4096,1,256,282.539
2048,4096,1,512,284.799
2048,4096,1,1024,285.046
2048,4096,1,2048,286.699
2048,4096,1,4096,285.419
2048,4096,1,8192,286.955
2048,4096,1,16384,314.379
2048,4096,2,16,287.073
2048,4096,2,32,283.734
2048,4096,2,64,285.27
2048,4096,2,128,284.874
2048,4096,2,256,283.617
2048,4096,2,512,284.875
2048,4096,2,1024,286.144
2048,4096,2,2048,285.537
2048,4096,2,4096,287.298
2048,4096,2,8192,294.07
2048,4096,2,16384,328.8
2048,4096,4,16,284.172
2048,4096,4,32,285.408
2048,4096,4,64,286.421
2048,4096,4,128,283.649
2048,4096,4,256,286.293
2048,4096,4,512,286.581
2048,4096,4,1024,289.387
2048,4096,4,2048,292.256
2048,4096,4,4096,298.422
2048,4096,4,8192,310.038
2048,4096,4,16384,339.712
2048,4096,8,16,288.587
2048,4096,8,32,288.054
2048,4096,8,64,287.083
2048,4096,8,128,288.16
2048,4096,8,256,289.408
2048,4096,8,512,293.099
2048,4096,8,1024,293.675
2048,4096,8,2048,303.808
2048,4096,8,4096,314.603
2048,4096,8,8192,339.136
2048,4096,8,16384,397.878
2048,4096,16,16,288.224
2048,4096,16,32,288.182
2048,4096,16,64,289.004
2048,4096,16,128,290.368
2048,4096,16,256,293.814
2048,4096,16,512,300.128
2048,4096,16,1024,311.498
2048,4096,16,2048,329.802
2048,4096,16,4096,364.736
2048,4096,16,8192,428.864
2048,4096,16,16384,566.145
2048,4096,32,16,294.603
2048,4096,32,32,294.912
2048,4096,32,64,295.584
2048,4096,32,128,297.408
2048,4096,32,256,304.566
2048,4096,32,512,316.469
2048,4096,32,1024,335.318
2048,4096,32,2048,366.773
2048,4096,32,4096,435.766
2048,4096,32,8192,567.99
2048,4096,32,16384,839.222
2048,4096,64,16,303.19
2048,4096,64,32,304.886
2048,4096,64,64,306.773
2048,4096,64,128,310.656
2048,4096,64,256,322.325
2048,4096,64,512,342.091
2048,4096,64,1024,375.542
2048,4096,64,2048,440.118
2048,4096,64,4096,571.767
2048,4096,64,8192,839.201
2048,4096,64,16384,1379.03
2048,8192,0,0,485.75
2048,8192,1,16,486.337
2048,8192,1,32,488.513
2048,8192,1,64,483.713
2048,8192,1,128,485.206
2048,8192,1,256,483.179
2048,8192,1,512,485.686
2048,8192,1,1024,485.376
2048,8192,1,2048,484.012
2048,8192,1,4096,485.526
2048,8192,1,8192,485.087
2048,8192,1,16384,490.881
2048,8192,2,16,484.758
2048,8192,2,32,484.854
2048,8192,2,64,487.947
2048,8192,2,128,483.212
2048,8192,2,256,485.899
2048,8192,2,512,486.529
2048,8192,2,1024,484.15
2048,8192,2,2048,487.862
2048,8192,2,4096,492.555
2048,8192,2,8192,491.073
2048,8192,2,16384,541.674
2048,8192,4,16,489.281
2048,8192,4,32,483.393
2048,8192,4,64,486.229
2048,8192,4,128,485.857
2048,8192,4,256,484.843
2048,8192,4,512,489.386
2048,8192,4,1024,487.35
2048,8192,4,2048,491.734
2048,8192,4,4096,501.377
2048,8192,4,8192,545.152
2048,8192,4,16384,564.833
2048,8192,8,16,485.567
2048,8192,8,32,487.349
2048,8192,8,64,485.58
2048,8192,8,128,487.584
2048,8192,8,256,489.035
2048,8192,8,512,489.889
2048,8192,8,1024,498.261
2048,8192,8,2048,504.395
2048,8192,8,4096,526.444
2048,8192,8,8192,575.958
2048,8192,8,16384,586.422
2048,8192,16,16,491.286
2048,8192,16,32,487.36
2048,8192,16,64,494.816
2048,8192,16,128,495.542
2048,8192,16,256,498.913
2048,8192,16,512,504.704
2048,8192,16,1024,514.134
2048,8192,16,2048,532.385
2048,8192,16,4096,562.158
2048,8192,16,8192,628.491
2048,8192,16,16384,756.352
2048,8192,32,16,495.723
2048,8192,32,32,493.686
2048,8192,32,64,495.19
2048,8192,32,128,499.188
2048,8192,32,256,505.184
2048,8192,32,512,512.427
2048,8192,32,1024,530.518
2048,8192,32,2048,566.38
2048,8192,32,4096,632.277
2048,8192,32,8192,763.339
2048,8192,32,16384,1034.21
2048,8192,64,16,502.624
2048,8192,64,32,502.976
2048,8192,64,64,502.838
2048,8192,64,128,511.392
2048,8192,64,256,521.345
2048,8192,64,512,537.996
2048,8192,64,1024,571.531
2048,8192,64,2048,638.475
2048,8192,64,4096,768.737
2048,8192,64,8192,1041.13
2048,8192,64,16384,1586.5
2048,16384,0,0,859.2
2048,16384,1,16,859.927
2048,16384,1,32,854.808
2048,16384,1,64,857.814
2048,16384,1,128,853.516
2048,16384,1,256,855.809
2048,16384,1,512,854.626
2048,16384,1,1024,857.365
2048,16384,1,2048,854.572
2048,16384,1,4096,858.625
2048,16384,1,8192,855.756
2048,16384,1,16384,860.301
2048,16384,2,16,856.448
2048,16384,2,32,857.461
2048,16384,2,64,855.691
2048,16384,2,128,858.88
2048,16384,2,256,859.881
2048,16384,2,512,853.322
2048,16384,2,1024,861.037
2048,16384,2,2048,859.766
2048,16384,2,4096,856.629
2048,16384,2,8192,858.486
2048,16384,2,16384,866.294
2048,16384,4,16,854.423
2048,16384,4,32,858.464
2048,16384,4,64,861.196
2048,16384,4,128,857.175
2048,16384,4,256,858.583
2048,16384,4,512,856.511
2048,16384,4,1024,859.021
2048,16384,4,2048,863.745
2048,16384,4,4096,869.803
2048,16384,4,8192,909.91
2048,16384,4,16384,1013.17
2048,16384,8,16,858.766
2048,16384,8,32,856.568
2048,16384,8,64,859.03
2048,16384,8,128,857.763
2048,16384,8,256,861.836
2048,16384,8,512,860.203
2048,16384,8,1024,869.527
2048,16384,8,2048,875.819
2048,16384,8,4096,898.219
2048,16384,8,8192,941.068
2048,16384,8,16384,1043.66
2048,16384,16,16,860.438
2048,16384,16,32,862.658
2048,16384,16,64,860.374
2048,16384,16,128,864.961
2048,16384,16,256,864.503
2048,16384,16,512,874.838
2048,16384,16,1024,882.869
2048,16384,16,2048,904.94
2048,16384,16,4096,935.873
2048,16384,16,8192,999.125
2048,16384,16,16384,1132.19
2048,16384,32,16,869.024
2048,16384,32,32,870.882
2048,16384,32,64,870.006
2048,16384,32,128,871.105
2048,16384,32,256,878.988
2048,16384,32,512,891.542
2048,16384,32,1024,910.368
2048,16384,32,2048,942.764
2048,16384,32,4096,1005.92
2048,16384,32,8192,1138.81
2048,16384,32,16384,1414.26
2048,16384,64,16,880.384
2048,16384,64,32,878.785
2048,16384,64,64,877.548
2048,16384,64,128,882.753
2048,16384,64,256,895.511
2048,16384,64,512,914.87
2048,16384,64,1024,944.811
2048,16384,64,2048,1010.81
2048,16384,64,4096,1148.27
2048,16384,64,8192,1414.59
2048,16384,64,16384,1964.18
4096,0,0,0,260.267
4096,0,1,16,261.205
4096,0,1,32,261.845
4096,0,1,64,259.733
4096,0,1,128,261.611
4096,0,1,256,260.502
4096,0,1,512,261.162
4096,0,1,1024,262.379
4096,0,1,2048,262.144
4096,0,1,4096,264.278
4096,0,1,8192,266.241
4096,0,1,16384,273.355
4096,0,2,16,261.718
4096,0,2,32,260.16
4096,0,2,64,260.789
4096,0,2,128,261.206
4096,0,2,256,260.832
4096,0,2,512,261.632
4096,0,2,1024,262.026
4096,0,2,2048,263.883
4096,0,2,4096,266.678
4096,0,2,8192,273.557
4096,0,2,16384,287.873
4096,0,4,16,260.875
4096,0,4,32,260.747
4096,0,4,64,259.787
4096,0,4,128,262.016
4096,0,4,256,261.121
4096,0,4,512,263.179
4096,0,4,1024,264.362
4096,0,4,2048,266.966
4096,0,4,4096,274.391
4096,0,4,8192,286.389
4096,0,4,16384,311.371
4096,0,8,16,262.433
4096,0,8,32,261.568
4096,0,8,64,263.467
4096,0,8,128,263.189
4096,0,8,256,264.641
4096,0,8,512,265.739
4096,0,8,1024,271.254
4096,0,8,2048,275.765
4096,0,8,4096,290.624
4096,0,8,8192,314.016
4096,0,8,16384,365.441
4096,0,16,16,264.341
4096,0,16,32,263.51
4096,0,16,64,265.024
4096,0,16,128,267.478
4096,0,16,256,270.624
4096,0,16,512,276.224
4096,0,16,1024,288.065
4096,0,16,2048,306.218
4096,0,16,4096,340.629
4096,0,16,8192,408.917
4096,0,16,16384,543.85
4096,0,32,16,269.024
4096,0,32,32,270.443
4096,0,32,64,271.702
4096,0,32,128,274.197
4096,0,32,256,278.987
4096,0,32,512,291.061
4096,0,32,1024,309.003
4096,0,32,2048,343.403
4096,0,32,4096,409.76
4096,0,32,8192,543.233
4096,0,32,16384,815.627
4096,0,64,16,279.52
4096,0,64,32,279.371
4096,0,64,64,281.152
4096,0,64,128,286.283
4096,0,64,256,296.395
4096,0,64,512,314.304
4096,0,64,1024,348.235
4096,0,64,2048,415.04
4096,0,64,4096,547.5
4096,0,64,8192,816.47
4096,0,64,16384,1359.31
4096,16,0,0,261.888
4096,16,1,16,263.968
4096,16,1,32,262.944
4096,16,1,64,263.638
4096,16,1,128,264.971
4096,16,1,256,264.565
4096,16,1,512,264.117
4096,16,1,1024,264.086
4096,16,1,2048,263.807
4096,16,1,4096,268.384
4096,16,1,8192,270.602
4096,16,1,16384,276.769
4096,16,2,16,264.138
4096,16,2,32,265.237
4096,16,2,64,264.885
4096,16,2,128,263.584
4096,16,2,256,265.452
4096,16,2,512,264.981
4096,16,2,1024,266.229
4096,16,2,2048,268.213
4096,16,2,4096,270.09
4096,16,2,8192,279.691
4096,16,2,16384,291.766
4096,16,4,16,265.867
4096,16,4,32,266.549
4096,16,4,64,265.985
4096,16,4,128,266.08
4096,16,4,256,267.691
4096,16,4,512,268.437
4096,16,4,1024,269.27
4096,16,4,2048,272.193
4096,16,4,4096,278.902
4096,16,4,8192,291.307
4096,16,4,16384,314.315
4096,16,8,16,266.592
4096,16,8,32,266.88
4096,16,8,64,267.872
4096,16,8,128,267.499
4096,16,8,256,269.963
4096,16,8,512,273.056
4096,16,8,1024,276.043
4096,16,8,2048,282.134
4096,16,8,4096,294.869
4096,16,8,8192,317.537
4096,16,8,16384,367.435
4096,16,16,16,268.565
4096,16,16,32,267.19
4096,16,16,64,268.107
4096,16,16,128,270.176
4096,16,16,256,273.974
4096,16,16,512,280.736
4096,16,16,1024,289.792
4096,16,16,2048,309.59
4096,16,16,4096,343.254
4096,16,16,8192,412.139
4096,16,16,16384,545.579
4096,16,32,16,273.718
4096,16,32,32,272.161
4096,16,32,64,275.115
4096,16,32,128,277.195
4096,16,32,256,283.638
4096,16,32,512,294.901
4096,16,32,1024,314.55
4096,16,32,2048,345.963
4096,16,32,4096,413.794
4096,16,32,8192,545.963
4096,16,32,16384,818.539
4096,16,64,16,285.152
4096,16,64,32,285.013
4096,16,64,64,286.069
4096,16,64,128,292.662
4096,16,64,256,301.281
4096,16,64,512,320.577
4096,16,64,1024,355.574
4096,16,64,2048,420.256
4096,16,64,4096,551.478
4096,16,64,8192,819.009
4096,16,64,16384,1360.74
4096,32,0,0,265.899
4096,32,1,16,266.164
4096,32,1,32,264.224
4096,32,1,64,265.526
4096,32,1,128,266.721
4096,32,1,256,264.886
4096,32,1,512,265.024
4096,32,1,1024,265.451
4096,32,1,2048,267.296
4096,32,1,4096,268.736
4096,32,1,8192,272.939
4096,32,1,16384,279.552
4096,32,2,16,266.123
4096,32,2,32,266.667
4096,32,2,64,266.55
4096,32,2,128,263.935
4096,32,2,256,266.645
4096,32,2,512,266.496
4096,32,2,1024,268.064
4096,32,2,2048,268.96
4096,32,2,4096,273.291
4096,32,2,8192,281.931
4096,32,2,16384,291.819
4096,32,4,16,267.307
4096,32,4,32,266.689
4096,32,4,64,267.286
4096,32,4,128,266.688
4096,32,4,256,269.034
4096,32,4,512,269.941
4096,32,4,1024,271.562
4096,32,4,2048,273.494
4096,32,4,4096,277.845
4096,32,4,8192,294.091
4096,32,4,16384,315.595
4096,32,8,16,268.48
4096,32,8,32,266.624
4096,32,8,64,266.197
4096,32,8,128,271.552
4096,32,8,256,270.059
4096,32,8,512,273.931
4096,32,8,1024,276.843
4096,32,8,2048,284.384
4096,32,8,4096,294.496
4096,32,8,8192,320.438
4096,32,8,16384,368.556
4096,32,16,16,269.398
4096,32,16,32,269.164
4096,32,16,64,270.421
4096,32,16,128,271.968
4096,32,16,256,275.808
4096,32,16,512,279.68
4096,32,16,1024,292.533
4096,32,16,2048,311.041
4096,32,16,4096,346.592
4096,32,16,8192,409.409
4096,32,16,16384,547.659
4096,32,32,16,273.429
4096,32,32,32,274.773
4096,32,32,64,274.528
4096,32,32,128,278.859
4096,32,32,256,284.097
4096,32,32,512,294.731
4096,32,32,1024,316.043
4096,32,32,2048,347.243
4096,32,32,4096,416.758
4096,32,32,8192,546.379
4096,32,32,16384,819.499
4096,32,64,16,285.707
4096,32,64,32,285.579
4096,32,64,64,285.718
4096,32,64,128,293.696
4096,32,64,256,297.365
4096,32,64,512,318.902
4096,32,64,1024,353.494
4096,32,64,2048,418.23
4096,32,64,4096,549.782
4096,32,64,8192,818.017
4096,32,64,16384,1357.74
4096,64,0,0,266.998
4096,64,1,16,266.316
4096,64,1,32,267.413
4096,64,1,64,266.102
4096,64,1,128,267.541
4096,64,1,256,268.001
4096,64,1,512,266.197
4096,64,1,1024,268.053
4096,64,1,2048,268.171
4096,64,1,4096,271.147
4096,64,1,8192,275.392
4096,64,1,16384,280.459
4096,64,2,16,268.662
4096,64,2,32,268.128
4096,64,2,64,268.245
4096,64,2,128,268.705
4096,64,2,256,269.333
4096,64,2,512,268.598
4096,64,2,1024,268.661
4096,64,2,2048,271.148
4096,64,2,4096,273.568
4096,64,2,8192,283.606
4096,64,2,16384,294.699
4096,64,4,16,269.056
4096,64,4,32,268.385
4096,64,4,64,269.078
4096,64,4,128,267.915
4096,64,4,256,268.864
4096,64,4,512,270.817
4096,64,4,1024,272.619
4096,64,4,2048,274.454
4096,64,4,4096,280.096
4096,64,4,8192,295.894
4096,64,4,16384,317.494
4096,64,8,16,271.136
4096,64,8,32,269.941
4096,64,8,64,270.965
4096,64,8,128,271.318
4096,64,8,256,272.161
4096,64,8,512,275.979
4096,64,8,1024,277.824
4096,64,8,2048,285.088
4096,64,8,4096,297.483
4096,64,8,8192,322.699
4096,64,8,16384,369.963
4096,64,16,16,271.872
4096,64,16,32,271.051
4096,64,16,64,271.754
4096,64,16,128,273.291
4096,64,16,256,277.568
4096,64,16,512,282.795
4096,64,16,1024,293.984
4096,64,16,2048,313.142
4096,64,16,4096,345.675
4096,64,16,8192,414.626
4096,64,16,16384,548.683
4096,64,32,16,277.067
4096,64,32,32,275.84
4096,64,32,64,276.758
4096,64,32,128,281.889
4096,64,32,256,287.531
4096,64,32,512,296.928
4096,64,32,1024,316.193
4096,64,32,2048,350.251
4096,64,32,4096,416.417
4096,64,32,8192,549.345
4096,64,32,16384,821.131
4096,64,64,16,285.739
4096,64,64,32,287.883
4096,64,64,64,290.763
4096,64,64,128,295.104
4096,64,64,256,303.254
4096,64,64,512,322.219
4096,64,64,1024,356.373
4096,64,64,2048,421.931
4096,64,64,4096,552.982
4096,64,64,8192,820.865
4096,64,64,16384,1360.98
4096,128,0,0,272.971
4096,128,1,16,272.544
4096,128,1,32,273.472
4096,128,1,64,272.961
4096,128,1,128,272.896
4096,128,1,256,273.6
4096,128,1,512,273.28
4096,128,1,1024,274.805
4096,128,1,2048,274.666
4096,128,1,4096,276.128
4096,128,1,8192,282.155
4096,128,1,16384,286.987
4096,128,2,16,274.326
4096,128,2,32,274.006
4096,128,2,64,273.365
4096,128,2,128,273.792
4096,128,2,256,273.195
4096,128,2,512,275.584
4096,128,2,1024,275.328
4096,128,2,2048,278.443
4096,128,2,4096,281.143
4096,128,2,8192,289.388
4096,128,2,16384,300.801
4096,128,4,16,274.987
4096,128,4,32,276.982
4096,128,4,64,274.976
4096,128,4,128,276.224
4096,128,4,256,277.216
4096,128,4,512,278.549
4096,128,4,1024,277.579
4096,128,4,2048,281.493
4096,128,4,4096,287.595
4096,128,4,8192,301.355
4096,128,4,16384,326.059
4096,128,8,16,275.936
4096,128,8,32,277.621
4096,128,8,64,276.266
4096,128,8,128,279.808
4096,128,8,256,278.816
4096,128,8,512,283.083
4096,128,8,1024,284.971
4096,128,8,2048,290.613
4096,128,8,4096,303.158
4096,128,8,8192,330.006
4096,128,8,16384,376.385
4096,128,16,16,279.563
4096,128,16,32,277.632
4096,128,16,64,278.113
4096,128,16,128,280.278
4096,128,16,256,284.79
4096,128,16,512,289.11
4096,128,16,1024,301.504
4096,128,16,2048,319.606
4096,128,16,4096,351.413
4096,128,16,8192,419.52
4096,128,16,16384,552.897
4096,128,32,16,284.715
4096,128,32,32,282.464
4096,128,32,64,283.882
4096,128,32,128,287.424
4096,128,32,256,291.659
4096,128,32,512,304.481
4096,128,32,1024,322.006
4096,128,32,2048,355.883
4096,128,32,4096,421.174
4096,128,32,8192,554.998
4096,128,32,16384,826.763
4096,128,64,16,290.955
4096,128,64,32,292.363
4096,128,64,64,293.749
4096,128,64,128,299.701
4096,128,64,256,309.088
4096,128,64,512,328.331
4096,128,64,1024,362.88
4096,128,64,2048,427.04
4096,128,64,4096,557.878
4096,128,64,8192,826.209
4096,128,64,16384,1366.13
4096,256,0,0,285.707
4096,256,1,16,287.041
4096,256,1,32,286.059
4096,256,1,64,286.518
4096,256,1,128,286.881
4096,256,1,256,285.835
4096,256,1,512,285.462
4096,256,1,1024,287.051
4096,256,1,2048,287.755
4096,256,1,4096,288.395
4096,256,1,8192,294.272
4096,256,1,16384,299.904
4096,256,2,16,287.915
4096,256,2,32,285.366
4096,256,2,64,288.107
4096,256,2,128,287.617
4096,256,2,256,286.049
4096,256,2,512,287.788
4096,256,2,1024,288.16
4096,256,2,2048,290.091
4096,256,2,4096,293.269
4096,256,2,8192,300.544
4096,256,2,16384,312.011
4096,256,4,16,287.008
4096,256,4,32,287.819
4096,256,4,64,286.666
4096,256,4,128,288.843
4096,256,4,256,287.979
4096,256,4,512,290.795
4096,256,4,1024,290.453
4096,256,4,2048,294.475
4096,256,4,4096,299.137
4096,256,4,8192,315.989
4096,256,4,16384,336.375
4096,256,8,16,288.554
4096,256,8,32,288.256
4096,256,8,64,289.045
4096,256,8,128,292.001
4096,256,8,256,291.349
4096,256,8,512,295.222
4096,256,8,1024,295.734
4096,256,8,2048,305.717
4096,256,8,4096,317.205
4096,256,8,8192,342.401
4096,256,8,16384,391.862
4096,256,16,16,291.051
4096,256,16,32,289.739
4096,256,16,64,289.527
4096,256,16,128,292.608
4096,256,16,256,296.341
4096,256,16,512,300.928
4096,256,16,1024,314.571
4096,256,16,2048,331.169
4096,256,16,4096,366.411
4096,256,16,8192,431.819
4096,256,16,16384,566.593
4096,256,32,16,294.752
4096,256,32,32,296.032
4096,256,32,64,295.904
4096,256,32,128,298.944
4096,256,32,256,304.864
4096,256,32,512,317.003
4096,256,32,1024,336.022
4096,256,32,2048,366.304
4096,256,32,4096,434.71
4096,256,32,8192,567.061
4096,256,32,16384,839.328
4096,256,64,16,305.366
4096,256,64,32,306.251
4096,256,64,64,305.76
4096,256,64,128,312.203
4096,256,64,256,320.981
4096,256,64,512,340.928
4096,256,64,1024,375.2
4096,256,64,2048,438.518
4096,256,64,4096,570.891
4096,256,64,8192,837.974
4096,256,64,16384,1379.82
4096,512,0,0,308.693
4096,512,1,16,310.475
4096,512,1,32,309.217
4096,512,1,64,310.849
4096,512,1,128,310.923
4096,512,1,256,310.944
4096,512,1,512,312.043
4096,512,1,1024,311.733
4096,512,1,2048,312.992
4096,512,1,4096,313.249
4096,512,1,8192,317.601
4096,512,1,16384,322.539
4096,512,2,16,310.422
4096,512,2,32,310.827
4096,512,2,64,310.901
4096,512,2,128,311.233
4096,512,2,256,311.413
4096,512,2,512,312.523
4096,512,2,1024,312.32
4096,512,2,2048,315.937
4096,512,2,4096,317.973
4096,512,2,8192,324.128
4096,512,2,16384,338.976
4096,512,4,16,309.088
4096,512,4,32,311.723
4096,512,4,64,311.019
4096,512,4,128,313.932
4096,512,4,256,313.717
4096,512,4,512,313.248
4096,512,4,1024,316.374
4096,512,4,2048,317.216
4096,512,4,4096,325.772
4096,512,4,8192,337.419
4096,512,4,16384,362.198
4096,512,8,16,314.347
4096,512,8,32,314.464
4096,512,8,64,313.195
4096,512,8,128,316.597
4096,512,8,256,315.328
4096,512,8,512,318.39
4096,512,8,1024,320.587
4096,512,8,2048,327.585
4096,512,8,4096,341.28
4096,512,8,8192,364.192
4096,512,8,16384,413.675
4096,512,16,16,313.408
4096,512,16,32,315.712
4096,512,16,64,314.646
4096,512,16,128,318.006
4096,512,16,256,319.211
4096,512,16,512,326.837
4096,512,16,1024,336.224
4096,512,16,2048,355.413
4096,512,16,4096,390.08
4096,512,16,8192,456.961
4096,512,16,16384,588.556
4096,512,32,16,319.456
4096,512,32,32,319.872
4096,512,32,64,321.452
4096,512,32,128,324.875
4096,512,32,256,328.896
4096,512,32,512,341.718
4096,512,32,1024,360.129
4096,512,32,2048,393.216
4096,512,32,4096,459.884
4096,512,32,8192,590.635
4096,512,32,16384,859.137
4096,512,64,16,328.619
4096,512,64,32,329.226
4096,512,64,64,331.552
4096,512,64,128,338.72
4096,512,64,256,346.037
4096,512,64,512,366.752
4096,512,64,1024,399.211
4096,512,64,2048,465.675
4096,512,64,4096,599.425
4096,512,64,8192,867.968
4096,512,64,16384,1403.4
4096,1024,0,0,359.958
4096,1024,1,16,358.113
4096,1024,1,32,357.697
4096,1024,1,64,360.576
4096,1024,1,128,358.689
4096,1024,1,256,359.616
4096,1024,1,512,361.921
4096,1024,1,1024,359.851
4096,1024,1,2048,362.24
4096,1024,1,4096,361.44
4096,1024,1,8192,366.763
4096,1024,1,16384,372.129
4096,1024,2,16,360.096
4096,1024,2,32,357.717
4096,1024,2,64,360.597
4096,1024,2,128,359.36
4096,1024,2,256,359.755
4096,1024,2,512,363.894
4096,1024,2,1024,361.963
4096,1024,2,2048,365.196
4096,1024,2,4096,365.471
4096,1024,2,8192,373.088
4096,1024,2,16384,384.085
4096,1024,4,16,361.141
4096,1024,4,32,358.741
4096,1024,4,64,363.18
4096,1024,4,128,361.664
4096,1024,4,256,361.152
4096,1024,4,512,361.964
4096,1024,4,1024,361.558
4096,1024,4,2048,366.838
4096,1024,4,4096,372.684
4096,1024,4,8192,387.51
4096,1024,4,16384,408.576
4096,1024,8,16,362.422
4096,1024,8,32,359.979
4096,1024,8,64,361.792
4096,1024,8,128,361.366
4096,1024,8,256,364.736
4096,1024,8,512,364.405
4096,1024,8,1024,370.039
4096,1024,8,2048,374.433
4096,1024,8,4096,390.913
4096,1024,8,8192,413.569
4096,1024,8,16384,461.792
4096,1024,16,16,364.779
4096,1024,16,32,363.115
4096,1024,16,64,365.568
4096,1024,16,128,367.531
4096,1024,16,256,369.707
4096,1024,16,512,375.414
4096,1024,16,1024,387.85
4096,1024,16,2048,403.318
4096,1024,16,4096,438.539
4096,1024,16,8192,501.163
4096,1024,16,16384,636.107
4096,1024,32,16,367.329
4096,1024,32,32,370.474
4096,1024,32,64,372.054
4096,1024,32,128,377.035
4096,1024,32,256,376.736
4096,1024,32,512,391.212
4096,1024,32,1024,409.665
4096,1024,32,2048,444.342
4096,1024,32,4096,506.656
4096,1024,32,8192,635.905
4096,1024,32,16384,903.669
4096,1024,64,16,376.832
4096,1024,64,32,376.993
4096,1024,64,64,377.621
4096,1024,64,128,383.947
4096,1024,64,256,393.728
4096,1024,64,512,411.478
4096,1024,64,1024,444.437
4096,1024,64,2048,511.51
4096,1024,64,4096,640.257
4096,1024,64,8192,906.614
4096,1024,64,16384,1446.84
4096,2048,0,0,453.152
4096,2048,1,16,452.246
4096,2048,1,32,451.189
4096,2048,1,64,453.152
4096,2048,1,128,453.633
4096,2048,1,256,453.954
4096,2048,1,512,451.201
4096,2048,1,1024,454.347
4096,2048,1,2048,452.203
4096,2048,1,4096,456.438
4096,2048,1,8192,456.758
4096,2048,1,16384,464.716
4096,2048,2,16,453.237
4096,2048,2,32,451.638
4096,2048,2,64,453.462
4096,2048,2,128,454.112
4096,2048,2,256,453.44
4096,2048,2,512,453.323
4096,2048,2,1024,452.757
4096,2048,2,2048,456.48
4096,2048,2,4096,457.909
4096,2048,2,8192,464.768
4096,2048,2,16384,479.285
4096,2048,4,16,451.638
4096,2048,4,32,452.609
4096,2048,4,64,454.134
4096,2048,4,128,453.665
4096,2048,4,256,456.406
4096,2048,4,512,457.227
4096,2048,4,1024,459.328
4096,2048,4,2048,458.092
4096,2048,4,4096,465.216
4096,2048,4,8192,476.992
4096,2048,4,16384,497.857
4096,2048,8,16,457.216
4096,2048,8,32,454.251
4096,2048,8,64,454.902
4096,2048,8,128,454.421
4096,2048,8,256,456.513
4096,2048,8,512,460.363
4096,2048,8,1024,461.471
4096,2048,8,2048,470.124
4096,2048,8,4096,480.108
4096,2048,8,8192,505.365
4096,2048,8,16384,551.691
4096,2048,16,16,455.756
4096,2048,16,32,459.19
4096,2048,16,64,458.23
4096,2048,16,128,458.977
4096,2048,16,256,462.337
4096,2048,16,512,467.723
4096,2048,16,1024,479.542
4096,2048,16,2048,497.707
4096,2048,16,4096,529.974
4096,2048,16,8192,592.565
4096,2048,16,16384,727.767
4096,2048,32,16,459.99
4096,2048,32,32,462.71
4096,2048,32,64,464.278
4096,2048,32,128,464.683
4096,2048,32,256,471.403
4096,2048,32,512,483.254
4096,2048,32,1024,504.449
4096,2048,32,2048,537.781
4096,2048,32,4096,600.8
4096,2048,32,8192,732.662
4096,2048,32,16384,999.168
4096,2048,64,16,473.771
4096,2048,64,32,470.966
4096,2048,64,64,472.886
4096,2048,64,128,476.694
4096,2048,64,256,487.872
4096,2048,64,512,508.363
4096,2048,64,1024,544.044
4096,2048,64,2048,604.853
4096,2048,64,4096,735.98
4096,2048,64,8192,1005.68
4096,2048,64,16384,1537.83
4096,4096,0,0,641.194
4096,4096,1,16,639.233
4096,4096,1,32,642.815
4096,4096,1,64,643.168
4096,4096,1,128,642.049
4096,4096,1,256,640.502
4096,4096,1,512,642.892
4096,4096,1,1024,642.902
4096,4096,1,2048,643.286
4096,4096,1,4096,646.092
4096,4096,1,8192,645.782
4096,4096,1,16384,655.179
4096,4096,2,16,642.242
4096,4096,2,32,642.549
4096,4096,2,64,642.625
4096,4096,2,128,640.875
4096,4096,2,256,640.715
4096,4096,2,512,642.571
4096,4096,2,1024,644.406
4096,4096,2,2048,640.747
4096,4096,2,4096,647.084
4096,4096,2,8192,653.366
4096,4096,2,16384,666.829
4096,4096,4,16,641.857
4096,4096,4,32,640.93
4096,4096,4,64,641.676
4096,4096,4,128,641.43
4096,4096,4,256,640.791
4096,4096,4,512,641.227
4096,4096,4,1024,644.695
4096,4096,4,2048,647.755
4096,4096,4,4096,655.916
4096,4096,4,8192,666.614
4096,4096,4,16384,686.455
4096,4096,8,16,641.558
4096,4096,8,32,641.783
4096,4096,8,64,643.766
4096,4096,8,128,643.2
4096,4096,8,256,643.978
4096,4096,8,512,643.808
4096,4096,8,1024,648.429
4096,4096,8,2048,656.086
4096,4096,8,4096,669.504
4096,4096,8,8192,689.655
4096,4096,8,16384,739.628
4096,4096,16,16,645.247
4096,4096,16,32,647.285
4096,4096,16,64,642.284
4096,4096,16,128,648.044
4096,4096,16,256,649.429
4096,4096,16,512,656.15
4096,4096,16,1024,668.374
4096,4096,16,2048,683.585
4096,4096,16,4096,719.616
4096,4096,16,8192,779.136
4096,4096,16,16384,915.286
4096,4096,32,16,648.737
4096,4096,32,32,657.708
4096,4096,32,64,651.371
4096,4096,32,128,662.625
4096,4096,32,256,664.875
4096,4096,32,512,675.947
4096,4096,32,1024,693.324
4096,4096,32,2048,732.075
4096,4096,32,4096,784.641
4096,4096,32,8192,913.334
4096,4096,32,16384,1182.23
4096,4096,64,16,658.923
4096,4096,64,32,658.124
4096,4096,64,64,665.889
4096,4096,64,128,671.595
4096,4096,64,256,681.43
4096,4096,64,512,692.886
4096,4096,64,1024,727.691
4096,4096,64,2048,797.537
4096,4096,64,4096,920.278
4096,4096,64,8192,1186.58
4096,4096,64,16384,1724.65
4096,8192,0,0,1015.55
4096,8192,1,16,1011.98
4096,8192,1,32,1016.81
4096,8192,1,64,1018.56
4096,8192,1,128,1017.18
4096,8192,1,256,1028.11
4096,8192,1,512,1029.89
4096,8192,1,1024,1030.11
4096,8192,1,2048,1034.66
4096,8192,1,4096,1031.92
4096,8192,1,8192,1034.83
4096,8192,1,16384,1045.23
4096,8192,2,16,1028.52
4096,8192,2,32,1025.69
4096,8192,2,64,1035.42
4096,8192,2,128,1023.64
4096,8192,2,256,1027.64
4096,8192,2,512,1029.36
4096,8192,2,1024,1038.4
4096,8192,2,2048,1019.49
4096,8192,2,4096,1035.86
4096,8192,2,8192,1042.15
4096,8192,2,16384,1057.16
4096,8192,4,16,1024.66
4096,8192,4,32,1026.42
4096,8192,4,64,1024.86
4096,8192,4,128,1032.15
4096,8192,4,256,1027.2
4096,8192,4,512,1029.35
4096,8192,4,1024,1030.87
4096,8192,4,2048,1035.36
4096,8192,4,4096,1040.4
4096,8192,4,8192,1055.98
4096,8192,4,16384,1077.78
4096,8192,8,16,1015.86
4096,8192,8,32,1028.95
4096,8192,8,64,1035.71
4096,8192,8,128,1027.6
4096,8192,8,256,1026.57
4096,8192,8,512,1031.65
4096,8192,8,1024,1036.84
4096,8192,8,2048,1041.16
4096,8192,8,4096,1049.59
4096,8192,8,8192,1078.04
4096,8192,8,16384,1127.24
4096,8192,16,16,1031.86
4096,8192,16,32,1031.12
4096,8192,16,64,1030.17
4096,8192,16,128,1028.6
4096,8192,16,256,1035.04
4096,8192,16,512,1042.6
4096,8192,16,1024,1054.44
4096,8192,16,2048,1071.91
4096,8192,16,4096,1105.02
4096,8192,16,8192,1164.9
4096,8192,16,16384,1287.85
4096,8192,32,16,1022.25
4096,8192,32,32,1030.32
4096,8192,32,64,1035.17
4096,8192,32,128,1041.16
4096,8192,32,256,1030.22
4096,8192,32,512,1056.64
4096,8192,32,1024,1062.17
4096,8192,32,2048,1107.7
4096,8192,32,4096,1176.3
4096,8192,32,8192,1285.1
4096,8192,32,16384,1561.99
4096,8192,64,16,1031.9
4096,8192,64,32,1045.31
4096,8192,64,64,1042.42
4096,8192,64,128,1047.17
4096,8192,64,256,1057.2
4096,8192,64,512,1079.37
4096,8192,64,1024,1109.44
4096,8192,64,2048,1171.14
4096,8192,64,4096,1307.86
4096,8192,64,8192,1557.78
4096,8192,64,16384,2097.93
4096,16384,0,0,1761.69
4096,16384,1,16,1776.73
4096,16384,1,32,1786.18
4096,16384,1,64,1787.93
4096,16384,1,128,1788.2
4096,16384,1,256,1762.39
4096,16384,1,512,1769.52
4096,16384,1,1024,1786.4
4096,16384,1,2048,1788.82
4096,16384,1,4096,1789.22
4096,16384,1,8192,1801.81
4096,16384,1,16384,1801.44
4096,16384,2,16,1788.73
4096,16384,2,32,1805.25
4096,16384,2,64,1774.02
4096,16384,2,128,1787.73
4096,16384,2,256,1788.98
4096,16384,2,512,1801.73
4096,16384,2,1024,1788.16
4096,16384,2,2048,1788.7
4096,16384,2,4096,1793.58
4096,16384,2,8192,1795.72
4096,16384,2,16384,1818.04
4096,16384,4,16,1788.22
4096,16384,4,32,1788.37
4096,16384,4,64,1789.94
4096,16384,4,128,1788.06
4096,16384,4,256,1789.09
4096,16384,4,512,1789.46
4096,16384,4,1024,1800.88
4096,16384,4,2048,1780.01
4096,16384,4,4096,1810.64
4096,16384,4,8192,1808.79
4096,16384,4,16384,1823.68
4096,16384,8,16,1788.21
4096,16384,8,32,1791.35
4096,16384,8,64,1787.66
4096,16384,8,128,1774.18
4096,16384,8,256,1799.41
4096,16384,8,512,1793.65
4096,16384,8,1024,1778.37
4096,16384,8,2048,1800
4096,16384,8,4096,1812.38
4096,16384,8,8192,1825.4
4096,16384,8,16384,1882.42
4096,16384,16,16,1797.42
4096,16384,16,32,1801.86
4096,16384,16,64,1794.18
4096,16384,16,128,1796.36
4096,16384,16,256,1798.5
4096,16384,16,512,1803.98
4096,16384,16,1024,1814.12
4096,16384,16,2048,1829.3
4096,16384,16,4096,1867.3
4096,16384,16,8192,1927.2
4096,16384,16,16384,2044.67
4096,16384,32,16,1795.94
4096,16384,32,32,1788.47
4096,16384,32,64,1797.45
4096,16384,32,128,1799.03
4096,16384,32,256,1806.47
4096,16384,32,512,1817.11
4096,16384,32,1024,1834.9
4096,16384,32,2048,1865.38
4096,16384,32,4096,1918.81
4096,16384,32,8192,2073.36
4096,16384,32,16384,2311.58
4096,16384,64,16,1797.78
4096,16384,64,32,1817.2
4096,16384,64,64,1794.4
4096,16384,64,128,1814.61
4096,16384,64,256,1822.03
4096,16384,64,512,1842.96
4096,16384,64,1024,1866.04
4096,16384,64,2048,1949.88
4096,16384,64,4096,2045.71
4096,16384,64,8192,2317.39
4096,16384,64,16384,2842.33
8192,0,0,0,873.152
8192,0,1,16,874.998
8192,0,1,32,895.788
8192,0,1,64,889.056
8192,0,1,128,887.19
8192,0,1,256,887.883
8192,0,1,512,884.748
8192,0,1,1024,892.778
8192,0,1,2048,886.541
8192,0,1,4096,889.238
8192,0,1,8192,894.263
8192,0,1,16384,903.905
8192,0,2,16,889.239
8192,0,2,32,883.659
8192,0,2,64,888.779
8192,0,2,128,886.955
8192,0,2,256,887.906
8192,0,2,512,886.133
8192,0,2,1024,886.806
8192,0,2,2048,896.139
8192,0,2,4096,891.704
8192,0,2,8192,898.806
8192,0,2,16384,911.681
8192,0,4,16,886.23
8192,0,4,32,886.582
8192,0,4,64,885.985
8192,0,4,128,882.722
8192,0,4,256,886.646
8192,0,4,512,884.566
8192,0,4,1024,889.92
8192,0,4,2048,894.785
8192,0,4,4096,899.168
8192,0,4,8192,909.621
8192,0,4,16384,931.777
8192,0,8,16,887.766
8192,0,8,32,888.151
8192,0,8,64,888.534
8192,0,8,128,885.645
8192,0,8,256,884.278
8192,0,8,512,889.783
8192,0,8,1024,892.417
8192,0,8,2048,899.829
8192,0,8,4096,909.163
8192,0,8,8192,936.587
8192,0,8,16384,981.057
8192,0,16,16,889.537
8192,0,16,32,890.988
8192,0,16,64,889.879
8192,0,16,128,891.937
8192,0,16,256,895.232
8192,0,16,512,904.321
8192,0,16,1024,912.641
8192,0,16,2048,927.714
8192,0,16,4096,961.229
8192,0,16,8192,1024.18
8192,0,16,16384,1157.68
8192,0,32,16,893.857
8192,0,32,32,895.553
8192,0,32,64,897.559
8192,0,32,128,898.86
8192,0,32,256,896.013
8192,0,32,512,905.654
8192,0,32,1024,924.864
8192,0,32,2048,964.747
8192,0,32,4096,1030.35
8192,0,32,8192,1159.13
8192,0,32,16384,1429.37
8192,0,64,16,901.547
8192,0,64,32,899.606
8192,0,64,64,900.598
8192,0,64,128,911.361
8192,0,64,256,925.003
8192,0,64,512,935.222
8192,0,64,1024,968.652
8192,0,64,2048,1040.2
8192,0,64,4096,1171.8
8192,0,64,8192,1424.79
8192,0,64,16384,1960.57
8192,16,0,0,887.501
8192,16,1,16,885.217
8192,16,1,32,889.442
8192,16,1,64,885.656
8192,16,1,128,890.338
8192,16,1,256,887.99
8192,16,1,512,895.072
8192,16,1,1024,888.767
8192,16,1,2048,888.606
8192,16,1,4096,897.569
8192,16,1,8192,896.405
8192,16,1,16384,905.164
8192,16,2,16,892.916
8192,16,2,32,889.847
8192,16,2,64,890.176
8192,16,2,128,888.355
8192,16,2,256,891.138
8192,16,2,512,886.613
8192,16,2,1024,892.546
8192,16,2,2048,893.239
8192,16,2,4096,898.242
8192,16,2,8192,903.948
8192,16,2,16384,912.257
8192,16,4,16,886.956
8192,16,4,32,886.539
8192,16,4,64,887.587
8192,16,4,128,891.467
8192,16,4,256,886.326
8192,16,4,512,890.315
8192,16,4,1024,890.508
8192,16,4,2048,895.574
8192,16,4,4096,901.152
8192,16,4,8192,913.346
8192,16,4,16384,938.626
8192,16,8,16,890.413
8192,16,8,32,893.151
8192,16,8,64,896.853
8192,16,8,128,889.206
8192,16,8,256,894.304
8192,16,8,512,894.732
8192,16,8,1024,906.955
8192,16,8,2048,906.849
8192,16,8,4096,919.424
8192,16,8,8192,945.623
8192,16,8,16384,980.375
8192,16,16,16,897.579
8192,16,16,32,892.129
8192,16,16,64,895.82
8192,16,16,128,895.191
8192,16,16,256,898.541
8192,16,16,512,903.159
8192,16,16,1024,922.625
8192,16,16,2048,934.786
8192,16,16,4096,962.614
8192,16,16,8192,1030.11
8192,16,16,16384,1162.63
8192,16,32,16,896.886
8192,16,32,32,896.876
8192,16,32,64,898.466
8192,16,32,128,905.29
8192,16,32,256,911.383
8192,16,32,512,915.436
8192,16,32,1024,937.548
8192,16,32,2048,968.448
8192,16,32,4096,1035.2
8192,16,32,8192,1166.31
8192,16,32,16384,1436.86
8192,16,64,16,907.126
8192,16,64,32,903.286
8192,16,64,64,902.913
8192,16,64,128,915.585
8192,16,64,256,914.133
8192,16,64,512,937.782
8192,16,64,1024,974.614
8192,16,64,2048,1035.95
8192,16,64,4096,1169.42
8192,16,64,8192,1434.21
8192,16,64,16384,1964.2
8192,32,0,0,890.892
8192,32,1,16,891.597
8192,32,1,32,894.553
8192,32,1,64,888.246
8192,32,1,128,890.976
8192,32,1,256,896.108
8192,32,1,512,892.436
8192,32,1,1024,894.221
8192,32,1,2048,895.447
8192,32,1,4096,894.059
8192,32,1,8192,900.642
8192,32,1,16384,906.603
8192,32,2,16,893.376
8192,32,2,32,893.239
8192,32,2,64,896.449
8192,32,2,128,895.222
8192,32,2,256,891.915
8192,32,2,512,901.015
8192,32,2,1024,894.22
8192,32,2,2048,896.631
8192,32,2,4096,899.157
8192,32,2,8192,901.023
8192,32,2,16384,918.816
8192,32,4,16,890.135
8192,32,4,32,896.023
8192,32,4,64,890.625
8192,32,4,128,897.761
8192,32,4,256,894.113
8192,32,4,512,898.401
8192,32,4,1024,898.584
8192,32,4,2048,902.988
8192,32,4,4096,907.593
8192,32,4,8192,920.022
8192,32,4,16384,944.109
8192,32,8,16,894.135
8192,32,8,32,896.33
8192,32,8,64,892.982
8192,32,8,128,895.075
8192,32,8,256,897.101
8192,32,8,512,900.481
8192,32,8,1024,905.91
8192,32,8,2048,916.149
8192,32,8,4096,918.956
8192,32,8,8192,945.558
8192,32,8,16384,994.774
8192,32,16,16,895.501
8192,32,16,32,893.622
8192,32,16,64,888.566
8192,32,16,128,897.665
8192,32,16,256,901.035
8192,32,16,512,916.727
8192,32,16,1024,922.508
8192,32,16,2048,936.364
8192,32,16,4096,970.049
8192,32,16,8192,1037.77
8192,32,16,16384,1167.13
8192,32,32,16,901.409
8192,32,32,32,903.052
8192,32,32,64,900.683
8192,32,32,128,905.227
8192,32,32,256,909.591
8192,32,32,512,919.82
8192,32,32,1024,942.445
8192,32,32,2048,970.849
8192,32,32,4096,1036.44
8192,32,32,8192,1170.68
8192,32,32,16384,1437.42
8192,32,64,16,906.7
8192,32,64,32,915.244
8192,32,64,64,908.61
8192,32,64,128,916.417
8192,32,64,256,920.075
8192,32,64,512,944.45
8192,32,64,1024,977.228
8192,32,64,2048,1040.66
8192,32,64,4096,1170.7
8192,32,64,8192,1436.55
8192,32,64,16384,1975.18
8192,64,0,0,896.791
8192,64,1,16,901.389
8192,64,1,32,906.977
8192,64,1,64,901.216
8192,64,1,128,902.498
8192,64,1,256,900.64
8192,64,1,512,901.823
8192,64,1,1024,903.435
8192,64,1,2048,902.605
8192,64,1,4096,904.812
8192,64,1,8192,905.61
8192,64,1,16384,914.518
8192,64,2,16,901.676
8192,64,2,32,896.202
8192,64,2,64,900.481
8192,64,2,128,899.734
8192,64,2,256,898.241
8192,64,2,512,889.835
8192,64,2,1024,907.469
8192,64,2,2048,906.466
8192,64,2,4096,903.329
8192,64,2,8192,913.173
8192,64,2,16384,928.746
8192,64,4,16,903.746
8192,64,4,32,901.088
8192,64,4,64,897.079
8192,64,4,128,904.332
8192,64,4,256,898.71
8192,64,4,512,902.22
8192,64,4,1024,904.171
8192,64,4,2048,905.751
8192,64,4,4096,912.097
8192,64,4,8192,925.782
8192,64,4,16384,949.537
8192,64,8,16,905.27
8192,64,8,32,899.584
8192,64,8,64,902.399
8192,64,8,128,901.742
8192,64,8,256,898.176
8192,64,8,512,902.571
8192,64,8,1024,909.452
8192,64,8,2048,920.981
8192,64,8,4096,925.28
8192,64,8,8192,954.412
8192,64,8,16384,1005.69
8192,64,16,16,901.516
8192,64,16,32,903.819
8192,64,16,64,902.485
8192,64,16,128,906.08
8192,64,16,256,908.726
8192,64,16,512,912.769
8192,64,16,1024,923.053
8192,64,16,2048,942.54
8192,64,16,4096,978.816
8192,64,16,8192,1041.38
8192,64,16,16384,1178.34
8192,64,32,16,907.307
8192,64,32,32,911.19
8192,64,32,64,908.928
8192,64,32,128,913.195
8192,64,32,256,915.213
8192,64,32,512,923.734
8192,64,32,1024,945.559
8192,64,32,2048,980.395
8192,64,32,4096,1042.92
8192,64,32,8192,1182.48
8192,64,32,16384,1444.58
8192,64,64,16,917.302
8192,64,64,32,922.743
8192,64,64,64,919.041
8192,64,64,128,926.445
8192,64,64,256,935.531
8192,64,64,512,957.143
8192,64,64,1024,985.603
8192,64,64,2048,1054.13
8192,64,64,4096,1177.15
8192,64,64,8192,1442.53
8192,64,64,16384,1979.92
8192,128,0,0,909.1
8192,128,1,16,917.419
8192,128,1,32,915.97
8192,128,1,64,911.852
8192,128,1,128,918.476
8192,128,1,256,917.324
8192,128,1,512,914.208
8192,128,1,1024,911.05
8192,128,1,2048,912.853
8192,128,1,4096,918.221
8192,128,1,8192,921.93
8192,128,1,16384,927.733
8192,128,2,16,912.939
8192,128,2,32,911.959
8192,128,2,64,907.382
8192,128,2,128,901.142
8192,128,2,256,916.139
8192,128,2,512,906.08
8192,128,2,1024,913.408
8192,128,2,2048,915.447
8192,128,2,4096,915.424
8192,128,2,8192,924.863
8192,128,2,16384,934.347
8192,128,4,16,918.22
8192,128,4,32,907.936
8192,128,4,64,909.335
8192,128,4,128,913.035
8192,128,4,256,912.245
8192,128,4,512,917.26
8192,128,4,1024,917.9
8192,128,4,2048,918.103
8192,128,4,4096,923.392
8192,128,4,8192,939.627
8192,128,4,16384,961.686
8192,128,8,16,914.902
8192,128,8,32,918.904
8192,128,8,64,910.402
8192,128,8,128,904.95
8192,128,8,256,919.393
8192,128,8,512,916.865
8192,128,8,1024,923.948
8192,128,8,2048,922.615
8192,128,8,4096,939.062
8192,128,8,8192,968.247
8192,128,8,16384,1011.83
8192,128,16,16,916.92
8192,128,16,32,914.125
8192,128,16,64,916.395
8192,128,16,128,917.397
8192,128,16,256,927.243
8192,128,16,512,928.406
8192,128,16,1024,940.29
8192,128,16,2048,956.492
8192,128,16,4096,979.768
8192,128,16,8192,1046.68
8192,128,16,16384,1187.2
8192,128,32,16,920.172
8192,128,32,32,920.298
8192,128,32,64,921.227
8192,128,32,128,923.296
8192,128,32,256,927.916
8192,128,32,512,939.734
8192,128,32,1024,956.236
8192,128,32,2048,989.441
8192,128,32,4096,1049.75
8192,128,32,8192,1184.99
8192,128,32,16384,1455.54
8192,128,64,16,928.865
8192,128,64,32,928.877
8192,128,64,64,930.475
8192,128,64,128,937.015
8192,128,64,256,946.113
8192,128,64,512,962.507
8192,128,64,1024,996.982
8192,128,64,2048,1065.59
8192,128,64,4096,1194.82
8192,128,64,8192,1451.78
8192,128,64,16384,1991.39
8192,256,0,0,936.323
8192,256,1,16,944.011
8192,256,1,32,943.777
8192,256,1,64,934.797
8192,256,1,128,948.47
8192,256,1,256,942.24
8192,256,1,512,945.292
8192,256,1,1024,938.155
8192,256,1,2048,935.253
8192,256,1,4096,944.29
8192,256,1,8192,946.401
8192,256,1,16384,946.955
8192,256,2,16,927.947
8192,256,2,32,933.153
8192,256,2,64,936.981
8192,256,2,128,936.792
8192,256,2,256,938.285
8192,256,2,512,941.196
8192,256,2,1024,935.736
8192,256,2,2048,941.057
8192,256,2,4096,945.43
8192,256,2,8192,956.342
8192,256,2,16384,965.665
8192,256,4,16,935.36
8192,256,4,32,934.048
8192,256,4,64,940.597
8192,256,4,128,938.283
8192,256,4,256,927.542
8192,256,4,512,938.392
8192,256,4,1024,937.451
8192,256,4,2048,941.836
8192,256,4,4096,952.801
8192,256,4,8192,964.034
8192,256,4,16384,990.187
8192,256,8,16,941.635
8192,256,8,32,940.427
8192,256,8,64,935.19
8192,256,8,128,938.475
8192,256,8,256,934.656
8192,256,8,512,934.742
8192,256,8,1024,949.259
8192,256,8,2048,954.989
8192,256,8,4096,962.454
8192,256,8,8192,986.742
8192,256,8,16384,1034.61
8192,256,16,16,940.672
8192,256,16,32,937.379
8192,256,16,64,942.517
8192,256,16,128,941.805
8192,256,16,256,943.67
8192,256,16,512,953.601
8192,256,16,1024,959.638
8192,256,16,2048,979.393
8192,256,16,4096,1010.28
8192,256,16,8192,1074.87
8192,256,16,16384,1210.33
8192,256,32,16,946.86
8192,256,32,32,943.692
8192,256,32,64,942.54
8192,256,32,128,947.105
8192,256,32,256,953.163
8192,256,32,512,959.736
8192,256,32,1024,975.553
8192,256,32,2048,1014.43
8192,256,32,4096,1078.56
8192,256,32,8192,1212.45
8192,256,32,16384,1478
8192,256,64,16,953.046
8192,256,64,32,949.452
8192,256,64,64,952.737
8192,256,64,128,955.563
8192,256,64,256,956.502
8192,256,64,512,984.598
8192,256,64,1024,1022.25
8192,256,64,2048,1088.26
8192,256,64,4096,1214.79
8192,256,64,8192,1476.9
8192,256,64,16384,2015.38
8192,512,0,0,981.549
8192,512,1,16,988.715
8192,512,1,32,986.061
8192,512,1,64,985.846
8192,512,1,128,985.294
8192,512,1,256,988.928
8192,512,1,512,993.919
8192,512,1,1024,985.357
8192,512,1,2048,981.261
8192,512,1,4096,985.421
8192,512,1,8192,980.088
8192,512,1,16384,987.736
8192,512,2,16,981.686
8192,512,2,32,984.886
8192,512,2,64,983.573
8192,512,2,128,977.879
8192,512,2,256,987.862
8192,512,2,512,982.028
8192,512,2,1024,984.758
8192,512,2,2048,987.094
8192,512,2,4096,991.586
8192,512,2,8192,998.454
8192,512,2,16384,1008.46
8192,512,4,16,986.734
8192,512,4,32,986.711
8192,512,4,64,987.831
8192,512,4,128,983.788
8192,512,4,256,982.966
8192,512,4,512,985.282
8192,512,4,1024,982.969
8192,512,4,2048,999.383
8192,512,4,4096,1001.59
8192,512,4,8192,1008.81
8192,512,4,16384,1036.93
8192,512,8,16,983.798
8192,512,8,32,982.189
8192,512,8,64,984.96
8192,512,8,128,986.432
8192,512,8,256,988.387
8192,512,8,512,993.762
8192,512,8,1024,997.599
8192,512,8,2048,999.36
8192,512,8,4096,1012.18
8192,512,8,8192,1035.02
8192,512,8,16384,1089.97
8192,512,16,16,988.001
8192,512,16,32,987.596
8192,512,16,64,994.445
8192,512,16,128,1002.71
8192,512,16,256,999.672
8192,512,16,512,995.116
8192,512,16,1024,1011.52
8192,512,16,2048,1026.57
8192,512,16,4096,1060.34
8192,512,16,8192,1120.75
8192,512,16,16384,1258.13
8192,512,32,16,994.369
8192,512,32,32,991.019
8192,512,32,64,992.308
8192,512,32,128,995.126
8192,512,32,256,1001.79
8192,512,32,512,1013.23
8192,512,32,1024,1030.55
8192,512,32,2048,1060.25
8192,512,32,4096,1127.69
8192,512,32,8192,1260.45
8192,512,32,16384,1527.37
8192,512,64,16,1009.46
8192,512,64,32,1000.81
8192,512,64,64,996.46
8192,512,64,128,1003.37
8192,512,64,256,1021.57
8192,512,64,512,1037.09
8192,512,64,1024,1071.02
8192,512,64,2048,1137
8192,512,64,4096,1263.61
8192,512,64,8192,1528.32
8192,512,64,16384,2068.14
8192,1024,0,0,1080.02
8192,1024,1,16,1081.64
8192,1024,1,32,1079.92
8192,1024,1,64,1086.85
8192,1024,1,128,1081.67
8192,1024,1,256,1078.35
8192,1024,1,512,1072.99
8192,1024,1,1024,1061.31
8192,1024,1,2048,1077.68
8192,1024,1,4096,1078.58
8192,1024,1,8192,1085.56
8192,1024,1,16384,1093.33
8192,1024,2,16,1080.83
8192,1024,2,32,1070.51
8192,1024,2,64,1076.16
8192,1024,2,128,1082.16
8192,1024,2,256,1078.78
8192,1024,2,512,1074.56
8192,1024,2,1024,1080.36
8192,1024,2,2048,1080.5
8192,1024,2,4096,1086.75
8192,1024,2,8192,1093.36
8192,1024,2,16384,1104.19
8192,1024,4,16,1080.16
8192,1024,4,32,1073.82
8192,1024,4,64,1086.93
8192,1024,4,128,1076.79
8192,1024,4,256,1081.47
8192,1024,4,512,1081.54
8192,1024,4,1024,1080.43
8192,1024,4,2048,1088.66
8192,1024,4,4096,1096.48
8192,1024,4,8192,1105.77
8192,1024,4,16384,1130.28
8192,1024,8,16,1075.15
8192,1024,8,32,1082.52
8192,1024,8,64,1080.84
8192,1024,8,128,1082.51
8192,1024,8,256,1071.97
8192,1024,8,512,1087.43
8192,1024,8,1024,1091.58
8192,1024,8,2048,1097.5
8192,1024,8,4096,1104.84
8192,1024,8,8192,1132.33
8192,1024,8,16384,1171.87
8192,1024,16,16,1080.96
8192,1024,16,32,1082.84
8192,1024,16,64,1086.26
8192,1024,16,128,1085.84
8192,1024,16,256,1087.76
8192,1024,16,512,1094.27
8192,1024,16,1024,1110.95
8192,1024,16,2048,1114.81
8192,1024,16,4096,1160.35
8192,1024,16,8192,1224.98
8192,1024,16,16384,1349.28
8192,1024,32,16,1089.06
8192,1024,32,32,1087.06
8192,1024,32,64,1092.75
8192,1024,32,128,1092.34
8192,1024,32,256,1097.13
8192,1024,32,512,1108.97
8192,1024,32,1024,1126.06
8192,1024,32,2048,1155.54
8192,1024,32,4096,1221.47
8192,1024,32,8192,1357.23
8192,1024,32,16384,1620.74
8192,1024,64,16,1099.22
8192,1024,64,32,1103.19
8192,1024,64,64,1100.19
8192,1024,64,128,1104.68
8192,1024,64,256,1112.95
8192,1024,64,512,1131.55
8192,1024,64,1024,1163.55
8192,1024,64,2048,1223.04
8192,1024,64,4096,1352.81
8192,1024,64,8192,1620.66
8192,1024,64,16384,2156.82
8192,2048,0,0,1247.58
8192,2048,1,16,1269.52
8192,2048,1,32,1267.7
8192,2048,1,64,1256.42
8192,2048,1,128,1240.49
8192,2048,1,256,1261.18
8192,2048,1,512,1255.72
8192,2048,1,1024,1262.92
8192,2048,1,2048,1263.2
8192,2048,1,4096,1260.2
8192,2048,1,8192,1275.45
8192,2048,1,16384,1279.87
8192,2048,2,16,1255.47
8192,2048,2,32,1261.27
8192,2048,2,64,1260.94
8192,2048,2,128,1262.47
8192,2048,2,256,1255.72
8192,2048,2,512,1263.7
8192,2048,2,1024,1262
8192,2048,2,2048,1264.04
8192,2048,2,4096,1266.52
8192,2048,2,8192,1274.32
8192,2048,2,16384,1286.78
8192,2048,4,16,1260.58
8192,2048,4,32,1254.92
8192,2048,4,64,1262.39
8192,2048,4,128,1258.37
8192,2048,4,256,1264.32
8192,2048,4,512,1264.77
8192,2048,4,1024,1266.9
8192,2048,4,2048,1267.02
8192,2048,4,4096,1268.66
8192,2048,4,8192,1289.99
8192,2048,4,16384,1312.4
8192,2048,8,16,1261.38
8192,2048,8,32,1257.71
8192,2048,8,64,1257.92
8192,2048,8,128,1263.57
8192,2048,8,256,1263.47
8192,2048,8,512,1267.12
8192,2048,8,1024,1269.31
8192,2048,8,2048,1279.69
8192,2048,8,4096,1287.16
8192,2048,8,8192,1313.19
8192,2048,8,16384,1366.31
8192,2048,16,16,1264.37
8192,2048,16,32,1268.18
8192,2048,16,64,1266.72
8192,2048,16,128,1281.42
8192,2048,16,256,1270.72
8192,2048,16,512,1275.43
8192,2048,16,1024,1303.36
8192,2048,16,2048,1304.66
8192,2048,16,4096,1339.62
8192,2048,16,8192,1402.5
8192,2048,16,16384,1527.84
8192,2048,32,16,1270
8192,2048,32,32,1258.58
8192,2048,32,64,1264.99
8192,2048,32,128,1274.93
8192,2048,32,256,1278.03
8192,2048,32,512,1285.58
8192,2048,32,1024,1303.26
8192,2048,32,2048,1340.51
8192,2048,32,4096,1397.14
8192,2048,32,8192,1526.83
8192,2048,32,16384,1795.51
8192,2048,64,16,1278.43
8192,2048,64,32,1276.69
8192,2048,64,64,1277.98
8192,2048,64,128,1294.5
8192,2048,64,256,1289.33
8192,2048,64,512,1313.88
8192,2048,64,1024,1346.97
8192,2048,64,2048,1403.3
8192,2048,64,4096,1545.47
8192,2048,64,8192,1798.83
8192,2048,64,16384,2342.09
8192,4096,0,0,1632.37
8192,4096,1,16,1636.7
8192,4096,1,32,1656.09
8192,4096,1,64,1633.04
8192,4096,1,128,1631.83
8192,4096,1,256,1631.65
8192,4096,1,512,1642.33
8192,4096,1,1024,1633.57
8192,4096,1,2048,1640.79
8192,4096,1,4096,1639.25
8192,4096,1,8192,1649.69
8192,4096,1,16384,1653.08
8192,4096,2,16,1631.85
8192,4096,2,32,1640.57
8192,4096,2,64,1634.8
8192,4096,2,128,1643.56
8192,4096,2,256,1637.25
8192,4096,2,512,1634.62
8192,4096,2,1024,1631.01
8192,4096,2,2048,1636.32
8192,4096,2,4096,1643.94
8192,4096,2,8192,1654.33
8192,4096,2,16384,1662.68
8192,4096,4,16,1632.2
8192,4096,4,32,1629.45
8192,4096,4,64,1636.01
8192,4096,4,128,1631.26
8192,4096,4,256,1594.15
8192,4096,4,512,1636.76
8192,4096,4,1024,1625.19
8192,4096,4,2048,1641.5
8192,4096,4,4096,1649.6
8192,4096,4,8192,1662.6
8192,4096,4,16384,1687.87
8192,4096,8,16,1630.13
8192,4096,8,32,1632.84
8192,4096,8,64,1640.19
8192,4096,8,128,1632.14
8192,4096,8,256,1637.08
8192,4096,8,512,1633.17
8192,4096,8,1024,1642.81
8192,4096,8,2048,1648.74
8192,4096,8,4096,1662.1
8192,4096,8,8192,1687.01
8192,4096,8,16384,1727.07
8192,4096,16,16,1643.56
8192,4096,16,32,1640.07
8192,4096,16,64,1642.08
8192,4096,16,128,1647.23
8192,4096,16,256,1664.91
8192,4096,16,512,1663.37
8192,4096,16,1024,1663.56
8192,4096,16,2048,1677.86
8192,4096,16,4096,1711.3
8192,4096,16,8192,1774.66
8192,4096,16,16384,1911.38
8192,4096,32,16,1644.89
8192,4096,32,32,1646.57
8192,4096,32,64,1649.01
8192,4096,32,128,1649.83
8192,4096,32,256,1657
8192,4096,32,512,1674.82
8192,4096,32,1024,1681.63
8192,4096,32,2048,1718.15
8192,4096,32,4096,1780.03
8192,4096,32,8192,1914.68
8192,4096,32,16384,2170.26
8192,4096,64,16,1660.65
8192,4096,64,32,1657.06
8192,4096,64,64,1648.8
8192,4096,64,128,1654.52
8192,4096,64,256,1667.32
8192,4096,64,512,1685.89
8192,4096,64,1024,1726.52
8192,4096,64,2048,1787.1
8192,4096,64,4096,1902.58
8192,4096,64,8192,2173.59
8192,4096,64,16384,2717.42
8192,8192,0,0,2374.3
8192,8192,1,16,2381.1
8192,8192,1,32,2388.32
8192,8192,1,64,2374.96
8192,8192,1,128,2372.74
8192,8192,1,256,2378.82
8192,8192,1,512,2378.94
8192,8192,1,1024,2369.79
8192,8192,1,2048,2377.2
8192,8192,1,4096,2373.46
8192,8192,1,8192,2389.05
8192,8192,1,16384,2423.28
8192,8192,2,16,2386.57
8192,8192,2,32,2394.18
8192,8192,2,64,2380.55
8192,8192,2,128,2385.43
8192,8192,2,256,2387.92
8192,8192,2,512,2369.37
8192,8192,2,1024,2376.83
8192,8192,2,2048,2375.8
8192,8192,2,4096,2386.67
8192,8192,2,8192,2381.28
8192,8192,2,16384,2416.36
8192,8192,4,16,2376.62
8192,8192,4,32,2335.14
8192,8192,4,64,2386.64
8192,8192,4,128,2370.35
8192,8192,4,256,2376.48
8192,8192,4,512,2369.61
8192,8192,4,1024,2391.8
8192,8192,4,2048,2386.87
8192,8192,4,4096,2386.17
8192,8192,4,8192,2419.84
8192,8192,4,16384,2427.1
8192,8192,8,16,2374.55
8192,8192,8,32,2376.71
8192,8192,8,64,2387.11
8192,8192,8,128,2391.89
8192,8192,8,256,2375.17
8192,8192,8,512,2408.66
8192,8192,8,1024,2393.08
8192,8192,8,2048,2387.14
8192,8192,8,4096,2409.8
8192,8192,8,8192,2428.4
8192,8192,8,16384,2480.83
8192,8192,16,16,2392.21
8192,8192,16,32,2385.97
8192,8192,16,64,2399.48
8192,8192,16,128,2411.01
8192,8192,16,256,2371.43
8192,8192,16,512,2417.68
8192,8192,16,1024,2392.99
8192,8192,16,2048,2453.06
8192,8192,16,4096,2460.49
8192,8192,16,8192,2499.89
8192,8192,16,16384,2657.54
8192,8192,32,16,2390.55
8192,8192,32,32,2416.55
8192,8192,32,64,2402.26
8192,8192,32,128,2410.09
8192,8192,32,256,2412.69
8192,8192,32,512,2405.12
8192,8192,32,1024,2424.79
8192,8192,32,2048,2456.98
8192,8192,32,4096,2525.19
8192,8192,32,8192,2652.75
8192,8192,32,16384,2905.39
8192,8192,64,16,2395.3
8192,8192,64,32,2390.07
8192,8192,64,64,2386.74
8192,8192,64,128,2384.03
8192,8192,64,256,2401.56
8192,8192,64,512,2437.06
8192,8192,64,1024,2449.88
8192,8192,64,2048,2532.69
8192,8192,64,4096,2651.79
8192,8192,64,8192,2911.96
8192,8192,64,16384,3436.56
8192,16384,0,0,3791.91
8192,16384,1,16,3871.17
8192,16384,1,32,3855.9
8192,16384,1,64,3890.37
8192,16384,1,128,3870.82
8192,16384,1,256,3872.23
8192,16384,1,512,3870.62
8192,16384,1,1024,3875.95
8192,16384,1,2048,3883.65
8192,16384,1,4096,3880.4
8192,16384,1,8192,3892.4
8192,16384,1,16384,3896.67
8192,16384,2,16,3882.81
8192,16384,2,32,3891.12
8192,16384,2,64,3871.32
8192,16384,2,128,3861.59
8192,16384,2,256,3883.74
8192,16384,2,512,3881.89
8192,16384,2,1024,3867.9
8192,16384,2,2048,3844.22
8192,16384,2,4096,3791.84
8192,16384,2,8192,3780.81
8192,16384,2,16384,3919.92
8192,16384,4,16,3870.45
8192,16384,4,32,3833.17
8192,16384,4,64,3885.68
8192,16384,4,128,3868.97
8192,16384,4,256,3834.25
8192,16384,4,512,3885.82
8192,16384,4,1024,3885.93
8192,16384,4,2048,3875.78
8192,16384,4,4096,3887.62
8192,16384,4,8192,3937.39
8192,16384,4,16384,3938.45
8192,16384,8,16,3843.07
8192,16384,8,32,3845.04
8192,16384,8,64,3892.19
8192,16384,8,128,3842.03
8192,16384,8,256,3850.86
8192,16384,8,512,3889.43
8192,16384,8,1024,3902.74
8192,16384,8,2048,3882.49
8192,16384,8,4096,3876.81
8192,16384,8,8192,3904.62
8192,16384,8,16384,3987.06
8192,16384,16,16,3853.54
8192,16384,16,32,3850.86
8192,16384,16,64,3893.06
8192,16384,16,128,3889.52
8192,16384,16,256,3901.79
8192,16384,16,512,3887.48
8192,16384,16,1024,3900.08
8192,16384,16,2048,3930.42
8192,16384,16,4096,3962.85
8192,16384,16,8192,4027.67
8192,16384,16,16384,4166.85
8192,16384,32,16,3891.95
8192,16384,32,32,3922.52
8192,16384,32,64,3891.61
8192,16384,32,128,3935.49
8192,16384,32,256,3938.9
8192,16384,32,512,3932.41
8192,16384,32,1024,3929.92
8192,16384,32,2048,3985.34
8192,16384,32,4096,4002.39
8192,16384,32,8192,4142.14
8192,16384,32,16384,4398.16
8192,16384,64,16,3883.8
8192,16384,64,32,3886.94
8192,16384,64,64,3872.47
8192,16384,64,128,3870.81
8192,16384,64,256,3904.14
8192,16384,64,512,3909.21
8192,16384,64,1024,3934.43
8192,16384,64,2048,3997.31
8192,16384,64,4096,4150.81
8192,16384,64,8192,4386.29
8192,16384,64,16384,4926.4
