pc,n_label,skew_rate_label,kv_big_label,kp_label,alpha,n_samples
0,n<=128,sr<=15%,kvB<=16k,kp=0,-0.0004,4
0,n<=128,sr<=15%,kvB<=1k,kp=0,0.1028,4
0,n<=128,sr<=15%,kvB<=4k,kp=0,-0.0006,4
0,n<=128,sr<=40%,kvB<=16k,kp=0,-0.0007,2
0,n<=128,sr<=40%,kvB<=1k,kp=0,0.1481,2
0,n<=128,sr<=40%,kvB<=4k,kp=0,-0.0116,2
0,n<=128,sr<=5%,kvB<=16k,kp=0,0.0066,8
0,n<=128,sr<=5%,kvB<=1k,kp=0,0.0632,8
0,n<=128,sr<=5%,kvB<=4k,kp=0,0.0156,8
0,n<=128,sr<=70%,kvB<=16k,kp=0,-0.0003,2
0,n<=128,sr<=70%,kvB<=1k,kp=0,0.0902,2
0,n<=128,sr<=70%,kvB<=4k,kp=0,-0.0129,2
0,n<=128,sr>70%,kvB<=16k,kp=0,-0.0094,4
0,n<=128,sr>70%,kvB<=1k,kp=0,0.3378,4
0,n<=128,sr>70%,kvB<=4k,kp=0,0.0046,4
0,n<=16,sr<=15%,kvB<=16k,kp=0,0.1139,4
0,n<=16,sr<=15%,kvB<=1k,kp=0,0.6554,4
0,n<=16,sr<=15%,kvB<=4k,kp=0,0.217,4
0,n<=16,sr<=40%,kvB<=16k,kp=0,0.0593,4
0,n<=16,sr<=40%,kvB<=1k,kp=0,0.629,4
0,n<=16,sr<=40%,kvB<=4k,kp=0,0.1289,4
0,n<=16,sr<=70%,kvB<=16k,kp=0,0.0398,2
0,n<=16,sr<=70%,kvB<=1k,kp=0,0.7679,2
0,n<=16,sr<=70%,kvB<=4k,kp=0,0.1612,2
0,n<=16,sr>70%,kvB<=16k,kp=0,0.0461,4
0,n<=16,sr>70%,kvB<=1k,kp=0,0.7051,4
0,n<=16,sr>70%,kvB<=4k,kp=0,0.2898,4
0,n<=2,sr<=70%,kvB<=16k,kp=0,0.0414,2
0,n<=2,sr<=70%,kvB<=1k,kp=0,0.9408,2
0,n<=2,sr<=70%,kvB<=4k,kp=0,0.0641,2
0,n<=32,sr<=15%,kvB<=16k,kp=0,0.015,6
0,n<=32,sr<=15%,kvB<=1k,kp=0,0.3107,6
0,n<=32,sr<=15%,kvB<=4k,kp=0,0.0416,6
0,n<=32,sr<=40%,kvB<=16k,kp=0,0.017,2
0,n<=32,sr<=40%,kvB<=1k,kp=0,0.2557,2
0,n<=32,sr<=40%,kvB<=4k,kp=0,0.0342,2
0,n<=32,sr<=5%,kvB<=16k,kp=0,0.0666,2
0,n<=32,sr<=5%,kvB<=1k,kp=0,0.182,2
0,n<=32,sr<=5%,kvB<=4k,kp=0,0.0816,2
0,n<=32,sr<=70%,kvB<=16k,kp=0,-0.0081,2
0,n<=32,sr<=70%,kvB<=1k,kp=0,0.1561,2
0,n<=32,sr<=70%,kvB<=4k,kp=0,-0.0165,2
0,n<=32,sr>70%,kvB<=16k,kp=0,0.0464,4
0,n<=32,sr>70%,kvB<=1k,kp=0,0.4605,4
0,n<=32,sr>70%,kvB<=4k,kp=0,0.1048,4
0,n<=4,sr<=40%,kvB<=16k,kp=0,0.2092,2
0,n<=4,sr<=40%,kvB<=1k,kp=0,0.5182,4
0,n<=4,sr<=40%,kvB<=4k,kp=0,0.2524,3
0,n<=4,sr<=70%,kvB<=16k,kp=0,0.0159,2
0,n<=4,sr<=70%,kvB<=1k,kp=0,0.4849,2
0,n<=4,sr<=70%,kvB<=4k,kp=0,0.0778,2
0,n<=4,sr>70%,kvB<=16k,kp=0,0.7436,2
0,n<=4,sr>70%,kvB<=1k,kp=0,1.5903,2
0,n<=4,sr>70%,kvB<=4k,kp=0,1.3738,2
0,n<=64,sr<=15%,kvB<=16k,kp=0,0.0038,4
0,n<=64,sr<=15%,kvB<=1k,kp=0,0.1555,4
0,n<=64,sr<=15%,kvB<=4k,kp=0,0.0022,4
0,n<=64,sr<=40%,kvB<=16k,kp=0,-0.0045,2
0,n<=64,sr<=40%,kvB<=1k,kp=0,0.1517,2
0,n<=64,sr<=40%,kvB<=4k,kp=0,-0.0185,2
0,n<=64,sr<=5%,kvB<=16k,kp=0,0.0237,6
0,n<=64,sr<=5%,kvB<=1k,kp=0,0.1015,6
0,n<=64,sr<=5%,kvB<=4k,kp=0,0.0257,6
0,n<=64,sr<=70%,kvB<=16k,kp=0,-0.0036,2
0,n<=64,sr<=70%,kvB<=1k,kp=0,0.0913,2
0,n<=64,sr<=70%,kvB<=4k,kp=0,-0.0301,2
0,n<=64,sr>70%,kvB<=16k,kp=0,-0.0241,4
0,n<=64,sr>70%,kvB<=1k,kp=0,0.3503,4
0,n<=64,sr>70%,kvB<=4k,kp=0,0.0118,4
0,n<=8,sr<=15%,kvB<=16k,kp=0,0.1123,2
0,n<=8,sr<=15%,kvB<=1k,kp=0,0.7266,2
0,n<=8,sr<=15%,kvB<=4k,kp=0,0.2562,2
0,n<=8,sr<=40%,kvB<=16k,kp=0,0.2384,4
0,n<=8,sr<=40%,kvB<=1k,kp=0,0.3574,4
0,n<=8,sr<=40%,kvB<=4k,kp=0,0.2599,4
0,n<=8,sr<=70%,kvB<=16k,kp=0,0.0181,2
0,n<=8,sr<=70%,kvB<=1k,kp=0,0.346,2
0,n<=8,sr<=70%,kvB<=4k,kp=0,0.0045,2
0,n<=8,sr>70%,kvB<=16k,kp=0,1.162,4
0,n<=8,sr>70%,kvB<=1k,kp=0,1.1533,4
0,n<=8,sr>70%,kvB<=4k,kp=0,1.4568,4
16,n<=16,sr<=15%,kvB<=16k,kp<=1k,0.1132,4
16,n<=16,sr<=15%,kvB<=16k,kp<=2k,0.0768,4
16,n<=16,sr<=15%,kvB<=16k,kp<=4k,-0.0604,4
16,n<=16,sr<=15%,kvB<=16k,kp<=512,0.1154,4
16,n<=16,sr<=15%,kvB<=16k,kp<=8k,-0.0836,4
16,n<=16,sr<=15%,kvB<=16k,kp=0,0.115,4
16,n<=16,sr<=15%,kvB<=1k,kp<=1k,0.0969,4
16,n<=16,sr<=15%,kvB<=1k,kp<=2k,0.0195,4
16,n<=16,sr<=15%,kvB<=1k,kp<=4k,0.0074,4
16,n<=16,sr<=15%,kvB<=1k,kp<=512,0.0564,4
16,n<=16,sr<=15%,kvB<=1k,kp<=8k,0.0321,4
16,n<=16,sr<=15%,kvB<=1k,kp=0,0.605,4
16,n<=16,sr<=15%,kvB<=4k,kp<=1k,-0.0485,4
16,n<=16,sr<=15%,kvB<=4k,kp<=2k,-0.0497,4
16,n<=16,sr<=15%,kvB<=4k,kp<=4k,-0.0431,4
16,n<=16,sr<=15%,kvB<=4k,kp<=512,0.1295,4
16,n<=16,sr<=15%,kvB<=4k,kp<=8k,-0.0447,4
16,n<=16,sr<=15%,kvB<=4k,kp=0,0.219,4
16,n<=16,sr<=40%,kvB<=16k,kp<=1k,0.0515,4
16,n<=16,sr<=40%,kvB<=16k,kp<=2k,0.0303,4
16,n<=16,sr<=40%,kvB<=16k,kp<=4k,-0.0426,4
16,n<=16,sr<=40%,kvB<=16k,kp<=512,0.0499,4
16,n<=16,sr<=40%,kvB<=16k,kp<=8k,-0.1833,4
16,n<=16,sr<=40%,kvB<=16k,kp=0,0.0509,4
16,n<=16,sr<=40%,kvB<=1k,kp<=1k,-0.0921,4
16,n<=16,sr<=40%,kvB<=1k,kp<=2k,-0.0715,4
16,n<=16,sr<=40%,kvB<=1k,kp<=4k,-0.1095,4
16,n<=16,sr<=40%,kvB<=1k,kp<=512,-0.0598,4
16,n<=16,sr<=40%,kvB<=1k,kp<=8k,-0.032,4
16,n<=16,sr<=40%,kvB<=1k,kp=0,0.5963,4
16,n<=16,sr<=40%,kvB<=4k,kp<=1k,-0.1036,4
16,n<=16,sr<=40%,kvB<=4k,kp<=2k,-0.2131,4
16,n<=16,sr<=40%,kvB<=4k,kp<=4k,-0.1377,4
16,n<=16,sr<=40%,kvB<=4k,kp<=512,0.0606,4
16,n<=16,sr<=40%,kvB<=4k,kp<=8k,-0.1057,4
16,n<=16,sr<=40%,kvB<=4k,kp=0,0.1316,4
16,n<=16,sr<=70%,kvB<=16k,kp<=1k,0.0275,2
16,n<=16,sr<=70%,kvB<=16k,kp<=2k,0.0188,2
16,n<=16,sr<=70%,kvB<=16k,kp<=4k,0.0023,2
16,n<=16,sr<=70%,kvB<=16k,kp<=512,0.0517,2
16,n<=16,sr<=70%,kvB<=16k,kp<=8k,-0.2097,2
16,n<=16,sr<=70%,kvB<=16k,kp=0,0.041,2
16,n<=16,sr<=70%,kvB<=1k,kp<=1k,-0.2441,2
16,n<=16,sr<=70%,kvB<=1k,kp<=2k,-0.2616,2
16,n<=16,sr<=70%,kvB<=1k,kp<=4k,-0.4339,2
16,n<=16,sr<=70%,kvB<=1k,kp<=512,-0.3415,2
16,n<=16,sr<=70%,kvB<=1k,kp<=8k,-0.2554,2
16,n<=16,sr<=70%,kvB<=1k,kp=0,0.7264,2
16,n<=16,sr<=70%,kvB<=4k,kp<=1k,0.084,2
16,n<=16,sr<=70%,kvB<=4k,kp<=2k,-0.2864,2
16,n<=16,sr<=70%,kvB<=4k,kp<=4k,-0.2015,2
16,n<=16,sr<=70%,kvB<=4k,kp<=512,0.1266,2
16,n<=16,sr<=70%,kvB<=4k,kp<=8k,-0.2425,2
16,n<=16,sr<=70%,kvB<=4k,kp=0,0.1498,2
16,n<=16,sr>70%,kvB<=16k,kp<=1k,0.0591,4
16,n<=16,sr>70%,kvB<=16k,kp<=2k,0.0519,4
16,n<=16,sr>70%,kvB<=16k,kp<=4k,0.017,4
16,n<=16,sr>70%,kvB<=16k,kp<=512,0.0377,4
16,n<=16,sr>70%,kvB<=16k,kp<=8k,-0.4688,4
16,n<=16,sr>70%,kvB<=16k,kp=0,0.0186,4
16,n<=16,sr>70%,kvB<=1k,kp<=1k,-1.6648,4
16,n<=16,sr>70%,kvB<=1k,kp<=2k,-1.2098,4
16,n<=16,sr>70%,kvB<=1k,kp<=4k,-0.0429,4
16,n<=16,sr>70%,kvB<=1k,kp<=512,-1.6634,4
16,n<=16,sr>70%,kvB<=1k,kp<=8k,0.4989,4
16,n<=16,sr>70%,kvB<=1k,kp=0,0.5821,4
16,n<=16,sr>70%,kvB<=4k,kp<=1k,0.1461,4
16,n<=16,sr>70%,kvB<=4k,kp<=2k,-1.1942,4
16,n<=16,sr>70%,kvB<=4k,kp<=4k,-0.6478,4
16,n<=16,sr>70%,kvB<=4k,kp<=512,0.2521,4
16,n<=16,sr>70%,kvB<=4k,kp<=8k,-0.9684,4
16,n<=16,sr>70%,kvB<=4k,kp=0,0.2505,4
16,n<=2,sr<=70%,kvB<=16k,kp<=1k,-0.024,2
16,n<=2,sr<=70%,kvB<=16k,kp<=2k,0.008,2
16,n<=2,sr<=70%,kvB<=16k,kp<=4k,-4.6171,1
16,n<=2,sr<=70%,kvB<=16k,kp<=512,0.0355,2
16,n<=2,sr<=70%,kvB<=16k,kp=0,-0.0167,2
16,n<=2,sr<=70%,kvB<=1k,kp<=1k,-0.0543,2
16,n<=2,sr<=70%,kvB<=1k,kp<=2k,0.0293,2
16,n<=2,sr<=70%,kvB<=1k,kp<=4k,1.2621,2
16,n<=2,sr<=70%,kvB<=1k,kp<=512,0.3999,2
16,n<=2,sr<=70%,kvB<=1k,kp<=8k,-0.1976,2
16,n<=2,sr<=70%,kvB<=1k,kp=0,0.8774,2
16,n<=2,sr<=70%,kvB<=4k,kp<=1k,-0.0095,2
16,n<=2,sr<=70%,kvB<=4k,kp<=2k,-0.1496,2
16,n<=2,sr<=70%,kvB<=4k,kp<=4k,-0.4758,2
16,n<=2,sr<=70%,kvB<=4k,kp<=512,-0.0149,2
16,n<=2,sr<=70%,kvB<=4k,kp<=8k,0.2441,2
16,n<=2,sr<=70%,kvB<=4k,kp=0,0.1926,2
16,n<=32,sr<=15%,kvB<=16k,kp<=1k,0.0148,6
16,n<=32,sr<=15%,kvB<=16k,kp<=2k,0.0136,6
16,n<=32,sr<=15%,kvB<=16k,kp<=4k,0.0178,6
16,n<=32,sr<=15%,kvB<=16k,kp<=512,0.0156,6
16,n<=32,sr<=15%,kvB<=16k,kp<=8k,0.0128,6
16,n<=32,sr<=15%,kvB<=16k,kp=0,0.0154,6
16,n<=32,sr<=15%,kvB<=1k,kp<=1k,0.0321,6
16,n<=32,sr<=15%,kvB<=1k,kp<=2k,0.0573,6
16,n<=32,sr<=15%,kvB<=1k,kp<=4k,0.0017,6
16,n<=32,sr<=15%,kvB<=1k,kp<=512,0.2218,6
16,n<=32,sr<=15%,kvB<=1k,kp<=8k,0.0084,6
16,n<=32,sr<=15%,kvB<=1k,kp=0,0.289,6
16,n<=32,sr<=15%,kvB<=4k,kp<=1k,0.052,6
16,n<=32,sr<=15%,kvB<=4k,kp<=2k,0.033,6
16,n<=32,sr<=15%,kvB<=4k,kp<=4k,-0.0955,6
16,n<=32,sr<=15%,kvB<=4k,kp<=512,0.0396,6
16,n<=32,sr<=15%,kvB<=4k,kp<=8k,-0.0634,6
16,n<=32,sr<=15%,kvB<=4k,kp=0,0.0384,6
16,n<=32,sr<=40%,kvB<=16k,kp<=1k,0.0121,2
16,n<=32,sr<=40%,kvB<=16k,kp<=2k,0.0132,2
16,n<=32,sr<=40%,kvB<=16k,kp<=4k,0.0084,2
16,n<=32,sr<=40%,kvB<=16k,kp<=512,0.0145,2
16,n<=32,sr<=40%,kvB<=16k,kp<=8k,0.0748,2
16,n<=32,sr<=40%,kvB<=16k,kp=0,0.0221,2
16,n<=32,sr<=40%,kvB<=1k,kp<=1k,0.1558,2
16,n<=32,sr<=40%,kvB<=1k,kp<=2k,-0.1244,2
16,n<=32,sr<=40%,kvB<=1k,kp<=4k,-0.0539,2
16,n<=32,sr<=40%,kvB<=1k,kp<=512,0.173,2
16,n<=32,sr<=40%,kvB<=1k,kp<=8k,-0.0497,2
16,n<=32,sr<=40%,kvB<=1k,kp=0,0.2655,2
16,n<=32,sr<=40%,kvB<=4k,kp<=1k,-0.0116,2
16,n<=32,sr<=40%,kvB<=4k,kp<=2k,0.043,2
16,n<=32,sr<=40%,kvB<=4k,kp<=4k,0.0091,2
16,n<=32,sr<=40%,kvB<=4k,kp<=512,-0.0273,2
16,n<=32,sr<=40%,kvB<=4k,kp<=8k,-0.0426,2
16,n<=32,sr<=40%,kvB<=4k,kp=0,-0.0293,2
16,n<=32,sr<=5%,kvB<=16k,kp<=1k,0.0629,2
16,n<=32,sr<=5%,kvB<=16k,kp<=2k,0.0611,2
16,n<=32,sr<=5%,kvB<=16k,kp<=4k,0.0588,2
16,n<=32,sr<=5%,kvB<=16k,kp<=512,0.0641,2
16,n<=32,sr<=5%,kvB<=16k,kp<=8k,0.0493,2
16,n<=32,sr<=5%,kvB<=16k,kp=0,0.0649,2
16,n<=32,sr<=5%,kvB<=1k,kp<=1k,-0.0053,2
16,n<=32,sr<=5%,kvB<=1k,kp<=2k,-0.0157,2
16,n<=32,sr<=5%,kvB<=1k,kp<=4k,-0.0095,2
16,n<=32,sr<=5%,kvB<=1k,kp<=512,0.1963,2
16,n<=32,sr<=5%,kvB<=1k,kp<=8k,-0.0047,2
16,n<=32,sr<=5%,kvB<=1k,kp=0,0.2283,2
16,n<=32,sr<=5%,kvB<=4k,kp<=1k,0.1009,2
16,n<=32,sr<=5%,kvB<=4k,kp<=2k,0.0815,2
16,n<=32,sr<=5%,kvB<=4k,kp<=4k,-0.0268,2
16,n<=32,sr<=5%,kvB<=4k,kp<=512,0.0824,2
16,n<=32,sr<=5%,kvB<=4k,kp<=8k,-0.0175,2
16,n<=32,sr<=5%,kvB<=4k,kp=0,0.0823,2
16,n<=32,sr<=70%,kvB<=16k,kp<=1k,-0.0121,2
16,n<=32,sr<=70%,kvB<=16k,kp<=2k,-0.0087,2
16,n<=32,sr<=70%,kvB<=16k,kp<=4k,0.0248,2
16,n<=32,sr<=70%,kvB<=16k,kp<=512,-0.0103,2
16,n<=32,sr<=70%,kvB<=16k,kp<=8k,0.1571,2
16,n<=32,sr<=70%,kvB<=16k,kp=0,-0.0038,2
16,n<=32,sr<=70%,kvB<=1k,kp<=1k,0.1974,2
16,n<=32,sr<=70%,kvB<=1k,kp<=2k,0.0407,2
16,n<=32,sr<=70%,kvB<=1k,kp<=4k,0.0003,2
16,n<=32,sr<=70%,kvB<=1k,kp<=512,0.1782,2
16,n<=32,sr<=70%,kvB<=1k,kp<=8k,-0.0827,2
16,n<=32,sr<=70%,kvB<=1k,kp=0,0.1146,2
16,n<=32,sr<=70%,kvB<=4k,kp<=1k,0.0052,2
16,n<=32,sr<=70%,kvB<=4k,kp<=2k,0.1488,2
16,n<=32,sr<=70%,kvB<=4k,kp<=4k,0.1312,2
16,n<=32,sr<=70%,kvB<=4k,kp<=512,-0.0266,2
16,n<=32,sr<=70%,kvB<=4k,kp<=8k,-0.1176,2
16,n<=32,sr<=70%,kvB<=4k,kp=0,-0.0241,2
16,n<=32,sr>70%,kvB<=16k,kp<=1k,0.0433,4
16,n<=32,sr>70%,kvB<=16k,kp<=2k,0.0433,4
16,n<=32,sr>70%,kvB<=16k,kp<=4k,0.0447,4
16,n<=32,sr>70%,kvB<=16k,kp<=512,0.0462,4
16,n<=32,sr>70%,kvB<=16k,kp<=8k,0.011,4
16,n<=32,sr>70%,kvB<=16k,kp=0,0.0415,4
16,n<=32,sr>70%,kvB<=1k,kp<=1k,-0.0692,4
16,n<=32,sr>70%,kvB<=1k,kp<=2k,-0.1529,4
16,n<=32,sr>70%,kvB<=1k,kp<=4k,-0.4504,4
16,n<=32,sr>70%,kvB<=1k,kp<=512,0.2612,4
16,n<=32,sr>70%,kvB<=1k,kp<=8k,-0.2477,4
16,n<=32,sr>70%,kvB<=1k,kp=0,0.4336,4
16,n<=32,sr>70%,kvB<=4k,kp<=1k,0.1036,4
16,n<=32,sr>70%,kvB<=4k,kp<=2k,0.0407,4
16,n<=32,sr>70%,kvB<=4k,kp<=4k,-0.185,4
16,n<=32,sr>70%,kvB<=4k,kp<=512,0.0595,4
16,n<=32,sr>70%,kvB<=4k,kp<=8k,-0.7235,4
16,n<=32,sr>70%,kvB<=4k,kp=0,0.1095,4
16,n<=4,sr<=40%,kvB<=16k,kp<=1k,-0.0398,2
16,n<=4,sr<=40%,kvB<=16k,kp<=2k,-0.4374,2
16,n<=4,sr<=40%,kvB<=16k,kp<=4k,-0.1272,2
16,n<=4,sr<=40%,kvB<=16k,kp<=512,0.1332,2
16,n<=4,sr<=40%,kvB<=16k,kp<=8k,0.2162,2
16,n<=4,sr<=40%,kvB<=16k,kp=0,0.1816,2
16,n<=4,sr<=40%,kvB<=1k,kp<=1k,0.0103,2
16,n<=4,sr<=40%,kvB<=1k,kp<=2k,0.0023,2
16,n<=4,sr<=40%,kvB<=1k,kp<=4k,-0.0538,2
16,n<=4,sr<=40%,kvB<=1k,kp<=512,0.1666,2
16,n<=4,sr<=40%,kvB<=1k,kp<=8k,0.0509,1
16,n<=4,sr<=40%,kvB<=1k,kp=0,0.5899,4
16,n<=4,sr<=40%,kvB<=4k,kp<=1k,-0.019,2
16,n<=4,sr<=40%,kvB<=4k,kp<=2k,-0.0135,2
16,n<=4,sr<=40%,kvB<=4k,kp<=4k,-0.112,2
16,n<=4,sr<=40%,kvB<=4k,kp<=512,-0.0345,2
16,n<=4,sr<=40%,kvB<=4k,kp<=8k,-0.0036,1
16,n<=4,sr<=40%,kvB<=4k,kp=0,0.0167,3
16,n<=4,sr<=70%,kvB<=16k,kp<=1k,-0.0079,2
16,n<=4,sr<=70%,kvB<=16k,kp<=2k,-0.3505,2
16,n<=4,sr<=70%,kvB<=16k,kp<=4k,0.0231,2
16,n<=4,sr<=70%,kvB<=16k,kp<=512,-0.0069,2
16,n<=4,sr<=70%,kvB<=16k,kp<=8k,-0.0478,1
16,n<=4,sr<=70%,kvB<=16k,kp=0,0.0205,2
16,n<=4,sr<=70%,kvB<=1k,kp<=1k,0.0715,2
16,n<=4,sr<=70%,kvB<=1k,kp<=2k,0.0343,1
16,n<=4,sr<=70%,kvB<=1k,kp<=4k,-0.5302,1
16,n<=4,sr<=70%,kvB<=1k,kp<=512,3.1258,2
16,n<=4,sr<=70%,kvB<=1k,kp<=8k,0.8201,2
16,n<=4,sr<=70%,kvB<=1k,kp=0,0.5614,3
16,n<=4,sr<=70%,kvB<=4k,kp<=1k,0.0314,2
16,n<=4,sr<=70%,kvB<=4k,kp<=2k,0.3964,2
16,n<=4,sr<=70%,kvB<=4k,kp<=4k,-0.0098,1
16,n<=4,sr<=70%,kvB<=4k,kp<=512,0.0544,2
16,n<=4,sr<=70%,kvB<=4k,kp<=8k,0.0724,2
16,n<=4,sr<=70%,kvB<=4k,kp=0,0.026,2
16,n<=4,sr>70%,kvB<=16k,kp<=1k,0.6487,2
16,n<=4,sr>70%,kvB<=16k,kp<=2k,0.1065,2
16,n<=4,sr>70%,kvB<=16k,kp<=4k,-0.0906,2
16,n<=4,sr>70%,kvB<=16k,kp<=512,0.7802,2
16,n<=4,sr>70%,kvB<=16k,kp<=8k,-0.8459,2
16,n<=4,sr>70%,kvB<=16k,kp=0,0.7563,2
16,n<=4,sr>70%,kvB<=1k,kp<=1k,-0.1101,2
16,n<=4,sr>70%,kvB<=1k,kp<=2k,-2.5946,2
16,n<=4,sr>70%,kvB<=1k,kp<=4k,-0.0059,2
16,n<=4,sr>70%,kvB<=1k,kp<=512,0.1246,2
16,n<=4,sr>70%,kvB<=1k,kp<=8k,0.598,2
16,n<=4,sr>70%,kvB<=1k,kp=0,1.025,1
16,n<=4,sr>70%,kvB<=4k,kp<=1k,-0.1262,2
16,n<=4,sr>70%,kvB<=4k,kp<=2k,-0.0217,2
16,n<=4,sr>70%,kvB<=4k,kp<=4k,0.3625,2
16,n<=4,sr>70%,kvB<=4k,kp<=512,-0.049,2
16,n<=4,sr>70%,kvB<=4k,kp<=8k,-1.5923,2
16,n<=4,sr>70%,kvB<=4k,kp=0,1.4491,2
16,n<=64,sr<=15%,kvB<=16k,kp<=1k,0.0025,4
16,n<=64,sr<=15%,kvB<=16k,kp<=2k,0.002,4
16,n<=64,sr<=15%,kvB<=16k,kp<=4k,0.0038,4
16,n<=64,sr<=15%,kvB<=16k,kp<=512,0.0029,4
16,n<=64,sr<=15%,kvB<=16k,kp<=8k,0.011,4
16,n<=64,sr<=15%,kvB<=16k,kp=0,0.0036,4
16,n<=64,sr<=15%,kvB<=1k,kp<=1k,0.081,4
16,n<=64,sr<=15%,kvB<=1k,kp<=2k,0.11,4
16,n<=64,sr<=15%,kvB<=1k,kp<=4k,0.0793,4
16,n<=64,sr<=15%,kvB<=1k,kp<=512,0.075,4
16,n<=64,sr<=15%,kvB<=1k,kp<=8k,-0.0138,4
16,n<=64,sr<=15%,kvB<=1k,kp=0,0.1636,4
16,n<=64,sr<=15%,kvB<=4k,kp<=1k,0.0049,4
16,n<=64,sr<=15%,kvB<=4k,kp<=2k,0.0099,4
16,n<=64,sr<=15%,kvB<=4k,kp<=4k,0.0117,4
16,n<=64,sr<=15%,kvB<=4k,kp<=512,0.0051,4
16,n<=64,sr<=15%,kvB<=4k,kp<=8k,0.0062,4
16,n<=64,sr<=15%,kvB<=4k,kp=0,0.0038,4
16,n<=64,sr<=40%,kvB<=16k,kp<=1k,-0.0047,2
16,n<=64,sr<=40%,kvB<=16k,kp<=2k,-0.001,2
16,n<=64,sr<=40%,kvB<=16k,kp<=4k,0.0036,2
16,n<=64,sr<=40%,kvB<=16k,kp<=512,-0.003,2
16,n<=64,sr<=40%,kvB<=16k,kp<=8k,0.0344,2
16,n<=64,sr<=40%,kvB<=16k,kp=0,-0.0036,2
16,n<=64,sr<=40%,kvB<=1k,kp<=1k,0.0666,2
16,n<=64,sr<=40%,kvB<=1k,kp<=2k,0.0806,2
16,n<=64,sr<=40%,kvB<=1k,kp<=4k,0.059,2
16,n<=64,sr<=40%,kvB<=1k,kp<=512,0.0698,2
16,n<=64,sr<=40%,kvB<=1k,kp<=8k,0.0915,2
16,n<=64,sr<=40%,kvB<=1k,kp=0,0.1396,2
16,n<=64,sr<=40%,kvB<=4k,kp<=1k,-0.0142,2
16,n<=64,sr<=40%,kvB<=4k,kp<=2k,0.0272,2
16,n<=64,sr<=40%,kvB<=4k,kp<=4k,0.024,2
16,n<=64,sr<=40%,kvB<=4k,kp<=512,-0.0162,2
16,n<=64,sr<=40%,kvB<=4k,kp<=8k,0.0278,2
16,n<=64,sr<=40%,kvB<=4k,kp=0,-0.0189,2
16,n<=64,sr<=5%,kvB<=16k,kp<=1k,0.0209,6
16,n<=64,sr<=5%,kvB<=16k,kp<=2k,0.0206,6
16,n<=64,sr<=5%,kvB<=16k,kp<=4k,0.0209,6
16,n<=64,sr<=5%,kvB<=16k,kp<=512,0.0208,6
16,n<=64,sr<=5%,kvB<=16k,kp<=8k,0.0242,6
16,n<=64,sr<=5%,kvB<=16k,kp=0,0.023,6
16,n<=64,sr<=5%,kvB<=1k,kp<=1k,0.0635,6
16,n<=64,sr<=5%,kvB<=1k,kp<=2k,0.0624,6
16,n<=64,sr<=5%,kvB<=1k,kp<=4k,0.0329,6
16,n<=64,sr<=5%,kvB<=1k,kp<=512,0.0577,6
16,n<=64,sr<=5%,kvB<=1k,kp<=8k,-0.0062,6
16,n<=64,sr<=5%,kvB<=1k,kp=0,0.119,6
16,n<=64,sr<=5%,kvB<=4k,kp<=1k,0.0412,6
16,n<=64,sr<=5%,kvB<=4k,kp<=2k,0.0458,6
16,n<=64,sr<=5%,kvB<=4k,kp<=4k,0.0452,6
16,n<=64,sr<=5%,kvB<=4k,kp<=512,0.0352,6
16,n<=64,sr<=5%,kvB<=4k,kp<=8k,0.0203,6
16,n<=64,sr<=5%,kvB<=4k,kp=0,0.0307,6
16,n<=64,sr<=70%,kvB<=16k,kp<=1k,-0.0067,2
16,n<=64,sr<=70%,kvB<=16k,kp<=2k,-0.0057,2
16,n<=64,sr<=70%,kvB<=16k,kp<=4k,0.0116,2
16,n<=64,sr<=70%,kvB<=16k,kp<=512,-0.0068,2
16,n<=64,sr<=70%,kvB<=16k,kp<=8k,0.0764,2
16,n<=64,sr<=70%,kvB<=16k,kp=0,-0.0048,2
16,n<=64,sr<=70%,kvB<=1k,kp<=1k,0.1302,2
16,n<=64,sr<=70%,kvB<=1k,kp<=2k,0.2904,2
16,n<=64,sr<=70%,kvB<=1k,kp<=4k,0.1048,2
16,n<=64,sr<=70%,kvB<=1k,kp<=512,0.1108,2
16,n<=64,sr<=70%,kvB<=1k,kp<=8k,-0.0648,2
16,n<=64,sr<=70%,kvB<=1k,kp=0,0.0923,2
16,n<=64,sr<=70%,kvB<=4k,kp<=1k,-0.0029,2
16,n<=64,sr<=70%,kvB<=4k,kp<=2k,0.0668,2
16,n<=64,sr<=70%,kvB<=4k,kp<=4k,0.0984,2
16,n<=64,sr<=70%,kvB<=4k,kp<=512,-0.0252,2
16,n<=64,sr<=70%,kvB<=4k,kp<=8k,0.0895,2
16,n<=64,sr<=70%,kvB<=4k,kp=0,-0.0272,2
16,n<=64,sr>70%,kvB<=16k,kp<=1k,-0.0063,4
16,n<=64,sr>70%,kvB<=16k,kp<=2k,-0.0227,4
16,n<=64,sr>70%,kvB<=16k,kp<=4k,0.0138,4
16,n<=64,sr>70%,kvB<=16k,kp<=512,-0.0254,4
16,n<=64,sr>70%,kvB<=16k,kp<=8k,0.1512,4
16,n<=64,sr>70%,kvB<=16k,kp=0,-0.0252,4
16,n<=64,sr>70%,kvB<=1k,kp<=1k,0.4798,4
16,n<=64,sr>70%,kvB<=1k,kp<=2k,0.4642,4
16,n<=64,sr>70%,kvB<=1k,kp<=4k,0.4523,4
16,n<=64,sr>70%,kvB<=1k,kp<=512,0.2806,4
16,n<=64,sr>70%,kvB<=1k,kp<=8k,0.249,4
16,n<=64,sr>70%,kvB<=1k,kp=0,0.3484,4
16,n<=64,sr>70%,kvB<=4k,kp<=1k,0.0283,4
16,n<=64,sr>70%,kvB<=4k,kp<=2k,0.1422,4
16,n<=64,sr>70%,kvB<=4k,kp<=4k,0.2822,4
16,n<=64,sr>70%,kvB<=4k,kp<=512,-0.0449,4
16,n<=64,sr>70%,kvB<=4k,kp<=8k,0.2965,4
16,n<=64,sr>70%,kvB<=4k,kp=0,-0.0245,4
16,n<=8,sr<=15%,kvB<=16k,kp<=1k,0.0449,2
16,n<=8,sr<=15%,kvB<=16k,kp<=2k,-0.1006,2
16,n<=8,sr<=15%,kvB<=16k,kp<=4k,-0.1231,2
16,n<=8,sr<=15%,kvB<=16k,kp<=512,0.0866,2
16,n<=8,sr<=15%,kvB<=16k,kp<=8k,-0.1034,2
16,n<=8,sr<=15%,kvB<=16k,kp=0,0.0935,2
16,n<=8,sr<=15%,kvB<=1k,kp<=1k,0.0027,2
16,n<=8,sr<=15%,kvB<=1k,kp<=2k,0.0797,2
16,n<=8,sr<=15%,kvB<=1k,kp<=4k,-0.3783,1
16,n<=8,sr<=15%,kvB<=1k,kp<=512,-0.2781,2
16,n<=8,sr<=15%,kvB<=1k,kp<=8k,-0.0543,2
16,n<=8,sr<=15%,kvB<=1k,kp=0,0.3453,4
16,n<=8,sr<=15%,kvB<=4k,kp<=1k,-0.2318,2
16,n<=8,sr<=15%,kvB<=4k,kp<=2k,-0.1569,2
16,n<=8,sr<=15%,kvB<=4k,kp<=4k,-0.1794,2
16,n<=8,sr<=15%,kvB<=4k,kp<=512,-0.2034,2
16,n<=8,sr<=15%,kvB<=4k,kp<=8k,-0.1078,2
16,n<=8,sr<=15%,kvB<=4k,kp=0,0.1663,3
16,n<=8,sr<=40%,kvB<=16k,kp<=1k,0.1834,4
16,n<=8,sr<=40%,kvB<=16k,kp<=2k,0.1224,4
16,n<=8,sr<=40%,kvB<=16k,kp<=4k,-0.3267,4
16,n<=8,sr<=40%,kvB<=16k,kp<=512,0.2098,4
16,n<=8,sr<=40%,kvB<=16k,kp<=8k,-0.132,4
16,n<=8,sr<=40%,kvB<=16k,kp=0,0.2191,4
16,n<=8,sr<=40%,kvB<=1k,kp<=1k,-0.1301,4
16,n<=8,sr<=40%,kvB<=1k,kp<=2k,0.3275,4
16,n<=8,sr<=40%,kvB<=1k,kp<=4k,0.548,2
16,n<=8,sr<=40%,kvB<=1k,kp<=512,-0.4605,4
16,n<=8,sr<=40%,kvB<=1k,kp<=8k,-0.0242,3
16,n<=8,sr<=40%,kvB<=1k,kp=0,0.3633,4
16,n<=8,sr<=40%,kvB<=4k,kp<=1k,-0.6969,4
16,n<=8,sr<=40%,kvB<=4k,kp<=2k,-0.3417,4
16,n<=8,sr<=40%,kvB<=4k,kp<=4k,-0.0952,4
16,n<=8,sr<=40%,kvB<=4k,kp<=512,-0.2435,4
16,n<=8,sr<=40%,kvB<=4k,kp<=8k,0.1959,4
16,n<=8,sr<=40%,kvB<=4k,kp=0,0.192,4
16,n<=8,sr<=70%,kvB<=16k,kp<=1k,-0.0069,2
16,n<=8,sr<=70%,kvB<=16k,kp<=2k,-0.0051,2
16,n<=8,sr<=70%,kvB<=16k,kp<=4k,-0.059,2
16,n<=8,sr<=70%,kvB<=16k,kp<=512,0.0076,2
16,n<=8,sr<=70%,kvB<=16k,kp<=8k,-0.084,2
16,n<=8,sr<=70%,kvB<=16k,kp=0,-0.0175,2
16,n<=8,sr<=70%,kvB<=1k,kp<=1k,-0.0332,2
16,n<=8,sr<=70%,kvB<=1k,kp<=2k,0.2389,2
16,n<=8,sr<=70%,kvB<=1k,kp<=4k,0.7282,1
16,n<=8,sr<=70%,kvB<=1k,kp<=512,-0.4214,2
16,n<=8,sr<=70%,kvB<=1k,kp<=8k,0.0354,2
16,n<=8,sr<=70%,kvB<=1k,kp=0,0.7757,2
16,n<=8,sr<=70%,kvB<=4k,kp<=1k,-0.034,2
16,n<=8,sr<=70%,kvB<=4k,kp<=2k,-0.0087,2
16,n<=8,sr<=70%,kvB<=4k,kp<=4k,-0.1431,2
16,n<=8,sr<=70%,kvB<=4k,kp<=512,-0.0549,2
16,n<=8,sr<=70%,kvB<=4k,kp<=8k,0.1369,2
16,n<=8,sr<=70%,kvB<=4k,kp=0,-0.0016,2
16,n<=8,sr>70%,kvB<=16k,kp<=1k,0.9982,4
16,n<=8,sr>70%,kvB<=16k,kp<=2k,0.9722,4
16,n<=8,sr>70%,kvB<=16k,kp<=4k,-0.1146,4
16,n<=8,sr>70%,kvB<=16k,kp<=512,1.0599,4
16,n<=8,sr>70%,kvB<=16k,kp<=8k,-0.4549,4
16,n<=8,sr>70%,kvB<=16k,kp=0,1.0643,4
16,n<=8,sr>70%,kvB<=1k,kp<=1k,-2.7963,3
16,n<=8,sr>70%,kvB<=1k,kp<=2k,0.7211,3
16,n<=8,sr>70%,kvB<=1k,kp<=4k,0.5019,4
16,n<=8,sr>70%,kvB<=1k,kp<=512,-3.8812,2
16,n<=8,sr>70%,kvB<=1k,kp<=8k,-0.1441,4
16,n<=8,sr>70%,kvB<=1k,kp=0,0.4557,4
16,n<=8,sr>70%,kvB<=4k,kp<=1k,-3.3669,4
16,n<=8,sr>70%,kvB<=4k,kp<=2k,-0.3664,4
16,n<=8,sr>70%,kvB<=4k,kp<=4k,-1.6001,4
16,n<=8,sr>70%,kvB<=4k,kp<=512,0.7927,4
16,n<=8,sr>70%,kvB<=4k,kp<=8k,-0.0168,4
16,n<=8,sr>70%,kvB<=4k,kp=0,1.0581,4
32,n<=16,sr<=15%,kvB<=16k,kp<=1k,0.1929,4
32,n<=16,sr<=15%,kvB<=16k,kp<=2k,0.1534,4
32,n<=16,sr<=15%,kvB<=16k,kp<=4k,-0.0488,4
32,n<=16,sr<=15%,kvB<=16k,kp<=512,0.189,4
32,n<=16,sr<=15%,kvB<=16k,kp<=8k,-0.0849,4
32,n<=16,sr<=15%,kvB<=16k,kp=0,0.1995,4
32,n<=16,sr<=15%,kvB<=1k,kp<=1k,0.0388,4
32,n<=16,sr<=15%,kvB<=1k,kp<=2k,-0.0283,4
32,n<=16,sr<=15%,kvB<=1k,kp<=4k,0.0004,4
32,n<=16,sr<=15%,kvB<=1k,kp<=512,-0.0514,4
32,n<=16,sr<=15%,kvB<=1k,kp<=8k,0.0099,4
32,n<=16,sr<=15%,kvB<=1k,kp=0,0.5925,4
32,n<=16,sr<=15%,kvB<=4k,kp<=1k,-0.0794,4
32,n<=16,sr<=15%,kvB<=4k,kp<=2k,-0.0423,4
32,n<=16,sr<=15%,kvB<=4k,kp<=4k,-0.043,4
32,n<=16,sr<=15%,kvB<=4k,kp<=512,0.1755,4
32,n<=16,sr<=15%,kvB<=4k,kp<=8k,-0.0446,4
32,n<=16,sr<=15%,kvB<=4k,kp=0,0.2815,4
32,n<=16,sr<=40%,kvB<=16k,kp<=1k,0.1408,4
32,n<=16,sr<=40%,kvB<=16k,kp<=2k,0.1009,4
32,n<=16,sr<=40%,kvB<=16k,kp<=4k,-0.0144,4
32,n<=16,sr<=40%,kvB<=16k,kp<=512,0.1414,4
32,n<=16,sr<=40%,kvB<=16k,kp<=8k,-0.2277,4
32,n<=16,sr<=40%,kvB<=16k,kp=0,0.1437,4
32,n<=16,sr<=40%,kvB<=1k,kp<=1k,-0.155,4
32,n<=16,sr<=40%,kvB<=1k,kp<=2k,-0.1215,4
32,n<=16,sr<=40%,kvB<=1k,kp<=4k,-0.1147,4
32,n<=16,sr<=40%,kvB<=1k,kp<=512,-0.1549,4
32,n<=16,sr<=40%,kvB<=1k,kp<=8k,-0.0787,4
32,n<=16,sr<=40%,kvB<=1k,kp=0,0.5866,4
32,n<=16,sr<=40%,kvB<=4k,kp<=1k,-0.1212,4
32,n<=16,sr<=40%,kvB<=4k,kp<=2k,-0.2308,4
32,n<=16,sr<=40%,kvB<=4k,kp<=4k,-0.1546,4
32,n<=16,sr<=40%,kvB<=4k,kp<=512,0.1238,4
32,n<=16,sr<=40%,kvB<=4k,kp<=8k,-0.1256,4
32,n<=16,sr<=40%,kvB<=4k,kp=0,0.179,4
32,n<=16,sr<=70%,kvB<=16k,kp<=1k,0.2017,2
32,n<=16,sr<=70%,kvB<=16k,kp<=2k,0.1874,2
32,n<=16,sr<=70%,kvB<=16k,kp<=4k,0.1524,2
32,n<=16,sr<=70%,kvB<=16k,kp<=512,0.2072,2
32,n<=16,sr<=70%,kvB<=16k,kp<=8k,-0.1736,2
32,n<=16,sr<=70%,kvB<=16k,kp=0,0.193,2
32,n<=16,sr<=70%,kvB<=1k,kp<=1k,-0.2216,2
32,n<=16,sr<=70%,kvB<=1k,kp<=2k,-0.338,2
32,n<=16,sr<=70%,kvB<=1k,kp<=4k,-0.5575,2
32,n<=16,sr<=70%,kvB<=1k,kp<=512,-0.483,2
32,n<=16,sr<=70%,kvB<=1k,kp<=8k,-0.4028,2
32,n<=16,sr<=70%,kvB<=1k,kp=0,0.7966,2
32,n<=16,sr<=70%,kvB<=4k,kp<=1k,0.2606,2
32,n<=16,sr<=70%,kvB<=4k,kp<=2k,-0.1718,2
32,n<=16,sr<=70%,kvB<=4k,kp<=4k,-0.1782,2
32,n<=16,sr<=70%,kvB<=4k,kp<=512,0.2632,2
32,n<=16,sr<=70%,kvB<=4k,kp<=8k,-0.288,2
32,n<=16,sr<=70%,kvB<=4k,kp=0,0.2548,2
32,n<=16,sr>70%,kvB<=16k,kp<=1k,0.3608,4
32,n<=16,sr>70%,kvB<=16k,kp<=2k,0.342,4
32,n<=16,sr>70%,kvB<=16k,kp<=4k,0.292,4
32,n<=16,sr>70%,kvB<=16k,kp<=512,0.3674,4
32,n<=16,sr>70%,kvB<=16k,kp<=8k,-0.6359,4
32,n<=16,sr>70%,kvB<=16k,kp=0,0.3694,4
32,n<=16,sr>70%,kvB<=1k,kp<=1k,-1.6213,4
32,n<=16,sr>70%,kvB<=1k,kp<=2k,-1.7054,4
32,n<=16,sr>70%,kvB<=1k,kp<=4k,-0.4312,4
32,n<=16,sr>70%,kvB<=1k,kp<=512,-2.286,4
32,n<=16,sr>70%,kvB<=1k,kp<=8k,0.7584,4
32,n<=16,sr>70%,kvB<=1k,kp=0,0.4846,4
32,n<=16,sr>70%,kvB<=4k,kp<=1k,0.3907,3
32,n<=16,sr>70%,kvB<=4k,kp<=2k,-2.4079,4
32,n<=16,sr>70%,kvB<=4k,kp<=4k,-0.776,4
32,n<=16,sr>70%,kvB<=4k,kp<=512,0.4933,4
32,n<=16,sr>70%,kvB<=4k,kp<=8k,-1.219,4
32,n<=16,sr>70%,kvB<=4k,kp=0,0.4807,4
32,n<=2,sr<=70%,kvB<=16k,kp<=1k,0.022,2
32,n<=2,sr<=70%,kvB<=16k,kp<=2k,-0.0349,2
32,n<=2,sr<=70%,kvB<=16k,kp<=512,-0.0123,2
32,n<=2,sr<=70%,kvB<=16k,kp=0,-0.0074,2
32,n<=2,sr<=70%,kvB<=1k,kp<=1k,1.6061,1
32,n<=2,sr<=70%,kvB<=1k,kp<=2k,0.1697,2
32,n<=2,sr<=70%,kvB<=1k,kp<=512,0.0447,2
32,n<=2,sr<=70%,kvB<=1k,kp<=8k,0.1097,2
32,n<=2,sr<=70%,kvB<=1k,kp=0,0.6229,2
32,n<=2,sr<=70%,kvB<=4k,kp<=1k,-0.0418,2
32,n<=2,sr<=70%,kvB<=4k,kp<=2k,-0.2149,1
32,n<=2,sr<=70%,kvB<=4k,kp<=4k,0.0691,1
32,n<=2,sr<=70%,kvB<=4k,kp<=512,0.0044,2
32,n<=2,sr<=70%,kvB<=4k,kp<=8k,-0.052,2
32,n<=2,sr<=70%,kvB<=4k,kp=0,0.1095,2
32,n<=32,sr<=15%,kvB<=16k,kp<=1k,0.0447,6
32,n<=32,sr<=15%,kvB<=16k,kp<=2k,0.0446,6
32,n<=32,sr<=15%,kvB<=16k,kp<=4k,0.0481,6
32,n<=32,sr<=15%,kvB<=16k,kp<=512,0.0466,6
32,n<=32,sr<=15%,kvB<=16k,kp<=8k,0.0496,6
32,n<=32,sr<=15%,kvB<=16k,kp=0,0.0479,6
32,n<=32,sr<=15%,kvB<=1k,kp<=1k,0.0953,6
32,n<=32,sr<=15%,kvB<=1k,kp<=2k,0.0832,6
32,n<=32,sr<=15%,kvB<=1k,kp<=4k,0.0004,6
32,n<=32,sr<=15%,kvB<=1k,kp<=512,0.2921,6
32,n<=32,sr<=15%,kvB<=1k,kp<=8k,-0.0034,6
32,n<=32,sr<=15%,kvB<=1k,kp=0,0.3511,6
32,n<=32,sr<=15%,kvB<=4k,kp<=1k,0.0933,6
32,n<=32,sr<=15%,kvB<=4k,kp<=2k,0.0842,6
32,n<=32,sr<=15%,kvB<=4k,kp<=4k,-0.0971,6
32,n<=32,sr<=15%,kvB<=4k,kp<=512,0.0883,6
32,n<=32,sr<=15%,kvB<=4k,kp<=8k,-0.0584,6
32,n<=32,sr<=15%,kvB<=4k,kp=0,0.0827,6
32,n<=32,sr<=40%,kvB<=16k,kp<=1k,0.0669,2
32,n<=32,sr<=40%,kvB<=16k,kp<=2k,0.064,2
32,n<=32,sr<=40%,kvB<=16k,kp<=4k,0.0577,2
32,n<=32,sr<=40%,kvB<=16k,kp<=512,0.0679,2
32,n<=32,sr<=40%,kvB<=16k,kp<=8k,0.1627,2
32,n<=32,sr<=40%,kvB<=16k,kp=0,0.0758,2
32,n<=32,sr<=40%,kvB<=1k,kp<=1k,0.2537,2
32,n<=32,sr<=40%,kvB<=1k,kp<=2k,-0.0899,2
32,n<=32,sr<=40%,kvB<=1k,kp<=4k,-0.0351,2
32,n<=32,sr<=40%,kvB<=1k,kp<=512,0.2357,2
32,n<=32,sr<=40%,kvB<=1k,kp<=8k,-0.0335,2
32,n<=32,sr<=40%,kvB<=1k,kp=0,0.2967,2
32,n<=32,sr<=40%,kvB<=4k,kp<=1k,0.0103,2
32,n<=32,sr<=40%,kvB<=4k,kp<=2k,0.0783,2
32,n<=32,sr<=40%,kvB<=4k,kp<=4k,0.0346,2
32,n<=32,sr<=40%,kvB<=4k,kp<=512,-0.0153,2
32,n<=32,sr<=40%,kvB<=4k,kp<=8k,-0.0591,2
32,n<=32,sr<=40%,kvB<=4k,kp=0,0.0054,2
32,n<=32,sr<=5%,kvB<=16k,kp<=1k,0.0993,2
32,n<=32,sr<=5%,kvB<=16k,kp<=2k,0.101,2
32,n<=32,sr<=5%,kvB<=16k,kp<=4k,0.1032,2
32,n<=32,sr<=5%,kvB<=16k,kp<=512,0.0968,2
32,n<=32,sr<=5%,kvB<=16k,kp<=8k,0.0917,2
32,n<=32,sr<=5%,kvB<=16k,kp=0,0.1032,2
32,n<=32,sr<=5%,kvB<=1k,kp<=1k,-0.0516,2
32,n<=32,sr<=5%,kvB<=1k,kp<=2k,-0.0156,2
32,n<=32,sr<=5%,kvB<=1k,kp<=4k,-0.0065,2
32,n<=32,sr<=5%,kvB<=1k,kp<=512,0.3256,2
32,n<=32,sr<=5%,kvB<=1k,kp<=8k,-0.0047,2
32,n<=32,sr<=5%,kvB<=1k,kp=0,0.2681,2
32,n<=32,sr<=5%,kvB<=4k,kp<=1k,0.1578,2
32,n<=32,sr<=5%,kvB<=4k,kp<=2k,0.1363,2
32,n<=32,sr<=5%,kvB<=4k,kp<=4k,-0.0362,2
32,n<=32,sr<=5%,kvB<=4k,kp<=512,0.131,2
32,n<=32,sr<=5%,kvB<=4k,kp<=8k,-0.0144,2
32,n<=32,sr<=5%,kvB<=4k,kp=0,0.1197,2
32,n<=32,sr<=70%,kvB<=16k,kp<=1k,-0.0055,2
32,n<=32,sr<=70%,kvB<=16k,kp<=2k,-0.0111,2
32,n<=32,sr<=70%,kvB<=16k,kp<=4k,0.0419,2
32,n<=32,sr<=70%,kvB<=16k,kp<=512,-0.0126,2
32,n<=32,sr<=70%,kvB<=16k,kp<=8k,0.2382,2
32,n<=32,sr<=70%,kvB<=16k,kp=0,-0.0059,2
32,n<=32,sr<=70%,kvB<=1k,kp<=1k,0.5056,2
32,n<=32,sr<=70%,kvB<=1k,kp<=2k,0.2148,2
32,n<=32,sr<=70%,kvB<=1k,kp<=4k,-0.0053,2
32,n<=32,sr<=70%,kvB<=1k,kp<=512,0.3294,2
32,n<=32,sr<=70%,kvB<=1k,kp<=8k,-0.013,2
32,n<=32,sr<=70%,kvB<=1k,kp=0,0.2455,2
32,n<=32,sr<=70%,kvB<=4k,kp<=1k,0.0392,2
32,n<=32,sr<=70%,kvB<=4k,kp<=2k,0.2591,2
32,n<=32,sr<=70%,kvB<=4k,kp<=4k,0.2793,2
32,n<=32,sr<=70%,kvB<=4k,kp<=512,-0.0055,2
32,n<=32,sr<=70%,kvB<=4k,kp<=8k,-0.1713,2
32,n<=32,sr<=70%,kvB<=4k,kp=0,-0.0119,2
32,n<=32,sr>70%,kvB<=16k,kp<=1k,0.4252,4
32,n<=32,sr>70%,kvB<=16k,kp<=2k,0.4139,4
32,n<=32,sr>70%,kvB<=16k,kp<=4k,0.3985,4
32,n<=32,sr>70%,kvB<=16k,kp<=512,0.4204,4
32,n<=32,sr>70%,kvB<=16k,kp<=8k,0.35,4
32,n<=32,sr>70%,kvB<=16k,kp=0,0.4116,4
32,n<=32,sr>70%,kvB<=1k,kp<=1k,0.3329,4
32,n<=32,sr>70%,kvB<=1k,kp<=2k,-0.1124,4
32,n<=32,sr>70%,kvB<=1k,kp<=4k,-0.6526,4
32,n<=32,sr>70%,kvB<=1k,kp<=512,0.3994,4
32,n<=32,sr>70%,kvB<=1k,kp<=8k,-0.3699,4
32,n<=32,sr>70%,kvB<=1k,kp=0,0.6817,4
32,n<=32,sr>70%,kvB<=4k,kp<=1k,0.4352,4
32,n<=32,sr>70%,kvB<=4k,kp<=2k,0.3786,4
32,n<=32,sr>70%,kvB<=4k,kp<=4k,0.1553,4
32,n<=32,sr>70%,kvB<=4k,kp<=512,0.4789,4
32,n<=32,sr>70%,kvB<=4k,kp<=8k,-0.9349,4
32,n<=32,sr>70%,kvB<=4k,kp=0,0.4654,4
32,n<=4,sr<=40%,kvB<=16k,kp<=1k,-0.0344,2
32,n<=4,sr<=40%,kvB<=16k,kp<=2k,-0.5649,2
32,n<=4,sr<=40%,kvB<=16k,kp<=4k,-0.1728,2
32,n<=4,sr<=40%,kvB<=16k,kp<=512,0.1824,2
32,n<=4,sr<=40%,kvB<=16k,kp<=8k,0.2966,1
32,n<=4,sr<=40%,kvB<=16k,kp=0,0.2819,2
32,n<=4,sr<=40%,kvB<=1k,kp<=1k,-0.1812,2
32,n<=4,sr<=40%,kvB<=1k,kp<=2k,0.132,2
32,n<=4,sr<=40%,kvB<=1k,kp<=4k,0.0796,2
32,n<=4,sr<=40%,kvB<=1k,kp<=512,-0.3429,1
32,n<=4,sr<=40%,kvB<=1k,kp<=8k,-0.0205,1
32,n<=4,sr<=40%,kvB<=1k,kp=0,0.6662,2
32,n<=4,sr<=40%,kvB<=4k,kp<=1k,0.0389,2
32,n<=4,sr<=40%,kvB<=4k,kp<=2k,-0.0294,2
32,n<=4,sr<=40%,kvB<=4k,kp<=4k,0.0025,1
32,n<=4,sr<=40%,kvB<=4k,kp<=512,-0.018,2
32,n<=4,sr<=40%,kvB<=4k,kp<=8k,-0.0071,1
32,n<=4,sr<=40%,kvB<=4k,kp=0,0.0526,2
32,n<=4,sr<=70%,kvB<=16k,kp<=1k,-0.0067,2
32,n<=4,sr<=70%,kvB<=16k,kp<=2k,-0.437,2
32,n<=4,sr<=70%,kvB<=16k,kp<=4k,0.0802,2
32,n<=4,sr<=70%,kvB<=16k,kp<=512,0.0208,2
32,n<=4,sr<=70%,kvB<=16k,kp<=8k,-0.1132,1
32,n<=4,sr<=70%,kvB<=16k,kp=0,0.0435,2
32,n<=4,sr<=70%,kvB<=1k,kp<=1k,-0.0008,2
32,n<=4,sr<=70%,kvB<=1k,kp<=2k,0.1216,1
32,n<=4,sr<=70%,kvB<=1k,kp<=4k,-0.2165,1
32,n<=4,sr<=70%,kvB<=1k,kp<=512,1.0,1
32,n<=4,sr<=70%,kvB<=1k,kp<=8k,0.7187,2
32,n<=4,sr<=70%,kvB<=1k,kp=0,0.4971,2
32,n<=4,sr<=70%,kvB<=4k,kp<=1k,0.0698,2
32,n<=4,sr<=70%,kvB<=4k,kp<=2k,0.4565,2
32,n<=4,sr<=70%,kvB<=4k,kp<=4k,0.0253,1
32,n<=4,sr<=70%,kvB<=4k,kp<=512,0.054,2
32,n<=4,sr<=70%,kvB<=4k,kp<=8k,-0.029,1
32,n<=4,sr<=70%,kvB<=4k,kp=0,0.1194,2
32,n<=4,sr>70%,kvB<=16k,kp<=1k,0.7848,2
32,n<=4,sr>70%,kvB<=16k,kp<=2k,0.1374,2
32,n<=4,sr>70%,kvB<=16k,kp<=4k,-0.0678,2
32,n<=4,sr>70%,kvB<=16k,kp<=512,1.0629,2
32,n<=4,sr>70%,kvB<=16k,kp<=8k,-2.0275,2
32,n<=4,sr>70%,kvB<=16k,kp=0,1.064,2
32,n<=4,sr>70%,kvB<=1k,kp<=1k,-0.032,2
32,n<=4,sr>70%,kvB<=1k,kp<=2k,-1.6914,2
32,n<=4,sr>70%,kvB<=1k,kp<=4k,-0.0205,2
32,n<=4,sr>70%,kvB<=1k,kp<=512,0.4797,1
32,n<=4,sr>70%,kvB<=1k,kp<=8k,0.8448,2
32,n<=4,sr>70%,kvB<=1k,kp=0,0.8256,1
32,n<=4,sr>70%,kvB<=4k,kp<=1k,-0.0886,2
32,n<=4,sr>70%,kvB<=4k,kp<=2k,0.0596,2
32,n<=4,sr>70%,kvB<=4k,kp<=4k,0.0283,2
32,n<=4,sr>70%,kvB<=4k,kp<=512,-0.0737,2
32,n<=4,sr>70%,kvB<=4k,kp<=8k,-2.1514,2
32,n<=4,sr>70%,kvB<=4k,kp=0,2.1486,2
32,n<=64,sr<=15%,kvB<=16k,kp<=1k,0.0141,4
32,n<=64,sr<=15%,kvB<=16k,kp<=2k,0.0116,4
32,n<=64,sr<=15%,kvB<=16k,kp<=4k,0.0152,4
32,n<=64,sr<=15%,kvB<=16k,kp<=512,0.014,4
32,n<=64,sr<=15%,kvB<=16k,kp<=8k,0.029,4
32,n<=64,sr<=15%,kvB<=16k,kp=0,0.0138,4
32,n<=64,sr<=15%,kvB<=1k,kp<=1k,0.1371,4
32,n<=64,sr<=15%,kvB<=1k,kp<=2k,0.1773,4
32,n<=64,sr<=15%,kvB<=1k,kp<=4k,0.1151,4
32,n<=64,sr<=15%,kvB<=1k,kp<=512,0.1151,4
32,n<=64,sr<=15%,kvB<=1k,kp<=8k,0.0019,4
32,n<=64,sr<=15%,kvB<=1k,kp=0,0.1771,4
32,n<=64,sr<=15%,kvB<=4k,kp<=1k,0.0261,4
32,n<=64,sr<=15%,kvB<=4k,kp<=2k,0.0426,4
32,n<=64,sr<=15%,kvB<=4k,kp<=4k,0.0433,4
32,n<=64,sr<=15%,kvB<=4k,kp<=512,0.0269,4
32,n<=64,sr<=15%,kvB<=4k,kp<=8k,0.028,4
32,n<=64,sr<=15%,kvB<=4k,kp=0,0.0281,4
32,n<=64,sr<=40%,kvB<=16k,kp<=1k,-0.0045,2
32,n<=64,sr<=40%,kvB<=16k,kp<=2k,-0.0019,2
32,n<=64,sr<=40%,kvB<=16k,kp<=4k,0.0068,2
32,n<=64,sr<=40%,kvB<=16k,kp<=512,-0.0037,2
32,n<=64,sr<=40%,kvB<=16k,kp<=8k,0.0527,2
32,n<=64,sr<=40%,kvB<=16k,kp=0,-0.0029,2
32,n<=64,sr<=40%,kvB<=1k,kp<=1k,0.1753,2
32,n<=64,sr<=40%,kvB<=1k,kp<=2k,0.144,2
32,n<=64,sr<=40%,kvB<=1k,kp<=4k,0.0884,2
32,n<=64,sr<=40%,kvB<=1k,kp<=512,0.1518,2
32,n<=64,sr<=40%,kvB<=1k,kp<=8k,0.14,2
32,n<=64,sr<=40%,kvB<=1k,kp=0,0.1845,2
32,n<=64,sr<=40%,kvB<=4k,kp<=1k,0.0067,2
32,n<=64,sr<=40%,kvB<=4k,kp<=2k,0.0541,2
32,n<=64,sr<=40%,kvB<=4k,kp<=4k,0.0621,2
32,n<=64,sr<=40%,kvB<=4k,kp<=512,-0.0061,2
32,n<=64,sr<=40%,kvB<=4k,kp<=8k,0.0416,2
32,n<=64,sr<=40%,kvB<=4k,kp=0,-0.0078,2
32,n<=64,sr<=5%,kvB<=16k,kp<=1k,0.0385,6
32,n<=64,sr<=5%,kvB<=16k,kp<=2k,0.0398,6
32,n<=64,sr<=5%,kvB<=16k,kp<=4k,0.0415,6
32,n<=64,sr<=5%,kvB<=16k,kp<=512,0.0393,6
32,n<=64,sr<=5%,kvB<=16k,kp<=8k,0.0474,6
32,n<=64,sr<=5%,kvB<=16k,kp=0,0.0406,6
32,n<=64,sr<=5%,kvB<=1k,kp<=1k,0.1054,6
32,n<=64,sr<=5%,kvB<=1k,kp<=2k,0.105,6
32,n<=64,sr<=5%,kvB<=1k,kp<=4k,0.0333,6
32,n<=64,sr<=5%,kvB<=1k,kp<=512,0.1047,6
32,n<=64,sr<=5%,kvB<=1k,kp<=8k,0.0004,6
32,n<=64,sr<=5%,kvB<=1k,kp=0,0.1289,6
32,n<=64,sr<=5%,kvB<=4k,kp<=1k,0.0679,6
32,n<=64,sr<=5%,kvB<=4k,kp<=2k,0.0722,6
32,n<=64,sr<=5%,kvB<=4k,kp<=4k,0.0797,6
32,n<=64,sr<=5%,kvB<=4k,kp<=512,0.0613,6
32,n<=64,sr<=5%,kvB<=4k,kp<=8k,0.038,6
32,n<=64,sr<=5%,kvB<=4k,kp=0,0.0498,6
32,n<=64,sr<=70%,kvB<=16k,kp<=1k,-0.0087,2
32,n<=64,sr<=70%,kvB<=16k,kp<=2k,-0.0076,2
32,n<=64,sr<=70%,kvB<=16k,kp<=4k,0.0133,2
32,n<=64,sr<=70%,kvB<=16k,kp<=512,-0.0086,2
32,n<=64,sr<=70%,kvB<=16k,kp<=8k,0.1132,2
32,n<=64,sr<=70%,kvB<=16k,kp=0,-0.0052,2
32,n<=64,sr<=70%,kvB<=1k,kp<=1k,0.3084,2
32,n<=64,sr<=70%,kvB<=1k,kp<=2k,0.5019,2
32,n<=64,sr<=70%,kvB<=1k,kp<=4k,0.1647,2
32,n<=64,sr<=70%,kvB<=1k,kp<=512,0.2431,2
32,n<=64,sr<=70%,kvB<=1k,kp<=8k,0.0066,2
32,n<=64,sr<=70%,kvB<=1k,kp=0,0.1555,2
32,n<=64,sr<=70%,kvB<=4k,kp<=1k,0.0178,2
32,n<=64,sr<=70%,kvB<=4k,kp<=2k,0.1261,2
32,n<=64,sr<=70%,kvB<=4k,kp<=4k,0.1952,2
32,n<=64,sr<=70%,kvB<=4k,kp<=512,-0.0115,2
32,n<=64,sr<=70%,kvB<=4k,kp<=8k,0.1296,2
32,n<=64,sr<=70%,kvB<=4k,kp=0,-0.0107,2
32,n<=64,sr>70%,kvB<=16k,kp<=1k,0.0537,4
32,n<=64,sr>70%,kvB<=16k,kp<=2k,0.0591,4
32,n<=64,sr>70%,kvB<=16k,kp<=4k,0.0863,4
32,n<=64,sr>70%,kvB<=16k,kp<=512,0.0609,4
32,n<=64,sr>70%,kvB<=16k,kp<=8k,0.2854,4
32,n<=64,sr>70%,kvB<=16k,kp=0,0.0619,4
32,n<=64,sr>70%,kvB<=1k,kp<=1k,0.7532,4
32,n<=64,sr>70%,kvB<=1k,kp<=2k,0.7976,4
32,n<=64,sr>70%,kvB<=1k,kp<=4k,0.7464,4
32,n<=64,sr>70%,kvB<=1k,kp<=512,0.521,4
32,n<=64,sr>70%,kvB<=1k,kp<=8k,0.4359,4
32,n<=64,sr>70%,kvB<=1k,kp=0,0.5047,4
32,n<=64,sr>70%,kvB<=4k,kp<=1k,0.1471,4
32,n<=64,sr>70%,kvB<=4k,kp<=2k,0.3217,4
32,n<=64,sr>70%,kvB<=4k,kp<=4k,0.5537,4
32,n<=64,sr>70%,kvB<=4k,kp<=512,0.1076,4
32,n<=64,sr>70%,kvB<=4k,kp<=8k,0.5568,4
32,n<=64,sr>70%,kvB<=4k,kp=0,0.1026,4
32,n<=8,sr<=15%,kvB<=16k,kp<=1k,0.1268,2
32,n<=8,sr<=15%,kvB<=16k,kp<=2k,-0.127,2
32,n<=8,sr<=15%,kvB<=16k,kp<=4k,-0.1264,2
32,n<=8,sr<=15%,kvB<=16k,kp<=512,0.1544,2
32,n<=8,sr<=15%,kvB<=16k,kp<=8k,-0.1151,2
32,n<=8,sr<=15%,kvB<=16k,kp=0,0.1686,2
32,n<=8,sr<=15%,kvB<=1k,kp<=1k,0.1123,2
32,n<=8,sr<=15%,kvB<=1k,kp<=2k,-0.0184,2
32,n<=8,sr<=15%,kvB<=1k,kp<=4k,-0.8067,1
32,n<=8,sr<=15%,kvB<=1k,kp<=512,-0.2526,2
32,n<=8,sr<=15%,kvB<=1k,kp<=8k,0.0099,2
32,n<=8,sr<=15%,kvB<=1k,kp=0,0.4036,2
32,n<=8,sr<=15%,kvB<=4k,kp<=1k,-0.2851,2
32,n<=8,sr<=15%,kvB<=4k,kp<=2k,-0.1585,2
32,n<=8,sr<=15%,kvB<=4k,kp<=4k,-0.2314,2
32,n<=8,sr<=15%,kvB<=4k,kp<=512,-0.2534,2
32,n<=8,sr<=15%,kvB<=4k,kp<=8k,-0.1596,2
32,n<=8,sr<=15%,kvB<=4k,kp=0,0.262,2
32,n<=8,sr<=40%,kvB<=16k,kp<=1k,0.3028,4
32,n<=8,sr<=40%,kvB<=16k,kp<=2k,0.2459,4
32,n<=8,sr<=40%,kvB<=16k,kp<=4k,-0.4032,4
32,n<=8,sr<=40%,kvB<=16k,kp<=512,0.3317,4
32,n<=8,sr<=40%,kvB<=16k,kp<=8k,-0.1712,4
32,n<=8,sr<=40%,kvB<=16k,kp=0,0.3369,4
32,n<=8,sr<=40%,kvB<=1k,kp<=1k,-0.139,4
32,n<=8,sr<=40%,kvB<=1k,kp<=2k,0.3399,4
32,n<=8,sr<=40%,kvB<=1k,kp<=4k,0.5697,2
32,n<=8,sr<=40%,kvB<=1k,kp<=512,-0.4911,4
32,n<=8,sr<=40%,kvB<=1k,kp<=8k,-0.0912,2
32,n<=8,sr<=40%,kvB<=1k,kp=0,0.3003,4
32,n<=8,sr<=40%,kvB<=4k,kp<=1k,-0.9128,4
32,n<=8,sr<=40%,kvB<=4k,kp<=2k,-0.4044,4
32,n<=8,sr<=40%,kvB<=4k,kp<=4k,-0.1781,4
32,n<=8,sr<=40%,kvB<=4k,kp<=512,-0.4506,4
32,n<=8,sr<=40%,kvB<=4k,kp<=8k,0.1866,4
32,n<=8,sr<=40%,kvB<=4k,kp=0,0.2127,4
32,n<=8,sr<=70%,kvB<=16k,kp<=1k,0.027,2
32,n<=8,sr<=70%,kvB<=16k,kp<=2k,0.0192,2
32,n<=8,sr<=70%,kvB<=16k,kp<=4k,-0.1014,2
32,n<=8,sr<=70%,kvB<=16k,kp<=512,0.0163,2
32,n<=8,sr<=70%,kvB<=16k,kp<=8k,-0.1099,2
32,n<=8,sr<=70%,kvB<=16k,kp=0,0.0161,2
32,n<=8,sr<=70%,kvB<=1k,kp<=1k,-0.1314,2
32,n<=8,sr<=70%,kvB<=1k,kp<=2k,-0.1902,2
32,n<=8,sr<=70%,kvB<=1k,kp<=4k,0.6978,1
32,n<=8,sr<=70%,kvB<=1k,kp<=512,-0.6379,2
32,n<=8,sr<=70%,kvB<=1k,kp<=8k,-0.1995,1
32,n<=8,sr<=70%,kvB<=1k,kp=0,0.9198,2
32,n<=8,sr<=70%,kvB<=4k,kp<=1k,-0.0363,2
32,n<=8,sr<=70%,kvB<=4k,kp<=2k,-0.0383,2
32,n<=8,sr<=70%,kvB<=4k,kp<=4k,-0.2067,2
32,n<=8,sr<=70%,kvB<=4k,kp<=512,-0.084,2
32,n<=8,sr<=70%,kvB<=4k,kp<=8k,0.1986,2
32,n<=8,sr<=70%,kvB<=4k,kp=0,-0.0115,2
32,n<=8,sr>70%,kvB<=16k,kp<=1k,1.828,4
32,n<=8,sr>70%,kvB<=16k,kp<=2k,1.9131,4
32,n<=8,sr>70%,kvB<=16k,kp<=4k,-0.1831,4
32,n<=8,sr>70%,kvB<=16k,kp<=512,2.004,4
32,n<=8,sr>70%,kvB<=16k,kp<=8k,-0.3917,4
32,n<=8,sr>70%,kvB<=16k,kp=0,2.0081,4
32,n<=8,sr>70%,kvB<=1k,kp<=1k,-3.3025,3
32,n<=8,sr>70%,kvB<=1k,kp<=2k,0.8822,4
32,n<=8,sr>70%,kvB<=1k,kp<=4k,0.5824,3
32,n<=8,sr>70%,kvB<=1k,kp<=512,-7.0501,2
32,n<=8,sr>70%,kvB<=1k,kp<=8k,-0.7415,4
32,n<=8,sr>70%,kvB<=1k,kp=0,0.3581,4
32,n<=8,sr>70%,kvB<=4k,kp<=1k,-9.8003,3
32,n<=8,sr>70%,kvB<=4k,kp<=2k,-0.3066,4
32,n<=8,sr>70%,kvB<=4k,kp<=4k,-2.2251,4
32,n<=8,sr>70%,kvB<=4k,kp<=512,1.252,4
32,n<=8,sr>70%,kvB<=4k,kp<=8k,-0.168,4
32,n<=8,sr>70%,kvB<=4k,kp=0,1.4211,4
64,n<=16,sr<=15%,kvB<=16k,kp<=1k,0.1545,4
64,n<=16,sr<=15%,kvB<=16k,kp<=2k,0.0153,4
64,n<=16,sr<=15%,kvB<=16k,kp<=4k,-0.0917,4
64,n<=16,sr<=15%,kvB<=16k,kp<=512,0.1716,4
64,n<=16,sr<=15%,kvB<=16k,kp<=8k,-0.0671,4
64,n<=16,sr<=15%,kvB<=16k,kp=0,0.1919,4
64,n<=16,sr<=15%,kvB<=1k,kp<=1k,-0.0358,4
64,n<=16,sr<=15%,kvB<=1k,kp<=2k,-0.019,4
64,n<=16,sr<=15%,kvB<=1k,kp<=4k,0.0333,4
64,n<=16,sr<=15%,kvB<=1k,kp<=512,0.003,4
64,n<=16,sr<=15%,kvB<=1k,kp<=8k,0.1054,4
64,n<=16,sr<=15%,kvB<=1k,kp=0,0.4099,4
64,n<=16,sr<=15%,kvB<=4k,kp<=1k,-0.0279,4
64,n<=16,sr<=15%,kvB<=4k,kp<=2k,-0.0332,4
64,n<=16,sr<=15%,kvB<=4k,kp<=4k,-0.0412,4
64,n<=16,sr<=15%,kvB<=4k,kp<=512,0.0431,4
64,n<=16,sr<=15%,kvB<=4k,kp<=8k,-0.046,4
64,n<=16,sr<=15%,kvB<=4k,kp=0,0.2414,4
64,n<=16,sr<=40%,kvB<=16k,kp<=1k,0.0915,4
64,n<=16,sr<=40%,kvB<=16k,kp<=2k,-0.0709,4
64,n<=16,sr<=40%,kvB<=16k,kp<=4k,-0.286,4
64,n<=16,sr<=40%,kvB<=16k,kp<=512,0.1299,4
64,n<=16,sr<=40%,kvB<=16k,kp<=8k,-0.1488,4
64,n<=16,sr<=40%,kvB<=16k,kp=0,0.1387,4
64,n<=16,sr<=40%,kvB<=1k,kp<=1k,-0.1105,4
64,n<=16,sr<=40%,kvB<=1k,kp<=2k,-0.0958,4
64,n<=16,sr<=40%,kvB<=1k,kp<=4k,-0.1645,4
64,n<=16,sr<=40%,kvB<=1k,kp<=512,-0.1034,4
64,n<=16,sr<=40%,kvB<=1k,kp<=8k,-0.1079,4
64,n<=16,sr<=40%,kvB<=1k,kp=0,0.3745,4
64,n<=16,sr<=40%,kvB<=4k,kp<=1k,-0.2102,4
64,n<=16,sr<=40%,kvB<=4k,kp<=2k,-0.2085,4
64,n<=16,sr<=40%,kvB<=4k,kp<=4k,-0.15,4
64,n<=16,sr<=40%,kvB<=4k,kp<=512,-0.1237,4
64,n<=16,sr<=40%,kvB<=4k,kp<=8k,-0.1087,4
64,n<=16,sr<=40%,kvB<=4k,kp=0,0.1534,4
64,n<=16,sr<=70%,kvB<=16k,kp<=1k,0.1769,2
64,n<=16,sr<=70%,kvB<=16k,kp<=2k,0.0966,2
64,n<=16,sr<=70%,kvB<=16k,kp<=4k,-0.3749,2
64,n<=16,sr<=70%,kvB<=16k,kp<=512,0.1897,2
64,n<=16,sr<=70%,kvB<=16k,kp<=8k,-0.2253,2
64,n<=16,sr<=70%,kvB<=16k,kp=0,0.19,2
64,n<=16,sr<=70%,kvB<=1k,kp<=1k,-0.3449,2
64,n<=16,sr<=70%,kvB<=1k,kp<=2k,-0.7538,2
64,n<=16,sr<=70%,kvB<=1k,kp<=4k,-0.4505,2
64,n<=16,sr<=70%,kvB<=1k,kp<=512,-0.2859,2
64,n<=16,sr<=70%,kvB<=1k,kp<=8k,0.1638,2
64,n<=16,sr<=70%,kvB<=1k,kp=0,0.4821,2
64,n<=16,sr<=70%,kvB<=4k,kp<=1k,-0.3128,2
64,n<=16,sr<=70%,kvB<=4k,kp<=2k,-0.2087,2
64,n<=16,sr<=70%,kvB<=4k,kp<=4k,-0.2232,2
64,n<=16,sr<=70%,kvB<=4k,kp<=512,-0.1018,2
64,n<=16,sr<=70%,kvB<=4k,kp<=8k,-0.2591,2
64,n<=16,sr<=70%,kvB<=4k,kp=0,0.232,2
64,n<=16,sr>70%,kvB<=16k,kp<=1k,0.3259,4
64,n<=16,sr>70%,kvB<=16k,kp<=2k,0.2412,4
64,n<=16,sr>70%,kvB<=16k,kp<=4k,-1.5789,4
64,n<=16,sr>70%,kvB<=16k,kp<=512,0.3284,4
64,n<=16,sr>70%,kvB<=16k,kp<=8k,-2.1003,4
64,n<=16,sr>70%,kvB<=16k,kp=0,0.3684,4
64,n<=16,sr>70%,kvB<=1k,kp<=1k,-1.5492,4
64,n<=16,sr>70%,kvB<=1k,kp<=2k,-1.0391,4
64,n<=16,sr>70%,kvB<=1k,kp<=4k,0.2803,4
64,n<=16,sr>70%,kvB<=1k,kp<=512,-2.0075,4
64,n<=16,sr>70%,kvB<=1k,kp<=8k,0.1647,4
64,n<=16,sr>70%,kvB<=1k,kp=0,-0.4231,3
64,n<=16,sr>70%,kvB<=4k,kp<=1k,-1.5744,4
64,n<=16,sr>70%,kvB<=4k,kp<=2k,-2.2509,4
64,n<=16,sr>70%,kvB<=4k,kp<=4k,-2.7096,4
64,n<=16,sr>70%,kvB<=4k,kp<=512,0.1048,4
64,n<=16,sr>70%,kvB<=4k,kp<=8k,-1.2623,4
64,n<=16,sr>70%,kvB<=4k,kp=0,0.4648,4
64,n<=2,sr<=70%,kvB<=16k,kp<=1k,0.3257,2
64,n<=2,sr<=70%,kvB<=16k,kp<=2k,0.2762,1
64,n<=2,sr<=70%,kvB<=16k,kp<=512,0.2945,2
64,n<=2,sr<=70%,kvB<=16k,kp<=8k,2.3354,1
64,n<=2,sr<=70%,kvB<=16k,kp=0,0.3509,2
64,n<=2,sr<=70%,kvB<=1k,kp<=1k,1.9006,2
64,n<=2,sr<=70%,kvB<=1k,kp<=2k,1.2222,1
64,n<=2,sr<=70%,kvB<=1k,kp<=4k,0.1429,1
64,n<=2,sr<=70%,kvB<=1k,kp<=512,-0.2879,2
64,n<=2,sr<=70%,kvB<=1k,kp<=8k,4.125,1
64,n<=2,sr<=70%,kvB<=1k,kp=0,1.0002,2
64,n<=2,sr<=70%,kvB<=4k,kp<=1k,0.2222,1
64,n<=2,sr<=70%,kvB<=4k,kp<=2k,0.9467,2
64,n<=2,sr<=70%,kvB<=4k,kp<=4k,2.6172,2
64,n<=2,sr<=70%,kvB<=4k,kp<=512,0.2433,2
64,n<=2,sr<=70%,kvB<=4k,kp<=8k,0.0289,2
64,n<=2,sr<=70%,kvB<=4k,kp=0,0.5561,2
64,n<=32,sr<=15%,kvB<=16k,kp<=1k,0.041,6
64,n<=32,sr<=15%,kvB<=16k,kp<=2k,0.022,6
64,n<=32,sr<=15%,kvB<=16k,kp<=4k,-0.0739,6
64,n<=32,sr<=15%,kvB<=16k,kp<=512,0.0446,6
64,n<=32,sr<=15%,kvB<=16k,kp<=8k,-0.0981,6
64,n<=32,sr<=15%,kvB<=16k,kp=0,0.0472,6
64,n<=32,sr<=15%,kvB<=1k,kp<=1k,0.0595,6
64,n<=32,sr<=15%,kvB<=1k,kp<=2k,-0.0238,6
64,n<=32,sr<=15%,kvB<=1k,kp<=4k,-0.002,6
64,n<=32,sr<=15%,kvB<=1k,kp<=512,-0.0148,6
64,n<=32,sr<=15%,kvB<=1k,kp<=8k,0.0478,6
64,n<=32,sr<=15%,kvB<=1k,kp=0,0.2812,6
64,n<=32,sr<=15%,kvB<=4k,kp<=1k,-0.1001,6
64,n<=32,sr<=15%,kvB<=4k,kp<=2k,-0.0784,6
64,n<=32,sr<=15%,kvB<=4k,kp<=4k,-0.0557,6
64,n<=32,sr<=15%,kvB<=4k,kp<=512,0.0306,6
64,n<=32,sr<=15%,kvB<=4k,kp<=8k,-0.0506,6
64,n<=32,sr<=15%,kvB<=4k,kp=0,0.0822,6
64,n<=32,sr<=40%,kvB<=16k,kp<=1k,0.064,2
64,n<=32,sr<=40%,kvB<=16k,kp<=2k,0.0584,2
64,n<=32,sr<=40%,kvB<=16k,kp<=4k,0.0117,2
64,n<=32,sr<=40%,kvB<=16k,kp<=512,0.0622,2
64,n<=32,sr<=40%,kvB<=16k,kp<=8k,-0.1067,2
64,n<=32,sr<=40%,kvB<=16k,kp=0,0.0702,2
64,n<=32,sr<=40%,kvB<=1k,kp<=1k,-0.1004,2
64,n<=32,sr<=40%,kvB<=1k,kp<=2k,-0.0196,2
64,n<=32,sr<=40%,kvB<=1k,kp<=4k,-0.0308,2
64,n<=32,sr<=40%,kvB<=1k,kp<=512,-0.108,2
64,n<=32,sr<=40%,kvB<=1k,kp<=8k,-0.0528,2
64,n<=32,sr<=40%,kvB<=1k,kp=0,0.2457,2
64,n<=32,sr<=40%,kvB<=4k,kp<=1k,0.0212,2
64,n<=32,sr<=40%,kvB<=4k,kp<=2k,-0.0591,2
64,n<=32,sr<=40%,kvB<=4k,kp<=4k,-0.0541,2
64,n<=32,sr<=40%,kvB<=4k,kp<=512,-0.0025,2
64,n<=32,sr<=40%,kvB<=4k,kp<=8k,-0.0221,2
64,n<=32,sr<=40%,kvB<=4k,kp=0,0.0016,2
64,n<=32,sr<=5%,kvB<=16k,kp<=1k,0.0907,2
64,n<=32,sr<=5%,kvB<=16k,kp<=2k,0.0761,2
64,n<=32,sr<=5%,kvB<=16k,kp<=4k,-0.023,2
64,n<=32,sr<=5%,kvB<=16k,kp<=512,0.0976,2
64,n<=32,sr<=5%,kvB<=16k,kp<=8k,-0.028,2
64,n<=32,sr<=5%,kvB<=16k,kp=0,0.1001,2
64,n<=32,sr<=5%,kvB<=1k,kp<=1k,0.0043,2
64,n<=32,sr<=5%,kvB<=1k,kp<=2k,-0.0231,2
64,n<=32,sr<=5%,kvB<=1k,kp<=4k,-0.0011,2
64,n<=32,sr<=5%,kvB<=1k,kp<=512,0.004,2
64,n<=32,sr<=5%,kvB<=1k,kp<=8k,-0.004,2
64,n<=32,sr<=5%,kvB<=1k,kp=0,0.2171,2
64,n<=32,sr<=5%,kvB<=4k,kp<=1k,-0.0096,2
64,n<=32,sr<=5%,kvB<=4k,kp<=2k,-0.0101,2
64,n<=32,sr<=5%,kvB<=4k,kp<=4k,-0.0175,2
64,n<=32,sr<=5%,kvB<=4k,kp<=512,0.0537,2
64,n<=32,sr<=5%,kvB<=4k,kp<=8k,-0.0078,2
64,n<=32,sr<=5%,kvB<=4k,kp=0,0.113,2
64,n<=32,sr<=70%,kvB<=16k,kp<=1k,-0.021,2
64,n<=32,sr<=70%,kvB<=16k,kp<=2k,-0.0038,2
64,n<=32,sr<=70%,kvB<=16k,kp<=4k,-0.028,2
64,n<=32,sr<=70%,kvB<=16k,kp<=512,-0.0128,2
64,n<=32,sr<=70%,kvB<=16k,kp<=8k,-0.2174,2
64,n<=32,sr<=70%,kvB<=16k,kp=0,-0.0101,2
64,n<=32,sr<=70%,kvB<=1k,kp<=1k,0.1202,2
64,n<=32,sr<=70%,kvB<=1k,kp<=2k,-0.02,2
64,n<=32,sr<=70%,kvB<=1k,kp<=4k,-0.068,2
64,n<=32,sr<=70%,kvB<=1k,kp<=512,-0.0151,2
64,n<=32,sr<=70%,kvB<=1k,kp<=8k,0.1876,2
64,n<=32,sr<=70%,kvB<=1k,kp=0,0.3749,2
64,n<=32,sr<=70%,kvB<=4k,kp<=1k,-0.0625,2
64,n<=32,sr<=70%,kvB<=4k,kp<=2k,-0.3497,2
64,n<=32,sr<=70%,kvB<=4k,kp<=4k,-0.1654,2
64,n<=32,sr<=70%,kvB<=4k,kp<=512,-0.0204,2
64,n<=32,sr<=70%,kvB<=4k,kp<=8k,-0.0039,2
64,n<=32,sr<=70%,kvB<=4k,kp=0,-0.0124,2
64,n<=32,sr>70%,kvB<=16k,kp<=1k,0.4087,4
64,n<=32,sr>70%,kvB<=16k,kp<=2k,0.4096,4
64,n<=32,sr>70%,kvB<=16k,kp<=4k,0.3483,4
64,n<=32,sr>70%,kvB<=16k,kp<=512,0.419,4
64,n<=32,sr>70%,kvB<=16k,kp<=8k,-0.333,4
64,n<=32,sr>70%,kvB<=16k,kp=0,0.4082,4
64,n<=32,sr>70%,kvB<=1k,kp<=1k,-0.643,4
64,n<=32,sr>70%,kvB<=1k,kp<=2k,-0.6212,4
64,n<=32,sr>70%,kvB<=1k,kp<=4k,-0.4527,4
64,n<=32,sr>70%,kvB<=1k,kp<=512,-0.6554,4
64,n<=32,sr>70%,kvB<=1k,kp<=8k,-0.2935,4
64,n<=32,sr>70%,kvB<=1k,kp=0,0.6377,4
64,n<=32,sr>70%,kvB<=4k,kp<=1k,0.2797,4
64,n<=32,sr>70%,kvB<=4k,kp<=2k,-0.6131,4
64,n<=32,sr>70%,kvB<=4k,kp<=4k,-1.1478,4
64,n<=32,sr>70%,kvB<=4k,kp<=512,0.4298,4
64,n<=32,sr>70%,kvB<=4k,kp<=8k,-1.1537,4
64,n<=32,sr>70%,kvB<=4k,kp=0,0.4367,4
64,n<=4,sr<=40%,kvB<=16k,kp<=1k,-0.3392,2
64,n<=4,sr<=40%,kvB<=16k,kp<=2k,-0.1324,2
64,n<=4,sr<=40%,kvB<=16k,kp<=4k,0.2812,2
64,n<=4,sr<=40%,kvB<=16k,kp<=512,0.0124,2
64,n<=4,sr<=40%,kvB<=16k,kp<=8k,-0.0266,2
64,n<=4,sr<=40%,kvB<=16k,kp=0,0.2639,2
64,n<=4,sr<=40%,kvB<=1k,kp<=1k,0.1298,2
64,n<=4,sr<=40%,kvB<=1k,kp<=2k,0.7313,2
64,n<=4,sr<=40%,kvB<=1k,kp<=4k,0.7138,1
64,n<=4,sr<=40%,kvB<=1k,kp<=512,0.1946,2
64,n<=4,sr<=40%,kvB<=1k,kp<=8k,-0.0048,1
64,n<=4,sr<=40%,kvB<=1k,kp=0,0.7171,2
64,n<=4,sr<=40%,kvB<=4k,kp<=1k,0.017,2
64,n<=4,sr<=40%,kvB<=4k,kp<=2k,0.0154,1
64,n<=4,sr<=40%,kvB<=4k,kp<=4k,-0.0063,1
64,n<=4,sr<=40%,kvB<=4k,kp<=512,0.0074,2
64,n<=4,sr<=40%,kvB<=4k,kp<=8k,0.4877,1
64,n<=4,sr<=40%,kvB<=4k,kp=0,-0.0162,2
64,n<=4,sr<=70%,kvB<=16k,kp<=1k,-0.3487,2
64,n<=4,sr<=70%,kvB<=16k,kp<=2k,0.137,2
64,n<=4,sr<=70%,kvB<=16k,kp<=4k,-0.1353,1
64,n<=4,sr<=70%,kvB<=16k,kp<=512,-0.1263,2
64,n<=4,sr<=70%,kvB<=16k,kp<=8k,0.0402,1
64,n<=4,sr<=70%,kvB<=16k,kp=0,0.0287,2
64,n<=4,sr<=70%,kvB<=1k,kp<=1k,-0.0196,1
64,n<=4,sr<=70%,kvB<=1k,kp<=2k,0.0457,1
64,n<=4,sr<=70%,kvB<=1k,kp<=4k,0.746,1
64,n<=4,sr<=70%,kvB<=1k,kp<=512,0.1279,2
64,n<=4,sr<=70%,kvB<=1k,kp<=8k,-0.3659,2
64,n<=4,sr<=70%,kvB<=1k,kp=0,0.7237,2
64,n<=4,sr<=70%,kvB<=4k,kp<=1k,0.4175,2
64,n<=4,sr<=70%,kvB<=4k,kp<=2k,0.0217,1
64,n<=4,sr<=70%,kvB<=4k,kp<=4k,-0.0851,1
64,n<=4,sr<=70%,kvB<=4k,kp<=512,0.1611,2
64,n<=4,sr<=70%,kvB<=4k,kp<=8k,0.4901,1
64,n<=4,sr<=70%,kvB<=4k,kp=0,0.0811,2
64,n<=4,sr>70%,kvB<=16k,kp<=1k,0.098,2
64,n<=4,sr>70%,kvB<=16k,kp<=2k,-0.9729,2
64,n<=4,sr>70%,kvB<=16k,kp<=4k,-2.1136,2
64,n<=4,sr>70%,kvB<=16k,kp<=512,0.8303,2
64,n<=4,sr>70%,kvB<=16k,kp<=8k,1.5802,2
64,n<=4,sr>70%,kvB<=16k,kp=0,1.0674,2
64,n<=4,sr>70%,kvB<=1k,kp<=1k,0.1664,2
64,n<=4,sr>70%,kvB<=1k,kp<=2k,0.8919,2
64,n<=4,sr>70%,kvB<=1k,kp<=4k,0.7613,1
64,n<=4,sr>70%,kvB<=1k,kp<=512,0.0773,2
64,n<=4,sr>70%,kvB<=1k,kp<=8k,0.6803,2
64,n<=4,sr>70%,kvB<=1k,kp=0,0.7429,1
64,n<=4,sr>70%,kvB<=4k,kp<=1k,0.0432,2
64,n<=4,sr>70%,kvB<=4k,kp<=2k,0.7753,2
64,n<=4,sr>70%,kvB<=4k,kp<=4k,-3.2821,2
64,n<=4,sr>70%,kvB<=4k,kp<=512,-0.1409,2
64,n<=4,sr>70%,kvB<=4k,kp<=8k,-1.8489,1
64,n<=4,sr>70%,kvB<=4k,kp=0,7.416,1
64,n<=64,sr<=15%,kvB<=16k,kp<=1k,0.014,4
64,n<=64,sr<=15%,kvB<=16k,kp<=2k,0.0133,4
64,n<=64,sr<=15%,kvB<=16k,kp<=4k,0.0158,4
64,n<=64,sr<=15%,kvB<=16k,kp<=512,0.015,4
64,n<=64,sr<=15%,kvB<=16k,kp<=8k,0.0302,4
64,n<=64,sr<=15%,kvB<=16k,kp=0,0.0125,4
64,n<=64,sr<=15%,kvB<=1k,kp<=1k,0.1207,4
64,n<=64,sr<=15%,kvB<=1k,kp<=2k,0.167,4
64,n<=64,sr<=15%,kvB<=1k,kp<=4k,-0.0081,4
64,n<=64,sr<=15%,kvB<=1k,kp<=512,0.1207,4
64,n<=64,sr<=15%,kvB<=1k,kp<=8k,0.0155,4
64,n<=64,sr<=15%,kvB<=1k,kp=0,0.1761,4
64,n<=64,sr<=15%,kvB<=4k,kp<=1k,0.0293,4
64,n<=64,sr<=15%,kvB<=4k,kp<=2k,0.0423,4
64,n<=64,sr<=15%,kvB<=4k,kp<=4k,0.0502,4
64,n<=64,sr<=15%,kvB<=4k,kp<=512,0.0261,4
64,n<=64,sr<=15%,kvB<=4k,kp<=8k,0.0026,4
64,n<=64,sr<=15%,kvB<=4k,kp=0,0.0263,4
64,n<=64,sr<=40%,kvB<=16k,kp<=1k,-0.0028,2
64,n<=64,sr<=40%,kvB<=16k,kp<=2k,-0.0034,2
64,n<=64,sr<=40%,kvB<=16k,kp<=4k,0.0088,2
64,n<=64,sr<=40%,kvB<=16k,kp<=512,-0.0032,2
64,n<=64,sr<=40%,kvB<=16k,kp<=8k,0.0528,2
64,n<=64,sr<=40%,kvB<=16k,kp=0,-0.0048,2
64,n<=64,sr<=40%,kvB<=1k,kp<=1k,0.1478,2
64,n<=64,sr<=40%,kvB<=1k,kp<=2k,0.141,2
64,n<=64,sr<=40%,kvB<=1k,kp<=4k,0.1461,2
64,n<=64,sr<=40%,kvB<=1k,kp<=512,0.1404,2
64,n<=64,sr<=40%,kvB<=1k,kp<=8k,0.058,2
64,n<=64,sr<=40%,kvB<=1k,kp=0,0.1976,2
64,n<=64,sr<=40%,kvB<=4k,kp<=1k,0.0122,2
64,n<=64,sr<=40%,kvB<=4k,kp<=2k,0.0538,2
64,n<=64,sr<=40%,kvB<=4k,kp<=4k,0.0625,2
64,n<=64,sr<=40%,kvB<=4k,kp<=512,-0.0047,2
64,n<=64,sr<=40%,kvB<=4k,kp<=8k,0.0291,2
64,n<=64,sr<=40%,kvB<=4k,kp=0,-0.0081,2
64,n<=64,sr<=5%,kvB<=16k,kp<=1k,0.0387,6
64,n<=64,sr<=5%,kvB<=16k,kp<=2k,0.04,6
64,n<=64,sr<=5%,kvB<=16k,kp<=4k,0.0428,6
64,n<=64,sr<=5%,kvB<=16k,kp<=512,0.0387,6
64,n<=64,sr<=5%,kvB<=16k,kp<=8k,0.0477,6
64,n<=64,sr<=5%,kvB<=16k,kp=0,0.0396,6
64,n<=64,sr<=5%,kvB<=1k,kp<=1k,0.1386,6
64,n<=64,sr<=5%,kvB<=1k,kp<=2k,0.0574,6
64,n<=64,sr<=5%,kvB<=1k,kp<=4k,-0.0063,6
64,n<=64,sr<=5%,kvB<=1k,kp<=512,0.1361,6
64,n<=64,sr<=5%,kvB<=1k,kp<=8k,0.0002,6
64,n<=64,sr<=5%,kvB<=1k,kp=0,0.1686,6
64,n<=64,sr<=5%,kvB<=4k,kp<=1k,0.0715,6
64,n<=64,sr<=5%,kvB<=4k,kp<=2k,0.0771,6
64,n<=64,sr<=5%,kvB<=4k,kp<=4k,0.0602,6
64,n<=64,sr<=5%,kvB<=4k,kp<=512,0.0624,6
64,n<=64,sr<=5%,kvB<=4k,kp<=8k,0.009,6
64,n<=64,sr<=5%,kvB<=4k,kp=0,0.0465,6
64,n<=64,sr<=70%,kvB<=16k,kp<=1k,-0.0072,2
64,n<=64,sr<=70%,kvB<=16k,kp<=2k,-0.0063,2
64,n<=64,sr<=70%,kvB<=16k,kp<=4k,0.0157,2
64,n<=64,sr<=70%,kvB<=16k,kp<=512,-0.007,2
64,n<=64,sr<=70%,kvB<=16k,kp<=8k,0.1113,2
64,n<=64,sr<=70%,kvB<=16k,kp=0,-0.0072,2
64,n<=64,sr<=70%,kvB<=1k,kp<=1k,0.3097,2
64,n<=64,sr<=70%,kvB<=1k,kp<=2k,0.38,2
64,n<=64,sr<=70%,kvB<=1k,kp<=4k,0.0,2
64,n<=64,sr<=70%,kvB<=1k,kp<=512,0.2427,2
64,n<=64,sr<=70%,kvB<=1k,kp<=8k,0.0358,2
64,n<=64,sr<=70%,kvB<=1k,kp=0,0.1683,2
64,n<=64,sr<=70%,kvB<=4k,kp<=1k,0.0181,2
64,n<=64,sr<=70%,kvB<=4k,kp<=2k,0.1307,2
64,n<=64,sr<=70%,kvB<=4k,kp<=4k,0.1923,2
64,n<=64,sr<=70%,kvB<=4k,kp<=512,-0.013,2
64,n<=64,sr<=70%,kvB<=4k,kp<=8k,0.0637,2
64,n<=64,sr<=70%,kvB<=4k,kp=0,-0.0156,2
64,n<=64,sr>70%,kvB<=16k,kp<=1k,0.0536,4
64,n<=64,sr>70%,kvB<=16k,kp<=2k,0.0563,4
64,n<=64,sr>70%,kvB<=16k,kp<=4k,0.0858,4
64,n<=64,sr>70%,kvB<=16k,kp<=512,0.0522,4
64,n<=64,sr>70%,kvB<=16k,kp<=8k,0.2779,4
64,n<=64,sr>70%,kvB<=16k,kp=0,0.0609,4
64,n<=64,sr>70%,kvB<=1k,kp<=1k,0.7805,4
64,n<=64,sr>70%,kvB<=1k,kp<=2k,0.8171,4
64,n<=64,sr>70%,kvB<=1k,kp<=4k,0.5471,4
64,n<=64,sr>70%,kvB<=1k,kp<=512,0.5627,4
64,n<=64,sr>70%,kvB<=1k,kp<=8k,0.1083,4
64,n<=64,sr>70%,kvB<=1k,kp=0,0.4967,4
64,n<=64,sr>70%,kvB<=4k,kp<=1k,0.1302,4
64,n<=64,sr>70%,kvB<=4k,kp<=2k,0.3311,4
64,n<=64,sr>70%,kvB<=4k,kp<=4k,0.5812,4
64,n<=64,sr>70%,kvB<=4k,kp<=512,0.0946,4
64,n<=64,sr>70%,kvB<=4k,kp<=8k,0.5778,4
64,n<=64,sr>70%,kvB<=4k,kp=0,0.1119,4
64,n<=8,sr<=15%,kvB<=16k,kp<=1k,-0.0211,2
64,n<=8,sr<=15%,kvB<=16k,kp<=2k,-0.1299,2
64,n<=8,sr<=15%,kvB<=16k,kp<=4k,-0.1664,2
64,n<=8,sr<=15%,kvB<=16k,kp<=512,0.0909,2
64,n<=8,sr<=15%,kvB<=16k,kp<=8k,-0.2437,2
64,n<=8,sr<=15%,kvB<=16k,kp=0,0.1667,2
64,n<=8,sr<=15%,kvB<=1k,kp<=1k,0.0438,2
64,n<=8,sr<=15%,kvB<=1k,kp<=2k,0.2793,1
64,n<=8,sr<=15%,kvB<=1k,kp<=4k,-0.0641,1
64,n<=8,sr<=15%,kvB<=1k,kp<=512,0.011,2
64,n<=8,sr<=15%,kvB<=1k,kp<=8k,-0.0227,2
64,n<=8,sr<=15%,kvB<=1k,kp=0,0.3262,2
64,n<=8,sr<=15%,kvB<=4k,kp<=1k,-0.2231,2
64,n<=8,sr<=15%,kvB<=4k,kp<=2k,-0.2564,2
64,n<=8,sr<=15%,kvB<=4k,kp<=4k,-0.3645,2
64,n<=8,sr<=15%,kvB<=4k,kp<=512,-0.2762,2
64,n<=8,sr<=15%,kvB<=4k,kp<=8k,-0.1371,1
64,n<=8,sr<=15%,kvB<=4k,kp=0,0.1354,2
64,n<=8,sr<=40%,kvB<=16k,kp<=1k,0.122,4
64,n<=8,sr<=40%,kvB<=16k,kp<=2k,-0.2228,4
64,n<=8,sr<=40%,kvB<=16k,kp<=4k,-0.2307,4
64,n<=8,sr<=40%,kvB<=16k,kp<=512,0.2809,4
64,n<=8,sr<=40%,kvB<=16k,kp<=8k,-0.003,4
64,n<=8,sr<=40%,kvB<=16k,kp=0,0.3403,4
64,n<=8,sr<=40%,kvB<=1k,kp<=1k,0.3892,4
64,n<=8,sr<=40%,kvB<=1k,kp<=2k,0.6356,2
64,n<=8,sr<=40%,kvB<=1k,kp<=4k,-0.0732,2
64,n<=8,sr<=40%,kvB<=1k,kp<=512,-0.2938,4
64,n<=8,sr<=40%,kvB<=1k,kp<=8k,-0.2002,4
64,n<=8,sr<=40%,kvB<=1k,kp=0,0.2341,4
64,n<=8,sr<=40%,kvB<=4k,kp<=1k,-0.6025,4
64,n<=8,sr<=40%,kvB<=4k,kp<=2k,-0.1801,4
64,n<=8,sr<=40%,kvB<=4k,kp<=4k,0.1995,4
64,n<=8,sr<=40%,kvB<=4k,kp<=512,-0.5468,4
64,n<=8,sr<=40%,kvB<=4k,kp<=8k,0.377,2
64,n<=8,sr<=40%,kvB<=4k,kp=0,0.0597,4
64,n<=8,sr<=70%,kvB<=16k,kp<=1k,-0.0547,2
64,n<=8,sr<=70%,kvB<=16k,kp<=2k,-0.3009,2
64,n<=8,sr<=70%,kvB<=16k,kp<=4k,-0.1763,2
64,n<=8,sr<=70%,kvB<=16k,kp<=512,-0.0077,2
64,n<=8,sr<=70%,kvB<=16k,kp<=8k,-0.0879,2
64,n<=8,sr<=70%,kvB<=16k,kp=0,0.0036,2
64,n<=8,sr<=70%,kvB<=1k,kp<=1k,0.0654,2
64,n<=8,sr<=70%,kvB<=1k,kp<=2k,0.6972,1
64,n<=8,sr<=70%,kvB<=1k,kp<=4k,-0.267,1
64,n<=8,sr<=70%,kvB<=1k,kp<=512,-0.0829,2
64,n<=8,sr<=70%,kvB<=1k,kp<=8k,-0.5467,2
64,n<=8,sr<=70%,kvB<=1k,kp=0,0.8254,2
64,n<=8,sr<=70%,kvB<=4k,kp<=1k,-0.0939,2
64,n<=8,sr<=70%,kvB<=4k,kp<=2k,-0.1378,2
64,n<=8,sr<=70%,kvB<=4k,kp<=4k,0.2339,2
64,n<=8,sr<=70%,kvB<=4k,kp<=512,-0.14,2
64,n<=8,sr<=70%,kvB<=4k,kp<=8k,-0.1507,1
64,n<=8,sr<=70%,kvB<=4k,kp=0,-0.0197,2
64,n<=8,sr>70%,kvB<=16k,kp<=1k,1.6158,4
64,n<=8,sr>70%,kvB<=16k,kp<=2k,-0.1504,4
64,n<=8,sr>70%,kvB<=16k,kp<=4k,-1.3612,4
64,n<=8,sr>70%,kvB<=16k,kp<=512,1.8762,4
64,n<=8,sr>70%,kvB<=16k,kp<=8k,-3.006,4
64,n<=8,sr>70%,kvB<=16k,kp=0,1.9093,4
64,n<=8,sr>70%,kvB<=1k,kp<=1k,0.7891,4
64,n<=8,sr>70%,kvB<=1k,kp<=2k,0.3554,4
64,n<=8,sr>70%,kvB<=1k,kp<=4k,-0.2185,4
64,n<=8,sr>70%,kvB<=1k,kp<=512,-7.0256,3
64,n<=8,sr>70%,kvB<=1k,kp<=8k,-0.7733,4
64,n<=8,sr>70%,kvB<=1k,kp=0,0.4657,4
64,n<=8,sr>70%,kvB<=4k,kp<=1k,-0.7749,4
64,n<=8,sr>70%,kvB<=4k,kp<=2k,-2.9851,4
64,n<=8,sr>70%,kvB<=4k,kp<=4k,-0.6519,4
64,n<=8,sr>70%,kvB<=4k,kp<=512,-0.0091,4
64,n<=8,sr>70%,kvB<=4k,kp<=8k,0.381,2
64,n<=8,sr>70%,kvB<=4k,kp=0,1.4069,4
128,n<=16,sr<=15%,kvB<=16k,kp<=1k,0.0987,4
128,n<=16,sr<=15%,kvB<=16k,kp<=2k,0.0147,4
128,n<=16,sr<=15%,kvB<=16k,kp<=4k,-0.0785,4
128,n<=16,sr<=15%,kvB<=16k,kp<=512,0.1407,4
128,n<=16,sr<=15%,kvB<=16k,kp<=8k,-0.0703,4
128,n<=16,sr<=15%,kvB<=16k,kp=0,0.1841,4
128,n<=16,sr<=15%,kvB<=1k,kp<=1k,-0.0275,4
128,n<=16,sr<=15%,kvB<=1k,kp<=2k,0.1166,4
128,n<=16,sr<=15%,kvB<=1k,kp<=4k,-0.0264,4
128,n<=16,sr<=15%,kvB<=1k,kp<=512,-0.0306,4
128,n<=16,sr<=15%,kvB<=1k,kp<=8k,0.1881,4
128,n<=16,sr<=15%,kvB<=1k,kp=0,0.378,4
128,n<=16,sr<=15%,kvB<=4k,kp<=1k,-0.0396,4
128,n<=16,sr<=15%,kvB<=4k,kp<=2k,-0.0618,4
128,n<=16,sr<=15%,kvB<=4k,kp<=4k,-0.0462,4
128,n<=16,sr<=15%,kvB<=4k,kp<=512,0.0286,4
128,n<=16,sr<=15%,kvB<=4k,kp<=8k,-0.0073,4
128,n<=16,sr<=15%,kvB<=4k,kp=0,0.1803,4
128,n<=16,sr<=40%,kvB<=16k,kp<=1k,0.0153,4
128,n<=16,sr<=40%,kvB<=16k,kp<=2k,-0.1215,4
128,n<=16,sr<=40%,kvB<=16k,kp<=4k,-0.1963,4
128,n<=16,sr<=40%,kvB<=16k,kp<=512,0.0924,4
128,n<=16,sr<=40%,kvB<=16k,kp<=8k,-0.1646,4
128,n<=16,sr<=40%,kvB<=16k,kp=0,0.1336,4
128,n<=16,sr<=40%,kvB<=1k,kp<=1k,-0.1153,4
128,n<=16,sr<=40%,kvB<=1k,kp<=2k,-0.1709,4
128,n<=16,sr<=40%,kvB<=1k,kp<=4k,-0.129,4
128,n<=16,sr<=40%,kvB<=1k,kp<=512,-0.1624,4
128,n<=16,sr<=40%,kvB<=1k,kp<=8k,0.0047,4
128,n<=16,sr<=40%,kvB<=1k,kp=0,0.2942,4
128,n<=16,sr<=40%,kvB<=4k,kp<=1k,-0.1925,4
128,n<=16,sr<=40%,kvB<=4k,kp<=2k,-0.1858,4
128,n<=16,sr<=40%,kvB<=4k,kp<=4k,-0.1025,4
128,n<=16,sr<=40%,kvB<=4k,kp<=512,-0.1177,4
128,n<=16,sr<=40%,kvB<=4k,kp<=8k,-0.0979,4
128,n<=16,sr<=40%,kvB<=4k,kp=0,0.0692,4
128,n<=16,sr<=70%,kvB<=16k,kp<=1k,0.0814,2
128,n<=16,sr<=70%,kvB<=16k,kp<=2k,-0.1183,2
128,n<=16,sr<=70%,kvB<=16k,kp<=4k,-0.2759,2
128,n<=16,sr<=70%,kvB<=16k,kp<=512,0.1432,2
128,n<=16,sr<=70%,kvB<=16k,kp<=8k,-0.2047,2
128,n<=16,sr<=70%,kvB<=16k,kp=0,0.1846,2
128,n<=16,sr<=70%,kvB<=1k,kp<=1k,-0.7653,2
128,n<=16,sr<=70%,kvB<=1k,kp<=2k,-0.3576,2
128,n<=16,sr<=70%,kvB<=1k,kp<=4k,0.1493,2
128,n<=16,sr<=70%,kvB<=1k,kp<=512,-0.2771,2
128,n<=16,sr<=70%,kvB<=1k,kp<=8k,0.6336,2
128,n<=16,sr<=70%,kvB<=1k,kp=0,0.3229,2
128,n<=16,sr<=70%,kvB<=4k,kp<=1k,-0.35,2
128,n<=16,sr<=70%,kvB<=4k,kp<=2k,-0.4318,2
128,n<=16,sr<=70%,kvB<=4k,kp<=4k,-0.2449,2
128,n<=16,sr<=70%,kvB<=4k,kp<=512,-0.1959,2
128,n<=16,sr<=70%,kvB<=4k,kp<=8k,-0.2499,2
128,n<=16,sr<=70%,kvB<=4k,kp=0,0.1316,2
128,n<=16,sr>70%,kvB<=16k,kp<=1k,0.1609,4
128,n<=16,sr>70%,kvB<=16k,kp<=2k,-0.4026,4
128,n<=16,sr>70%,kvB<=16k,kp<=4k,-0.8956,4
128,n<=16,sr>70%,kvB<=16k,kp<=512,0.2803,4
128,n<=16,sr>70%,kvB<=16k,kp<=8k,-1.7419,4
128,n<=16,sr>70%,kvB<=16k,kp=0,0.3557,4
128,n<=16,sr>70%,kvB<=1k,kp<=1k,-1.0605,4
128,n<=16,sr>70%,kvB<=1k,kp<=2k,0.1902,4
128,n<=16,sr>70%,kvB<=1k,kp<=4k,0.3861,4
128,n<=16,sr>70%,kvB<=1k,kp<=512,-1.2932,4
128,n<=16,sr>70%,kvB<=1k,kp<=8k,0.4002,4
128,n<=16,sr>70%,kvB<=1k,kp=0,-0.0139,4
128,n<=16,sr>70%,kvB<=4k,kp<=1k,-1.0422,4
128,n<=16,sr>70%,kvB<=4k,kp<=2k,-1.6156,4
128,n<=16,sr>70%,kvB<=4k,kp<=4k,-1.3087,4
128,n<=16,sr>70%,kvB<=4k,kp<=512,-0.5167,4
128,n<=16,sr>70%,kvB<=4k,kp<=8k,0.3284,4
128,n<=16,sr>70%,kvB<=4k,kp=0,0.3321,4
128,n<=2,sr<=70%,kvB<=16k,kp<=1k,0.9737,2
128,n<=2,sr<=70%,kvB<=16k,kp<=2k,1.028,2
128,n<=2,sr<=70%,kvB<=16k,kp<=4k,0.8496,1
128,n<=2,sr<=70%,kvB<=16k,kp<=512,0.9321,2
128,n<=2,sr<=70%,kvB<=16k,kp<=8k,0.0045,1
128,n<=2,sr<=70%,kvB<=16k,kp=0,0.9515,2
128,n<=2,sr<=70%,kvB<=1k,kp<=1k,-0.0445,1
128,n<=2,sr<=70%,kvB<=1k,kp<=4k,-1.0105,2
128,n<=2,sr<=70%,kvB<=1k,kp<=512,0.033,2
128,n<=2,sr<=70%,kvB<=1k,kp<=8k,-0.1243,2
128,n<=2,sr<=70%,kvB<=1k,kp=0,0.7805,2
128,n<=2,sr<=70%,kvB<=4k,kp<=1k,0.8406,1
128,n<=2,sr<=70%,kvB<=4k,kp<=2k,-0.0113,1
128,n<=2,sr<=70%,kvB<=4k,kp<=4k,0.0272,2
128,n<=2,sr<=70%,kvB<=4k,kp<=512,0.8161,2
128,n<=2,sr<=70%,kvB<=4k,kp<=8k,0.1123,1
128,n<=2,sr<=70%,kvB<=4k,kp=0,0.8758,2
128,n<=32,sr<=15%,kvB<=16k,kp<=1k,0.0184,6
128,n<=32,sr<=15%,kvB<=16k,kp<=2k,-0.0432,6
128,n<=32,sr<=15%,kvB<=16k,kp<=4k,-0.0967,6
128,n<=32,sr<=15%,kvB<=16k,kp<=512,0.0295,6
128,n<=32,sr<=15%,kvB<=16k,kp<=8k,-0.0827,6
128,n<=32,sr<=15%,kvB<=16k,kp=0,0.0439,6
128,n<=32,sr<=15%,kvB<=1k,kp<=1k,-0.0278,6
128,n<=32,sr<=15%,kvB<=1k,kp<=2k,-0.016,6
128,n<=32,sr<=15%,kvB<=1k,kp<=4k,0.1018,6
128,n<=32,sr<=15%,kvB<=1k,kp<=512,-0.0226,6
128,n<=32,sr<=15%,kvB<=1k,kp<=8k,-0.0021,6
128,n<=32,sr<=15%,kvB<=1k,kp=0,0.1941,6
128,n<=32,sr<=15%,kvB<=4k,kp<=1k,-0.0949,6
128,n<=32,sr<=15%,kvB<=4k,kp<=2k,-0.0749,6
128,n<=32,sr<=15%,kvB<=4k,kp<=4k,-0.0624,6
128,n<=32,sr<=15%,kvB<=4k,kp<=512,-0.0628,6
128,n<=32,sr<=15%,kvB<=4k,kp<=8k,-0.0392,6
128,n<=32,sr<=15%,kvB<=4k,kp=0,0.0526,6
128,n<=32,sr<=40%,kvB<=16k,kp<=1k,0.0296,2
128,n<=32,sr<=40%,kvB<=16k,kp<=2k,-0.0194,2
128,n<=32,sr<=40%,kvB<=16k,kp<=4k,-0.0901,2
128,n<=32,sr<=40%,kvB<=16k,kp<=512,0.057,2
128,n<=32,sr<=40%,kvB<=16k,kp<=8k,-0.0846,2
128,n<=32,sr<=40%,kvB<=16k,kp=0,0.0633,2
128,n<=32,sr<=40%,kvB<=1k,kp<=1k,-0.0661,2
128,n<=32,sr<=40%,kvB<=1k,kp<=2k,-0.0594,2
128,n<=32,sr<=40%,kvB<=1k,kp<=4k,0.0211,2
128,n<=32,sr<=40%,kvB<=1k,kp<=512,-0.0769,2
128,n<=32,sr<=40%,kvB<=1k,kp<=8k,0.0563,2
128,n<=32,sr<=40%,kvB<=1k,kp=0,0.1307,2
128,n<=32,sr<=40%,kvB<=4k,kp<=1k,-0.0701,2
128,n<=32,sr<=40%,kvB<=4k,kp<=2k,-0.0646,2
128,n<=32,sr<=40%,kvB<=4k,kp<=4k,-0.0416,2
128,n<=32,sr<=40%,kvB<=4k,kp<=512,-0.0651,2
128,n<=32,sr<=40%,kvB<=4k,kp<=8k,-0.0238,2
128,n<=32,sr<=40%,kvB<=4k,kp=0,-0.0132,2
128,n<=32,sr<=5%,kvB<=16k,kp<=1k,0.0642,2
128,n<=32,sr<=5%,kvB<=16k,kp<=2k,0.0199,2
128,n<=32,sr<=5%,kvB<=16k,kp<=4k,-0.0249,2
128,n<=32,sr<=5%,kvB<=16k,kp<=512,0.0849,2
128,n<=32,sr<=5%,kvB<=16k,kp<=8k,-0.0236,2
128,n<=32,sr<=5%,kvB<=16k,kp=0,0.0949,2
128,n<=32,sr<=5%,kvB<=1k,kp<=1k,-0.0173,2
128,n<=32,sr<=5%,kvB<=1k,kp<=2k,-0.0096,2
128,n<=32,sr<=5%,kvB<=1k,kp<=4k,-0.0172,2
128,n<=32,sr<=5%,kvB<=1k,kp<=512,-0.0101,2
128,n<=32,sr<=5%,kvB<=1k,kp<=8k,-0.0196,2
128,n<=32,sr<=5%,kvB<=1k,kp=0,0.1536,2
128,n<=32,sr<=5%,kvB<=4k,kp<=1k,-0.0244,2
128,n<=32,sr<=5%,kvB<=4k,kp<=2k,-0.0197,2
128,n<=32,sr<=5%,kvB<=4k,kp<=4k,-0.016,2
128,n<=32,sr<=5%,kvB<=4k,kp<=512,-0.008,2
128,n<=32,sr<=5%,kvB<=4k,kp<=8k,-0.0073,2
128,n<=32,sr<=5%,kvB<=4k,kp=0,0.0648,2
128,n<=32,sr<=70%,kvB<=16k,kp<=1k,-0.0124,2
128,n<=32,sr<=70%,kvB<=16k,kp<=2k,-0.0144,2
128,n<=32,sr<=70%,kvB<=16k,kp<=4k,-0.0022,2
128,n<=32,sr<=70%,kvB<=16k,kp<=512,-0.0189,2
128,n<=32,sr<=70%,kvB<=16k,kp<=8k,-0.0153,2
128,n<=32,sr<=70%,kvB<=16k,kp=0,-0.0096,2
128,n<=32,sr<=70%,kvB<=1k,kp<=1k,0.0001,2
128,n<=32,sr<=70%,kvB<=1k,kp<=2k,-0.0266,2
128,n<=32,sr<=70%,kvB<=1k,kp<=4k,0.3521,2
128,n<=32,sr<=70%,kvB<=1k,kp<=512,0.0017,2
128,n<=32,sr<=70%,kvB<=1k,kp<=8k,-0.0038,2
128,n<=32,sr<=70%,kvB<=1k,kp=0,0.2233,2
128,n<=32,sr<=70%,kvB<=4k,kp<=1k,-0.0287,2
128,n<=32,sr<=70%,kvB<=4k,kp<=2k,0.0015,2
128,n<=32,sr<=70%,kvB<=4k,kp<=4k,0.0078,2
128,n<=32,sr<=70%,kvB<=4k,kp<=512,-0.0642,2
128,n<=32,sr<=70%,kvB<=4k,kp<=8k,-0.0073,2
128,n<=32,sr<=70%,kvB<=4k,kp=0,-0.0226,2
128,n<=32,sr>70%,kvB<=16k,kp<=1k,0.3968,4
128,n<=32,sr>70%,kvB<=16k,kp<=2k,0.3299,4
128,n<=32,sr>70%,kvB<=16k,kp<=4k,-0.1554,4
128,n<=32,sr>70%,kvB<=16k,kp<=512,0.3987,4
128,n<=32,sr>70%,kvB<=16k,kp<=8k,-0.7802,4
128,n<=32,sr>70%,kvB<=16k,kp=0,0.4146,4
128,n<=32,sr>70%,kvB<=1k,kp<=1k,-0.6243,4
128,n<=32,sr>70%,kvB<=1k,kp<=2k,-0.5998,4
128,n<=32,sr>70%,kvB<=1k,kp<=4k,-0.2609,4
128,n<=32,sr>70%,kvB<=1k,kp<=512,-0.5784,4
128,n<=32,sr>70%,kvB<=1k,kp<=8k,-0.0783,4
128,n<=32,sr>70%,kvB<=1k,kp=0,0.1923,4
128,n<=32,sr>70%,kvB<=4k,kp<=1k,-0.4197,4
128,n<=32,sr>70%,kvB<=4k,kp<=2k,-0.9363,4
128,n<=32,sr>70%,kvB<=4k,kp<=4k,-1.2433,4
128,n<=32,sr>70%,kvB<=4k,kp<=512,0.2253,4
128,n<=32,sr>70%,kvB<=4k,kp<=8k,-1.08,4
128,n<=32,sr>70%,kvB<=4k,kp=0,0.4187,4
128,n<=4,sr<=40%,kvB<=16k,kp<=1k,0.2249,2
128,n<=4,sr<=40%,kvB<=16k,kp<=2k,0.2906,2
128,n<=4,sr<=40%,kvB<=16k,kp<=4k,-0.0558,2
128,n<=4,sr<=40%,kvB<=16k,kp<=512,0.3403,2
128,n<=4,sr<=40%,kvB<=16k,kp<=8k,-0.0131,1
128,n<=4,sr<=40%,kvB<=16k,kp=0,0.5151,2
128,n<=4,sr<=40%,kvB<=1k,kp<=1k,1.0507,2
128,n<=4,sr<=40%,kvB<=1k,kp<=2k,0.5537,1
128,n<=4,sr<=40%,kvB<=1k,kp<=512,0.0453,2
128,n<=4,sr<=40%,kvB<=1k,kp<=8k,0.2683,2
128,n<=4,sr<=40%,kvB<=1k,kp=0,0.7977,2
128,n<=4,sr<=40%,kvB<=4k,kp<=1k,-0.0058,1
128,n<=4,sr<=40%,kvB<=4k,kp<=2k,-0.0066,1
128,n<=4,sr<=40%,kvB<=4k,kp<=4k,0.5642,1
128,n<=4,sr<=40%,kvB<=4k,kp<=512,0.5412,2
128,n<=4,sr<=40%,kvB<=4k,kp<=8k,0.4959,1
128,n<=4,sr<=40%,kvB<=4k,kp=0,0.4855,2
128,n<=4,sr<=70%,kvB<=16k,kp<=1k,0.0028,2
128,n<=4,sr<=70%,kvB<=16k,kp<=2k,0.1581,1
128,n<=4,sr<=70%,kvB<=16k,kp<=4k,-0.1618,2
128,n<=4,sr<=70%,kvB<=16k,kp<=512,0.0548,2
128,n<=4,sr<=70%,kvB<=16k,kp<=8k,0.1667,1
128,n<=4,sr<=70%,kvB<=16k,kp=0,0.3114,2
128,n<=4,sr<=70%,kvB<=1k,kp<=1k,0.8086,1
128,n<=4,sr<=70%,kvB<=1k,kp<=2k,0.7778,2
128,n<=4,sr<=70%,kvB<=1k,kp<=4k,-0.0007,1
128,n<=4,sr<=70%,kvB<=1k,kp<=512,-0.0422,2
128,n<=4,sr<=70%,kvB<=1k,kp<=8k,0.8404,2
128,n<=4,sr<=70%,kvB<=1k,kp=0,0.765,2
128,n<=4,sr<=70%,kvB<=4k,kp<=1k,-0.0114,1
128,n<=4,sr<=70%,kvB<=4k,kp<=2k,0.0253,1
128,n<=4,sr<=70%,kvB<=4k,kp<=4k,0.5663,1
128,n<=4,sr<=70%,kvB<=4k,kp<=512,0.2545,2
128,n<=4,sr<=70%,kvB<=4k,kp<=8k,0.5718,1
128,n<=4,sr<=70%,kvB<=4k,kp=0,0.3418,2
128,n<=4,sr>70%,kvB<=16k,kp<=1k,-0.7877,2
128,n<=4,sr>70%,kvB<=16k,kp<=2k,-0.4796,2
128,n<=4,sr>70%,kvB<=16k,kp<=4k,3.4905,2
128,n<=4,sr>70%,kvB<=16k,kp<=512,-0.2765,2
128,n<=4,sr>70%,kvB<=16k,kp<=8k,-1.8309,1
128,n<=4,sr>70%,kvB<=16k,kp=0,0.0895,2
128,n<=4,sr>70%,kvB<=1k,kp<=1k,0.9257,1
128,n<=4,sr>70%,kvB<=1k,kp<=2k,0.9093,2
128,n<=4,sr>70%,kvB<=1k,kp<=4k,-0.1799,1
128,n<=4,sr>70%,kvB<=1k,kp<=512,0.9341,2
128,n<=4,sr>70%,kvB<=1k,kp<=8k,0.9659,2
128,n<=4,sr>70%,kvB<=1k,kp=0,0.6042,2
128,n<=4,sr>70%,kvB<=4k,kp<=1k,1.0984,2
128,n<=4,sr>70%,kvB<=4k,kp<=2k,-0.4007,1
128,n<=4,sr>70%,kvB<=4k,kp<=4k,0.4499,1
128,n<=4,sr>70%,kvB<=4k,kp<=512,1.5521,2
128,n<=4,sr>70%,kvB<=4k,kp<=8k,0.6734,2
128,n<=4,sr>70%,kvB<=4k,kp=0,-4.0581,2
128,n<=64,sr<=15%,kvB<=16k,kp<=1k,0.0111,4
128,n<=64,sr<=15%,kvB<=16k,kp<=2k,0.0035,4
128,n<=64,sr<=15%,kvB<=16k,kp<=4k,-0.0352,4
128,n<=64,sr<=15%,kvB<=16k,kp<=512,0.0118,4
128,n<=64,sr<=15%,kvB<=16k,kp<=8k,-0.0461,4
128,n<=64,sr<=15%,kvB<=16k,kp=0,0.014,4
128,n<=64,sr<=15%,kvB<=1k,kp<=1k,-0.0127,4
128,n<=64,sr<=15%,kvB<=1k,kp<=2k,0.007,4
128,n<=64,sr<=15%,kvB<=1k,kp<=4k,0.0136,4
128,n<=64,sr<=15%,kvB<=1k,kp<=512,-0.0001,4
128,n<=64,sr<=15%,kvB<=1k,kp<=8k,0.1084,4
128,n<=64,sr<=15%,kvB<=1k,kp=0,0.1617,4
128,n<=64,sr<=15%,kvB<=4k,kp<=1k,-0.0155,4
128,n<=64,sr<=15%,kvB<=4k,kp<=2k,-0.0216,4
128,n<=64,sr<=15%,kvB<=4k,kp<=4k,0.014,4
128,n<=64,sr<=15%,kvB<=4k,kp<=512,0.014,4
128,n<=64,sr<=15%,kvB<=4k,kp<=8k,-0.0143,4
128,n<=64,sr<=15%,kvB<=4k,kp=0,0.0245,4
128,n<=64,sr<=40%,kvB<=16k,kp<=1k,-0.0019,2
128,n<=64,sr<=40%,kvB<=16k,kp<=2k,0.0103,2
128,n<=64,sr<=40%,kvB<=16k,kp<=4k,0.0472,2
128,n<=64,sr<=40%,kvB<=16k,kp<=512,-0.0056,2
128,n<=64,sr<=40%,kvB<=16k,kp<=8k,-0.0055,2
128,n<=64,sr<=40%,kvB<=16k,kp=0,-0.0051,2
128,n<=64,sr<=40%,kvB<=1k,kp<=1k,0.088,2
128,n<=64,sr<=40%,kvB<=1k,kp<=2k,0.1743,2
128,n<=64,sr<=40%,kvB<=1k,kp<=4k,0.0887,2
128,n<=64,sr<=40%,kvB<=1k,kp<=512,0.1073,2
128,n<=64,sr<=40%,kvB<=1k,kp<=8k,0.0767,2
128,n<=64,sr<=40%,kvB<=1k,kp=0,0.2367,2
128,n<=64,sr<=40%,kvB<=4k,kp<=1k,0.0227,2
128,n<=64,sr<=40%,kvB<=4k,kp<=2k,-0.0061,2
128,n<=64,sr<=40%,kvB<=4k,kp<=4k,-0.0156,2
128,n<=64,sr<=40%,kvB<=4k,kp<=512,0.026,2
128,n<=64,sr<=40%,kvB<=4k,kp<=8k,-0.0022,2
128,n<=64,sr<=40%,kvB<=4k,kp=0,-0.0121,2
128,n<=64,sr<=5%,kvB<=16k,kp<=1k,0.0356,6
128,n<=64,sr<=5%,kvB<=16k,kp<=2k,0.0278,6
128,n<=64,sr<=5%,kvB<=16k,kp<=4k,-0.0191,6
128,n<=64,sr<=5%,kvB<=16k,kp<=512,0.0373,6
128,n<=64,sr<=5%,kvB<=16k,kp<=8k,-0.0203,6
128,n<=64,sr<=5%,kvB<=16k,kp=0,0.0393,6
128,n<=64,sr<=5%,kvB<=1k,kp<=1k,-0.003,6
128,n<=64,sr<=5%,kvB<=1k,kp<=2k,0.0012,6
128,n<=64,sr<=5%,kvB<=1k,kp<=4k,-0.0075,6
128,n<=64,sr<=5%,kvB<=1k,kp<=512,-0.0107,6
128,n<=64,sr<=5%,kvB<=1k,kp<=8k,0.003,6
128,n<=64,sr<=5%,kvB<=1k,kp=0,0.1467,6
128,n<=64,sr<=5%,kvB<=4k,kp<=1k,-0.0089,6
128,n<=64,sr<=5%,kvB<=4k,kp<=2k,-0.0048,6
128,n<=64,sr<=5%,kvB<=4k,kp<=4k,0.0108,6
128,n<=64,sr<=5%,kvB<=4k,kp<=512,0.0204,6
128,n<=64,sr<=5%,kvB<=4k,kp<=8k,-0.005,6
128,n<=64,sr<=5%,kvB<=4k,kp=0,0.0478,6
128,n<=64,sr<=70%,kvB<=16k,kp<=1k,-0.01,2
128,n<=64,sr<=70%,kvB<=16k,kp<=2k,-0.0085,2
128,n<=64,sr<=70%,kvB<=16k,kp<=4k,-0.0136,2
128,n<=64,sr<=70%,kvB<=16k,kp<=512,-0.0104,2
128,n<=64,sr<=70%,kvB<=16k,kp<=8k,-0.0881,2
128,n<=64,sr<=70%,kvB<=16k,kp=0,-0.0054,2
128,n<=64,sr<=70%,kvB<=1k,kp<=1k,0.0548,2
128,n<=64,sr<=70%,kvB<=1k,kp<=2k,0.0569,2
128,n<=64,sr<=70%,kvB<=1k,kp<=4k,0.0607,2
128,n<=64,sr<=70%,kvB<=1k,kp<=512,0.066,2
128,n<=64,sr<=70%,kvB<=1k,kp<=8k,0.3867,2
128,n<=64,sr<=70%,kvB<=1k,kp=0,0.261,2
128,n<=64,sr<=70%,kvB<=4k,kp<=1k,-0.0299,2
128,n<=64,sr<=70%,kvB<=4k,kp<=2k,-0.1436,2
128,n<=64,sr<=70%,kvB<=4k,kp<=4k,-0.1399,2
128,n<=64,sr<=70%,kvB<=4k,kp<=512,-0.0203,2
128,n<=64,sr<=70%,kvB<=4k,kp<=8k,-0.154,2
128,n<=64,sr<=70%,kvB<=4k,kp=0,-0.0107,2
128,n<=64,sr>70%,kvB<=16k,kp<=1k,0.0426,4
128,n<=64,sr>70%,kvB<=16k,kp<=2k,0.044,4
128,n<=64,sr>70%,kvB<=16k,kp<=4k,0.0524,4
128,n<=64,sr>70%,kvB<=16k,kp<=512,0.0537,4
128,n<=64,sr>70%,kvB<=16k,kp<=8k,-0.0145,4
128,n<=64,sr>70%,kvB<=16k,kp=0,0.0539,4
128,n<=64,sr>70%,kvB<=1k,kp<=1k,0.087,4
128,n<=64,sr>70%,kvB<=1k,kp<=2k,0.105,4
128,n<=64,sr>70%,kvB<=1k,kp<=4k,0.1105,4
128,n<=64,sr>70%,kvB<=1k,kp<=512,0.1744,4
128,n<=64,sr>70%,kvB<=1k,kp<=8k,0.1922,4
128,n<=64,sr>70%,kvB<=1k,kp=0,0.5824,4
128,n<=64,sr>70%,kvB<=4k,kp<=1k,0.0233,4
128,n<=64,sr>70%,kvB<=4k,kp<=2k,-0.0456,4
128,n<=64,sr>70%,kvB<=4k,kp<=4k,-0.3824,4
128,n<=64,sr>70%,kvB<=4k,kp<=512,0.0688,4
128,n<=64,sr>70%,kvB<=4k,kp<=8k,-0.3811,4
128,n<=64,sr>70%,kvB<=4k,kp=0,0.0847,4
128,n<=8,sr<=15%,kvB<=16k,kp<=1k,-0.0244,2
128,n<=8,sr<=15%,kvB<=16k,kp<=2k,-0.2202,2
128,n<=8,sr<=15%,kvB<=16k,kp<=4k,-0.3203,2
128,n<=8,sr<=15%,kvB<=16k,kp<=512,0.0452,2
128,n<=8,sr<=15%,kvB<=16k,kp<=8k,0.0308,2
128,n<=8,sr<=15%,kvB<=16k,kp=0,0.141,2
128,n<=8,sr<=15%,kvB<=1k,kp<=1k,-0.0962,1
128,n<=8,sr<=15%,kvB<=1k,kp<=2k,0.0022,1
128,n<=8,sr<=15%,kvB<=1k,kp<=4k,0.1129,2
128,n<=8,sr<=15%,kvB<=1k,kp<=512,0.5915,2
128,n<=8,sr<=15%,kvB<=1k,kp<=8k,0.2044,2
128,n<=8,sr<=15%,kvB<=1k,kp=0,0.3135,2
128,n<=8,sr<=15%,kvB<=4k,kp<=1k,-0.0724,2
128,n<=8,sr<=15%,kvB<=4k,kp<=2k,0.0573,2
128,n<=8,sr<=15%,kvB<=4k,kp<=4k,-0.1484,1
128,n<=8,sr<=15%,kvB<=4k,kp<=512,-0.2918,2
128,n<=8,sr<=15%,kvB<=4k,kp<=8k,0.2861,1
128,n<=8,sr<=15%,kvB<=4k,kp=0,0.0763,2
128,n<=8,sr<=40%,kvB<=16k,kp<=1k,0.0193,4
128,n<=8,sr<=40%,kvB<=16k,kp<=2k,-0.0777,4
128,n<=8,sr<=40%,kvB<=16k,kp<=4k,-0.0384,4
128,n<=8,sr<=40%,kvB<=16k,kp<=512,0.1717,4
128,n<=8,sr<=40%,kvB<=16k,kp<=8k,0.0985,4
128,n<=8,sr<=40%,kvB<=16k,kp=0,0.2975,4
128,n<=8,sr<=40%,kvB<=1k,kp<=1k,0.6426,2
128,n<=8,sr<=40%,kvB<=1k,kp<=2k,-0.1535,2
128,n<=8,sr<=40%,kvB<=1k,kp<=4k,-0.1464,4
128,n<=8,sr<=40%,kvB<=1k,kp<=512,0.5714,4
128,n<=8,sr<=40%,kvB<=1k,kp<=8k,0.4194,4
128,n<=8,sr<=40%,kvB<=1k,kp=0,0.3571,4
128,n<=8,sr<=40%,kvB<=4k,kp<=1k,-0.2721,4
128,n<=8,sr<=40%,kvB<=4k,kp<=2k,0.1925,4
128,n<=8,sr<=40%,kvB<=4k,kp<=4k,0.4674,2
128,n<=8,sr<=40%,kvB<=4k,kp<=512,-0.2744,4
128,n<=8,sr<=40%,kvB<=4k,kp<=8k,-0.383,2
128,n<=8,sr<=40%,kvB<=4k,kp=0,0.0257,4
128,n<=8,sr<=70%,kvB<=16k,kp<=1k,-0.2232,2
128,n<=8,sr<=70%,kvB<=16k,kp<=2k,-0.2154,2
128,n<=8,sr<=70%,kvB<=16k,kp<=4k,-0.1206,2
128,n<=8,sr<=70%,kvB<=16k,kp<=512,-0.1329,2
128,n<=8,sr<=70%,kvB<=16k,kp<=8k,-0.0229,2
128,n<=8,sr<=70%,kvB<=16k,kp=0,0.0072,2
128,n<=8,sr<=70%,kvB<=1k,kp<=1k,0.6751,1
128,n<=8,sr<=70%,kvB<=1k,kp<=2k,-0.4171,1
128,n<=8,sr<=70%,kvB<=1k,kp<=4k,-0.7998,2
128,n<=8,sr<=70%,kvB<=1k,kp<=512,0.4012,2
128,n<=8,sr<=70%,kvB<=1k,kp<=8k,0.3349,2
128,n<=8,sr<=70%,kvB<=1k,kp=0,0.3629,2
128,n<=8,sr<=70%,kvB<=4k,kp<=1k,-0.4857,2
128,n<=8,sr<=70%,kvB<=4k,kp<=2k,0.1923,2
128,n<=8,sr<=70%,kvB<=4k,kp<=4k,-0.3101,1
128,n<=8,sr<=70%,kvB<=4k,kp<=512,-0.061,2
128,n<=8,sr<=70%,kvB<=4k,kp<=8k,-0.9951,1
128,n<=8,sr<=70%,kvB<=4k,kp=0,-0.0726,2
128,n<=8,sr>70%,kvB<=16k,kp<=1k,0.7369,4
128,n<=8,sr>70%,kvB<=16k,kp<=2k,-0.1635,4
128,n<=8,sr>70%,kvB<=16k,kp<=4k,-1.866,4
128,n<=8,sr>70%,kvB<=16k,kp<=512,1.7262,4
128,n<=8,sr>70%,kvB<=16k,kp<=8k,-0.803,4
128,n<=8,sr>70%,kvB<=16k,kp=0,1.9205,4
128,n<=8,sr>70%,kvB<=1k,kp<=1k,0.7869,2
128,n<=8,sr>70%,kvB<=1k,kp<=2k,0.6945,2
128,n<=8,sr>70%,kvB<=1k,kp<=4k,0.7337,4
128,n<=8,sr>70%,kvB<=1k,kp<=512,0.8328,4
128,n<=8,sr>70%,kvB<=1k,kp<=8k,0.682,4
128,n<=8,sr>70%,kvB<=1k,kp=0,0.7538,3
128,n<=8,sr>70%,kvB<=4k,kp<=1k,-1.5111,4
128,n<=8,sr>70%,kvB<=4k,kp<=2k,-0.5948,4
128,n<=8,sr>70%,kvB<=4k,kp<=4k,0.31,2
128,n<=8,sr>70%,kvB<=4k,kp<=512,-0.045,4
128,n<=8,sr>70%,kvB<=4k,kp<=8k,0.8767,2
128,n<=8,sr>70%,kvB<=4k,kp=0,1.0051,4
256,n<=16,sr<=15%,kvB<=16k,kp<=1k,0.0756,4
256,n<=16,sr<=15%,kvB<=16k,kp<=2k,-0.0045,4
256,n<=16,sr<=15%,kvB<=16k,kp<=4k,-0.0883,4
256,n<=16,sr<=15%,kvB<=16k,kp<=512,0.1159,4
256,n<=16,sr<=15%,kvB<=16k,kp<=8k,-0.0086,4
256,n<=16,sr<=15%,kvB<=16k,kp=0,0.1601,4
256,n<=16,sr<=15%,kvB<=1k,kp<=1k,0.0747,4
256,n<=16,sr<=15%,kvB<=1k,kp<=2k,0.2618,4
256,n<=16,sr<=15%,kvB<=1k,kp<=4k,0.3818,4
256,n<=16,sr<=15%,kvB<=1k,kp<=512,-0.0385,4
256,n<=16,sr<=15%,kvB<=1k,kp<=8k,0.4259,4
256,n<=16,sr<=15%,kvB<=1k,kp=0,0.2536,4
256,n<=16,sr<=15%,kvB<=4k,kp<=1k,-0.0773,4
256,n<=16,sr<=15%,kvB<=4k,kp<=2k,0.0206,4
256,n<=16,sr<=15%,kvB<=4k,kp<=4k,0.1936,4
256,n<=16,sr<=15%,kvB<=4k,kp<=512,-0.02,4
256,n<=16,sr<=15%,kvB<=4k,kp<=8k,0.3593,4
256,n<=16,sr<=15%,kvB<=4k,kp=0,0.12,4
256,n<=16,sr<=40%,kvB<=16k,kp<=1k,-0.0486,4
256,n<=16,sr<=40%,kvB<=16k,kp<=2k,-0.1044,4
256,n<=16,sr<=40%,kvB<=16k,kp<=4k,-0.1027,4
256,n<=16,sr<=40%,kvB<=16k,kp<=512,-0.0072,4
256,n<=16,sr<=40%,kvB<=16k,kp<=8k,-0.0691,4
256,n<=16,sr<=40%,kvB<=16k,kp=0,0.0408,4
256,n<=16,sr<=40%,kvB<=1k,kp<=1k,-0.0424,4
256,n<=16,sr<=40%,kvB<=1k,kp<=2k,0.2668,4
256,n<=16,sr<=40%,kvB<=1k,kp<=4k,0.4497,4
256,n<=16,sr<=40%,kvB<=1k,kp<=512,-0.1698,4
256,n<=16,sr<=40%,kvB<=1k,kp<=8k,0.4708,4
256,n<=16,sr<=40%,kvB<=1k,kp=0,0.2069,4
256,n<=16,sr<=40%,kvB<=4k,kp<=1k,-0.1371,4
256,n<=16,sr<=40%,kvB<=4k,kp<=2k,-0.1632,4
256,n<=16,sr<=40%,kvB<=4k,kp<=4k,0.2159,4
256,n<=16,sr<=40%,kvB<=4k,kp<=512,-0.1105,4
256,n<=16,sr<=40%,kvB<=4k,kp<=8k,0.3223,4
256,n<=16,sr<=40%,kvB<=4k,kp=0,0.0145,4
256,n<=16,sr<=70%,kvB<=16k,kp<=1k,-0.0069,2
256,n<=16,sr<=70%,kvB<=16k,kp<=2k,-0.1414,2
256,n<=16,sr<=70%,kvB<=16k,kp<=4k,-0.295,2
256,n<=16,sr<=70%,kvB<=16k,kp<=512,0.0811,2
256,n<=16,sr<=70%,kvB<=16k,kp<=8k,-0.3772,2
256,n<=16,sr<=70%,kvB<=16k,kp=0,0.1451,2
256,n<=16,sr<=70%,kvB<=1k,kp<=1k,-0.5846,2
256,n<=16,sr<=70%,kvB<=1k,kp<=2k,0.1307,2
256,n<=16,sr<=70%,kvB<=1k,kp<=4k,0.2632,2
256,n<=16,sr<=70%,kvB<=1k,kp<=512,-0.841,2
256,n<=16,sr<=70%,kvB<=1k,kp<=8k,0.2919,2
256,n<=16,sr<=70%,kvB<=1k,kp=0,0.0053,2
256,n<=16,sr<=70%,kvB<=4k,kp<=1k,-0.4741,2
256,n<=16,sr<=70%,kvB<=4k,kp<=2k,-0.449,2
256,n<=16,sr<=70%,kvB<=4k,kp<=4k,-0.1981,2
256,n<=16,sr<=70%,kvB<=4k,kp<=512,-0.2276,2
256,n<=16,sr<=70%,kvB<=4k,kp<=8k,0.19,2
256,n<=16,sr<=70%,kvB<=4k,kp=0,-0.0161,2
256,n<=16,sr>70%,kvB<=16k,kp<=1k,-0.0182,4
256,n<=16,sr>70%,kvB<=16k,kp<=2k,-0.4244,4
256,n<=16,sr>70%,kvB<=16k,kp<=4k,-0.8414,4
256,n<=16,sr>70%,kvB<=16k,kp<=512,0.1058,4
256,n<=16,sr>70%,kvB<=16k,kp<=8k,-0.3052,4
256,n<=16,sr>70%,kvB<=16k,kp=0,0.2634,4
256,n<=16,sr>70%,kvB<=1k,kp<=1k,-0.0984,4
256,n<=16,sr>70%,kvB<=1k,kp<=2k,0.1652,4
256,n<=16,sr>70%,kvB<=1k,kp<=4k,0.2865,4
256,n<=16,sr>70%,kvB<=1k,kp<=512,-0.0023,4
256,n<=16,sr>70%,kvB<=1k,kp<=8k,0.2614,4
256,n<=16,sr>70%,kvB<=1k,kp=0,0.3449,4
256,n<=16,sr>70%,kvB<=4k,kp<=1k,-0.6442,4
256,n<=16,sr>70%,kvB<=4k,kp<=2k,0.0487,4
256,n<=16,sr>70%,kvB<=4k,kp<=4k,0.3146,4
256,n<=16,sr>70%,kvB<=4k,kp<=512,-0.4243,4
256,n<=16,sr>70%,kvB<=4k,kp<=8k,0.0687,4
256,n<=16,sr>70%,kvB<=4k,kp=0,-0.0085,4
256,n<=2,sr<=70%,kvB<=16k,kp<=1k,0.9932,2
256,n<=2,sr<=70%,kvB<=16k,kp<=2k,1.0385,2
256,n<=2,sr<=70%,kvB<=16k,kp<=4k,1.1466,1
256,n<=2,sr<=70%,kvB<=16k,kp<=512,0.9917,2
256,n<=2,sr<=70%,kvB<=16k,kp<=8k,-1.7943,2
256,n<=2,sr<=70%,kvB<=16k,kp=0,0.992,2
256,n<=2,sr<=70%,kvB<=1k,kp<=1k,0.2134,1
256,n<=2,sr<=70%,kvB<=1k,kp<=2k,0.4801,2
256,n<=2,sr<=70%,kvB<=1k,kp<=4k,0.4536,2
256,n<=2,sr<=70%,kvB<=1k,kp<=512,0.3472,2
256,n<=2,sr<=70%,kvB<=1k,kp<=8k,0.376,2
256,n<=2,sr<=70%,kvB<=1k,kp=0,1.0308,2
256,n<=2,sr<=70%,kvB<=4k,kp<=1k,2.555,2
256,n<=2,sr<=70%,kvB<=4k,kp<=2k,-1.1094,1
256,n<=2,sr<=70%,kvB<=4k,kp<=4k,0.7424,2
256,n<=2,sr<=70%,kvB<=4k,kp<=512,0.9549,1
256,n<=2,sr<=70%,kvB<=4k,kp<=8k,0.8408,2
256,n<=2,sr<=70%,kvB<=4k,kp=0,0.9673,2
256,n<=32,sr<=15%,kvB<=16k,kp<=1k,-0.0096,6
256,n<=32,sr<=15%,kvB<=16k,kp<=2k,-0.0335,6
256,n<=32,sr<=15%,kvB<=16k,kp<=4k,-0.0549,6
256,n<=32,sr<=15%,kvB<=16k,kp<=512,0.0093,6
256,n<=32,sr<=15%,kvB<=16k,kp<=8k,-0.0806,6
256,n<=32,sr<=15%,kvB<=16k,kp=0,0.0338,6
256,n<=32,sr<=15%,kvB<=1k,kp<=1k,-0.0378,6
256,n<=32,sr<=15%,kvB<=1k,kp<=2k,0.1476,6
256,n<=32,sr<=15%,kvB<=1k,kp<=4k,0.1005,6
256,n<=32,sr<=15%,kvB<=1k,kp<=512,-0.0341,6
256,n<=32,sr<=15%,kvB<=1k,kp<=8k,0.1952,6
256,n<=32,sr<=15%,kvB<=1k,kp=0,0.1778,6
256,n<=32,sr<=15%,kvB<=4k,kp<=1k,-0.072,6
256,n<=32,sr<=15%,kvB<=4k,kp<=2k,-0.0854,6
256,n<=32,sr<=15%,kvB<=4k,kp<=4k,-0.0138,6
256,n<=32,sr<=15%,kvB<=4k,kp<=512,-0.0543,6
256,n<=32,sr<=15%,kvB<=4k,kp<=8k,0.0833,6
256,n<=32,sr<=15%,kvB<=4k,kp=0,0.0006,6
256,n<=32,sr<=40%,kvB<=16k,kp<=1k,-0.01,2
256,n<=32,sr<=40%,kvB<=16k,kp<=2k,-0.0434,2
256,n<=32,sr<=40%,kvB<=16k,kp<=4k,-0.0809,2
256,n<=32,sr<=40%,kvB<=16k,kp<=512,0.0275,2
256,n<=32,sr<=40%,kvB<=16k,kp<=8k,-0.0705,2
256,n<=32,sr<=40%,kvB<=16k,kp=0,0.058,2
256,n<=32,sr<=40%,kvB<=1k,kp<=1k,-0.0761,2
256,n<=32,sr<=40%,kvB<=1k,kp<=2k,-0.0355,2
256,n<=32,sr<=40%,kvB<=1k,kp<=4k,0.0706,2
256,n<=32,sr<=40%,kvB<=1k,kp<=512,-0.0776,2
256,n<=32,sr<=40%,kvB<=1k,kp<=8k,0.1161,2
256,n<=32,sr<=40%,kvB<=1k,kp=0,0.1612,2
256,n<=32,sr<=40%,kvB<=4k,kp<=1k,-0.0663,2
256,n<=32,sr<=40%,kvB<=4k,kp<=2k,-0.0558,2
256,n<=32,sr<=40%,kvB<=4k,kp<=4k,-0.0311,2
256,n<=32,sr<=40%,kvB<=4k,kp<=512,-0.0537,2
256,n<=32,sr<=40%,kvB<=4k,kp<=8k,-0.0154,2
256,n<=32,sr<=40%,kvB<=4k,kp=0,-0.0638,2
256,n<=32,sr<=5%,kvB<=16k,kp<=1k,0.044,2
256,n<=32,sr<=5%,kvB<=16k,kp<=2k,0.0141,2
256,n<=32,sr<=5%,kvB<=16k,kp<=4k,-0.0227,2
256,n<=32,sr<=5%,kvB<=16k,kp<=512,0.0619,2
256,n<=32,sr<=5%,kvB<=16k,kp<=8k,-0.0159,2
256,n<=32,sr<=5%,kvB<=16k,kp=0,0.0883,2
256,n<=32,sr<=5%,kvB<=1k,kp<=1k,-0.0025,2
256,n<=32,sr<=5%,kvB<=1k,kp<=2k,0.0038,2
256,n<=32,sr<=5%,kvB<=1k,kp<=4k,-0.0082,2
256,n<=32,sr<=5%,kvB<=1k,kp<=512,-0.0253,2
256,n<=32,sr<=5%,kvB<=1k,kp<=8k,-0.0028,2
256,n<=32,sr<=5%,kvB<=1k,kp=0,0.1665,2
256,n<=32,sr<=5%,kvB<=4k,kp<=1k,-0.0174,2
256,n<=32,sr<=5%,kvB<=4k,kp<=2k,-0.0176,2
256,n<=32,sr<=5%,kvB<=4k,kp<=4k,0.0181,2
256,n<=32,sr<=5%,kvB<=4k,kp<=512,-0.0156,2
256,n<=32,sr<=5%,kvB<=4k,kp<=8k,0.0945,2
256,n<=32,sr<=5%,kvB<=4k,kp=0,0.035,2
256,n<=32,sr<=70%,kvB<=16k,kp<=1k,-0.0261,2
256,n<=32,sr<=70%,kvB<=16k,kp<=2k,-0.0211,2
256,n<=32,sr<=70%,kvB<=16k,kp<=4k,-0.0143,2
256,n<=32,sr<=70%,kvB<=16k,kp<=512,-0.0385,2
256,n<=32,sr<=70%,kvB<=16k,kp<=8k,-0.0025,2
256,n<=32,sr<=70%,kvB<=16k,kp=0,-0.0243,2
256,n<=32,sr<=70%,kvB<=1k,kp<=1k,-0.0515,2
256,n<=32,sr<=70%,kvB<=1k,kp<=2k,0.305,2
256,n<=32,sr<=70%,kvB<=1k,kp<=4k,0.0345,2
256,n<=32,sr<=70%,kvB<=1k,kp<=512,-0.0355,2
256,n<=32,sr<=70%,kvB<=1k,kp<=8k,0.0013,2
256,n<=32,sr<=70%,kvB<=1k,kp=0,0.1977,2
256,n<=32,sr<=70%,kvB<=4k,kp<=1k,-0.0487,2
256,n<=32,sr<=70%,kvB<=4k,kp<=2k,0.0067,2
256,n<=32,sr<=70%,kvB<=4k,kp<=4k,-0.0088,2
256,n<=32,sr<=70%,kvB<=4k,kp<=512,-0.0343,2
256,n<=32,sr<=70%,kvB<=4k,kp<=8k,0.0019,2
256,n<=32,sr<=70%,kvB<=4k,kp=0,-0.0234,2
256,n<=32,sr>70%,kvB<=16k,kp<=1k,0.259,4
256,n<=32,sr>70%,kvB<=16k,kp<=2k,0.0744,4
256,n<=32,sr>70%,kvB<=16k,kp<=4k,-0.2224,4
256,n<=32,sr>70%,kvB<=16k,kp<=512,0.36,4
256,n<=32,sr>70%,kvB<=16k,kp<=8k,-0.5599,4
256,n<=32,sr>70%,kvB<=16k,kp=0,0.4044,4
256,n<=32,sr>70%,kvB<=1k,kp<=1k,-0.301,4
256,n<=32,sr>70%,kvB<=1k,kp<=2k,-0.2308,4
256,n<=32,sr>70%,kvB<=1k,kp<=4k,0.0241,4
256,n<=32,sr>70%,kvB<=1k,kp<=512,-0.2622,4
256,n<=32,sr>70%,kvB<=1k,kp<=8k,0.5861,4
256,n<=32,sr>70%,kvB<=1k,kp=0,0.3444,4
256,n<=32,sr>70%,kvB<=4k,kp<=1k,-0.407,4
256,n<=32,sr>70%,kvB<=4k,kp<=2k,-0.5904,4
256,n<=32,sr>70%,kvB<=4k,kp<=4k,-0.6043,4
256,n<=32,sr>70%,kvB<=4k,kp<=512,-0.1338,4
256,n<=32,sr>70%,kvB<=4k,kp<=8k,-0.5304,4
256,n<=32,sr>70%,kvB<=4k,kp=0,0.2777,4
256,n<=4,sr<=40%,kvB<=16k,kp<=1k,0.9749,2
256,n<=4,sr<=40%,kvB<=16k,kp<=2k,0.9718,2
256,n<=4,sr<=40%,kvB<=16k,kp<=4k,0.934,1
256,n<=4,sr<=40%,kvB<=16k,kp<=512,0.9656,2
256,n<=4,sr<=40%,kvB<=16k,kp<=8k,0.5783,1
256,n<=4,sr<=40%,kvB<=16k,kp=0,0.9604,2
256,n<=4,sr<=40%,kvB<=1k,kp<=1k,0.3453,2
256,n<=4,sr<=40%,kvB<=1k,kp<=2k,0.5765,2
256,n<=4,sr<=40%,kvB<=1k,kp<=4k,0.6173,2
256,n<=4,sr<=40%,kvB<=1k,kp<=512,-0.3571,1
256,n<=4,sr<=40%,kvB<=1k,kp<=8k,0.703,2
256,n<=4,sr<=40%,kvB<=1k,kp=0,0.9058,2
256,n<=4,sr<=40%,kvB<=4k,kp<=1k,0.8935,1
256,n<=4,sr<=40%,kvB<=4k,kp<=2k,-0.2734,1
256,n<=4,sr<=40%,kvB<=4k,kp<=4k,0.7448,2
256,n<=4,sr<=40%,kvB<=4k,kp<=512,0.8809,2
256,n<=4,sr<=40%,kvB<=4k,kp<=8k,0.8386,2
256,n<=4,sr<=40%,kvB<=4k,kp=0,0.9122,2
256,n<=4,sr<=70%,kvB<=16k,kp<=1k,0.924,2
256,n<=4,sr<=70%,kvB<=16k,kp<=2k,0.9533,2
256,n<=4,sr<=70%,kvB<=16k,kp<=4k,0.9725,1
256,n<=4,sr<=70%,kvB<=16k,kp<=512,0.9638,2
256,n<=4,sr<=70%,kvB<=16k,kp<=8k,-0.213,1
256,n<=4,sr<=70%,kvB<=16k,kp=0,0.9414,2
256,n<=4,sr<=70%,kvB<=1k,kp<=1k,0.551,2
256,n<=4,sr<=70%,kvB<=1k,kp<=2k,0.8568,2
256,n<=4,sr<=70%,kvB<=1k,kp<=4k,0.814,2
256,n<=4,sr<=70%,kvB<=1k,kp<=512,-15.3333,1
256,n<=4,sr<=70%,kvB<=1k,kp<=8k,1.0164,2
256,n<=4,sr<=70%,kvB<=1k,kp=0,0.908,2
256,n<=4,sr<=70%,kvB<=4k,kp<=1k,0.9131,1
256,n<=4,sr<=70%,kvB<=4k,kp<=2k,-3.845,1
256,n<=4,sr<=70%,kvB<=4k,kp<=4k,0.8097,2
256,n<=4,sr<=70%,kvB<=4k,kp<=512,0.8809,2
256,n<=4,sr<=70%,kvB<=4k,kp<=8k,0.945,2
256,n<=4,sr<=70%,kvB<=4k,kp=0,0.858,2
256,n<=4,sr>70%,kvB<=16k,kp<=1k,0.8773,2
256,n<=4,sr>70%,kvB<=16k,kp<=2k,0.9269,2
256,n<=4,sr>70%,kvB<=16k,kp<=4k,0.9141,1
256,n<=4,sr>70%,kvB<=16k,kp<=512,0.9554,2
256,n<=4,sr>70%,kvB<=16k,kp<=8k,0.8819,1
256,n<=4,sr>70%,kvB<=16k,kp=0,0.9553,2
256,n<=4,sr>70%,kvB<=1k,kp<=1k,-0.1176,1
256,n<=4,sr>70%,kvB<=1k,kp<=2k,0.8219,2
256,n<=4,sr>70%,kvB<=1k,kp<=4k,0.8026,2
256,n<=4,sr>70%,kvB<=1k,kp<=512,-13.0,1
256,n<=4,sr>70%,kvB<=1k,kp<=8k,0.7912,2
256,n<=4,sr>70%,kvB<=1k,kp=0,0.9274,2
256,n<=4,sr>70%,kvB<=4k,kp<=1k,0.7524,2
256,n<=4,sr>70%,kvB<=4k,kp<=4k,0.8274,2
256,n<=4,sr>70%,kvB<=4k,kp<=512,0.7316,2
256,n<=4,sr>70%,kvB<=4k,kp<=8k,0.9647,2
256,n<=4,sr>70%,kvB<=4k,kp=0,0.7557,2
256,n<=64,sr<=15%,kvB<=16k,kp<=1k,-0.0009,4
256,n<=64,sr<=15%,kvB<=16k,kp<=2k,-0.0176,4
256,n<=64,sr<=15%,kvB<=16k,kp<=4k,-0.0203,4
256,n<=64,sr<=15%,kvB<=16k,kp<=512,0.0047,4
256,n<=64,sr<=15%,kvB<=16k,kp<=8k,-0.0174,4
256,n<=64,sr<=15%,kvB<=16k,kp=0,0.0132,4
256,n<=64,sr<=15%,kvB<=1k,kp<=1k,0.0015,4
256,n<=64,sr<=15%,kvB<=1k,kp<=2k,-0.0079,4
256,n<=64,sr<=15%,kvB<=1k,kp<=4k,0.139,4
256,n<=64,sr<=15%,kvB<=1k,kp<=512,-0.0026,4
256,n<=64,sr<=15%,kvB<=1k,kp<=8k,0.0541,4
256,n<=64,sr<=15%,kvB<=1k,kp=0,0.1464,4
256,n<=64,sr<=15%,kvB<=4k,kp<=1k,-0.0191,4
256,n<=64,sr<=15%,kvB<=4k,kp<=2k,-0.0189,4
256,n<=64,sr<=15%,kvB<=4k,kp<=4k,-0.0152,4
256,n<=64,sr<=15%,kvB<=4k,kp<=512,-0.0077,4
256,n<=64,sr<=15%,kvB<=4k,kp<=8k,-0.0035,4
256,n<=64,sr<=15%,kvB<=4k,kp=0,0.0117,4
256,n<=64,sr<=40%,kvB<=16k,kp<=1k,-0.0083,2
256,n<=64,sr<=40%,kvB<=16k,kp<=2k,-0.0056,2
256,n<=64,sr<=40%,kvB<=16k,kp<=4k,-0.0048,2
256,n<=64,sr<=40%,kvB<=16k,kp<=512,-0.0039,2
256,n<=64,sr<=40%,kvB<=16k,kp<=8k,-0.0019,2
256,n<=64,sr<=40%,kvB<=16k,kp=0,-0.0056,2
256,n<=64,sr<=40%,kvB<=1k,kp<=1k,0.0861,2
256,n<=64,sr<=40%,kvB<=1k,kp<=2k,0.0943,2
256,n<=64,sr<=40%,kvB<=1k,kp<=4k,0.0827,2
256,n<=64,sr<=40%,kvB<=1k,kp<=512,0.0933,2
256,n<=64,sr<=40%,kvB<=1k,kp<=8k,0.0474,2
256,n<=64,sr<=40%,kvB<=1k,kp=0,0.23,2
256,n<=64,sr<=40%,kvB<=4k,kp<=1k,-0.0101,2
256,n<=64,sr<=40%,kvB<=4k,kp<=2k,-0.0041,2
256,n<=64,sr<=40%,kvB<=4k,kp<=4k,-0.0055,2
256,n<=64,sr<=40%,kvB<=4k,kp<=512,-0.0158,2
256,n<=64,sr<=40%,kvB<=4k,kp<=8k,0.0009,2
256,n<=64,sr<=40%,kvB<=4k,kp=0,-0.0042,2
256,n<=64,sr<=5%,kvB<=16k,kp<=1k,0.0169,6
256,n<=64,sr<=5%,kvB<=16k,kp<=2k,-0.0006,6
256,n<=64,sr<=5%,kvB<=16k,kp<=4k,-0.0169,6
256,n<=64,sr<=5%,kvB<=16k,kp<=512,0.03,6
256,n<=64,sr<=5%,kvB<=16k,kp<=8k,-0.0162,6
256,n<=64,sr<=5%,kvB<=16k,kp=0,0.0377,6
256,n<=64,sr<=5%,kvB<=1k,kp<=1k,-0.0018,6
256,n<=64,sr<=5%,kvB<=1k,kp<=2k,-0.0059,6
256,n<=64,sr<=5%,kvB<=1k,kp<=4k,0.0121,6
256,n<=64,sr<=5%,kvB<=1k,kp<=512,-0.0105,6
256,n<=64,sr<=5%,kvB<=1k,kp<=8k,0.0123,6
256,n<=64,sr<=5%,kvB<=1k,kp=0,0.1362,6
256,n<=64,sr<=5%,kvB<=4k,kp<=1k,-0.0073,6
256,n<=64,sr<=5%,kvB<=4k,kp<=2k,-0.0054,6
256,n<=64,sr<=5%,kvB<=4k,kp<=4k,-0.0035,6
256,n<=64,sr<=5%,kvB<=4k,kp<=512,0.0059,6
256,n<=64,sr<=5%,kvB<=4k,kp<=8k,0.0079,6
256,n<=64,sr<=5%,kvB<=4k,kp=0,0.0321,6
256,n<=64,sr<=70%,kvB<=16k,kp<=1k,-0.0098,2
256,n<=64,sr<=70%,kvB<=16k,kp<=2k,-0.0019,2
256,n<=64,sr<=70%,kvB<=16k,kp<=4k,-0.0054,2
256,n<=64,sr<=70%,kvB<=16k,kp<=512,-0.014,2
256,n<=64,sr<=70%,kvB<=16k,kp<=8k,-0.0062,2
256,n<=64,sr<=70%,kvB<=16k,kp=0,-0.0093,2
256,n<=64,sr<=70%,kvB<=1k,kp<=1k,0.0799,2
256,n<=64,sr<=70%,kvB<=1k,kp<=2k,0.0723,2
256,n<=64,sr<=70%,kvB<=1k,kp<=4k,0.4412,2
256,n<=64,sr<=70%,kvB<=1k,kp<=512,0.0447,2
256,n<=64,sr<=70%,kvB<=1k,kp<=8k,0.027,2
256,n<=64,sr<=70%,kvB<=1k,kp=0,0.2451,2
256,n<=64,sr<=70%,kvB<=4k,kp<=1k,-0.0223,2
256,n<=64,sr<=70%,kvB<=4k,kp<=2k,-0.0092,2
256,n<=64,sr<=70%,kvB<=4k,kp<=4k,-0.0136,2
256,n<=64,sr<=70%,kvB<=4k,kp<=512,-0.0272,2
256,n<=64,sr<=70%,kvB<=4k,kp<=8k,0.0042,2
256,n<=64,sr<=70%,kvB<=4k,kp=0,-0.0155,2
256,n<=64,sr>70%,kvB<=16k,kp<=1k,0.0403,4
256,n<=64,sr>70%,kvB<=16k,kp<=2k,0.0427,4
256,n<=64,sr>70%,kvB<=16k,kp<=4k,-0.013,4
256,n<=64,sr>70%,kvB<=16k,kp<=512,0.0416,4
256,n<=64,sr>70%,kvB<=16k,kp<=8k,-0.1075,4
256,n<=64,sr>70%,kvB<=16k,kp=0,0.0532,4
256,n<=64,sr>70%,kvB<=1k,kp<=1k,0.1134,4
256,n<=64,sr>70%,kvB<=1k,kp<=2k,0.1795,4
256,n<=64,sr>70%,kvB<=1k,kp<=4k,0.16,4
256,n<=64,sr>70%,kvB<=1k,kp<=512,0.0896,4
256,n<=64,sr>70%,kvB<=1k,kp<=8k,0.2209,4
256,n<=64,sr>70%,kvB<=1k,kp=0,0.4727,4
256,n<=64,sr>70%,kvB<=4k,kp<=1k,-0.0917,4
256,n<=64,sr>70%,kvB<=4k,kp<=2k,-0.1267,4
256,n<=64,sr>70%,kvB<=4k,kp<=4k,-0.1236,4
256,n<=64,sr>70%,kvB<=4k,kp<=512,0.0892,4
256,n<=64,sr>70%,kvB<=4k,kp<=8k,-0.1393,4
256,n<=64,sr>70%,kvB<=4k,kp=0,0.0883,4
256,n<=8,sr<=15%,kvB<=16k,kp<=1k,0.4215,2
256,n<=8,sr<=15%,kvB<=16k,kp<=2k,0.1973,2
256,n<=8,sr<=15%,kvB<=16k,kp<=4k,0.0146,2
256,n<=8,sr<=15%,kvB<=16k,kp<=512,0.5331,2
256,n<=8,sr<=15%,kvB<=16k,kp<=8k,-0.0049,2
256,n<=8,sr<=15%,kvB<=16k,kp=0,0.6168,2
256,n<=8,sr<=15%,kvB<=1k,kp<=1k,0.3295,1
256,n<=8,sr<=15%,kvB<=1k,kp<=2k,0.6289,2
256,n<=8,sr<=15%,kvB<=1k,kp<=4k,0.5997,2
256,n<=8,sr<=15%,kvB<=1k,kp<=512,-1.4782,1
256,n<=8,sr<=15%,kvB<=1k,kp<=8k,0.5839,2
256,n<=8,sr<=15%,kvB<=1k,kp=0,0.5066,2
256,n<=8,sr<=15%,kvB<=4k,kp<=1k,0.3155,2
256,n<=8,sr<=15%,kvB<=4k,kp<=2k,-0.0346,1
256,n<=8,sr<=15%,kvB<=4k,kp<=4k,0.7798,1
256,n<=8,sr<=15%,kvB<=4k,kp<=512,0.2373,2
256,n<=8,sr<=15%,kvB<=4k,kp<=8k,0.8587,2
256,n<=8,sr<=15%,kvB<=4k,kp=0,0.3074,2
256,n<=8,sr<=40%,kvB<=16k,kp<=1k,0.232,4
256,n<=8,sr<=40%,kvB<=16k,kp<=2k,0.032,4
256,n<=8,sr<=40%,kvB<=16k,kp<=4k,0.1601,4
256,n<=8,sr<=40%,kvB<=16k,kp<=512,0.3215,4
256,n<=8,sr<=40%,kvB<=16k,kp<=8k,0.4088,2
256,n<=8,sr<=40%,kvB<=16k,kp=0,0.4826,4
256,n<=8,sr<=40%,kvB<=1k,kp<=1k,0.6048,2
256,n<=8,sr<=40%,kvB<=1k,kp<=2k,0.7542,4
256,n<=8,sr<=40%,kvB<=1k,kp<=4k,0.8087,4
256,n<=8,sr<=40%,kvB<=1k,kp<=512,0.4986,2
256,n<=8,sr<=40%,kvB<=1k,kp<=8k,0.8246,4
256,n<=8,sr<=40%,kvB<=1k,kp=0,0.5126,4
256,n<=8,sr<=40%,kvB<=4k,kp<=1k,0.1842,4
256,n<=8,sr<=40%,kvB<=4k,kp<=2k,0.453,2
256,n<=8,sr<=40%,kvB<=4k,kp<=4k,0.8376,2
256,n<=8,sr<=40%,kvB<=4k,kp<=512,0.0086,4
256,n<=8,sr<=40%,kvB<=4k,kp<=8k,0.894,4
256,n<=8,sr<=40%,kvB<=4k,kp=0,0.1211,4
256,n<=8,sr<=70%,kvB<=16k,kp<=1k,0.0577,2
256,n<=8,sr<=70%,kvB<=16k,kp<=2k,-0.2303,2
256,n<=8,sr<=70%,kvB<=16k,kp<=4k,-0.5175,2
256,n<=8,sr<=70%,kvB<=16k,kp<=512,0.1539,2
256,n<=8,sr<=70%,kvB<=16k,kp<=8k,-0.4795,1
256,n<=8,sr<=70%,kvB<=16k,kp=0,0.2955,2
256,n<=8,sr<=70%,kvB<=1k,kp<=1k,0.5079,1
256,n<=8,sr<=70%,kvB<=1k,kp<=2k,0.7233,2
256,n<=8,sr<=70%,kvB<=1k,kp<=4k,0.8885,2
256,n<=8,sr<=70%,kvB<=1k,kp<=512,0.4966,1
256,n<=8,sr<=70%,kvB<=1k,kp<=8k,0.8308,2
256,n<=8,sr<=70%,kvB<=1k,kp=0,0.5851,2
256,n<=8,sr<=70%,kvB<=4k,kp<=1k,0.1812,2
256,n<=8,sr<=70%,kvB<=4k,kp<=2k,0.4441,1
256,n<=8,sr<=70%,kvB<=4k,kp<=4k,0.8157,1
256,n<=8,sr<=70%,kvB<=4k,kp<=512,-0.409,2
256,n<=8,sr<=70%,kvB<=4k,kp<=8k,0.9044,2
256,n<=8,sr<=70%,kvB<=4k,kp=0,-0.058,2
256,n<=8,sr>70%,kvB<=16k,kp<=1k,-0.3645,4
256,n<=8,sr>70%,kvB<=16k,kp<=2k,-0.6735,4
256,n<=8,sr>70%,kvB<=16k,kp<=4k,0.1373,4
256,n<=8,sr>70%,kvB<=16k,kp<=512,-0.2026,4
256,n<=8,sr>70%,kvB<=16k,kp<=8k,0.2257,2
256,n<=8,sr>70%,kvB<=16k,kp=0,0.0429,4
256,n<=8,sr>70%,kvB<=1k,kp<=1k,0.6043,3
256,n<=8,sr>70%,kvB<=1k,kp<=2k,0.7062,4
256,n<=8,sr>70%,kvB<=1k,kp<=4k,0.8312,4
256,n<=8,sr>70%,kvB<=1k,kp<=512,0.7615,2
256,n<=8,sr>70%,kvB<=1k,kp<=8k,0.8242,4
256,n<=8,sr>70%,kvB<=1k,kp=0,0.8635,4
256,n<=8,sr>70%,kvB<=4k,kp<=1k,-0.0649,4
256,n<=8,sr>70%,kvB<=4k,kp<=2k,0.1525,3
256,n<=8,sr>70%,kvB<=4k,kp<=4k,0.7837,2
256,n<=8,sr>70%,kvB<=4k,kp<=512,-0.4845,4
256,n<=8,sr>70%,kvB<=4k,kp<=8k,0.8762,4
256,n<=8,sr>70%,kvB<=4k,kp=0,-0.6599,4
512,n<=16,sr<=15%,kvB<=16k,kp<=1k,0.5413,4
512,n<=16,sr<=15%,kvB<=16k,kp<=2k,0.4612,4
512,n<=16,sr<=15%,kvB<=16k,kp<=4k,0.3583,4
512,n<=16,sr<=15%,kvB<=16k,kp<=512,0.5815,4
512,n<=16,sr<=15%,kvB<=16k,kp<=8k,0.3432,4
512,n<=16,sr<=15%,kvB<=16k,kp=0,0.6066,4
512,n<=16,sr<=15%,kvB<=1k,kp<=1k,0.1679,4
512,n<=16,sr<=15%,kvB<=1k,kp<=2k,0.1406,4
512,n<=16,sr<=15%,kvB<=1k,kp<=4k,0.1925,4
512,n<=16,sr<=15%,kvB<=1k,kp<=512,0.1317,4
512,n<=16,sr<=15%,kvB<=1k,kp<=8k,0.2102,4
512,n<=16,sr<=15%,kvB<=1k,kp=0,-0.0241,4
512,n<=16,sr<=15%,kvB<=4k,kp<=1k,0.214,4
512,n<=16,sr<=15%,kvB<=4k,kp<=2k,0.2777,4
512,n<=16,sr<=15%,kvB<=4k,kp<=4k,0.4895,4
512,n<=16,sr<=15%,kvB<=4k,kp<=512,0.2888,4
512,n<=16,sr<=15%,kvB<=4k,kp<=8k,0.5309,4
512,n<=16,sr<=15%,kvB<=4k,kp=0,0.4169,4
512,n<=16,sr<=40%,kvB<=16k,kp<=1k,0.4743,4
512,n<=16,sr<=40%,kvB<=16k,kp<=2k,0.3755,4
512,n<=16,sr<=40%,kvB<=16k,kp<=4k,0.3017,4
512,n<=16,sr<=40%,kvB<=16k,kp<=512,0.5185,4
512,n<=16,sr<=40%,kvB<=16k,kp<=8k,0.4014,4
512,n<=16,sr<=40%,kvB<=16k,kp=0,0.5577,4
512,n<=16,sr<=40%,kvB<=1k,kp<=1k,0.0899,4
512,n<=16,sr<=40%,kvB<=1k,kp<=2k,0.1195,4
512,n<=16,sr<=40%,kvB<=1k,kp<=4k,0.2618,4
512,n<=16,sr<=40%,kvB<=1k,kp<=512,0.0686,4
512,n<=16,sr<=40%,kvB<=1k,kp<=8k,0.3791,4
512,n<=16,sr<=40%,kvB<=1k,kp=0,-0.0881,4
512,n<=16,sr<=40%,kvB<=4k,kp<=1k,0.1309,4
512,n<=16,sr<=40%,kvB<=4k,kp<=2k,0.3336,4
512,n<=16,sr<=40%,kvB<=4k,kp<=4k,0.5106,4
512,n<=16,sr<=40%,kvB<=4k,kp<=512,0.2144,4
512,n<=16,sr<=40%,kvB<=4k,kp<=8k,0.5523,4
512,n<=16,sr<=40%,kvB<=4k,kp=0,0.3084,4
512,n<=16,sr<=70%,kvB<=16k,kp<=1k,0.2295,2
512,n<=16,sr<=70%,kvB<=16k,kp<=2k,0.0641,2
512,n<=16,sr<=70%,kvB<=16k,kp<=4k,-0.0402,2
512,n<=16,sr<=70%,kvB<=16k,kp<=512,0.2916,2
512,n<=16,sr<=70%,kvB<=16k,kp<=8k,0.0964,2
512,n<=16,sr<=70%,kvB<=16k,kp=0,0.354,2
512,n<=16,sr<=70%,kvB<=1k,kp<=1k,-0.3385,2
512,n<=16,sr<=70%,kvB<=1k,kp<=2k,0.0612,2
512,n<=16,sr<=70%,kvB<=1k,kp<=4k,0.2121,2
512,n<=16,sr<=70%,kvB<=1k,kp<=512,-0.2145,2
512,n<=16,sr<=70%,kvB<=1k,kp<=8k,0.1569,2
512,n<=16,sr<=70%,kvB<=1k,kp=0,-0.2607,2
512,n<=16,sr<=70%,kvB<=4k,kp<=1k,-0.2856,2
512,n<=16,sr<=70%,kvB<=4k,kp<=2k,0.1681,2
512,n<=16,sr<=70%,kvB<=4k,kp<=4k,0.3549,2
512,n<=16,sr<=70%,kvB<=4k,kp<=512,-0.1568,2
512,n<=16,sr<=70%,kvB<=4k,kp<=8k,0.3276,2
512,n<=16,sr<=70%,kvB<=4k,kp=0,-0.0238,2
512,n<=16,sr>70%,kvB<=16k,kp<=1k,-0.1509,4
512,n<=16,sr>70%,kvB<=16k,kp<=2k,-0.2633,4
512,n<=16,sr>70%,kvB<=16k,kp<=4k,0.0746,4
512,n<=16,sr>70%,kvB<=16k,kp<=512,-0.1015,4
512,n<=16,sr>70%,kvB<=16k,kp<=8k,0.0666,4
512,n<=16,sr>70%,kvB<=16k,kp=0,-0.0326,4
512,n<=16,sr>70%,kvB<=1k,kp<=1k,-0.2995,4
512,n<=16,sr>70%,kvB<=1k,kp<=2k,0.0935,4
512,n<=16,sr>70%,kvB<=1k,kp<=4k,0.1483,4
512,n<=16,sr>70%,kvB<=1k,kp<=512,-0.3639,4
512,n<=16,sr>70%,kvB<=1k,kp<=8k,-0.1084,4
512,n<=16,sr>70%,kvB<=1k,kp=0,-0.1466,4
512,n<=16,sr>70%,kvB<=4k,kp<=1k,0.0876,4
512,n<=16,sr>70%,kvB<=4k,kp<=2k,0.1447,4
512,n<=16,sr>70%,kvB<=4k,kp<=4k,0.1274,4
512,n<=16,sr>70%,kvB<=4k,kp<=512,-0.2108,4
512,n<=16,sr>70%,kvB<=4k,kp<=8k,0.1856,4
512,n<=16,sr>70%,kvB<=4k,kp=0,-0.3934,4
512,n<=2,sr<=70%,kvB<=16k,kp<=1k,0.9976,2
512,n<=2,sr<=70%,kvB<=16k,kp<=2k,0.9927,2
512,n<=2,sr<=70%,kvB<=16k,kp<=4k,1.0018,1
512,n<=2,sr<=70%,kvB<=16k,kp<=512,1.01,2
512,n<=2,sr<=70%,kvB<=16k,kp<=8k,0.9016,1
512,n<=2,sr<=70%,kvB<=16k,kp=0,0.9959,2
512,n<=2,sr<=70%,kvB<=1k,kp<=1k,0.9253,2
512,n<=2,sr<=70%,kvB<=1k,kp<=2k,0.9426,2
512,n<=2,sr<=70%,kvB<=1k,kp<=4k,0.5768,2
512,n<=2,sr<=70%,kvB<=1k,kp<=512,0.9051,1
512,n<=2,sr<=70%,kvB<=1k,kp<=8k,0.1389,2
512,n<=2,sr<=70%,kvB<=1k,kp=0,0.9841,2
512,n<=2,sr<=70%,kvB<=4k,kp<=1k,1.006,2
512,n<=2,sr<=70%,kvB<=4k,kp<=2k,1.0085,2
512,n<=2,sr<=70%,kvB<=4k,kp<=4k,0.9032,2
512,n<=2,sr<=70%,kvB<=4k,kp<=512,0.9805,2
512,n<=2,sr<=70%,kvB<=4k,kp<=8k,0.7498,2
512,n<=2,sr<=70%,kvB<=4k,kp=0,0.9909,2
512,n<=32,sr<=15%,kvB<=16k,kp<=1k,0.0873,6
512,n<=32,sr<=15%,kvB<=16k,kp<=2k,0.0681,6
512,n<=32,sr<=15%,kvB<=16k,kp<=4k,0.067,6
512,n<=32,sr<=15%,kvB<=16k,kp<=512,0.1063,6
512,n<=32,sr<=15%,kvB<=16k,kp<=8k,0.1498,6
512,n<=32,sr<=15%,kvB<=16k,kp=0,0.1297,6
512,n<=32,sr<=15%,kvB<=1k,kp<=1k,0.0182,6
512,n<=32,sr<=15%,kvB<=1k,kp<=2k,0.0414,6
512,n<=32,sr<=15%,kvB<=1k,kp<=4k,0.0496,6
512,n<=32,sr<=15%,kvB<=1k,kp<=512,0.0245,6
512,n<=32,sr<=15%,kvB<=1k,kp<=8k,0.0756,6
512,n<=32,sr<=15%,kvB<=1k,kp=0,0.0252,6
512,n<=32,sr<=15%,kvB<=4k,kp<=1k,0.0616,6
512,n<=32,sr<=15%,kvB<=4k,kp<=2k,0.0662,6
512,n<=32,sr<=15%,kvB<=4k,kp<=4k,0.0873,6
512,n<=32,sr<=15%,kvB<=4k,kp<=512,0.0267,6
512,n<=32,sr<=15%,kvB<=4k,kp<=8k,0.0986,6
512,n<=32,sr<=15%,kvB<=4k,kp=0,0.0264,6
512,n<=32,sr<=40%,kvB<=16k,kp<=1k,-0.0146,2
512,n<=32,sr<=40%,kvB<=16k,kp<=2k,-0.001,2
512,n<=32,sr<=40%,kvB<=16k,kp<=4k,0.0275,2
512,n<=32,sr<=40%,kvB<=16k,kp<=512,0.0007,2
512,n<=32,sr<=40%,kvB<=16k,kp<=8k,0.0365,2
512,n<=32,sr<=40%,kvB<=16k,kp=0,0.0254,2
512,n<=32,sr<=40%,kvB<=1k,kp<=1k,-0.0371,2
512,n<=32,sr<=40%,kvB<=1k,kp<=2k,0.0424,2
512,n<=32,sr<=40%,kvB<=1k,kp<=4k,0.1116,2
512,n<=32,sr<=40%,kvB<=1k,kp<=512,-0.0107,2
512,n<=32,sr<=40%,kvB<=1k,kp<=8k,0.1022,2
512,n<=32,sr<=40%,kvB<=1k,kp=0,-0.0481,2
512,n<=32,sr<=40%,kvB<=4k,kp<=1k,-0.0631,2
512,n<=32,sr<=40%,kvB<=4k,kp<=2k,-0.0313,2
512,n<=32,sr<=40%,kvB<=4k,kp<=4k,-0.0201,2
512,n<=32,sr<=40%,kvB<=4k,kp<=512,-0.0594,2
512,n<=32,sr<=40%,kvB<=4k,kp<=8k,-0.0187,2
512,n<=32,sr<=40%,kvB<=4k,kp=0,-0.0645,2
512,n<=32,sr<=5%,kvB<=16k,kp<=1k,0.139,2
512,n<=32,sr<=5%,kvB<=16k,kp<=2k,0.118,2
512,n<=32,sr<=5%,kvB<=16k,kp<=4k,0.1131,2
512,n<=32,sr<=5%,kvB<=16k,kp<=512,0.1573,2
512,n<=32,sr<=5%,kvB<=16k,kp<=8k,0.1867,2
512,n<=32,sr<=5%,kvB<=16k,kp=0,0.18,2
512,n<=32,sr<=5%,kvB<=1k,kp<=1k,-0.003,2
512,n<=32,sr<=5%,kvB<=1k,kp<=2k,-0.0066,2
512,n<=32,sr<=5%,kvB<=1k,kp<=4k,0.0018,2
512,n<=32,sr<=5%,kvB<=1k,kp<=512,-0.0222,2
512,n<=32,sr<=5%,kvB<=1k,kp<=8k,0.0149,2
512,n<=32,sr<=5%,kvB<=1k,kp=0,-0.0141,2
512,n<=32,sr<=5%,kvB<=4k,kp<=1k,0.1004,2
512,n<=32,sr<=5%,kvB<=4k,kp<=2k,0.0991,2
512,n<=32,sr<=5%,kvB<=4k,kp<=4k,0.1071,2
512,n<=32,sr<=5%,kvB<=4k,kp<=512,0.0541,2
512,n<=32,sr<=5%,kvB<=4k,kp<=8k,0.1081,2
512,n<=32,sr<=5%,kvB<=4k,kp=0,0.0764,2
512,n<=32,sr<=70%,kvB<=16k,kp<=1k,-0.0396,2
512,n<=32,sr<=70%,kvB<=16k,kp<=2k,-0.0251,2
512,n<=32,sr<=70%,kvB<=16k,kp<=4k,-0.0094,2
512,n<=32,sr<=70%,kvB<=16k,kp<=512,-0.0376,2
512,n<=32,sr<=70%,kvB<=16k,kp<=8k,-0.0059,2
512,n<=32,sr<=70%,kvB<=16k,kp=0,-0.03,2
512,n<=32,sr<=70%,kvB<=1k,kp<=1k,0.0089,2
512,n<=32,sr<=70%,kvB<=1k,kp<=2k,-0.0122,2
512,n<=32,sr<=70%,kvB<=1k,kp<=4k,0.0563,2
512,n<=32,sr<=70%,kvB<=1k,kp<=512,-0.001,2
512,n<=32,sr<=70%,kvB<=1k,kp<=8k,0.0883,2
512,n<=32,sr<=70%,kvB<=1k,kp=0,0.0626,2
512,n<=32,sr<=70%,kvB<=4k,kp<=1k,-0.0122,2
512,n<=32,sr<=70%,kvB<=4k,kp<=2k,-0.0158,2
512,n<=32,sr<=70%,kvB<=4k,kp<=4k,-0.0094,2
512,n<=32,sr<=70%,kvB<=4k,kp<=512,-0.0138,2
512,n<=32,sr<=70%,kvB<=4k,kp<=8k,0.0124,2
512,n<=32,sr<=70%,kvB<=4k,kp=0,-0.0242,2
512,n<=32,sr>70%,kvB<=16k,kp<=1k,0.1265,4
512,n<=32,sr>70%,kvB<=16k,kp<=2k,0.018,4
512,n<=32,sr>70%,kvB<=16k,kp<=4k,-0.0374,4
512,n<=32,sr>70%,kvB<=16k,kp<=512,0.1941,4
512,n<=32,sr>70%,kvB<=16k,kp<=8k,0.1314,4
512,n<=32,sr>70%,kvB<=16k,kp=0,0.2954,4
512,n<=32,sr>70%,kvB<=1k,kp<=1k,-0.0689,4
512,n<=32,sr>70%,kvB<=1k,kp<=2k,0.3285,4
512,n<=32,sr>70%,kvB<=1k,kp<=4k,0.4449,4
512,n<=32,sr>70%,kvB<=1k,kp<=512,-0.034,4
512,n<=32,sr>70%,kvB<=1k,kp<=8k,0.4466,4
512,n<=32,sr>70%,kvB<=1k,kp=0,0.0574,4
512,n<=32,sr>70%,kvB<=4k,kp<=1k,-0.0809,4
512,n<=32,sr>70%,kvB<=4k,kp<=2k,0.2843,4
512,n<=32,sr>70%,kvB<=4k,kp<=4k,0.4382,4
512,n<=32,sr>70%,kvB<=4k,kp<=512,-0.0781,4
512,n<=32,sr>70%,kvB<=4k,kp<=8k,0.4564,4
512,n<=32,sr>70%,kvB<=4k,kp=0,0.0746,4
512,n<=4,sr<=40%,kvB<=16k,kp<=1k,1.0002,2
512,n<=4,sr<=40%,kvB<=16k,kp<=2k,0.9967,2
512,n<=4,sr<=40%,kvB<=16k,kp<=4k,0.9817,2
512,n<=4,sr<=40%,kvB<=16k,kp<=512,0.983,2
512,n<=4,sr<=40%,kvB<=16k,kp<=8k,0.8907,2
512,n<=4,sr<=40%,kvB<=16k,kp=0,0.9923,2
512,n<=4,sr<=40%,kvB<=1k,kp<=1k,0.921,2
512,n<=4,sr<=40%,kvB<=1k,kp<=2k,0.7117,2
512,n<=4,sr<=40%,kvB<=1k,kp<=4k,0.2939,2
512,n<=4,sr<=40%,kvB<=1k,kp<=512,0.6859,2
512,n<=4,sr<=40%,kvB<=1k,kp<=8k,0.1682,2
512,n<=4,sr<=40%,kvB<=1k,kp=0,1.0445,1
512,n<=4,sr<=40%,kvB<=4k,kp<=1k,0.9601,2
512,n<=4,sr<=40%,kvB<=4k,kp<=2k,0.7963,2
512,n<=4,sr<=40%,kvB<=4k,kp<=4k,0.7437,2
512,n<=4,sr<=40%,kvB<=4k,kp<=512,0.9808,2
512,n<=4,sr<=40%,kvB<=4k,kp<=8k,0.7363,2
512,n<=4,sr<=40%,kvB<=4k,kp=0,0.9952,2
512,n<=4,sr<=70%,kvB<=16k,kp<=1k,0.9914,2
512,n<=4,sr<=70%,kvB<=16k,kp<=2k,0.9919,2
512,n<=4,sr<=70%,kvB<=16k,kp<=4k,0.9981,1
512,n<=4,sr<=70%,kvB<=16k,kp<=512,0.9785,2
512,n<=4,sr<=70%,kvB<=16k,kp<=8k,0.9151,2
512,n<=4,sr<=70%,kvB<=16k,kp=0,0.9918,2
512,n<=4,sr<=70%,kvB<=1k,kp<=1k,0.9339,2
512,n<=4,sr<=70%,kvB<=1k,kp<=2k,0.581,2
512,n<=4,sr<=70%,kvB<=1k,kp<=4k,0.1793,2
512,n<=4,sr<=70%,kvB<=1k,kp<=512,0.8902,2
512,n<=4,sr<=70%,kvB<=1k,kp<=8k,0.5316,2
512,n<=4,sr<=70%,kvB<=1k,kp=0,0.9566,1
512,n<=4,sr<=70%,kvB<=4k,kp<=1k,0.9869,1
512,n<=4,sr<=70%,kvB<=4k,kp<=2k,0.7861,1
512,n<=4,sr<=70%,kvB<=4k,kp<=4k,0.7707,2
512,n<=4,sr<=70%,kvB<=4k,kp<=512,0.9916,2
512,n<=4,sr<=70%,kvB<=4k,kp<=8k,0.8346,2
512,n<=4,sr<=70%,kvB<=4k,kp=0,1.0038,2
512,n<=4,sr>70%,kvB<=16k,kp<=1k,1.01,2
512,n<=4,sr>70%,kvB<=16k,kp<=2k,1.0064,2
512,n<=4,sr>70%,kvB<=16k,kp<=4k,0.9871,2
512,n<=4,sr>70%,kvB<=16k,kp<=512,0.9844,2
512,n<=4,sr>70%,kvB<=16k,kp<=8k,0.8727,1
512,n<=4,sr>70%,kvB<=16k,kp=0,1.0147,2
512,n<=4,sr>70%,kvB<=1k,kp<=1k,0.9343,2
512,n<=4,sr>70%,kvB<=1k,kp<=2k,0.8499,2
512,n<=4,sr>70%,kvB<=1k,kp<=4k,0.2536,2
512,n<=4,sr>70%,kvB<=1k,kp<=512,1.1855,1
512,n<=4,sr>70%,kvB<=1k,kp<=8k,0.7643,2
512,n<=4,sr>70%,kvB<=1k,kp=0,0.9824,1
512,n<=4,sr>70%,kvB<=4k,kp<=1k,0.9725,2
512,n<=4,sr>70%,kvB<=4k,kp<=2k,0.9274,2
512,n<=4,sr>70%,kvB<=4k,kp<=4k,0.7731,2
512,n<=4,sr>70%,kvB<=4k,kp<=512,0.9715,2
512,n<=4,sr>70%,kvB<=4k,kp<=8k,0.9522,2
512,n<=4,sr>70%,kvB<=4k,kp=0,0.9571,2
512,n<=64,sr<=15%,kvB<=16k,kp<=1k,-0.0088,4
512,n<=64,sr<=15%,kvB<=16k,kp<=2k,-0.0034,4
512,n<=64,sr<=15%,kvB<=16k,kp<=4k,0.0117,4
512,n<=64,sr<=15%,kvB<=16k,kp<=512,-0.0039,4
512,n<=64,sr<=15%,kvB<=16k,kp<=8k,0.0134,4
512,n<=64,sr<=15%,kvB<=16k,kp=0,0.0052,4
512,n<=64,sr<=15%,kvB<=1k,kp<=1k,0.0422,4
512,n<=64,sr<=15%,kvB<=1k,kp<=2k,0.039,4
512,n<=64,sr<=15%,kvB<=1k,kp<=4k,0.0502,4
512,n<=64,sr<=15%,kvB<=1k,kp<=512,0.0309,4
512,n<=64,sr<=15%,kvB<=1k,kp<=8k,0.064,4
512,n<=64,sr<=15%,kvB<=1k,kp=0,0.0358,4
512,n<=64,sr<=15%,kvB<=4k,kp<=1k,0.0064,4
512,n<=64,sr<=15%,kvB<=4k,kp<=2k,0.0141,4
512,n<=64,sr<=15%,kvB<=4k,kp<=4k,0.0161,4
512,n<=64,sr<=15%,kvB<=4k,kp<=512,0.0085,4
512,n<=64,sr<=15%,kvB<=4k,kp<=8k,0.0251,4
512,n<=64,sr<=15%,kvB<=4k,kp=0,-0.0001,4
512,n<=64,sr<=40%,kvB<=16k,kp<=1k,-0.0115,2
512,n<=64,sr<=40%,kvB<=16k,kp<=2k,-0.0093,2
512,n<=64,sr<=40%,kvB<=16k,kp<=4k,-0.0052,2
512,n<=64,sr<=40%,kvB<=16k,kp<=512,-0.009,2
512,n<=64,sr<=40%,kvB<=16k,kp<=8k,-0.0016,2
512,n<=64,sr<=40%,kvB<=16k,kp=0,-0.0089,2
512,n<=64,sr<=40%,kvB<=1k,kp<=1k,0.0775,2
512,n<=64,sr<=40%,kvB<=1k,kp<=2k,0.0981,2
512,n<=64,sr<=40%,kvB<=1k,kp<=4k,0.0832,2
512,n<=64,sr<=40%,kvB<=1k,kp<=512,0.0738,2
512,n<=64,sr<=40%,kvB<=1k,kp<=8k,0.0898,2
512,n<=64,sr<=40%,kvB<=1k,kp=0,0.0793,2
512,n<=64,sr<=40%,kvB<=4k,kp<=1k,-0.0075,2
512,n<=64,sr<=40%,kvB<=4k,kp<=2k,-0.01,2
512,n<=64,sr<=40%,kvB<=4k,kp<=4k,-0.0036,2
512,n<=64,sr<=40%,kvB<=4k,kp<=512,-0.0009,2
512,n<=64,sr<=40%,kvB<=4k,kp<=8k,-0.0062,2
512,n<=64,sr<=40%,kvB<=4k,kp=0,-0.0081,2
512,n<=64,sr<=5%,kvB<=16k,kp<=1k,0.0151,6
512,n<=64,sr<=5%,kvB<=16k,kp<=2k,0.0164,6
512,n<=64,sr<=5%,kvB<=16k,kp<=4k,0.0342,6
512,n<=64,sr<=5%,kvB<=16k,kp<=512,0.021,6
512,n<=64,sr<=5%,kvB<=16k,kp<=8k,0.0344,6
512,n<=64,sr<=5%,kvB<=16k,kp=0,0.0312,6
512,n<=64,sr<=5%,kvB<=1k,kp<=1k,0.0098,6
512,n<=64,sr<=5%,kvB<=1k,kp<=2k,-0.0033,6
512,n<=64,sr<=5%,kvB<=1k,kp<=4k,0.0018,6
512,n<=64,sr<=5%,kvB<=1k,kp<=512,0.0071,6
512,n<=64,sr<=5%,kvB<=1k,kp<=8k,0.001,6
512,n<=64,sr<=5%,kvB<=1k,kp=0,0.0011,6
512,n<=64,sr<=5%,kvB<=4k,kp<=1k,0.0248,6
512,n<=64,sr<=5%,kvB<=4k,kp<=2k,0.0245,6
512,n<=64,sr<=5%,kvB<=4k,kp<=4k,0.0325,6
512,n<=64,sr<=5%,kvB<=4k,kp<=512,0.0227,6
512,n<=64,sr<=5%,kvB<=4k,kp<=8k,0.0336,6
512,n<=64,sr<=5%,kvB<=4k,kp=0,0.0188,6
512,n<=64,sr<=70%,kvB<=16k,kp<=1k,-0.021,2
512,n<=64,sr<=70%,kvB<=16k,kp<=2k,-0.0121,2
512,n<=64,sr<=70%,kvB<=16k,kp<=4k,-0.0027,2
512,n<=64,sr<=70%,kvB<=16k,kp<=512,-0.0278,2
512,n<=64,sr<=70%,kvB<=16k,kp<=8k,0.0033,2
512,n<=64,sr<=70%,kvB<=16k,kp=0,-0.0159,2
512,n<=64,sr<=70%,kvB<=1k,kp<=1k,0.0647,2
512,n<=64,sr<=70%,kvB<=1k,kp<=2k,0.1033,2
512,n<=64,sr<=70%,kvB<=1k,kp<=4k,0.0865,2
512,n<=64,sr<=70%,kvB<=1k,kp<=512,0.0767,2
512,n<=64,sr<=70%,kvB<=1k,kp<=8k,0.0867,2
512,n<=64,sr<=70%,kvB<=1k,kp=0,0.1008,2
512,n<=64,sr<=70%,kvB<=4k,kp<=1k,-0.0176,2
512,n<=64,sr<=70%,kvB<=4k,kp<=2k,-0.0119,2
512,n<=64,sr<=70%,kvB<=4k,kp<=4k,-0.0065,2
512,n<=64,sr<=70%,kvB<=4k,kp<=512,-0.0126,2
512,n<=64,sr<=70%,kvB<=4k,kp<=8k,-0.0068,2
512,n<=64,sr<=70%,kvB<=4k,kp=0,-0.003,2
512,n<=64,sr>70%,kvB<=16k,kp<=1k,-0.0244,4
512,n<=64,sr>70%,kvB<=16k,kp<=2k,-0.0197,4
512,n<=64,sr>70%,kvB<=16k,kp<=4k,-0.0088,4
512,n<=64,sr>70%,kvB<=16k,kp<=512,-0.0116,4
512,n<=64,sr>70%,kvB<=16k,kp<=8k,0.0238,4
512,n<=64,sr>70%,kvB<=16k,kp=0,0.0231,4
512,n<=64,sr>70%,kvB<=1k,kp<=1k,0.1666,4
512,n<=64,sr>70%,kvB<=1k,kp<=2k,0.2922,4
512,n<=64,sr>70%,kvB<=1k,kp<=4k,0.3475,4
512,n<=64,sr>70%,kvB<=1k,kp<=512,0.2047,4
512,n<=64,sr>70%,kvB<=1k,kp<=8k,0.3281,4
512,n<=64,sr>70%,kvB<=1k,kp=0,0.254,4
512,n<=64,sr>70%,kvB<=4k,kp<=1k,-0.0273,4
512,n<=64,sr>70%,kvB<=4k,kp<=2k,0.0539,4
512,n<=64,sr>70%,kvB<=4k,kp<=4k,0.1057,4
512,n<=64,sr>70%,kvB<=4k,kp<=512,-0.0121,4
512,n<=64,sr>70%,kvB<=4k,kp<=8k,0.1019,4
512,n<=64,sr>70%,kvB<=4k,kp=0,0.0516,4
512,n<=8,sr<=15%,kvB<=16k,kp<=1k,0.9753,2
512,n<=8,sr<=15%,kvB<=16k,kp<=2k,0.9706,2
512,n<=8,sr<=15%,kvB<=16k,kp<=4k,0.9312,2
512,n<=8,sr<=15%,kvB<=16k,kp<=512,0.9755,2
512,n<=8,sr<=15%,kvB<=16k,kp<=8k,0.8245,2
512,n<=8,sr<=15%,kvB<=16k,kp=0,0.9721,2
512,n<=8,sr<=15%,kvB<=1k,kp<=1k,0.6038,2
512,n<=8,sr<=15%,kvB<=1k,kp<=2k,0.2355,2
512,n<=8,sr<=15%,kvB<=1k,kp<=4k,0.2373,2
512,n<=8,sr<=15%,kvB<=1k,kp<=512,0.3814,2
512,n<=8,sr<=15%,kvB<=1k,kp<=8k,0.3455,2
512,n<=8,sr<=15%,kvB<=1k,kp=0,0.5104,2
512,n<=8,sr<=15%,kvB<=4k,kp<=1k,0.7917,2
512,n<=8,sr<=15%,kvB<=4k,kp<=2k,0.5414,2
512,n<=8,sr<=15%,kvB<=4k,kp<=4k,0.717,2
512,n<=8,sr<=15%,kvB<=4k,kp<=512,0.9441,2
512,n<=8,sr<=15%,kvB<=4k,kp<=8k,0.7005,2
512,n<=8,sr<=15%,kvB<=4k,kp=0,0.9538,2
512,n<=8,sr<=40%,kvB<=16k,kp<=1k,0.9633,4
512,n<=8,sr<=40%,kvB<=16k,kp<=2k,0.9587,4
512,n<=8,sr<=40%,kvB<=16k,kp<=4k,0.9505,3
512,n<=8,sr<=40%,kvB<=16k,kp<=512,0.9649,4
512,n<=8,sr<=40%,kvB<=16k,kp<=8k,0.914,4
512,n<=8,sr<=40%,kvB<=16k,kp=0,0.9666,4
512,n<=8,sr<=40%,kvB<=1k,kp<=1k,0.6062,4
512,n<=8,sr<=40%,kvB<=1k,kp<=2k,0.2561,4
512,n<=8,sr<=40%,kvB<=1k,kp<=4k,0.3303,4
512,n<=8,sr<=40%,kvB<=1k,kp<=512,0.4989,4
512,n<=8,sr<=40%,kvB<=1k,kp<=8k,0.5792,4
512,n<=8,sr<=40%,kvB<=1k,kp=0,0.5272,4
512,n<=8,sr<=40%,kvB<=4k,kp<=1k,0.8108,4
512,n<=8,sr<=40%,kvB<=4k,kp<=2k,0.5596,4
512,n<=8,sr<=40%,kvB<=4k,kp<=4k,0.7631,4
512,n<=8,sr<=40%,kvB<=4k,kp<=512,0.936,4
512,n<=8,sr<=40%,kvB<=4k,kp<=8k,0.8394,4
512,n<=8,sr<=40%,kvB<=4k,kp=0,0.9274,4
512,n<=8,sr<=70%,kvB<=16k,kp<=1k,0.9552,2
512,n<=8,sr<=70%,kvB<=16k,kp<=2k,0.9632,2
512,n<=8,sr<=70%,kvB<=16k,kp<=4k,0.9589,1
512,n<=8,sr<=70%,kvB<=16k,kp<=512,0.9472,2
512,n<=8,sr<=70%,kvB<=16k,kp<=8k,0.9382,2
512,n<=8,sr<=70%,kvB<=16k,kp=0,0.9588,2
512,n<=8,sr<=70%,kvB<=1k,kp<=1k,0.395,2
512,n<=8,sr<=70%,kvB<=1k,kp<=2k,0.2355,2
512,n<=8,sr<=70%,kvB<=1k,kp<=4k,0.6133,2
512,n<=8,sr<=70%,kvB<=1k,kp<=512,0.347,2
512,n<=8,sr<=70%,kvB<=1k,kp<=8k,0.8373,2
512,n<=8,sr<=70%,kvB<=1k,kp=0,0.5685,1
512,n<=8,sr<=70%,kvB<=4k,kp<=1k,0.8735,2
512,n<=8,sr<=70%,kvB<=4k,kp<=2k,0.5986,1
512,n<=8,sr<=70%,kvB<=4k,kp<=4k,0.8353,2
512,n<=8,sr<=70%,kvB<=4k,kp<=512,0.9068,2
512,n<=8,sr<=70%,kvB<=4k,kp<=8k,0.8695,2
512,n<=8,sr<=70%,kvB<=4k,kp=0,0.9228,2
512,n<=8,sr>70%,kvB<=16k,kp<=1k,0.9383,4
512,n<=8,sr>70%,kvB<=16k,kp<=2k,0.9266,4
512,n<=8,sr>70%,kvB<=16k,kp<=4k,0.9759,2
512,n<=8,sr>70%,kvB<=16k,kp<=512,0.9446,4
512,n<=8,sr>70%,kvB<=16k,kp<=8k,0.9158,4
512,n<=8,sr>70%,kvB<=16k,kp=0,0.9539,4
512,n<=8,sr>70%,kvB<=1k,kp<=1k,0.656,4
512,n<=8,sr>70%,kvB<=1k,kp<=2k,0.3045,4
512,n<=8,sr>70%,kvB<=1k,kp<=4k,0.6376,4
512,n<=8,sr>70%,kvB<=1k,kp<=512,0.7593,4
512,n<=8,sr>70%,kvB<=1k,kp<=8k,0.8394,3
512,n<=8,sr>70%,kvB<=1k,kp=0,0.6089,3
512,n<=8,sr>70%,kvB<=4k,kp<=1k,0.7968,3
512,n<=8,sr>70%,kvB<=4k,kp<=2k,0.3958,4
512,n<=8,sr>70%,kvB<=4k,kp<=4k,0.9153,4
512,n<=8,sr>70%,kvB<=4k,kp<=512,0.8692,4
512,n<=8,sr>70%,kvB<=4k,kp<=8k,0.8005,4
512,n<=8,sr>70%,kvB<=4k,kp=0,0.8894,4
1024,n<=16,sr<=15%,kvB<=16k,kp<=1k,0.3888,4
1024,n<=16,sr<=15%,kvB<=16k,kp<=2k,0.2914,4
1024,n<=16,sr<=15%,kvB<=16k,kp<=4k,0.1368,4
1024,n<=16,sr<=15%,kvB<=16k,kp<=512,0.466,4
1024,n<=16,sr<=15%,kvB<=16k,kp<=8k,0.2065,4
1024,n<=16,sr<=15%,kvB<=16k,kp=0,0.5453,4
1024,n<=16,sr<=15%,kvB<=1k,kp<=1k,0.0365,4
1024,n<=16,sr<=15%,kvB<=1k,kp<=2k,-0.0293,4
1024,n<=16,sr<=15%,kvB<=1k,kp<=4k,0.0298,4
1024,n<=16,sr<=15%,kvB<=1k,kp<=512,0.0691,4
1024,n<=16,sr<=15%,kvB<=1k,kp<=8k,0.0536,4
1024,n<=16,sr<=15%,kvB<=1k,kp=0,0.0438,4
1024,n<=16,sr<=15%,kvB<=4k,kp<=1k,0.1311,4
1024,n<=16,sr<=15%,kvB<=4k,kp<=2k,0.0685,4
1024,n<=16,sr<=15%,kvB<=4k,kp<=4k,0.051,4
1024,n<=16,sr<=15%,kvB<=4k,kp<=512,0.1154,4
1024,n<=16,sr<=15%,kvB<=4k,kp<=8k,0.0343,4
1024,n<=16,sr<=15%,kvB<=4k,kp=0,0.1793,4
1024,n<=16,sr<=40%,kvB<=16k,kp<=1k,0.3032,4
1024,n<=16,sr<=40%,kvB<=16k,kp<=2k,0.2046,4
1024,n<=16,sr<=40%,kvB<=16k,kp<=4k,0.0952,4
1024,n<=16,sr<=40%,kvB<=16k,kp<=512,0.3872,4
1024,n<=16,sr<=40%,kvB<=16k,kp<=8k,0.3354,4
1024,n<=16,sr<=40%,kvB<=16k,kp=0,0.4811,4
1024,n<=16,sr<=40%,kvB<=1k,kp<=1k,0.0455,4
1024,n<=16,sr<=40%,kvB<=1k,kp<=2k,0.0277,4
1024,n<=16,sr<=40%,kvB<=1k,kp<=4k,-0.0732,4
1024,n<=16,sr<=40%,kvB<=1k,kp<=512,0.064,4
1024,n<=16,sr<=40%,kvB<=1k,kp<=8k,-0.0325,4
1024,n<=16,sr<=40%,kvB<=1k,kp=0,0.1385,4
1024,n<=16,sr<=40%,kvB<=4k,kp<=1k,0.1867,4
1024,n<=16,sr<=40%,kvB<=4k,kp<=2k,0.1874,4
1024,n<=16,sr<=40%,kvB<=4k,kp<=4k,0.1667,4
1024,n<=16,sr<=40%,kvB<=4k,kp<=512,0.0803,4
1024,n<=16,sr<=40%,kvB<=4k,kp<=8k,0.2385,4
1024,n<=16,sr<=40%,kvB<=4k,kp=0,0.0762,4
1024,n<=16,sr<=70%,kvB<=16k,kp<=1k,0.0118,2
1024,n<=16,sr<=70%,kvB<=16k,kp<=2k,-0.1901,2
1024,n<=16,sr<=70%,kvB<=16k,kp<=4k,-0.0586,2
1024,n<=16,sr<=70%,kvB<=16k,kp<=512,0.0963,2
1024,n<=16,sr<=70%,kvB<=16k,kp<=8k,0.1269,2
1024,n<=16,sr<=70%,kvB<=16k,kp=0,0.2187,2
1024,n<=16,sr<=70%,kvB<=1k,kp<=1k,-0.1379,2
1024,n<=16,sr<=70%,kvB<=1k,kp<=2k,-0.2081,2
1024,n<=16,sr<=70%,kvB<=1k,kp<=4k,-0.3382,2
1024,n<=16,sr<=70%,kvB<=1k,kp<=512,-0.1655,2
1024,n<=16,sr<=70%,kvB<=1k,kp<=8k,-0.5618,2
1024,n<=16,sr<=70%,kvB<=1k,kp=0,-0.1498,2
1024,n<=16,sr<=70%,kvB<=4k,kp<=1k,-0.0717,2
1024,n<=16,sr<=70%,kvB<=4k,kp<=2k,0.051,2
1024,n<=16,sr<=70%,kvB<=4k,kp<=4k,0.1036,2
1024,n<=16,sr<=70%,kvB<=4k,kp<=512,-0.2649,2
1024,n<=16,sr<=70%,kvB<=4k,kp<=8k,0.1905,2
1024,n<=16,sr<=70%,kvB<=4k,kp=0,-0.2767,2
1024,n<=16,sr>70%,kvB<=16k,kp<=1k,-0.3521,4
1024,n<=16,sr>70%,kvB<=16k,kp<=2k,-0.3686,4
1024,n<=16,sr>70%,kvB<=16k,kp<=4k,-0.1553,4
1024,n<=16,sr>70%,kvB<=16k,kp<=512,-0.2896,4
1024,n<=16,sr>70%,kvB<=16k,kp<=8k,0.0316,4
1024,n<=16,sr>70%,kvB<=16k,kp=0,-0.2004,4
1024,n<=16,sr>70%,kvB<=1k,kp<=1k,-0.2231,4
1024,n<=16,sr>70%,kvB<=1k,kp<=2k,-0.4451,4
1024,n<=16,sr>70%,kvB<=1k,kp<=4k,-0.3898,4
1024,n<=16,sr>70%,kvB<=1k,kp<=512,-0.1869,4
1024,n<=16,sr>70%,kvB<=1k,kp<=8k,-0.0234,4
1024,n<=16,sr>70%,kvB<=1k,kp=0,-0.1193,4
1024,n<=16,sr>70%,kvB<=4k,kp<=1k,-0.0861,4
1024,n<=16,sr>70%,kvB<=4k,kp<=2k,-0.1842,4
1024,n<=16,sr>70%,kvB<=4k,kp<=4k,-0.0608,4
1024,n<=16,sr>70%,kvB<=4k,kp<=512,-0.0376,4
1024,n<=16,sr>70%,kvB<=4k,kp<=8k,-0.0188,4
1024,n<=16,sr>70%,kvB<=4k,kp=0,-0.3562,4
1024,n<=2,sr<=70%,kvB<=16k,kp<=1k,1.0092,2
1024,n<=2,sr<=70%,kvB<=16k,kp<=2k,0.9929,2
1024,n<=2,sr<=70%,kvB<=16k,kp<=4k,1.0177,2
1024,n<=2,sr<=70%,kvB<=16k,kp<=512,0.9925,2
1024,n<=2,sr<=70%,kvB<=16k,kp<=8k,-0.9351,2
1024,n<=2,sr<=70%,kvB<=16k,kp=0,1.007,2
1024,n<=2,sr<=70%,kvB<=1k,kp<=1k,-0.5978,2
1024,n<=2,sr<=70%,kvB<=1k,kp<=2k,-0.0475,1
1024,n<=2,sr<=70%,kvB<=1k,kp<=512,-0.7385,2
1024,n<=2,sr<=70%,kvB<=1k,kp=0,-1.2026,2
1024,n<=2,sr<=70%,kvB<=4k,kp<=1k,-3.8518,2
1024,n<=2,sr<=70%,kvB<=4k,kp<=2k,-0.8805,2
1024,n<=2,sr<=70%,kvB<=4k,kp<=4k,-0.6595,2
1024,n<=2,sr<=70%,kvB<=4k,kp<=512,0.9732,1
1024,n<=2,sr<=70%,kvB<=4k,kp<=8k,-0.8454,2
1024,n<=2,sr<=70%,kvB<=4k,kp=0,0.9998,2
1024,n<=32,sr<=15%,kvB<=16k,kp<=1k,0.0346,6
1024,n<=32,sr<=15%,kvB<=16k,kp<=2k,0.0173,6
1024,n<=32,sr<=15%,kvB<=16k,kp<=4k,0.0455,6
1024,n<=32,sr<=15%,kvB<=16k,kp<=512,0.0534,6
1024,n<=32,sr<=15%,kvB<=16k,kp<=8k,0.1157,6
1024,n<=32,sr<=15%,kvB<=16k,kp=0,0.0885,6
1024,n<=32,sr<=15%,kvB<=1k,kp<=1k,0.0358,6
1024,n<=32,sr<=15%,kvB<=1k,kp<=2k,0.0445,6
1024,n<=32,sr<=15%,kvB<=1k,kp<=4k,0.0416,6
1024,n<=32,sr<=15%,kvB<=1k,kp<=512,0.0238,6
1024,n<=32,sr<=15%,kvB<=1k,kp<=8k,0.0411,6
1024,n<=32,sr<=15%,kvB<=1k,kp=0,0.0226,6
1024,n<=32,sr<=15%,kvB<=4k,kp<=1k,0.0488,6
1024,n<=32,sr<=15%,kvB<=4k,kp<=2k,0.0227,6
1024,n<=32,sr<=15%,kvB<=4k,kp<=4k,0.0101,6
1024,n<=32,sr<=15%,kvB<=4k,kp<=512,0.0293,6
1024,n<=32,sr<=15%,kvB<=4k,kp<=8k,0.0185,6
1024,n<=32,sr<=15%,kvB<=4k,kp=0,0.0058,6
1024,n<=32,sr<=40%,kvB<=16k,kp<=1k,-0.0194,2
1024,n<=32,sr<=40%,kvB<=16k,kp<=2k,-0.0076,2
1024,n<=32,sr<=40%,kvB<=16k,kp<=4k,0.0098,2
1024,n<=32,sr<=40%,kvB<=16k,kp<=512,-0.0292,2
1024,n<=32,sr<=40%,kvB<=16k,kp<=8k,0.0232,2
1024,n<=32,sr<=40%,kvB<=16k,kp=0,-0.0127,2
1024,n<=32,sr<=40%,kvB<=1k,kp<=1k,0.0298,2
1024,n<=32,sr<=40%,kvB<=1k,kp<=2k,0.1309,2
1024,n<=32,sr<=40%,kvB<=1k,kp<=4k,0.0411,2
1024,n<=32,sr<=40%,kvB<=1k,kp<=512,0.0081,2
1024,n<=32,sr<=40%,kvB<=1k,kp<=8k,-0.0754,2
1024,n<=32,sr<=40%,kvB<=1k,kp=0,0.0282,2
1024,n<=32,sr<=40%,kvB<=4k,kp<=1k,-0.0283,2
1024,n<=32,sr<=40%,kvB<=4k,kp<=2k,-0.017,2
1024,n<=32,sr<=40%,kvB<=4k,kp<=4k,-0.0373,2
1024,n<=32,sr<=40%,kvB<=4k,kp<=512,-0.0296,2
1024,n<=32,sr<=40%,kvB<=4k,kp<=8k,-0.0597,2
1024,n<=32,sr<=40%,kvB<=4k,kp=0,-0.0309,2
1024,n<=32,sr<=5%,kvB<=16k,kp<=1k,0.0868,2
1024,n<=32,sr<=5%,kvB<=16k,kp<=2k,0.0381,2
1024,n<=32,sr<=5%,kvB<=16k,kp<=4k,0.0318,2
1024,n<=32,sr<=5%,kvB<=16k,kp<=512,0.1057,2
1024,n<=32,sr<=5%,kvB<=16k,kp<=8k,-0.0153,2
1024,n<=32,sr<=5%,kvB<=16k,kp=0,0.1417,2
1024,n<=32,sr<=5%,kvB<=1k,kp<=1k,-0.0042,2
1024,n<=32,sr<=5%,kvB<=1k,kp<=2k,0.0241,2
1024,n<=32,sr<=5%,kvB<=1k,kp<=4k,-0.0154,2
1024,n<=32,sr<=5%,kvB<=1k,kp<=512,0.0241,2
1024,n<=32,sr<=5%,kvB<=1k,kp<=8k,-0.0094,2
1024,n<=32,sr<=5%,kvB<=1k,kp=0,0.0075,2
1024,n<=32,sr<=5%,kvB<=4k,kp<=1k,-0.0037,2
1024,n<=32,sr<=5%,kvB<=4k,kp<=2k,0.004,2
1024,n<=32,sr<=5%,kvB<=4k,kp<=4k,0.0085,2
1024,n<=32,sr<=5%,kvB<=4k,kp<=512,0.0042,2
1024,n<=32,sr<=5%,kvB<=4k,kp<=8k,-0.0028,2
1024,n<=32,sr<=5%,kvB<=4k,kp=0,0.0265,2
1024,n<=32,sr<=70%,kvB<=16k,kp<=1k,-0.0358,2
1024,n<=32,sr<=70%,kvB<=16k,kp<=2k,-0.0188,2
1024,n<=32,sr<=70%,kvB<=16k,kp<=4k,-0.0102,2
1024,n<=32,sr<=70%,kvB<=16k,kp<=512,-0.0378,2
1024,n<=32,sr<=70%,kvB<=16k,kp<=8k,-0.0009,2
1024,n<=32,sr<=70%,kvB<=16k,kp=0,-0.0401,2
1024,n<=32,sr<=70%,kvB<=1k,kp<=1k,0.0436,2
1024,n<=32,sr<=70%,kvB<=1k,kp<=2k,0.1243,2
1024,n<=32,sr<=70%,kvB<=1k,kp<=4k,0.0789,2
1024,n<=32,sr<=70%,kvB<=1k,kp<=512,0.0649,2
1024,n<=32,sr<=70%,kvB<=1k,kp<=8k,0.024,2
1024,n<=32,sr<=70%,kvB<=1k,kp=0,0.0218,2
1024,n<=32,sr<=70%,kvB<=4k,kp<=1k,-0.0143,2
1024,n<=32,sr<=70%,kvB<=4k,kp<=2k,-0.0257,2
1024,n<=32,sr<=70%,kvB<=4k,kp<=4k,-0.0347,2
1024,n<=32,sr<=70%,kvB<=4k,kp<=512,-0.0184,2
1024,n<=32,sr<=70%,kvB<=4k,kp<=8k,0.0145,2
1024,n<=32,sr<=70%,kvB<=4k,kp=0,-0.0204,2
1024,n<=32,sr>70%,kvB<=16k,kp<=1k,-0.0657,4
1024,n<=32,sr>70%,kvB<=16k,kp<=2k,-0.2018,4
1024,n<=32,sr>70%,kvB<=16k,kp<=4k,-0.1251,4
1024,n<=32,sr>70%,kvB<=16k,kp<=512,0.007,4
1024,n<=32,sr>70%,kvB<=16k,kp<=8k,0.117,4
1024,n<=32,sr>70%,kvB<=16k,kp=0,0.1404,4
1024,n<=32,sr>70%,kvB<=1k,kp<=1k,0.0234,4
1024,n<=32,sr>70%,kvB<=1k,kp<=2k,0.1005,4
1024,n<=32,sr>70%,kvB<=1k,kp<=4k,-0.0223,4
1024,n<=32,sr>70%,kvB<=1k,kp<=512,0.0371,4
1024,n<=32,sr>70%,kvB<=1k,kp<=8k,0.3632,4
1024,n<=32,sr>70%,kvB<=1k,kp=0,0.0209,4
1024,n<=32,sr>70%,kvB<=4k,kp<=1k,-0.0042,4
1024,n<=32,sr>70%,kvB<=4k,kp<=2k,0.1223,4
1024,n<=32,sr>70%,kvB<=4k,kp<=4k,0.2414,4
1024,n<=32,sr>70%,kvB<=4k,kp<=512,-0.1464,4
1024,n<=32,sr>70%,kvB<=4k,kp<=8k,0.2962,4
1024,n<=32,sr>70%,kvB<=4k,kp=0,-0.1828,4
1024,n<=4,sr<=40%,kvB<=16k,kp<=1k,0.9994,2
1024,n<=4,sr<=40%,kvB<=16k,kp<=2k,0.9735,2
1024,n<=4,sr<=40%,kvB<=16k,kp<=4k,0.889,2
1024,n<=4,sr<=40%,kvB<=16k,kp<=512,0.9929,2
1024,n<=4,sr<=40%,kvB<=16k,kp<=8k,-0.2438,2
1024,n<=4,sr<=40%,kvB<=16k,kp=0,0.9967,2
1024,n<=4,sr<=40%,kvB<=1k,kp<=1k,-0.2077,2
1024,n<=4,sr<=40%,kvB<=1k,kp<=2k,-0.0658,1
1024,n<=4,sr<=40%,kvB<=1k,kp<=4k,0.6285,2
1024,n<=4,sr<=40%,kvB<=1k,kp<=512,-0.1565,2
1024,n<=4,sr<=40%,kvB<=1k,kp<=8k,0.2677,2
1024,n<=4,sr<=40%,kvB<=1k,kp=0,-0.1374,2
1024,n<=4,sr<=40%,kvB<=4k,kp<=1k,-0.4465,2
1024,n<=4,sr<=40%,kvB<=4k,kp<=2k,-0.2646,2
1024,n<=4,sr<=40%,kvB<=4k,kp<=4k,-0.2681,2
1024,n<=4,sr<=40%,kvB<=4k,kp<=512,0.7981,2
1024,n<=4,sr<=40%,kvB<=4k,kp<=8k,-0.269,2
1024,n<=4,sr<=40%,kvB<=4k,kp=0,0.9782,2
1024,n<=4,sr<=70%,kvB<=16k,kp<=1k,0.9845,2
1024,n<=4,sr<=70%,kvB<=16k,kp<=2k,0.9762,2
1024,n<=4,sr<=70%,kvB<=16k,kp<=4k,0.9495,2
1024,n<=4,sr<=70%,kvB<=16k,kp<=512,0.9975,2
1024,n<=4,sr<=70%,kvB<=16k,kp<=8k,0.7807,2
1024,n<=4,sr<=70%,kvB<=16k,kp=0,0.9986,2
1024,n<=4,sr<=70%,kvB<=1k,kp<=1k,0.7155,2
1024,n<=4,sr<=70%,kvB<=1k,kp<=2k,0.3104,2
1024,n<=4,sr<=70%,kvB<=1k,kp<=4k,0.2521,2
1024,n<=4,sr<=70%,kvB<=1k,kp<=512,0.8298,2
1024,n<=4,sr<=70%,kvB<=1k,kp<=8k,0.3473,2
1024,n<=4,sr<=70%,kvB<=1k,kp=0,-0.1056,2
1024,n<=4,sr<=70%,kvB<=4k,kp<=1k,0.5329,2
1024,n<=4,sr<=70%,kvB<=4k,kp<=2k,0.6058,2
1024,n<=4,sr<=70%,kvB<=4k,kp<=4k,0.7467,2
1024,n<=4,sr<=70%,kvB<=4k,kp<=512,0.8826,2
1024,n<=4,sr<=70%,kvB<=4k,kp<=8k,0.5912,2
1024,n<=4,sr<=70%,kvB<=4k,kp=0,0.9916,2
1024,n<=4,sr>70%,kvB<=16k,kp<=1k,0.9807,2
1024,n<=4,sr>70%,kvB<=16k,kp<=2k,0.9497,1
1024,n<=4,sr>70%,kvB<=16k,kp<=4k,0.9648,2
1024,n<=4,sr>70%,kvB<=16k,kp<=512,0.9643,2
1024,n<=4,sr>70%,kvB<=16k,kp<=8k,0.7839,2
1024,n<=4,sr>70%,kvB<=16k,kp=0,0.9792,2
1024,n<=4,sr>70%,kvB<=1k,kp<=1k,0.7912,2
1024,n<=4,sr>70%,kvB<=1k,kp<=2k,0.3503,1
1024,n<=4,sr>70%,kvB<=1k,kp<=4k,-0.195,2
1024,n<=4,sr>70%,kvB<=1k,kp<=512,1.0002,2
1024,n<=4,sr>70%,kvB<=1k,kp<=8k,0.398,1
1024,n<=4,sr>70%,kvB<=1k,kp=0,0.7578,2
1024,n<=4,sr>70%,kvB<=4k,kp<=1k,0.2714,2
1024,n<=4,sr>70%,kvB<=4k,kp<=2k,0.7226,2
1024,n<=4,sr>70%,kvB<=4k,kp<=4k,0.6676,2
1024,n<=4,sr>70%,kvB<=4k,kp<=512,0.9815,1
1024,n<=4,sr>70%,kvB<=4k,kp<=8k,0.3521,2
1024,n<=4,sr>70%,kvB<=4k,kp=0,1.0,1
1024,n<=64,sr<=15%,kvB<=16k,kp<=1k,-0.0088,4
1024,n<=64,sr<=15%,kvB<=16k,kp<=2k,-0.0054,4
1024,n<=64,sr<=15%,kvB<=16k,kp<=4k,0.0044,4
1024,n<=64,sr<=15%,kvB<=16k,kp<=512,-0.0134,4
1024,n<=64,sr<=15%,kvB<=16k,kp<=8k,0.004,4
1024,n<=64,sr<=15%,kvB<=16k,kp=0,-0.0097,4
1024,n<=64,sr<=15%,kvB<=1k,kp<=1k,0.0364,4
1024,n<=64,sr<=15%,kvB<=1k,kp<=2k,0.0491,4
1024,n<=64,sr<=15%,kvB<=1k,kp<=4k,0.0425,4
1024,n<=64,sr<=15%,kvB<=1k,kp<=512,0.034,4
1024,n<=64,sr<=15%,kvB<=1k,kp<=8k,0.0357,4
1024,n<=64,sr<=15%,kvB<=1k,kp=0,0.0265,4
1024,n<=64,sr<=15%,kvB<=4k,kp<=1k,0.0067,4
1024,n<=64,sr<=15%,kvB<=4k,kp<=2k,0.0044,4
1024,n<=64,sr<=15%,kvB<=4k,kp<=4k,0.0012,4
1024,n<=64,sr<=15%,kvB<=4k,kp<=512,0.0067,4
1024,n<=64,sr<=15%,kvB<=4k,kp<=8k,0.0064,4
1024,n<=64,sr<=15%,kvB<=4k,kp=0,0.0034,4
1024,n<=64,sr<=40%,kvB<=16k,kp<=1k,-0.0079,2
1024,n<=64,sr<=40%,kvB<=16k,kp<=2k,-0.008,2
1024,n<=64,sr<=40%,kvB<=16k,kp<=4k,-0.0043,2
1024,n<=64,sr<=40%,kvB<=16k,kp<=512,-0.0098,2
1024,n<=64,sr<=40%,kvB<=16k,kp<=8k,-0.0047,2
1024,n<=64,sr<=40%,kvB<=16k,kp=0,-0.0101,2
1024,n<=64,sr<=40%,kvB<=1k,kp<=1k,0.0873,2
1024,n<=64,sr<=40%,kvB<=1k,kp<=2k,0.0981,2
1024,n<=64,sr<=40%,kvB<=1k,kp<=4k,0.0974,2
1024,n<=64,sr<=40%,kvB<=1k,kp<=512,0.0743,2
1024,n<=64,sr<=40%,kvB<=1k,kp<=8k,0.0822,2
1024,n<=64,sr<=40%,kvB<=1k,kp=0,0.0932,2
1024,n<=64,sr<=40%,kvB<=4k,kp<=1k,-0.0179,2
1024,n<=64,sr<=40%,kvB<=4k,kp<=2k,-0.0022,2
1024,n<=64,sr<=40%,kvB<=4k,kp<=4k,-0.0127,2
1024,n<=64,sr<=40%,kvB<=4k,kp<=512,-0.0089,2
1024,n<=64,sr<=40%,kvB<=4k,kp<=8k,0.0165,2
1024,n<=64,sr<=40%,kvB<=4k,kp=0,-0.0082,2
1024,n<=64,sr<=5%,kvB<=16k,kp<=1k,0.0043,6
1024,n<=64,sr<=5%,kvB<=16k,kp<=2k,0.0083,6
1024,n<=64,sr<=5%,kvB<=16k,kp<=4k,0.0134,6
1024,n<=64,sr<=5%,kvB<=16k,kp<=512,0.0038,6
1024,n<=64,sr<=5%,kvB<=16k,kp<=8k,0.0143,6
1024,n<=64,sr<=5%,kvB<=16k,kp=0,0.0122,6
1024,n<=64,sr<=5%,kvB<=1k,kp<=1k,0.01,6
1024,n<=64,sr<=5%,kvB<=1k,kp<=2k,-0.0016,6
1024,n<=64,sr<=5%,kvB<=1k,kp<=4k,0.0185,6
1024,n<=64,sr<=5%,kvB<=1k,kp<=512,0.0114,6
1024,n<=64,sr<=5%,kvB<=1k,kp<=8k,-0.0039,6
1024,n<=64,sr<=5%,kvB<=1k,kp=0,0.0174,6
1024,n<=64,sr<=5%,kvB<=4k,kp<=1k,0.0196,6
1024,n<=64,sr<=5%,kvB<=4k,kp<=2k,0.012,6
1024,n<=64,sr<=5%,kvB<=4k,kp<=4k,0.0128,6
1024,n<=64,sr<=5%,kvB<=4k,kp<=512,0.0219,6
1024,n<=64,sr<=5%,kvB<=4k,kp<=8k,0.0122,6
1024,n<=64,sr<=5%,kvB<=4k,kp=0,0.0152,6
1024,n<=64,sr<=70%,kvB<=16k,kp<=1k,-0.0151,2
1024,n<=64,sr<=70%,kvB<=16k,kp<=2k,-0.0116,2
1024,n<=64,sr<=70%,kvB<=16k,kp<=4k,-0.0019,2
1024,n<=64,sr<=70%,kvB<=16k,kp<=512,-0.0224,2
1024,n<=64,sr<=70%,kvB<=16k,kp<=8k,0.0031,2
1024,n<=64,sr<=70%,kvB<=16k,kp=0,-0.0207,2
1024,n<=64,sr<=70%,kvB<=1k,kp<=1k,0.1075,2
1024,n<=64,sr<=70%,kvB<=1k,kp<=2k,0.134,2
1024,n<=64,sr<=70%,kvB<=1k,kp<=4k,0.0762,2
1024,n<=64,sr<=70%,kvB<=1k,kp<=512,0.0986,2
1024,n<=64,sr<=70%,kvB<=1k,kp<=8k,0.1144,2
1024,n<=64,sr<=70%,kvB<=1k,kp=0,0.126,2
1024,n<=64,sr<=70%,kvB<=4k,kp<=1k,-0.0174,2
1024,n<=64,sr<=70%,kvB<=4k,kp<=2k,-0.0031,2
1024,n<=64,sr<=70%,kvB<=4k,kp<=4k,-0.0134,2
1024,n<=64,sr<=70%,kvB<=4k,kp<=512,-0.0129,2
1024,n<=64,sr<=70%,kvB<=4k,kp<=8k,-0.0152,2
1024,n<=64,sr<=70%,kvB<=4k,kp=0,-0.0192,2
1024,n<=64,sr>70%,kvB<=16k,kp<=1k,-0.0418,4
1024,n<=64,sr>70%,kvB<=16k,kp<=2k,-0.0441,4
1024,n<=64,sr>70%,kvB<=16k,kp<=4k,-0.0217,4
1024,n<=64,sr>70%,kvB<=16k,kp<=512,-0.0251,4
1024,n<=64,sr>70%,kvB<=16k,kp<=8k,0.0223,4
1024,n<=64,sr>70%,kvB<=16k,kp=0,-0.036,4
1024,n<=64,sr>70%,kvB<=1k,kp<=1k,0.238,4
1024,n<=64,sr>70%,kvB<=1k,kp<=2k,0.2851,4
1024,n<=64,sr>70%,kvB<=1k,kp<=4k,0.1865,4
1024,n<=64,sr>70%,kvB<=1k,kp<=512,0.2033,4
1024,n<=64,sr>70%,kvB<=1k,kp<=8k,0.2275,4
1024,n<=64,sr>70%,kvB<=1k,kp=0,0.2001,4
1024,n<=64,sr>70%,kvB<=4k,kp<=1k,-0.0292,4
1024,n<=64,sr>70%,kvB<=4k,kp<=2k,0.0169,4
1024,n<=64,sr>70%,kvB<=4k,kp<=4k,0.0409,4
1024,n<=64,sr>70%,kvB<=4k,kp<=512,-0.0549,4
1024,n<=64,sr>70%,kvB<=4k,kp<=8k,0.0682,4
1024,n<=64,sr>70%,kvB<=4k,kp=0,-0.0393,4
1024,n<=8,sr<=15%,kvB<=16k,kp<=1k,0.9508,2
1024,n<=8,sr<=15%,kvB<=16k,kp<=2k,0.8211,2
1024,n<=8,sr<=15%,kvB<=16k,kp<=4k,0.3688,2
1024,n<=8,sr<=15%,kvB<=16k,kp<=512,0.9689,2
1024,n<=8,sr<=15%,kvB<=16k,kp<=8k,0.0217,2
1024,n<=8,sr<=15%,kvB<=16k,kp=0,0.9717,2
1024,n<=8,sr<=15%,kvB<=1k,kp<=1k,-0.0384,2
1024,n<=8,sr<=15%,kvB<=1k,kp<=2k,-0.0963,2
1024,n<=8,sr<=15%,kvB<=1k,kp<=4k,0.1477,2
1024,n<=8,sr<=15%,kvB<=1k,kp<=512,-0.0845,2
1024,n<=8,sr<=15%,kvB<=1k,kp<=8k,-0.0623,2
1024,n<=8,sr<=15%,kvB<=1k,kp=0,-0.0619,2
1024,n<=8,sr<=15%,kvB<=4k,kp<=1k,-0.0837,2
1024,n<=8,sr<=15%,kvB<=4k,kp<=2k,-0.1032,2
1024,n<=8,sr<=15%,kvB<=4k,kp<=4k,-0.1225,2
1024,n<=8,sr<=15%,kvB<=4k,kp<=512,0.1542,2
1024,n<=8,sr<=15%,kvB<=4k,kp<=8k,-0.087,2
1024,n<=8,sr<=15%,kvB<=4k,kp=0,0.815,2
1024,n<=8,sr<=40%,kvB<=16k,kp<=1k,0.9612,4
1024,n<=8,sr<=40%,kvB<=16k,kp<=2k,0.7541,4
1024,n<=8,sr<=40%,kvB<=16k,kp<=4k,0.4114,4
1024,n<=8,sr<=40%,kvB<=16k,kp<=512,0.95,4
1024,n<=8,sr<=40%,kvB<=16k,kp<=8k,0.6939,4
1024,n<=8,sr<=40%,kvB<=16k,kp=0,0.9677,4
1024,n<=8,sr<=40%,kvB<=1k,kp<=1k,0.505,4
1024,n<=8,sr<=40%,kvB<=1k,kp<=2k,0.0267,4
1024,n<=8,sr<=40%,kvB<=1k,kp<=4k,0.1155,4
1024,n<=8,sr<=40%,kvB<=1k,kp<=512,0.5821,4
1024,n<=8,sr<=40%,kvB<=1k,kp<=8k,0.0391,4
1024,n<=8,sr<=40%,kvB<=1k,kp=0,0.2093,4
1024,n<=8,sr<=40%,kvB<=4k,kp<=1k,0.1837,4
1024,n<=8,sr<=40%,kvB<=4k,kp<=2k,0.3295,4
1024,n<=8,sr<=40%,kvB<=4k,kp<=4k,0.4424,4
1024,n<=8,sr<=40%,kvB<=4k,kp<=512,0.1439,4
1024,n<=8,sr<=40%,kvB<=4k,kp<=8k,0.3401,4
1024,n<=8,sr<=40%,kvB<=4k,kp=0,0.8066,4
1024,n<=8,sr<=70%,kvB<=16k,kp<=1k,0.9247,2
1024,n<=8,sr<=70%,kvB<=16k,kp<=2k,0.7807,2
1024,n<=8,sr<=70%,kvB<=16k,kp<=4k,0.282,2
1024,n<=8,sr<=70%,kvB<=16k,kp<=512,0.9604,2
1024,n<=8,sr<=70%,kvB<=16k,kp<=8k,0.784,2
1024,n<=8,sr<=70%,kvB<=16k,kp=0,0.9551,2
1024,n<=8,sr<=70%,kvB<=1k,kp<=1k,0.3464,2
1024,n<=8,sr<=70%,kvB<=1k,kp<=2k,0.1676,2
1024,n<=8,sr<=70%,kvB<=1k,kp<=4k,0.0426,2
1024,n<=8,sr<=70%,kvB<=1k,kp<=512,0.4666,2
1024,n<=8,sr<=70%,kvB<=1k,kp<=8k,0.2472,2
1024,n<=8,sr<=70%,kvB<=1k,kp=0,0.2219,2
1024,n<=8,sr<=70%,kvB<=4k,kp<=1k,-0.0561,2
1024,n<=8,sr<=70%,kvB<=4k,kp<=2k,0.3541,2
1024,n<=8,sr<=70%,kvB<=4k,kp<=4k,0.476,2
1024,n<=8,sr<=70%,kvB<=4k,kp<=512,0.0469,2
1024,n<=8,sr<=70%,kvB<=4k,kp<=8k,0.4556,2
1024,n<=8,sr<=70%,kvB<=4k,kp=0,0.7529,2
1024,n<=8,sr>70%,kvB<=16k,kp<=1k,0.9383,4
1024,n<=8,sr>70%,kvB<=16k,kp<=2k,0.8586,4
1024,n<=8,sr>70%,kvB<=16k,kp<=4k,-0.2244,3
1024,n<=8,sr>70%,kvB<=16k,kp<=512,0.927,4
1024,n<=8,sr>70%,kvB<=16k,kp<=8k,0.8658,3
1024,n<=8,sr>70%,kvB<=16k,kp=0,0.9512,4
1024,n<=8,sr>70%,kvB<=1k,kp<=1k,0.6349,4
1024,n<=8,sr>70%,kvB<=1k,kp<=2k,0.2387,4
1024,n<=8,sr>70%,kvB<=1k,kp<=4k,0.6169,4
1024,n<=8,sr>70%,kvB<=1k,kp<=512,0.5946,4
1024,n<=8,sr>70%,kvB<=1k,kp<=8k,0.1916,3
1024,n<=8,sr>70%,kvB<=1k,kp=0,0.5274,4
1024,n<=8,sr>70%,kvB<=4k,kp<=1k,0.3362,4
1024,n<=8,sr>70%,kvB<=4k,kp<=2k,0.2723,4
1024,n<=8,sr>70%,kvB<=4k,kp<=4k,0.3546,4
1024,n<=8,sr>70%,kvB<=4k,kp<=512,0.2974,3
1024,n<=8,sr>70%,kvB<=4k,kp<=8k,0.5674,4
1024,n<=8,sr>70%,kvB<=4k,kp=0,0.7356,4
2048,n<=16,sr<=15%,kvB<=16k,kp<=1k,0.0752,4
2048,n<=16,sr<=15%,kvB<=16k,kp<=2k,0.0368,4
2048,n<=16,sr<=15%,kvB<=16k,kp<=4k,-0.0047,4
2048,n<=16,sr<=15%,kvB<=16k,kp<=512,0.1823,4
2048,n<=16,sr<=15%,kvB<=16k,kp<=8k,-0.0444,4
2048,n<=16,sr<=15%,kvB<=16k,kp=0,0.2751,4
2048,n<=16,sr<=15%,kvB<=1k,kp<=1k,-0.0249,4
2048,n<=16,sr<=15%,kvB<=1k,kp<=2k,-0.0112,4
2048,n<=16,sr<=15%,kvB<=1k,kp<=4k,0.0118,4
2048,n<=16,sr<=15%,kvB<=1k,kp<=512,0.0228,4
2048,n<=16,sr<=15%,kvB<=1k,kp<=8k,0.096,4
2048,n<=16,sr<=15%,kvB<=1k,kp=0,-0.0182,4
2048,n<=16,sr<=15%,kvB<=4k,kp<=1k,-0.0438,4
2048,n<=16,sr<=15%,kvB<=4k,kp<=2k,-0.0423,4
2048,n<=16,sr<=15%,kvB<=4k,kp<=4k,-0.0383,4
2048,n<=16,sr<=15%,kvB<=4k,kp<=512,-0.0267,4
2048,n<=16,sr<=15%,kvB<=4k,kp<=8k,-0.0937,4
2048,n<=16,sr<=15%,kvB<=4k,kp=0,-0.0511,4
2048,n<=16,sr<=40%,kvB<=16k,kp<=1k,-0.0302,4
2048,n<=16,sr<=40%,kvB<=16k,kp<=2k,0.0014,4
2048,n<=16,sr<=40%,kvB<=16k,kp<=4k,-0.025,4
2048,n<=16,sr<=40%,kvB<=16k,kp<=512,0.0867,4
2048,n<=16,sr<=40%,kvB<=16k,kp<=8k,0.1006,4
2048,n<=16,sr<=40%,kvB<=16k,kp=0,0.1821,4
2048,n<=16,sr<=40%,kvB<=1k,kp<=1k,0.0191,4
2048,n<=16,sr<=40%,kvB<=1k,kp<=2k,0.0716,4
2048,n<=16,sr<=40%,kvB<=1k,kp<=4k,-0.0033,4
2048,n<=16,sr<=40%,kvB<=1k,kp<=512,-0.0587,4
2048,n<=16,sr<=40%,kvB<=1k,kp<=8k,-0.3391,4
2048,n<=16,sr<=40%,kvB<=1k,kp=0,0.0139,4
2048,n<=16,sr<=40%,kvB<=4k,kp<=1k,-0.0738,4
2048,n<=16,sr<=40%,kvB<=4k,kp<=2k,0.0169,4
2048,n<=16,sr<=40%,kvB<=4k,kp<=4k,-0.1315,4
2048,n<=16,sr<=40%,kvB<=4k,kp<=512,-0.0921,4
2048,n<=16,sr<=40%,kvB<=4k,kp<=8k,-0.051,4
2048,n<=16,sr<=40%,kvB<=4k,kp=0,-0.0546,4
2048,n<=16,sr<=70%,kvB<=16k,kp<=1k,-0.1979,2
2048,n<=16,sr<=70%,kvB<=16k,kp<=2k,-0.2681,2
2048,n<=16,sr<=70%,kvB<=16k,kp<=4k,-0.1962,2
2048,n<=16,sr<=70%,kvB<=16k,kp<=512,-0.2592,2
2048,n<=16,sr<=70%,kvB<=16k,kp<=8k,0.0158,2
2048,n<=16,sr<=70%,kvB<=16k,kp=0,-0.1431,2
2048,n<=16,sr<=70%,kvB<=1k,kp<=1k,-0.1207,2
2048,n<=16,sr<=70%,kvB<=1k,kp<=2k,-0.2223,2
2048,n<=16,sr<=70%,kvB<=1k,kp<=4k,-0.0141,2
2048,n<=16,sr<=70%,kvB<=1k,kp<=512,-0.2344,2
2048,n<=16,sr<=70%,kvB<=1k,kp<=8k,-0.0107,2
2048,n<=16,sr<=70%,kvB<=1k,kp=0,-0.3573,2
2048,n<=16,sr<=70%,kvB<=4k,kp<=1k,-0.2215,2
2048,n<=16,sr<=70%,kvB<=4k,kp<=2k,-0.1806,2
2048,n<=16,sr<=70%,kvB<=4k,kp<=4k,-0.2335,2
2048,n<=16,sr<=70%,kvB<=4k,kp<=512,-0.3045,2
2048,n<=16,sr<=70%,kvB<=4k,kp<=8k,-0.0605,2
2048,n<=16,sr<=70%,kvB<=4k,kp=0,-0.2266,2
2048,n<=16,sr>70%,kvB<=16k,kp<=1k,-0.4999,4
2048,n<=16,sr>70%,kvB<=16k,kp<=2k,-0.5561,4
2048,n<=16,sr>70%,kvB<=16k,kp<=4k,-0.5185,4
2048,n<=16,sr>70%,kvB<=16k,kp<=512,-0.5548,4
2048,n<=16,sr>70%,kvB<=16k,kp<=8k,-0.0868,4
2048,n<=16,sr>70%,kvB<=16k,kp=0,-0.4688,4
2048,n<=16,sr>70%,kvB<=1k,kp<=1k,-0.2873,4
2048,n<=16,sr>70%,kvB<=1k,kp<=2k,-0.3977,4
2048,n<=16,sr>70%,kvB<=1k,kp<=4k,-0.1997,4
2048,n<=16,sr>70%,kvB<=1k,kp<=512,-0.1311,4
2048,n<=16,sr>70%,kvB<=1k,kp<=8k,-2.3888,3
2048,n<=16,sr>70%,kvB<=1k,kp=0,-0.3765,4
2048,n<=16,sr>70%,kvB<=4k,kp<=1k,-0.451,4
2048,n<=16,sr>70%,kvB<=4k,kp<=2k,-0.3876,4
2048,n<=16,sr>70%,kvB<=4k,kp<=4k,-0.6816,4
2048,n<=16,sr>70%,kvB<=4k,kp<=512,-0.4585,4
2048,n<=16,sr>70%,kvB<=4k,kp<=8k,-0.2726,4
2048,n<=16,sr>70%,kvB<=4k,kp=0,-0.2467,4
2048,n<=2,sr<=70%,kvB<=16k,kp<=1k,0.9366,2
2048,n<=2,sr<=70%,kvB<=16k,kp<=2k,0.5632,2
2048,n<=2,sr<=70%,kvB<=16k,kp<=4k,0.0578,2
2048,n<=2,sr<=70%,kvB<=16k,kp<=512,0.9739,2
2048,n<=2,sr<=70%,kvB<=16k,kp<=8k,0.081,2
2048,n<=2,sr<=70%,kvB<=16k,kp=0,0.9695,2
2048,n<=2,sr<=70%,kvB<=1k,kp<=1k,0.1917,2
2048,n<=2,sr<=70%,kvB<=1k,kp<=2k,0.483,2
2048,n<=2,sr<=70%,kvB<=1k,kp<=512,-0.9422,1
2048,n<=2,sr<=70%,kvB<=1k,kp<=8k,-0.4589,2
2048,n<=2,sr<=70%,kvB<=1k,kp=0,1.44,1
2048,n<=2,sr<=70%,kvB<=4k,kp<=1k,0.4927,2
2048,n<=2,sr<=70%,kvB<=4k,kp<=2k,0.0249,2
2048,n<=2,sr<=70%,kvB<=4k,kp<=4k,-3.0723,1
2048,n<=2,sr<=70%,kvB<=4k,kp<=512,0.2584,2
2048,n<=2,sr<=70%,kvB<=4k,kp<=8k,-0.3444,2
2048,n<=2,sr<=70%,kvB<=4k,kp=0,0.6645,2
2048,n<=32,sr<=15%,kvB<=16k,kp<=1k,-0.0104,6
2048,n<=32,sr<=15%,kvB<=16k,kp<=2k,0.0021,6
2048,n<=32,sr<=15%,kvB<=16k,kp<=4k,-0.0181,6
2048,n<=32,sr<=15%,kvB<=16k,kp<=512,-0.0071,6
2048,n<=32,sr<=15%,kvB<=16k,kp<=8k,0.0093,6
2048,n<=32,sr<=15%,kvB<=16k,kp=0,-0.0071,6
2048,n<=32,sr<=15%,kvB<=1k,kp<=1k,0.0458,6
2048,n<=32,sr<=15%,kvB<=1k,kp<=2k,0.055,6
2048,n<=32,sr<=15%,kvB<=1k,kp<=4k,0.0092,6
2048,n<=32,sr<=15%,kvB<=1k,kp<=512,0.0391,6
2048,n<=32,sr<=15%,kvB<=1k,kp<=8k,0.0502,6
2048,n<=32,sr<=15%,kvB<=1k,kp=0,0.0203,6
2048,n<=32,sr<=15%,kvB<=4k,kp<=1k,0.0067,6
2048,n<=32,sr<=15%,kvB<=4k,kp<=2k,-0.001,6
2048,n<=32,sr<=15%,kvB<=4k,kp<=4k,0.0102,6
2048,n<=32,sr<=15%,kvB<=4k,kp<=512,0.0008,6
2048,n<=32,sr<=15%,kvB<=4k,kp<=8k,0.0099,6
2048,n<=32,sr<=15%,kvB<=4k,kp=0,0.0067,6
2048,n<=32,sr<=40%,kvB<=16k,kp<=1k,-0.0309,2
2048,n<=32,sr<=40%,kvB<=16k,kp<=2k,-0.0124,2
2048,n<=32,sr<=40%,kvB<=16k,kp<=4k,-0.0209,2
2048,n<=32,sr<=40%,kvB<=16k,kp<=512,-0.0237,2
2048,n<=32,sr<=40%,kvB<=16k,kp<=8k,0.0,2
2048,n<=32,sr<=40%,kvB<=16k,kp=0,-0.0238,2
2048,n<=32,sr<=40%,kvB<=1k,kp<=1k,0.085,2
2048,n<=32,sr<=40%,kvB<=1k,kp<=2k,0.0711,2
2048,n<=32,sr<=40%,kvB<=1k,kp<=4k,-0.0254,2
2048,n<=32,sr<=40%,kvB<=1k,kp<=512,0.0698,2
2048,n<=32,sr<=40%,kvB<=1k,kp<=8k,0.0642,2
2048,n<=32,sr<=40%,kvB<=1k,kp=0,0.0241,2
2048,n<=32,sr<=40%,kvB<=4k,kp<=1k,0.0053,2
2048,n<=32,sr<=40%,kvB<=4k,kp<=2k,-0.0351,2
2048,n<=32,sr<=40%,kvB<=4k,kp<=4k,-0.0216,2
2048,n<=32,sr<=40%,kvB<=4k,kp<=512,0.0055,2
2048,n<=32,sr<=40%,kvB<=4k,kp<=8k,-0.0442,2
2048,n<=32,sr<=40%,kvB<=4k,kp=0,-0.0117,2
2048,n<=32,sr<=5%,kvB<=16k,kp<=1k,-0.005,2
2048,n<=32,sr<=5%,kvB<=16k,kp<=2k,-0.0038,2
2048,n<=32,sr<=5%,kvB<=16k,kp<=4k,-0.0012,2
2048,n<=32,sr<=5%,kvB<=16k,kp<=512,0.006,2
2048,n<=32,sr<=5%,kvB<=16k,kp<=8k,-0.0157,2
2048,n<=32,sr<=5%,kvB<=16k,kp=0,0.0418,2
2048,n<=32,sr<=5%,kvB<=1k,kp<=1k,-0.0134,2
2048,n<=32,sr<=5%,kvB<=1k,kp<=2k,0.0376,2
2048,n<=32,sr<=5%,kvB<=1k,kp<=4k,0.0799,2
2048,n<=32,sr<=5%,kvB<=1k,kp<=512,-0.0078,2
2048,n<=32,sr<=5%,kvB<=1k,kp<=8k,0.0283,2
2048,n<=32,sr<=5%,kvB<=1k,kp=0,0.014,2
2048,n<=32,sr<=5%,kvB<=4k,kp<=1k,0.0142,2
2048,n<=32,sr<=5%,kvB<=4k,kp<=2k,0.0133,2
2048,n<=32,sr<=5%,kvB<=4k,kp<=4k,0.0203,2
2048,n<=32,sr<=5%,kvB<=4k,kp<=512,0.0205,2
2048,n<=32,sr<=5%,kvB<=4k,kp<=8k,-0.0096,2
2048,n<=32,sr<=5%,kvB<=4k,kp=0,0.0021,2
2048,n<=32,sr<=70%,kvB<=16k,kp<=1k,-0.0194,2
2048,n<=32,sr<=70%,kvB<=16k,kp<=2k,-0.0187,2
2048,n<=32,sr<=70%,kvB<=16k,kp<=4k,-0.0173,2
2048,n<=32,sr<=70%,kvB<=16k,kp<=512,-0.0191,2
2048,n<=32,sr<=70%,kvB<=16k,kp<=8k,-0.0141,2
2048,n<=32,sr<=70%,kvB<=16k,kp=0,-0.041,2
2048,n<=32,sr<=70%,kvB<=1k,kp<=1k,0.0651,2
2048,n<=32,sr<=70%,kvB<=1k,kp<=2k,0.1017,2
2048,n<=32,sr<=70%,kvB<=1k,kp<=4k,0.0748,2
2048,n<=32,sr<=70%,kvB<=1k,kp<=512,-0.0115,2
2048,n<=32,sr<=70%,kvB<=1k,kp<=8k,-0.1274,2
2048,n<=32,sr<=70%,kvB<=1k,kp=0,0.0439,2
2048,n<=32,sr<=70%,kvB<=4k,kp<=1k,-0.0127,2
2048,n<=32,sr<=70%,kvB<=4k,kp<=2k,0.0062,2
2048,n<=32,sr<=70%,kvB<=4k,kp<=4k,0.0314,2
2048,n<=32,sr<=70%,kvB<=4k,kp<=512,0.0005,2
2048,n<=32,sr<=70%,kvB<=4k,kp<=8k,-0.0014,2
2048,n<=32,sr<=70%,kvB<=4k,kp=0,-0.0178,2
2048,n<=32,sr>70%,kvB<=16k,kp<=1k,-0.2428,4
2048,n<=32,sr>70%,kvB<=16k,kp<=2k,-0.3091,4
2048,n<=32,sr>70%,kvB<=16k,kp<=4k,-0.247,4
2048,n<=32,sr>70%,kvB<=16k,kp<=512,-0.2483,4
2048,n<=32,sr>70%,kvB<=16k,kp<=8k,0.0214,4
2048,n<=32,sr>70%,kvB<=16k,kp=0,-0.2048,4
2048,n<=32,sr>70%,kvB<=1k,kp<=1k,0.1373,4
2048,n<=32,sr>70%,kvB<=1k,kp<=2k,0.0704,4
2048,n<=32,sr>70%,kvB<=1k,kp<=4k,0.1437,4
2048,n<=32,sr>70%,kvB<=1k,kp<=512,0.0328,4
2048,n<=32,sr>70%,kvB<=1k,kp<=8k,0.0097,4
2048,n<=32,sr>70%,kvB<=1k,kp=0,-0.0317,4
2048,n<=32,sr>70%,kvB<=4k,kp<=1k,-0.155,4
2048,n<=32,sr>70%,kvB<=4k,kp<=2k,-0.0299,4
2048,n<=32,sr>70%,kvB<=4k,kp<=4k,-0.099,4
2048,n<=32,sr>70%,kvB<=4k,kp<=512,-0.1728,4
2048,n<=32,sr>70%,kvB<=4k,kp<=8k,0.027,4
2048,n<=32,sr>70%,kvB<=4k,kp=0,-0.1297,4
2048,n<=4,sr<=40%,kvB<=16k,kp<=1k,0.8473,2
2048,n<=4,sr<=40%,kvB<=16k,kp<=2k,0.2191,2
2048,n<=4,sr<=40%,kvB<=16k,kp<=4k,0.2801,2
2048,n<=4,sr<=40%,kvB<=16k,kp<=512,0.9289,2
2048,n<=4,sr<=40%,kvB<=16k,kp<=8k,-0.3997,2
2048,n<=4,sr<=40%,kvB<=16k,kp=0,0.9843,2
2048,n<=4,sr<=40%,kvB<=1k,kp<=1k,0.1964,2
2048,n<=4,sr<=40%,kvB<=1k,kp<=2k,-0.5245,2
2048,n<=4,sr<=40%,kvB<=1k,kp<=4k,-0.2169,2
2048,n<=4,sr<=40%,kvB<=1k,kp<=512,0.4848,1
2048,n<=4,sr<=40%,kvB<=1k,kp<=8k,-1.0625,2
2048,n<=4,sr<=40%,kvB<=1k,kp=0,0.0263,2
2048,n<=4,sr<=40%,kvB<=4k,kp<=1k,0.0842,2
2048,n<=4,sr<=40%,kvB<=4k,kp<=2k,-0.0518,2
2048,n<=4,sr<=40%,kvB<=4k,kp<=4k,-0.3276,2
2048,n<=4,sr<=40%,kvB<=4k,kp<=512,-0.1245,2
2048,n<=4,sr<=40%,kvB<=4k,kp<=8k,-0.2538,2
2048,n<=4,sr<=40%,kvB<=4k,kp=0,-0.0715,2
2048,n<=4,sr<=70%,kvB<=16k,kp<=1k,0.9373,2
2048,n<=4,sr<=70%,kvB<=16k,kp<=2k,0.1349,2
2048,n<=4,sr<=70%,kvB<=16k,kp<=4k,0.5464,2
2048,n<=4,sr<=70%,kvB<=16k,kp<=512,0.967,2
2048,n<=4,sr<=70%,kvB<=16k,kp<=8k,-0.324,2
2048,n<=4,sr<=70%,kvB<=16k,kp=0,0.9506,2
2048,n<=4,sr<=70%,kvB<=1k,kp<=1k,0.3094,2
2048,n<=4,sr<=70%,kvB<=1k,kp<=2k,0.5207,1
2048,n<=4,sr<=70%,kvB<=1k,kp<=4k,0.7893,2
2048,n<=4,sr<=70%,kvB<=1k,kp<=512,0.4211,1
2048,n<=4,sr<=70%,kvB<=1k,kp=0,-0.0401,2
2048,n<=4,sr<=70%,kvB<=4k,kp<=1k,-0.2841,2
2048,n<=4,sr<=70%,kvB<=4k,kp<=2k,-0.9661,2
2048,n<=4,sr<=70%,kvB<=4k,kp<=4k,-0.0819,2
2048,n<=4,sr<=70%,kvB<=4k,kp<=512,0.1352,2
2048,n<=4,sr<=70%,kvB<=4k,kp<=8k,-0.5303,2
2048,n<=4,sr<=70%,kvB<=4k,kp=0,-0.3863,2
2048,n<=4,sr>70%,kvB<=16k,kp<=1k,0.9623,2
2048,n<=4,sr>70%,kvB<=16k,kp<=2k,0.0171,2
2048,n<=4,sr>70%,kvB<=16k,kp<=4k,0.6921,2
2048,n<=4,sr>70%,kvB<=16k,kp<=512,0.9711,2
2048,n<=4,sr>70%,kvB<=16k,kp<=8k,0.4387,2
2048,n<=4,sr>70%,kvB<=16k,kp=0,0.9442,2
2048,n<=4,sr>70%,kvB<=1k,kp<=1k,0.0137,2
2048,n<=4,sr>70%,kvB<=1k,kp<=2k,-2.8059,1
2048,n<=4,sr>70%,kvB<=1k,kp<=4k,1.5685,2
2048,n<=4,sr>70%,kvB<=1k,kp<=512,0.3959,2
2048,n<=4,sr>70%,kvB<=1k,kp=0,0.9302,2
2048,n<=4,sr>70%,kvB<=4k,kp<=1k,0.2603,2
2048,n<=4,sr>70%,kvB<=4k,kp<=2k,0.567,2
2048,n<=4,sr>70%,kvB<=4k,kp<=4k,0.2789,2
2048,n<=4,sr>70%,kvB<=4k,kp<=512,0.2335,2
2048,n<=4,sr>70%,kvB<=4k,kp<=8k,0.4462,1
2048,n<=4,sr>70%,kvB<=4k,kp=0,0.1268,2
2048,n<=64,sr<=15%,kvB<=16k,kp<=1k,-0.01,4
2048,n<=64,sr<=15%,kvB<=16k,kp<=2k,-0.0037,4
2048,n<=64,sr<=15%,kvB<=16k,kp<=4k,-0.0106,4
2048,n<=64,sr<=15%,kvB<=16k,kp<=512,-0.0082,4
2048,n<=64,sr<=15%,kvB<=16k,kp<=8k,-0.0039,4
2048,n<=64,sr<=15%,kvB<=16k,kp=0,-0.0138,4
2048,n<=64,sr<=15%,kvB<=1k,kp<=1k,0.0142,4
2048,n<=64,sr<=15%,kvB<=1k,kp<=2k,0.0477,4
2048,n<=64,sr<=15%,kvB<=1k,kp<=4k,0.027,4
2048,n<=64,sr<=15%,kvB<=1k,kp<=512,0.0449,4
2048,n<=64,sr<=15%,kvB<=1k,kp<=8k,0.0694,4
2048,n<=64,sr<=15%,kvB<=1k,kp=0,0.0285,4
2048,n<=64,sr<=15%,kvB<=4k,kp<=1k,-0.0044,4
2048,n<=64,sr<=15%,kvB<=4k,kp<=2k,0.0017,4
2048,n<=64,sr<=15%,kvB<=4k,kp<=4k,0.0051,4
2048,n<=64,sr<=15%,kvB<=4k,kp<=512,-0.0024,4
2048,n<=64,sr<=15%,kvB<=4k,kp<=8k,-0.0043,4
2048,n<=64,sr<=15%,kvB<=4k,kp=0,-0.0021,4
2048,n<=64,sr<=40%,kvB<=16k,kp<=1k,-0.0066,2
2048,n<=64,sr<=40%,kvB<=16k,kp<=2k,-0.0067,2
2048,n<=64,sr<=40%,kvB<=16k,kp<=4k,-0.0062,2
2048,n<=64,sr<=40%,kvB<=16k,kp<=512,-0.0063,2
2048,n<=64,sr<=40%,kvB<=16k,kp<=8k,-0.0058,2
2048,n<=64,sr<=40%,kvB<=16k,kp=0,-0.0075,2
2048,n<=64,sr<=40%,kvB<=1k,kp<=1k,0.0647,2
2048,n<=64,sr<=40%,kvB<=1k,kp<=2k,0.0845,2
2048,n<=64,sr<=40%,kvB<=1k,kp<=4k,0.0472,2
2048,n<=64,sr<=40%,kvB<=1k,kp<=512,0.0739,2
2048,n<=64,sr<=40%,kvB<=1k,kp<=8k,0.0813,2
2048,n<=64,sr<=40%,kvB<=1k,kp=0,0.0731,2
2048,n<=64,sr<=40%,kvB<=4k,kp<=1k,0.0089,2
2048,n<=64,sr<=40%,kvB<=4k,kp<=2k,-0.005,2
2048,n<=64,sr<=40%,kvB<=4k,kp<=4k,0.0228,2
2048,n<=64,sr<=40%,kvB<=4k,kp<=512,0.0029,2
2048,n<=64,sr<=40%,kvB<=4k,kp<=8k,0.0024,2
2048,n<=64,sr<=40%,kvB<=4k,kp=0,-0.0146,2
2048,n<=64,sr<=5%,kvB<=16k,kp<=1k,0.0012,6
2048,n<=64,sr<=5%,kvB<=16k,kp<=2k,0.0047,6
2048,n<=64,sr<=5%,kvB<=16k,kp<=4k,0.0012,6
2048,n<=64,sr<=5%,kvB<=16k,kp<=512,0.0034,6
2048,n<=64,sr<=5%,kvB<=16k,kp<=8k,0.0051,6
2048,n<=64,sr<=5%,kvB<=16k,kp=0,-0.0007,6
2048,n<=64,sr<=5%,kvB<=1k,kp<=1k,0.0182,6
2048,n<=64,sr<=5%,kvB<=1k,kp<=2k,0.0142,6
2048,n<=64,sr<=5%,kvB<=1k,kp<=4k,0.0031,6
2048,n<=64,sr<=5%,kvB<=1k,kp<=512,0.0057,6
2048,n<=64,sr<=5%,kvB<=1k,kp<=8k,0.0002,6
2048,n<=64,sr<=5%,kvB<=1k,kp=0,0.017,6
2048,n<=64,sr<=5%,kvB<=4k,kp<=1k,0.0076,6
2048,n<=64,sr<=5%,kvB<=4k,kp<=2k,0.0102,6
2048,n<=64,sr<=5%,kvB<=4k,kp<=4k,0.0051,6
2048,n<=64,sr<=5%,kvB<=4k,kp<=512,0.0097,6
2048,n<=64,sr<=5%,kvB<=4k,kp<=8k,0.0182,6
2048,n<=64,sr<=5%,kvB<=4k,kp=0,0.0108,6
2048,n<=64,sr<=70%,kvB<=16k,kp<=1k,-0.0055,2
2048,n<=64,sr<=70%,kvB<=16k,kp<=2k,-0.0096,2
2048,n<=64,sr<=70%,kvB<=16k,kp<=4k,-0.0095,2
2048,n<=64,sr<=70%,kvB<=16k,kp<=512,-0.0053,2
2048,n<=64,sr<=70%,kvB<=16k,kp<=8k,-0.007,2
2048,n<=64,sr<=70%,kvB<=16k,kp=0,-0.014,2
2048,n<=64,sr<=70%,kvB<=1k,kp<=1k,0.1387,2
2048,n<=64,sr<=70%,kvB<=1k,kp<=2k,0.1626,2
2048,n<=64,sr<=70%,kvB<=1k,kp<=4k,0.1165,2
2048,n<=64,sr<=70%,kvB<=1k,kp<=512,0.1498,2
2048,n<=64,sr<=70%,kvB<=1k,kp<=8k,0.1462,2
2048,n<=64,sr<=70%,kvB<=1k,kp=0,0.1081,2
2048,n<=64,sr<=70%,kvB<=4k,kp<=1k,-0.0069,2
2048,n<=64,sr<=70%,kvB<=4k,kp<=2k,-0.0171,2
2048,n<=64,sr<=70%,kvB<=4k,kp<=4k,0.0146,2
2048,n<=64,sr<=70%,kvB<=4k,kp<=512,0.0018,2
2048,n<=64,sr<=70%,kvB<=4k,kp<=8k,-0.0155,2
2048,n<=64,sr<=70%,kvB<=4k,kp=0,-0.0191,2
2048,n<=64,sr>70%,kvB<=16k,kp<=1k,-0.0245,4
2048,n<=64,sr>70%,kvB<=16k,kp<=2k,-0.0554,4
2048,n<=64,sr>70%,kvB<=16k,kp<=4k,-0.0292,4
2048,n<=64,sr>70%,kvB<=16k,kp<=512,-0.0332,4
2048,n<=64,sr>70%,kvB<=16k,kp<=8k,0.0026,4
2048,n<=64,sr>70%,kvB<=16k,kp=0,-0.0505,4
2048,n<=64,sr>70%,kvB<=1k,kp<=1k,0.2734,4
2048,n<=64,sr>70%,kvB<=1k,kp<=2k,0.2996,4
2048,n<=64,sr>70%,kvB<=1k,kp<=4k,0.2277,4
2048,n<=64,sr>70%,kvB<=1k,kp<=512,0.2949,4
2048,n<=64,sr>70%,kvB<=1k,kp<=8k,0.2645,4
2048,n<=64,sr>70%,kvB<=1k,kp=0,0.2384,4
2048,n<=64,sr>70%,kvB<=4k,kp<=1k,0.0382,4
2048,n<=64,sr>70%,kvB<=4k,kp<=2k,0.0004,4
2048,n<=64,sr>70%,kvB<=4k,kp<=4k,0.0985,4
2048,n<=64,sr>70%,kvB<=4k,kp<=512,0.0428,4
2048,n<=64,sr>70%,kvB<=4k,kp<=8k,0.02,4
2048,n<=64,sr>70%,kvB<=4k,kp=0,-0.0565,4
2048,n<=8,sr<=15%,kvB<=16k,kp<=1k,0.5908,2
2048,n<=8,sr<=15%,kvB<=16k,kp<=2k,0.1116,2
2048,n<=8,sr<=15%,kvB<=16k,kp<=4k,0.0001,2
2048,n<=8,sr<=15%,kvB<=16k,kp<=512,0.8071,2
2048,n<=8,sr<=15%,kvB<=16k,kp<=8k,-0.142,2
2048,n<=8,sr<=15%,kvB<=16k,kp=0,0.8918,2
2048,n<=8,sr<=15%,kvB<=1k,kp<=1k,0.1366,2
2048,n<=8,sr<=15%,kvB<=1k,kp<=2k,-0.4738,2
2048,n<=8,sr<=15%,kvB<=1k,kp<=4k,-0.0363,2
2048,n<=8,sr<=15%,kvB<=1k,kp<=512,0.0879,2
2048,n<=8,sr<=15%,kvB<=1k,kp<=8k,-0.0438,2
2048,n<=8,sr<=15%,kvB<=1k,kp=0,0.1469,2
2048,n<=8,sr<=15%,kvB<=4k,kp<=1k,0.0353,2
2048,n<=8,sr<=15%,kvB<=4k,kp<=2k,0.0143,2
2048,n<=8,sr<=15%,kvB<=4k,kp<=4k,-0.0763,2
2048,n<=8,sr<=15%,kvB<=4k,kp<=512,-0.0177,2
2048,n<=8,sr<=15%,kvB<=4k,kp<=8k,0.0071,2
2048,n<=8,sr<=15%,kvB<=4k,kp=0,0.0193,2
2048,n<=8,sr<=40%,kvB<=16k,kp<=1k,0.5956,4
2048,n<=8,sr<=40%,kvB<=16k,kp<=2k,0.1363,4
2048,n<=8,sr<=40%,kvB<=16k,kp<=4k,0.0694,4
2048,n<=8,sr<=40%,kvB<=16k,kp<=512,0.7924,4
2048,n<=8,sr<=40%,kvB<=16k,kp<=8k,-0.0426,4
2048,n<=8,sr<=40%,kvB<=16k,kp=0,0.9091,4
2048,n<=8,sr<=40%,kvB<=1k,kp<=1k,-0.077,4
2048,n<=8,sr<=40%,kvB<=1k,kp<=2k,-0.2956,4
2048,n<=8,sr<=40%,kvB<=1k,kp<=4k,-0.1803,4
2048,n<=8,sr<=40%,kvB<=1k,kp<=512,0.0714,4
2048,n<=8,sr<=40%,kvB<=1k,kp<=8k,-0.0402,3
2048,n<=8,sr<=40%,kvB<=1k,kp=0,0.0951,4
2048,n<=8,sr<=40%,kvB<=4k,kp<=1k,-0.191,4
2048,n<=8,sr<=40%,kvB<=4k,kp<=2k,0.0294,4
2048,n<=8,sr<=40%,kvB<=4k,kp<=4k,-0.3693,4
2048,n<=8,sr<=40%,kvB<=4k,kp<=512,-0.0931,4
2048,n<=8,sr<=40%,kvB<=4k,kp<=8k,-0.0242,4
2048,n<=8,sr<=40%,kvB<=4k,kp=0,-0.116,4
2048,n<=8,sr<=70%,kvB<=16k,kp<=1k,0.5221,2
2048,n<=8,sr<=70%,kvB<=16k,kp<=2k,0.119,2
2048,n<=8,sr<=70%,kvB<=16k,kp<=4k,-0.0471,2
2048,n<=8,sr<=70%,kvB<=16k,kp<=512,0.8265,2
2048,n<=8,sr<=70%,kvB<=16k,kp<=8k,0.1977,2
2048,n<=8,sr<=70%,kvB<=16k,kp=0,0.9065,2
2048,n<=8,sr<=70%,kvB<=1k,kp<=1k,0.1237,2
2048,n<=8,sr<=70%,kvB<=1k,kp<=2k,-0.3414,1
2048,n<=8,sr<=70%,kvB<=1k,kp<=4k,0.6403,2
2048,n<=8,sr<=70%,kvB<=1k,kp<=512,-0.1461,2
2048,n<=8,sr<=70%,kvB<=1k,kp<=8k,-0.3938,2
2048,n<=8,sr<=70%,kvB<=1k,kp=0,0.1018,2
2048,n<=8,sr<=70%,kvB<=4k,kp<=1k,-0.1381,2
2048,n<=8,sr<=70%,kvB<=4k,kp<=2k,-0.0646,2
2048,n<=8,sr<=70%,kvB<=4k,kp<=4k,-0.3186,2
2048,n<=8,sr<=70%,kvB<=4k,kp<=512,-0.0725,2
2048,n<=8,sr<=70%,kvB<=4k,kp<=8k,-0.2104,2
2048,n<=8,sr<=70%,kvB<=4k,kp=0,-0.4352,2
2048,n<=8,sr>70%,kvB<=16k,kp<=1k,0.1711,4
2048,n<=8,sr>70%,kvB<=16k,kp<=2k,0.2007,4
2048,n<=8,sr>70%,kvB<=16k,kp<=4k,0.2249,4
2048,n<=8,sr>70%,kvB<=16k,kp<=512,0.8702,4
2048,n<=8,sr>70%,kvB<=16k,kp<=8k,0.3477,4
2048,n<=8,sr>70%,kvB<=16k,kp=0,0.8003,4
2048,n<=8,sr>70%,kvB<=1k,kp<=1k,0.2138,4
2048,n<=8,sr>70%,kvB<=1k,kp<=2k,-0.9575,2
2048,n<=8,sr>70%,kvB<=1k,kp<=4k,0.4458,3
2048,n<=8,sr>70%,kvB<=1k,kp<=512,0.3279,4
2048,n<=8,sr>70%,kvB<=1k,kp<=8k,0.9752,3
2048,n<=8,sr>70%,kvB<=1k,kp=0,1.7132,2
2048,n<=8,sr>70%,kvB<=4k,kp<=1k,0.0297,4
2048,n<=8,sr>70%,kvB<=4k,kp<=2k,0.048,4
2048,n<=8,sr>70%,kvB<=4k,kp<=4k,0.0077,4
2048,n<=8,sr>70%,kvB<=4k,kp<=512,-0.2028,4
2048,n<=8,sr>70%,kvB<=4k,kp<=8k,-0.3885,4
2048,n<=8,sr>70%,kvB<=4k,kp=0,-0.3023,4
4096,n<=16,sr<=15%,kvB<=16k,kp<=1k,-0.0358,4
4096,n<=16,sr<=15%,kvB<=16k,kp<=2k,-0.0186,4
4096,n<=16,sr<=15%,kvB<=16k,kp<=4k,-0.032,4
4096,n<=16,sr<=15%,kvB<=16k,kp<=512,-0.0198,4
4096,n<=16,sr<=15%,kvB<=16k,kp<=8k,-0.0541,4
4096,n<=16,sr<=15%,kvB<=16k,kp=0,-0.0205,4
4096,n<=16,sr<=15%,kvB<=1k,kp<=1k,-0.0205,4
4096,n<=16,sr<=15%,kvB<=1k,kp<=2k,-0.05,4
4096,n<=16,sr<=15%,kvB<=1k,kp<=4k,-0.1779,4
4096,n<=16,sr<=15%,kvB<=1k,kp<=512,0.0559,4
4096,n<=16,sr<=15%,kvB<=1k,kp<=8k,-0.1676,4
4096,n<=16,sr<=15%,kvB<=1k,kp=0,0.0497,4
4096,n<=16,sr<=15%,kvB<=4k,kp<=1k,-0.0811,4
4096,n<=16,sr<=15%,kvB<=4k,kp<=2k,-0.0404,4
4096,n<=16,sr<=15%,kvB<=4k,kp<=4k,-0.0805,4
4096,n<=16,sr<=15%,kvB<=4k,kp<=512,-0.0387,4
4096,n<=16,sr<=15%,kvB<=4k,kp<=8k,0.0324,4
4096,n<=16,sr<=15%,kvB<=4k,kp=0,-0.0374,4
4096,n<=16,sr<=40%,kvB<=16k,kp<=1k,-0.0524,4
4096,n<=16,sr<=40%,kvB<=16k,kp<=2k,-0.0524,4
4096,n<=16,sr<=40%,kvB<=16k,kp<=4k,-0.0673,4
4096,n<=16,sr<=40%,kvB<=16k,kp<=512,-0.064,4
4096,n<=16,sr<=40%,kvB<=16k,kp<=8k,-0.115,4
4096,n<=16,sr<=40%,kvB<=16k,kp=0,-0.0717,4
4096,n<=16,sr<=40%,kvB<=1k,kp<=1k,-0.1504,4
4096,n<=16,sr<=40%,kvB<=1k,kp<=2k,-0.0371,4
4096,n<=16,sr<=40%,kvB<=1k,kp<=4k,-0.151,4
4096,n<=16,sr<=40%,kvB<=1k,kp<=512,-0.0006,4
4096,n<=16,sr<=40%,kvB<=1k,kp<=8k,0.6739,4
4096,n<=16,sr<=40%,kvB<=1k,kp=0,-0.1318,4
4096,n<=16,sr<=40%,kvB<=4k,kp<=1k,-0.1403,4
4096,n<=16,sr<=40%,kvB<=4k,kp<=2k,-0.0812,4
4096,n<=16,sr<=40%,kvB<=4k,kp<=4k,-0.0477,4
4096,n<=16,sr<=40%,kvB<=4k,kp<=512,-0.0708,4
4096,n<=16,sr<=40%,kvB<=4k,kp<=8k,0.077,4
4096,n<=16,sr<=40%,kvB<=4k,kp=0,-0.1047,4
4096,n<=16,sr<=70%,kvB<=16k,kp<=1k,-0.2371,2
4096,n<=16,sr<=70%,kvB<=16k,kp<=2k,-0.2813,2
4096,n<=16,sr<=70%,kvB<=16k,kp<=4k,-0.2626,2
4096,n<=16,sr<=70%,kvB<=16k,kp<=512,-0.2638,2
4096,n<=16,sr<=70%,kvB<=16k,kp<=8k,-0.4071,2
4096,n<=16,sr<=70%,kvB<=16k,kp=0,-0.2459,2
4096,n<=16,sr<=70%,kvB<=1k,kp<=1k,-0.5749,2
4096,n<=16,sr<=70%,kvB<=1k,kp<=2k,-0.7059,2
4096,n<=16,sr<=70%,kvB<=1k,kp<=4k,-2.2918,2
4096,n<=16,sr<=70%,kvB<=1k,kp<=512,-0.1601,2
4096,n<=16,sr<=70%,kvB<=1k,kp<=8k,0.8278,2
4096,n<=16,sr<=70%,kvB<=1k,kp=0,-0.3301,2
4096,n<=16,sr<=70%,kvB<=4k,kp<=1k,-0.3767,2
4096,n<=16,sr<=70%,kvB<=4k,kp<=2k,-0.2156,2
4096,n<=16,sr<=70%,kvB<=4k,kp<=4k,-0.452,2
4096,n<=16,sr<=70%,kvB<=4k,kp<=512,-0.2955,2
4096,n<=16,sr<=70%,kvB<=4k,kp<=8k,0.1945,2
4096,n<=16,sr<=70%,kvB<=4k,kp=0,-0.2014,2
4096,n<=16,sr>70%,kvB<=16k,kp<=1k,-0.5666,4
4096,n<=16,sr>70%,kvB<=16k,kp<=2k,-0.6321,4
4096,n<=16,sr>70%,kvB<=16k,kp<=4k,-0.5186,4
4096,n<=16,sr>70%,kvB<=16k,kp<=512,-0.6825,4
4096,n<=16,sr>70%,kvB<=16k,kp<=8k,-0.6141,4
4096,n<=16,sr>70%,kvB<=16k,kp=0,-0.6354,4
4096,n<=16,sr>70%,kvB<=1k,kp<=1k,-0.2347,4
4096,n<=16,sr>70%,kvB<=1k,kp<=2k,-0.0426,4
4096,n<=16,sr>70%,kvB<=1k,kp<=4k,-0.2181,2
4096,n<=16,sr>70%,kvB<=1k,kp<=512,-0.173,4
4096,n<=16,sr>70%,kvB<=1k,kp<=8k,0.8026,3
4096,n<=16,sr>70%,kvB<=1k,kp=0,-0.497,4
4096,n<=16,sr>70%,kvB<=4k,kp<=1k,-0.6833,4
4096,n<=16,sr>70%,kvB<=4k,kp<=2k,-0.5145,4
4096,n<=16,sr>70%,kvB<=4k,kp<=4k,-0.5558,4
4096,n<=16,sr>70%,kvB<=4k,kp<=512,-0.336,4
4096,n<=16,sr>70%,kvB<=4k,kp<=8k,0.0133,3
4096,n<=16,sr>70%,kvB<=4k,kp=0,-0.4291,4
4096,n<=2,sr<=70%,kvB<=16k,kp<=1k,-0.1139,2
4096,n<=2,sr<=70%,kvB<=16k,kp<=2k,0.3353,2
4096,n<=2,sr<=70%,kvB<=16k,kp<=4k,0.196,2
4096,n<=2,sr<=70%,kvB<=16k,kp<=512,0.0416,2
4096,n<=2,sr<=70%,kvB<=16k,kp<=8k,0.4489,1
4096,n<=2,sr<=70%,kvB<=16k,kp=0,0.1027,2
4096,n<=2,sr<=70%,kvB<=1k,kp<=1k,0.2092,2
4096,n<=2,sr<=70%,kvB<=1k,kp<=2k,2.9588,1
4096,n<=2,sr<=70%,kvB<=1k,kp<=4k,0.7756,1
4096,n<=2,sr<=70%,kvB<=1k,kp<=8k,-4.4404,1
4096,n<=2,sr<=70%,kvB<=4k,kp<=1k,0.3658,1
4096,n<=2,sr<=70%,kvB<=4k,kp<=4k,-0.0303,1
4096,n<=2,sr<=70%,kvB<=4k,kp<=512,0.1081,2
4096,n<=2,sr<=70%,kvB<=4k,kp<=8k,0.6375,1
4096,n<=2,sr<=70%,kvB<=4k,kp=0,0.0544,2
4096,n<=32,sr<=15%,kvB<=16k,kp<=1k,-0.0118,6
4096,n<=32,sr<=15%,kvB<=16k,kp<=2k,-0.0192,6
4096,n<=32,sr<=15%,kvB<=16k,kp<=4k,-0.0158,6
4096,n<=32,sr<=15%,kvB<=16k,kp<=512,-0.0121,6
4096,n<=32,sr<=15%,kvB<=16k,kp<=8k,0.0023,6
4096,n<=32,sr<=15%,kvB<=16k,kp=0,-0.0194,6
4096,n<=32,sr<=15%,kvB<=1k,kp<=1k,0.0102,6
4096,n<=32,sr<=15%,kvB<=1k,kp<=2k,0.0421,6
4096,n<=32,sr<=15%,kvB<=1k,kp<=4k,0.1857,6
4096,n<=32,sr<=15%,kvB<=1k,kp<=512,-0.0013,6
4096,n<=32,sr<=15%,kvB<=1k,kp<=8k,0.206,6
4096,n<=32,sr<=15%,kvB<=1k,kp=0,-0.0014,6
4096,n<=32,sr<=15%,kvB<=4k,kp<=1k,-0.0108,6
4096,n<=32,sr<=15%,kvB<=4k,kp<=2k,-0.0194,6
4096,n<=32,sr<=15%,kvB<=4k,kp<=4k,0.0195,6
4096,n<=32,sr<=15%,kvB<=4k,kp<=512,0.0217,6
4096,n<=32,sr<=15%,kvB<=4k,kp<=8k,0.0239,6
4096,n<=32,sr<=15%,kvB<=4k,kp=0,-0.0048,6
4096,n<=32,sr<=40%,kvB<=16k,kp<=1k,-0.0195,2
4096,n<=32,sr<=40%,kvB<=16k,kp<=2k,-0.0147,2
4096,n<=32,sr<=40%,kvB<=16k,kp<=4k,-0.0243,2
4096,n<=32,sr<=40%,kvB<=16k,kp<=512,-0.0168,2
4096,n<=32,sr<=40%,kvB<=16k,kp<=8k,-0.0214,2
4096,n<=32,sr<=40%,kvB<=16k,kp=0,-0.0375,2
4096,n<=32,sr<=40%,kvB<=1k,kp<=1k,-0.0295,2
4096,n<=32,sr<=40%,kvB<=1k,kp<=2k,-0.0556,2
4096,n<=32,sr<=40%,kvB<=1k,kp<=4k,0.3325,2
4096,n<=32,sr<=40%,kvB<=1k,kp<=512,0.1258,2
4096,n<=32,sr<=40%,kvB<=1k,kp<=8k,-0.1612,2
4096,n<=32,sr<=40%,kvB<=1k,kp=0,0.0671,2
4096,n<=32,sr<=40%,kvB<=4k,kp<=1k,-0.0466,2
4096,n<=32,sr<=40%,kvB<=4k,kp<=2k,-0.008,2
4096,n<=32,sr<=40%,kvB<=4k,kp<=4k,-0.0921,2
4096,n<=32,sr<=40%,kvB<=4k,kp<=512,-0.0247,2
4096,n<=32,sr<=40%,kvB<=4k,kp<=8k,0.0007,2
4096,n<=32,sr<=40%,kvB<=4k,kp=0,-0.024,2
4096,n<=32,sr<=5%,kvB<=16k,kp<=1k,0.0015,2
4096,n<=32,sr<=5%,kvB<=16k,kp<=2k,0.0079,2
4096,n<=32,sr<=5%,kvB<=16k,kp<=4k,0.0158,2
4096,n<=32,sr<=5%,kvB<=16k,kp<=512,-0.002,2
4096,n<=32,sr<=5%,kvB<=16k,kp<=8k,0.0127,2
4096,n<=32,sr<=5%,kvB<=16k,kp=0,-0.0069,2
4096,n<=32,sr<=5%,kvB<=1k,kp<=1k,-0.0274,2
4096,n<=32,sr<=5%,kvB<=1k,kp<=2k,-0.0443,2
4096,n<=32,sr<=5%,kvB<=1k,kp<=4k,0.0555,2
4096,n<=32,sr<=5%,kvB<=1k,kp<=512,-0.0451,2
4096,n<=32,sr<=5%,kvB<=1k,kp<=8k,0.0355,2
4096,n<=32,sr<=5%,kvB<=1k,kp=0,-0.0375,2
4096,n<=32,sr<=5%,kvB<=4k,kp<=1k,-0.0238,2
4096,n<=32,sr<=5%,kvB<=4k,kp<=2k,0.0105,2
4096,n<=32,sr<=5%,kvB<=4k,kp<=4k,0.0702,2
4096,n<=32,sr<=5%,kvB<=4k,kp<=512,0.0071,2
4096,n<=32,sr<=5%,kvB<=4k,kp<=8k,0.2019,2
4096,n<=32,sr<=5%,kvB<=4k,kp=0,0.0247,2
4096,n<=32,sr<=70%,kvB<=16k,kp<=1k,-0.0085,2
4096,n<=32,sr<=70%,kvB<=16k,kp<=2k,-0.0447,2
4096,n<=32,sr<=70%,kvB<=16k,kp<=4k,0.0049,2
4096,n<=32,sr<=70%,kvB<=16k,kp<=512,-0.0141,2
4096,n<=32,sr<=70%,kvB<=16k,kp<=8k,-0.0455,2
4096,n<=32,sr<=70%,kvB<=16k,kp=0,-0.0234,2
4096,n<=32,sr<=70%,kvB<=1k,kp<=1k,-0.0742,2
4096,n<=32,sr<=70%,kvB<=1k,kp<=2k,-0.0994,2
4096,n<=32,sr<=70%,kvB<=1k,kp<=4k,0.4601,2
4096,n<=32,sr<=70%,kvB<=1k,kp<=512,0.0435,2
4096,n<=32,sr<=70%,kvB<=1k,kp<=8k,0.398,2
4096,n<=32,sr<=70%,kvB<=1k,kp=0,-0.0185,2
4096,n<=32,sr<=70%,kvB<=4k,kp<=1k,0.0105,2
4096,n<=32,sr<=70%,kvB<=4k,kp<=2k,-0.0685,2
4096,n<=32,sr<=70%,kvB<=4k,kp<=4k,0.1945,2
4096,n<=32,sr<=70%,kvB<=4k,kp<=512,0.037,2
4096,n<=32,sr<=70%,kvB<=4k,kp<=8k,0.1396,2
4096,n<=32,sr<=70%,kvB<=4k,kp=0,-0.0222,2
4096,n<=32,sr>70%,kvB<=16k,kp<=1k,-0.2997,4
4096,n<=32,sr>70%,kvB<=16k,kp<=2k,-0.3579,4
4096,n<=32,sr>70%,kvB<=16k,kp<=4k,-0.2849,4
4096,n<=32,sr>70%,kvB<=16k,kp<=512,-0.2875,4
4096,n<=32,sr>70%,kvB<=16k,kp<=8k,-0.2242,4
4096,n<=32,sr>70%,kvB<=16k,kp=0,-0.3275,4
4096,n<=32,sr>70%,kvB<=1k,kp<=1k,0.2851,2
4096,n<=32,sr>70%,kvB<=1k,kp<=2k,0.29,4
4096,n<=32,sr>70%,kvB<=1k,kp<=4k,0.4776,4
4096,n<=32,sr>70%,kvB<=1k,kp<=512,0.2184,3
4096,n<=32,sr>70%,kvB<=1k,kp<=8k,-0.3857,4
4096,n<=32,sr>70%,kvB<=1k,kp=0,0.0757,4
4096,n<=32,sr>70%,kvB<=4k,kp<=1k,-0.0232,4
4096,n<=32,sr>70%,kvB<=4k,kp<=2k,-0.0089,4
4096,n<=32,sr>70%,kvB<=4k,kp<=4k,0.0098,4
4096,n<=32,sr>70%,kvB<=4k,kp<=512,-0.1476,4
4096,n<=32,sr>70%,kvB<=4k,kp<=8k,-0.6418,4
4096,n<=32,sr>70%,kvB<=4k,kp=0,-0.1237,4
4096,n<=4,sr<=40%,kvB<=16k,kp<=1k,0.1358,2
4096,n<=4,sr<=40%,kvB<=16k,kp<=2k,-0.0183,2
4096,n<=4,sr<=40%,kvB<=16k,kp<=4k,0.2059,2
4096,n<=4,sr<=40%,kvB<=16k,kp<=512,-0.0515,2
4096,n<=4,sr<=40%,kvB<=16k,kp<=8k,0.1968,2
4096,n<=4,sr<=40%,kvB<=16k,kp=0,0.035,2
4096,n<=4,sr<=40%,kvB<=1k,kp<=1k,0.9901,1
4096,n<=4,sr<=40%,kvB<=1k,kp<=2k,0.4628,2
4096,n<=4,sr<=40%,kvB<=1k,kp<=4k,0.6471,2
4096,n<=4,sr<=40%,kvB<=1k,kp<=512,-0.2405,1
4096,n<=4,sr<=40%,kvB<=1k,kp<=8k,0.6238,1
4096,n<=4,sr<=40%,kvB<=1k,kp=0,0.0329,2
4096,n<=4,sr<=40%,kvB<=4k,kp<=1k,0.1074,2
4096,n<=4,sr<=40%,kvB<=4k,kp<=2k,0.3431,2
4096,n<=4,sr<=40%,kvB<=4k,kp<=4k,-0.6039,2
4096,n<=4,sr<=40%,kvB<=4k,kp<=512,0.0415,2
4096,n<=4,sr<=40%,kvB<=4k,kp<=8k,2.0351,2
4096,n<=4,sr<=40%,kvB<=4k,kp=0,0.0878,2
4096,n<=4,sr<=70%,kvB<=16k,kp<=1k,0.0834,2
4096,n<=4,sr<=70%,kvB<=16k,kp<=2k,0.0397,2
4096,n<=4,sr<=70%,kvB<=16k,kp<=4k,0.0128,2
4096,n<=4,sr<=70%,kvB<=16k,kp<=512,0.1507,2
4096,n<=4,sr<=70%,kvB<=16k,kp<=8k,-0.0533,2
4096,n<=4,sr<=70%,kvB<=16k,kp=0,0.0741,2
4096,n<=4,sr<=70%,kvB<=1k,kp<=1k,-0.127,2
4096,n<=4,sr<=70%,kvB<=1k,kp<=2k,-8.6799,1
4096,n<=4,sr<=70%,kvB<=1k,kp<=4k,0.7707,1
4096,n<=4,sr<=70%,kvB<=1k,kp<=512,0.4457,1
4096,n<=4,sr<=70%,kvB<=1k,kp=0,0.0355,2
4096,n<=4,sr<=70%,kvB<=4k,kp<=1k,-0.3406,2
4096,n<=4,sr<=70%,kvB<=4k,kp<=2k,0.2575,2
4096,n<=4,sr<=70%,kvB<=4k,kp<=4k,0.4021,2
4096,n<=4,sr<=70%,kvB<=4k,kp<=512,-0.023,1
4096,n<=4,sr<=70%,kvB<=4k,kp<=8k,-2.8808,1
4096,n<=4,sr<=70%,kvB<=4k,kp=0,-0.0315,2
4096,n<=4,sr>70%,kvB<=16k,kp<=1k,0.2329,2
4096,n<=4,sr>70%,kvB<=16k,kp<=2k,0.2721,2
4096,n<=4,sr>70%,kvB<=16k,kp<=4k,0.1491,2
4096,n<=4,sr>70%,kvB<=16k,kp<=512,0.0646,2
4096,n<=4,sr>70%,kvB<=16k,kp<=8k,0.35,1
4096,n<=4,sr>70%,kvB<=16k,kp=0,-0.2397,2
4096,n<=4,sr>70%,kvB<=1k,kp<=1k,-3.4805,2
4096,n<=4,sr>70%,kvB<=1k,kp<=2k,-0.3152,2
4096,n<=4,sr>70%,kvB<=1k,kp<=512,-1.6221,1
4096,n<=4,sr>70%,kvB<=1k,kp<=8k,3.0017,1
4096,n<=4,sr>70%,kvB<=1k,kp=0,1.1752,2
4096,n<=4,sr>70%,kvB<=4k,kp<=1k,-0.2598,1
4096,n<=4,sr>70%,kvB<=4k,kp<=4k,-7.1684,1
4096,n<=4,sr>70%,kvB<=4k,kp<=512,-0.3776,2
4096,n<=4,sr>70%,kvB<=4k,kp<=8k,-0.3132,1
4096,n<=4,sr>70%,kvB<=4k,kp=0,0.2391,2
4096,n<=64,sr<=15%,kvB<=16k,kp<=1k,-0.0085,4
4096,n<=64,sr<=15%,kvB<=16k,kp<=2k,-0.0106,4
4096,n<=64,sr<=15%,kvB<=16k,kp<=4k,-0.0122,4
4096,n<=64,sr<=15%,kvB<=16k,kp<=512,-0.0055,4
4096,n<=64,sr<=15%,kvB<=16k,kp<=8k,-0.0077,4
4096,n<=64,sr<=15%,kvB<=16k,kp=0,-0.0085,4
4096,n<=64,sr<=15%,kvB<=1k,kp<=1k,0.0314,4
4096,n<=64,sr<=15%,kvB<=1k,kp<=2k,0.0332,4
4096,n<=64,sr<=15%,kvB<=1k,kp<=4k,-0.0259,4
4096,n<=64,sr<=15%,kvB<=1k,kp<=512,0.0091,4
4096,n<=64,sr<=15%,kvB<=1k,kp<=8k,-0.0565,4
4096,n<=64,sr<=15%,kvB<=1k,kp=0,0.0299,4
4096,n<=64,sr<=15%,kvB<=4k,kp<=1k,0.0038,4
4096,n<=64,sr<=15%,kvB<=4k,kp<=2k,0.0165,4
4096,n<=64,sr<=15%,kvB<=4k,kp<=4k,0.0243,4
4096,n<=64,sr<=15%,kvB<=4k,kp<=512,-0.0004,4
4096,n<=64,sr<=15%,kvB<=4k,kp<=8k,0.0136,4
4096,n<=64,sr<=15%,kvB<=4k,kp=0,-0.0026,4
4096,n<=64,sr<=40%,kvB<=16k,kp<=1k,-0.0028,2
4096,n<=64,sr<=40%,kvB<=16k,kp<=2k,-0.0094,2
4096,n<=64,sr<=40%,kvB<=16k,kp<=4k,-0.0049,2
4096,n<=64,sr<=40%,kvB<=16k,kp<=512,-0.0047,2
4096,n<=64,sr<=40%,kvB<=16k,kp<=8k,-0.0137,2
4096,n<=64,sr<=40%,kvB<=16k,kp=0,-0.0062,2
4096,n<=64,sr<=40%,kvB<=1k,kp<=1k,0.0666,2
4096,n<=64,sr<=40%,kvB<=1k,kp<=2k,0.0716,2
4096,n<=64,sr<=40%,kvB<=1k,kp<=4k,0.0825,2
4096,n<=64,sr<=40%,kvB<=1k,kp<=512,0.0302,2
4096,n<=64,sr<=40%,kvB<=1k,kp<=8k,0.0459,2
4096,n<=64,sr<=40%,kvB<=1k,kp=0,0.0398,2
4096,n<=64,sr<=40%,kvB<=4k,kp<=1k,-0.009,2
4096,n<=64,sr<=40%,kvB<=4k,kp<=2k,-0.0343,2
4096,n<=64,sr<=40%,kvB<=4k,kp<=4k,0.0125,2
4096,n<=64,sr<=40%,kvB<=4k,kp<=512,0.0043,2
4096,n<=64,sr<=40%,kvB<=4k,kp<=8k,-0.0194,2
4096,n<=64,sr<=40%,kvB<=4k,kp=0,0.0036,2
4096,n<=64,sr<=5%,kvB<=16k,kp<=1k,0.0024,6
4096,n<=64,sr<=5%,kvB<=16k,kp<=2k,0.0047,6
4096,n<=64,sr<=5%,kvB<=16k,kp<=4k,0.0069,6
4096,n<=64,sr<=5%,kvB<=16k,kp<=512,0.0029,6
4096,n<=64,sr<=5%,kvB<=16k,kp<=8k,0.0039,6
4096,n<=64,sr<=5%,kvB<=16k,kp=0,0.0007,6
4096,n<=64,sr<=5%,kvB<=1k,kp<=1k,0.0163,6
4096,n<=64,sr<=5%,kvB<=1k,kp<=2k,-0.0006,6
4096,n<=64,sr<=5%,kvB<=1k,kp<=4k,-0.0112,6
4096,n<=64,sr<=5%,kvB<=1k,kp<=512,-0.0127,6
4096,n<=64,sr<=5%,kvB<=1k,kp<=8k,-0.0513,6
4096,n<=64,sr<=5%,kvB<=1k,kp=0,0.0017,6
4096,n<=64,sr<=5%,kvB<=4k,kp<=1k,0.0084,6
4096,n<=64,sr<=5%,kvB<=4k,kp<=2k,0.0173,6
4096,n<=64,sr<=5%,kvB<=4k,kp<=4k,0.0116,6
4096,n<=64,sr<=5%,kvB<=4k,kp<=512,0.0065,6
4096,n<=64,sr<=5%,kvB<=4k,kp<=8k,-0.0434,6
4096,n<=64,sr<=5%,kvB<=4k,kp=0,0.0023,6
4096,n<=64,sr<=70%,kvB<=16k,kp<=1k,-0.0041,2
4096,n<=64,sr<=70%,kvB<=16k,kp<=2k,-0.006,2
4096,n<=64,sr<=70%,kvB<=16k,kp<=4k,-0.001,2
4096,n<=64,sr<=70%,kvB<=16k,kp<=512,-0.0031,2
4096,n<=64,sr<=70%,kvB<=16k,kp<=8k,-0.014,2
4096,n<=64,sr<=70%,kvB<=16k,kp=0,-0.0056,2
4096,n<=64,sr<=70%,kvB<=1k,kp<=1k,0.0866,2
4096,n<=64,sr<=70%,kvB<=1k,kp<=2k,0.1834,2
4096,n<=64,sr<=70%,kvB<=1k,kp<=4k,0.134,2
4096,n<=64,sr<=70%,kvB<=1k,kp<=512,0.0976,2
4096,n<=64,sr<=70%,kvB<=1k,kp<=8k,0.3923,2
4096,n<=64,sr<=70%,kvB<=1k,kp=0,0.1671,2
4096,n<=64,sr<=70%,kvB<=4k,kp<=1k,-0.0222,2
4096,n<=64,sr<=70%,kvB<=4k,kp<=2k,-0.0026,2
4096,n<=64,sr<=70%,kvB<=4k,kp<=4k,0.0282,2
4096,n<=64,sr<=70%,kvB<=4k,kp<=512,0.0183,2
4096,n<=64,sr<=70%,kvB<=4k,kp<=8k,-0.0586,2
4096,n<=64,sr<=70%,kvB<=4k,kp=0,-0.0076,2
4096,n<=64,sr>70%,kvB<=16k,kp<=1k,-0.0019,4
4096,n<=64,sr>70%,kvB<=16k,kp<=2k,-0.0219,4
4096,n<=64,sr>70%,kvB<=16k,kp<=4k,-0.0202,4
4096,n<=64,sr>70%,kvB<=16k,kp<=512,-0.0107,4
4096,n<=64,sr>70%,kvB<=16k,kp<=8k,-0.0113,4
4096,n<=64,sr>70%,kvB<=16k,kp=0,-0.0337,4
4096,n<=64,sr>70%,kvB<=1k,kp<=1k,0.2045,4
4096,n<=64,sr>70%,kvB<=1k,kp<=2k,0.4574,4
4096,n<=64,sr>70%,kvB<=1k,kp<=4k,0.3071,4
4096,n<=64,sr>70%,kvB<=1k,kp<=512,0.23,4
4096,n<=64,sr>70%,kvB<=1k,kp<=8k,1.2339,3
4096,n<=64,sr>70%,kvB<=1k,kp=0,0.3109,4
4096,n<=64,sr>70%,kvB<=4k,kp<=1k,0.0031,4
4096,n<=64,sr>70%,kvB<=4k,kp<=2k,0.0476,4
4096,n<=64,sr>70%,kvB<=4k,kp<=4k,0.0885,4
4096,n<=64,sr>70%,kvB<=4k,kp<=512,0.0493,4
4096,n<=64,sr>70%,kvB<=4k,kp<=8k,0.0336,4
4096,n<=64,sr>70%,kvB<=4k,kp=0,0.0277,4
4096,n<=8,sr<=15%,kvB<=16k,kp<=1k,0.0232,2
4096,n<=8,sr<=15%,kvB<=16k,kp<=2k,0.0396,2
4096,n<=8,sr<=15%,kvB<=16k,kp<=4k,0.0146,2
4096,n<=8,sr<=15%,kvB<=16k,kp<=512,0.0098,2
4096,n<=8,sr<=15%,kvB<=16k,kp<=8k,-0.1013,2
4096,n<=8,sr<=15%,kvB<=16k,kp=0,-0.0015,2
4096,n<=8,sr<=15%,kvB<=1k,kp<=1k,0.1208,2
4096,n<=8,sr<=15%,kvB<=1k,kp<=2k,-0.473,2
4096,n<=8,sr<=15%,kvB<=1k,kp<=4k,-0.1458,2
4096,n<=8,sr<=15%,kvB<=1k,kp<=512,0.5855,2
4096,n<=8,sr<=15%,kvB<=1k,kp<=8k,-0.0851,2
4096,n<=8,sr<=15%,kvB<=1k,kp=0,-0.0617,2
4096,n<=8,sr<=15%,kvB<=4k,kp<=1k,0.0498,2
4096,n<=8,sr<=15%,kvB<=4k,kp<=2k,0.0921,2
4096,n<=8,sr<=15%,kvB<=4k,kp<=4k,0.0204,2
4096,n<=8,sr<=15%,kvB<=4k,kp<=512,0.1486,2
4096,n<=8,sr<=15%,kvB<=4k,kp<=8k,-0.0913,2
4096,n<=8,sr<=15%,kvB<=4k,kp=0,0.1494,2
4096,n<=8,sr<=40%,kvB<=16k,kp<=1k,-0.0111,4
4096,n<=8,sr<=40%,kvB<=16k,kp<=2k,0.057,4
4096,n<=8,sr<=40%,kvB<=16k,kp<=4k,-0.0047,4
4096,n<=8,sr<=40%,kvB<=16k,kp<=512,0.0205,4
4096,n<=8,sr<=40%,kvB<=16k,kp<=8k,0.0037,4
4096,n<=8,sr<=40%,kvB<=16k,kp=0,-0.0004,4
4096,n<=8,sr<=40%,kvB<=1k,kp<=1k,0.3787,4
4096,n<=8,sr<=40%,kvB<=1k,kp<=2k,0.2009,3
4096,n<=8,sr<=40%,kvB<=1k,kp<=4k,0.1098,4
4096,n<=8,sr<=40%,kvB<=1k,kp<=512,0.169,3
4096,n<=8,sr<=40%,kvB<=1k,kp<=8k,0.1471,3
4096,n<=8,sr<=40%,kvB<=1k,kp=0,-0.0179,4
4096,n<=8,sr<=40%,kvB<=4k,kp<=1k,-0.0751,4
4096,n<=8,sr<=40%,kvB<=4k,kp<=2k,0.1416,4
4096,n<=8,sr<=40%,kvB<=4k,kp<=4k,0.1408,4
4096,n<=8,sr<=40%,kvB<=4k,kp<=512,-0.0867,4
4096,n<=8,sr<=40%,kvB<=4k,kp<=8k,0.0285,4
4096,n<=8,sr<=40%,kvB<=4k,kp=0,-0.0379,4
4096,n<=8,sr<=70%,kvB<=16k,kp<=1k,0.0532,2
4096,n<=8,sr<=70%,kvB<=16k,kp<=2k,0.0201,2
4096,n<=8,sr<=70%,kvB<=16k,kp<=4k,-0.0366,2
4096,n<=8,sr<=70%,kvB<=16k,kp<=512,0.0742,2
4096,n<=8,sr<=70%,kvB<=16k,kp<=8k,-0.098,2
4096,n<=8,sr<=70%,kvB<=16k,kp=0,-0.0261,2
4096,n<=8,sr<=70%,kvB<=1k,kp<=1k,-0.8446,1
4096,n<=8,sr<=70%,kvB<=1k,kp<=2k,0.4335,2
4096,n<=8,sr<=70%,kvB<=1k,kp<=4k,-0.6986,2
4096,n<=8,sr<=70%,kvB<=1k,kp<=512,0.2377,2
4096,n<=8,sr<=70%,kvB<=1k,kp<=8k,1.8943,1
4096,n<=8,sr<=70%,kvB<=1k,kp=0,0.032,2
4096,n<=8,sr<=70%,kvB<=4k,kp<=1k,-0.2531,2
4096,n<=8,sr<=70%,kvB<=4k,kp<=2k,-0.2321,2
4096,n<=8,sr<=70%,kvB<=4k,kp<=4k,-0.1807,2
4096,n<=8,sr<=70%,kvB<=4k,kp<=512,-0.06,2
4096,n<=8,sr<=70%,kvB<=4k,kp<=8k,0.2252,2
4096,n<=8,sr<=70%,kvB<=4k,kp=0,-0.0448,2
4096,n<=8,sr>70%,kvB<=16k,kp<=1k,0.0454,4
4096,n<=8,sr>70%,kvB<=16k,kp<=2k,0.1153,4
4096,n<=8,sr>70%,kvB<=16k,kp<=4k,-0.1275,4
4096,n<=8,sr>70%,kvB<=16k,kp<=512,-0.0522,4
4096,n<=8,sr>70%,kvB<=16k,kp<=8k,0.1849,3
4096,n<=8,sr>70%,kvB<=16k,kp=0,-0.029,4
4096,n<=8,sr>70%,kvB<=1k,kp<=1k,-1.4145,2
4096,n<=8,sr>70%,kvB<=1k,kp<=2k,0.7898,3
4096,n<=8,sr>70%,kvB<=1k,kp<=4k,0.6829,2
4096,n<=8,sr>70%,kvB<=1k,kp<=512,0.1871,2
4096,n<=8,sr>70%,kvB<=1k,kp<=8k,1.5854,1
4096,n<=8,sr>70%,kvB<=1k,kp=0,-0.7418,2
4096,n<=8,sr>70%,kvB<=4k,kp<=1k,0.0833,4
4096,n<=8,sr>70%,kvB<=4k,kp<=2k,-0.2198,4
4096,n<=8,sr>70%,kvB<=4k,kp<=4k,0.4958,4
4096,n<=8,sr>70%,kvB<=4k,kp<=512,-0.1961,4
4096,n<=8,sr>70%,kvB<=4k,kp<=8k,-0.2292,3
4096,n<=8,sr>70%,kvB<=4k,kp=0,-0.0212,4
8192,n<=16,sr<=15%,kvB<=16k,kp<=1k,-0.0405,4
8192,n<=16,sr<=15%,kvB<=16k,kp<=2k,-0.0278,4
8192,n<=16,sr<=15%,kvB<=16k,kp<=4k,-0.046,4
8192,n<=16,sr<=15%,kvB<=16k,kp<=512,-0.0416,4
8192,n<=16,sr<=15%,kvB<=16k,kp<=8k,-0.0556,4
8192,n<=16,sr<=15%,kvB<=16k,kp=0,-0.0299,4
8192,n<=16,sr<=15%,kvB<=1k,kp<=1k,0.3073,4
8192,n<=16,sr<=15%,kvB<=1k,kp<=2k,0.1881,4
8192,n<=16,sr<=15%,kvB<=1k,kp<=4k,-0.0904,4
8192,n<=16,sr<=15%,kvB<=1k,kp<=512,0.1216,4
8192,n<=16,sr<=15%,kvB<=1k,kp<=8k,0.4443,4
8192,n<=16,sr<=15%,kvB<=1k,kp=0,0.2612,4
8192,n<=16,sr<=15%,kvB<=4k,kp<=1k,-0.0057,4
8192,n<=16,sr<=15%,kvB<=4k,kp<=2k,0.0949,4
8192,n<=16,sr<=15%,kvB<=4k,kp<=4k,-0.0479,4
8192,n<=16,sr<=15%,kvB<=4k,kp<=512,0.0586,4
8192,n<=16,sr<=15%,kvB<=4k,kp<=8k,-0.0822,4
8192,n<=16,sr<=15%,kvB<=4k,kp=0,-0.0408,4
8192,n<=16,sr<=40%,kvB<=16k,kp<=1k,-0.0324,4
8192,n<=16,sr<=40%,kvB<=16k,kp<=2k,0.0067,4
8192,n<=16,sr<=40%,kvB<=16k,kp<=4k,-0.0031,4
8192,n<=16,sr<=40%,kvB<=16k,kp<=512,-0.0796,4
8192,n<=16,sr<=40%,kvB<=16k,kp<=8k,-0.031,4
8192,n<=16,sr<=40%,kvB<=16k,kp=0,-0.077,4
8192,n<=16,sr<=40%,kvB<=1k,kp<=1k,0.021,4
8192,n<=16,sr<=40%,kvB<=1k,kp<=2k,-0.0193,4
8192,n<=16,sr<=40%,kvB<=1k,kp<=4k,0.4471,3
8192,n<=16,sr<=40%,kvB<=1k,kp<=512,-0.2702,4
8192,n<=16,sr<=40%,kvB<=1k,kp<=8k,1.3131,3
8192,n<=16,sr<=40%,kvB<=1k,kp=0,-0.1059,4
8192,n<=16,sr<=40%,kvB<=4k,kp<=1k,-0.2741,4
8192,n<=16,sr<=40%,kvB<=4k,kp<=2k,-0.3198,4
8192,n<=16,sr<=40%,kvB<=4k,kp<=4k,-0.0882,4
8192,n<=16,sr<=40%,kvB<=4k,kp<=512,0.0118,4
8192,n<=16,sr<=40%,kvB<=4k,kp<=8k,-0.6429,4
8192,n<=16,sr<=40%,kvB<=4k,kp=0,-0.0837,4
8192,n<=16,sr<=70%,kvB<=16k,kp<=1k,-0.2629,2
8192,n<=16,sr<=70%,kvB<=16k,kp<=2k,-0.2472,2
8192,n<=16,sr<=70%,kvB<=16k,kp<=4k,-0.3092,2
8192,n<=16,sr<=70%,kvB<=16k,kp<=512,-0.2844,2
8192,n<=16,sr<=70%,kvB<=16k,kp<=8k,-0.1923,2
8192,n<=16,sr<=70%,kvB<=16k,kp=0,-0.2559,2
8192,n<=16,sr<=70%,kvB<=1k,kp<=1k,-0.3472,2
8192,n<=16,sr<=70%,kvB<=1k,kp<=2k,-0.484,1
8192,n<=16,sr<=70%,kvB<=1k,kp<=4k,-1.0166,2
8192,n<=16,sr<=70%,kvB<=1k,kp<=8k,-0.765,2
8192,n<=16,sr<=70%,kvB<=1k,kp=0,0.0196,2
8192,n<=16,sr<=70%,kvB<=4k,kp<=1k,-0.3062,2
8192,n<=16,sr<=70%,kvB<=4k,kp<=2k,-0.4905,2
8192,n<=16,sr<=70%,kvB<=4k,kp<=4k,-1.1265,2
8192,n<=16,sr<=70%,kvB<=4k,kp<=512,-0.1127,2
8192,n<=16,sr<=70%,kvB<=4k,kp<=8k,-2.1941,1
8192,n<=16,sr<=70%,kvB<=4k,kp=0,-0.4947,2
8192,n<=16,sr>70%,kvB<=16k,kp<=1k,-0.6489,4
8192,n<=16,sr>70%,kvB<=16k,kp<=2k,-0.709,4
8192,n<=16,sr>70%,kvB<=16k,kp<=4k,-0.3713,4
8192,n<=16,sr>70%,kvB<=16k,kp<=512,-0.4269,4
8192,n<=16,sr>70%,kvB<=16k,kp<=8k,-1.3752,4
8192,n<=16,sr>70%,kvB<=16k,kp=0,-0.6708,4
8192,n<=16,sr>70%,kvB<=1k,kp<=1k,-1.7686,3
8192,n<=16,sr>70%,kvB<=1k,kp<=2k,-0.077,2
8192,n<=16,sr>70%,kvB<=1k,kp<=4k,-0.2247,3
8192,n<=16,sr>70%,kvB<=1k,kp<=512,0.4059,3
8192,n<=16,sr>70%,kvB<=1k,kp<=8k,1.8841,2
8192,n<=16,sr>70%,kvB<=1k,kp=0,0.2535,4
8192,n<=16,sr>70%,kvB<=4k,kp<=1k,-0.7502,3
8192,n<=16,sr>70%,kvB<=4k,kp<=2k,-0.1293,4
8192,n<=16,sr>70%,kvB<=4k,kp<=4k,-1.5318,2
8192,n<=16,sr>70%,kvB<=4k,kp<=512,-0.5765,4
8192,n<=16,sr>70%,kvB<=4k,kp<=8k,0.2023,3
8192,n<=16,sr>70%,kvB<=4k,kp=0,-0.6099,3
8192,n<=2,sr<=70%,kvB<=16k,kp<=1k,0.193,2
8192,n<=2,sr<=70%,kvB<=16k,kp<=2k,0.338,2
8192,n<=2,sr<=70%,kvB<=16k,kp<=4k,0.2422,2
8192,n<=2,sr<=70%,kvB<=16k,kp<=512,0.2603,2
8192,n<=2,sr<=70%,kvB<=16k,kp<=8k,0.227,2
8192,n<=2,sr<=70%,kvB<=16k,kp=0,-1.9414,1
8192,n<=2,sr<=70%,kvB<=1k,kp<=1k,0.2516,1
8192,n<=2,sr<=70%,kvB<=1k,kp<=2k,0.2773,2
8192,n<=2,sr<=70%,kvB<=1k,kp<=4k,0.5255,2
8192,n<=2,sr<=70%,kvB<=1k,kp<=512,1.8136,1
8192,n<=2,sr<=70%,kvB<=1k,kp<=8k,0.2,2
8192,n<=2,sr<=70%,kvB<=1k,kp=0,-3.1737,1
8192,n<=2,sr<=70%,kvB<=4k,kp<=1k,-0.4086,1
8192,n<=2,sr<=70%,kvB<=4k,kp<=2k,2.3684,1
8192,n<=2,sr<=70%,kvB<=4k,kp<=4k,0.6048,2
8192,n<=2,sr<=70%,kvB<=4k,kp<=512,-0.0206,1
8192,n<=2,sr<=70%,kvB<=4k,kp=0,-0.0306,2
8192,n<=32,sr<=15%,kvB<=16k,kp<=1k,-0.0258,6
8192,n<=32,sr<=15%,kvB<=16k,kp<=2k,-0.0145,6
8192,n<=32,sr<=15%,kvB<=16k,kp<=4k,-0.0137,6
8192,n<=32,sr<=15%,kvB<=16k,kp<=512,-0.0164,6
8192,n<=32,sr<=15%,kvB<=16k,kp<=8k,-0.0184,6
8192,n<=32,sr<=15%,kvB<=16k,kp=0,-0.0173,6
8192,n<=32,sr<=15%,kvB<=1k,kp<=1k,-0.0298,6
8192,n<=32,sr<=15%,kvB<=1k,kp<=2k,0.1849,6
8192,n<=32,sr<=15%,kvB<=1k,kp<=4k,-0.119,6
8192,n<=32,sr<=15%,kvB<=1k,kp<=512,-0.0596,6
8192,n<=32,sr<=15%,kvB<=1k,kp<=8k,0.0136,6
8192,n<=32,sr<=15%,kvB<=1k,kp=0,0.1401,6
8192,n<=32,sr<=15%,kvB<=4k,kp<=1k,-0.0414,6
8192,n<=32,sr<=15%,kvB<=4k,kp<=2k,-0.0078,6
8192,n<=32,sr<=15%,kvB<=4k,kp<=4k,-0.0118,6
8192,n<=32,sr<=15%,kvB<=4k,kp<=512,0.0079,6
8192,n<=32,sr<=15%,kvB<=4k,kp<=8k,0.0872,6
8192,n<=32,sr<=15%,kvB<=4k,kp=0,-0.043,6
8192,n<=32,sr<=40%,kvB<=16k,kp<=1k,-0.0177,2
8192,n<=32,sr<=40%,kvB<=16k,kp<=2k,-0.0576,2
8192,n<=32,sr<=40%,kvB<=16k,kp<=4k,-0.0275,2
8192,n<=32,sr<=40%,kvB<=16k,kp<=512,0.0008,2
8192,n<=32,sr<=40%,kvB<=16k,kp<=8k,-0.0034,2
8192,n<=32,sr<=40%,kvB<=16k,kp=0,-0.0258,2
8192,n<=32,sr<=40%,kvB<=1k,kp<=1k,0.0291,2
8192,n<=32,sr<=40%,kvB<=1k,kp<=2k,0.1619,2
8192,n<=32,sr<=40%,kvB<=1k,kp<=4k,0.4123,2
8192,n<=32,sr<=40%,kvB<=1k,kp<=512,-0.0102,2
8192,n<=32,sr<=40%,kvB<=1k,kp<=8k,-0.2546,2
8192,n<=32,sr<=40%,kvB<=1k,kp=0,0.4475,2
8192,n<=32,sr<=40%,kvB<=4k,kp<=1k,-0.0912,2
8192,n<=32,sr<=40%,kvB<=4k,kp<=2k,-0.0977,2
8192,n<=32,sr<=40%,kvB<=4k,kp<=4k,-0.2795,2
8192,n<=32,sr<=40%,kvB<=4k,kp<=512,-0.0214,2
8192,n<=32,sr<=40%,kvB<=4k,kp<=8k,-0.0634,2
8192,n<=32,sr<=40%,kvB<=4k,kp=0,-0.095,2
8192,n<=32,sr<=5%,kvB<=16k,kp<=1k,-0.0063,2
8192,n<=32,sr<=5%,kvB<=16k,kp<=2k,-0.0121,2
8192,n<=32,sr<=5%,kvB<=16k,kp<=4k,0.0015,2
8192,n<=32,sr<=5%,kvB<=16k,kp<=512,0.0121,2
8192,n<=32,sr<=5%,kvB<=16k,kp<=8k,0.0224,2
8192,n<=32,sr<=5%,kvB<=16k,kp=0,-0.0091,2
8192,n<=32,sr<=5%,kvB<=1k,kp<=1k,0.042,2
8192,n<=32,sr<=5%,kvB<=1k,kp<=2k,0.0031,2
8192,n<=32,sr<=5%,kvB<=1k,kp<=4k,-0.1291,2
8192,n<=32,sr<=5%,kvB<=1k,kp<=512,-0.0753,2
8192,n<=32,sr<=5%,kvB<=1k,kp<=8k,0.5654,2
8192,n<=32,sr<=5%,kvB<=1k,kp=0,-0.0198,2
8192,n<=32,sr<=5%,kvB<=4k,kp<=1k,-0.0192,2
8192,n<=32,sr<=5%,kvB<=4k,kp<=2k,0.0609,2
8192,n<=32,sr<=5%,kvB<=4k,kp<=4k,-0.0169,2
8192,n<=32,sr<=5%,kvB<=4k,kp<=512,-0.062,2
8192,n<=32,sr<=5%,kvB<=4k,kp<=8k,-0.4717,2
8192,n<=32,sr<=5%,kvB<=4k,kp=0,0.0529,2
8192,n<=32,sr<=70%,kvB<=16k,kp<=1k,-0.0507,2
8192,n<=32,sr<=70%,kvB<=16k,kp<=2k,0.0434,2
8192,n<=32,sr<=70%,kvB<=16k,kp<=4k,0.0047,2
8192,n<=32,sr<=70%,kvB<=16k,kp<=512,0.0081,2
8192,n<=32,sr<=70%,kvB<=16k,kp<=8k,-0.0228,2
8192,n<=32,sr<=70%,kvB<=16k,kp=0,-0.0077,2
8192,n<=32,sr<=70%,kvB<=1k,kp<=1k,0.224,2
8192,n<=32,sr<=70%,kvB<=1k,kp<=2k,-0.2601,2
8192,n<=32,sr<=70%,kvB<=1k,kp<=4k,0.2045,2
8192,n<=32,sr<=70%,kvB<=1k,kp<=512,-0.1807,2
8192,n<=32,sr<=70%,kvB<=1k,kp<=8k,0.0157,2
8192,n<=32,sr<=70%,kvB<=1k,kp=0,0.4095,2
8192,n<=32,sr<=70%,kvB<=4k,kp<=1k,0.0037,2
8192,n<=32,sr<=70%,kvB<=4k,kp<=2k,-0.017,2
8192,n<=32,sr<=70%,kvB<=4k,kp<=4k,0.2582,2
8192,n<=32,sr<=70%,kvB<=4k,kp<=512,0.0194,2
8192,n<=32,sr<=70%,kvB<=4k,kp<=8k,0.2147,2
8192,n<=32,sr<=70%,kvB<=4k,kp=0,0.0078,2
8192,n<=32,sr>70%,kvB<=16k,kp<=1k,-0.2005,4
8192,n<=32,sr>70%,kvB<=16k,kp<=2k,-0.3587,4
8192,n<=32,sr>70%,kvB<=16k,kp<=4k,-0.1982,4
8192,n<=32,sr>70%,kvB<=16k,kp<=512,-0.2507,4
8192,n<=32,sr>70%,kvB<=16k,kp<=8k,-0.0481,4
8192,n<=32,sr>70%,kvB<=16k,kp=0,-0.2288,4
8192,n<=32,sr>70%,kvB<=1k,kp<=1k,-0.5739,3
8192,n<=32,sr>70%,kvB<=1k,kp<=2k,-0.1515,3
8192,n<=32,sr>70%,kvB<=1k,kp<=4k,0.3416,4
8192,n<=32,sr>70%,kvB<=1k,kp<=512,0.8936,3
8192,n<=32,sr>70%,kvB<=1k,kp<=8k,-1.0671,1
8192,n<=32,sr>70%,kvB<=1k,kp=0,0.7402,4
8192,n<=32,sr>70%,kvB<=4k,kp<=1k,-0.2709,4
8192,n<=32,sr>70%,kvB<=4k,kp<=2k,-0.2702,4
8192,n<=32,sr>70%,kvB<=4k,kp<=4k,-0.1314,4
8192,n<=32,sr>70%,kvB<=4k,kp<=512,-0.0999,4
8192,n<=32,sr>70%,kvB<=4k,kp<=8k,0.2854,4
8192,n<=32,sr>70%,kvB<=4k,kp=0,-0.2239,4
8192,n<=4,sr<=40%,kvB<=16k,kp<=1k,-0.1651,2
8192,n<=4,sr<=40%,kvB<=16k,kp<=2k,-0.0014,2
8192,n<=4,sr<=40%,kvB<=16k,kp<=4k,-0.0191,2
8192,n<=4,sr<=40%,kvB<=16k,kp<=512,-0.0124,2
8192,n<=4,sr<=40%,kvB<=16k,kp<=8k,-0.2216,2
8192,n<=4,sr<=40%,kvB<=16k,kp=0,0.0385,2
8192,n<=4,sr<=40%,kvB<=1k,kp<=1k,-2.9473,2
8192,n<=4,sr<=40%,kvB<=1k,kp<=2k,0.5039,1
8192,n<=4,sr<=40%,kvB<=1k,kp<=4k,1.1012,1
8192,n<=4,sr<=40%,kvB<=1k,kp<=512,0.4448,1
8192,n<=4,sr<=40%,kvB<=1k,kp<=8k,0.7328,1
8192,n<=4,sr<=40%,kvB<=4k,kp<=1k,-0.1805,2
8192,n<=4,sr<=40%,kvB<=4k,kp<=2k,1.8902,2
8192,n<=4,sr<=40%,kvB<=4k,kp<=4k,-0.1229,2
8192,n<=4,sr<=40%,kvB<=4k,kp<=512,-1.9612,2
8192,n<=4,sr<=40%,kvB<=4k,kp<=8k,0.9629,1
8192,n<=4,sr<=40%,kvB<=4k,kp=0,0.051,2
8192,n<=4,sr<=70%,kvB<=16k,kp<=1k,0.3413,2
8192,n<=4,sr<=70%,kvB<=16k,kp<=2k,-0.2393,2
8192,n<=4,sr<=70%,kvB<=16k,kp<=4k,-0.0202,2
8192,n<=4,sr<=70%,kvB<=16k,kp<=512,-0.2016,2
8192,n<=4,sr<=70%,kvB<=16k,kp<=8k,0.1752,2
8192,n<=4,sr<=70%,kvB<=16k,kp=0,0.2665,2
8192,n<=4,sr<=70%,kvB<=1k,kp<=1k,0.3838,1
8192,n<=4,sr<=70%,kvB<=1k,kp<=2k,0.2411,2
8192,n<=4,sr<=70%,kvB<=1k,kp<=512,1.6073,1
8192,n<=4,sr<=70%,kvB<=1k,kp<=8k,1.2234,1
8192,n<=4,sr<=70%,kvB<=1k,kp=0,1.2041,2
8192,n<=4,sr<=70%,kvB<=4k,kp<=1k,0.2321,1
8192,n<=4,sr<=70%,kvB<=4k,kp<=2k,-0.0742,2
8192,n<=4,sr<=70%,kvB<=4k,kp<=4k,0.096,1
8192,n<=4,sr<=70%,kvB<=4k,kp<=512,-0.161,1
8192,n<=4,sr<=70%,kvB<=4k,kp<=8k,0.5195,2
8192,n<=4,sr<=70%,kvB<=4k,kp=0,0.4173,2
8192,n<=4,sr>70%,kvB<=16k,kp<=1k,-0.1805,2
8192,n<=4,sr>70%,kvB<=16k,kp<=2k,0.1731,2
8192,n<=4,sr>70%,kvB<=16k,kp<=4k,0.5745,1
8192,n<=4,sr>70%,kvB<=16k,kp<=512,-0.3289,2
8192,n<=4,sr>70%,kvB<=16k,kp<=8k,0.3315,1
8192,n<=4,sr>70%,kvB<=16k,kp=0,0.0994,2
8192,n<=4,sr>70%,kvB<=1k,kp<=1k,2.1483,1
8192,n<=4,sr>70%,kvB<=1k,kp<=2k,0.6982,2
8192,n<=4,sr>70%,kvB<=1k,kp<=4k,-9.5189,1
8192,n<=4,sr>70%,kvB<=1k,kp<=8k,1.9097,1
8192,n<=4,sr>70%,kvB<=4k,kp<=2k,0.704,1
8192,n<=4,sr>70%,kvB<=4k,kp<=4k,0.7888,2
8192,n<=4,sr>70%,kvB<=4k,kp<=512,-0.1712,2
8192,n<=4,sr>70%,kvB<=4k,kp<=8k,-4.722,1
8192,n<=4,sr>70%,kvB<=4k,kp=0,2.3621,1
8192,n<=64,sr<=15%,kvB<=16k,kp<=1k,-0.0014,4
8192,n<=64,sr<=15%,kvB<=16k,kp<=2k,-0.0031,4
8192,n<=64,sr<=15%,kvB<=16k,kp<=4k,-0.0043,4
8192,n<=64,sr<=15%,kvB<=16k,kp<=512,-0.006,4
8192,n<=64,sr<=15%,kvB<=16k,kp<=8k,-0.0072,4
8192,n<=64,sr<=15%,kvB<=16k,kp=0,-0.0146,4
8192,n<=64,sr<=15%,kvB<=1k,kp<=1k,-0.0707,4
8192,n<=64,sr<=15%,kvB<=1k,kp<=2k,0.0826,4
8192,n<=64,sr<=15%,kvB<=1k,kp<=4k,-0.0457,4
8192,n<=64,sr<=15%,kvB<=1k,kp<=512,-0.0306,4
8192,n<=64,sr<=15%,kvB<=1k,kp<=8k,0.075,4
8192,n<=64,sr<=15%,kvB<=1k,kp=0,0.0687,4
8192,n<=64,sr<=15%,kvB<=4k,kp<=1k,-0.0007,4
8192,n<=64,sr<=15%,kvB<=4k,kp<=2k,-0.0354,4
8192,n<=64,sr<=15%,kvB<=4k,kp<=4k,-0.0528,4
8192,n<=64,sr<=15%,kvB<=4k,kp<=512,-0.0111,4
8192,n<=64,sr<=15%,kvB<=4k,kp<=8k,-0.0267,4
8192,n<=64,sr<=15%,kvB<=4k,kp=0,0.0025,4
8192,n<=64,sr<=40%,kvB<=16k,kp<=1k,-0.0136,2
8192,n<=64,sr<=40%,kvB<=16k,kp<=2k,0.0018,2
8192,n<=64,sr<=40%,kvB<=16k,kp<=4k,-0.0058,2
8192,n<=64,sr<=40%,kvB<=16k,kp<=512,0.0026,2
8192,n<=64,sr<=40%,kvB<=16k,kp<=8k,-0.0192,2
8192,n<=64,sr<=40%,kvB<=16k,kp=0,0.0007,2
8192,n<=64,sr<=40%,kvB<=1k,kp<=1k,0.0774,2
8192,n<=64,sr<=40%,kvB<=1k,kp<=2k,0.0897,2
8192,n<=64,sr<=40%,kvB<=1k,kp<=4k,0.2381,2
8192,n<=64,sr<=40%,kvB<=1k,kp<=512,0.1272,2
8192,n<=64,sr<=40%,kvB<=1k,kp<=8k,-0.2731,2
8192,n<=64,sr<=40%,kvB<=1k,kp=0,0.0531,2
8192,n<=64,sr<=40%,kvB<=4k,kp<=1k,-0.0268,2
8192,n<=64,sr<=40%,kvB<=4k,kp<=2k,-0.0053,2
8192,n<=64,sr<=40%,kvB<=4k,kp<=4k,0.005,2
8192,n<=64,sr<=40%,kvB<=4k,kp<=512,0.0169,2
8192,n<=64,sr<=40%,kvB<=4k,kp<=8k,-0.0851,2
8192,n<=64,sr<=40%,kvB<=4k,kp=0,0.0052,2
8192,n<=64,sr<=5%,kvB<=16k,kp<=1k,0.0045,6
8192,n<=64,sr<=5%,kvB<=16k,kp<=2k,-0.0032,6
8192,n<=64,sr<=5%,kvB<=16k,kp<=4k,0.0101,6
8192,n<=64,sr<=5%,kvB<=16k,kp<=512,-0.0,6
8192,n<=64,sr<=5%,kvB<=16k,kp<=8k,-0.0087,6
8192,n<=64,sr<=5%,kvB<=16k,kp=0,-0.0001,6
8192,n<=64,sr<=5%,kvB<=1k,kp<=1k,0.0757,6
8192,n<=64,sr<=5%,kvB<=1k,kp<=2k,0.0988,6
8192,n<=64,sr<=5%,kvB<=1k,kp<=4k,0.1053,6
8192,n<=64,sr<=5%,kvB<=1k,kp<=512,-0.01,6
8192,n<=64,sr<=5%,kvB<=1k,kp<=8k,0.2723,6
8192,n<=64,sr<=5%,kvB<=1k,kp=0,0.0437,6
8192,n<=64,sr<=5%,kvB<=4k,kp<=1k,-0.0063,6
8192,n<=64,sr<=5%,kvB<=4k,kp<=2k,0.0083,6
8192,n<=64,sr<=5%,kvB<=4k,kp<=4k,-0.0116,6
8192,n<=64,sr<=5%,kvB<=4k,kp<=512,-0.0312,6
8192,n<=64,sr<=5%,kvB<=4k,kp<=8k,0.0751,6
8192,n<=64,sr<=5%,kvB<=4k,kp=0,-0.0022,6
8192,n<=64,sr<=70%,kvB<=16k,kp<=1k,-0.0015,2
8192,n<=64,sr<=70%,kvB<=16k,kp<=2k,0.0196,2
8192,n<=64,sr<=70%,kvB<=16k,kp<=4k,0.002,2
8192,n<=64,sr<=70%,kvB<=16k,kp<=512,-0.0145,2
8192,n<=64,sr<=70%,kvB<=16k,kp<=8k,-0.0544,2
8192,n<=64,sr<=70%,kvB<=16k,kp=0,0.0209,2
8192,n<=64,sr<=70%,kvB<=1k,kp<=1k,-0.1467,2
8192,n<=64,sr<=70%,kvB<=1k,kp<=2k,0.0423,2
8192,n<=64,sr<=70%,kvB<=1k,kp<=4k,-0.2236,2
8192,n<=64,sr<=70%,kvB<=1k,kp<=512,-0.0036,2
8192,n<=64,sr<=70%,kvB<=1k,kp<=8k,7.6508,1
8192,n<=64,sr<=70%,kvB<=1k,kp=0,0.2712,2
8192,n<=64,sr<=70%,kvB<=4k,kp<=1k,-0.0776,2
8192,n<=64,sr<=70%,kvB<=4k,kp<=2k,-0.0065,2
8192,n<=64,sr<=70%,kvB<=4k,kp<=4k,0.0732,2
8192,n<=64,sr<=70%,kvB<=4k,kp<=512,0.0096,2
8192,n<=64,sr<=70%,kvB<=4k,kp<=8k,-0.08,2
8192,n<=64,sr<=70%,kvB<=4k,kp=0,0.041,2
8192,n<=64,sr>70%,kvB<=16k,kp<=1k,-0.022,4
8192,n<=64,sr>70%,kvB<=16k,kp<=2k,0.0322,4
8192,n<=64,sr>70%,kvB<=16k,kp<=4k,-0.0323,4
8192,n<=64,sr>70%,kvB<=16k,kp<=512,-0.0082,4
8192,n<=64,sr>70%,kvB<=16k,kp<=8k,-0.0001,4
8192,n<=64,sr>70%,kvB<=16k,kp=0,0.0114,4
8192,n<=64,sr>70%,kvB<=1k,kp<=1k,0.3559,3
8192,n<=64,sr>70%,kvB<=1k,kp<=2k,0.2895,4
8192,n<=64,sr>70%,kvB<=1k,kp<=4k,0.4543,4
8192,n<=64,sr>70%,kvB<=1k,kp<=512,0.4009,4
8192,n<=64,sr>70%,kvB<=1k,kp<=8k,0.449,3
8192,n<=64,sr>70%,kvB<=1k,kp=0,0.6745,3
8192,n<=64,sr>70%,kvB<=4k,kp<=1k,-0.0186,4
8192,n<=64,sr>70%,kvB<=4k,kp<=2k,0.0781,4
8192,n<=64,sr>70%,kvB<=4k,kp<=4k,0.1846,4
8192,n<=64,sr>70%,kvB<=4k,kp<=512,0.1259,4
8192,n<=64,sr>70%,kvB<=4k,kp<=8k,-0.1433,3
8192,n<=64,sr>70%,kvB<=4k,kp=0,-0.0362,4
8192,n<=8,sr<=15%,kvB<=16k,kp<=1k,-0.109,2
8192,n<=8,sr<=15%,kvB<=16k,kp<=2k,0.0464,2
8192,n<=8,sr<=15%,kvB<=16k,kp<=4k,-0.0183,2
8192,n<=8,sr<=15%,kvB<=16k,kp<=512,-0.106,2
8192,n<=8,sr<=15%,kvB<=16k,kp<=8k,0.1329,2
8192,n<=8,sr<=15%,kvB<=16k,kp=0,0.0681,2
8192,n<=8,sr<=15%,kvB<=1k,kp<=1k,-0.3999,2
8192,n<=8,sr<=15%,kvB<=1k,kp<=2k,0.2094,2
8192,n<=8,sr<=15%,kvB<=1k,kp<=4k,-1.4514,1
8192,n<=8,sr<=15%,kvB<=1k,kp<=512,0.5796,2
8192,n<=8,sr<=15%,kvB<=1k,kp=0,0.8242,2
8192,n<=8,sr<=15%,kvB<=4k,kp<=1k,0.0275,2
8192,n<=8,sr<=15%,kvB<=4k,kp<=2k,-0.2275,2
8192,n<=8,sr<=15%,kvB<=4k,kp<=4k,0.2034,2
8192,n<=8,sr<=15%,kvB<=4k,kp<=512,-0.3702,2
8192,n<=8,sr<=15%,kvB<=4k,kp<=8k,-0.2331,2
8192,n<=8,sr<=15%,kvB<=4k,kp=0,0.2076,2
8192,n<=8,sr<=40%,kvB<=16k,kp<=1k,-0.0554,4
8192,n<=8,sr<=40%,kvB<=16k,kp<=2k,0.0302,4
8192,n<=8,sr<=40%,kvB<=16k,kp<=4k,0.1346,4
8192,n<=8,sr<=40%,kvB<=16k,kp<=512,-0.0674,4
8192,n<=8,sr<=40%,kvB<=16k,kp<=8k,0.0255,4
8192,n<=8,sr<=40%,kvB<=16k,kp=0,-0.0474,4
8192,n<=8,sr<=40%,kvB<=1k,kp<=1k,0.0327,2
8192,n<=8,sr<=40%,kvB<=1k,kp<=2k,0.4332,2
8192,n<=8,sr<=40%,kvB<=1k,kp<=4k,0.2099,3
8192,n<=8,sr<=40%,kvB<=1k,kp<=512,0.4651,3
8192,n<=8,sr<=40%,kvB<=1k,kp<=8k,0.1761,1
8192,n<=8,sr<=40%,kvB<=1k,kp=0,0.0334,4
8192,n<=8,sr<=40%,kvB<=4k,kp<=1k,-0.0296,4
8192,n<=8,sr<=40%,kvB<=4k,kp<=2k,0.5398,4
8192,n<=8,sr<=40%,kvB<=4k,kp<=4k,-0.2505,4
8192,n<=8,sr<=40%,kvB<=4k,kp<=512,-0.1414,4
8192,n<=8,sr<=40%,kvB<=4k,kp<=8k,0.6345,4
8192,n<=8,sr<=40%,kvB<=4k,kp=0,0.1921,4
8192,n<=8,sr<=70%,kvB<=16k,kp<=1k,0.2024,2
8192,n<=8,sr<=70%,kvB<=16k,kp<=2k,0.0495,2
8192,n<=8,sr<=70%,kvB<=16k,kp<=4k,0.2662,2
8192,n<=8,sr<=70%,kvB<=16k,kp<=512,0.0319,2
8192,n<=8,sr<=70%,kvB<=16k,kp<=8k,0.1554,2
8192,n<=8,sr<=70%,kvB<=16k,kp=0,0.0334,2
8192,n<=8,sr<=70%,kvB<=1k,kp<=1k,-1.2941,1
8192,n<=8,sr<=70%,kvB<=1k,kp<=2k,0.559,2
8192,n<=8,sr<=70%,kvB<=1k,kp<=4k,-7.1457,1
8192,n<=8,sr<=70%,kvB<=1k,kp<=512,0.2176,1
8192,n<=8,sr<=70%,kvB<=1k,kp=0,0.2427,2
8192,n<=8,sr<=70%,kvB<=4k,kp<=1k,0.5055,2
8192,n<=8,sr<=70%,kvB<=4k,kp<=2k,-0.2466,2
8192,n<=8,sr<=70%,kvB<=4k,kp<=4k,0.695,2
8192,n<=8,sr<=70%,kvB<=4k,kp<=512,0.0449,1
8192,n<=8,sr<=70%,kvB<=4k,kp<=8k,0.3604,2
8192,n<=8,sr<=70%,kvB<=4k,kp=0,-0.1943,2
8192,n<=8,sr>70%,kvB<=16k,kp<=1k,0.0324,4
8192,n<=8,sr>70%,kvB<=16k,kp<=2k,-0.3929,4
8192,n<=8,sr>70%,kvB<=16k,kp<=4k,0.0935,2
8192,n<=8,sr>70%,kvB<=16k,kp<=512,-0.2364,4
8192,n<=8,sr>70%,kvB<=16k,kp<=8k,0.0115,4
8192,n<=8,sr>70%,kvB<=16k,kp=0,0.1693,4
8192,n<=8,sr>70%,kvB<=1k,kp<=1k,0.4067,3
8192,n<=8,sr>70%,kvB<=1k,kp<=2k,0.6487,2
8192,n<=8,sr>70%,kvB<=1k,kp<=4k,0.413,3
8192,n<=8,sr>70%,kvB<=1k,kp<=512,0.7029,1
8192,n<=8,sr>70%,kvB<=1k,kp<=8k,0.2608,3
8192,n<=8,sr>70%,kvB<=1k,kp=0,-0.3687,3
8192,n<=8,sr>70%,kvB<=4k,kp<=1k,-0.9021,2
8192,n<=8,sr>70%,kvB<=4k,kp<=2k,0.4078,3
8192,n<=8,sr>70%,kvB<=4k,kp<=4k,-1.1451,3
8192,n<=8,sr>70%,kvB<=4k,kp<=512,0.488,4
8192,n<=8,sr>70%,kvB<=4k,kp<=8k,-0.0487,4
8192,n<=8,sr>70%,kvB<=4k,kp=0,-0.3913,2
